time_s,sensor_1,sensor_2
0.0,0.13412469762489845,0.02463669122368378
0.000125,0.11459796526500529,0.01197310296919958
0.00025,0.12462166582720889,0.00022756108860823746
0.000375,0.2447988490972902,-0.006910292764267782
0.0005,0.2175226994801075,-0.026115894211603007
0.000625,0.338153569378925,0.006642705536461791
0.00075,0.2737821116210591,-0.004859903615935133
0.000875,0.23604077420126132,0.0024380618304256697
0.001,0.2879438097360412,-0.02617165685023187
0.001125,0.3335843501408954,0.011370139359775195
0.00125,0.2647491890381096,0.09980028284339644
0.001375,0.270344464027859,0.07001637130333747
0.0015,0.2839405045902627,0.13534389734991076
0.001625,0.2781165010648936,0.16409124048287704
0.00175,0.1167213225409907,0.21415448508490176
0.001875,-0.0216995461367826,0.2620006359358203
0.002,0.014033931280015507,0.22080687117477996
0.002125,0.2107901105456666,0.25573246736715194
0.00225,0.4270522150080183,0.24110209119045975
0.002375,0.44444067639275675,0.26797550307712875
0.0025,0.32868496400024305,0.27664976009149533
0.002625,0.1643538506073802,0.24507887646400925
0.00275,0.1954221739933607,0.24222053762203438
0.002875,0.023686432060621262,0.2566493743560483
0.003,-0.08480877816431638,0.0915321183140712
0.003125,-0.25838900008910637,-0.025714414686497652
0.00325,-0.19486556997289556,-0.01820760193314279
0.003375,-0.1264865830290479,0.2013841659745728
0.0035,-0.12529545887716562,0.38068353768582797
0.003625,0.03797594693309933,0.3587975908755886
0.00375,0.07945630863826458,0.27925443291581054
0.003875,0.03592963466333104,0.17971274536907206
0.004,-0.18055300464799345,0.1363240127965108
0.004125,-0.3447331573266726,0.057689363521688096
0.00425,-0.2593448711008872,-0.1337919526053903
0.004375,0.06446747111381312,-0.2332421955837163
0.0045,0.19455681790309085,-0.18086467870233128
0.004625,0.13773832845769107,-0.08215655933539924
0.00475,0.0916411135305092,-0.11847132673623804
0.004875,0.07857127562273843,-0.045427521533314724
0.005,0.06075014309904598,0.010602073390038167
0.005125,-0.08232803512879025,-0.034685731535617104
0.00525,-0.19254964995758592,-0.202894546254451
0.005375,-0.19152108684788202,-0.2963369587759272
0.0055,-0.055403531691061894,-0.2757642874176048
0.005625,0.04864836843607986,0.01346275065178295
0.00575,0.1007091113693934,0.15119449603718824
0.005875,0.07177377045073176,0.16771678782459984
0.006,0.04415688217713424,0.11077576523944235
0.006125,0.09747508724248072,0.07154515744836175
0.00625,0.025187249160251484,0.03276216623780533
0.006375,-0.26120890816105385,-0.07254974827705551
0.0065,-0.5510996101815183,-0.187376909651174
0.006625,-0.6859162615300086,-0.1637440640544954
0.00675,-0.37993021692090306,-0.013625485604664402
0.006875,0.11931368639769944,0.023682356639414696
0.007,0.34269076210818733,0.04324122056591362
0.007125,0.0561851864891757,0.13723729116455485
0.00725,-0.41307888191450637,0.06470586067224318
0.007375,-0.651898112356504,0.058281987155318
0.0075,-0.5135587569740138,0.022786653570771188
0.007625,-0.3518506318820277,-0.18162675719802937
0.00775,-0.11510048888706878,-0.44808261121291804
0.007875,-0.021610680744548336,-0.6230892172161108
0.008,0.09955451527670081,-0.30464180387419126
0.008125,0.2644636403433772,0.08625181034993588
0.00825,0.4199735890440628,0.2699267342224304
0.008375,0.2456597424200339,0.027295853910707754
0.0085,-0.13458643768766962,-0.4087213589678528
0.008625,-0.32767766368223333,-0.6055202164981681
0.00875,-0.12159989454314601,-0.47538524332567916
0.008875,0.1851297525936408,-0.3121912418962604
0.009,0.3799586786361797,-0.15070011261436322
0.009125,0.3227842073098506,-0.0025801357877098256
0.00925,0.15371530084338897,0.06287568793626815
0.009375,0.04805878184098456,0.2653951529521044
0.0095,-0.03558932283559237,0.342978117133107
0.009625,0.04559136151011093,0.18141165918147986
0.00975,0.08706419055662755,-0.08819891696595074
0.009875,0.20164367154677684,-0.29095979839866803
0.01,0.30720560102023425,-0.15730317127377713
0.010125,0.3493122388317923,0.18119762170218853
0.01025,0.31926194064815766,0.4005465262632537
0.010375,0.14858022339222882,0.2737519084926982
0.0105,-0.07498946439344646,0.13885297789659581
0.010625,-0.16855841064637883,0.006991921275958054
0.01075,-0.1421693492895395,0.027344587865930463
0.010875,-0.025128015509010518,0.10758875423274063
0.011,0.027326565739271516,0.09038651478392423
0.011125,0.18582378900777788,0.2358353561956598
0.01125,0.1902607175892119,0.2802392605321858
0.011375,0.2114523316344111,0.314903976209432
0.0115,0.1485711508719015,0.3581430162940023
0.011625,0.15364159320270637,0.15184931784279732
0.01175,0.16908369798231393,-0.0934910650870149
0.011875,0.13850460848151278,-0.132664404539031
0.012,-0.10074650191382162,-0.10383771082788845
0.012125,-0.11658983883024998,-0.02514561056218669
0.01225,0.05829900191503263,0.06092578487799735
0.012375,0.1892849956352363,0.1324226321600194
0.0125,0.2315163247276095,0.17257349932806348
0.012625,-0.0017971037166562085,0.254351105117021
0.01275,-0.24988215660354893,0.21075285367729116
0.012875,-0.29462736014228424,0.10869435625938012
0.013,-0.13294663792351816,0.24522863941773718
0.013125,0.03388955760562975,0.12084649276295198
0.01325,0.05120249600144125,-0.13049262497463376
0.013375,-0.08088489901073427,-0.09942650150471354
0.0135,0.06789427360404321,0.060939895810952965
0.013625,0.18538303455631797,0.2251918955469457
0.01375,0.27606043386638895,0.21332208312892392
0.013875,0.15660865712606764,-0.012437202850358589
0.014,-0.12011812399901156,-0.2586157248396591
0.014125,-0.32544186255604507,-0.3002297107181783
0.01425,-0.31312278003676114,-0.13916665937343228
0.014375,-0.2490611266796899,0.04000628337220146
0.0145,-0.06081363528086139,-0.0020591795335282016
0.014625,0.015480877158592483,-0.040371118830089744
0.01475,-0.14565010172821502,0.014797433034941842
0.014875,-0.30703877278968084,0.16652278669344292
0.015,-0.46130005852212375,0.2577898004092096
0.015125,-0.5098756945498732,0.1303811983532551
0.01525,-0.3933718457030592,-0.11686600031417371
0.015375,-0.2669374033087247,-0.3092855582314365
0.0155,-0.2036572285187429,-0.3167161691036418
0.015625,-0.08268572691583059,-0.17599296727638292
0.01575,0.03765747351690764,-0.03596269468434353
0.015875,-0.01835007708269025,0.02184678705767631
0.016,-0.18021642277004274,-0.07595557971912263
0.016125,-0.3672593362187392,-0.30750281514126787
0.01625,-0.451232844618788,-0.4284061409736146
0.016375,-0.32574905598734766,-0.44342084260198744
0.0165,-0.24991627452935597,-0.3383346949019204
0.016625,-0.19202440198664242,-0.2578364525583178
0.01675,-0.13176299806457648,-0.1699832177661396
0.016875,0.047075548377459635,-0.08877617382692614
0.017,0.21106551989214825,0.07620467018878291
0.017125,0.32754535967587206,-0.01769742666747521
0.01725,0.27558095816231964,-0.18813574401076164
0.017375,0.3137225536071818,-0.28161717612455284
0.0175,0.2880486527933695,-0.396794497939643
0.017625,0.16498153452107078,-0.3301252047483674
0.01775,0.15304346054225929,-0.2435630644671405
0.017875,0.5225578830284197,-0.17330774722898803
0.018,0.8652511708838674,-0.06123416422570183
0.018125,0.9114896232212295,0.02627903000639222
0.01825,0.45889763993995886,0.19683436083586797
0.018375,-0.12639104526345457,0.2686179886624951
0.0185,-0.44138507741752964,0.3000971777766985
0.018625,-0.290583449314348,0.27989259846099923
0.01875,0.12494074443926456,0.2368395604648076
0.018875,0.2778518959608334,0.14519753754146333
0.019,0.18387683805303087,0.17619386074473875
0.019125,0.07017704714823474,0.4229843056928502
0.01925,0.08430702031295531,0.8145285302778837
0.019375,0.27053964897920674,0.8778135215265916
0.0195,0.3699245214269859,0.4405471868214585
0.019625,0.1831725370320032,-0.16122125776972265
0.01975,-0.20230339766215133,-0.415818415538505
0.019875,-0.421463694923748,-0.26312686015233416
0.02,-0.16466739726504262,0.06454810127630316
0.020125,0.10542746350594492,0.25002438091479595
0.02025,0.18299567711807604,0.18745543440668946
0.020375,0.11584660012526875,0.06910506328481698
0.0205,0.028196567087229063,0.052186350162365114
0.020625,0.037077158943569916,0.2715641412138022
0.02075,-0.21895515814546213,0.33959971178140447
0.020875,-0.45269186972642206,0.06654404926915541
0.021,-0.38692125414896467,-0.22019913637989377
0.021125,-0.1526111351651078,-0.3455579695723166
0.02125,0.16173400318272949,-0.17930637507942984
0.021375,0.34389099919350186,0.10645632206085247
0.0215,0.2948684038420799,0.15473753253761735
0.021625,0.010555614972515295,0.1319082616312075
0.02175,-0.35231287966984104,0.010951096850336989
0.021875,-0.5125026524458622,0.035947094499261215
0.022,-0.24129078206123736,-0.2210941959044082
0.022125,0.10020901762695313,-0.3869717885072186
0.02225,0.25556279788688685,-0.3302468006628091
0.022375,0.22908711670946244,-0.11097010432712004
0.0225,0.10298625749672541,0.13910236338658652
0.022625,0.0726814994689326,0.2881614251044313
0.02275,0.1014338328491808,0.2611576481701839
0.022875,-0.027185318499093836,0.01843947860317847
0.023,-0.40139730794409134,-0.3383118925272004
0.023125,-0.4890601638808451,-0.4331187520104484
0.02325,-0.36132351734110685,-0.2194283383325329
0.023375,-0.11126928064189498,0.12040984401165093
0.0235,0.07436137699059417,0.25588443551976836
0.023625,-0.02236933683944474,0.21282338906415632
0.02375,-0.27169894313369025,0.13976478774355566
0.023875,-0.42230288297499774,0.10004938832405247
0.024,-0.38234882062098663,0.12220229465918495
0.024125,-0.338572137042221,0.019662776617705605
0.02425,-0.4411432791953549,-0.2793359581540483
0.024375,-0.5294215947832416,-0.3974824740358907
0.0245,-0.31007944550729394,-0.3198172050112478
0.024625,0.0726630101409982,-0.15921111178926278
0.02475,0.3917153860609134,0.025427139725675736
0.024875,0.1744003782574601,0.002381950456335738
0.025,-0.2649265133092907,-0.24795202028887012
0.025125,-0.43464598187582265,-0.3804677310455203
0.02525,-0.26237578027785097,-0.4263628926683821
0.025375,0.13345828092968146,-0.362882216083101
0.0255,0.49601769057873896,-0.35634904749939034
0.025625,0.6332593652232077,-0.5012279495457165
0.02575,0.613862572408733,-0.2964242011119745
0.025875,0.517265943998269,0.05322187579752007
0.026,0.3441515104495573,0.3102549634835352
0.026125,0.28763423792286086,0.213431397130562
0.02625,0.25261415927534775,-0.17611842522711083
0.026375,0.041098394350909145,-0.3753852294794859
0.0265,-0.18295756523955173,-0.26159284007701583
0.026625,-0.12197400201952652,0.1336542622208448
0.02675,0.0931629279979132,0.5324933227025859
0.026875,0.47323148680266686,0.5967285668549842
0.027,0.5279843878841146,0.5396993412930263
0.027125,0.23034337246827416,0.4713173424112528
0.02725,-0.10126818557884308,0.29312613482504174
0.027375,-0.13213747694032071,0.2324539712581952
0.0275,0.0012773175442745697,0.19770681775047186
0.027625,0.12670467837588034,0.05468237055791178
0.02775,0.10936014015730082,-0.12809679353615167
0.027875,0.028081476711069555,-0.11149211705334378
0.028,0.04569486193811371,0.1376743183910326
0.028125,0.22179061424499297,0.4092277845113057
0.02825,0.27457995766902393,0.48706286146843725
0.028375,0.10764506242115728,0.22207306145557593
0.0285,-0.2040132402697431,-0.01792730967086697
0.028625,-0.5522342044601939,-0.1065241018151017
0.02875,-0.3679113344290564,-0.002653865743415259
0.028875,-0.09354871637871383,0.07242620940369221
0.029,0.12480959276801716,0.06729154009344174
0.029125,0.2776942096400863,-0.00913940245391231
0.02925,0.26680646391889173,0.053439457953246644
0.029375,0.10761511371444919,0.1730859041847991
0.0295,-0.03944141322737339,0.23884031130554403
0.029625,-0.07022917797121352,0.1373604966672064
0.02975,-0.010106749256367625,-0.24672030888506138
0.029875,0.07716841387130854,-0.5146962913415956
0.03,0.05713604645051019,-0.3663885961156948
0.030125,-0.0030182660040424534,-0.061529557167156426
0.03025,0.07920661151686732,0.1407999002934303
0.030375,-0.008084856257622872,0.2654476612929044
0.0305,-0.14267058838940502,0.28587651155957433
0.030625,-0.25252204210061713,0.09710013829112547
0.03075,-0.34608260889621134,-0.06978359876929173
0.030875,-0.2978025264912258,-0.03818717431384474
0.031,-0.01752253737240936,0.023567876465072517
0.031125,0.05486836578089653,0.09113731735221683
0.03125,0.03875485816441361,0.07887758558302568
0.031375,-0.07050254152276028,0.004031764438378035
0.0315,-0.1292788683032634,0.002188799542841859
0.031625,-0.02333487635526509,-0.031912604309371845
0.03175,-0.10534264615897324,-0.12151415075787256
0.031875,-0.2804013021262722,-0.24867643328594838
0.032,-0.39669351067532455,-0.36597690633697716
0.032125,-0.474829089382768,-0.24576183171473903
0.03225,-0.3362894216840164,-0.029644755425994266
0.032375,-0.1866813399062452,0.07655026591096936
0.0325,-0.1457346789266954,0.025541726643934184
0.032625,-0.265233717046772,-0.12576754672245474
0.03275,-0.45333873973055555,-0.10457670585392943
0.032875,-0.4923303952553083,-0.06985039148643762
0.033,-0.3154140975919342,-0.10616058709775589
0.033125,-0.124600458749434,-0.2051094588327693
0.03325,0.10334706250381853,-0.3298279171975905
0.033375,0.3192783003837092,-0.39194488231472513
0.0335,0.4840272342869471,-0.3261222141124534
0.033625,0.6058457424683863,-0.11971620313423499
0.03375,0.6256683610733087,-0.14689160973888998
0.033875,0.42986270609795674,-0.26285997955843254
0.034,0.051947107549552486,-0.3910886023867426
0.034125,-0.320912685046724,-0.4733777742383187
0.03425,-0.39105791448069055,-0.2853258014411089
0.034375,0.040148353424616416,-0.03776947514050206
0.0345,0.5171760715754763,0.1663387771669102
0.034625,0.5596600950088578,0.3024413840798047
0.03475,0.1674764943964117,0.4340021779951751
0.034875,-0.1381767401555117,0.5610147317725012
0.035,-0.06828454836919537,0.5156448064874742
0.035125,0.1617062910771841,0.41127618333247057
0.03525,0.236696487392472,0.07848119080950791
0.035375,-0.01786209826929866,-0.27452230588096466
0.0355,-0.23842215789107774,-0.31488370789952513
0.035625,-0.17678972842360238,0.029797944758024993
0.03575,0.24377927576015754,0.5217104822903077
0.035875,0.47623675414665073,0.5043375906195592
0.036,0.43879768699273325,0.15555742651903617
0.036125,0.052317428764720446,-0.08096356727637687
0.03625,-0.20696264418512592,-0.05726021599304442
0.036375,-0.36440651622472114,0.17303995835089775
0.0365,-0.16808214071093644,0.20693020255435182
0.036625,0.12241502404909968,-0.12397322614679594
0.03675,0.18265171832797356,-0.2513331728097113
0.036875,0.13837580864092133,-0.13824700276715815
0.037,0.10147804458331544,0.15788921667087463
0.037125,0.161179326636404,0.46302246710051514
0.03725,0.2652863469749422,0.37097087297510284
0.037375,0.11968678303598954,0.11482296536857178
0.0375,-0.037149540047947426,-0.1655360561085202
0.037625,0.04855611452745161,-0.2668787385199312
0.03775,0.24577573466153974,-0.12003305196739299
0.037875,0.3654902000997142,0.09850156340662485
0.038,0.26691425105378846,0.24559031251249946
0.038125,-0.023231464341685368,0.14968869453995168
0.03825,-0.22494865401883543,0.11031935096260172
0.038375,-0.2638622623610424,0.17308936433384808
0.0385,-0.29519328057904026,0.2274159225973555
0.038625,-0.4010340056599691,0.06527089961097703
0.03875,-0.3170043960198747,-0.070176752412819
0.038875,-0.21904636891138793,0.06288902660723704
0.039,-0.1294451689945781,0.2552215310954593
0.039125,-0.1995131660154348,0.3462055871171608
0.03925,-0.1878119293142018,0.24139757436651094
0.039375,-0.12302106835231169,-0.001425584476983055
0.0395,0.0206804180840641,-0.14245515116710497
0.039625,-0.11297388731519373,-0.26530736559752355
0.03975,-0.3552257718158005,-0.2486965126286125
0.039875,-0.4525911969039397,-0.35486427870027504
0.04,-0.20602131428780024,-0.2768733665766305
0.040125,0.15901073748098526,-0.15796889251813745
0.04025,0.31810985593148955,-0.07151681400886328
0.040375,0.08140729005808857,-0.12237567932074843
0.0405,-0.39530195699896503,-0.21922390854842008
0.040625,-0.611719176250839,-0.05713402091763257
0.04075,-0.4763892058882547,-0.0006630631227629651
0.040875,-0.43913992047961814,-0.14152168617299854
0.041,-0.3482470284812834,-0.3177934731386376
0.041125,-0.22035572759472638,-0.35870084754556386
0.04125,0.05757244527438362,-0.21428941760375333
0.041375,0.2588294705840772,0.18216206467470258
0.0415,0.4120609109788375,0.29724465466427846
0.041625,0.3447114109164513,0.04556752368708279
0.04175,0.0049199570572842875,-0.3831214696537017
0.041875,-0.11124417328426765,-0.5265311515383201
0.042,-0.015307599310250086,-0.4850535102786218
0.042125,0.17595546790518254,-0.3750130028043416
0.04225,0.275211040231209,-0.36347115031431537
0.042375,0.3132762866195822,-0.22696489724653654
0.0425,0.18288958816715714,0.10433318409440073
0.042625,0.3629977273496108,0.24947373825501343
0.04275,0.43652789685770677,0.40742782878192174
0.042875,0.21599673721326304,0.32018300366469404
0.043,-0.14817367430025644,0.013940823356892064
0.043125,-0.4042016903016703,-0.10660893427793242
0.04325,-0.2507125722062788,-0.006324185811376045
0.043375,0.2282375359121659,0.1460249380138593
0.0435,0.5221006204317553,0.22434867951494428
0.043625,0.4570695841224088,0.26273893333839
0.04375,0.18832323478957994,0.20884807808703051
0.043875,-0.031043384857848688,0.3360082792555913
0.044,0.02941087784206583,0.4082004593391412
0.044125,0.15663092248650343,0.15321089336376797
0.04425,0.1544661784423065,-0.18584121560984143
0.044375,0.014827619442829823,-0.3037505699355243
0.0445,-0.09931557141617009,-0.1988554146593472
0.044625,0.07441026729512003,0.183576693441816
0.04475,0.16845276820941307,0.5209184260783452
0.044875,0.24355007886950156,0.4732423887347447
0.045,0.2710081789471992,0.14106413908867885
0.045125,-0.025022813767832698,0.005451361424326475
0.04525,-0.42631241156474886,0.06792957783995383
0.045375,-0.5924036695658489,0.1934035310946162
0.0455,-0.40837672477932213,0.15708598604768115
0.045625,0.08966876490048954,0.006250081305951194
0.04575,0.5441865531245901,-0.03793816118814169
0.045875,0.4574493120739765,0.028354405384286824
0.046,0.050782956556468674,0.14719558707185573
0.046125,-0.08319087664674388,0.2906646572885528
0.04625,-0.0709873327832558,0.1868509151700141
0.046375,-0.02216376399387692,-0.09130145935281023
0.0465,-0.07535813788716714,-0.3603171728983182
0.046625,-0.08692013699681762,-0.5141636760534808
0.04675,0.019445199421545063,-0.3713475356000886
0.046875,0.1379558359325227,0.08526089229984067
0.047,0.13149881610636516,0.43289473970810244
0.047125,0.009860526453614174,0.3512048916526646
0.04725,-0.1945978619697614,0.07105501445270665
0.047375,-0.23298232682924475,-0.020822422860290207
0.0475,-0.2985216013996669,-0.05727454275381223
0.047625,-0.26470477796299446,-0.022336940436044356
0.04775,0.03340850528781827,-0.04793885902074404
0.047875,0.26123931881416484,-0.05810034919199279
0.048,0.2772328504716627,0.07308401642612566
0.048125,0.11883759849295891,0.10729837014684258
0.04825,0.035045140060181695,0.05528367993970942
0.048375,-0.05128455579401694,-0.02230401186039108
0.0485,-0.20831806977456438,-0.17035818856148738
0.048625,-0.4464786731480737,-0.21747414958005706
0.04875,-0.5715688864769229,-0.3000731314313577
0.048875,-0.5237107859527804,-0.25355063462518257
0.049,-0.18822142185428742,0.024999918160083897
0.049125,-0.04439562454014545,0.18586623069104022
0.04925,-0.16577110849140853,0.22467649351205748
0.049375,-0.40196249741955453,0.08367319764942226
0.0495,-0.6447479744603315,0.022762094136553408
0.049625,-0.501370712680548,-0.0687600605887668
0.04975,-0.19861229457487692,-0.12064761417164287
0.049875,-0.041583814378618016,-0.3900562446256246
0.05,0.0754791092979344,-0.5219803695106516
0.050125,0.09983432944964159,-0.46324646293497523
0.05025,0.03409346028122173,-0.17227212904774408
0.050375,0.10789985075032246,0.04069114271765142
0.0505,0.1593754373199399,-0.11430503293346427
0.050625,0.11692937029447165,-0.42008138107955867
0.05075,0.15499584614441797,-0.5573801806231943
0.050875,0.16841606474688633,-0.4414469745867642
0.051,0.2181511969131012,-0.20445880569180375
0.051125,0.3516033920601621,-0.0015945863004118157
0.05125,0.35836948597958046,0.07350750643596862
0.051375,0.35792125888652115,0.03292059377308197
0.0515,0.40733263430563854,0.004740215687936594
0.051625,0.39563992542839704,0.1444790276185928
0.05175,0.23534225996220004,0.18557631026721985
0.051875,0.24029642618345037,0.1500362286243773
0.052,0.27475118413300015,0.12174250794976653
0.052125,0.1607720997908037,0.17447073100194804
0.05225,0.05961414711137954,0.22317798663124266
0.052375,0.026509039120911623,0.3033718817879844
0.0525,0.09119512547057981,0.30757533251790337
0.052625,0.2342505609946084,0.28102413890144873
0.05275,0.18260119561604526,0.4013784146999685
0.052875,-0.02663782293444684,0.3747840564068615
0.053,-0.218024413092478,0.14595198149932143
0.053125,-0.22723122107202573,0.17637621434685774
0.05325,-0.18387516353149025,0.3015707332448751
0.053375,-0.0924904117633031,0.13422908296223682
0.0535,0.13471183170086307,0.03069226566831948
0.053625,0.3298116786377246,0.017015957489301337
0.05375,0.40645671221126906,0.030837018027421798
0.053875,0.1918033794804479,0.20825948998564056
0.054,-0.12258709268528431,0.11973111434057265
0.054125,-0.37371365498770764,-0.06508434818983795
0.05425,-0.44917363634764185,-0.17919400042911685
0.054375,-0.19336145610806482,-0.21884379164418108
0.0545,0.16159853828647197,-0.18830934326338736
0.054625,0.1783246365897798,-0.10246711724669821
0.05475,-0.0036108481670788987,0.134721667387333
0.054875,0.006230857094684648,0.30926550413340326
0.055,-0.03792084374376837,0.3688858650342038
0.055125,0.005896256599092845,0.18570945199852873
0.05525,-0.0487145780905483,-0.1343633523185667
0.055375,-0.13458039972591923,-0.3185602264548235
0.0555,0.011867759796340752,-0.4092998869160827
0.055625,0.1415825573353397,-0.1269363834860495
0.05575,0.22793829681007388,0.09995366516097624
0.055875,0.18393963112797104,0.12907638032053673
0.056,0.18382007938037426,-0.045435254709020684
0.056125,-0.1004260763131607,0.026065112880313338
0.05625,-0.4633589264076037,-0.02248521879395014
0.056375,-0.5435985525660507,0.0819496913577474
0.0565,-0.30565508787799645,-0.020269793278427175
0.056625,-0.16903435744895123,-0.06568884350053363
0.05675,-0.1733764975771469,-0.03759935477412312
0.056875,-0.15431239029989563,0.09810626814841679
0.057,-0.26433612204304047,0.1888438863520127
0.057125,-0.2384650371243435,0.20959647243837587
0.05725,-0.23011204288469034,0.11360639506319856
0.057375,-0.31720885111389646,-0.10812494185171163
0.0575,-0.6597465436244344,-0.40968698654959385
0.057625,-0.862088144276527,-0.5067832378525472
0.05775,-0.6020416677377366,-0.32172715227384674
0.057875,-0.07896288301932929,-0.13403431594810078
0.058,0.4001906428962874,-0.18188117040042856
0.058125,0.34414313868134233,-0.1481350001372869
0.05825,-0.061090144178256096,-0.2309440495036976
0.058375,-0.3311818006174808,-0.24222306660689247
0.0585,-0.28777886888143905,-0.1715337279936915
0.058625,0.04465670219674882,-0.2848087231652365
0.05875,0.30070382851258703,-0.5940722548917506
0.058875,0.4459675641450617,-0.7018055373637011
0.059,0.548778171843994,-0.5300081434988066
0.059125,0.7025259480084338,-0.0444182074016467
0.05925,0.7045175005268939,0.3118146669440401
0.059375,0.4247036281292244,0.27678139008451846
0.0595,0.16343663072142148,-0.05450850066966565
0.059625,-0.2002533676913083,-0.2665460154791799
0.05975,-0.3540639726518399,-0.1989694656420687
0.059875,-0.08355009302106037,0.05854035821473262
0.06,0.2874908222585561,0.2790807967119429
0.060125,0.316477635615495,0.39630836269226005
0.06025,0.3742864222161021,0.5323483994832371
0.060375,0.4050412198206863,0.6358188524363506
0.0605,0.5014269532811165,0.6491910732697922
0.060625,0.2581874132215174,0.40030732011833225
0.06075,-0.06432220983980164,0.11573762597211171
0.060875,-0.3196280128509918,-0.14791762796146687
0.061,-0.3882800855029811,-0.27123775376229337
0.061125,-0.14974794726988677,-0.08235498848950003
0.06125,0.3318836365028513,0.23592435493485475
0.061375,0.525760166526019,0.35009918574349935
0.0615,0.368444328841533,0.35067110083822356
0.061625,0.006674280865438569,0.4069444355905828
0.06175,-0.1247349078049333,0.3619987239853786
0.061875,-0.11347360220569319,0.22225964362758346
0.062,0.06769258997706665,-0.11716173514504076
0.062125,0.06827350552331508,-0.329147037317544
0.06225,-0.05039785574172977,-0.38140055246192367
0.062375,-0.12669548443303003,-0.14212665095927274
0.0625,-0.1295009818302572,0.2770950674912987
0.062625,-0.13240911237463251,0.48688471515361953
0.06275,-0.1106826471901786,0.30933375803318325
0.062875,-0.0690582526418815,0.007280166192739171
0.063,-0.07271507567942317,-0.15375268903604108
0.063125,-0.18507660538286122,-0.09759785368909502
0.06325,-0.07228735265102688,0.07345879695231977
0.063375,0.10975945865866328,0.0768510932893605
0.0635,0.1929157991196141,-0.02571439817446865
0.063625,0.01726914994406709,-0.1452649379286146
0.06375,-0.20489990119284973,-0.14625450069632837
0.063875,-0.3487172730994543,-0.08711473814022874
0.064,-0.2925821468179579,-0.07687842619867677
0.064125,-0.1877598381183327,-0.06193709721303823
0.06425,0.012598931824479544,-0.13168735836701614
0.064375,0.1444554023790441,-0.1993976697557246
0.0645,0.06009416119608621,-0.017900534424366826
0.064625,0.11117164327697529,0.08591864696205657
0.06475,0.19044288046370056,0.12767343983972604
0.064875,0.042122626219240435,-0.0057005737605338195
0.065,-0.21550340419454297,-0.20132938255729996
0.065125,-0.35790897437108043,-0.27465472933307183
0.06525,-0.40468966838817205,-0.2716498543977034
0.065375,-0.22920616740819283,-0.20810187202427757
0.0655,-0.04002351557976485,0.05887891263570487
0.065625,0.11822842022809042,0.1721994720157928
0.06575,-0.051423997496656236,0.0805588750256712
0.065875,-0.39898512022926913,0.060018210776398476
0.066,-0.4607204464581289,0.1417989171196456
0.066125,-0.35202176969819415,0.013981840347765872
0.06625,-0.26874680582715993,-0.1420171715442977
0.066375,-0.44763870334528966,-0.3405585321552174
0.0665,-0.5715262343804144,-0.34493768860289004
0.066625,-0.2897262170122567,-0.22179152444093225
0.06675,0.2759303432445326,-0.0055821532910370055
0.066875,0.5925541020163909,0.16735738771948735
0.067,0.5053801819571349,-0.0688952442479226
0.067125,0.19187311874448765,-0.34972924448899695
0.06725,-0.1809904683047999,-0.42602822300774296
0.067375,-0.1652922396047024,-0.3159043510348722
0.0675,0.0911896655179276,-0.28815117344240976
0.067625,0.19266535742103955,-0.42348363352354407
0.06775,0.20645432200561528,-0.5215642736454082
0.067875,0.22953420046827216,-0.2438265706558072
0.068,0.15844768581336258,0.27141888623336324
0.068125,0.16932542261580943,0.5692822124315736
0.06825,0.2935027398352588,0.4897405406252804
0.068375,0.3278816375253734,0.15871486497923204
0.0685,0.16277331556426547,-0.0986120359840286
0.068625,0.004934355120624796,-0.15824066982368173
0.06875,-0.010278445800063424,0.09163405022992313
0.068875,0.16221862064760476,0.20953714862363104
0.069,0.4800102140089741,0.18952332312045686
0.069125,0.661261107515669,0.20073405726151994
0.06925,0.5236452651484189,0.09556736581279213
0.069375,0.12848956897675273,0.18270423135027355
0.0695,-0.1779697219593327,0.2986960120605769
0.069625,-0.16007805919019372,0.2901081889503949
0.06975,-0.06675259098568671,0.2209799082322916
0.069875,0.008079741798782878,0.003602645226707715
0.07,0.0677501960767878,0.025863738355842065
0.070125,0.08241318305657161,0.09685295178372103
0.07025,0.11431214760947532,0.44482922396327856
0.070375,0.1512461952997867,0.6209818816944742
0.0705,0.0868702852191174,0.43111511769571415
0.070625,0.0030862382598502063,0.11637037814003356
0.07075,-0.07703573935103349,-0.17449291195258856
0.070875,-0.252642383903507,-0.1748303893579212
0.071,-0.38216532537493353,-0.02275626218856202
0.071125,-0.19669150856290166,-0.021084051758537253
0.07125,0.16456001174902973,0.07040464407986743
0.071375,0.3031809702369701,0.04155275736307726
0.0715,0.12846542691301518,0.09438485309170028
0.071625,-0.10878633871155464,0.13201542986579187
0.07175,-0.3107919199302692,0.08793063719127207
0.071875,-0.3138154437239472,0.017263962629290103
0.072,-0.3342649313519688,-0.07950260527314405
0.072125,-0.28706113123207855,-0.20780583137449432
0.07225,-0.019888866294743124,-0.39256801045568934
0.072375,0.24994553909167297,-0.1947101278849475
0.0725,0.3406037341582403,0.16383232587079294
0.072625,0.050969663677625225,0.3436686393541663
0.07275,-0.24184090948908857,0.12454943820528319
0.072875,-0.41899153269305545,-0.1051043895754734
0.073,-0.35524187374688154,-0.23578688754201896
0.073125,-0.27869187549378344,-0.3304284918936244
0.07325,-0.1721017886809208,-0.2819456090238261
0.073375,-0.06866108658865153,-0.24899350268085677
0.0735,0.047263273461612465,-0.03982534797328829
0.073625,0.0824864635915736,0.3128888741244619
0.07375,-0.05076409433443479,0.33112670355365814
0.073875,-0.36052857665570504,0.007030283968000891
0.074,-0.5261646570548993,-0.23606685262840418
0.074125,-0.5966539503423129,-0.3874962139513559
0.07425,-0.35280641465377355,-0.3103828855987251
0.074375,0.00538489224272892,-0.21343038298821487
0.0745,0.2098575718400721,-0.1360798622479012
0.074625,0.16217258390423966,-0.09493823181136492
0.07475,0.08914362310648243,-0.0008374428580653572
0.074875,-0.07244725871026812,0.029196898513016992
0.075,-0.08183964526353447,-0.030755662820201386
0.075125,0.02157065510889941,-0.3110747127660332
0.07525,-0.1814870388807897,-0.5019930145910314
0.075375,-0.2759421453256467,-0.5339785541712997
0.0755,-0.16798043224842302,-0.3178709596064758
0.075625,0.23899007908934125,-0.051408846281615246
0.07575,0.5064003866152579,0.14683356094793693
0.075875,0.5778929980826342,0.18525885963828956
0.076,0.4561411321978904,0.05280376210494111
0.076125,0.22987985550450163,-0.08954351136983556
0.07625,0.09943349563417939,-0.061636609453505006
0.076375,-0.13031310903899013,-0.0791806539350716
0.0765,0.06547889196729344,-0.13271916351084512
0.076625,0.3320964334540351,-0.23286573038872033
0.07675,0.3509414392408178,-0.12308825455586925
0.076875,0.18218487414128554,0.1567343963342761
0.077,0.09508642961903585,0.43897652938058557
0.077125,0.35677551721869377,0.4954778494388682
0.07725,0.4637626444718261,0.4380947571697201
0.077375,0.15469574079216414,0.2285791105706507
0.0775,-0.385810526265115,0.031075355549993158
0.077625,-0.4474574972107957,-0.04229777546264027
0.07775,-0.2123006475080819,0.05084292373149999
0.077875,0.1562340387592828,0.28869629046019535
0.078,0.49169598659938235,0.3739308515805059
0.078125,0.40402240078168455,0.17488210698743326
0.07825,0.06754768291951388,0.12221409689754636
0.078375,-0.0941008689620437,0.30014462745909887
0.0785,-0.05343601144402235,0.39399669633039053
0.078625,0.05894065251577538,0.11592998346834228
0.07875,-0.022687705425439596,-0.2848520646639406
0.078875,-0.0820027665465798,-0.4089781224848902
0.079,-0.07999864941330945,-0.16273344968459658
0.079125,0.1270173572914768,0.15193067675380975
0.07925,0.2254830052782565,0.44119191616211423
0.079375,0.08809218162475393,0.3797512417529755
0.0795,-0.22107635264743256,0.05760289651762105
0.079625,-0.4314268559818137,-0.048964169100536865
0.07975,-0.35367562184484125,-0.04903369884603724
0.079875,-0.22042089821836458,0.03118923415898829
0.08,0.03791195476432503,-0.008557631944808578
0.080125,0.15790723146308228,-0.11733098333126926
0.08025,0.23357069963405414,-0.05659149630661289
0.080375,0.3100820479631117,0.1216172965665943
0.0805,0.20323880687047038,0.21619831158036096
0.080625,0.07020127682943654,0.06194479105468683
0.08075,-0.0149489332748992,-0.19701898594957523
0.080875,-0.17554810943611357,-0.35423122124584155
0.081,-0.36051128786996095,-0.36328766485907726
0.081125,-0.33978063790364355,-0.15198294055243447
0.08125,-0.09938718916571787,-0.03039730398517916
0.081375,0.22707671132993265,0.15474587201491463
0.0815,0.24911455465732693,0.23628567009067084
0.081625,0.06260433377295144,0.23608914459528094
0.08175,-0.2824018727367588,0.19226801115009018
0.081875,-0.47545419384629806,0.08007192255956028
0.082,-0.5306232266865902,-0.0441849364565759
0.082125,-0.41121126410746567,-0.18894000896898658
0.08225,-0.3521254404409662,-0.3613179432733886
0.082375,-0.4392571618511769,-0.27201747711248386
0.0825,-0.2907546284421284,-0.06013845590234604
0.082625,-0.021325774984288084,0.19370135141803504
0.08275,0.038378320105409924,0.18159959177356363
0.082875,-0.05511019367944038,-0.006343487899083833
0.083,-0.31266763488568966,-0.2723239239205314
0.083125,-0.367649824268994,-0.48533740965248306
0.08325,-0.21989326392855757,-0.48374612891453117
0.083375,-0.0661659725926388,-0.36608045012205465
0.0835,0.19055742533893552,-0.30472974715667045
0.083625,0.25173361293320184,-0.3976188356693913
0.08375,0.16807699186898545,-0.24590407367077644
0.083875,-0.03032147415529401,-0.03223602276555093
0.084,-0.00029555557775561594,0.05133370114298138
0.084125,0.27131264240064173,-0.13205785886763594
0.08425,0.4313087414526331,-0.23206677443450993
0.084375,0.418317331581171,-0.3263381360377725
0.0845,0.30660402874077536,-0.21996601072408278
0.084625,0.23233049154337734,0.01908597143352802
0.08475,0.3915190657763146,0.15783149250057663
0.084875,0.4625860640906682,0.26257778978557617
0.085,0.24414887413965553,0.0858714133816343
0.085125,-0.08617912286403757,-0.026788039083002937
0.08525,-0.2087297489113713,-0.016910359050854498
0.085375,-0.07838944455992738,0.24194052611622352
0.0855,0.03401966588483993,0.4348059496694239
0.085625,0.14596583887126313,0.417222931274474
0.08575,0.16844873375331407,0.26203174745895025
0.085875,0.21618194108912198,0.24329640253828513
0.086,0.15887383283575002,0.3637397777864187
0.086125,0.029183617663598706,0.44760059793668944
0.08625,-0.07449894067810948,0.20793605337194077
0.086375,-0.06556171045357993,-0.0480094804328131
0.0865,0.11063846506152397,-0.1778497222537101
0.086625,0.2715322203999453,-0.09826805412520591
0.08675,0.43852943487132073,0.10397619162452366
0.086875,0.41500264970409645,0.10660745933400184
0.087,0.23200658598608354,0.1598543240277544
0.087125,0.06585329313736592,0.18859743114666233
0.08725,-0.13720443204175758,0.1235833340276789
0.087375,-0.11120149873820481,0.034131181258800956
0.0875,-0.022157337232412137,-0.1134904482356945
0.087625,0.02702737755682765,-0.03788004451120943
0.08775,-0.02421314937468506,0.09737756920810361
0.087875,-0.13859711405073882,0.22438332697106783
0.088,-0.07901198849881419,0.3709872242101887
0.088125,0.011271916283632399,0.37523702655366975
0.08825,-0.0868014263996042,0.19375918529518352
0.088375,-0.2782951197411306,0.054539310561126014
0.0885,-0.4594126919055168,-0.1693087950967411
0.088625,-0.5301784146819414,-0.14144819959466037
0.08875,-0.2131048505478194,0.014454055110993833
0.088875,0.21614728789780457,0.004762737088871159
0.089,0.520297331602487,-0.0698561053693678
0.089125,0.3458855642277567,-0.1269635144230749
0.08925,-0.06454215517915268,-0.07216364698158101
0.089375,-0.43496055975219566,-0.0008520464822843204
0.0895,-0.28099928999539703,-0.0595657425276106
0.089625,-0.024835476737386102,-0.30520708044715444
0.08975,-0.011651396883773864,-0.4725902761091846
0.089875,-0.2778854766641331,-0.4933719930599968
0.09,-0.4445859907186096,-0.22414887256994517
0.090125,-0.34965489432959707,0.16398529478740614
0.09025,-0.005949079612075556,0.4650200435087198
0.090375,0.16314030137555574,0.3427567441598304
0.0905,-0.18447060238908822,-0.054049470290885276
0.090625,-0.613652106632217,-0.32613827911905774
0.09075,-0.617103042183012,-0.27395199183787955
0.090875,-0.33581833027835556,-0.035023344759809914
0.091,-0.030032411715721755,-0.015464951129941515
0.091125,-0.013811263902698183,-0.2345201055646176
0.09125,-0.18506576629078111,-0.37034676138146266
0.091375,-0.23016882800541794,-0.2680469073015404
0.0915,0.047733511805748086,0.032739631912381204
0.091625,0.24416019815887255,0.10560527624318775
0.09175,0.17507578055503636,-0.19421398557592723
0.091875,-0.07257173492994652,-0.543756233551822
0.092,-0.1895563430356628,-0.5663471415175193
0.092125,-0.1064034019993913,-0.30437545156735424
0.09225,0.1695973194446321,-0.0638270614301684
0.092375,0.34641601858038534,-0.03474694425864232
0.0925,0.5882040812571617,-0.1933205314655018
0.092625,0.5467213632848752,-0.18680744817358652
0.09275,0.22195863174566355,0.022468091250905108
0.092875,0.08911299166958617,0.2409547197332153
0.093,0.17883195892092701,0.1992105566401322
0.093125,0.2698260787360124,-0.02985394530904843
0.09325,0.2962034861000457,-0.1450491602229529
0.093375,0.16386659864508685,-0.0650158661222815
0.0935,-0.06885717337913996,0.09685722290999609
0.093625,-0.0726185600951307,0.3251755760119798
0.09375,-0.021743320982592858,0.5284852921141351
0.093875,0.14671454432356026,0.49167825900358814
0.094,0.1434529293164615,0.21600240946519494
0.094125,0.1302017045547345,0.05036512544996387
0.09425,0.014030874710383782,0.13520787660817296
0.094375,0.05452571699657218,0.2382134978503035
0.0945,0.24154074046717228,0.28005153367975333
0.094625,0.45748225714598156,0.22513345204298885
0.09475,0.32833514055217994,-0.032360901885205275
0.094875,0.08363583233752984,-0.08417571459711436
0.095,-0.20129099599892714,0.02575794500898574
0.095125,-0.21031665470424493,0.08970989142245318
0.09525,-0.06081118342159358,0.14811051845623985
0.095375,0.061090872028423476,0.10148445063265997
0.0955,-0.06301299916872985,0.03560587671683072
0.095625,-0.16867128053005426,-0.007527623734423203
0.09575,-0.01686350584794177,0.21377334160653805
0.095875,0.20998965380951112,0.4614077639350657
0.096,0.18749756293854955,0.3276045839476642
0.096125,-0.04512140209831442,0.043913155247225916
0.09625,-0.4006865913821374,-0.1582351466357101
0.096375,-0.5657572149260803,-0.1707065013474493
0.0965,-0.42442071924265096,-0.011749360391066875
0.096625,-0.158317790082896,0.040223144503750426
0.09675,0.055732566149780706,-0.07361013272838537
0.096875,0.214229464640552,-0.12637870224810407
0.097,0.20296114508441349,-0.0255999476829551
0.097125,0.1841925546938794,0.19020593817898557
0.09725,0.06197116452183657,0.23114695877182526
0.097375,0.01610603303267488,-0.03904682663256882
0.0975,-0.08988732057333558,-0.3258753755576427
0.097625,-0.14994641724214858,-0.4600647103062646
0.09775,-0.09403566047847733,-0.36739959347403345
0.097875,0.015748916213848628,-0.14336494499173966
0.098,0.1632251631815376,0.07349699733407106
0.098125,0.11468952984076089,0.1702782302161732
0.09825,-0.1928456974676156,0.21646486919100538
0.098375,-0.5582162325284813,0.15897559065070754
0.0985,-0.610456911745927,0.1391314525204838
0.098625,-0.30763390020562237,0.008956678712301958
0.09875,-0.04593042021652008,-0.08818087913522148
0.098875,-0.1570374791768879,-0.09691595494949569
0.099,-0.3619134195056579,-0.08053367897958126
0.099125,-0.42142837792210447,0.00775260431920075
0.09925,-0.35943519075107666,0.1658533293707282
0.099375,-0.2671641224039486,0.10661673939255342
0.0995,-0.21092800686977214,-0.13456074594713943
0.099625,-0.24918984810420364,-0.4936403430232869
0.09975,-0.21692595082766516,-0.5398789679893155
0.099875,-0.006064149688899419,-0.2706053107114828
0.1,0.17357334560682372,-0.05414733854860613
0.100125,0.24059872166131938,-0.16891419520403284
0.10025,0.42586053822227576,-0.2860021054583749
0.100375,0.4738123453985989,-0.3944912161520116
0.1005,0.30013294426427656,-0.3426781330875475
0.100625,0.0657490644027977,-0.2412007149654146
0.10075,0.024871870969849302,-0.21658548919473297
0.100875,0.1493614415992184,-0.28234079361671055
0.101,0.23400652329956195,-0.2036434244246456
0.101125,0.08550249267501848,-0.010633987924407697
0.10125,0.06122415111311787,0.15172766914228708
0.101375,0.18405982826011544,0.25750407439515444
0.1015,0.3749310842632974,0.4193120848846741
0.101625,0.4163726977566904,0.47848576764116096
0.10175,0.2661728365719992,0.22198743294465556
0.101875,0.05801061547095495,0.027049723390525533
0.102,-0.12441070261690484,0.009477757149799572
0.102125,-0.19406231801650045,0.1411676188541923
0.10225,-0.04794193167425623,0.20419735868782116
0.102375,0.1861740875855862,0.1293130284021675
0.1025,0.3056964219468914,0.06638745767701174
0.102625,0.2822081151815533,0.17603859847216694
0.10275,0.17195540006094417,0.42443526465752757
0.102875,0.00513782028658102,0.40678812188419095
0.103,-0.2012470863278481,0.25749168240562115
0.103125,-0.2840784983634381,0.06627400013536318
0.10325,-0.16534285149704625,-0.1341941983541771
0.103375,0.21075759446574294,-0.1701580555833941
0.1035,0.6368309149314191,-0.02420929291580093
0.103625,0.6704584720385114,0.13465441677186227
0.10375,0.28487726591741147,0.2324874302112126
0.103875,-0.010062520885221679,0.27628959986740587
0.104,-0.162928083080047,0.2128958927211148
0.104125,-0.2158309616777356,0.053105410636292066
0.10425,-0.38449555547702596,-0.17539630113095836
0.104375,-0.41522676000660275,-0.2588668477217813
0.1045,-0.2217720847014162,-0.17168868505370635
0.104625,0.1500266578726165,0.19119552778993634
0.10475,0.42145241242852366,0.60269789639232
0.104875,0.3793198889211074,0.5851769977265777
0.105,-0.0002275291693570393,0.3130577814426746
0.105125,-0.3629041750398094,-0.0058428989179648595
0.10525,-0.54804343574517,-0.16462739735077833
0.105375,-0.4700274694952036,-0.1717406589757352
0.1055,-0.0818613112684844,-0.3253663787082492
0.105625,0.20371212675813385,-0.3486126894569708
0.10575,0.20815236806690998,-0.19757647240896523
0.105875,0.17096485061789857,0.1368124735560274
0.106,0.09878105286116903,0.39823492989917636
0.106125,-0.12656367003954747,0.3625364829066098
0.10625,-0.23375124780906406,0.05746732467522564
0.106375,-0.2994222365240168,-0.25475236400726164
0.1065,-0.4823760695939029,-0.45101289488463037
0.106625,-0.6085832125238533,-0.38802732942457524
0.10675,-0.3375824475050418,-0.1099768666493415
0.106875,0.024841022385290873,0.17500211917305727
0.107,0.28097290408442194,0.15563680983850953
0.107125,-0.0001719061621960193,0.12459508430199291
0.10725,-0.5149503822723198,0.0745355781792803
0.107375,-0.6983351758288884,-0.10277553352188253
0.1075,-0.4874473498520243,-0.17518109657127687
0.107625,-0.12380915307751145,-0.2547524368958996
0.10775,0.04749631906660954,-0.42715908931386065
0.107875,0.0815304853130632,-0.5777248710466529
0.108,0.2862685929352595,-0.34137914924745294
0.108125,0.2707689866738045,0.05183505716763564
0.10825,0.20931082027996759,0.34615376545259713
0.108375,0.03037964975549098,-0.053901709075005716
0.1085,-0.20870449028543533,-0.47112313001200773
0.108625,-0.3270952648227891,-0.6870429484654146
0.10875,-0.25338692061585466,-0.45475607746139096
0.108875,0.0627000397264331,-0.1423805481291044
0.109,0.4716702239546434,0.030405691174312646
0.109125,0.6577903141336552,0.07765403156894995
0.10925,0.37926704600297556,0.20112725713853327
0.109375,0.2142184083619306,0.2879229669290025
0.1095,0.07241337701283275,0.1645155299056153
0.109625,-0.013787082835504848,-0.011893399137122337
0.10975,0.022223541558709047,-0.1629827067000874
0.109875,0.16641670140767884,-0.2833607342364245
0.11,0.2764536806142056,-0.1843098395541452
0.110125,0.27101080718327747,0.06994968221220783
0.11025,0.24681017368181404,0.43221151934629237
0.110375,0.31005297617659894,0.5568404579465434
0.1105,0.26029159193947005,0.34934790412437244
0.110625,0.010836012046881126,0.25518966417210037
0.11075,-0.28079767649033405,0.10783925611047043
0.110875,-0.3960261949965332,0.018101972548097266
0.111,-0.2646793994541001,0.05253104288883574
0.111125,0.04521684726268987,0.08448241122592119
0.11125,0.23420837303946412,0.1750620095387411
0.111375,0.2917203092936518,0.2558597788898605
0.1115,0.24628790791099764,0.26712570626267684
0.111625,0.18291486478794472,0.2938594223431332
0.11175,0.09184269043264466,0.23870748671163602
0.111875,-0.09460495128454349,0.07930900005935383
0.112,-0.15636048046033127,-0.23763185105713364
0.112125,-0.24169479323157125,-0.33304212139893985
0.11225,-0.17112624583294941,-0.24148476192488463
0.112375,0.15918444109242375,0.11457013405339667
0.1125,0.46585562786213064,0.23164765905897472
0.112625,0.5047038333718724,0.28264007421746484
0.11275,0.4042678527510621,0.24175215004915615
0.112875,-0.01138031879394873,0.14615031548368432
0.113,-0.3303485575985137,0.01750983954913832
0.113125,-0.33251865187465846,-0.06517954030013308
0.11325,-0.03478290436260811,-0.15117156018539382
0.113375,0.13814711586223863,-0.2147216465819411
0.1135,0.04268395921848018,-0.10855627574961145
0.113625,-0.09069503781497364,0.10099938435658459
0.11375,-0.1322928987247987,0.41213227355628473
0.113875,-0.206069766654894,0.5108505437546502
0.114,-0.2700255595852556,0.33554415708149327
0.114125,-0.35446213578761965,-0.004607095349108253
0.11425,-0.34852535325152856,-0.3047745379546675
0.114375,-0.0806974683644608,-0.29204183829899044
0.1145,0.2212203185387405,-0.09343033686443225
0.114625,0.28324376654593125,0.17610662685327344
0.11475,0.04933742452668001,0.06530031451056297
0.114875,-0.2917845562941121,-0.05332177236680178
0.115,-0.5134816578553033,-0.1672217403729289
0.115125,-0.4143509819777878,-0.21709878755158166
0.11525,-0.35855505568437374,-0.23109985883743944
0.115375,-0.3218440917296038,-0.3410573079984175
0.1155,-0.32265449600417345,-0.2824564858851947
0.115625,-0.20951891636482498,-0.09541212705098534
0.11575,-0.04049175832133314,0.1818613559255007
0.115875,0.15113331054496204,0.19566627606428222
0.116,0.07604145438240573,0.0066917020844017286
0.116125,-0.10140558481324372,-0.2546230624467481
0.11625,-0.3093043423806257,-0.4639509851415175
0.116375,-0.4367679117542156,-0.39917977204529026
0.1165,-0.3507409583331767,-0.3298495910382978
0.116625,0.007211396646250115,-0.3562779054622623
0.11675,0.2404809026106768,-0.33905469906787683
0.116875,0.2593873883945508,-0.15240836044586506
0.117,0.1745906018226761,0.012308189751644256
0.117125,0.09050438914976824,0.12999747860153849
0.11725,0.025633845269324513,0.06305273496958126
0.117375,-0.05486789759876416,-0.09642225520541962
0.1175,-0.11415969717725814,-0.28566019719177405
0.117625,-0.05653690838517542,-0.3945407938120233
0.11775,0.1878970717348823,-0.23440448123412694
0.117875,0.5073980287670408,0.03898273986142413
0.118,0.6438752985880485,0.20541542459603834
0.118125,0.5697406078776598,0.22187999635187214
0.11825,0.4170708028069382,0.15991939582351744
0.118375,0.20527155211020212,0.033136104078370775
0.1185,0.06598369704721435,0.034762830507023154
0.118625,0.04615774210169312,-0.05741216723364607
0.11875,0.24226175343217302,-0.12027594266968439
0.118875,0.2468868785480127,-0.011486327722986352
0.119,0.15770374281324723,0.18924848855651896
0.119125,0.11919236457259762,0.4688094937702497
0.11925,0.22937989965374625,0.5806448671110487
0.119375,0.41614267459026516,0.5025686791543276
0.1195,0.284350699898833,0.38085929582529243
0.119625,-0.1802778228142416,0.22278602090068517
0.11975,-0.4456827058097512,0.055212175659026204
0.119875,-0.38028187524239393,0.057243488034216077
0.12,-0.04725178295474516,0.2249908413706428
0.120125,0.2262100442657961,0.24135746725292778
0.12025,0.1546585355782877,0.14313603074612713
0.120375,-0.0999019126392127,0.10849806692772897
0.1205,-0.11519139811023721,0.2234399169518013
0.120625,-0.04466336191907817,0.2953774981479551
0.12075,-0.01839520001163229,0.21489159943722
0.120875,-0.15649627713748163,-0.12957063538362673
0.121,-0.27960015091833806,-0.3864299227173619
0.121125,-0.181801687880635,-0.34728537702209933
0.12125,0.013262432824452372,0.034469886215127046
0.121375,0.3430149147968435,0.24432042195819798
0.1215,0.43463669163761426,0.13370187915000525
0.121625,0.2083395577600479,-0.09931621461039604
0.12175,-0.14889659437597613,-0.15312302622957677
0.121875,-0.35866095608905185,-0.0784998923612502
0.122,-0.39828181371256494,-0.01410936505105879
0.122125,-0.17278874760686513,-0.1892400819539955
0.12225,0.04149100736956935,-0.23087295415468098
0.122375,0.2316649986483966,-0.17788263808333113
0.1225,0.31906608612308035,-0.028016209451558707
0.122625,0.2462632567645495,0.2764870590013828
0.12275,-0.031144942753190123,0.3434683331738027
0.122875,-0.2728255481141098,0.19133011185516446
0.123,-0.4676406233195105,-0.13980070097530553
0.123125,-0.4256256141466917,-0.28480736788830435
0.12325,-0.25197603674843816,-0.3467937826534273
0.123375,-0.03766119763489286,-0.17233247582756475
0.1235,0.10204895999039637,0.10923074888321813
0.123625,-0.09821254568276186,0.23648315112445917
0.12375,-0.3737894438589057,0.2764901605060107
0.123875,-0.43480078352019197,0.18929631552901413
0.124,-0.24936477250987127,-0.03929445782432387
0.124125,-0.19321042797191187,-0.24376955359928512
0.12425,-0.236980084127164,-0.4554773636244443
0.124375,-0.3927721262625334,-0.4008548827376963
0.1245,-0.21862846548889764,-0.24979264375361326
0.124625,0.11119808450735909,0.005673364703187531
0.12475,0.3414375178898316,0.07732599433405254
0.124875,0.16628487685019197,-0.11577835641863708
0.125,-0.3269940869996388,-0.3294176062670756
0.125125,-0.5312693838989527,-0.4122758976493125
0.12525,-0.42002745369024735,-0.2797811900070885
0.125375,-0.07220496443843079,-0.21986483923907832
0.1255,0.256533956776681,-0.30590650424549953
0.125625,0.4961770905105673,-0.36997095114755274
0.12575,0.6067068848848212,-0.21822551079269356
0.125875,0.6674275231142579,0.10629348853394424
0.126,0.590560783327045,0.31547764652125937
0.126125,0.3333741865146937,0.11458767586898926
0.12625,0.23028547326734594,-0.2566274331733026
0.126375,0.0007074860405889346,-0.5243836894675917
0.1265,-0.07378039450782908,-0.4057254049531583
0.126625,-0.10965763819613314,-0.11488881815959064
0.12675,0.15147968984630042,0.213347191283623
0.126875,0.5963044502908731,0.4326207491046432
0.127,0.6916127589387449,0.5207075708924969
0.127125,0.3882560272737311,0.658486725645606
0.12725,-0.23690965629283645,0.47070608771874034
0.127375,-0.713170616552138,0.3289084830000664
0.1275,-0.5573359913433443,0.18225265380718836
0.127625,-0.056451971825687466,0.050488731933779
0.12775,0.43885529799609085,-0.11972066468843567
0.127875,0.43187440751043094,-0.09479405556702682
0.128,0.09476386163395425,0.18983692126658105
0.128125,0.06875260405111894,0.5160875443130669
0.12825,0.22352641492257722,0.6247694911013081
0.128375,0.17036071705661124,0.4132070923365238
0.1285,0.03060259315395353,-0.20995439688130543
0.128625,-0.25007078056464804,-0.5928272093927595
0.12875,-0.2616987920414576,-0.5025218847973172
0.128875,0.03749163422937664,-0.04102407977631979
0.129,0.41999699130588236,0.3687032398166346
0.129125,0.48940697245567827,0.4286218181468432
0.12925,0.18734362818834177,0.17196345384967363
0.129375,-0.12330537629088638,0.06886988668763752
0.1295,-0.2634652988133742,0.22117391288767146
0.129625,-0.1719750396099929,0.22195601429000328
0.12975,-0.16056021051218744,0.039413945163279285
0.129875,-0.05770094652529046,-0.21407783957010357
0.13,-0.16865691937785338,-0.2543854063405888
0.130125,-0.17568904298952315,0.04381347811574813
0.13025,-0.18677497998342665,0.3912444699542035
0.130375,-0.006676807159815015,0.4171654789198798
0.1305,0.10195050004298416,0.17514957490170266
0.130625,0.12770436049183448,-0.12336989091586041
0.13075,-0.09915895741883879,-0.21408057316235848
0.130875,-0.27472820737456166,-0.19640309015700697
0.131,-0.15369426229677344,-0.11799536496131173
0.131125,0.08078144719645573,-0.0502889948206938
0.13125,0.2695725969720763,-0.10997005318475675
0.131375,0.13948974496028133,-0.2076684412094438
0.1315,-0.11878928622575824,-0.1970666951875967
0.131625,-0.37525004908908577,-0.05877462266255083
0.13175,-0.3623704147788777,0.09870747329278261
0.131875,-0.32182963178209295,0.07905801175893888
0.132,-0.3002056951385576,-0.06929459622271608
0.132125,-0.32060730693422534,-0.23155394192806272
0.13225,-0.2228956967071596,-0.06981400564305461
0.132375,-0.2134269440540063,0.05262835075867483
0.1325,-0.2530092834380563,0.23602625600590077
0.132625,-0.31766730404074783,0.12807724459599812
0.13275,-0.3749105591808999,-0.08640424066253598
0.132875,-0.3627925089034518,-0.32020256343929115
0.133,-0.2024179078969687,-0.3104277705290133
0.133125,-0.1030375427828746,-0.25373187460969976
0.13325,0.092555979877345,-0.29495167040628856
0.133375,0.20738262086876,-0.2817220135616454
0.1335,0.2955334239098951,-0.21715808584311336
0.133625,0.3308461388973236,-0.223062293638065
0.13375,0.25443133794819883,-0.2636080451175508
0.133875,0.1804043264673443,-0.29004086344983493
0.134,-0.06795567910921933,-0.3893779719112795
0.134125,-0.17255586942506274,-0.34392607448712026
0.13425,-0.11678472091137462,-0.21971534557466457
0.134375,0.1385047307986973,-0.05039250383789594
0.1345,0.32187937303725334,0.09352722978196525
0.134625,0.4328167454229767,0.2175875562044137
0.13475,0.42994702389553474,0.2638141312405008
0.134875,0.367506488946719,0.2830564656613281
0.135,0.2144910933448938,0.24717572997712636
0.135125,0.04346277535156825,0.14076894520459282
0.13525,0.20343651078703168,-0.07590268991539888
0.135375,0.18048163644801962,-0.1803136600710214
0.1355,0.09417235253267237,-0.11798699791144078
0.135625,0.07635846638268694,0.14255296175273158
0.13575,0.29068458086871446,0.3015549470080839
0.135875,0.5182367303812307,0.35426550038636856
0.136,0.43941204955166674,0.35914231737465163
0.136125,-0.05365441181065346,0.3313132239937795
0.13625,-0.3252325320269657,0.20058838522406533
0.136375,-0.30020457591549077,0.09898747954848754
0.1365,0.08456618341123871,0.13748582861349765
0.136625,0.1630745224545799,0.16234042739969554
0.13675,0.09729225501337546,0.09161641913110873
0.136875,0.017352479894591672,0.0940232207863137
0.137,-0.007282769360478312,0.24941672297882922
0.137125,0.0865798868725381,0.43283225168075473
0.13725,0.12428155332851505,0.36768211347756885
0.137375,-0.05855766755345625,-0.025983593611448516
0.1375,-0.2570101304653486,-0.3347294099496152
0.137625,-0.16874648477251405,-0.19969402696910976
0.13775,-0.08142895500905452,0.03847100827592376
0.137875,0.043411905203428525,0.09857728503078556
0.138,0.08178932037869203,0.08021102756786903
0.138125,0.03235339261626054,0.0197128366055762
0.13825,-0.11969292424209495,0.05299900529757745
0.138375,-0.2717732501108715,0.07548479572146305
0.1385,-0.23132055129619125,0.07827562792546863
0.138625,-0.0551645125174888,-0.08480921526537062
0.13875,0.1422643884330442,-0.22574947836481724
0.138875,0.1417274333533233,-0.20692290813523334
0.139,0.1045275664611487,-0.09834959103796374
0.139125,0.061617546023648335,-0.036204829315801074
0.13925,-0.026907361784812463,0.08349011865300712
0.139375,-0.03606201336920029,0.03539485695594228
0.1395,-0.18645531658952938,-0.12943311499353485
0.139625,-0.47653830193925606,-0.27694452518239443
0.13975,-0.5650143368528291,-0.22634122862360767
0.139875,-0.2712018695744408,-0.026329475828656353
0.14,0.06833644094109995,0.13260239551670794
0.140125,0.2789605026915263,0.12092721299095383
0.14025,0.15385465286936723,0.08897597736623744
0.140375,-0.09193387737097276,0.020294744714993755
0.1405,-0.21809480990675864,-0.06475981987034429
0.140625,-0.3007851052810007,-0.015613465277223836
0.14075,-0.44481840850764576,-0.19939851217288287
0.140875,-0.4658863583484805,-0.43692046254049877
0.141,-0.3994858840663575,-0.5343232987583606
0.141125,-0.14533675885302,-0.22777823181343138
0.14125,0.142941423217592,0.09090212755218398
0.141375,0.3301831648294651,0.26617142690849394
0.1415,0.09263246730389953,0.13562364116663347
0.141625,-0.3209614348964618,-0.1194298513633367
0.14175,-0.5253325635045202,-0.23490323004848657
0.141875,-0.4240069426971962,-0.33874386893386593
0.142,-0.13978414852084073,-0.3707963979026742
0.142125,0.03341919636347428,-0.4143249777159427
0.14225,-0.006334520122252209,-0.38561013544454553
0.142375,0.1767574003360169,-0.17630861173359993
0.1425,0.4893394449760747,0.10832370003069117
0.142625,0.8203792706168308,0.3048841220550105
0.14275,0.8166809836319912,0.08622013840537826
0.142875,0.45642429818521524,-0.271930322527356
0.143,0.20128831818237763,-0.49132437497219655
0.143125,0.13434801928027984,-0.3474179401221886
0.14325,0.15133180860951748,-0.10313713710465022
0.143375,0.022682095292048683,0.005540990610281384
0.1435,0.07875866366368542,-0.024716406725318416
0.143625,0.2826924352182942,0.12868167542506997
0.14375,0.3971619032245161,0.37768571566399733
0.143875,0.3342853727430744,0.760004129460911
0.144,0.08755549063505928,0.7304523331450524
0.144125,-0.11164289832343294,0.4105419320452187
0.14425,-0.09043967434296882,0.16553892319946573
0.144375,0.19025795243216764,0.10102361605100525
0.1445,0.4050157114163692,0.1315998199068083
0.144625,0.2442227639012447,0.04555584270627515
0.14475,-0.13191463984953822,0.1154671835473049
0.144875,-0.2347417303074911,0.29781152640613845
0.145,-0.0804217423113385,0.3592140032461532
0.145125,-0.0630774212661609,0.3159292246987583
0.14525,-0.26451427278494416,0.06373171107692815
0.145375,-0.28420581252491245,-0.0785703005895259
0.1455,-0.17672834999117817,-0.05482263190881081
0.145625,0.11426674378876396,0.1425889682875742
0.14575,0.1793590268407324,0.327301538366489
0.145875,0.1306511342653656,0.18239746741227708
0.146,-0.04608273590699434,-0.14438938178719757
0.146125,-0.08071605242642395,-0.17351205592577887
0.14625,-0.15893013400798878,-0.049087115480496074
0.146375,-0.21345274059820143,-0.07464077414100724
0.1465,-0.11438459676191307,-0.15464473558403447
0.146625,-0.06835874112106272,-0.26733038452489544
0.14675,-0.0035836252343289803,-0.1833799193345315
0.146875,0.17913252096187912,0.08065674492338866
0.147,0.3102748647445787,0.1972815153876989
0.147125,0.16902553735766368,0.103078408098443
0.14725,-0.10007168922638895,-0.07345698896518198
0.147375,-0.28355632179500967,-0.07131500427454371
0.1475,-0.1605543416155565,-0.09296349863393319
0.147625,-0.03301624293632094,-0.1775357168813208
0.14775,-0.023003043226906838,-0.12819530432790677
0.147875,-0.08256075578373799,-0.10089596927710949
0.148,-0.0928210313267913,-0.004686942487430419
0.148125,0.07588450452587278,0.1587851500334936
0.14825,0.2197006811727891,0.2605294972819937
0.148375,0.18508616665897507,0.12818414727664265
0.1485,-0.19425226900745732,-0.08944234651589719
0.148625,-0.4764244829324269,-0.2199364001035322
0.14875,-0.5180195724084823,-0.19625659366666737
0.148875,-0.48431171299245906,-0.03276848584940199
0.149,-0.282781675554425,-0.0127159949158343
0.149125,-0.24946957962649105,-0.09091087998487156
0.14925,-0.28443520199764116,-0.061839961071336665
0.149375,-0.4350061323614512,0.04278081809024648
0.1495,-0.436239180703212,0.21003027082907041
0.149625,-0.18461451416650848,0.1866147737048799
0.14975,-0.06823752064456602,-0.16294114339271393
0.149875,-0.15948851928150964,-0.4356798352665667
0.15,-0.19680523576993073,-0.5283971012251166
0.150125,-0.07166187428868677,-0.45538125877358593
0.15025,0.33505134392367597,-0.2104045434923014
0.150375,0.5374504918566629,-0.20811787405887
0.1505,0.5155856374889716,-0.286865222999878
0.150625,0.20002151319365644,-0.431533562748942
0.15075,0.09563002970136024,-0.38814893213283447
0.150875,0.24776298286045909,-0.18925000687536556
0.151,0.3399895182959129,-0.05898997755931258
0.151125,0.2954415171779911,-0.15035143794181202
0.15125,0.20676691730898986,-0.15630672070082544
0.151375,0.2515167217269468,-0.04965052192729913
0.1515,0.3164241245574636,0.23963748038927127
0.151625,0.34274001957413536,0.4369970182962173
0.15175,0.2415324694933905,0.4687935226244493
0.151875,-0.08027987236355019,0.1505948610704456
0.152,-0.2595492489285837,0.04276469682677452
0.152125,-0.1491760676197322,0.196884521109227
0.15225,0.04682886111383814,0.2886530970190402
0.152375,0.24652094000090138,0.24147999519501098
0.1525,0.1600180030091488,0.21078709759449346
0.152625,0.16530657970731774,0.17384138549443215
0.15275,0.07475738087775166,0.2839532892623759
0.152875,-0.025596558492115354,0.36438412610108006
0.153,-0.08088600048122793,0.20658283037731995
0.153125,-0.05257097308208456,-0.06089644633855016
0.15325,-0.0715985858216448,-0.18266517456981374
0.153375,0.024137994147304005,-0.10647128378209542
0.1535,0.08994414996716127,0.0681997943838003
0.153625,0.321660300132334,0.1829032042004126
0.15375,0.36418530052247233,0.24050595802147404
0.153875,0.21312227210564122,0.12981812493271352
0.154,-0.0033199195535359464,0.12519389489025232
0.154125,-0.10459418473003261,0.02146389854050221
0.15425,-0.03721166119469927,-0.05370761120737615
0.154375,-0.014782033570765817,-0.04262354316476232
0.1545,0.07972559599994894,-0.09346088445625222
0.154625,0.19525419165937397,-0.007297186542570433
0.15475,0.28017429492518,0.09157369486381293
0.154875,0.12215190644044842,0.28486838323515035
0.155,-0.20835381817604068,0.32188552263764064
0.155125,-0.4075335920806688,0.214187653050821
0.15525,-0.42111799253186116,-0.028598997810019185
0.155375,-0.15333473510740794,-0.043031965766561334
0.1555,0.0022059833989607354,-0.08781635359927424
0.155625,-0.045625604947575386,-0.05674143301966092
0.15575,-0.033016703306203966,0.05875296245700239
0.155875,0.015119351985573985,0.23049283007196922
0.156,0.268230909437467,0.25003371018210147
0.156125,0.39484663829510125,0.12346108380495996
0.15625,0.02976174551331668,-0.18250839729999607
0.156375,-0.44055673849406873,-0.40670784268319365
0.1565,-0.733530614711877,-0.3637433544894299
0.156625,-0.6423699429246068,-0.10325221222277495
0.15675,-0.28847987857891166,0.05723190591790213
0.156875,-0.08534272881207458,-0.056862368256642315
0.157,-0.11228168146046148,-0.030193797990404943
0.157125,-0.3044549339839651,0.02238204800590512
0.15725,-0.4990145986230307,0.26407739415772663
0.157375,-0.42396349612204887,0.27642271962808623
0.1575,-0.37402997730640986,0.07663833608050372
0.157625,-0.5497764542572574,-0.38882439148273534
0.15775,-0.5610291904385695,-0.7146605321212228
0.157875,-0.373518316964025,-0.5788716465228197
0.158,-0.06710165429469296,-0.24792649931687868
0.158125,0.1055209154803725,-0.04273858921329338
0.15825,0.21657841760130722,-0.09594997441533096
0.158375,0.2916572190250393,-0.27442571077792527
0.1585,0.3948504363258391,-0.4520838995290274
0.158625,0.5122382866145352,-0.38636191032831246
0.15875,0.39086833615183725,-0.32319902307620135
0.158875,0.17894306056633255,-0.47453620069712654
0.159,0.22480319617147784,-0.555648408775404
0.159125,0.41081655921138777,-0.32274008989897035
0.15925,0.5429260091885771,-0.02051353957139899
0.159375,0.4747892164876549,0.12000698297537098
0.1595,0.21242884047998872,0.13900840320585753
0.159625,-0.05923026974602292,0.24653030484133914
0.15975,0.016679865490816632,0.3837823949640541
0.159875,0.18681758450850958,0.4858679133550353
0.16,0.2707470943694577,0.36061954593569784
0.160125,0.22663073052265728,0.16657556294733974
0.16025,-0.02231806428257604,0.18157557595004692
0.160375,-0.18064484697138158,0.34110298830590746
0.1605,-0.19126969117073012,0.5407604045720812
0.160625,-0.060317589559322114,0.5027307974780355
0.16075,0.060868786378185755,0.1787929299098782
0.160875,0.020301522565780744,-0.05562371416047142
0.161,-0.037462532298373014,-0.009755994903211485
0.161125,0.021951815614140287,0.14582702378581885
0.16125,0.10726878983865865,0.30023865191111704
0.161375,0.18193515828320453,0.19483594826759285
0.1615,0.32590414324906797,-0.009539424641649861
0.161625,0.29044214033770166,-0.15326765155435357
0.16175,0.1414551940354912,-0.1758388349531973
0.161875,-0.009675519022894336,-0.04809489845544723
0.162,-0.0010892541566511172,0.03801100060663452
0.162125,0.1255148916112637,0.02569219927196812
0.16225,0.12931096643779968,-0.006093770219408617
0.162375,-0.16791928956029809,0.01943079584479981
0.1625,-0.17001119688304142,0.10828744596325382
0.162625,0.08165022175182252,0.13903223675804463
0.16275,0.283427449787064,0.22634852284053825
0.162875,0.3140350216210005,0.17822055243689436
0.163,-0.08211922357217932,0.0849735234665812
0.163125,-0.4286927262478661,-0.03632300909743587
0.16325,-0.31722477124735854,-0.00843311697495634
0.163375,-0.029254096771490195,0.11419584477233935
0.1635,0.13482565125205884,0.11753947973532419
0.163625,0.1830067462706042,-0.14478444322592549
0.16375,0.07119387772793902,-0.14275773993532626
0.163875,-0.021304005737675415,0.07945734484131016
0.164,0.0007715211269437849,0.2611296988334509
0.164125,-0.1895301818796308,0.19826315890970878
0.16425,-0.21007894136988475,-0.07496730526365697
0.164375,-0.12309580485305419,-0.40179637180142086
0.1645,-0.15452723701916954,-0.30130604312873266
0.164625,-0.15771198888945903,-0.04344468906908238
0.16475,-0.31631692078197193,0.12709724286496116
0.164875,-0.29629419104984484,0.16247736859629347
0.165,-0.18525376592719867,0.042113535804769515
0.165125,-0.11094320505223491,0.02085138823925346
0.16525,-0.2254753949509655,-0.01983578906264595
0.165375,-0.26471345867770024,-0.1818004349139038
0.1655,-0.34731269201416276,-0.1984518132766727
0.165625,-0.3460748779936737,-0.1197177207540475
0.16575,-0.2772684436939078,-0.1289764984479551
0.165875,-0.2618117646535648,-0.20541560863850308
0.166,-0.1245486638175357,-0.24047760845120544
0.166125,6.592276668411764e-05,-0.26023853475309355
0.16625,0.0515530441681942,-0.19049970022535315
0.166375,-0.17383104101791863,-0.15699831993082228
0.1665,-0.4361684077951406,-0.23661879039346237
0.166625,-0.4145387866344567,-0.29163385107521417
0.16675,0.03774742630871055,-0.2867208319869569
0.166875,0.5583357233185992,-0.25040600394201545
0.167,0.7009216151378759,-0.2740750658090259
0.167125,0.4590604223718257,-0.2292720420167443
0.16725,0.2481552360017162,-0.1430764059490368
0.167375,0.07748157826277868,0.007781625901389384
0.1675,0.004602453293658645,0.07861957192290582
0.167625,0.12782097338230713,-0.15066267627647648
0.16775,0.20903736630337205,-0.39987325134781054
0.167875,0.29278300812921276,-0.37044826870226255
0.168,0.23783067885405842,0.06076098776597353
0.168125,0.3388065451166836,0.5079035619483604
0.16825,0.5423139300326223,0.5593874542719021
0.168375,0.4337856594317101,0.4068223800816855
0.1685,0.1119736736480803,0.15732140033230435
0.168625,-0.22486881585958843,0.08220151544789202
0.16875,-0.2982366534790058,-0.0043505690147466365
0.168875,-0.14917691481345072,0.10186707724874328
0.169,0.017246871826682907,0.2177504713770781
0.169125,0.03758060426908348,0.23854892500664174
0.16925,0.023384199011556247,0.2667014830537901
0.169375,0.19048395548289884,0.3190833015966654
0.1695,0.10527084442349847,0.4357917047984903
0.169625,-0.041977029047236276,0.419259694359414
0.16975,-0.17506768927818672,0.14567693519141225
0.169875,-0.13381803537355802,-0.17212748907612574
0.17,0.007871994477296371,-0.32754183551474486
0.170125,0.2622149860134757,-0.16985845735424246
0.17025,0.33568935575114256,0.025896171363582708
0.170375,0.2991049875194731,0.0330067902346125
0.1705,0.15463290977568317,0.05458442829692005
0.170625,0.09487749533486482,0.11302146163414363
0.17075,0.06482664182739621,0.12441833740978893
0.170875,0.08883090452855505,-0.048100982576765795
0.171,0.06280893624554523,-0.1494709402575231
0.171125,-0.030641326388366006,-0.14154899710835064
0.17125,-0.09385927145097833,-0.01697429926719215
0.171375,-0.06787428321156025,0.11290443101567171
0.1715,-0.05230111082492666,0.33588267211521233
0.171625,-0.02154943753812872,0.24956276221174922
0.17175,-0.034190544108019014,0.17553041208092157
0.171875,0.0032254059542685533,0.08980571903543272
0.172,0.026015312329941285,0.007987490247952785
0.172125,-0.07266133127427729,0.06872447867844515
0.17225,-0.054171169693235044,0.05764111461492807
0.172375,0.026767178769591556,-0.004275027749272272
0.1725,-0.04928846854804033,-0.0419664038619877
0.172625,0.013700383507632844,-0.044629167450026146
0.17275,-0.08092259114610356,0.007709460399517399
0.172875,-0.24101513008389122,-0.01492558475491989
0.173,-0.41832551993830314,-0.05738908941714452
0.173125,-0.3860779012257601,-0.021557182702663196
0.17325,-0.3247598527169173,0.026414945498365636
0.173375,-0.19169749450654117,-0.04215920129063387
0.1735,-0.1449811299218706,-0.02972202791744387
0.173625,-0.18602472881957707,-0.014630594957762854
0.17375,-0.31936008415495365,0.020163967559862106
0.173875,-0.3673512812744706,0.016642244526446318
0.174,-0.37828711888674876,-0.10209509166302544
0.174125,-0.3342410886827192,-0.27061864989422596
0.17425,-0.31909183697355503,-0.3034457947573015
0.174375,-0.2156264249907764,-0.35876988320762887
0.1745,0.02661283226260787,-0.22746240056890465
0.174625,0.17325530890534765,-0.1914175078969867
0.17475,0.2570205803558741,-0.141910391444056
0.174875,0.08237904008897576,-0.19930871031954964
0.175,-0.07851975223959833,-0.24503688533022955
0.175125,-0.051698728317690276,-0.3606622389171239
0.17525,-0.0433230297036104,-0.3782977491056518
0.175375,-0.10337866091134984,-0.3451421161415206
0.1755,-0.1498382341542262,-0.2907156634087131
0.175625,-0.015991327985613275,-0.14044174222070566
0.17575,0.3547654658351578,0.013342929363242276
0.175875,0.5117527556512266,0.2466816660340587
0.176,0.440717057249928,0.1981903161941517
0.176125,0.21618342767757853,0.118103242590452
0.17625,0.08402544269815013,-0.057579268134480326
0.176375,0.13733652435533578,-0.06687899356227546
0.1765,0.36887467885947756,-0.011341911995555875
0.176625,0.47846854637292313,-0.09778981039341236
0.17675,0.342572128381198,-0.13680299721801548
0.176875,0.23007378106139884,-0.015032057126309279
0.177,0.16434383404632735,0.3026802630307187
0.177125,0.19061006179498066,0.48543622424685323
0.17725,0.027242666583808892,0.3541197823684004
0.177375,-0.09162581084991817,0.1779278849179382
0.1775,-0.2221048171657597,0.06215748540626387
0.177625,-0.31730938555601174,0.138729724481227
0.17775,-0.1997587333770804,0.32261405578364677
0.177875,0.17435342174271842,0.43612777855823404
0.178,0.5572087044407082,0.31985199665234676
0.178125,0.5345978206553866,0.17687483523834346
0.17825,0.21397297827024245,0.23888475300654521
0.178375,-0.1714748804218705,0.11758381595255105
0.1785,-0.23104919378058453,0.018657199125359174
0.178625,-0.141282399014069,-0.06346049792077281
0.17875,-0.030441602245111797,-0.1573976894379933
0.178875,-0.02877574567044617,-0.24312716349053462
0.179,-0.06980704218256092,-0.12892028475754524
0.179125,-0.1567057236458915,0.1907990856040051
0.17925,0.006687783073187658,0.5017294551709532
0.179375,0.2100492511772372,0.4976150112605667
0.1795,0.2499751655014446,0.18882854422496978
0.179625,0.047865888919397886,-0.11068218056874796
0.17975,-0.11809723291922371,-0.25259849896100633
0.179875,-0.12486699903825765,-0.1672199724956591
0.18,0.03692939430361099,-0.06551477217302129
0.180125,0.17827891340654647,-0.010679227478703033
0.18025,0.10360989745891774,-0.11863474377439526
0.180375,-0.15864454366757905,-0.1032187965393758
0.1805,-0.25231190680682225,0.039979647439136914
0.180625,-0.10572299789412125,0.15942751567205649
0.18075,-0.004348482954157876,0.20829609207874533
0.180875,0.002493788599131889,0.020721835280246206
0.181,-0.13993766438071464,-0.11006796955496352
0.181125,-0.21235951784270932,-0.1388752885626397
0.18125,-0.04070441452320959,0.047385591797670774
0.181375,0.04115476464942679,0.1741802006846578
0.1815,-0.0312565317485447,0.0664153174500083
0.181625,-0.253994208085129,-0.14104386220850618
0.18175,-0.4023133365132149,-0.22935027069075792
0.181875,-0.46970590287480724,-0.14001754197468852
0.182,-0.4282298731962727,0.034592723000678914
0.182125,-0.3671764183079178,-0.01097437775224591
0.18225,-0.2590169439276152,-0.1716834070678504
0.182375,-0.15172742919011353,-0.1514733668599844
0.1825,-0.09674564746749066,-0.09264704826950948
0.182625,-0.11556962017630995,0.034427825058457456
0.18275,-0.13523620141172904,-0.0800836223797263
0.182875,-0.049881162837167294,-0.22264542496359888
0.183,0.037902523179404166,-0.38099326202746364
0.183125,0.033004616316154804,-0.44831274486402173
0.18325,-0.11683438410623072,-0.38043681264708473
0.183375,-0.17336853589923096,-0.29925701092705675
0.1835,-0.1303012121083095,-0.24071667390238474
0.183625,0.044153493788929354,-0.13889065293493277
0.18375,0.12045554879594302,-0.13335889685741031
0.183875,0.14351290535943753,-0.11495174560816837
0.184,0.08393070593593867,-0.10068761422990007
0.184125,0.0035283099278407243,-0.019022982810134554
0.18425,0.038934287154295345,0.12213420762038614
0.184375,0.3574498448540333,0.015318058494200763
0.1845,0.6306174604631354,-0.1038596059742415
0.184625,0.6458392871656669,-0.18467437090141722
0.18475,0.5039779077409334,-0.09468941031941834
0.184875,0.17245349216242728,0.022455658988693953
0.185,0.07432243660134234,0.12924182331124867
0.185125,0.0743576425630714,0.11901328093776943
0.18525,0.12860014145331547,0.09286752943510772
0.185375,0.18402259262898257,0.026775032314102387
0.1855,0.27798837264625365,0.03851508525153252
0.185625,0.2719790421063739,0.35242475884336427
0.18575,0.23702235973643168,0.5955610889707192
0.185875,0.23004969032889208,0.6030484680111646
0.186,0.20246303486154282,0.4542599583464323
0.186125,0.14709522481027806,0.17847566375469492
0.18625,0.06972865206262269,-0.00639940640816156
0.186375,0.05077823332183018,0.039525848974198266
0.1865,-0.04445036674106169,0.05060353423771603
0.186625,-0.1648301953709255,0.2059349632417496
0.18675,-0.22169161448296731,0.24123469736899902
0.186875,-0.16751520530236447,0.20955966399801532
0.187,0.07586251036252602,0.24348039652550668
0.187125,0.10789001147921448,0.17021067711664165
0.18725,-0.08775204154817802,0.17137357503320982
0.187375,-0.22210423997540285,0.1427653997599607
0.1875,-0.16963800419566696,0.07564978992052897
0.187625,-0.06498628666751641,0.03813751199793885
0.18775,0.020011604168873057,-0.05928988172913017
0.187875,-0.08782960648608917,-0.1569518892795426
0.188,-0.15180704568316855,-0.2282847716523039
0.188125,-0.10550901997099535,-0.13002356888632605
0.18825,0.06749890099254349,0.028462839951482154
0.188375,0.20712322096320313,0.1027897319990922
0.1885,0.08114982536692973,-0.03907780135749939
0.188625,-0.11021989560098598,-0.17264062903237898
0.18875,-0.09889125248132744,-0.16628912388057296
0.188875,0.062265866427498644,-0.024399491125758784
0.189,0.09251685555170278,0.04240990033337709
0.189125,-0.011689620040863354,-0.10831508266143422
0.18925,-0.1751175111726899,-0.18834477296179283
0.189375,-0.1976259569906204,-0.1188137106881681
0.1895,-0.10929247676224209,0.09670848434346631
0.189625,-0.12021569742742975,0.13548266090244748
0.18975,-0.2514549885085309,0.0839210651721482
0.189875,-0.37128226824536675,-0.12377099049130734
0.19,-0.3410718429032705,-0.08542674799173956
0.190125,-0.15495258470692255,0.034795670545148774
0.19025,0.18984742114640102,0.08889003204209632
0.190375,0.31229835823152585,-0.013490459814390262
0.1905,-0.006471312066137199,-0.09913094121371276
0.190625,-0.38500163463801734,-0.2154480866122874
0.19075,-0.5583930651196007,-0.12247457211955008
0.190875,-0.48627855612530274,-0.10511987905897362
0.191,-0.24166441950877116,-0.18687931567341307
0.191125,-0.1361989374222848,-0.3167949084505203
0.19125,-0.19508344602602157,-0.35752951622568574
0.191375,-0.3216035332860711,-0.15072951618925032
0.1915,-0.31682698051669417,0.197465269539984
0.191625,-0.024574860753284133,0.21789010613052917
0.19175,0.22171809142404128,0.03132960047119354
0.191875,0.3447653575901501,-0.36290794826139167
0.192,0.2177562543873754,-0.5132148893698063
0.192125,0.03739554753737878,-0.4272724116393661
0.19225,0.046537722789854186,-0.24397653367074515
0.192375,0.4562766548349164,-0.1410087380934631
0.1925,0.6714144746454068,-0.1767553764903515
0.192625,0.7637704995266132,-0.28811988604331146
0.19275,0.4906832937495595,-0.2895051519049726
0.192875,0.023381562469085418,-0.06973124244951988
0.193,-0.1467982368757989,0.25831581468772147
0.193125,-0.05361451030645882,0.3112707283708021
0.19325,0.14315121886953328,0.23631502117059422
0.193375,0.2413292316299174,0.037909263883460324
0.1935,0.12356502903653867,0.10940568423381777
0.193625,-0.1535905707552275,0.36565081018577544
0.19375,-0.1967412428823772,0.6118526467518691
0.193875,-0.07785278229697945,0.5857577047004092
0.194,-0.09000543776840822,0.4418482768012775
0.194125,-0.05102437697599774,0.0050245411422773206
0.19425,-0.08313002163721768,-0.1371374334114024
0.194375,0.054022255604882205,-0.03354529379130071
0.1945,0.25486128308663303,0.15596593753622798
0.194625,0.4297187158550092,0.21733564963778945
0.19475,0.448504962633619,0.059699096761318786
0.194875,0.38856976802040577,-0.10513125499186039
0.195,0.3144582632929737,-0.10256837242426112
0.195125,0.2814922834592223,-0.0022362447548967
0.19525,0.12621540151731755,0.0008265360946306653
0.195375,-0.08669486684667874,-0.10203975746248098
0.1955,-0.2486508889031518,-0.08248092803240671
0.195625,-0.27401475933171676,0.03866514948080593
0.19575,-0.11850935713574408,0.2396119070439528
0.195875,0.05741089033255927,0.3953278335011815
0.196,0.035192623099347765,0.41585798566075577
0.196125,-0.16796733553842927,0.3412453873454724
0.19625,-0.39677407872554354,0.2985639367729994
0.196375,-0.3158066963452748,0.20534749369463584
0.1965,0.0165730055470943,0.08555702494354525
0.196625,0.2922729657361884,-0.0940215327272214
0.19675,0.2520132509271792,-0.21023156911310578
0.196875,0.014393708933089246,-0.25460227727054424
0.197,-0.09828448209260637,-0.13296516936579747
0.197125,-0.07485119288580076,0.06348717677879397
0.19725,0.047858485354782335,0.07503611200463993
0.197375,0.09200040152673805,-0.12765759959292491
0.1975,-0.03251576338715393,-0.32988961509296383
0.197625,-0.26928161717626486,-0.23481183684308762
0.19775,-0.3392494557841725,-0.012134130736410025
0.197875,-0.22931687802813724,0.1603827862809614
0.198,0.008542116467428537,0.20286435115609186
0.198125,0.018122821409770538,0.025499493803228336
0.19825,-0.33971612840408527,-0.059454928944262644
0.198375,-0.6880017448619397,0.016022249859032108
0.1985,-0.7173479654897461,0.08683668070669598
0.198625,-0.504524818966994,0.08388614430299976
0.19875,-0.22245288286320739,-0.06617678158534768
0.198875,-0.14985201368662182,-0.2853552817620953
0.199,-0.15245735442874753,-0.295356940280114
0.199125,-0.050832580289284675,-0.15165267594910994
0.19925,0.15226714712704698,0.019956074279547074
0.199375,0.08882665624920116,-0.0025409217325429055
0.1995,-0.051210847958550305,-0.29949720802457974
0.199625,-0.1335445485145361,-0.6329727277224105
0.19975,-0.05759791608319399,-0.6544341934405578
0.199875,0.032044492243855284,-0.4654704997439308
0.2,0.043315286821606715,-0.19424350311969016
0.200125,0.007857083808116718,-0.08909794449381837
0.20025,0.06760464966897743,-0.14332387152227855
0.200375,0.19576568122984164,-0.044400891649609996
0.2005,0.15064395441390652,0.09452121455978926
0.200625,0.0987424183125275,0.06548923589133106
0.20075,0.028577279042226966,-0.08208509515124111
0.200875,-0.054863369663063065,-0.14202649828393493
0.201,-0.03392867351162439,-0.04660010549493748
0.201125,0.1920110315182856,0.04391419106067678
0.20125,0.5107577109293349,0.0758597350405782
0.201375,0.615163915415838,-0.03387328502918765
0.2015,0.49959073314981967,0.06949166706094576
0.201625,0.23125184348005973,0.1512067285008875
0.20175,0.08870745869232907,0.20544975294158058
0.201875,0.23052761149123693,0.09409309030008178
0.202,0.31301080515575436,0.020017287978779504
0.202125,0.22072213158260745,-0.10444392861557213
0.20225,-0.03167020179503951,-0.03659409467112553
0.202375,-0.2442995193744788,0.16855764124944406
0.2025,-0.2470306993875409,0.4184171241734205
0.202625,-0.22984011844125607,0.5582493496825428
0.20275,-0.03302011819960834,0.43607973583683285
0.202875,0.1494557054507139,0.11255812322752105
0.203,0.13571493171727142,0.0747674586465871
0.203125,-0.05875264777413423,0.17930984269572514
0.20325,-0.0941277249271009,0.2969968162340692
0.203375,0.09376736926869708,0.2435705889516325
0.2035,0.5716046746358716,-0.004666781215853923
0.203625,0.6096042652463503,-0.2433277199397481
0.20375,0.31324088464124555,-0.26048049328390593
0.203875,-0.09731120193893661,-0.16907028923244327
0.204,-0.22673161526118651,-0.015173693595574784
0.204125,-0.12884847299399252,0.10977212439802997
0.20425,-0.2202976756307699,0.09989249186279281
0.204375,-0.3404416219295188,-0.04799946286931014
0.2045,-0.1680042914519104,-0.07400289476801848
0.204625,0.14457995052567932,0.153684229208255
0.20475,0.3582503275033446,0.4815218441614133
0.204875,0.24684278269909532,0.6016351979254191
0.205,-0.011606223872539116,0.3244911183422636
0.205125,-0.07938789528992309,-0.11979184343184564
0.20525,-0.014699374992880224,-0.16856778294955554
0.205375,-0.024789645413535302,-0.11648255141695843
0.2055,0.004243215417179613,-0.20544456203595698
0.205625,0.04718762937330065,-0.2869876435343413
0.20575,0.01377264507893219,-0.16735743573678571
0.205875,-0.10239394437798506,0.15996115763301216
0.206,-0.24017870407639744,0.32216385092576233
0.206125,-0.2884512666826109,0.2443717571375256
0.20625,-0.2627148114551635,0.018953485528724095
0.206375,-0.15660890440373496,-0.08276705732559814
0.2065,-0.18344121407592034,-0.04118144503950544
0.206625,-0.30349382883206244,-0.029066133081012385
0.20675,-0.18540012108785264,0.0012817538404038729
0.206875,0.011116869873016876,0.02197314726217657
0.207,0.07986253927979406,-0.016269328152420406
0.207125,-0.1641206321806803,-0.08715580461444075
0.20725,-0.5347387217577998,-0.18589871451655768
0.207375,-0.6605564372033149,-0.2870145779467486
0.2075,-0.5527977979246779,-0.2823707704958083
0.207625,-0.2767508200412329,-0.1651415480245193
0.20775,-0.2044732141831399,-0.2659444366710704
0.207875,-0.09836275394185044,-0.2987972962487952
0.208,-0.025372023102112673,-0.1939475129947293
0.208125,-0.0008156858764839361,0.025487161168658734
0.20825,0.07945055376184275,0.09421851132082978
0.208375,-0.026713222590359065,-0.16053736833078627
0.2085,-0.2449588614059219,-0.5011538870320879
0.208625,-0.3199089310191408,-0.6041246156154112
0.20875,-0.07951283414287273,-0.44741902026330016
0.208875,0.41146075328803716,-0.2644364208011923
0.209,0.7304940893512308,-0.19895263245800013
0.209125,0.6307660929663401,-0.13352745462269522
0.20925,0.41151791446132074,-0.06287510785558023
0.209375,0.3470336505046428,0.01823590346860043
0.2095,0.3680270942442159,0.06802360394683703
0.209625,0.27650895295335687,-0.03604661799676976
0.20975,0.2523914288702821,-0.18993948723807386
0.209875,0.12677775590522952,-0.28802801832809033
0.21,-0.011515516955378969,-0.051871898052648906
0.210125,-0.08490774387857597,0.32094400044722665
0.21025,0.02498855479202298,0.6702255591144198
0.210375,0.24319033939682094,0.5594704042849928
0.2105,0.4138377427931714,0.39944019229610317
0.210625,0.2892579942645525,0.2686015783806864
0.21075,0.03473477847918654,0.3031771204695128
0.210875,-0.20651571003222025,0.24084160001525312
0.211,-0.06252390012253511,0.2130557101961966
0.211125,0.1293187297528046,0.08469619236959121
0.21125,0.3121865548871955,-0.024094558300732045
0.211375,0.33234320546613116,-0.0820167308339532
0.2115,0.33150623265849444,0.020205247833537446
0.211625,0.289538839930287,0.23555515156392673
0.21175,0.2532290708657411,0.3409832845169847
0.211875,-0.04082944375198486,0.2844021692043861
0.212,-0.28360855819126424,-0.02848380353773898
0.212125,-0.341892693278737,-0.19470433803004267
0.21225,-0.03174756776858946,-0.0663229584580516
0.212375,0.19868003304591367,0.15664584272495083
0.2125,0.07575759201480864,0.2548984053815273
0.212625,-0.21867807781603268,0.28236239286157283
0.21275,-0.32178788075797826,0.2532470610336652
0.212875,-0.160208104049303,0.26810455954126716
0.213,0.018502734905629332,0.249712656000623
0.213125,-0.0518512837645859,-0.006850135472779268
0.21325,-0.14378909680786323,-0.302000367373191
0.213375,-0.21917815784417538,-0.26473745777796975
0.2135,-0.18063955117283834,-0.0669895261406394
0.213625,-0.10246623269374841,0.11356765659784622
0.21375,0.045350635057553025,0.10358289494117452
0.213875,0.11709391633691017,-0.22757400904544467
0.214,-0.04512384278061564,-0.35174141530324915
0.214125,-0.21029707637482747,-0.13615180570237784
0.21425,-0.0737044289384012,-0.06381690026757353
0.214375,0.16694192469461988,-0.04835206160730175
0.2145,0.27815466066197597,-0.19052435228193135
0.214625,0.09404357898838876,-0.2483281277173349
0.21475,-0.15597570151735649,-0.19676994230438016
0.214875,-0.23024789751119798,-0.10345259340333698
0.215,-0.17264570666536738,0.01726107828155003
0.215125,-0.17515240232616153,0.09869327070747068
0.21525,-0.3329759315837892,-0.05099796671965677
0.215375,-0.423565623886547,-0.1506512431174735
0.2155,-0.4396303522084694,-0.13590975281302328
0.215625,-0.3860669529818281,0.09905026799669163
0.21575,-0.16542605814378294,0.23363310202362433
0.215875,-0.10405701545203656,0.14641353814137753
0.216,-0.0804122673300698,-0.1876686377752557
0.216125,-0.14095080115674669,-0.2075122464361355
0.21625,-0.28050848417764085,-0.16027029522220196
0.216375,-0.3294208293150727,-0.10787097798188718
0.2165,-0.15558462466243325,-0.2870622421500199
0.216625,0.05693738183608069,-0.3881518631383257
0.21675,0.28422010255922037,-0.43437234508590167
0.216875,0.2544712279883044,-0.296517140722509
0.217,0.29528587340789825,-0.16185351970631506
0.217125,0.2864702438762832,-0.07258869426888072
0.21725,0.2720522987660017,-0.049592551046771516
0.217375,0.18845668649431016,-0.1483738714689392
0.2175,0.06505001174635809,-0.24327827650588071
0.217625,0.12504599274182007,-0.2807823291360701
0.21775,0.2811588783012431,-0.1635326662512412
0.217875,0.45088851257484563,0.08766597373069025
0.218,0.4039561753556341,0.24306951030518803
0.218125,0.11808819420468954,0.2676607101983736
0.21825,0.06929769557522227,0.21614926677810356
0.218375,0.0940806828261853,0.24405083287204543
0.2185,0.11301008588213833,0.23290188323897534
0.218625,0.042200597281914776,0.1365149897409018
0.21875,-0.018514196798344977,0.02255452389717135
0.218875,0.06748781252072358,0.08422430778267709
0.219,0.28467199698254414,0.33243764852546237
0.219125,0.4408481745706594,0.3560613710372481
0.21925,0.32180436160468456,0.23491634514233103
0.219375,0.26067564214741235,0.12417176275503863
0.2195,0.019884811409605106,0.05543865112027259
0.219625,-0.24760009284926732,0.06574883958007609
0.21975,-0.28714907615474294,0.10961863001400546
0.219875,-0.029401384398334916,0.058649466237300864
0.22,0.256110191805322,-0.043596570766754904
0.220125,0.40193824323836924,0.025527507589649924
0.22025,0.2432510206757524,0.29255559937663805
0.220375,-0.05276573528519047,0.3583009440880504
0.2205,-0.19500751545569023,0.34793903790552766
0.220625,-0.10733290122853063,0.18271703375131876
0.22075,-0.05024320502077018,0.015935030509383497
0.220875,-0.10567197528060458,-0.2553052219746314
0.221,-0.0946846085816969,-0.2589922410636441
0.221125,-0.013840961316761128,-0.013290617808547952
0.22125,0.023503057539130835,0.23795989149509175
0.221375,0.060998732530432455,0.3569730858286055
0.2215,-0.013602892085027149,0.24036754617316208
0.221625,-0.18533108540786983,-0.053254186522185325
0.22175,-0.33623093864610715,-0.1820802837377868
0.221875,-0.2350352825497109,-0.07976167474744436
0.222,-0.0701742058610187,-0.05644728912974364
0.222125,0.03209235674521951,-0.09477158384404923
0.22225,0.17938393713832346,-0.0648932511866931
0.222375,0.25106880759755484,-0.040772402596330866
0.2225,0.13194975633876846,0.013519765083621502
0.222625,-0.043651580106063834,0.053434871884514554
0.22275,-0.23766029014306292,0.004378674098608724
0.222875,-0.30028647702135614,-0.16333513049247636
0.223,-0.1856554612900798,-0.27518895468838667
0.223125,-0.20643431219219915,-0.20331318002746707
0.22325,-0.1541503554925671,-0.17901152189495215
0.223375,-0.03600939857754031,0.005081459708019927
0.2235,-0.052955577029825174,0.14381896624053248
0.223625,-0.14829091131230068,0.2035850079751239
0.22375,-0.2068604941325306,0.11235251177640013
0.223875,-0.19914548502929,-0.05916383504666625
0.224,-0.21235523639259607,-0.1935172265858854
0.224125,-0.2810092193331521,-0.2773939288241178
0.22425,-0.39143902234457634,-0.20049570033100259
0.224375,-0.32771669605041576,-0.19784174209032687
0.2245,-0.3098740744748437,-0.10291692963342641
0.224625,-0.24205418740589324,0.014862827486884505
0.22475,-0.08237927653920853,-0.057715706188565925
0.224875,0.18455215465891045,-0.13150988687623336
0.225,0.3269997719766593,-0.17923944125812746
0.225125,0.14377714815228781,-0.17017901286745307
0.22525,-0.25235539738875445,-0.1744634976226976
0.225375,-0.32972478219428614,-0.24574666753123325
0.2255,0.03137825091471817,-0.29286889788591386
0.225625,0.5127903864116374,-0.294112372742026
0.22575,0.6827432466828149,-0.23804586644505893
0.225875,0.48291230062995105,-0.1966358863761497
0.226,0.2571741221945661,-0.058741368599921365
0.226125,0.13777665918555937,0.14703523635308818
0.22625,0.0926414010020656,0.2812176824035773
0.226375,0.05795563789912567,0.13428403926355842
0.2265,-0.018639823381639945,-0.22499510426467087
0.226625,-0.034054430047039924,-0.28626591542536833
0.22675,0.13977429203443875,0.05835227031863102
0.226875,0.2018524856062199,0.4638230750643148
0.227,0.26521193859314574,0.6280359324193441
0.227125,0.2559332614294451,0.46227274370832544
0.22725,0.11154957621274901,0.22028457905882182
0.227375,-0.039830010357230904,0.13235544183117395
0.2275,-0.19137599850209985,0.08006777410725063
0.227625,-0.11854583293362146,-0.027396502552428453
0.22775,0.05787246928693762,-0.006452310316633791
0.227875,0.09109395837982699,-0.013189976413379876
0.228,0.08042130279781232,0.1154877105199612
0.228125,0.1244009300858334,0.19824703653501852
0.22825,0.17833855456550177,0.18240863951168163
0.228375,0.19865539746155159,0.2276593481232792
0.2285,0.024256923827557755,0.14265787027404037
0.228625,-0.1944972585942423,-0.06080573860161156
0.22875,-0.1654697796502907,-0.13112286849443752
0.228875,0.1315385504691962,-0.11434529635886397
0.229,0.34122352064515127,0.004190352578593473
0.229125,0.3241184440723883,0.10250985258750735
0.22925,0.2681517429986425,0.1050288144350559
0.229375,0.04625558726529442,0.11211252789139903
0.2295,-0.11753212335279699,0.15642750015557874
0.229625,-0.1523689161912235,0.12713771463947895
0.22975,-0.13519205901524603,0.04100813224282142
0.229875,-0.07580348332155491,-0.1269479895706212
0.23,0.01869540349470366,-0.17044538189823927
0.230125,0.08220332577349071,0.09542724392062636
0.23025,0.16884920946519383,0.2975919394023751
0.230375,0.14035181923592044,0.3187478864543125
0.2305,-0.010616353195189979,0.17805734409191565
0.230625,-0.14168540925322953,0.03690779426456455
0.23075,-0.38566781344744505,-0.11618263031607416
0.230875,-0.34048786164849065,-0.13309141627785287
0.231,-0.08874302658444216,-0.13847299001220897
0.231125,0.3315602198007187,-0.048724442548795044
0.23125,0.4283241980409671,0.01177858420499383
0.231375,0.20456951925933742,0.05080161973895451
0.2315,-0.19031741075657893,0.11654628437140818
0.231625,-0.5267742837850474,0.14801931394152643
0.23175,-0.5764911446913659,0.03612671218799276
0.231875,-0.48377196580871834,-0.17578616918463544
0.232,-0.44496879274176093,-0.28963566569699783
0.232125,-0.5881873624630164,-0.3109900009792525
0.23225,-0.5272082859456815,-0.09503861544034639
0.232375,-0.4689018363280257,0.2682358177550167
0.2325,-0.22295409910183273,0.38495898451301147
0.232625,-0.10420145672606912,0.16629068341946904
0.23275,-0.0941040105001115,-0.2398257303254243
0.232875,-0.14532079321279173,-0.5199018654490912
0.233,-0.2549644675300346,-0.5234320213324786
0.233125,-0.08415228054841244,-0.4334549831739902
0.23325,0.11643143305112685,-0.3999541820262295
0.233375,0.2296810499024211,-0.5366401298887162
0.2335,0.22031233862739766,-0.47601786503694726
0.233625,0.09508695535227722,-0.36466556478834256
0.23375,0.08419107712898789,-0.21993337796579607
0.233875,0.14310234697267737,-0.08677233402115811
0.234,0.26834534245783664,-0.1005703475431559
0.234125,0.21050176765742937,-0.16596211163001853
0.23425,0.14269258450816577,-0.24872217003763403
0.234375,0.2378080654606245,-0.09171635030468739
0.2345,0.34439329292382537,0.13286558400255505
0.234625,0.4693482709009852,0.23335338691359908
0.23475,0.4063830773650636,0.2184401195445928
0.234875,0.23304143702035732,0.12285731708080642
0.235,0.007434410928231422,0.06455051128730283
0.235125,-0.03255520414191051,0.15455818821730605
0.23525,-0.039677930505286466,0.2565445073965586
0.235375,-0.06186548833009324,0.22888078319986396
0.2355,-0.0567266907181811,0.1394184726759582
0.235625,-0.005658830441697205,0.26232160728802106
0.23575,0.2552386571539611,0.34604503722607755
0.235875,0.548367013958379,0.4083451065427227
0.236,0.469034629873919,0.35509096469448215
0.236125,0.17152615121229814,0.2213695447686044
0.23625,-0.0868288593543257,0.012953192429925613
0.236375,-0.04812777710822668,-0.062029749596893335
0.2365,-0.015303241614381208,-0.0822336558255104
0.236625,0.03834609985605856,-0.04829992598288661
0.23675,0.07027017633209737,-0.057833750699415
0.236875,0.19097450596185023,-0.020811676793572376
0.237,0.24786409086805622,0.2475043520533093
0.237125,0.06732396028904197,0.490971646784462
0.23725,-0.12416195075392984,0.4309075076629306
0.237375,-0.2882095036781338,0.1749628343928988
0.2375,-0.2988909039675604,-0.006864462090168274
0.237625,-0.12732886021789352,-0.08972891466917886
0.23775,0.02827161569084756,-0.02257233645948318
0.237875,0.17595188933631278,0.04085032601340967
0.238,0.20095676203992663,0.07306158587654493
0.238125,0.0527985384483986,0.23518507589629215
0.23825,0.0296100188619502,0.2171533182376102
0.238375,-0.08234900447346352,0.03646485552641309
0.2385,-0.20574977912146303,-0.07935609478407574
0.238625,-0.1883280069507127,-0.2711702746910872
0.23875,-0.11526816373531013,-0.2939512342934379
0.238875,-0.059923191337139116,-0.10931440249362682
0.239,-0.07788232372944848,0.04989769910145017
0.239125,-0.10019940422760268,0.16291996807325376
0.23925,-0.13359761653137237,0.17948285936772496
0.239375,-0.12675019003196017,0.12889106586234614
0.2395,-0.053506457229318787,0.016322931582279026
0.239625,-0.11381866130875616,-0.049580370555375286
0.23975,-0.22186831256264297,-0.17772329914526894
0.239875,-0.222280497634372,-0.16506163506982824
0.24,-0.15830898977992008,-0.16460723864042767
0.240125,-0.13307304721976002,-0.06101909860165334
0.24025,-0.24469431836675154,-0.06621111780677204
0.240375,-0.34860180234509563,-0.06134833739499486
0.2405,-0.343580737788724,-0.15877012999898585
0.240625,-0.3315794032844757,-0.1011931177774719
0.24075,-0.3647928019032919,-0.04926461358277613
0.240875,-0.29868414356798395,-0.06277915111215926
0.241,-0.34732888213946395,-0.18674347416157994
0.241125,-0.11539110121795078,-0.2141209962368072
0.24125,0.08840310784946019,-0.15646618096799966
0.241375,0.27683146531692815,-0.11924244488912457
0.2415,0.23001920628448075,-0.20733075365631518
0.241625,-0.058424563314989866,-0.2821746516742934
0.24175,-0.32643280207421677,-0.3266900496778315
0.241875,-0.3154764675271271,-0.33347456764112987
0.242,0.03179638830203903,-0.26491587272395517
0.242125,0.4808847446498257,-0.2850165189680057
0.24225,0.668842424644248,-0.29146894049740246
0.242375,0.36723643314562465,-0.14593623299869057
0.2425,0.17279474556072064,0.05328234853473094
0.242625,0.1879714504278444,0.21235429099196626
0.24275,0.43521526891306106,0.253105518150845
0.242875,0.5159163646596447,-0.01911147057879293
0.243,0.18773779926674394,-0.32666785044333463
0.243125,-0.17827392157358324,-0.3321323069394023
0.24325,-0.15624130893418237,0.00017076360558763418
0.243375,0.028114275038614828,0.4940379814672783
0.2435,0.2560891502667305,0.580960704672022
0.243625,0.2847738844015872,0.3344623469783203
0.24375,0.18901410160264015,0.10754816594171858
0.243875,0.0836032256298716,0.12811147720372498
0.244,0.09722272262608367,0.3858527956452602
0.244125,0.17107249580699938,0.4400005502595859
0.24425,0.13118069331263832,0.1673458339115735
0.244375,-0.11920603268205839,-0.12045254758901364
0.2445,-0.22399378875151688,-0.08584738075659698
0.244625,-0.07816431104460257,0.037502100552989914
0.24475,0.10567153364961471,0.23462984507531365
0.244875,0.18817044350572518,0.26446306956452464
0.245,-0.010748232174717303,0.17947548106031755
0.245125,-0.18451907243423787,0.08599786745530091
0.24525,-0.21893086545752216,0.06490230300761828
0.245375,0.086924119508969,0.11695043024908616
0.2455,0.4820161086661797,0.08723284038578635
0.245625,0.48261723159229414,-0.06891380063934135
0.24575,0.12012825300394533,-0.21270029167094778
0.245875,-0.1919484848964964,-0.124634831158534
0.246,-0.05619152542827066,0.12552279720487358
0.246125,0.19877734402452857,0.15024972427562347
0.24625,0.167594627146914,0.014972439509126545
0.246375,-0.13079494350359494,-0.2282948708079947
0.2465,-0.39915464635949305,-0.1773823715194256
0.246625,-0.20006924453096503,0.10867008562043641
0.24675,0.22891528137566278,0.4490883388308735
0.246875,0.40186046672651643,0.4743264556790652
0.247,0.05232735572660516,0.09359483186767063
0.247125,-0.346113930304565,-0.17294745786299331
0.24725,-0.37944159904665814,-0.036370087480609485
0.247375,-0.14302341033585853,0.18535482132920733
0.2475,-0.021036793269183285,0.15689661548651596
0.247625,-0.10040525286889292,-0.12104576103206444
0.24775,-0.31488871961005566,-0.3695958650075385
0.247875,-0.30206622310613174,-0.1711920183603327
0.248,-0.02866187203221106,0.2112355327540164
0.248125,0.13515560144037747,0.34550337389384417
0.24825,1.936681065496336e-05,0.030049373410739776
0.248375,-0.19089517214922555,-0.2987829460663754
0.2485,-0.2957224471444398,-0.38745119316894944
0.248625,-0.2871900531230418,-0.1627135347828736
0.24875,-0.38303908986129154,-0.017180816083617382
0.248875,-0.3683723770884566,-0.1244134507136294
0.249,-0.3285440291277812,-0.29727837986507594
0.249125,-0.18952776645409347,-0.21041260932745393
0.24925,0.02445937190051285,-0.0064670760525708795
0.249375,0.045727189885409227,0.11133537068051928
0.2495,-0.09952288026928753,0.03885472109418479
0.249625,-0.36904277679671915,-0.1558086609856693
0.24975,-0.34375451048781125,-0.26764486806085575
0.249875,-0.22028075193169677,-0.25312851965193633
0.25,-0.030860215302972182,-0.27689808432038066
0.250125,0.12136911677951424,-0.40721721062378513
0.25025,0.06254260227889338,-0.2908344226143622
0.250375,0.09439717496926574,-0.17649716324379705
0.2505,0.15695989154842577,-0.007582244266490568
0.250625,0.22690305127337962,0.06851197001443457
0.25075,0.26718731002684776,-0.08401575167296635
0.250875,0.28109931419475637,-0.34034560460368835
0.251,0.35929493501432497,-0.37565440509467773
0.251125,0.3689269722685266,-0.20928653795896143
0.25125,0.22870382983247597,0.0028355868928361012
0.251375,0.20269611777366217,0.051281550442884835
0.2515,0.20411439872571302,0.11892341981030838
0.251625,0.23022614898325844,0.1155938579914302
0.25175,0.07631655836870495,0.10983875645039079
0.251875,-0.015190606460949467,0.2123092016166233
0.252,0.050103790459150324,0.22980053859304322
0.252125,0.22691118346066652,0.3007546352495979
0.25225,0.327706051919679,0.348470055017297
0.252375,0.3863634203992968,0.32096863839286
0.2525,0.3488832777646696,0.23094014401590401
0.252625,0.3115334365475896,0.18620718242189105
0.25275,-0.04237321090837459,0.19470174343784352
0.252875,-0.17835046916580466,0.16695953087314644
0.253,-0.05610874454260236,0.056746372646364986
0.253125,0.08999953837594685,-0.00029149640949989865
0.25325,-0.027701880309171596,0.04684981011931027
0.253375,-0.06051287219268886,0.22051062113005718
0.2535,0.01165013694869812,0.3145344419190189
0.253625,0.06021194723109805,0.3445799990788556
0.25375,0.03933250788711967,0.3791940043719536
0.253875,0.05543338987498806,0.2896269758828492
0.254,0.10203297353575311,0.0016825610239573508
0.254125,0.07429591486297174,-0.13809631185296345
0.25425,0.06955480729468289,-0.05019253059430745
0.254375,-0.05332685423497808,0.07849584229977652
0.2545,-0.09099000983558712,-0.01196608087036759
0.254625,-0.1804841386854864,-0.04343749838599169
0.25475,-0.11452735309631598,-0.05830044035397256
0.254875,-0.05651293899412688,0.024310059881181668
0.255,-0.09151947514093932,0.027061013536464045
0.255125,-0.03392945124138248,-0.011423344151407371
0.25525,0.0017238249948024005,0.06333900987654574
0.255375,-0.030155452874450168,0.0902002093842732
0.2555,-0.20563404043435446,0.03724734919108562
0.255625,-0.3184302368948677,-0.031325673196393095
0.25575,-0.23512976664142657,-0.11707393890194619
0.255875,0.03731917216113715,-0.156525432143832
0.256,0.25586829182203624,-0.1180656265654993
0.256125,0.15295397769131702,-0.05154492008371525
0.25625,-0.04729864466483429,-0.025336894290783916
0.256375,-0.19200862666653112,-0.10081697821314592
0.2565,-0.22433526498142473,-0.020814770769061915
0.256625,-0.14488051793488704,-0.022832783937316956
0.25675,-0.21032058814367002,-0.16386152114754096
0.256875,-0.2496783685046277,-0.32009166582465143
0.257,-0.20045397914992577,-0.24438451310791862
0.257125,-0.10210236371900948,0.009515046293928683
0.25725,-0.2129295341552962,0.22250972634177088
0.257375,-0.430158929673183,0.16920219861276756
0.2575,-0.6401165016450265,-0.08595061529094054
0.257625,-0.5600909686074784,-0.15133706708781347
0.25775,-0.32873109367503217,-0.14795971138786984
0.257875,-0.08722584623428808,-0.14863998167005305
0.258,-0.012083573532694805,-0.2250153694009543
0.258125,-0.01606772706223063,-0.2396329339242774
0.25825,-0.062413125182262094,-0.16032521595721053
0.258375,-0.09144156517192406,-0.0615804808085091
0.2585,-0.10381220912111053,-0.22357697760817907
0.258625,0.09294091108479,-0.4234617144652618
0.25875,0.15458361601466106,-0.590422020926588
0.258875,0.14632881159133054,-0.4873935775809996
0.259,0.12595314839870964,-0.2566451564318249
0.259125,0.21405925950883922,-0.0646040877346391
0.25925,0.3713852803295677,0.029335213330527337
0.259375,0.6113172325294207,0.015512984305297987
0.2595,0.4933018432829375,0.01892444952306882
0.259625,0.2684909283575765,-0.0744724795571187
0.25975,0.13247556498550966,-0.06006087349621017
0.259875,0.19864260387322066,0.06803452247024964
0.26,0.4796741749074131,0.16156375722579955
0.260125,0.42083674520319553,0.20609538213771392
0.26025,0.08494186906769267,0.10756723114931303
0.260375,-0.049284860750456475,0.1700444449705548
0.2605,-0.06556705222347195,0.39110817868848297
0.260625,0.1428161329604094,0.5160165693011723
0.26075,0.2615635313984927,0.4030175723282867
0.260875,0.21505590905483904,0.18911409882058408
0.261,0.022611303880478002,0.11938080051205144
0.261125,-0.055556760284126615,0.26895601071607184
0.26125,-0.006279840248230071,0.4067084068566462
0.261375,0.2415951358321039,0.3546558780791826
0.2615,0.23878578285047108,0.09278957380934766
0.261625,-0.01793937236117215,-0.07288972216025351
0.26175,-0.24348540521815093,-0.04183172542213378
0.261875,-0.21831274628936792,0.09660226077016641
0.262,-0.036087941130248276,0.2132548669663162
0.262125,0.04211439813870389,0.16781277134349848
0.26225,-0.06646380278111633,0.0223040850918354
0.262375,-0.22079395652507414,-0.07417980093563564
0.2625,-0.19094891359373542,0.021616540938905544
0.262625,0.05672533930305842,0.16018680643984268
0.26275,0.1675504267542264,0.24106755975328012
0.262875,0.08758152911980714,0.03658364495391245
0.263,-0.16965952778792479,-0.28758055746899286
0.263125,-0.3073024432657683,-0.23315732294658892
0.26325,-0.1826954433568882,-0.05863305140910752
0.263375,0.2500462168192032,0.012955745331038295
0.2635,0.46506558055034813,-0.06365243875497925
0.263625,0.3339305810337065,-0.17012057924837862
0.26375,-0.06302589889906082,-0.16159701013586267
0.263875,-0.303286635827308,0.013897159322471288
0.264,-0.37336672067035753,0.14980300808285762
0.264125,-0.35556041297655006,0.06709971417742648
0.26425,-0.35422231997004866,-0.16772197757355686
0.264375,-0.2783504627303569,-0.3048262347987927
0.2645,-0.15519723251007198,-0.1775162219442976
0.264625,0.09870755562459302,0.24004557641421018
0.26475,0.12155612685086131,0.3694962052702808
0.264875,0.03135072015614929,0.3125914302671778
0.265,-0.13916657616062708,-0.06936101332938349
0.265125,-0.3154435611203389,-0.32932246604979964
0.26525,-0.3767617267408852,-0.32472496027876135
0.265375,-0.2636075873417139,-0.2893792032432071
0.2655,-0.04647251132048478,-0.32593753642117146
0.265625,0.033463071232505956,-0.22088749460887505
0.26575,0.025831036098781165,-0.08118434884425131
0.265875,-0.17678168185648338,0.08675232235939281
0.266,-0.25952469148145896,0.09591059265162745
0.266125,-0.2101209709578824,0.0006899439340733843
0.26625,-0.1934504476441501,-0.1745832799516147
0.266375,-0.2643510054026701,-0.26839288571852293
0.2665,-0.31793222917063435,-0.3087918382418865
0.266625,-0.10067932514647261,-0.2744401262683539
0.26675,0.1647444707868703,-0.049566072112354684
0.266875,0.3347235936743671,0.014491041956805808
0.267,0.28946746657857064,-0.060919076158693006
0.267125,0.19262461882005552,-0.17455828693446482
0.26725,0.15682342090421034,-0.24596953942642938
0.267375,0.07447292730430839,-0.16019297637200666
0.2675,0.03686256429474491,-0.17703645173301413
0.267625,0.10022358888127943,-0.22614801644751825
0.26775,0.24394412453494416,-0.3063883251221054
0.267875,0.309260661530534,-0.158406772022103
0.268,0.12373376763296917,0.10793608106645243
0.268125,0.08226280429689019,0.2870219762632683
0.26825,0.18129224926129314,0.2616771972390196
0.268375,0.28128684890280653,0.12617670799269742
0.2685,0.2070755371381073,0.11984355757501983
0.268625,0.09051424767052844,0.07744351278243211
0.26875,-0.03451909031523752,0.039619904814779894
0.268875,0.05677778364804056,0.04098798598707282
0.269,0.15609643765885262,0.1692208458446196
0.269125,0.24380001082636352,0.2655571201391708
0.26925,0.15274543586228775,0.17846151250208314
0.269375,0.010976569764251312,0.08519145005682062
0.2695,-0.035697514029480244,0.16152985023464164
0.269625,-0.044139020334012825,0.2452177951635854
0.26975,0.1418270463335785,0.22124930770547388
0.269875,0.3165690725050385,0.061115137131844646
0.27,0.2932715278716636,0.0014273819676068958
0.270125,0.11450991376006196,0.034138607821957205
0.27025,-0.02694752098639298,0.14276438477867087
0.270375,-0.027086611741463165,0.19595155329192787
0.2705,0.028529135589807283,0.14455010761818876
0.270625,-0.0026156088392425966,0.01469409746776739
0.27075,-0.06974173900105479,-0.05908783756332507
0.270875,-0.11208301142231562,-0.02037413132385722
0.271,0.017537364800576764,0.13121459845787806
0.271125,0.006604019925919962,0.2585071416386029
0.27125,-0.013840146516401683,0.26480088748998587
0.271375,0.09776915661246258,0.09224607715908416
0.2715,0.025774461413597995,-0.056189153617861434
0.271625,-0.04901915875556055,-0.02589068017103578
0.27175,-0.08281297087772549,0.025910967594387317
0.271875,-0.15851185504755255,0.040588371911664235
0.272,-0.28468702586119243,-0.05475293922709856
0.272125,-0.3079755776782378,-0.10291384327681911
0.27225,-0.14271243821937774,-0.04395321432873292
0.272375,0.19029663309333691,-0.014901786133753037
0.2725,0.31217177051632655,-0.011136513326057218
0.272625,0.22163404732921144,0.03429898011157032
0.27275,-0.04540335591106674,-0.015342607366526432
0.272875,-0.30958809652441843,-0.03628050690996565
0.273,-0.22210068996543877,-0.09365222888208197
0.273125,-0.13553242911827523,-0.16013087284153737
0.27325,-0.09610143239839561,-0.2213170812601875
0.273375,-0.0750432756803465,-0.27137547436721404
0.2735,-0.03681470035926533,-0.1132608339408777
0.273625,0.01484939055126904,0.08188651563136182
0.27375,-0.08326886303324506,0.2963242538172676
0.273875,-0.3924394653841018,0.1747627707710457
0.274,-0.6464152689329141,-0.05925881201159755
0.274125,-0.6326544963755376,-0.2603097825479886
0.27425,-0.394613577771926,-0.2713627741809146
0.274375,-0.1560171074998666,-0.09667264600241837
0.2745,-0.057354604378862604,-0.06768132567076693
0.274625,-0.06511654090649087,-0.05570123982980014
0.27475,0.0019225900084881454,-0.008332854719802033
0.274875,-0.016451814871773968,-0.010832541863062126
0.275,-0.13076518582125113,-0.08891230787845728
0.275125,-0.2410963157874097,-0.40448171734882465
0.27525,-0.14492796589997914,-0.5982300830001415
0.275375,-0.04012873596443075,-0.554038603195175
0.2755,0.1361468614496569,-0.32384850809780275
0.275625,0.2542891841591234,-0.1401451518170452
0.27575,0.4577204123148237,-0.058789675491707015
0.275875,0.6387965184771732,-0.06620600475737357
0.276,0.5644254413438571,0.020743950074030716
0.276125,0.39444356791096286,-0.04450943335030508
0.27625,0.20565909764007845,-0.09023974879136906
0.276375,0.1598628632650418,-0.20801214439763424
0.2765,0.17596016703019457,-0.18345116606551162
0.276625,0.3167920116940971,-0.0974074378771999
0.27675,0.26295690834023827,0.09735483951831297
0.276875,0.1830292680482847,0.25141571012205943
0.277,0.09409249735510883,0.39888250120923785
0.277125,0.05751642000095887,0.5627504503396441
0.27725,-0.01959104755661781,0.5564960517240504
0.277375,-0.04722117501714971,0.3168054227045901
0.2775,-0.15602348010089415,0.2550886362362869
0.277625,-0.20270714228814465,0.1491190461488482
0.27775,-0.06633292575309667,0.1733942482192911
0.277875,0.05661806433389521,0.2844357997160265
0.278,0.028672728988558483,0.2550846578998643
0.278125,0.06992494880082921,0.14257045715415298
0.27825,0.18964274122897554,0.09476056898393348
0.278375,0.13843265237609312,0.05899742071463432
0.2785,0.0486925213545266,0.0697615613809649
0.278625,0.02385091277973591,-0.06209510585931912
0.27875,0.060001705739505674,-0.15907130275439724
0.278875,0.06346902450681434,-0.1855556320206363
0.279,-0.05268134653669433,-0.019173069588915154
0.279125,-0.1603170484733458,0.019557008014254314
0.27925,-0.002431924048997685,0.05041500098817968
0.279375,0.11543915909156141,0.05583751333412641
0.2795,0.06960714256792887,0.15299056513339515
0.279625,-0.1223993330988865,0.09320800978840993
0.27975,-0.2077704550918089,0.058913525056445315
0.279875,-0.06897221251053647,0.041365850449227616
0.28,0.06775649308279841,0.0675923813813563
0.280125,0.16269666487799755,0.060639195750304874
0.28025,0.1054395086075661,-0.02096680129701272
0.280375,0.045655053621806545,-0.12353463695249813
0.2805,0.016913374731636118,-0.01953174854902668
0.280625,0.047776071455761904,0.10040071114797311
0.28075,-0.13922192872640102,0.08021862907093712
0.280875,-0.2170075791786892,-0.10954496677536163
0.281,-0.03988155868764426,-0.15553142945968124
0.281125,0.23963103922632614,-0.08389639364872611
0.28125,0.05052626169761363,0.05294269919888117
0.281375,-0.08409326478974519,0.20671003056980655
0.2815,-0.2798331800105719,0.11452252673797214
0.281625,-0.28728240623018525,0.032667129197943255
0.28175,-0.40297686841101177,0.0688627052326461
0.281875,-0.5467205443112918,0.03338859358841809
0.282,-0.5504122234671401,-0.15072274837350352
0.282125,-0.542763462128473,-0.16969384665520587
0.28225,-0.45989024679728163,0.00945265796212476
0.282375,-0.3077867143891311,0.18335492085669727
0.2825,-0.26107784356402297,0.14042204043308115
0.282625,-0.1595296653957501,-0.11310629274417436
0.28275,-0.09689557725638037,-0.20438578039109664
0.282875,-0.04863289015438889,-0.2419608461956384
0.283,-0.03772875834987765,-0.31292302243831127
0.283125,-0.09269912425804987,-0.4495062218619371
0.28325,-0.15511739698022364,-0.5290502213201697
0.283375,-0.03511301532192563,-0.48166332636838805
0.2835,0.19604670339637303,-0.41987524163339385
0.283625,0.32851454580307576,-0.37524216141731437
0.28375,0.21586626038986206,-0.2644963057538866
0.283875,0.19337877325735514,-0.13466947053348674
0.284,0.09462229019600094,-0.07572488931902652
0.284125,0.16135393300183304,-0.008057433256612697
0.28425,0.2108509718552822,-0.013232943368075283
0.284375,0.2991072376658743,-0.07100529757766551
0.2845,0.31406333130841835,-0.10409504073056922
0.284625,0.3482849061349437,-0.05100811002694751
0.28475,0.3830520085083863,0.12899340966648054
0.284875,0.33664257361832683,0.3086416271009318
0.285,0.19058918944825565,0.2683169064472171
0.285125,-0.04938846252689743,0.13735098447191615
0.28525,-0.0632602640254718,0.11359407314388324
0.285375,0.06423494414037022,0.11378551445477823
0.2855,0.09503169889334429,0.14265179971671355
0.285625,0.07633287967974049,0.27550930923014477
0.28575,0.16042919408400447,0.32714700898490273
0.285875,0.23913940779442464,0.2840042717564913
0.286,0.2786198096347336,0.35785759402913425
0.286125,0.1662218231909597,0.30027820535541844
0.28625,-0.06191775411227409,0.16647637421401423
0.286375,-0.22884580731451912,-0.033095875399692484
0.2865,-0.10495528743484574,-0.07995867837105466
0.286625,0.05846160130159742,0.05721358707060691
0.28675,0.18996781758604867,0.09208276905526092
0.286875,0.24288111967806456,0.044460349014981214
0.287,0.3447531216473064,0.15701452831606877
0.287125,0.20316819439018882,0.24147156524433355
0.28725,-0.10795199722107869,0.30023089398316294
0.287375,-0.2863379911120922,0.13347222607511547
0.2875,-0.18741131181981008,-0.08000494272858302
0.287625,0.13279846355067765,-0.1612575670798995
0.28775,0.17597300879040803,-0.1758203593560662
0.287875,0.06646215351342123,0.04777650485609728
0.288,-0.108493111477311,0.14277159491832475
0.288125,-0.1975162516009892,0.254331981054873
0.28825,0.01676771776905731,0.29241805746654204
0.288375,0.04786735469644652,0.19308008159852114
0.2885,-0.15434664658432856,-0.052249203872158256
0.288625,-0.29744557652362974,-0.21976920604674346
0.28875,-0.32487830150831964,-0.13132690413116319
0.288875,-0.0308455363319252,0.1178896017093282
0.289,0.19804867692349873,0.15454830552748716
0.289125,0.18861874733643946,0.004722380926350964
0.28925,0.1290674836316656,-0.1647969554656418
0.289375,-0.12187725512090669,-0.15795778800856655
0.2895,-0.21527978500698006,-0.01381010404694624
0.289625,-0.14139004821429,0.08321902819847027
0.28975,-0.06266223120826828,-0.0701739233079528
0.289875,0.021986695385644385,-0.33531787389530066
0.29,-0.1229152637247698,-0.25740105589758033
0.290125,-0.40699512105291696,-0.027058013651867118
0.29025,-0.534975082877871,0.18105080589656894
0.290375,-0.5806663514014073,0.2347822677149392
0.2905,-0.4159622701529953,0.09973494381350101
0.290625,-0.2309152723751772,-0.09204475972998358
0.29075,-0.2790754548783656,-0.20928301265066765
0.290875,-0.46056519898938286,-0.12810270204471275
0.291,-0.4342149993240405,-0.05116724321017283
0.291125,-0.08509265323860209,-0.021236959228579533
0.29125,0.1177159246009235,-0.14124049648985276
0.291375,0.024939991566065925,-0.3273186184514787
0.2915,-0.06776167054141327,-0.4430117088859292
0.291625,-0.1644416296984117,-0.523062337051979
0.29175,-0.05228908244469448,-0.37578807303245054
0.291875,0.07624190019706364,-0.24574493846629106
0.292,0.16206867464346777,-0.22186320600126747
0.292125,0.20193783744752747,-0.412572111076872
0.29225,0.23241786938624978,-0.4024017557079439
0.292375,0.3459036500393343,-0.11206327557125868
0.2925,0.45502153705932963,0.14024025107277005
0.292625,0.4695034095366856,0.10383449983925092
0.29275,0.3763691368387861,-0.05221528922275624
0.292875,0.13473914261755526,-0.13525970435442602
0.293,0.10776885371265466,-0.044719910591671616
0.293125,0.17680448400385576,0.12479129264989008
0.29325,0.3760250558616587,0.203882554269035
0.293375,0.3718334556034184,0.1012820960097774
0.2935,0.28977703218280626,0.19497856714644124
0.293625,0.14680104445694492,0.2772279487611461
0.29375,0.17115995534791068,0.3631255048583807
0.293875,0.15648488060865418,0.4889946153986807
0.294,-0.014693522801163048,0.2848579005206267
0.294125,-0.28218066444255396,0.12903413918888365
0.29425,-0.4367906833197564,0.0713392380008601
0.294375,-0.23415254080065423,0.13612300940103617
0.2945,-0.04694633358074526,0.34116133279515715
0.294625,0.08857946802440185,0.3540499952598137
0.29475,0.09386664500550207,0.21778364086847557
0.294875,0.07541225637528196,0.1488457785519634
0.295,0.22759750307167723,0.1394612141209054
0.295125,0.31200425641885077,0.15599829542723806
0.29525,0.07434664455379672,-0.025097759672764796
0.295375,-0.016599370545821786,-0.272208106794977
0.2955,-0.11691971724576175,-0.34707157850331877
0.295625,-0.041166548832369185,-0.21544465241938687
0.29575,0.14825989167714046,-0.016461773169680362
0.295875,0.3377534918560021,0.04015973469394616
0.296,0.39439030885071025,0.062937064283143
0.296125,0.15676723932194325,0.0838276967230802
0.29625,-0.09304779441237028,0.226099358108826
0.296375,-0.19181065014415577,0.2809589262623619
0.2965,-0.10811566197189683,0.13652405843896095
0.296625,-0.10392198466432435,-0.026532016158677788
0.29675,-0.11791600210063802,-0.10813326354859149
0.296875,-0.19277860422283996,-0.017974646704560372
0.297,-0.15288620196948993,0.11801868407255386
0.297125,-0.02601454348963332,0.2641160202542549
0.29725,-0.04645208012690405,0.2717353753441248
0.297375,-0.1233638369576863,0.1101192224876153
0.2975,-0.24833215711949672,-0.14820000349829573
0.297625,-0.36609258369494607,-0.185423407788368
0.29775,-0.24875357701452705,-0.1425578554407141
0.297875,0.09784296031601136,-0.10550839331717943
0.298,0.25280072199380443,-0.09168998070496363
0.298125,0.1472450367270871,-0.18882826296980076
0.29825,-0.18715499476423714,-0.09320069050836843
0.298375,-0.3903703512332811,-0.048849227342613294
0.2985,-0.45174904246591785,0.01074415242404552
0.298625,-0.3701733735374434,-0.18307266073171669
0.29875,-0.34955437542851164,-0.27735425746819137
0.298875,-0.24383816733043162,-0.33573378299991924
0.299,-0.16482948531571498,-0.20548236102242767
0.299125,-0.03800751430277972,0.08835043073586576
0.29925,0.11241421000904844,0.2615217060772185
0.299375,-0.06668635029826343,0.1097292123576111
0.2995,-0.27736807209527026,-0.1629423972455266
0.299625,-0.40607730647200285,-0.35050616135749246
0.29975,-0.37195082534171037,-0.43998184615333946
0.299875,-0.13791756370331956,-0.38243952135673487
0.3,0.014601847137578925,-0.3089093792058845
0.300125,0.11002598651679334,-0.20310519456033507
0.30025,0.06614908494987662,-0.14910747063962015
0.300375,0.10783838328088897,0.03186760454648291
0.3005,0.23291234718404785,0.09506684930981239
0.300625,0.3690305478397869,-0.027505670782351978
0.30075,0.33737455321345095,-0.2186224061924842
0.300875,0.25036493762126333,-0.35265234145641455
0.301,0.2469591203112703,-0.31015274429789524
0.301125,0.22023567411374145,-0.1328943601946611
0.30125,0.24444605865764113,0.02914538412807819
0.301375,0.25537247488606796,0.051650409282520134
0.3015,0.2679870889036335,0.06728714910425815
0.301625,0.3813027883587361,0.08526883719685563
0.30175,0.34638739831232634,0.18838561230642106
0.301875,0.2297889817985251,0.3192744186823582
0.302,0.09712638519816265,0.2898383749879779
0.302125,-0.06839738826691502,0.26558107468304587
0.30225,-0.21474881945404473,0.1686161591672803
0.302375,-0.03469568323738355,0.20548480006348915
0.3025,0.15451929538878614,0.21242383736030407
0.302625,0.3220682235911132,0.17078082848635454
0.30275,0.2331409479344537,0.28484699544026565
0.302875,0.04361683008736922,0.3807294111618472
0.303,-0.15950476796134858,0.33429234611781405
0.303125,-0.2637689043546739,0.19404857590135427
0.30325,-0.16378305012554203,0.10618220209935143
0.303375,0.16470400016072012,-0.04836249965240661
0.3035,0.43847772407386226,-0.16138570465366575
0.303625,0.4622170597196322,-0.060426501156903664
0.30375,0.14674863480000624,0.17783411730384946
0.303875,-0.19852284916963572,0.2543717458782194
0.304,-0.39380092970513314,0.25195209837547733
0.304125,-0.23040706109236175,0.04169721496560579
0.30425,0.07763057507691114,-0.14069528886360838
0.304375,0.21412116880434162,-0.21513845272976234
0.3045,0.10440765778098272,-0.15173236493141803
0.304625,-0.08769248190605632,0.12574730963728045
0.30475,-0.25791403128878376,0.40731964078096516
0.304875,-0.23920958884492952,0.40432202923062044
0.305,-0.11455487646079109,0.14767156530618983
0.305125,0.0635144105394832,-0.2181202788559807
0.30525,0.07012717835689111,-0.3294866906602116
0.305375,-0.016062823361120228,-0.22367687379779874
0.3055,-0.09494873428080597,0.08427128441043522
0.305625,-0.04904572974275334,0.19331150896581883
0.30575,0.1343022428111974,0.13966606341553547
0.305875,0.12026814369410742,-0.06764523026847898
0.306,-0.08572430395422441,-0.2658000512153904
0.306125,-0.4227883638850197,-0.21700071118631642
0.30625,-0.4143112087073337,-0.07935730051261074
0.306375,-0.04055755116465317,0.019305619935869624
0.3065,0.030839971377104217,0.05929224621568995
0.306625,-0.05333543078627939,-0.10817736478830223
0.30675,-0.16061127311961426,-0.11719996058813129
0.306875,-0.1358885206565694,-0.016528853204389946
0.307,-0.18844208945107793,0.0931251499052797
0.307125,-0.33127017516707363,0.13084652821103424
0.30725,-0.3525988131468506,-0.16170519983180917
0.307375,-0.460475524440563,-0.3904102248461648
0.3075,-0.4011359528116706,-0.3548260464055589
0.307625,-0.29092666431249803,-0.0585056384207552
0.30775,-0.19468684751683285,0.04568380154456288
0.307875,-0.15997031328906375,-0.06839257035983176
0.308,-0.136660156971118,-0.1357049754414216
0.308125,-0.017634803153309123,-0.16041046013478436
0.30825,0.15255751374536375,-0.20221993035580152
0.308375,0.25319053179895185,-0.23976243639652017
0.3085,0.3466804123843417,-0.29909503561133965
0.308625,0.05712918656371785,-0.42320047606023586
0.30875,-0.08991212033706081,-0.3688408477308765
0.308875,-0.009280237207938986,-0.2908950421633313
0.309,0.30989887894195095,-0.18396599654350806
0.309125,0.48024151884881283,-0.12003053238187854
0.30925,0.3752070725444489,-0.14633710904494476
0.309375,0.07062988954344336,-0.055354706712520046
0.3095,-0.010805716854645467,0.11093609357445189
0.309625,0.12753769069272303,0.2583811308316747
0.30975,0.25662505687464615,0.3144182558602325
0.309875,0.29475513796314545,0.10385663463254266
0.31,0.38686920893603544,-0.1762654399743838
0.310125,0.3298640537644945,-0.040183406068842686
0.31025,0.18394883134233053,0.24985995733123073
0.310375,0.08697263888525943,0.49553519052950584
0.3105,-0.08393461000204343,0.3421672706049222
0.310625,-0.17231121491731913,0.04629649573486143
0.31075,-0.10323301742680736,0.025509204664474164
0.310875,0.05260767700732611,0.12044289591805579
0.311,0.10971489148760567,0.2345636939247373
0.311125,0.06460854865469338,0.3524798424423475
0.31125,-0.024457494013221972,0.38733553641095275
0.311375,0.0788188026383766,0.25217143092086947
0.3115,0.2538464126939145,0.20600292233870326
0.311625,0.21499739191666678,0.04789746687233886
0.31175,0.09475426113556389,-0.07334744194163835
0.311875,0.01629739143652256,-0.1438738546437316
0.312,0.02759476262550314,-0.06256479585654927
0.312125,0.08183536484966843,-0.00458428187558601
0.31225,0.21680827236660533,0.08440980728072958
0.312375,0.21609219975085325,0.04589930770917279
0.3125,0.01013354794480042,0.014842763615502751
0.312625,-0.1903778034589234,0.11166366053662485
0.31275,-0.223486470301965,0.2212105020143756
0.312875,-0.03610937285063672,0.2090577661328076
0.313,0.07338037716663588,0.06197764305860816
0.313125,0.04143183366148704,0.05254009419410807
0.31325,-0.19966903945440356,0.050894401998028936
0.313375,-0.370579380283642,0.12689080118211715
0.3135,-0.19099146925587443,0.19507495275624331
0.313625,0.07346346266363582,0.2077256498859559
0.31375,0.22490763602217465,0.005990772287334631
0.313875,0.08811600186835944,-0.1550054504236024
0.314,-0.2000111116862377,-0.20379656945790672
0.314125,-0.34438524005585724,-0.13719068074311078
0.31425,-0.3121851000223912,0.04865863872826581
0.314375,-0.13563946575678704,0.014552240320586371
0.3145,-0.03804588354212706,-0.20609938912343212
0.314625,0.1259075317860021,-0.319338431375492
0.31475,0.06770132649694315,-0.19641053670260725
0.314875,-0.04117367701195364,0.0676529978997431
0.315,-0.1323183192536455,0.24462671514156054
0.315125,-0.18137130282260513,0.06266681904040924
0.31525,-0.25239584983393604,-0.15085693868556777
0.315375,-0.45324492353092644,-0.3173952288270744
0.3155,-0.6076801922096694,-0.3052425509030722
0.315625,-0.4433027120969751,-0.14978356015897906
0.31575,-0.08617051312210827,-0.006566285843851642
0.315875,0.14813856568901407,0.10192856989914333
0.316,0.10500846125849285,0.05139978269015641
0.316125,-0.19877651770549715,-0.10504515117297696
0.31625,-0.3354472782370226,-0.1366286934153136
0.316375,-0.28920559947915214,-0.19745609766272196
0.3165,-0.14988984797084973,-0.19873682308674823
0.316625,-0.03629671069313719,-0.4043626705979465
0.31675,0.05296471830258418,-0.5383495428656185
0.316875,0.17523682259424095,-0.387506422318578
0.317,0.37572934610635134,-0.09342500145652999
0.317125,0.3396756253265449,0.16419318044772607
0.31725,0.12548886840483417,0.07284394854177836
0.317375,-0.04115459669724059,-0.16913137219612417
0.3175,-0.16054051158203128,-0.31536102021570006
0.317625,-0.025797812737227834,-0.28261079893592356
0.31775,0.2587181903113621,-0.1548898270369291
0.317875,0.5565472248684228,-0.028413303064357263
0.318,0.6654233822762151,0.029418803886658962
0.318125,0.5265193356679424,0.1604670648469653
0.31825,0.25083909619509537,0.3246488397137869
0.318375,0.10119500798210866,0.3160660746775574
0.3185,0.22070460303045586,0.18576444781269139
0.318625,0.2913660483960893,-0.029543334518823912
0.31875,0.27253254221959033,-0.14558659882342034
0.318875,0.17676140618071587,-0.03140396125926936
0.319,0.15048186847607548,0.22798979813109996
0.319125,0.15098820030389115,0.4999665905257943
0.31925,0.12505454000493949,0.6142536856493966
0.319375,-0.09024643051740304,0.4659141513041281
0.3195,-0.33490776358059665,0.24293782700127625
0.319625,-0.42100272935003735,0.09981081170916656
0.31975,-0.31034521578473373,0.18069388789887939
0.319875,-0.10967310931170178,0.28328453030495676
0.32,0.18494959623719634,0.21834022976987522
0.320125,0.28630710328619613,0.1323164550916053
0.32025,0.32751816359550295,0.10449625265854161
0.320375,0.15893718925150083,0.16855434514089498
0.3205,-0.006588901148450694,0.10486911886627644
0.320625,-0.0764085668621573,-0.08355705476027567
0.32075,-0.11234682316300612,-0.3163248250379849
0.320875,-0.04476059750703702,-0.38500538860248207
0.321,0.0053617251347747846,-0.27876580820518637
0.321125,-0.012118002268393319,-0.12188873263092341
0.32125,-0.007943294423467874,0.08418071154674527
0.321375,0.023195916452521226,0.27495433568077293
0.3215,0.17366862816713735,0.31535209407933784
0.321625,0.13595758635633395,0.1655593681751963
0.32175,-0.08602932242125416,0.01622055813517758
0.321875,-0.2939267576101463,-0.044371912764373765
0.322,-0.46296667879693487,-0.07107118000369352
0.322125,-0.4054727044788371,-0.053398663710735046
0.32225,-0.1185486121975185,-0.05917090772794687
0.322375,0.19260152685362897,-0.003294011305440049
0.3225,0.41257212987398356,-0.015514113847357054
0.322625,0.3607107952253117,0.06886443259082667
0.32275,-0.025949631645226203,0.1503408394105772
0.322875,-0.1682389247909399,0.0971809366916215
0.323,-0.0953973138723847,-0.08709152799565228
0.323125,-0.08143470736635404,-0.2511880975216098
0.32325,-0.2111291022862278,-0.4464681385921119
0.323375,-0.2566147746439256,-0.3669310533870788
0.3235,-0.27004541696512097,-0.12733274831486516
0.323625,-0.27130216894165615,0.16187007695774985
0.32375,-0.28820651278313847,0.36268658475758164
0.323875,-0.5430146311413268,0.3180401833107383
0.324,-0.6921094604848251,0.01040599242922217
0.324125,-0.6863082726300719,-0.1148639501716186
0.32425,-0.49256584814422194,-0.12035390332126597
0.324375,-0.35617904872027145,-0.07867258437622428
0.3245,-0.20330932109039646,-0.1714301297009789
0.324625,0.054636965191248894,-0.21996590690221696
0.32475,0.31483905363180226,-0.2744288113797751
0.324875,0.3632721855668332,-0.2338253011982123
0.325,0.22528973150802628,-0.24037397059456567
0.325125,0.028404081840988544,-0.5044303576213436
0.32525,-0.11401689506287285,-0.6200736514755969
0.325375,0.07805887945363098,-0.6192065654688605
0.3255,0.4322239216491989,-0.4334239108153081
0.325625,0.5679771175030259,-0.25514180434850725
0.32575,0.541557465772954,-0.19801418533783127
0.325875,0.29695863888734214,0.04791015517778972
0.326,0.17925565773147303,0.2842505038774114
0.326125,0.3080060442941022,0.31245371250881193
0.32625,0.5674207334722509,0.22028005487023766
0.326375,0.43204732808474605,-0.041652324714032275
0.3265,0.026824115246172342,-0.05080045424022353
0.326625,-0.28284148983821644,0.1228642513317983
0.32675,-0.06404255350602327,0.3556454339381218
0.326875,0.2908795734806628,0.5209752682552662
0.327,0.42942969067850967,0.47821545725739933
0.327125,0.1795495874772305,0.2917497882361447
0.32725,-0.22408768211140143,0.16768042799051816
0.327375,-0.31761187308031424,0.31762508959136704
0.3275,-0.2161107613516377,0.4938963589155581
0.327625,0.0748347750087406,0.387059019351401
0.32775,0.11512952022725606,0.012971768627463296
0.327875,0.07550792579549781,-0.2625444143184048
0.328,0.014491389536667254,-0.0986285429658707
0.328125,-0.04159550461852609,0.281534097664674
0.32825,0.12462064236844984,0.38274074632694466
0.328375,0.2532371747126421,0.14920522389212795
0.3285,0.16631757267875869,-0.23675008681158854
0.328625,-0.08558254282316724,-0.3372156140839056
0.32875,-0.15651584923094358,-0.2290614702847534
0.328875,0.027192028294582466,0.011312867306706591
0.329,0.20650770541516864,0.1016714384716528
0.329125,0.1959653033397403,0.08898241969770193
0.32925,0.04999444135185254,0.005436122037612699
0.329375,0.0002661736772408762,-0.04403811615516684
0.3295,-0.09093848291660327,0.11874170682312604
0.329625,-0.05565370452672258,0.21223229075631703
0.32975,-0.19510543152077545,0.1687236283284781
0.329875,-0.22942253223371664,-0.06074005324958059
0.33,-0.030179757415486175,-0.1581109723679264
0.330125,0.28704800540572106,0.0015022047308922701
0.33025,0.3395093297302506,0.17861421181419668
0.330375,0.23574413389719143,0.14716912826071837
0.3305,-0.05713324039695157,0.04746745074026321
0.330625,-0.3176901060470981,-0.05164247426993591
0.33075,-0.3981474866078247,-0.09129415470644939
0.330875,-0.38196049147024,-0.07569883355349832
0.331,-0.24570016292584088,-0.16636092264374752
0.331125,-0.014356107007808696,-0.20892498117595573
0.33125,0.13395411332134646,-0.025251379076901843
0.331375,0.13449013054685938,0.20968752186444156
0.3315,-0.039590263663026266,0.30237742626894976
0.331625,-0.1779253044483383,0.17542853960627972
0.33175,-0.29344691315331806,-0.050539190432627196
0.331875,-0.4540616326504011,-0.30470041250988367
0.332,-0.5887874309456811,-0.38981727541876293
0.332125,-0.45372757144287074,-0.3393065503536507
0.33225,-0.35034062808149813,-0.18881708075837658
0.332375,-0.22794534762128615,0.04340202227601364
0.3325,-0.15610815031980996,0.0823479064193699
0.332625,-0.18435223465631972,0.022929831790157465
0.33275,-0.0965982879623304,-0.021767577554700622
0.332875,0.09351135975788251,-0.14819824738173484
0.333,0.12845010122689937,-0.2861655428858662
0.333125,-0.003631550153125009,-0.4340820696641891
0.33325,-0.08850296446951432,-0.48855565418402414
0.333375,-0.05692425086554296,-0.37863787447901237
0.3335,0.30855131300646127,-0.2842871619542986
0.333625,0.5564892237585918,-0.18896689591948473
0.33375,0.5011208843243818,-0.1742009733258874
0.333875,0.26510400284969105,-0.11642575132756709
0.334,0.008461796402130392,-0.07037931629822339
0.334125,-0.02455056772099649,0.010925564426933676
0.33425,0.17301128167868282,0.11105893190182894
0.334375,0.2817090177969876,0.0033565937334545308
0.3345,0.22071530920095742,-0.12138440120927455
0.334625,0.04339131520512104,0.011983495015746718
0.33475,-0.13063096628623813,0.26556030905049294
0.334875,-0.18420463072421625,0.47605494541742877
0.335,-0.14493438399640018,0.4562017166135152
0.335125,-0.10617479818034443,0.22702578901086942
0.33525,-0.022573489461396357,0.03629002343517616
0.335375,0.04486248578573393,0.03708336528958986
0.3355,-0.00040408479748789444,0.15392338576127318
0.335625,0.09162202551498938,0.22541313083852427
0.33575,0.2663356955330788,0.21686446712332852
0.335875,0.3939314337867566,0.0681612559301676
0.336,0.437158868112778,-0.15019200639377675
0.336125,0.16863606026473169,-0.1478556383536766
0.33625,-0.17648961843358774,-0.0756526047893193
0.336375,-0.2046975781167809,-0.03878676958818918
0.3365,0.04462164791221036,0.04521642284826462
0.336625,0.22745319854361412,0.10074664508465699
0.33675,0.2829785691743745,0.01663761338247619
0.336875,0.26154628596321494,0.05545187601343549
0.337,0.15931998757837895,0.27560846413436124
0.337125,0.12716490151732937,0.3916899794099926
0.33725,0.008657528406838932,0.4167748184620987
0.337375,-0.0849007351103922,0.08808373002762376
0.3375,-0.06792316457762744,-0.17970041273641235
0.337625,-0.10743470515969503,-0.1431345015344307
0.33775,-0.10333294170014116,0.020327794050096073
0.337875,-0.01214833872667739,0.20739675334983873
0.338,0.10428113885555396,0.33033850906955703
0.338125,-0.08958003853898222,0.21601088133809748
0.33825,-0.262606903032252,0.11800360591901286
0.338375,-0.3174374433567221,0.11129996105481123
0.3385,-0.11307685789697366,0.06647999909040295
0.338625,0.19823951540571672,-0.05858958746912553
0.33875,0.14450263971044716,-0.08826890319881081
0.338875,-0.06283513630315782,-0.11974693910244599
0.339,-0.22209221446392513,-0.12508143107346292
0.339125,-0.05062966731849138,0.013470600136978879
0.33925,0.21731188545277974,0.07102704506923278
0.339375,0.3490111996145968,-0.06999841777693505
0.3395,0.1314174174895379,-0.30735920646040865
0.339625,-0.24435864624421097,-0.3111134997341291
0.33975,-0.49557456995325444,-0.0823230104888194
0.339875,-0.36340505221379477,0.15435865871574625
0.34,-0.09851978994191365,0.14114368933742125
0.340125,0.16066140044000735,-0.11762039033490405
0.34025,0.1708633486631135,-0.2465907565872474
0.340375,-0.0063225203890708475,-0.06336675471243114
0.3405,-0.3921682455094387,0.2629412455297995
0.340625,-0.6322830130042402,0.37356586259046065
0.34075,-0.5984760109497066,0.15709240872809727
0.340875,-0.5228157725619852,-0.2532745289862108
0.341,-0.4524458485754154,-0.469937367952717
0.341125,-0.2667608204571347,-0.296190355366597
0.34125,-0.018689696459641515,-0.037598040608909145
0.341375,0.1637390352260728,0.12969976189050234
0.3415,-0.06775268676973019,0.1669715706325823
0.341625,-0.32887393825071953,-0.04658950002350816
0.34175,-0.2449626992195128,-0.386124367628984
0.341875,0.024205257148594967,-0.5721902964591189
0.342,0.22552421821970833,-0.5015624800806966
0.342125,0.2894870685259012,-0.505044895745524
0.34225,0.20361949836432547,-0.39277477227502433
0.342375,0.3007039980995349,-0.254238223740632
0.3425,0.43028821202800616,0.007572920926725689
0.342625,0.5801505557654231,0.045414580348987134
0.34275,0.5266621185415107,-0.08447975775559226
0.342875,0.4628417480293063,-0.3183883548132865
0.343,0.19335284692361,-0.2611086080812751
0.343125,-0.10648226163430258,0.04608457650583494
0.34325,-0.19281013785934106,0.20946537637473564
0.343375,-0.020414403083195448,0.2524456808949502
0.3435,0.3639618213438728,0.18745933589561822
0.343625,0.5020520602453629,0.29516147698773143
0.34375,0.33897307811055655,0.4059723937222491
0.343875,0.06570997824842735,0.4727778168408884
0.344,0.06924853646927367,0.47042531770752355
0.344125,0.06541761963384314,0.39719327793534775
0.34425,0.0161898549832756,0.2072956392950425
0.344375,-0.21207038408008014,-0.10757834140129846
0.3445,-0.27507669714381033,-0.22865326196635782
0.344625,-0.17113166848703198,-0.028152945079182503
0.34475,0.13031401341638543,0.31934110296857104
0.344875,0.20749785218655548,0.44712078441068953
0.345,0.15674826403469985,0.2653646138274854
0.345125,-0.06344884052869007,0.11269801858744784
0.34525,-0.25004987756782837,0.08394570598874174
0.345375,-0.15581594617243036,0.058059586321057045
0.3455,0.1525904222973781,0.0011953920796889089
0.345625,0.21528627036482298,-0.15464719770924515
0.34575,0.04455937146741802,-0.2929862565284564
0.345875,-0.024116141758444724,-0.1332839941925935
0.346,0.038120223238207455,0.0868547465714846
0.346125,0.17339100087517836,0.23336593161264227
0.34625,0.08625724390432374,0.14231485738687022
0.346375,0.0033667281625681836,-0.09202354316529797
0.3465,-0.02274415320462497,-0.19826714517822117
0.346625,0.131471506697541,-0.14468351150596406
0.34675,0.3673886658687412,0.06652897242224198
0.346875,0.4089020025307741,0.15715759294103668
0.347,0.18733493744083743,0.04671009972567437
0.347125,-0.05467323338119429,0.004822872369988542
0.34725,-0.27524755816132124,0.04188588756438329
0.347375,-0.3787391229279601,0.10803699072321235
0.3475,-0.20002633174932818,0.1009308184493152
0.347625,0.017550507830611337,-0.004422043349476649
0.34775,-0.04777686368489227,-0.01060181223173528
0.347875,-0.2219477332269952,0.09943558019764108
0.348,-0.5103536526274479,0.30695649900443156
0.348125,-0.40972000903837186,0.3706855415016053
0.34825,-0.1784093300535108,0.1938017003695916
0.348375,-0.0584902661370194,-0.04276282796262252
0.3485,-0.2934099810811069,-0.24839202074078376
0.348625,-0.6469006415686944,-0.34616632096896865
0.34875,-0.6278056903318664,-0.13586357397074783
0.348875,-0.33946364236367177,0.018041945593573354
0.349,-0.006971416111531258,0.03450002202021258
0.349125,0.08188342509020198,-0.23106618661869366
0.34925,-0.05871964684836528,-0.39743952087455886
0.349375,-0.29432280799070776,-0.4035371650269176
0.3495,-0.36380129934851446,-0.1407238995619848
0.349625,-0.19180317956675644,-0.08965350059520139
0.34975,-0.12066492173693849,-0.2741669466132612
0.349875,-0.07847191810330241,-0.5328964604429456
0.35,-0.06282409555743007,-0.5898887128033844
0.350125,0.014586286002021413,-0.2774523747052303
0.35025,0.14866058467866683,-0.04478214273069892
0.350375,0.2257805755264688,0.10161480153915455
0.3505,0.26415720467431175,-0.032796301285045404
0.350625,0.1186899258379649,-0.2369152333887014
0.35075,0.07870333401676699,-0.33161752392956106
0.350875,0.11424876466747397,-0.14530531543592545
0.351,0.27194213077911045,-0.10279409484224332
0.351125,0.48664576155406275,-0.07508327717888975
0.35125,0.6014005151236159,-0.029588524136716393
0.351375,0.5036826868185349,-0.008545474639855341
0.3515,0.3325588174919589,0.07057247380987067
0.351625,0.06821319764504077,0.22665426266976416
0.35175,0.05718915857072102,0.24858816691305288
0.351875,0.04795426183041673,0.1332864899166849
0.352,-0.02346204227376063,0.01747081225319701
0.352125,0.06924671433621658,0.12344487982652054
0.35225,0.13179501531844953,0.21740329593515595
0.352375,0.18814639827226726,0.4396631991756804
0.3525,0.19905510153086922,0.5463366358304438
0.352625,0.10027720465941185,0.4860926886554813
0.35275,-0.02419523012221789,0.2623661705906562
0.352875,0.01727104617887374,0.09960044875712173
0.353,0.049303637127589256,0.061975776956633324
0.353125,0.04361230250609995,0.05608774214243676
0.35325,-0.0716433463673372,-0.02268155769294382
0.353375,-0.12323150036970591,0.033300509921263266
0.3535,0.04869722666544734,0.12550200119018654
0.353625,0.41401203834241207,0.1900637747285679
0.35375,0.5858167419126435,0.23159503844772208
0.353875,0.5004118482960501,0.10915856535554948
0.354,0.04816305780999582,0.014620264479349486
0.354125,-0.38956462067851527,-0.01093556280135059
0.35425,-0.509835856310251,0.039130143591192254
0.354375,-0.39228981609661073,0.02251381193287335
0.3545,-0.25584440661261215,-0.08728399492985386
0.354625,-0.09326802332657469,-0.07818677118350122
0.35475,-0.09185098800026792,0.05868606842397298
0.354875,-0.07192604134647769,0.36450946432082815
0.355,-0.049719571359849196,0.539630911264776
0.355125,-0.05536561833794653,0.414422983087991
0.35525,-0.21763271498597736,0.03913191235123547
0.355375,-0.2885174591496257,-0.32148683289276403
0.3555,-0.0975425281679547,-0.44211019795161943
0.355625,0.1756803765047431,-0.3454749011437446
0.35575,0.33491248500293136,-0.21349507809731655
0.355875,0.2783315580310215,-0.062175650720216274
0.356,0.11487646548803224,-0.05351779953129328
0.356125,-0.03251756496783194,-0.07759183856206939
0.35625,-0.22927631458080744,-0.03165020768480636
0.356375,-0.3457629418375169,-0.03824732997334264
0.3565,-0.24373210913412507,-0.2033588831323141
0.356625,-0.1427437644934344,-0.24365758348584815
0.35675,-0.2115007676852017,-0.11049998826670038
0.356875,-0.24482918629798545,0.1382330575793713
0.357,-0.18818431733529395,0.27108050546619156
0.357125,-0.1104357149371194,0.22402183496351225
0.35725,-0.17373503728649295,0.06281211043854808
0.357375,-0.36523978557938663,-0.06637264508040036
0.3575,-0.6912979084598458,-0.202525083158652
0.357625,-0.723802502141382,-0.2374906220905653
0.35775,-0.41337488105608516,-0.21942495733512632
0.357875,0.04467276327489906,-0.15309048240774428
0.358,0.34624475861079995,-0.16403084124176864
0.358125,0.42230818111597374,-0.19209443922466904
0.35825,0.18904890175777986,-0.19635777484592673
0.358375,0.05694612749915651,-0.18250267629881467
0.3585,0.017113061882562588,-0.2169475907725863
0.358625,0.0866331178206441,-0.41296622896913293
0.35875,0.21692808386653847,-0.6648022026054359
0.358875,0.3616648125139345,-0.6645937167572706
0.359,0.25070483106270636,-0.4176435829723972
0.359125,0.1707338043606881,0.07884894122048394
0.35925,0.20967392807081084,0.36048631666481434
0.359375,0.31354988171314935,0.3770364393558075
0.3595,0.1984765484036642,0.1993435323767377
0.359625,-0.13324220983529667,0.048955556739070386
0.35975,-0.2189290594369703,0.06216321604227783
0.359875,0.05273825195022397,0.06251418751098524
0.36,0.4184054149806565,0.20859367054464617
0.360125,0.5367521152661061,0.32622717997124084
0.36025,0.34088181211557744,0.25977988075938063
0.360375,-0.020408408790787876,0.08011926333281535
0.3605,-0.12701811271792043,0.15557999447638823
0.360625,-0.16684964843340963,0.30208921981881076
0.36075,-0.18488040831538508,0.16427847152118874
0.360875,-0.12768087111781098,-0.08265331894153741
0.361,-0.12192922235438884,-0.2158614257569481
0.361125,0.05325098923472654,0.011678410318045902
0.36125,0.2831930279012144,0.32691071076247674
0.361375,0.5087342747698379,0.4999418708193093
0.3615,0.4031750893147153,0.2942573016453872
0.361625,0.10510440251593382,0.042256503609493616
0.36175,-0.054910277054768634,-0.12332154056536825
0.361875,-0.20538699338328784,-0.15745703844603628
0.362,-0.1393382258109031,-0.14482841477575484
0.362125,0.05404408941597518,-0.1225562426405749
0.36225,0.3033393681409476,-0.11847741207454038
0.362375,0.3435759372531998,0.0706024877993612
0.3625,0.2565490754537731,0.24485555083525876
0.362625,0.10033782680227012,0.45433907470828355
0.36275,0.07517278576593087,0.3747173355820729
0.362875,-0.015677677513275118,0.13053650353025376
0.363,-0.19420592478526927,-0.08609483171438653
0.363125,-0.4140966190021244,-0.17302981843465118
0.36325,-0.2576031976142441,-0.16224883204404378
0.363375,0.12272577392530572,0.053563709862490275
0.3635,0.332909609223881,0.27900328911681
0.363625,0.21445230634573187,0.3041707746530868
0.36375,-0.04406934442497943,0.22281167437333707
0.363875,-0.15129818712434573,0.11400445029128664
0.364,-0.13857549730079283,0.06778930344736901
0.364125,-0.12347334396451726,-0.05813414003129126
0.36425,-0.18595195420999716,-0.24875664613871004
0.364375,-0.3580959879363815,-0.4118776650782582
0.3645,-0.3219249919794766,-0.23845954693733426
0.364625,-0.0470187025196415,0.12085835391602925
0.36475,-0.03914341800850943,0.2830604996247855
0.364875,-0.18990123744922563,0.20246125071909468
0.365,-0.26036990467626486,-0.049852354943116545
0.365125,-0.34444657441362636,-0.19563297613095257
0.36525,-0.3628033152475529,-0.11255138401482614
0.365375,-0.3080796151780423,-0.09557146890274397
0.3655,-0.3369313533912428,-0.14312899016394678
0.365625,-0.2131396617688055,-0.3011291269867747
0.36575,-0.0861444911732082,-0.243103318516492
0.365875,0.01562870181363476,-0.09178719997260736
0.366,0.1043823063904211,-0.055746750325296045
0.366125,0.04763473905944773,-0.16193032141572156
0.36625,-0.15863992327826032,-0.30111874605020417
0.366375,-0.2572885414652546,-0.32313600892331695
0.3665,-0.30241531739331884,-0.3067588615995705
0.366625,-0.05741569471006928,-0.26630466029974587
0.36675,0.0991643388258706,-0.30161672404782114
0.366875,0.19793555147258224,-0.2108978566490837
0.367,0.189040980537203,-0.08444709579604973
0.367125,0.05389446210124168,0.0230393680985188
0.36725,-0.1026262682964666,0.0851762021415653
0.367375,-0.0019740038367824873,0.0215810140175945
0.3675,0.29089038118632987,-0.1006494001111894
0.367625,0.5686475245968713,-0.27891838886067
0.36775,0.4705053611992779,-0.2538925203583937
0.367875,0.16770129839988634,-0.10155024655104197
0.368,-0.056451484965959545,0.0132270228759848
0.368125,0.09267486076355967,0.14703309393439634
0.36825,0.2571461465631535,0.15593965722469771
0.368375,0.21513399792424187,0.06588980233339756
0.3685,0.05515828024188461,-0.07896285130887065
0.368625,-0.05222189879975762,-0.005569468161878279
0.36875,-0.09511775996440304,0.28055761126272016
0.368875,0.00964473910738912,0.5494716168162566
0.369,0.15881046210865665,0.488493066500006
0.369125,0.2351558008049153,0.1099967360849449
0.36925,0.17692303425054695,-0.041177574648199024
0.369375,0.16704125519345825,0.11859719427515711
0.3695,0.11863298687104651,0.26686025657070944
0.369625,0.26571838123962466,0.2042877912111702
0.36975,0.23242880796774584,0.06624485962910084
0.369875,0.050025240123488364,-0.10531949402711302
0.37,-0.07920712987650214,-0.12146979572228844
0.370125,-0.04320473515390397,0.024467311402299182
0.37025,0.18418916886136658,0.10310826599222375
0.370375,0.3564141872900199,0.17585322407700976
0.3705,0.3231905803706231,0.1472708913466975
0.370625,0.005869461369376823,0.14208710413900275
0.37075,-0.3469072029663849,0.18320596784750362
0.370875,-0.4386093502183167,0.24177811680743996
0.371,-0.28652665150118967,0.21788641431847283
0.371125,-0.10420988414438825,0.04603856659805906
0.37125,0.1876308143386808,-0.004693659148433782
0.371375,0.3132336493561011,-0.0004590608464794556
0.3715,0.2651982210508307,0.16256006583884386
0.371625,0.24207093094333756,0.24938938030919486
0.37175,0.17500104967508737,0.2562737886208873
0.371875,-0.10148088204613412,-0.004908728499567372
0.372,-0.32603160099364287,-0.24449474561847864
0.372125,-0.552721777096062,-0.37666009052331967
0.37225,-0.3305228140406611,-0.29741129024922225
0.372375,-0.030985675202374597,-0.07189873805121477
0.3725,0.0691169484781979,0.1599281413549015
0.372625,0.028431131769461347,0.2371295652671077
0.37275,-0.20851470690739562,0.2845849468299755
0.372875,-0.3173277996803817,0.22639129937315697
0.373,-0.36080818752101285,0.0880430538009365
0.373125,-0.25601175927960607,-0.06766937423467384
0.37325,-0.1348801987795618,-0.3188421266722574
0.373375,-0.1228126343713489,-0.5071920991471893
0.3735,-0.2806149995737764,-0.3053800668943264
0.373625,-0.21311516139812106,-0.053177574517544124
0.37375,0.022750242073151343,0.06444767896025955
0.373875,0.19350340752421782,0.011020919819478309
0.374,-0.09867809166868587,-0.10917637124986178
0.374125,-0.49810603005263604,-0.3092067550782045
0.37425,-0.6414752004223218,-0.3511197896936334
0.374375,-0.46471007448209534,-0.23651612608408493
0.3745,-0.048659818428536394,-0.07568999670938321
0.374625,0.08920357249217928,-0.14409085306612454
0.37475,0.034125292194761285,-0.26275221445396535
0.374875,-0.07726275148319418,-0.2023900798385848
0.375,-0.11371421737966599,0.0741371708707401
0.375125,-0.021525338193184803,0.16276512987729697
0.37525,0.07503922213589383,-0.08184734649487459
0.375375,-0.07660737774543461,-0.39938183052803344
0.3755,-0.09225565051505288,-0.6119909773096631
0.375625,0.13009844435983725,-0.40189375259945587
0.37575,0.4294114924635081,-0.0038643193381911523
0.375875,0.6036580248774088,0.11864559840966865
0.376,0.48260161119780987,2.483603934237386e-07
0.376125,0.2391448968703027,-0.05877532921134065
0.37625,-0.006788365224335081,-0.1530208328502982
0.376375,0.03005545758062107,-0.04853565767783526
0.3765,0.19266636270832302,0.05273137924822462
0.376625,0.1295507366240337,0.012235646484653149
0.37675,0.05261499917648588,-0.0987312257436617
0.376875,0.21017640663776965,0.15049157195660084
0.377,0.44561215705315105,0.44920655801559384
0.377125,0.43970683183997383,0.585872633610248
0.37725,0.4007202627302827,0.4686644432201359
0.377375,0.2774451373995186,0.24883367529210734
0.3775,0.047974133137086754,0.008452029936045104
0.377625,-0.22287936326900334,0.035002758677234
0.37775,-0.27321408940849967,0.14003143191090042
0.377875,-0.030213420976804423,0.11449087234662733
0.378,0.24634827987444663,0.06116230038543502
0.378125,0.3226120345435228,0.13874106845643486
0.37825,0.2064247558636459,0.3386518621773716
0.378375,-0.08929775999412073,0.40120499251566294
0.3785,-0.14554449416567514,0.35444594977552885
0.378625,0.019520755929719764,0.26628826818235724
0.37875,0.055366662912201235,0.011207596524611637
0.378875,0.04641432224184337,-0.21606909229981214
0.379,-0.019225880593317236,-0.23333925741043687
0.379125,-0.053421073113547636,-0.029248456543183882
0.37925,0.08401128465526109,0.22940112258328277
0.379375,0.23011868305798952,0.32934161361028697
0.3795,0.08390618494192373,0.12567070796478327
0.379625,-0.2709301441420098,-0.06946528563583493
0.37975,-0.5333284545416549,-0.10131483165900969
0.379875,-0.37512355618544674,-0.005309859909450884
0.38,-0.007600742022344767,0.0037203731764332572
0.380125,0.3961893189220937,0.0465865944560283
0.38025,0.32772458618904654,-0.05261188840507891
0.380375,0.0061257824839775045,0.006098448399683701
0.3805,-0.3074236153967482,0.06734324820387648
0.380625,-0.4250465176852881,0.16037941487373122
0.38075,-0.37764265974335337,0.13139307040082773
0.380875,-0.1288850511478677,-0.2304305512893959
0.381,-0.01819767923190638,-0.5362932877865122
0.381125,-0.08669085037058344,-0.32749155396338386
0.38125,-0.15595003283845854,0.04337465169760009
0.381375,-0.04985334465206483,0.3596575789603196
0.3815,0.2880263134153544,0.30537815335341567
0.381625,0.2643690260822048,-0.036252681270966224
0.38175,-0.17408228377312093,-0.2349914870604445
0.381875,-0.673472768554262,-0.3792552661847805
0.382,-0.840761577573689,-0.29569157614012287
0.382125,-0.5190864568012219,-0.1444441793453166
0.38225,-0.0546575102246188,0.03467590778838823
0.382375,0.004973362615926345,-0.07236277099229979
0.3825,-0.1172195763790751,-0.1839581578857582
0.382625,-0.21656752348889902,-0.011682680901063856
0.38275,-0.22044966960134757,0.21799849472794927
0.382875,-0.1686542568659051,0.24007345647035117
0.383,-0.14818191129880837,-0.15140537103426885
0.383125,-0.11331546462824271,-0.6391576900841384
0.38325,0.0027160474755182724,-0.7601378366399383
0.383375,0.23777879256113232,-0.45093949120948573
0.3835,0.49385175998927117,-0.05043894771422898
0.383625,0.45403973761364075,0.05312363956705852
0.38375,0.18793873667278704,-0.10533468515069146
0.383875,0.0022835422628637637,-0.20498802420290285
0.384,-0.014237872441560146,-0.23463285499966946
0.384125,0.02346388189442692,-0.1482195327295694
0.38425,0.12598062315880854,-0.17412055311225608
0.384375,0.3130618654786891,-0.05724263841282979
0.3845,0.38957072862764675,0.03514651095712217
0.384625,0.39445511929192506,0.23241267065315965
0.38475,0.4314022813657954,0.4375395193909697
0.384875,0.37901061866090063,0.40898026485635675
0.385,0.22250118169289002,0.15822378315221158
0.385125,-0.07523741900349153,-0.011982106253259945
0.38525,-0.38730982472843206,-0.0617823204058114
0.385375,-0.49784166170862976,0.004861672229337786
0.3855,-0.16306982391233416,0.0820858314273237
0.385625,0.47031583771853414,0.25594287990005654
0.38575,0.6423458933226748,0.399947714146921
0.385875,0.41321992681330005,0.3627827516084251
0.386,0.07878208344686569,0.3228749268262294
0.386125,-0.2551910327870996,0.34603595356106326
0.38625,-0.282163461014957,0.22267611779847996
0.386375,-0.21720468161488404,-0.10520429910159154
0.3865,-0.15838414809486784,-0.33165747060896716
0.386625,-0.06502708210094141,-0.4266624299191582
0.38675,0.13046905183110277,-0.09858026602356731
0.386875,0.3989091003168102,0.4237038673253719
0.387,0.49676227955837093,0.5838995501015695
0.387125,0.39953936233958964,0.3741782848000916
0.38725,-0.056530458315514724,0.05048765004278123
0.387375,-0.26735601027630956,-0.20938518341629916
0.3875,-0.17324945088682064,-0.2830846297074173
0.387625,0.03971349640286632,-0.22107439475491164
0.38775,0.13384286602286471,-0.16556656177776682
0.387875,0.01117237509374714,-0.034602381023307684
0.388,-0.1641310942181382,0.12286123820256839
0.388125,-0.17142782297265652,0.37066264930874926
0.38825,-0.10593437786939446,0.4973019396963643
0.388375,0.09890501924841677,0.3315584395876625
0.3885,0.12410944715091439,0.0026443792182390155
0.388625,-0.12024633798859281,-0.28350404769000775
0.38875,-0.25352296410429503,-0.17965654164960812
0.388875,-0.0012527281015180093,0.0006426268762460117
0.389,0.37960525822215324,0.1181835287028278
0.389125,0.4544485026512409,0.005052836609703914
0.38925,0.2712153969633278,-0.15951175286475028
0.389375,-0.017096030007493955,-0.17604742633827564
0.3895,-0.25386755432762603,-0.07493398923983974
0.389625,-0.3281697468094552,0.058279966480738576
0.38975,-0.2113386246737726,0.12180136268988326
0.389875,-0.20705091143865142,-0.07008638249957545
0.39,-0.3124405097302895,-0.17751285547847107
0.390125,-0.390716500882996,-0.01800432520447003
0.39025,-0.39482015781187385,0.2979902406147234
0.390375,-0.46205217700700213,0.41045255983462536
0.3905,-0.4207981038976641,0.24607279319531175
0.390625,-0.5814614592059174,-0.040440129331980386
0.39075,-0.7004074629525169,-0.1940316621174556
0.390875,-0.6772330962747456,-0.24882102892145272
0.391,-0.3913124630564106,-0.2213525805559342
0.391125,0.05827906016330579,-0.15994901759973276
0.39125,0.31011101699888904,-0.26152916654365016
0.391375,0.16709858016283188,-0.34353656083120926
0.3915,0.03540741744922106,-0.3918064516545
0.391625,0.08585883586083327,-0.4076766063071915
0.39175,0.1645359224855517,-0.3721071215745041
0.391875,0.043527990482856216,-0.48450931646798906
0.392,-0.23794019758273266,-0.6419711344248459
0.392125,-0.22386116031339337,-0.6268896019067531
0.39225,0.23056601531035606,-0.3061099468801109
0.392375,0.8656357972027895,0.031169400968435006
0.3925,0.8213077139557641,0.2729621091125893
0.392625,0.37082529877705644,0.17374798324791632
0.39275,0.00861084182398412,0.055688084985973184
0.392875,-0.23917601057508975,0.09810354377546641
0.393,-0.0058199800881139204,0.1252247904285249
0.393125,0.18833906479454202,0.05405835852382734
0.39325,0.11157137199132248,-0.20570202476970717
0.393375,-0.015614239648943417,-0.19976280679481295
0.3935,0.11724730486643328,0.2382682870393107
0.393625,0.42390007347448067,0.7723126498905338
0.39375,0.6421785154485369,0.7129165382104499
0.393875,0.5541105978627658,0.3873415560629395
0.394,0.14848563625241704,-0.012820319407020742
0.394125,-0.20901896918966067,-0.20827848604841537
0.39425,-0.290267110977651,-0.002399691223029497
0.394375,0.013987368316134344,0.16878461086594349
0.3945,0.3859271303654347,0.10262059809699438
0.394625,0.5438354602845943,-0.004112769739078832
0.39475,0.3751458313444255,0.00516169826398055
0.394875,0.04646713495853036,0.36585600525238904
0.395,-0.08283934583061395,0.5971657618929336
0.395125,-0.09922087858910657,0.4897257895557674
0.39525,-0.10503558997974258,0.13468707451436435
0.395375,0.007103566787963916,-0.20792838139744538
0.3955,0.023718743249396594,-0.2655113894239929
0.395625,0.1025893360558838,-0.005607022695914204
0.39575,0.12990217017606406,0.34872609347336503
0.395875,0.10341323200705614,0.49258135218533555
0.396,-0.1507815208635811,0.3824409105022105
0.396125,-0.5040318695004125,0.033272531141803806
0.39625,-0.7383592065786164,-0.1016362276482482
0.396375,-0.577448407181928,-0.14696841027958768
0.3965,-0.10933796179423654,-0.10180516946953713
0.396625,0.24165702457986016,-0.005562813505250141
0.39675,0.37556372430178564,0.05193828094164947
0.396875,0.24035433724940908,0.0961699744454405
0.397,0.15456914319512216,0.09747698674209583
0.397125,-0.05110259600761707,0.10492777472336068
0.39725,-0.2265354434274456,-0.11486971549651614
0.397375,-0.3354185888084717,-0.4314762291129741
0.3975,-0.33720307321145404,-0.648008433677867
0.397625,-0.12609089244026175,-0.49560491043494664
0.39775,0.1250795564883557,-0.08860415086640842
0.397875,0.1839307682973924,0.22335237864160237
0.398,0.017588121114943178,0.2922454087757917
0.398125,-0.09984338064942819,0.21037209480665156
0.39825,-0.3003375603978439,0.04005013042915585
0.398375,-0.3774346665818755,-0.028081237704252974
0.3985,-0.4369129161509855,-0.141343450641216
0.398625,-0.31816216754421833,-0.28719488413665917
0.39875,-0.13885911017791616,-0.30229045814760075
0.398875,-0.14297955896644177,-0.08784230437369486
0.399,-0.18064343439049887,0.13652907332849562
0.399125,-0.2945414189976806,0.13186108144764655
0.39925,-0.15446256361935634,0.00036064771681464515
0.399375,-0.05070838830031265,-0.11184221101063119
0.3995,-0.12332478453378402,-0.2809628242205317
0.399625,-0.43084106005940365,-0.3940604896156499
0.39975,-0.5485650895675968,-0.3572626932183264
0.399875,-0.3150958895913527,-0.27644639992757974
0.4,0.1365095596131048,-0.12876896760123901
0.400125,0.40833306562451416,-0.12298844481060679
0.40025,0.35905510052801937,-0.19012631047633316
0.400375,0.2906814684088913,-0.22952520326228595
0.4005,0.3660329846341584,-0.1394542017185954
0.400625,0.4191421755587744,-0.03660149341777029
0.40075,0.36126093918668506,-0.07780352768396923
0.400875,0.2335294457111073,-0.35842967529623315
0.401,0.2342474193454117,-0.529219582153314
0.401125,0.6120514530525243,-0.28024937093582664
0.40125,0.9577131154728412,0.1287580804936213
0.401375,0.8140513749785967,0.34280586122082246
0.4015,0.3020410809115162,0.3018044105930438
0.401625,-0.17292794032089023,0.3105565766410599
0.40175,-0.3816725805867976,0.31119094272893416
0.401875,-0.4767532364196387,0.3792350358653031
0.402,-0.33792662659513667,0.3341307691827877
0.402125,-0.184847790461564,0.19132679013036843
0.40225,-0.1975175473832834,0.23666316303864038
0.402375,0.05706020378682383,0.4749888111004358
0.4025,0.2747986316438432,0.8204541227707278
0.402625,0.31508640004812205,0.7194253900881166
0.40275,0.1638848903940077,0.24457464447882418
0.402875,-0.07857525809519826,-0.15356577722240655
0.403,-0.37118797398288467,-0.271044482134421
0.403125,-0.27899017513385316,-0.3766918440803077
0.40325,-0.021558023405632634,-0.27703950443838576
0.403375,0.22705240040477356,-0.18870007951309
0.4035,0.3616758182700023,-0.19070780891275674
0.403625,0.2851147835387237,0.05209220808461606
0.40375,0.2058632139289632,0.27659682895710963
0.403875,0.09664945582923382,0.25757397041997987
0.404,0.003828909669999477,0.14877294132392632
0.404125,-0.040328509451562154,-0.0530096019683163
0.40425,-0.2514105168366556,-0.32993684354131575
0.404375,-0.311815120708025,-0.279101398435145
0.4045,-0.09768414283644153,-0.009107088852497662
0.404625,0.1766181191733009,0.20361390231420823
0.40475,0.4300201691362381,0.3040478212145877
0.404875,0.3947386193104735,0.28527710375060605
0.405,0.1520689098585996,0.17578739726533932
0.405125,-0.1923566349077693,0.021288158853806197
0.40525,-0.40115170599320565,-0.0008185435500699775
0.405375,-0.23104756330664725,-0.10342704039613605
0.4055,0.12931911597016973,-0.23142880721579837
0.405625,0.4578516311045979,-0.2555538646109394
0.40575,0.4977515026233544,-0.07282815650340074
0.405875,0.2818565686143256,0.17840785428805522
0.406,-0.12610182786617605,0.3668845322616428
0.406125,-0.3009791750034235,0.3795744018925265
0.40625,-0.4589437543392703,0.14774584906005442
0.406375,-0.47360614062074763,-0.21382025295389978
0.4065,-0.415843199509168,-0.38972055435257064
0.406625,-0.3378368133817195,-0.237325163506803
0.40675,-0.1967856453962661,0.11887847329006326
0.406875,-0.05697413762098419,0.4133206155898476
0.407,-0.061603304943557445,0.4283585654937798
0.407125,-0.09066182327853377,0.2002180217696723
0.40725,-0.2898931782426648,-0.07827284566729842
0.407375,-0.43910274731633725,-0.2908114830829225
0.4075,-0.5242407706067499,-0.3643220786305037
0.407625,-0.33366695530603324,-0.45019411956595773
0.40775,-0.3033387880597715,-0.4042248059023933
0.407875,-0.3924273486111528,-0.28313542228438915
0.408,-0.3626930473437976,-0.13555228884398346
0.408125,-0.13220550174827092,-0.05710985126078904
0.40825,0.39502528468476794,-0.08828233078162781
0.408375,0.48039499385667117,-0.08599051507984551
0.4085,0.13018894841230974,-0.21608007563159684
0.408625,-0.29476327656173107,-0.42315885774312534
0.40875,-0.3840199855027693,-0.42513740453992954
0.408875,-0.020939469122949254,-0.2769526027677341
0.409,0.47761790149114997,-0.25784460103375245
0.409125,0.6398512795320775,-0.3334576521862815
0.40925,0.37596072227625515,-0.3790865031138181
0.409375,0.048906101368502375,-0.1006323004108188
0.4095,0.0420250976354033,0.3243519758992411
0.409625,0.1416011683893343,0.4772431621217488
0.40975,0.11267583156540778,0.10620293734602651
0.409875,0.14240523304222819,-0.2686010487065286
0.41,0.2931813863977461,-0.34110850773517415
0.410125,0.48003779333790425,-0.024868064364285052
0.41025,0.5818404538517323,0.4215607262693122
0.410375,0.6636214062797299,0.5541561325932801
0.4105,0.4083836449597815,0.3916227269176415
0.410625,0.00019548444693470458,0.10005868750680545
0.41075,-0.38605461039649414,0.04132193484724238
0.410875,-0.5216828295449549,0.17684989478629953
0.411,-0.31990334018168265,0.08248065787978379
0.411125,0.2115687402073689,0.15024261622980845
0.41125,0.5140312093067382,0.280782545136273
0.411375,0.580196854194072,0.40768461894689684
0.4115,0.20166606605813775,0.5512950492035419
0.411625,-0.04002949354103105,0.6151342411418613
0.41175,-0.0030693041188491685,0.37750913043598977
0.411875,0.0577799112458416,0.024687558434928904
0.412,-0.0858779813076932,-0.35832707692141835
0.412125,-0.3849281083248688,-0.513184354501404
0.41225,-0.45863549222662137,-0.2778693036136949
0.412375,-0.15769335309949714,0.13918450176301844
0.4125,0.07958521736772013,0.4939534446214765
0.412625,0.16393791257946044,0.46777936601837233
0.41275,0.15395535263728927,0.19926653558274998
0.412875,0.13395755037519666,-0.015081446847954434
0.413,-0.006384751254270021,0.016570310881631006
0.413125,-0.09058674385063535,0.03958188604921744
0.41325,-0.15346654489153513,-0.057776538098548
0.413375,-0.1166369969303365,-0.3493734970502784
0.4135,0.03792380918568204,-0.4393999831043228
0.413625,0.19680275419625887,-0.2193147310243138
0.41375,0.21665600926853182,0.06596448367993661
0.413875,0.009233264279900495,0.1249144101198765
0.414,-0.1697864602428359,0.15649832735996436
0.414125,-0.3500564587787985,0.08839782509352621
0.41425,-0.3199279643251621,0.005311147089888751
0.414375,-0.13793937708283316,-0.09888331188885884
0.4145,0.030104387389060752,-0.13943224888307706
0.414625,0.17762249805255437,-0.15711737473695161
0.41475,0.09640670551469187,0.020739210341026687
0.414875,0.01204516762657115,0.170743686438727
0.415,-0.07071970919852527,0.15149441471251984
0.415125,-0.24850534986411618,0.039599326557965185
0.41525,-0.3502731301234891,-0.15813887319664974
0.415375,-0.4604123570201205,-0.2953057406554146
0.4155,-0.4883590984127325,-0.31529190466336066
0.415625,-0.42836713900202333,-0.1263729658939545
0.41575,-0.09584640545366366,0.08212394811229033
0.415875,0.30005974699031307,0.10623527634373751
0.416,0.3622078662636218,0.13027969614870183
0.416125,-0.10646565674425723,0.008130784471192375
0.41625,-0.7348786994397932,-0.09311224286748175
0.416375,-0.8829254496578228,-0.17791801437537663
0.4165,-0.6144230273049192,-0.3248902195115571
0.416625,-0.059551960704043,-0.43125038712736796
0.41675,0.3785016693908859,-0.4428429972056655
0.416875,0.4185114708136261,-0.41717398065759
0.417,0.24276162015306835,-0.09767166889611247
0.417125,0.12708545579846656,0.2770283221751273
0.41725,0.11326414917004196,0.29875086770478904
0.417375,0.06822876449457434,-0.1418812549652282
0.4175,-0.07364133679951303,-0.6248243128068365
0.417625,-0.08115836584222616,-0.7989385253680745
0.41775,0.13460040000089105,-0.5231684002163056
0.417875,0.463335568227912,-0.013420878551762478
0.418,0.5462662676920558,0.31163894802901615
0.418125,0.3474191473234739,0.4069628485639752
0.41825,0.05793095141986321,0.19572662321322007
0.418375,0.057458163819362265,0.08378873883356654
0.4185,0.07029243282042535,0.08499126122581258
0.418625,0.2268140912542283,0.04352808776956716
0.41875,0.34744172439488086,-0.06777449269558433
0.418875,0.3298914704419393,-0.10155624457822228
0.419,0.35707668403894244,0.08578521133969447
0.419125,0.3817250412925042,0.4080002509358694
0.41925,0.31073540813122735,0.5187990595155972
0.419375,0.28299967309877516,0.3115087841843531
0.4195,0.17849736741399372,0.07806550837892236
0.419625,0.00859132527821542,-0.003211543301900398
0.41975,-0.0592594367317792,0.08652018467304688
0.419875,-0.02260527198496211,0.14855334280524
0.42,0.13869147617099833,0.2810069025785414
0.420125,0.22969636886068728,0.27852230583426135
0.42025,0.062344739541214035,0.23156817356617976
0.420375,-0.03777435765502118,0.34620975126022524
0.4205,-0.062201410708825594,0.33644464825278575
0.420625,-0.10142892933639644,0.250401375693996
0.42075,-0.13613570896675117,0.13741806399586431
0.420875,-0.21033971175694632,0.03474649336263497
0.421,-0.3252894194856064,-0.06375850906669234
0.421125,-0.15424811052103818,-0.08827910000772972
0.42125,0.19232513652754932,0.12975471750657316
0.421375,0.32382912585339163,0.1898371958056191
0.4215,0.1811747928568923,0.019448048495474254
0.421625,-0.021782489163889685,-0.04422591304624386
0.42175,-0.21620858170003998,-0.07634704425741433
0.421875,-0.4252874614041594,-0.05613179900805986
0.422,-0.35033375100687775,-0.16717877607251505
0.422125,-0.19132101640003174,-0.2508638892997292
0.42225,0.024706422098734068,-0.29057780957387025
0.422375,0.24837958594275833,-0.13578941402993025
0.4225,0.25588995265856046,0.1830028217230376
0.422625,0.16466654863957547,0.28340481246933114
0.42275,-0.1273364571381553,0.16175589705567503
0.422875,-0.31477094583703075,-0.059678087639164455
0.423,-0.3778027167319625,-0.24962356985379672
0.423125,-0.3382714637295996,-0.2768507916592793
0.42325,-0.24632698048188945,-0.3313270256678107
0.423375,-0.32312605678530876,-0.19504915200987935
0.4235,-0.1734911512009458,-0.009501357513300685
0.423625,-0.07000203562602643,0.17643897984745863
0.42375,-0.1215513963625713,0.2708302861989352
0.423875,-0.11899725728717557,0.1128538447855728
0.424,-0.25376338939112897,-0.08244146279393666
0.424125,-0.4186799031238178,-0.2580384063331394
0.42425,-0.4228894670956296,-0.37873719583821486
0.424375,-0.25863838210982637,-0.23916449673219686
0.4245,-0.1892491933280904,-0.2155978380773352
0.424625,-0.1453018074930861,-0.20831371781429392
0.42475,-0.032055671447967046,-0.19300512417938073
0.424875,0.1693574947903832,-0.0384118804766287
0.425,0.12948632418001094,-0.06343406784289486
0.425125,-0.16794850132925468,-0.11205932567813642
0.42525,-0.4875367656668392,-0.21607969738181645
0.425375,-0.31509277207468955,-0.3555949283788161
0.4255,0.210219519624272,-0.3464203690965104
0.425625,0.5702404004752458,-0.21781380621019206
0.42575,0.692479168747831,-0.11625230456020717
0.425875,0.5896381720000914,-0.09291701964228409
0.426,0.4721016667099396,0.0023367518307923236
0.426125,0.45347316542373706,0.12139725190226207
0.42625,0.43293713495172514,0.20194781199322434
0.426375,0.23469629519063648,-0.10987127941242461
0.4265,-0.007955269813019427,-0.44109192846557754
0.426625,-0.062422612572865376,-0.23534274854878237
0.42675,0.1360594385393261,0.1970085359818235
0.426875,0.372124447257715,0.5404264543339385
0.427,0.2886200947229806,0.6038507299514608
0.427125,0.06618737747664308,0.48523309821426935
0.42725,-0.11845133394586739,0.433883840036652
0.427375,-0.19035680832803062,0.44661514421313186
0.4275,-0.17530850742620527,0.3899555733284979
0.427625,-0.08275252985352873,0.15879551922425864
0.42775,0.10877453522293108,0.019448812656898688
0.427875,0.18887176529653227,-0.0413344774245969
0.428,0.18340874422115117,0.13477673571972823
0.428125,0.18057257168467075,0.26343285440241493
0.42825,0.06592407821293116,0.22705678927159276
0.428375,-0.12654190944283708,0.08201799293208148
0.4285,-0.3483373248661629,-0.09428477793770182
0.428625,-0.38644082295837795,-0.1398664057478541
0.42875,-0.17678615417487417,-0.18547235150124367
0.428875,0.056097850250249985,-0.07684959922251768
0.429,0.41705790998954134,0.12259292054257538
0.429125,0.4347873918298626,0.24306369181087598
0.42925,0.2501229771617981,0.14769571915473967
0.429375,0.058326923118820484,0.10089568404598713
0.4295,-0.057994817565885814,0.029840793348125706
0.429625,-0.10540428643230666,-0.120103035144271
0.42975,-0.20099964725809782,-0.35843412584637
0.429875,-0.17426346649217767,-0.3144226567204917
0.43,-0.036257196828129556,-0.14640504485458894
0.430125,0.06697772734348673,0.11241371113854523
0.43025,0.239704219568091,0.38046636637216136
0.430375,0.34559466222149643,0.38249238269968494
0.4305,0.16447392347946851,0.2589798901738135
0.430625,-0.17604090629832472,0.04096696984759031
0.43075,-0.4132806016650153,-0.06210519757560925
0.430875,-0.4491332705020863,-0.11721578350443082
0.431,-0.23817221095444985,-0.1412224343053392
0.431125,-0.01993241738594244,-0.15934436683491485
0.43125,0.10604587630102702,-0.041435469428981964
0.431375,-0.007808081445360689,0.06871520326725508
0.4315,-0.032572270798447156,0.2396762793307881
0.431625,0.06154442066309319,0.3139591442347485
0.43175,-0.12129290115345318,0.1261571041815245
0.431875,-0.30532830866543653,-0.1693393222332599
0.432,-0.47828835452443397,-0.42782204694416326
0.432125,-0.5923532298017564,-0.4074843474531167
0.43225,-0.4763730010857125,-0.22046212150336533
0.432375,-0.2292962193485386,0.030979415080830824
0.4325,-0.07071892057723446,0.1327464950599523
0.432625,-0.07749017153833368,-0.00437997080556265
0.43275,-0.3569645607325996,-0.00466814263296678
0.432875,-0.6036719234274784,0.11020196267057833
0.433,-0.35424765322427704,-0.10362962579387766
0.433125,-0.06310977442434158,-0.22713079196310307
0.43325,0.056646625694476774,-0.4990529077754766
0.433375,0.06542365145419275,-0.564769882807698
0.4335,0.020017928607101155,-0.3926849270392186
0.433625,0.03262626015394659,-0.2099333858157536
0.43375,0.19562413905476653,-0.1027506831698496
0.433875,0.27294154797724507,0.006880193954886874
0.434,0.2766297264348108,-0.34969670203968184
0.434125,0.23162149049339864,-0.5724745414501412
0.43425,0.27697768406363954,-0.33835771883318416
0.434375,0.4479412695095983,-0.06925903624418507
0.4345,0.6499286043856123,0.0038146772572046623
0.434625,0.6935280740752569,0.021640273025980185
0.43475,0.4136879327154587,-0.034455141484942206
0.434875,0.1540291824861436,0.050817219598339354
0.435,0.12070316584957526,0.1659053543892616
0.435125,0.2698720547956719,0.28927677055877293
0.43525,0.1399114883487847,0.275777780085532
0.435375,-0.12321230503899688,0.2169950953582353
0.4355,-0.35175394745341987,0.23554494772266155
0.435625,-0.2476238549479109,0.37375315115126406
0.43575,-0.02357704823200375,0.6427636195063701
0.435875,0.05802053311028949,0.6100463651823839
0.436,-0.0067203380777282815,0.39687455213953415
0.436125,-0.0954320157608552,0.12407454038597575
0.43625,-0.02931766550024556,0.11415942834627492
0.436375,0.19021541263145184,0.20351498347993904
0.4365,0.2358449014398641,0.1741757059855513
0.436625,0.10966526947256457,-0.10557628242068329
0.43675,0.04071366653551965,-0.2797469971641433
0.436875,0.07314798646322283,-0.22223843810736096
0.437,0.08334880554052417,-0.0213384255371532
0.437125,0.07517445563618792,0.09060883812604004
0.43725,0.17427881139476692,0.01968525102731356
0.437375,0.08412863138923468,-0.08797325093133031
0.4375,-0.10782537486158845,-0.009388629575558737
0.437625,-0.2907008403476095,0.1857979006724337
0.43775,-0.28945858588784945,0.2310824417468502
0.437875,-0.061279204056564125,0.11641371348049893
0.438,0.1878073196300824,0.001091604604566082
0.438125,0.12562172645006464,0.03775331405625063
0.43825,0.03431985911071905,0.0816737481643983
0.438375,-0.2032182097536348,0.1443151558331038
0.4385,-0.16073276584168433,0.1170693574088747
0.438625,0.02260666764798569,0.04700117624026673
0.43875,0.09638205910880916,-0.10439878623354279
0.438875,-0.03921877520360626,-0.24453183966362582
0.439,-0.08618323637903118,-0.25564081272384764
0.439125,0.09823798028707692,-0.05117472464413575
0.43925,0.2574785768093902,0.20750111129132864
0.439375,0.11720522218422685,0.11371639498343868
0.4395,-0.20165418739633736,-0.02518300677833544
0.439625,-0.523799324885869,-0.18647212286503106
0.43975,-0.5477627032299901,-0.10880595377202107
0.439875,-0.5071539774249136,0.01938796778799663
0.44,-0.2802041320485087,0.08673317718087778
0.440125,-0.05486564728755104,-0.017523950260463994
0.44025,0.08222197132862057,-0.06055143011114601
0.440375,-0.04676547611171812,0.0773227252934006
0.4405,-0.22387757290062257,0.1900634626665854
0.440625,-0.2679727962902282,0.12279364749662777
0.44075,-0.20030925027901958,-0.16474529865904444
0.440875,-0.34130166183030863,-0.4689069131365907
0.441,-0.47801821114220416,-0.539317825486897
0.441125,-0.4281339774750793,-0.3988361784610563
0.44125,-0.11263594569136963,-0.2675672373528693
0.441375,0.1437909895856999,-0.05857410239085933
0.4415,0.30815541205131186,0.051230063604957604
0.441625,0.20772209174827205,-0.08147710282716178
0.44175,-0.07320977228959435,-0.23810201464431946
0.441875,-0.038359320585447616,-0.2617596140405281
0.442,0.07324636120650539,-0.21963372986351787
0.442125,0.18917140059163337,-0.29958395190114995
0.44225,0.2749111965563784,-0.41529948539427153
0.442375,0.17378302918391508,-0.3922564540928154
0.4425,0.20081392451423377,-0.11852704935386055
0.442625,0.32222338535154466,0.14571052612909427
0.44275,0.33745780298317724,0.29010993489749437
0.442875,0.2116999400074432,0.1683753122995282
0.443,-0.0005230082481983512,-0.049511240883427815
0.443125,-0.20228135746750212,-0.03019068337992947
0.44325,0.026044413536995527,0.08285034618965596
0.443375,0.2788445856855659,0.19607542458489713
0.4435,0.4233432211226695,0.2151732096058003
0.443625,0.2436298422478346,0.1714861915889751
0.44375,0.006099189232571166,0.1693504687805014
0.443875,-0.2579934508883796,0.25030883517471836
0.444,-0.15429462157549298,0.31730473900966577
0.444125,0.11575937594211025,0.24426077344985117
0.44425,0.19398355219949465,-0.004594575523514424
0.444375,0.20729183064781964,-0.1668390938709435
0.4445,0.02047241766400612,0.0025413211493816633
0.444625,-0.012138707546566036,0.24157472470021596
0.44475,0.2850243784866816,0.3691146583457619
0.444875,0.4901681203869542,0.225696975175343
0.445,0.3739049751385693,-0.051324741753401425
0.445125,-0.022959570737966895,-0.2107916619476869
0.44525,-0.25726619239372406,-0.12440784043828314
0.445375,-0.1583891277146777,0.08729916465140768
0.4455,0.1080420853184357,0.20596913409560927
0.445625,0.2756032863679988,0.16899067790685707
0.44575,0.2121070517067484,0.06756240655381908
0.445875,0.08401240654134594,0.006818481674643187
0.446,0.07063975711973149,0.19807230504929052
0.446125,0.10193297000497972,0.45059820303563225
0.44625,-0.22246354096695123,0.38121729153769723
0.446375,-0.39413972262869595,0.010248288264665147
0.4465,-0.49230945673853377,-0.19578919996000493
0.446625,-0.3038503766865386,-0.18012542728570585
0.44675,0.12462297264410097,0.09605199532104167
0.446875,0.43821124162619457,0.31619042719395474
0.447,0.3356140830763415,0.21512486124413252
0.447125,0.04624664717473358,0.0713200616409642
0.44725,-0.1763070228016233,0.09283878368064652
0.447375,-0.4705281664348943,0.02356680790433025
0.4475,-0.47883607245464926,-0.11365130179010449
0.447625,-0.3448609252837188,-0.33965182549449124
0.44775,-0.09470854989652179,-0.4512527608709353
0.447875,-0.08442348929152711,-0.22148727928333284
0.448,-0.1097719224349839,0.14268858465437428
0.448125,-0.006680619657875378,0.37684478845113745
0.44825,0.01796978136878249,0.2819052159709756
0.448375,0.012767209174540236,0.07337388860514771
0.4485,-0.13676825437655563,-0.20880048690686798
0.448625,-0.2632621859485675,-0.3354356848954889
0.44875,-0.3045202491832959,-0.42166731565763504
0.448875,-0.171562703303672,-0.24423840675444392
0.449,-0.13734319097988243,-0.07199276923529838
0.449125,-0.07886020545589574,-0.04904016253778846
0.44925,-0.11702982972004664,-0.09837236324133555
0.449375,-0.2234354355217565,-0.053443240080750215
0.4495,-0.13195920531071234,0.03177676013108993
0.449625,-0.16026593869362368,0.028795264962828485
0.44975,-0.17117219971595904,-0.14989200648001832
0.449875,-0.09445675824803551,-0.28007512504079823
0.45,-0.08155637466571741,-0.2720484725286179
0.450125,-0.07722504316276331,-0.18540688101423752
0.45025,-0.07881315912125901,-0.07249666311185299
0.450375,0.09211685993689332,-0.0642656411194228
0.4505,0.26586596835661597,-0.1356530489277181
0.450625,0.09227478795483798,-0.18368627514304642
0.45075,-0.1297699101097615,-0.1210141637643478
0.450875,-0.19006296933592562,-0.16930248928274627
0.451,0.14444299085341822,-0.19459552032788774
0.451125,0.4948310054659983,-0.09284259664850215
0.45125,0.5883592781272319,-0.09309371774121875
0.451375,0.3654228426528225,-0.08832698118142594
0.4515,0.1913619578928793,-0.04159189618036745
0.451625,0.25071829734887774,0.10430846865403712
0.45175,0.33678929848783995,0.26099015469141845
0.451875,0.3346057883128494,0.07818781639048922
0.452,0.13058570105542477,-0.14326024981551377
0.452125,-0.10309487729067457,-0.15998714430153924
0.45225,0.0162591009254601,0.10625529343507557
0.452375,0.18665331202076632,0.46155876726337985
0.4525,0.1806137032216338,0.5209776381435928
0.452625,0.07780111347685503,0.3138676288988077
0.45275,-0.0938384173686725,0.18723734978720188
0.452875,-0.053725804562699146,0.185622349603322
0.453,0.08203887859929813,0.2515921012602405
0.453125,0.06451118916978893,0.3078331489246079
0.45325,-0.04675983703163627,0.09893705819543813
0.453375,0.12645437951999866,-0.03176119627646177
0.4535,0.4262223661345216,0.011175554047950996
0.453625,0.5808262599025689,0.17116620371741442
0.45375,0.3811835568127363,0.2213675861890977
0.453875,0.032838044552981144,0.10358599848924699
0.454,-0.07135609581176011,-0.09951024874479905
0.454125,-0.03546597395466947,-0.06427940884592172
0.45425,0.018378080758500864,0.032417176129426885
0.454375,-0.07340865288460403,0.03739553580632506
0.4545,-0.12256863051768513,-0.04183008456335685
0.454625,-0.009348713696067417,0.0660280963942209
0.45475,0.07913207088592052,0.36208810269884245
0.454875,-0.07908587022034315,0.5429007602583649
0.455,-0.29215416718929044,0.3182002717855638
0.455125,-0.4460442422724658,0.06220405638515556
0.45525,-0.3502478427554673,-0.09780461149837232
0.455375,-0.12763082027400235,-0.06273259261132337
0.4555,-0.07458921468039459,0.013523131649876943
0.455625,0.05265872294442182,-0.07319981210369278
0.45575,0.16217201510578894,-0.1308996579166834
0.455875,0.24502281165954035,-0.012218315091097812
0.456,0.09061462787528711,0.04429263609068382
0.456125,-0.27808780472165784,-0.07042457609375807
0.45625,-0.5724901207693609,-0.25187164155756514
0.456375,-0.5161514105934084,-0.41878477075540893
0.4565,-0.19467915224071983,-0.3108452804369366
0.456625,0.058219237046482075,-0.11431496920188387
0.45675,-0.014044772529514514,-0.0396975866419731
0.456875,-0.1500138838042926,-0.009276473254418386
0.457,-0.23114073945189967,0.09143451180791387
0.457125,-0.28289164384695037,0.2124862701625377
0.45725,-0.3298816150546255,0.13892201453463546
0.457375,-0.49872861028731996,-0.22450048978183598
0.4575,-0.5664211129053697,-0.4869577829981262
0.457625,-0.44349930065963983,-0.4697123901681073
0.45775,-0.14047008459798174,-0.16355992839700229
0.457875,0.1685610709495725,0.036960208709484015
0.458,0.2795982828495922,0.006967160789519396
0.458125,0.2480040770296218,-0.15445117167507239
0.45825,0.018754623877638234,-0.25155858770757544
0.458375,-0.06947274107049418,-0.25960728697866775
0.4585,-0.10019137748131217,-0.2815209679027124
0.458625,-0.06586521092813782,-0.3851562123563963
0.45875,0.02185339597104192,-0.4582032811994409
0.458875,0.21251899553307618,-0.3410802324285517
0.459,0.39408208958039403,-0.1632477554117761
0.459125,0.4799664280050818,0.15126527181335725
0.45925,0.40450197533030197,0.2419607878507333
0.459375,0.2586472757895826,0.19612392009436114
0.4595,-0.07040257238501264,0.0074451089272520275
0.459625,-0.21571773109752035,-0.11235268157860377
0.45975,-0.16519213135070696,-0.12465881148483647
0.459875,0.047714840973154704,-0.10542037895032645
0.46,0.30784150959635337,0.0176147298277652
0.460125,0.3959646452452521,0.194951719132607
0.46025,0.4441953376891322,0.3327063105095341
0.460375,0.42606035512978735,0.4022724331462497
0.4605,0.3633374129890141,0.438744921145172
0.460625,0.35669953063158744,0.1651569510009844
0.46075,0.3512392346407057,-0.0635730468488032
0.460875,0.11135102928317614,-0.1866228680549601
0.461,-0.10771449862195874,-0.13859892661530335
0.461125,-0.13581567187803772,-0.0037524340810119947
0.46125,0.1115885706577308,0.26843454800524635
0.461375,0.3143901793628019,0.42820011601137314
0.4615,0.30417607138566405,0.400303455735908
0.461625,0.0544699866521553,0.39274060629909285
0.46175,-0.054195132851258196,0.321677407024549
0.461875,-0.13941512837197925,0.2878494458687121
0.462,-0.17699149438791095,0.26113618991091353
0.462125,-0.043080899682081064,0.07338927499994018
0.46225,0.15580532439322345,-0.14027819554719836
0.462375,0.10787121306849272,-0.10089548293173266
0.4625,-0.05341444145180419,0.11239088826114191
0.462625,-0.24005403196460004,0.2311417262654158
0.46275,-0.2891944576039051,0.24043238438703937
0.462875,-0.23769605540560593,0.058070209687337906
0.463,-0.10625385557621485,-0.010639228158365583
0.463125,-0.017967212672064147,-0.17572841370827125
0.46325,-0.02056903437579865,-0.15679109718180254
0.463375,0.10567452938575576,0.0039050220148867925
0.4635,0.10787360272926139,0.10532576201379712
0.463625,0.11403118338840762,0.08787619069623245
0.46375,0.058280533951511004,-0.06584453492053731
0.463875,-0.12685078941578964,-0.21134027028886365
0.464,-0.19656295104780697,-0.2941059334312419
0.464125,-0.2075526364561664,-0.20772005522314438
0.46425,-0.21313798709698248,-0.12893662253278723
0.464375,-0.259466433802515,-0.06403665656230546
0.4645,-0.1956647142626372,-0.006142006961871647
0.464625,-0.1787204398921857,0.08764403846627061
0.46475,-0.017846986513011087,0.12253971549654673
0.464875,0.24201702678617998,0.1026713342758461
0.465,0.03115103331658285,0.05752653548632088
0.465125,-0.37309017948740375,-0.1284373077039005
0.46525,-0.6240367098176078,-0.19336363417915461
0.465375,-0.4267755173722739,-0.16392587166076164
0.4655,0.0029242377507363872,-0.20431540317732322
0.465625,0.188788834708261,-0.18407618422101665
0.46575,0.021756649961674174,-0.18217354540117447
0.465875,-0.14757326777004237,-0.183187455069927
0.466,-0.28210807520663883,0.003755729487437241
0.466125,-0.2511666313713599,0.19754648840237024
0.46625,-0.3108371721435752,0.014366796069022442
0.466375,-0.196966119926871,-0.3655864017315412
0.4665,-0.18312654701057088,-0.5664626206268674
0.466625,-0.06933263850660894,-0.3538310017701282
0.46675,-0.020855710909955482,-0.02492405308637602
0.466875,0.31215760484123234,0.10536402856919144
0.467,0.37238480480206393,0.0034328662378514166
0.467125,0.3299841967946576,-0.18038421174739705
0.46725,0.07554525996861772,-0.25369338143499726
0.467375,-0.03636535911595177,-0.2715413874755502
0.4675,-0.038383508666001376,-0.2593384605264405
0.467625,0.1726598358543497,-0.19006516705239246
0.46775,0.38157943123826343,-0.07132698747588737
0.467875,0.6338843447051873,-0.13189019553622278
0.468,0.6913813008495511,0.07619948485250115
0.468125,0.4597173717753655,0.25058910316787913
0.46825,0.10040402015486316,0.3678635001090554
0.468375,-0.1437806773566494,0.2718056059562538
0.4685,-0.2813402530473937,0.04420064323816165
0.468625,-0.3251531756951022,-0.020123281454377744
0.46875,-0.2540870665938738,-0.01663107745249628
0.468875,-0.051910306508047586,0.08479552918817441
0.469,0.13822888389875682,0.3697239935446928
0.469125,0.2538459880890325,0.6030345884611809
0.46925,0.4195940151806185,0.6385843421550744
0.469375,0.3408326582877417,0.4148375532083663
0.4695,0.19827398122838177,0.09978450725874166
0.469625,0.10121817975922304,-0.10986938374402189
0.46975,0.13094111453339105,-0.2733972123319023
0.469875,0.04745380437992384,-0.2903457084645042
0.47,0.01232274223684941,-0.18344144801291
0.470125,0.0592441076543412,0.015261533199759496
0.47025,0.1231523251049549,0.08931601370913721
0.470375,0.06708135487725178,0.20465031338914688
0.4705,-0.14384998139545543,0.3393208041840081
0.470625,-0.27607577900250524,0.31433045339456045
0.47075,-0.12408233241734795,0.20502380158007324
0.470875,0.03430550975558478,0.0659070905219396
0.471,0.11734156488034343,0.07624055382485861
0.471125,0.12703359813053647,0.06576293229040632
0.47125,0.1400212695384241,0.052706501234515965
0.471375,0.2564422608307208,0.05615917670327341
0.4715,0.15766093107849996,0.05631420075796023
0.471625,-0.025925701656146802,0.05344199024024766
0.47175,-0.2597876581515889,-0.09452558814103366
0.471875,-0.34943687677001284,-0.24130653989698012
0.472,-0.32999909566584607,-0.08684352864888589
0.472125,-0.13412927730022933,0.06654040696279812
0.47225,0.1207455030450954,0.1449940944806378
0.472375,0.30121186373929726,0.13619165795216934
0.4725,0.36044024489990095,0.12343086994411555
0.472625,0.1471508624254109,0.20095769059719454
0.47275,-0.15827788697565728,0.14990550885826556
0.472875,-0.43138285157917816,-0.04197322246443596
0.473,-0.5949016371303746,-0.2466044864277293
0.473125,-0.6181093396543668,-0.3209844630604553
0.47325,-0.37572680142667797,-0.24685209845972403
0.473375,-0.04718483198297066,-0.10367024648327043
0.4735,0.0925296174427936,0.11939546200547044
0.473625,0.02275389809785724,0.29787204837280756
0.47375,-0.1791150849524758,0.3333912639593813
0.473875,-0.34829165567124937,0.18199396539969973
0.474,-0.532837437467262,-0.19069775359651184
0.474125,-0.5620095592180475,-0.39818747508503366
0.47425,-0.4612152894454342,-0.542713023346105
0.474375,-0.21826224411994294,-0.5243204062055183
0.4745,-0.13218392745154284,-0.33085954385546446
0.474625,-0.12099628107989596,-0.06652375586223765
0.47475,0.03230918202841745,0.1053942478341177
0.474875,0.19615444057422243,0.043248125095969016
0.475,0.22313444295016943,-0.10125491263190631
0.475125,0.10768456542559796,-0.3217132213441414
0.47525,-0.0695145690975885,-0.4088602857703199
0.475375,-0.06257522626901503,-0.5018226083312903
0.4755,-0.006003661086454812,-0.4403774869222835
0.475625,0.1237625767452831,-0.1842613843775322
0.47575,0.393347402224502,-0.08732776740419766
0.475875,0.7118004516304883,-0.10919547840933175
0.476,0.7888488908540502,0.013360481865860597
0.476125,0.4149259717919871,0.1301080480547808
0.47625,-0.07423944156491687,0.19167521193481515
0.476375,-0.2835655694610285,0.09459228096079865
0.4765,-0.09067935072892129,-0.03868938193173278
0.476625,0.2947860163188565,-0.09576720123913733
0.47675,0.37396412219081177,-0.023356773121013846
0.476875,0.1952992852287192,0.11707537489581822
0.477,0.03779091334625276,0.389238694769748
0.477125,0.070484669664007,0.6181750695947885
0.47725,0.3071279637783441,0.6910014909015527
0.477375,0.39646477019442944,0.39422901667170646
0.4775,0.17129220227279246,-0.019021585652376088
0.477625,-0.07533048988823413,-0.2475562527860922
0.47775,-0.06492481010050304,-0.08862169413821595
0.477875,0.20678082319776622,0.2155660926437545
0.478,0.28079271374627157,0.30678726501136583
0.478125,0.05342908875483063,0.18625132129952937
0.47825,-0.11670477832608729,0.0069966499005211106
0.478375,-0.0777152178937504,0.06321794994756423
0.4785,0.013306620858890481,0.32754667524054004
0.478625,0.06323051255897154,0.36633354374626304
0.47875,0.022790889136231264,0.18189030145097915
0.478875,-0.04517517812123,-0.0901235944874101
0.479,-0.05309519291970289,-0.02604309459496209
0.479125,-0.0020034458830516778,0.17384436410122006
0.47925,0.1933354402997774,0.2843726786172368
0.479375,0.17913670791001893,0.08817144774185733
0.4795,0.012899874383553537,-0.15063153430998125
0.479625,-0.2179075407912387,-0.08820341209725002
0.47975,-0.27446264477893256,-0.0001235487342994647
0.479875,-0.144966350132527,-0.019096223834863004
0.48,0.027541418051495053,-0.014655995104521912
0.480125,0.022498010292648845,-0.0393147415439167
0.48025,-0.11006118492407167,-0.09803049219208873
0.480375,-0.08541012349605544,-0.03365346894600764
0.4805,0.0006237274030513145,0.1732002040815698
0.480625,-0.012777500851963322,0.20365924491985
0.48075,-0.1139669365969669,-0.01628666834925414
0.480875,-0.2328825177614272,-0.22578004530287452
0.481,-0.26476162769807915,-0.23440844814521433
0.481125,-0.25335764820439927,-0.12944663601298023
0.48125,-0.16445101366387405,0.003971401553784082
0.481375,0.036424111829549494,-0.014859240373679986
0.4815,0.1525770752359496,-0.13297674181534083
0.481625,0.1485205433897862,-0.08942160095270629
0.48175,-0.22157524253369318,0.015475692795760608
0.481875,-0.4862519262267494,0.02400203834014668
0.482,-0.445269930425746,-0.11304887135878776
0.482125,-0.33998233041492143,-0.18969681978194936
0.48225,-0.3284577143076031,-0.28835435660747694
0.482375,-0.3047732507559802,-0.24108527649536896
0.4825,-0.23737115427741817,-0.11955361435290036
0.482625,-0.07984755412232829,0.06379255087476608
0.48275,-0.12555256280853402,0.16482459712881734
0.482875,-0.19418945803533721,0.14687586170073
0.483,-0.15297112076093747,-0.19580196282399984
0.483125,-0.14161055359543684,-0.43685839081135686
0.48325,-0.08923307260561573,-0.4381469530216158
0.483375,0.06026363801939995,-0.2591297741403839
0.4835,0.26345917264357954,-0.2807111409903901
0.483625,0.48836384098422164,-0.30627534004294726
0.48375,0.4008032891274006,-0.2531601077417725
0.483875,0.12875424117242415,-0.1081132282147567
0.484,0.02600468818551495,-0.1481644733004273
0.484125,0.20125564110715533,-0.12012681848039859
0.48425,0.3001539097704286,-0.15743103435969683
0.484375,0.3281646648536221,-0.12174804668764297
0.4845,0.2513304087709547,-0.060699841075490125
0.484625,0.20399001539632053,0.029008873199556116
0.48475,0.22041054007133834,0.23927584307069472
0.484875,0.2793191014109048,0.40249824428647385
0.485,0.3337714297070963,0.3339344481750925
0.485125,0.2309104320757851,0.14003127401203316
0.48525,-0.0534806791381537,0.06594202002687156
0.485375,-0.2902117405254656,0.18041820759863175
0.4855,-0.2611322735914888,0.25011562792819564
0.485625,0.1746158997082171,0.25854257192443153
0.48575,0.4317592604083871,0.19500017434861627
0.485875,0.370074574202555,0.17440902827843635
0.486,0.10560310904263673,0.1757400700373912
0.486125,-0.09646274921284502,0.2719546753322415
0.48625,-0.07502953630620743,0.32565089759619015
0.486375,0.0144422808569421,0.1759114470789113
0.4865,0.16325541136927735,-0.058521592496758965
0.486625,0.08938666513115677,-0.30580047328015114
0.48675,0.039662406853895514,-0.18436195563949215
0.486875,0.062481372323741846,0.10835672566968985
0.487,0.2472784968097094,0.3894072646062052
0.487125,0.19134256989805679,0.33403690601275243
0.48725,-0.048214290493816224,0.04680456591295695
0.487375,-0.34063558948962014,-0.053304744792895375
0.4875,-0.40298809711397804,-0.08103450589397192
0.487625,-0.21105581265366044,0.004625106431064048
0.48775,0.08849306000420293,0.145093033648868
0.487875,0.10366359399051943,0.12632386251855365
0.488,-0.006446857138951161,0.01744599646610929
0.488125,-0.09105628897336661,0.07595625774469189
0.48825,0.07989932804915775,0.27328578420876454
0.488375,0.08518245896249028,0.17370596298559102
0.4885,-0.048011989862717215,-0.012368287824191637
0.488625,-0.2265014030645242,-0.28165271134005415
0.48875,-0.32552403243617606,-0.333325757813297
0.488875,-0.11591211934659207,-0.18782863874852995
0.489,0.14779765662895483,0.0645202300067451
0.489125,0.19499239947623875,0.13187537804002042
0.48925,0.07523919135899697,-0.011094597396250742
0.489375,-0.04260215943867453,-0.027537620744529527
0.4895,-0.25715426240223416,0.05309333890050518
0.489625,-0.40822225679006036,0.08910546580452598
0.48975,-0.37029273824481984,-0.04259662893789955
0.489875,-0.2203087996843137,-0.18722947443512186
0.49,-0.09962568334562702,-0.29133324131034666
0.490125,-0.12767976675004405,-0.09664188293496201
0.49025,-0.044595901375641345,0.11234002983719679
0.490375,0.0868992599547976,0.19532574730787475
0.4905,0.0593613754209409,0.07052779066258631
0.490625,-0.17397810072325576,-0.06764932669170239
0.49075,-0.5490606788029573,-0.1911270707415258
0.490875,-0.857192056471359,-0.3637219027060903
0.491,-0.5673137811563246,-0.298756195856507
0.491125,-0.04598810084458703,-0.18452908238055252
0.49125,0.21890236925918635,-0.11145282690459572
0.491375,0.20377673695459203,-0.13410359995747334
0.4915,0.18387822867456502,-0.006593970057663597
0.491625,0.09035387881913401,0.11723383300089883
0.49175,0.09988407324899592,0.0703976059048263
0.491875,-0.04980091247174011,-0.1928046048617981
0.492,-0.12508278959832456,-0.5065918317694766
0.492125,-0.16509594357606908,-0.7502381950419736
0.49225,0.056203904439874774,-0.49269698984124155
0.492375,0.3062117757704401,-0.08975605372233249
0.4925,0.4698726634537813,0.16524704130309903
0.492625,0.43876709060275554,0.1819264645429849
0.49275,0.2155072026945284,0.13522123886216142
0.492875,0.08213825012038775,0.10799934850934113
0.493,0.058079285597365346,0.019222509599905627
0.493125,-0.06189520906550537,-0.06739770884931197
0.49325,-0.03141553672661295,-0.17227679258567097
0.493375,0.19492344637506576,-0.1208184874939186
0.4935,0.2911883453709145,0.06413175286157508
0.493625,0.2013877396961812,0.2647106652991573
0.49375,0.12314769232796888,0.41145060297620745
0.493875,0.1021052307544753,0.35726035829025365
0.494,0.007394688135819592,0.21697763741172446
0.494125,-0.07039834394116871,0.07525039295761216
0.49425,-0.16353089184130967,0.07095601424739181
0.494375,-0.0939818362042284,-0.07829893197943331
0.4945,0.15580600616812126,-0.03572004695406535
0.494625,0.29173668929621865,0.16236556640956631
0.49475,0.2532233663651334,0.22911840489355204
0.494875,0.19106460027968541,0.157470491438325
0.495,0.24416047096672405,0.11984136781868714
0.495125,0.2793423472716394,0.07951900420646751
0.49525,0.2598303091661761,0.06948253897939632
0.495375,0.11286965372431142,-0.0014081541679639145
0.4955,0.05512088439376571,-0.10876323406645762
0.495625,0.1818817633008764,-0.07036605919814455
0.49575,0.2506448581110624,0.1542086362479346
0.495875,0.21241911378550463,0.2843666363615572
0.496,0.043530831848733395,0.21969354330863852
0.496125,-0.09467852763783052,0.16536965588576788
0.49625,-0.2753294195590793,0.17896703195065713
0.496375,-0.29827877243167145,0.23749036121983907
0.4965,-0.3674389500983076,0.21082041886591657
0.496625,-0.24008191256426856,0.08256872267308374
0.49675,-0.1340280698484827,0.07379655253932522
0.496875,0.002056128363585525,0.09259737343101455
0.497,-0.02076577789036711,0.17137189524747137
0.497125,-0.08469216656808523,0.2177141874978874
0.49725,-0.0794919048845432,0.08127184058570822
0.497375,-0.13263258138513861,-0.13964489607272929
0.4975,-0.2916517266251553,-0.25009964383289435
0.497625,-0.3264307168341919,-0.2294585637198719
0.49775,-0.2536540858964995,-0.29853033502114185
0.497875,-0.02436704913718174,-0.2516555523894383
0.498,0.14710844397446632,-0.07298894277922643
0.498125,0.07751697682653394,-0.004831727676529066
0.49825,-0.09222831979466382,-0.003230050683258171
0.498375,-0.22116835893796175,-0.055878427432748824
0.4985,-0.35200063838897977,-0.07901499933171073
0.498625,-0.3210234227842606,-0.1498127005400902
0.49875,-0.372485830801485,-0.26033498975556335
0.498875,-0.30746465238328896,-0.3010726701687648
0.499,-0.30675077685625857,-0.21278623780157085
0.499125,-0.3318623240407799,-0.01347896561580916
0.49925,-0.1303883125835663,0.11657439447466834
0.499375,0.023951054315024048,0.023932124010336658
0.4995,-0.049054391645867994,-0.10489591097632144
0.499625,-0.26956151180065047,-0.22649474342947265
0.49975,-0.370590386365256,-0.3442853885382596
0.499875,-0.05348932458381199,-0.33828393162887566
0.5,0.37899770925937254,-0.30761796844006184
0.500125,0.40929446457591084,-0.2953183499626117
0.50025,0.2170244255676408,-0.2795189841055981
0.500375,0.035445708093507576,-0.22275586006832346
0.5005,0.10050797073104921,-0.1687802430718454
0.500625,0.2019487781307435,0.0026487254440918386
0.50075,0.18302377337348133,-0.007220508895579248
0.500875,0.09716580694544207,-0.25424411989317525
0.501,0.2643105944235748,-0.34889893010800327
0.501125,0.3910386240987488,-0.04054702643904083
0.50125,0.4304319333711268,0.3350379385658426
0.501375,0.3455915380755978,0.4114614735725668
0.5015,0.2433553227646542,0.2008401091535824
0.501625,0.12062849393780832,0.038522533761500034
0.50175,0.06478644177347102,0.1248707766195469
0.501875,-0.05260818252967379,0.20384874676802248
0.502,-0.1766613486636321,0.11906433728778901
0.502125,-0.33983699651129073,0.07599775548510514
0.50225,-0.21862096988438723,0.2279505769252101
0.502375,0.12427778172763927,0.3675521376078459
0.5025,0.3380834108871571,0.42041281021541077
0.502625,0.2404355224850918,0.2766459008178981
0.50275,0.16775921798755652,0.14445593643082116
0.502875,0.19774250128059578,0.09942147707044072
0.503,0.2721036922434252,0.08681762868328523
0.503125,0.12203472110271543,-0.027665940407000048
0.50325,-0.01178233194908589,-0.1886976112366054
0.503375,-0.06343650416566118,-0.2906399148672422
0.5035,0.06274778649574006,-0.15507817589209197
0.503625,0.06717442977977907,0.15774473963053273
0.50375,0.09545882889614879,0.2947969364731774
0.503875,0.0826848575402681,0.2558153349026495
0.504,-0.07102334623751554,0.15047458753627177
0.504125,-0.07503289756909441,0.17958208542391982
0.50425,-0.12060531290428947,0.16842318184217495
0.504375,-0.21435097318766455,0.05952625366932332
0.5045,-0.17978204946272422,-0.05364242090665761
0.504625,0.011692110668370441,-0.06424413195615471
0.50475,0.2925386394908326,0.03478227502727173
0.504875,0.42648732332262995,0.10641553160879307
0.505,0.2509549722513624,0.04959239164871944
0.505125,-0.019932072421232478,0.009089842398673168
0.50525,-0.384670237877819,-0.034393376340170555
0.505375,-0.43113739635956183,-0.04372675787477637
0.5055,-0.3334637814983664,-0.057577287068277784
0.505625,-0.11288132321579435,-0.1604490597430727
0.50575,0.019920156894869544,-0.16727788982981517
0.505875,-0.011405760696128728,-0.0034484084174641228
0.506,-0.13352478114992988,0.24376678870898133
0.506125,-0.1650498051685278,0.3461518950028277
0.50625,0.024978139215002974,0.2195082486478192
0.506375,0.05383301709071019,-0.12028272651948255
0.5065,-0.32323055729523953,-0.3312436430125895
0.506625,-0.4313207826460627,-0.4600593354577383
0.50675,-0.15789547187198757,-0.36389564611932196
0.506875,0.3446874064370673,-0.1275933964072571
0.507,0.3040603040030786,0.03212096205656106
0.507125,-0.17683921413913675,0.004600315573902855
0.50725,-0.7001553280537363,-0.1317379802936856
0.507375,-0.6354789174063101,-0.11828628685601633
0.5075,-0.25176696433239987,0.047575115548213996
0.507625,0.0351148588657018,0.05887171274487624
0.50775,-0.2127804343107934,-0.30339125250957166
0.507875,-0.4203206453821631,-0.39969901473586544
0.508,-0.35808414655530435,-0.12346641111761687
0.508125,-0.1707240533600767,0.2876894358264475
0.50825,0.09658182931367279,0.28305485806612124
0.508375,0.16338669422143717,-0.1605419372113547
0.5085,0.09668515131774989,-0.5738611849426943
0.508625,0.029017138292346485,-0.5593636217142298
0.50875,0.13544159057874758,-0.24136379220498175
0.508875,0.3192395810721707,-0.048620184339359676
0.509,0.35668246749330235,-0.2004875513780946
0.509125,0.515140506820664,-0.3994414345968759
0.50925,0.5770605249038517,-0.3145844221537732
0.509375,0.351280945756617,-0.09417968426169077
0.5095,0.11783657092312329,0.08680582229906814
0.509625,-0.03854164054268542,0.12672546296958404
0.50975,0.08669843842338058,0.0665460068093318
0.509875,0.21420873557579556,0.0004861835711906942
0.51,0.18074866433514852,0.10621317764998764
0.510125,-0.042409192426400094,0.24735821475428285
0.51025,0.010162912622441799,0.38939443428011417
0.510375,0.2035663634482669,0.41829922473872116
0.5105,0.26580619143201645,0.4533922590843678
0.510625,-0.004063508451587235,0.32305327534893685
0.51075,-0.22272096281997658,0.10418024867511594
0.510875,-0.14193559214624094,-0.03496805782976476
0.511,0.03571471900060545,0.0900049115786357
0.511125,0.1536343367646197,0.20022896177725974
0.51125,0.13603052409649433,0.14353909924004468
0.511375,0.13744200549894386,0.037327533183722145
0.5115,0.046968902801342,0.060028560247905725
0.511625,0.17076694930391248,0.19131607615004262
0.51175,0.0398482706165007,0.1742135253234044
0.511875,-0.07279096855321196,0.012812190803601712
0.512,-0.19275980450753166,-0.20175397573237483
0.512125,-0.13634989790078778,-0.152754032288339
0.51225,0.07600467684034971,0.019581829267223294
0.512375,0.22432696332044835,0.14251393477477878
0.5125,0.29925550610457974,0.14247451742364906
0.512625,0.05817051302408218,0.12687329282177467
0.51275,-0.14328725569776057,0.09739182213274158
0.512875,-0.1857601597324519,0.06484204415384688
0.513,-0.11004474615741144,0.01017756873857713
0.513125,0.05020040580033033,-0.06563780313037573
0.51325,0.16520459747623917,-0.15677291476935223
0.513375,0.15248122490473442,-0.06748990525585966
0.5135,0.18248868505075788,0.06672829068992478
0.513625,0.2410065868180372,0.22525089385251418
0.51375,0.24289306069410357,0.25506369166972587
0.513875,0.1209262102736451,0.0960009801495376
0.514,-0.16551148111494082,-0.13464086976066864
0.514125,-0.35896071191107487,-0.1918191573129193
0.51425,-0.37295401587878757,-0.15931440758756452
0.514375,-0.24089803701270956,0.057698142936931526
0.5145,-0.016487716396240654,0.14342105400832106
0.514625,-0.004154850582445233,0.10657287281364913
0.51475,-0.15139784828502492,0.1913615169993276
0.514875,-0.4209503397881136,0.23357783994068573
0.515,-0.47801532099243577,0.23062289186561494
0.515125,-0.28983865379419926,0.0982823793414883
0.51525,-0.19283926372771015,-0.09547827897205914
0.515375,-0.33225592558212524,-0.24419613720388603
0.5155,-0.45833735442802126,-0.30491554003935417
0.515625,-0.4609280766980312,-0.1449908785172046
0.51575,-0.19221400197268418,-0.013837660290860638
0.515875,-0.030740919688171976,0.032654453852957684
0.516,-0.09003235233119433,-0.16056425701232166
0.516125,-0.2239240910849125,-0.3706006355848962
0.51625,-0.4142064866534351,-0.45283022626970537
0.516375,-0.4143303433132694,-0.2446505341705531
0.5165,-0.25090989389826157,-0.1382327694882415
0.516625,0.12156576247310173,-0.30933954433935884
0.51675,0.3835571029749306,-0.41014537749348734
0.516875,0.44290476608980844,-0.36124416188624703
0.517,0.2979180080537076,-0.15971189823715912
0.517125,0.08165598540453743,-0.012100809429144157
0.51725,0.12534594229282087,-0.1014114394456433
0.517375,0.2356813062688664,-0.1934438972293907
0.5175,0.23063682447868145,-0.39633012135011164
0.517625,0.22897196821957932,-0.3655341543102402
0.51775,0.3412393180637593,-0.1914895212970647
0.517875,0.4829908455122503,0.12048877028321073
0.518,0.5141214037265746,0.3265746440969813
0.518125,0.36309792271322344,0.3979608543723002
0.51825,0.18486656373755347,0.2596345440416252
0.518375,0.09227872205639298,0.1000806351271906
0.5185,0.015306203104716311,0.10198277956759964
0.518625,-0.07879743050723138,0.19105515936727946
0.51875,-0.07414741589202084,0.21985230482677512
0.518875,-0.007093262390177828,0.2619478384390016
0.519,0.0009920477555154558,0.2902572362211341
0.519125,0.05268120196195373,0.4022783137811839
0.51925,0.24844733508878072,0.4869207751548361
0.519375,0.37245772948684724,0.3706323940666533
0.5195,0.2208384829949916,0.21061807840560048
0.519625,-0.08821350311980088,0.08663441760833103
0.51975,-0.3705116216195796,-0.014891473448992628
0.519875,-0.3376823118909627,-0.014051515881932809
0.52,-0.07943656265019669,-0.07630414098347205
0.520125,0.2073769440552677,-0.0063214224370428404
0.52025,0.3816733655509299,-0.014764872117086991
0.520375,0.27558245502179785,0.015280379562832213
0.5205,0.06644572393221443,0.1714859921703954
0.520625,0.012374697116503132,0.26379316512183126
0.52075,0.025543158488288698,0.158645186330527
0.520875,0.14886635148594152,-0.11953346058102353
0.521,-0.017410996387687495,-0.3352937923028821
0.521125,-0.14329180205692862,-0.36078546457743943
0.52125,-0.12825316488238886,-0.0895007186302146
0.521375,-0.02002309399605989,0.19445140963469035
0.5215,-0.003956784752605725,0.3413113614773738
0.521625,-0.053001823630840085,0.23617320520022209
0.52175,-0.06620037828943945,0.04669763050563342
0.521875,-0.11862312897503544,0.001819359619461606
0.522,-0.21078308382514216,0.08736226094566452
0.522125,-0.3309536692875948,0.08834929080632004
0.52225,-0.3109281998625917,-0.016673644141620758
0.522375,-0.1128424876938122,-0.13217252209603103
0.5225,0.1321217585515348,-0.09872483996147291
0.522625,0.14929537838236995,-0.011324579127707655
0.52275,0.05532000777196354,0.03864715335799055
0.522875,-0.1595732681641325,-0.046451211697835844
0.523,-0.28313059871947743,-0.08853054183194015
0.523125,-0.26189613188423183,-0.07805143440717405
0.52325,-0.020878603737045056,-0.17718939238055428
0.523375,0.10177172930296895,-0.2963795605684279
0.5235,0.172790664054449,-0.291769743865898
0.523625,0.21247364222028775,-0.10726212750411197
0.52375,0.06437829118374762,0.07959136541646007
0.523875,-0.27130017260678596,0.17453582214661933
0.524,-0.5178388654033523,0.09032953366677594
0.524125,-0.6646688414337226,-0.13867242708800925
0.52425,-0.4996069938781469,-0.2880737041457841
0.524375,-0.27489097823031916,-0.20166492062789904
0.5245,-0.2840473176881119,-0.059865241651122295
0.524625,-0.27454843062588447,0.10181154366688723
0.52475,-0.16002699861693206,0.16514006648339893
0.524875,-0.016836427622861454,0.1941266967737223
0.525,0.05806090294071229,0.08460206965634813
0.525125,-0.05413869912211545,-0.24807796850602853
0.52525,-0.09251329533533013,-0.5147003960341474
0.525375,0.16072928839333944,-0.5800026021196175
0.5255,0.4403865860784975,-0.4919450782831922
0.525625,0.5095817206122618,-0.305256092892482
0.52575,0.2445767214621796,-0.3066465636200074
0.525875,0.14992436215376362,-0.2596976608478765
0.526,0.04479683348337189,-0.21130420503979538
0.526125,0.06770695471669924,-0.029978635658107003
0.52625,0.013353924438881493,0.054824662162172015
0.526375,-0.035676099308510914,-0.061617033593392434
0.5265,0.01507928398023385,-0.12120557550048158
0.526625,0.3047885042058555,0.12760990506685035
0.52675,0.4923198377450786,0.41429248066197194
0.526875,0.5430276501204441,0.45606202791849587
0.527,0.3467362855562839,0.2641978169047776
0.527125,0.14979196090110786,0.11394700602920342
0.52725,0.04125268515897596,0.04967414189106663
0.527375,0.09776350856550045,0.014834405953179825
0.5275,0.2027387692946158,-0.009356441884166605
0.527625,0.19164125473768884,-0.06422509592939886
0.52775,0.1908385162436931,0.028796092361095753
0.527875,0.12935666176965643,0.2994712189464657
0.528,0.09410092829894585,0.47781006847799695
0.528125,0.09557387065774012,0.49059232492422417
0.52825,0.16526811939387626,0.331602419288582
0.528375,0.2075457433560094,0.14218616380835514
0.5285,0.1669398071580531,0.010425224373202114
0.528625,-0.038824199645349985,0.03643885482316827
0.52875,-0.12912486546931182,0.16196167703325667
0.528875,-0.06737584627762609,0.18549421065947952
0.529,0.08372036386440211,0.1590953263109782
0.529125,0.2704791549745724,0.10431743412342254
0.52925,0.12471124285976005,0.09324511175860441
0.529375,-0.12013193181017362,0.11704925974292152
0.5295,-0.17081402988489156,0.07570021028798574
0.529625,-0.07334616871650075,0.16326353483215741
0.52975,0.03647215789258619,0.12487644367645852
0.529875,-0.04063048870662741,0.012856799799314875
0.53,-0.23541748752953479,-0.16939017356150685
0.530125,-0.21824099914686246,-0.043865087350363235
0.53025,0.07113754842654897,0.17998090092954047
0.530375,0.16998387961531541,0.20127586713086665
0.5305,-0.07114851481043795,0.05544634973904612
0.530625,-0.27903938216962215,-0.10583487118328778
0.53075,-0.42930134094677613,-0.19320813667574846
0.530875,-0.35758249693221533,-0.06835367061599519
0.531,-0.1964890747767264,0.02849200569739221
0.531125,-0.13706548480727315,-0.06592495534324379
0.53125,-0.1838235976764641,-0.23246972294631144
0.531375,-0.16034367337145417,-0.1639166592122851
0.5315,-0.3086371455217393,0.021845452891316224
0.531625,-0.3852673245314357,0.12628635234862906
0.53175,-0.29639002933756575,-0.07157627922589467
0.531875,-0.18049493949821263,-0.2510707493431301
0.532,-0.0592865110498637,-0.3846244807366877
0.532125,-0.18491693940217716,-0.26089210915408567
0.53225,-0.2546388932776784,-0.12667347166900791
0.532375,-0.1971729791117798,-0.0631659697628763
0.5325,0.019199434205707647,-0.12944235931061282
0.532625,0.038784289927256,-0.1957402216129031
0.53275,-0.13892598090672156,-0.31773863534630586
0.532875,-0.1657561853070508,-0.31730447435790987
0.533,-0.10655946702886135,-0.2210124231436966
0.533125,0.01525667233526432,-0.10919883121462683
0.53325,0.010483531919945216,-0.011309821353965004
0.533375,-0.04420456265062015,-0.12082977244161153
0.5335,0.10589818372691799,-0.2126895666092467
0.533625,0.39728398499984036,-0.13725786209692573
0.53375,0.4675956076746248,0.04785396086873757
0.533875,0.33773965096221853,0.06900794319819546
0.534,0.1358222671596182,-0.05511033684857525
0.534125,-0.09373675169157308,-0.1888607786311647
0.53425,0.03429019226604337,-0.11738652829040046
0.534375,0.2294175271301292,0.02995858690965471
0.5345,0.3693545074492514,-0.011360103675054026
0.534625,0.271702284419278,0.016545519499355184
0.53475,0.09133892898394871,0.0692904520559852
0.534875,-0.11136582017751624,0.34166094749943704
0.535,-0.1180779253679786,0.44752434128836716
0.535125,-0.09241825036591557,0.2786265078891225
0.53525,-0.044483740440378935,0.0870926423659149
0.535375,0.2515087081184656,-0.11547253444442379
0.5355,0.3809738210005823,0.022583564977023705
0.535625,0.3327519628876609,0.21526753786474442
0.53575,0.31657251877075454,0.33016195645158386
0.535875,0.2732093182755743,0.22105583498579562
0.536,0.23773854275684694,0.029700772238445524
0.536125,0.15869311927008903,-0.13272521121948788
0.53625,-0.0970971910017259,-0.13546216708246844
0.536375,-0.2082178685523747,-0.14358365388544497
0.5365,-0.207151774282972,-0.0614667148655803
0.536625,0.007587255764633604,0.16866238581804469
0.53675,0.0895571756977651,0.3500631631908476
0.536875,0.08401485602067536,0.3124081919587942
0.537,0.07039603106934784,0.32134880508883307
0.537125,0.280593619760279,0.24949223936391227
0.53725,0.4314957930944596,0.21481025381621857
0.537375,0.2719262547460417,0.13897055286773582
0.5375,-0.19874171286779152,-0.033975842902570955
0.537625,-0.6335311282013478,-0.20185443515745413
0.53775,-0.5870658622760698,-0.16884477861248928
0.537875,-0.13013291216398906,0.004746051891190613
0.538,0.3153223399330969,0.11292954877237871
0.538125,0.503206864478857,0.07752784663314612
0.53825,0.11112344495468296,0.026702520404626236
0.538375,-0.2192560523317628,0.2556785734263861
0.5385,-0.41723919301973317,0.4120438869685358
0.538625,-0.3114929620560104,0.22269755202402441
0.53875,-0.08021335951730572,-0.18762616277146874
0.538875,0.0708268402404907,-0.5804748709658518
0.539,0.07566538566242528,-0.564757169528313
0.539125,0.06271523322288218,-0.12543872695197267
0.53925,0.07807190803657019,0.287244448503586
0.539375,-0.0018825179749402052,0.4253611251144542
0.5395,-0.20740377054946965,0.11014221330657445
0.539625,-0.38937375624450554,-0.2204447797651665
0.53975,-0.35074762702278484,-0.35644590071084054
0.539875,-0.15866759214748472,-0.3157732087889834
0.54,0.043333378652065505,-0.10691267686747205
0.540125,0.059248863746001613,0.06631155309426891
0.54025,0.0029645223143765476,0.05283609757671938
0.540375,-0.0926382701372058,0.04899019045581454
0.5405,-0.10253391644219828,0.0763017924364266
0.540625,-0.19720741338507583,0.039063569565637175
0.54075,-0.34691719465408927,-0.1732659610734516
0.540875,-0.512556613021983,-0.3220979183107281
0.541,-0.5495834550857425,-0.35000604553608494
0.541125,-0.43083450098729964,-0.1531793513713615
0.54125,-0.10729383417210779,-0.026140411485973816
0.541375,0.2674680242635133,0.0991693072645808
0.5415,0.14567139624153305,-0.05036098366192138
0.541625,-0.20199675060670783,-0.0860064426709187
0.54175,-0.49207129117057885,-0.16388966137348987
0.541875,-0.30654180703851214,-0.19929508440142327
0.542,0.0713988534345972,-0.32906163996289095
0.542125,0.3866104538975835,-0.3874118721914208
0.54225,0.45595281217012396,-0.48016652851089603
0.542375,0.35222121520472605,-0.4144580094528053
0.5425,0.2837252915048979,-0.057358340251152634
0.542625,0.37337696552308747,0.20386678242263498
0.54275,0.5175783896412771,0.1552487856508378
0.542875,0.5010863750201765,-0.19070211393763264
0.543,0.25422858617734,-0.38706061796137187
0.543125,-0.09426573510895375,-0.2592923840031505
0.54325,-0.21053540455488812,0.04214962092646531
0.543375,0.09447585595289833,0.342801188091727
0.5435,0.42369706581643346,0.40271576309988016
0.543625,0.43778868451566255,0.30320989385629954
0.54375,0.16872747444010158,0.25730743581031773
0.543875,-0.2604511208971168,0.3307207304685281
0.544,-0.3451689492816615,0.48742124654564867
0.544125,-0.19226612439466462,0.4703224368607654
0.54425,0.020296681039304425,0.22623314300491698
0.544375,0.1571202939044972,-0.0708969577841719
0.5445,0.1614085500362362,-0.13660784907759915
0.544625,0.10057636146090443,0.0693368817806005
0.54475,0.12481888811410552,0.3875236649681328
0.544875,0.15407695634136093,0.3844097201201394
0.545,0.11492554354831584,0.14929389361032705
0.545125,0.147142059223735,-0.2605134163973974
0.54525,0.13005440524295714,-0.29802989717984224
0.545375,0.009069473319086531,-0.12521546838484446
0.5455,-0.0002257204314501413,0.0495021046568782
0.545625,0.045150130500747294,0.13148202525776848
0.54575,0.05720558065880946,0.14319824896779612
0.545875,0.11571317502755794,0.06566664345763261
0.546,0.047635852942436316,0.021255549981400362
0.546125,-0.12952980177310316,0.06261708720041165
0.54625,-0.18767383609470917,0.16419698628897078
0.546375,-0.08384846403107223,0.15567506759289798
0.5465,0.07923635607628075,0.1327033582835408
0.546625,0.07629047992597797,0.09165156787554031
0.54675,0.04699264721853444,0.00965543002777011
0.546875,0.13629410557362548,0.021552195441495267
0.547,0.2834153476921428,0.037915199834152126
0.547125,0.156836397725968,0.12068439833740746
0.54725,-0.08438388556852609,0.1012599548570567
0.547375,-0.3027385241951939,-0.1311115521114413
0.5475,-0.33049467044715175,-0.18470961150808338
0.547625,-0.2140639120357696,-0.05559359490367065
0.54775,-0.09402905188725814,0.07810378359607653
0.547875,-0.11931023813343905,0.05158290734640884
0.548,-0.1838418613259183,0.018826579383056458
0.548125,-0.11943354834314153,0.11387429965475043
0.54825,-0.1911544956307647,0.2368167205826686
0.548375,-0.16102734769575675,0.1509746112244669
0.5485,-0.2547106153077246,-0.14048054333620494
0.548625,-0.31105130275678833,-0.2920938906977829
0.54875,-0.3612460321820148,-0.30809873090087264
0.548875,-0.30825608911309876,-0.23858321699099264
0.549,-0.21952551820858612,-0.10563152303601588
0.549125,-0.14091306867743494,-0.09169705948210298
0.54925,-0.3063962062991691,-0.15907716126173468
0.549375,-0.2717572072731506,-0.19994550505596517
0.5495,-0.1314898280984141,-0.11661190502930582
0.549625,0.06964279609428521,-0.15002164867202375
0.54975,0.14664668999998212,-0.23933110815012093
0.549875,-0.07392655306886409,-0.3333620021694405
0.55,-0.21736836620684216,-0.31838215722153496
0.550125,-0.20756516543034204,-0.23902748082569153
0.55025,-0.004430727080961174,-0.1194941968312655
0.550375,0.3440772900554767,-0.1051070981687843
0.5505,0.4187037782762211,-0.2908947841217306
0.550625,0.18401079780238863,-0.2779284014491829
0.55075,-0.08623116672963535,-0.11151702403737018
0.550875,-0.029515447000164764,0.07357019824266682
0.551,0.3634591701035416,0.12322382614461526
0.551125,0.5985067462375664,0.008075329165306263
0.55125,0.33074553507096593,-0.1740508933450915
0.551375,-0.09395872834541467,-0.1844469438113582
0.5515,-0.25118534879442983,0.07919113721476832
0.551625,-0.06941349799891865,0.3108541471363992
0.55175,0.1931124234535952,0.37042341410367113
0.551875,0.19285087954859992,0.16891821690940179
0.552,0.037407935418591304,-0.05566107121053934
0.552125,0.1163817544034547,0.01009995378039247
0.55225,0.20154845007492164,0.33024964679485613
0.552375,0.3384344106722701,0.5666345479992313
0.5525,0.4471341057518723,0.32659092703906567
0.552625,0.3724308090023041,-0.057854469432057784
0.55275,0.15070395170292175,-0.21409658486978447
0.552875,-0.15656396208463716,0.020039212162862904
0.553,-0.15314422565833466,0.15136640939124354
0.553125,0.08538126248128998,0.09202193351263614
0.55325,0.43228975951005927,0.03053471057074987
0.553375,0.2593500926662495,0.03579903705598109
0.5535,0.03152334926748916,0.19046759307046146
0.553625,-0.013189136159063532,0.32782952989137226
0.55375,-0.013857371139223338,0.3946049990675947
0.553875,-0.01358588355553738,0.29597591773695525
0.554,-0.0327749908778427,0.15584860507622778
0.554125,-0.06215089549585811,-0.10065754910653842
0.55425,-0.03743830773251871,-0.1354414491022266
0.554375,0.1007801993958353,0.13646216754210855
0.5545,0.1250009370129659,0.3329121056693455
0.554625,0.14765889080771483,0.2958829085212055
0.55475,0.021775870031966234,0.038035223799289294
0.554875,-0.21380579832454524,-0.017071875207061556
0.555,-0.3666939233217973,0.011136762434250254
0.555125,-0.31524801985541057,-0.015536246329372866
0.55525,-0.09710856624254309,-0.05638170123068836
0.555375,0.023308073635941375,-0.11710025459427605
0.5555,-0.006822610653939766,-0.010843027984325897
0.555625,-0.1371354343570246,0.09202478030210787
0.55575,-0.17873272665688972,0.06299622924642756
0.555875,-0.08543257414074452,0.11624037666780403
0.556,-0.04907193833293631,-0.017595706890720725
0.556125,-0.24132621354732936,-0.21396951042200793
0.55625,-0.4326054871290124,-0.3246000788645496
0.556375,-0.6096737228836798,-0.28133636337402457
0.5565,-0.3790697774345619,-0.07339810155422843
0.556625,-0.15975393120393178,0.012861239685305245
0.55675,0.00809790158325106,0.0020274732009936155
0.556875,-0.006442270927444388,-0.12778564439627368
0.557,-0.020629010771243402,-0.1989392416137127
0.557125,-0.08010541896404132,-0.018029338595794767
0.55725,-0.054795545147866005,-0.04660223647699623
0.557375,-0.1470673973649204,-0.21611802255655246
0.5575,-0.4129474435151227,-0.4678088358417137
0.557625,-0.4360433688070291,-0.512309758945546
0.55775,-0.15574091498836168,-0.3838737042519672
0.557875,0.24627461668419567,-0.1083000222332626
0.558,0.39324169843284895,0.010526861772972546
0.558125,0.13026169584003944,0.026201239249543127
0.55825,-0.1753652766918382,-0.05214627722872106
0.558375,-0.2247940981501367,-0.0349983183460309
0.5585,-0.11640389424381106,-0.02355560244292731
0.558625,0.08633799541176694,-0.18846127661023085
0.55875,-0.0010236894665452557,-0.38120145257803134
0.558875,-0.05371877913613064,-0.3715791382852637
0.559,0.12270747859828889,-0.14641817621014128
0.559125,0.43342378477580157,0.1697082825890119
0.55925,0.4716565072054925,0.37669876133268027
0.559375,0.38680203872052643,0.17515497988659331
0.5595,-0.01040012765451935,-0.1647808009522771
0.559625,-0.20423612229493127,-0.20762071191874498
0.55975,-0.017394872802909394,-0.0312897526349918
0.559875,0.32827788486367254,0.0786777426074505
0.56,0.6081693782406801,-0.03299981888654693
0.560125,0.4923613211430968,-0.02443553095023902
0.56025,0.15107175418410423,0.12358201252166644
0.560375,-0.048054145225206034,0.38560238458395546
0.5605,0.015742035353182422,0.45482224668801985
0.560625,0.19970134768785489,0.28474203561431294
0.56075,0.18023514492306664,-0.00786328173341506
0.560875,0.0732951556943866,-0.17546181957426002
0.561,-0.10195297843506841,-0.019799781945334105
0.561125,-0.07587701853495851,0.2945242277155432
0.56125,0.11444617894170239,0.5131391565876967
0.561375,0.40194762708241955,0.41519069493284116
0.5615,0.3878758029207702,0.20382022991840973
0.561625,0.08610657995600383,-0.019945893444682405
0.56175,-0.2067584591031684,0.012216433226828095
0.561875,-0.29099673779625307,0.1577800715687979
0.562,-0.0672254246412579,0.1504825723806045
0.562125,0.21044603575008877,0.039719263341649116
0.56225,0.0869660388360753,-0.09023012391058544
0.562375,-0.162797177759889,-0.053694252185275675
0.5625,-0.11723751115485286,0.13153338272173354
0.562625,-0.011875082999384405,0.3708293078935442
0.56275,0.23051942964817906,0.32687220312787424
0.562875,0.11126221619216611,0.09052793029827859
0.563,-0.04969923463934522,-0.21887216960751393
0.563125,-0.1758461195785893,-0.3150597141443353
0.56325,-0.28038698029785714,-0.009696475704160134
0.563375,-0.21550439065076057,0.1587279350885704
0.5635,-0.11662666995957174,0.03244030686288271
0.563625,0.12371355136874067,-0.138061752315217
0.56375,0.2526978732722302,-0.16462602820983716
0.563875,0.18126031048259894,0.0763280780491934
0.564,-0.025981600355385336,0.21835423166368823
0.564125,-0.2644974500704102,0.1378381046376001
0.56425,-0.2979076724159055,-0.007858209314699773
0.564375,-0.29253246495668744,-0.1376239926951311
0.5645,-0.33022016329691584,-0.24837489800737622
0.564625,-0.2647984429698861,-0.2204252464981686
0.56475,-0.06921031231175825,-0.01979305973035017
0.564875,0.03692921793138056,0.12002145892112699
0.565,0.05429398628595533,0.2266484309817905
0.565125,-0.13080747134294618,0.15633434434405816
0.56525,-0.2618516298317381,-0.03386547127012124
0.565375,-0.2898502958696387,-0.19685290900852914
0.5655,-0.050094693368203345,-0.28255062342961745
0.565625,0.03944057319366957,-0.31042011513495976
0.56575,-0.19582210255708285,-0.29330478206205635
0.565875,-0.5448042825468133,-0.19356209522930715
0.566,-0.6500962209618288,-0.038291834250799725
0.566125,-0.47132191238209986,0.08874576571917585
0.56625,-0.16383787202288538,0.06717571842362348
0.566375,-0.15409291179891307,-0.11795766357972487
0.5665,-0.2035698541251731,-0.2533497031018007
0.566625,-0.12843653964038038,-0.26282997531860686
0.56675,0.18908611126372427,-0.009296574286229193
0.566875,0.30368223896359814,-0.019030859073561515
0.567,0.3566964487579705,-0.10677007178005597
0.567125,0.1983376535613201,-0.4607497075577958
0.56725,-0.01182047411190097,-0.5675315123039488
0.567375,-0.01464368683902688,-0.42002553472121973
0.5675,0.008166015032620077,-0.20378570655566017
0.567625,0.042156533749411404,-0.15558098064779305
0.56775,0.24442329844184635,-0.22870332904185087
0.567875,0.5215227581506663,-0.10387092227744706
0.568,0.6787393584713607,0.14866976393455483
0.568125,0.6512361451630323,0.3299133033435274
0.56825,0.49561185341142,0.2999558664536781
0.568375,0.21120326958237437,0.14778004898927596
0.5685,-0.008220539191615792,0.00983054434636683
0.568625,-0.07999577580578253,-0.0427012894205358
0.56875,-0.1394540164589518,0.010619487710260802
0.568875,0.11135325613927444,0.07982327506798305
0.569,0.4083842231988206,0.2633349905951703
0.569125,0.3859625688285782,0.4710330087501663
0.56925,0.19989119191903218,0.584946340461093
0.569375,0.029213615198324182,0.5858939254995632
0.5695,-0.04299211901696722,0.42563664717821975
0.569625,0.10651249416422358,0.1271760119905786
0.56975,0.18940109223055449,0.03579826487956224
0.569875,-0.009043149333825414,-0.11813109780752584
0.57,-0.12165345825142368,-0.1416149779662327
0.570125,-0.06457853596747548,0.0820789995642785
0.57025,0.15486587436333452,0.3743633510907666
0.570375,0.19268603331424927,0.3883750963715386
0.5705,0.01624089712535605,0.19447013942089358
0.570625,-0.3251687991852618,-0.01024097877855559
0.57075,-0.47610718605618674,-0.008587102676937556
0.570875,-0.2764069207688083,0.10916599720917643
0.571,0.08360647838630758,0.17416629597535532
0.571125,0.3219969955390204,0.043464867759082884
0.57125,0.2785631568136751,-0.15611281713482733
0.571375,0.02548318993353749,-0.04037500780614642
0.5715,-0.15466231683637327,0.13534044315472007
0.571625,-0.22264496168370856,0.18043973895477244
0.57175,-0.1916320850344545,-0.04898326400132384
0.571875,-0.18960502352796693,-0.33024465493615823
0.572,-0.33256133486153305,-0.42174345771942495
0.572125,-0.3930968598588436,-0.2538436342608911
0.57225,-0.2976218791738423,0.09189913483158467
0.572375,-0.07182687588938545,0.27140872805962973
0.5725,0.12691521455713123,0.26764006317331684
0.572625,0.15517449483824255,0.051883937202965504
0.57275,0.06015415419228742,-0.13480238285838608
0.572875,-0.03820405613250759,-0.17153344348572883
0.573,-0.14500974356015353,-0.15921961796240222
0.573125,-0.02832482753590466,-0.2012677175249985
0.57325,0.0022701258492994077,-0.30487475504447625
0.573375,-0.06107215351727447,-0.3666087039162687
0.5735,-0.19145783191954996,-0.28389317632733585
0.573625,-0.28602460966101234,-0.025329195301375586
0.57375,-0.165947014992266,0.1472490350571445
0.573875,0.017116452501517568,0.16323857599360156
0.574,-0.0026790794043786816,0.06791361647687451
0.574125,-0.15628376791954074,-0.06313383557053528
0.57425,-0.2689073697299459,-0.10963806112019879
0.574375,-0.12163689565751243,-0.07533166293309272
0.5745,-0.04888577463086337,0.048779581785725536
0.574625,-0.12435509051201964,0.0035412250028502208
0.57475,-0.3702686751320155,-0.14921426124326417
0.574875,-0.4107210024252291,-0.24997648646216897
0.575,-0.43640302177657025,-0.1536866555778044
0.575125,-0.288689471394408,0.02168009122180859
0.57525,-0.14587629049769774,0.009774515384477109
0.575375,0.07123008879271453,-0.17598584536275844
0.5755,0.20228625713216397,-0.24082984005024116
0.575625,0.3539114478238871,-0.10977912843011016
0.57575,0.3977060215198162,-0.0013926789312594537
0.575875,0.2798520914225252,-0.10711267144166421
0.576,0.2739393621740889,-0.2652240239005934
0.576125,0.22898077806244452,-0.3504865342094205
0.57625,0.24437408847859224,-0.33650538659648316
0.576375,0.063010959740403,-0.2706365426196333
0.5765,-0.07707147687789659,-0.13728324880139356
0.576625,-0.12164875125498532,0.011854143567045538
0.57675,0.1755643507698487,0.21823633761780006
0.576875,0.5011546255787829,0.2840785264088678
0.577,0.5178411389294396,0.31094194645325685
0.577125,0.37693617197431684,0.26753449253569556
0.57725,0.21219134417294966,0.24475111467980046
0.577375,0.03865170924633676,0.24886837235276793
0.5775,-0.06598882627547871,0.21482711972430915
0.577625,-0.13473604216587146,0.09030132092784984
0.57775,0.023410473486347054,-0.08794912060674898
0.577875,0.3468704281561451,-0.08083935032374641
0.578,0.5299542850230905,0.1262063694756501
0.578125,0.49937415813476516,0.4334231335290959
0.57825,0.10235397488138676,0.5100607989072065
0.578375,-0.14744886287282397,0.34976454906607946
0.5785,-0.16630268383812602,0.17989865493515314
0.578625,-0.06194837310745225,0.03360972936490188
0.57875,-0.0545540890690385,-0.0523570671688715
0.578875,-0.10609061087763012,-0.050933533659717874
0.579,-0.14225625057261646,0.023575545794239726
0.579125,-0.0467449900090954,0.3151531369668252
0.57925,0.12307722026690773,0.4560659011951134
0.579375,0.1329828711234586,0.40882511914874986
0.5795,-0.07945168880334683,0.08969265920603087
0.579625,-0.4248855658725524,-0.14873284921005264
0.57975,-0.4613189984256699,-0.16847093242277572
0.579875,-0.29787194459444216,-0.1085457477430833
0.58,0.007064172998857328,-0.05056364318582509
0.580125,0.1554746668433327,-0.0638827908194403
0.58025,0.010572642299669668,-0.1342099688291402
0.580375,-0.22331619118603632,0.0006752953549763464
0.5805,-0.2074108462059374,0.17441653754265707
0.580625,0.10405152145525544,0.11986230026463052
0.58075,0.4237717744424135,-0.050758298034315176
0.580875,0.22087437984955574,-0.34617513382029824
0.581,-0.25677596807823905,-0.4664070182371467
0.581125,-0.4106052610541605,-0.28755047113708715
0.58125,-0.18720025222387607,0.017711695384005386
0.581375,0.1700861810090305,0.1958701215555854
0.5815,0.11751325280624969,0.053453449977424294
0.581625,-0.04407092551915526,-0.19565111594410883
0.58175,-0.11547048454841428,-0.2157713772340915
0.581875,-0.16302675780845247,0.08483055659010516
0.582,-0.2090185444510848,0.35337647800272876
0.582125,-0.2177137369817142,0.19365488094671518
0.58225,-0.14671734026216085,-0.24922246851444932
0.582375,-0.13347833105356088,-0.39004267469970477
0.5825,-0.22821216978404021,-0.2002876004225734
0.582625,-0.32905565264633024,0.09686786320773792
0.58275,-0.3904580950601981,0.07362317440543614
0.582875,-0.38627038178047235,-0.07457428849187012
0.583,-0.41252651826268455,-0.14475575987486297
0.583125,-0.6492595348247493,-0.096042491192633
0.58325,-0.6541356708584121,-0.19791679882340138
0.583375,-0.2181755087109243,-0.1886253411676443
0.5835,0.2877508019423804,-0.15775411435659564
0.583625,0.551954994192379,-0.11217733912021927
0.58375,0.31950035261993526,-0.1501168995085169
0.583875,0.11732326666367927,-0.2784195254885398
0.584,0.09903398915160185,-0.353567447386563
0.584125,0.3555860583159099,-0.3426423572104681
0.58425,0.6909341890195391,-0.4280981424727967
0.584375,0.6655369767869417,-0.6115864117246648
0.5845,0.4114695930060998,-0.5562751717846395
0.584625,0.1848921197337284,-0.22318954036460087
0.58475,0.20262020088254437,0.22651935500741066
0.584875,0.25620823615195626,0.48636230865202645
0.585,0.14759785477027826,0.3207682076981966
0.585125,0.14787413067117564,0.06537854266895611
0.58525,0.14950155691755315,0.06004237247967058
0.585375,0.16087709360992677,0.3771487297733189
0.5855,0.0828403247518933,0.657911531363276
0.585625,-0.12819521079662854,0.6152761298595492
0.58575,-0.09318821812802609,0.3623525752928175
0.585875,0.15193445651879212,0.1956803582696493
0.586,0.27552275922162434,0.1958133529248784
0.586125,0.1511145331234926,0.19042459874183837
0.58625,-0.06437073953315389,0.17032589248190544
0.586375,-0.1653447552629833,0.10510543024171487
0.5865,-0.0417115513100293,0.14488734729293798
0.586625,0.054328164877063746,0.18914497303658925
0.58675,0.03121289000876539,0.019888844820199803
0.586875,0.23458613399176526,-0.15145869079687535
0.587,0.42853936913461255,-0.07224750313086635
0.587125,0.24636325602707554,0.15465912181971841
0.58725,-0.010982269869186878,0.22684349256441375
0.587375,-0.3235205093326205,0.14211603206455453
0.5875,-0.26076051624986024,-0.07507618289866369
0.587625,-0.08649622587054964,-0.08608793399275515
0.58775,0.113559766921733,-0.01798828885624109
0.587875,0.2737288456330538,-0.03324500226518823
0.588,0.34200606136185363,0.07669924258030492
0.588125,0.2867602915638565,0.2289965838454109
0.58825,0.1551084140017716,0.3389551801438506
0.588375,-0.1539485591142618,0.21018997301062708
0.5885,-0.5119860516168019,-0.029852430229990685
0.588625,-0.636140672810469,-0.2928139123956748
0.58875,-0.5675948717424352,-0.2738705766395664
0.588875,-0.26740381231751015,-0.0732125805206066
0.589,-0.049245742199511985,0.09406878583301292
0.589125,0.15392619747489214,0.24771294657573445
0.58925,0.1515420575251194,0.31684739522057587
0.589375,-0.06738595054497949,0.2482086918268244
0.5895,-0.2613988694424076,0.1605581214278797
0.589625,-0.3215824596001346,-0.11323192973064196
0.58975,-0.29466466496932436,-0.4345264063147432
0.589875,-0.24971801966993332,-0.5651703004553911
0.59,-0.16444257336171544,-0.49691716986542317
0.590125,-0.10270897603153906,-0.26309197921597427
0.59025,-0.12929684423738658,-0.004735619487549847
0.590375,-0.05639999524396048,0.1801982431383282
0.5905,-0.01647173455944711,0.1262209129430359
0.590625,-0.04600590535258536,-0.02690148244890297
0.59075,-0.08534058184027538,-0.24931436232585683
0.590875,-0.3068393787283008,-0.36194808829597946
0.591,-0.2520530553534325,-0.29328749244038566
0.591125,-0.1962065284231133,-0.27264548275090805
0.59125,-0.1354465134772781,-0.15019695193238938
0.591375,-0.21203995524278743,-0.030323543631354324
0.5915,-0.221715749453378,-0.04464274348003242
0.591625,-0.1873745440547745,-0.06766229390565492
0.59175,-0.022175764257028472,-0.014542997327977538
0.591875,-0.08030647522457593,-0.033648388251329264
0.592,-0.12615959562116047,-0.14147337406090538
0.592125,0.05727277937661898,-0.22944809509994
0.59225,0.34968060475111945,-0.25131356975476554
0.592375,0.5014014079020268,-0.1851620140164606
0.5925,0.516920666550828,-0.15641412495080026
0.592625,0.35955971657836866,-0.1551634462022177
0.59275,0.29025642031682947,-0.2312984852201032
0.592875,0.36955864996967747,-0.1669801199343367
0.593,0.2691535500618534,-0.10107042186046988
0.593125,0.17559610426465647,-0.04544007346701618
0.59325,0.1930200474431482,-0.10946510730545368
0.593375,0.3307448416264407,0.00913425334679699
0.5935,0.3783093241440863,0.2699687017604358
0.593625,0.2613511538689206,0.484617817430326
0.59375,0.04764441340432321,0.49295588069188007
0.593875,0.028207128439282286,0.33467578898927786
0.594,0.08461655536369728,0.27373948821946525
0.594125,0.034686726093915383,0.304059437921827
0.59425,-0.15422575838015742,0.2796214364403874
0.594375,-0.13585125980747942,0.125246633143649
0.5945,-0.08652254256602618,0.1321816466372378
0.594625,0.08348729004854354,0.30814165312182606
0.59475,0.10426707814076772,0.3770113821981759
0.594875,-0.020056171872748923,0.24843623461291808
0.595,-0.07544876661568198,0.005620125140394287
0.595125,-0.029505933883134276,0.019130797122235255
0.59525,0.0170773207583774,0.10771482808607223
0.595375,-0.05132461042570434,-0.05318505857561455
0.5955,-0.11157361337427013,-0.11403549669517427
0.595625,-0.08390218053062434,-0.19889735659375785
0.59575,0.13755695311181687,-0.0387528323543147
0.595875,0.34052073280924017,0.08451096980232124
0.596,0.3510278951032306,0.09886798214903324
0.596125,0.14847402075333463,-0.011039485068857626
0.59625,-0.23338873227821794,-0.02372736749519744
0.596375,-0.6132443406329613,-0.02123313089049389
0.5965,-0.5555375069109706,0.040625706668224626
0.596625,-0.22056186714040832,-0.05128108456680679
0.59675,0.1830336215023223,-0.12337233592723439
0.596875,0.27409964542095294,-0.0921350518804168
0.597,0.05845732469795879,0.10405807744517923
0.597125,-0.04761293863234295,0.2580782976590514
0.59725,-0.013182240655716267,0.30021574074744295
0.597375,0.003766252711968338,0.16390587302512238
0.5975,-0.17015217515643222,-0.19828481322688687
0.597625,-0.22907791100410077,-0.4635796864568444
0.59775,-0.21926142446954539,-0.5394903201847117
0.597875,-0.12092850345017454,-0.22100673474250937
0.598,-0.007134973179331617,0.12208751275273505
0.598125,-0.08653134066821015,0.25528251735076746
0.59825,-0.17153441896015864,0.08395719070645186
0.598375,-0.06234808400418011,-0.04137063159554584
0.5985,-0.054499894696532825,0.03332348436260676
0.598625,-0.19508975723460031,-0.01075184341756834
0.59875,-0.27723409003607036,-0.1110932976326197
0.598875,-0.2647501677218006,-0.2129838223865604
0.599,-0.11900874780093114,-0.2226966735638552
0.599125,-0.16542046499367985,-0.08301493445795022
0.59925,-0.24506817087118035,-0.003681357294136992
0.599375,-0.2129862090088723,-0.08125962875409479
0.5995,-0.04819824389159018,-0.14987398375508762
0.599625,0.028885572535599213,-0.023108368947168827
0.59975,-0.061102343276552895,-0.028669958403790333
0.599875,-0.24468907364914458,-0.14416560400838155
0.6,-0.28390797435019094,-0.2798319615964495
0.600125,-0.08672999767510847,-0.2184099826143922
0.60025,0.05098982424333341,-0.06494860074495537
0.600375,0.12279786126840034,-0.12147302278100196
0.6005,0.030893127205311642,-0.25119463386935875
0.600625,0.11116309615034607,-0.2270294103348032
0.60075,0.13953787293560174,-0.03489413055856393
0.600875,0.23893330794707637,0.061409691332219525
0.601,0.2846530650852496,-0.08668726292794325
0.601125,0.4043197736284775,-0.17904306472894563
0.60125,0.5173432752646565,-0.22303225112848002
0.601375,0.5496136664803631,-0.061159163765474395
0.6015,0.32862829185905645,0.07141946100842425
0.601625,0.0461235004328573,0.06540125381979096
0.60175,-0.2324555105682962,0.07538806582725857
0.601875,-0.36911272885038293,0.1178948290966929
0.602,-0.17725426733861455,0.0843887788941932
0.602125,0.11509754763792136,0.1602251742254779
0.60225,0.3231003447198187,0.25650745278476744
0.602375,0.3085371970394926,0.35362204694326593
0.6025,0.21923184169405194,0.46437645081632073
0.602625,0.25058270795162335,0.4939623586791783
0.60275,0.05580203694461095,0.26059263596997784
0.602875,-0.15732608789673502,-5.542701671809207e-05
0.603,-0.4148730667882414,-0.20280997644332702
0.603125,-0.3182967116215117,-0.31582631360731706
0.60325,0.02602316114506305,-0.17374507667896646
0.603375,0.4391731444836366,0.1290680026427423
0.6035,0.582663850160947,0.30947117658719975
0.603625,0.4310594646413283,0.28506618014358137
0.60375,0.032462168770406793,0.26701735406094484
0.603875,-0.11129945937392544,0.18409994898678353
0.604,-0.018646628288761825,0.01825273150954185
0.604125,0.2861930194648265,-0.18931588926704274
0.60425,0.21533522281407863,-0.30385681917485863
0.604375,-0.231847742723634,-0.3164273904028163
0.6045,-0.3999245293480681,0.054496081245987746
0.604625,-0.21700211848017883,0.3831598821464722
0.60475,0.11837081783489267,0.49376932631989756
0.604875,0.2167019579324267,0.4088999915652102
0.605,0.08714663307995296,0.008295492719020765
0.605125,-0.2872434209044632,-0.10654867973339323
0.60525,-0.5041812809117249,0.06565743566875372
0.605375,-0.5491594437515006,0.28682827715572806
0.6055,-0.27941303978653503,0.20113189534852124
0.605625,0.13355702072238929,-0.17047236877682317
0.60575,0.38746056796055206,-0.31594988470147795
0.605875,0.4178776989492992,-0.1682217403433156
0.606,0.2503309114854629,0.13630514901420746
0.606125,-0.08803137394485801,0.23683778658515142
0.60625,-0.24487711275436833,0.11674679927702318
0.606375,-0.46775901032716327,-0.20034080811089863
0.6065,-0.6684832195019706,-0.5321734623458234
0.606625,-0.5862531000238329,-0.4851698255031183
0.60675,-0.17742064396641982,-0.26694944518075997
0.606875,0.1947028572972352,0.1468833459675854
0.607,0.3209541920650503,0.34295619291937113
0.607125,0.024051326749284088,0.351548426394296
0.60725,-0.34112821951955036,0.17825504173089676
0.607375,-0.5100300194357618,-0.0833681746440766
0.6075,-0.40628022490838156,-0.2448023583550552
0.607625,-0.21602780219607526,-0.4423823146654742
0.60775,-0.11009376942576647,-0.6200065642541437
0.607875,-0.09478533674659505,-0.5204424659253623
0.608,-0.12253435644603941,-0.1488849702006852
0.608125,-0.25047327926359025,0.125139483940323
0.60825,-0.30235824631776975,0.25289639358967936
0.608375,-0.2920302899036657,-0.005957390157137485
0.6085,-0.17540311716320317,-0.36925312755218703
0.608625,-0.03488798741926675,-0.4274149321717739
0.60875,0.21173755721322676,-0.3540676295936097
0.608875,0.4335587894961401,-0.23026654410110056
0.609,0.5294631696017833,-0.0651948271715847
0.609125,0.5693547706172001,-0.04273507343328491
0.60925,0.5765976302184866,-0.15269865745065214
0.609375,0.478294269993416,-0.24506679765135328
0.6095,0.2165155799474816,-0.24997729058168414
0.609625,0.1473690091771913,-0.25298042537303445
0.60975,0.22869773879496927,-0.15558676931628293
0.609875,0.28486107485134937,-0.03761110582844586
0.61,0.26586596702470605,0.15969058698336266
0.610125,0.13806452583572768,0.36662593237146274
0.61025,0.09832623640931959,0.4611627473496967
0.610375,0.23876195618942928,0.49201154837657163
0.6105,0.22905626542860422,0.5051595099347557
0.610625,-0.13163377508680632,0.4164266054228547
0.61075,-0.4839507723226434,0.1571987854692512
0.610875,-0.36524675833618825,0.10136146297769293
0.611,0.0016317122877218591,0.15951500007011946
0.611125,0.2128086458950086,0.28927963169675386
0.61125,0.196509074163501,0.250672348411705
0.611375,0.05298471804552199,0.09075210741216211
0.6115,0.12236022086490955,0.1506242249928578
0.611625,0.15240898398286673,0.21323237683072105
0.61175,0.08092194417146158,0.1432829048077226
0.611875,0.09226268859455221,-0.14321218744646444
0.612,0.018179431594456407,-0.421797870698602
0.612125,-0.028238955975165698,-0.3809378422517072
0.61225,0.10447136490825133,-0.014378574937131426
0.612375,0.14175908066723267,0.17919540228851175
0.6125,0.14037354552053935,0.15418023098316788
0.612625,-0.006146252422901512,0.06848604904489676
0.61275,-0.11968444906413499,0.09739351584564403
0.612875,-0.2409660455568535,0.18211317542047048
0.613,-0.1855169289946111,0.07171206292553835
0.613125,-0.13697409784758227,0.03410882198286464
0.61325,-0.14160115696442582,0.06248809673773553
0.613375,0.0623668887931576,0.022010704000373808
0.6135,0.27134842585621066,0.04447065195027939
0.613625,0.21830726543762466,0.14215925803235566
0.61375,0.031739227865673465,0.04962112922729935
0.613875,0.015660578618699496,-0.017082788327213123
0.614,-0.03122161109675711,-0.09900962676191429
0.614125,-0.03857765189666039,-0.14548074602278077
0.61425,-0.14044583155088353,-0.19202235959234706
0.614375,-0.2740716100267875,-0.15351304211090097
0.6145,-0.1336713409168174,-0.12367446692114581
0.614625,-0.05966478598009254,0.08982358843753827
0.61475,-0.09852160644018931,0.22273969228679458
0.614875,-0.25888298414829797,0.15788967744722165
0.615,-0.35783259486030694,0.07682620506616877
0.615125,-0.507446778009328,-0.03475263560344129
0.61525,-0.5448245885478682,0.0036352349564754832
0.615375,-0.2983072110175463,-0.0072202911732701155
0.6155,-0.1757991767187256,-0.06332012294887678
0.615625,-0.12255828227039806,-0.1692300978858519
0.61575,-0.07990004692675143,-0.1217473326411788
0.615875,-0.04976225563083173,-0.04385054046342059
0.616,-0.03868804395891085,-0.08263279415919328
0.616125,-0.15870326002494503,-0.2163793177888078
0.61625,-0.3126512900158551,-0.3525422198043517
0.616375,-0.39148401674565947,-0.47834694321707594
0.6165,-0.20291517440723786,-0.48630197338315856
0.616625,0.0223833973563169,-0.3111222883275504
0.61675,0.3255802744787418,-0.14717813931849383
0.616875,0.41183894511580904,-0.13161621801866197
0.617,0.3071276390649411,-0.06348306993711356
0.617125,0.06824263071814775,-0.02601992394356297
0.61725,-0.11676139043212992,-0.07501508348975165
0.617375,-0.13338933407804018,-0.15530685609439962
0.6175,0.01815947485870169,-0.2595845981835362
0.617625,0.27003663865369454,-0.30545920397487075
0.61775,0.23851197682967082,-0.16407048564961643
0.617875,0.32124099586265953,0.04993847642681748
0.618,0.35636173548742633,0.2738650302859591
0.618125,0.46003559273058836,0.3875866297537239
0.61825,0.26844508053824323,0.27635389339962685
0.618375,0.051381523477038706,0.07848385211571635
0.6185,0.00032796994112237686,-0.11268780188008566
0.618625,0.09451632789008335,-0.09170339691012061
0.61875,0.1590688217780969,-0.0007570902876408815
0.618875,0.23022481759680702,0.1529839013458466
0.619,0.288996133820077,0.2722902791681993
0.619125,0.41675110073596305,0.2596700446595349
0.61925,0.4226548031752757,0.39100528944159807
0.619375,0.2752101564822665,0.4165203626170215
0.6195,0.027567964339809715,0.2462426625003706
0.619625,-0.24997265842881597,0.04378502919988796
0.61975,-0.30803869108850784,0.04104491961799256
0.619875,-0.05920094230832984,0.043443776108238824
0.62,0.14451820867374665,0.14488632368739265
0.620125,0.24857819538879936,0.19595856898330893
0.62025,0.3748888248564352,0.20807656220335422
0.620375,0.24355563267554456,0.36494663528199367
0.6205,0.000723610880397794,0.42014208151679905
0.620625,-0.1844192132318952,0.27834685855268027
0.62075,-0.15762691163381642,-0.010360000916394512
0.620875,-0.12663678434287362,-0.29143543616768075
0.621,-0.3274655476610323,-0.2253772052957591
0.621125,-0.5287062278526891,-0.04881667080256629
0.62125,-0.4114793064530043,0.11098794601715874
0.621375,-0.10208506529416317,0.19506352054144716
0.6215,0.11042003484202843,0.3280724346478802
0.621625,0.014330472222959434,0.23715175353804255
0.62175,-0.16008253872735273,-0.0393109995000752
0.621875,-0.08106750627560151,-0.19639104045351552
0.622,0.07589901551131528,-0.15795142110909802
0.622125,0.25701970998020357,-0.08610066076977685
0.62225,0.18017699508016444,-0.2670172851797764
0.622375,-0.07234234776868087,-0.4609297267244729
0.6225,-0.3034266816706662,-0.3886584214379688
0.622625,-0.17377120000938615,-0.11782606310254964
0.62275,0.002445854038786405,0.055426669459740195
0.622875,0.15195823206835754,-0.014239781402459371
0.623,0.16679618613485092,-0.09643833863742472
0.623125,-0.08680989500163465,-0.0924031051446639
0.62325,-0.20882988349158338,0.10203878570300055
0.623375,-0.23038822485285843,0.243509510986451
0.6235,-0.11633960582103062,0.17067029847569254
0.623625,-0.2023901334752175,-0.0847107494735529
0.62375,-0.26646397686009976,-0.17621638855267424
0.623875,-0.35528928774765967,-0.1397958318194702
0.624,-0.4232409267916686,-0.01526417107056516
0.624125,-0.3407542787642334,0.1628640146063291
0.62425,-0.14265621229101585,0.11338051107641053
0.624375,-0.00032427751676590344,-0.07788594681752316
0.6245,0.06723050691733293,-0.21334324036782987
0.624625,0.04315442183330866,-0.18222161329366007
0.62475,-0.045965135430268776,-0.1666844950520035
0.624875,-0.04129068662732724,-0.2107527572047241
0.625,-0.023585889752028154,-0.24317850070186295
0.625125,-0.10160234792622244,-0.3536100764560941
0.62525,-0.10973149743283847,-0.3504511403294264
0.625375,-0.02124546066498316,-0.33488258374212104
0.6255,0.2302348734778764,-0.1554256650059454
0.625625,0.24418877780349305,-0.030014246836871802
0.62575,0.3160710744647983,0.06619767013952349
0.625875,0.3277049968942773,-0.010137683570673503
0.626,0.23384194198144323,-0.01645115896601018
0.626125,0.07709103064062897,-0.0041848134214556455
0.62625,0.024491765488381407,-0.029968077461120696
0.626375,0.019442248097549512,-0.08560971928407834
0.6265,0.018733894415313233,-0.09216003322439617
0.626625,0.09169974081389401,0.0051597390616417325
0.62675,0.12899080195284954,0.23192776576630741
0.626875,0.2872170140742839,0.25847023730743973
0.627,0.2943653671291916,0.28141151463269753
0.627125,0.22839566429907535,0.2907075214022014
0.62725,0.18161431005149264,0.1928306031336742
0.627375,0.09701089689987374,0.07923729735104319
0.6275,0.038915432181135336,-0.008275787505886471
0.627625,-0.03183551191578867,-0.023151877053778466
0.62775,0.04794913436101495,0.03505762755744923
0.627875,0.07899784518056403,0.07050839698324043
0.628,0.05480459994731064,0.10739393693411853
0.628125,0.16002751444441504,0.23627947352827877
0.62825,0.22395865107856044,0.21844966093694257
0.628375,0.2241019554481788,0.22660682359549536
0.6285,-0.0951690809427656,0.13589183442254812
0.628625,-0.32367498406368816,0.04894578516160047
0.62875,-0.32860143294129746,0.03017420818831384
0.628875,-0.022956392713516186,0.021193919668846158
0.629,0.27606792336662217,0.058009075630158426
0.629125,0.29311560271140796,0.06582399181865534
0.62925,0.2434921974606986,0.06013853194742178
0.629375,0.20051320030993539,0.09372541201697553
0.6295,0.05309052363925951,0.23575240569775247
0.629625,0.006323201464740367,0.17680036731038948
0.62975,-0.08898758428012886,-0.034881464691254326
0.629875,-0.18760023388314126,-0.29385499812346344
0.63,-0.17232380741961945,-0.2652185828536462
0.630125,-0.12226631024495906,-0.0958863209326314
0.63025,-0.04731021737148877,0.21763036464271207
0.630375,0.05974426760884699,0.260204989837274
0.6305,0.137527235202629,0.22128548151623414
0.630625,-0.02481486663859166,0.16497563752643804
0.63075,-0.12752716077359744,0.05974443181342499
0.630875,-0.1879393218515223,-0.003050009075857968
0.631,-0.11208506579941284,-0.07299973202788211
0.631125,0.08719293735508189,-0.12948621073651354
0.63125,0.12720414462281132,-0.11176284393537517
0.631375,-0.07297579575343387,-0.13699997923633195
0.6315,-0.1802743335599721,-0.049171222071921865
0.631625,-0.22823565778159907,0.0848208725303098
0.63175,-0.2672228751090412,0.08190937767307148
0.631875,-0.2971059696081124,0.020594801109019612
0.632,-0.2562983849693278,-0.1378394333007742
0.632125,-0.37142013586268136,-0.1802858450306342
0.63225,-0.4459379623209388,-0.09877393021669396
0.632375,-0.32850550973469994,0.03331025715575612
0.6325,-0.07113641024893526,0.07142942918944521
0.632625,0.036864454387807666,-0.07987845318928263
0.63275,-0.03382005513061351,-0.1846960815131457
0.632875,-0.3094223086802169,-0.20356531917712248
0.633,-0.6043388477319658,-0.20693755624154608
0.633125,-0.42833045121765695,-0.2194202856662662
0.63325,-0.08559417374336058,-0.2747396737035518
0.633375,0.12210979311113562,-0.33890204130182605
0.6335,0.18227477378731316,-0.4099834335956344
0.633625,0.17433357450034392,-0.3229895271302964
0.63375,0.3044821285191063,-0.13772950200537618
0.633875,0.45958040818020873,0.07245329444024398
0.634,0.3364501441209838,-0.08271939895940905
0.634125,0.06758636963235137,-0.31267528133164263
0.63425,-0.11534913417696957,-0.4795819705998881
0.634375,0.13487247483053616,-0.4210546123458255
0.6345,0.398501109178433,-0.11941536903797281
0.634625,0.420455961615592,0.13516308793285112
0.63475,0.3095857011017156,0.16410190886227088
0.634875,0.0044006268520124505,0.0818194634003378
0.635,-0.001598350759772079,0.2729717625751309
0.635125,0.2962684410252684,0.43199388304775177
0.63525,0.4139954892360829,0.3942676113286062
0.635375,0.1754227550705044,0.023994726427496543
0.6355,-0.01910130219289182,-0.10781858144118145
0.635625,-0.06467467535520978,0.11570724158903734
0.63575,0.03131239768891666,0.34474372628643846
0.635875,0.17289971842772942,0.3704166911456108
0.636,0.12008468100157021,0.25819550485230847
0.636125,-0.0012556600703976179,0.027576167694488188
0.63625,-0.011743493731991008,-0.006077862367664089
0.636375,0.25896985020341645,0.252972895442578
0.6365,0.41809237969459717,0.3935165064018493
0.636625,0.43414777849008823,0.17053939917521532
0.63675,0.23156861534741088,-0.0021567912601820043
0.636875,0.0787084467658848,-0.02174005043376969
0.637,0.09179208057099048,0.017698840904362377
0.637125,0.12232277496947047,0.16884498169918516
0.63725,0.237343526634052,0.07567881984733388
0.637375,0.10746295748906949,-0.027061043325307094
0.6375,-0.10213733440111002,-0.003918206758749918
0.637625,-0.383213646200907,0.21259854280503443
0.63775,-0.4410558597068221,0.40535504728646066
0.637875,-0.1480337074293806,0.3668146132453034
0.638,-0.041307499357767945,0.16029689689048066
0.638125,-0.19274560636445293,0.07406014712370086
0.63825,-0.4418427505595495,0.06928087472200571
0.638375,-0.32143762424535793,0.08161938694075531
0.6385,-0.00734091147620532,0.15627547250051635
0.638625,0.17807196368584519,0.1349701066871541
0.63875,0.004510783085996815,-0.07851423731229489
0.638875,-0.12573277627003016,-0.3475022095679201
0.639,-0.10226958688972529,-0.31629629276477966
0.639125,0.06279938409939004,-0.13597353746403407
0.63925,0.13612685327624136,-0.020448924799740077
0.639375,0.08682211938824798,-0.16198872169291156
0.6395,-0.22378070451391846,-0.3102264105226731
0.639625,-0.43584976162117667,-0.32538972621075696
0.63975,-0.5098671147788975,-0.0011753668280922753
0.639875,-0.37751558006243996,0.17432441389248574
0.64,-0.15092388829837514,0.02015339146797221
0.640125,-0.05830783322840708,-0.11071616088223872
0.64025,-0.020359629284601426,-0.08257276643420598
0.640375,-0.1177742505159867,0.01781953528113451
0.6405,-0.20551981247080628,0.14763080966815942
0.640625,-0.22155083303613776,0.09718151553155258
0.64075,-0.23108013443721667,-0.14589317402430257
0.640875,-0.3079984681761606,-0.3736825795703813
0.641,-0.4035044932864572,-0.4732322740824133
0.641125,-0.39192928606220834,-0.3630446652642876
0.64125,-0.05551580126811579,-0.1809044921606307
0.641375,0.4302980116625359,-0.0795400755022364
0.6415,0.6649106167308519,-0.005164236539303739
0.641625,0.29585897431999675,-0.04014544741049478
0.64175,-0.24556986847788984,-0.15581205987181118
0.641875,-0.37014028711654023,-0.20994353308073696
0.642,-0.15466585083986611,-0.2568949462358126
0.642125,0.09004963581380224,-0.22960961445713896
0.64225,0.244732676113605,-0.3361575670994798
0.642375,0.3105303095820131,-0.31110932920091006
0.6425,0.24702826591414523,-0.04274262620111725
0.642625,0.20747157068740082,0.3479213062804055
0.64275,0.2474257171346816,0.5488534110942422
0.642875,0.2669604788165656,0.24655252622998003
0.643,0.2090723074423835,-0.15617382796907767
0.643125,0.18364553277459303,-0.3517627506775366
0.64325,0.10327359466930663,-0.14671941002417388
0.643375,0.19759008534365569,0.09021053974884127
0.6435,0.2826770640351804,0.2270515034937443
0.643625,0.4241638208877914,0.2478677935862417
0.64375,0.3957338914152468,0.2301821375345501
0.643875,0.20794904711554588,0.22393288316250215
0.644,-0.0951334384561518,0.2084809030471487
0.644125,-0.35738302947702577,0.19830337884264762
0.64425,-0.3646915397567232,0.19191856876532504
0.644375,-0.10564051373770772,0.16157948038525702
0.6445,0.1399181091765326,0.09906106365128868
0.644625,0.35248755296541856,0.14138262073284572
0.64475,0.4022749055153148,0.26809790758212465
0.644875,0.24160342065976698,0.3624550416916711
0.645,-0.01271064578951573,0.37877634894146106
0.645125,-0.3208221629764148,0.17203438318635272
0.64525,-0.4569044324299418,-0.07609846392071232
0.645375,-0.33007548962741307,-0.3324040545378456
0.6455,-0.07340608257232066,-0.311798258675335
0.645625,0.01669314072720112,-0.10685213381021076
0.64575,0.08714883286959975,0.121086639019679
0.645875,0.10886025919275653,0.3105613917340104
0.646,0.054938841113717996,0.34388384369617003
0.646125,0.05423072764465706,0.18040523221586177
0.64625,0.024526292693144967,-0.057953541393490515
0.646375,0.07724236198829948,-0.2799861381406949
0.6465,0.029259880618866543,-0.40254943754751665
0.646625,-0.004710424405115363,-0.2964806724451735
0.64675,-0.06987483023347285,-0.13293554573462477
0.646875,-0.13874511344933957,0.016848213210917947
0.647,-0.011364496808654987,0.02793308343360908
0.647125,0.23405916989060954,0.061553606718577084
0.64725,0.2687715865332756,0.020859169106969402
0.647375,-0.03350288325304558,0.014113579448293268
0.6475,-0.23470324658525193,0.03797854244395742
0.647625,-0.1674402043798001,0.06330174307708769
0.64775,0.031034232209337723,0.04676635507968238
0.647875,0.13344687075251555,0.008560087360801058
0.648,0.14744438388934417,-0.07478425436350464
0.648125,0.14703083429272695,-0.10978487944001813
0.64825,0.09697944976787592,-0.007627823816182602
0.648375,-0.12671002955409175,0.1882408159254912
0.6485,-0.3857949619471524,0.24150062432151076
0.648625,-0.5841012791645868,-0.016283679807126902
0.64875,-0.5852550155356951,-0.24067946020129474
0.648875,-0.4221368581925165,-0.18315955340412887
0.649,-0.33264141586082957,0.005652584142961554
0.649125,-0.3091279433301356,0.11697961200860653
0.64925,-0.30195649865651214,0.13248484489049558
0.649375,-0.3870742656868559,0.16386559847158716
0.6495,-0.37761306447891574,0.09718199731970885
0.649625,-0.23847553029430613,-0.08705588865514041
0.64975,-0.20125904189125438,-0.35533217150646257
0.649875,-0.11561764084935981,-0.5651482361390799
0.65,-0.10219187562583558,-0.5263282630325672
0.650125,0.06160102577623792,-0.36110775879125045
0.65025,0.2573264952783775,-0.2949843233602691
0.650375,0.2556342781803582,-0.24449848082539177
0.6505,0.07807375443096093,-0.2911652433143891
0.650625,0.029038445490878365,-0.36554700078212027
0.65075,0.07495033115217226,-0.35578417952433344
0.650875,0.1318112384478863,-0.21001512321035956
0.651,0.19831719307051535,-0.17426919456785517
0.651125,0.35600569910043683,-0.13709328777766866
0.65125,0.4658063655098609,-0.08487855475472302
0.651375,0.3250707550980982,0.11466902171056406
0.6515,0.30832572449929846,0.26837393920461267
0.651625,0.43890218126940167,0.2980250360833646
0.65175,0.39263987318305854,0.10065565897477709
0.651875,0.17985835219371735,0.017112633524782875
0.652,-0.11309858731788133,0.04812762175723178
0.652125,-0.15170132914573314,0.14101647436876377
0.65225,0.2565046070243179,0.18293524254108198
0.652375,0.47706131593870915,0.39781538025373575
0.6525,0.41360629512024727,0.382351194959519
0.652625,0.23500592039410068,0.28586980315686783
0.65275,0.02235289863413076,0.24778798476629396
0.652875,-0.10084598409969654,0.39076164492687493
0.653,-0.25471056614741405,0.4280400159551934
0.653125,-0.31843127955619216,0.17778838909999103
0.65325,-0.12570030783435474,-0.1365089835973531
0.653375,0.1721693843173783,-0.11911833644174731
0.6535,0.1629708068734874,0.21241775882468997
0.653625,0.008430469815783536,0.45510847152030093
0.65375,0.031589926924434984,0.3706539424935238
0.653875,0.07043344420202727,0.17479206421448487
0.654,-0.007137451840026766,0.05605638191433455
0.654125,-0.2568670911997807,-0.09254719208511109
0.65425,-0.3661901258069571,-0.25040708232927716
0.654375,-0.03099820367995275,-0.3143534795227125
0.6545,0.31037247140706486,-0.12906318513664417
0.654625,0.4697924716516722,0.12713507661838702
0.65475,0.2743121341285263,0.1400180164459187
0.654875,-0.025924177436077635,-0.0034317213475718693
0.655,-0.05195873155047043,0.025902002003115657
0.655125,0.065964462964522,0.06073463570304925
0.65525,0.02108639331000554,-0.024613131349192765
0.655375,-0.1777848900530126,-0.22322011940949477
0.6555,-0.3380515914611116,-0.24653925036354646
0.655625,-0.2056150212119568,-0.07642674626615797
0.65575,0.08381339005403396,0.26786023880804416
0.655875,0.3022760305636624,0.353495163242977
0.656,0.13813801983207874,0.20669985440831323
0.656125,-0.20934246360996017,-0.0216584819885061
0.65625,-0.47726075074800917,-0.009236583990022366
0.656375,-0.30612646432214496,0.07983456444895501
0.6565,-0.09371027587144423,0.04621242785105234
0.656625,-0.06539832927468887,-0.16271829379410777
0.65675,-0.3993738978944602,-0.3104519143229093
0.656875,-0.6460640922262036,-0.15603444779576522
0.657,-0.4932113425340854,0.10587473647522004
0.657125,-0.23298086099056034,0.2841196338383052
0.65725,-0.1557056591549377,0.0969144691552514
0.657375,-0.4088026932512417,-0.2456869605815978
0.6575,-0.6238951821456425,-0.37254651496832186
0.657625,-0.5116649600926192,-0.3087195011919196
0.65775,-0.0830528342556575,-0.058980765663983296
0.657875,0.1874056263735617,-0.037714128790460745
0.658,0.1856143254196104,-0.2885572901323371
0.658125,0.14380261540247097,-0.5194750145041168
0.65825,0.16998857411082025,-0.40624325087988966
0.658375,0.13555645153111673,-0.19549731631227749
0.6585,0.03102894634941641,-0.1028241988304945
0.658625,-0.0267049819249062,-0.36049389480536814
0.65875,0.06287713723736955,-0.5167108884238829
0.658875,0.15341051632951755,-0.4383620226131027
0.659,0.11299094386327749,-0.06427085232747524
0.659125,0.211384102674277,0.1852467547303966
0.65925,0.3067881170540619,0.188416614587994
0.659375,0.25440690702497837,0.16900213730775748
0.6595,0.1891660706823398,0.16031907284277733
0.659625,0.14320158392122684,0.10758145678986016
0.65975,0.2587993418682049,-0.008328848886103133
0.659875,0.31506917327061695,-0.058127153125380686
0.66,0.25093115839356295,0.0639283895957049
0.660125,0.13132643156438745,0.1236334629044226
0.66025,-0.11736848447272276,0.1658460995831059
0.660375,-0.06790591723643549,0.2242748741267449
0.6605,0.15562697435815398,0.2308709608466351
0.660625,0.33392396647707306,0.23599271304067526
0.66075,0.36243623847120315,0.12018511841041567
0.660875,0.13013317222048024,0.18385976604005252
0.661,-0.07741374188636944,0.2856706649427971
0.661125,-0.012977241843002682,0.28049161910007564
0.66125,0.3164276758430329,0.2896526902490085
0.661375,0.45585644671533626,0.10372769731938626
0.6615,0.35766136102632645,-0.10337511577601613
0.661625,0.03580556633972852,-0.10190242198531127
0.66175,-0.17402955884399635,0.08115123865457614
0.661875,-0.11514377592979728,0.31190145074717085
0.662,-0.0018764206879476443,0.31617128033217295
0.662125,0.08776862120048443,0.11622589055227273
0.66225,0.10031612276019584,-0.09997003867517448
0.662375,0.06099609302109026,0.012166826272436452
0.6625,0.04457087804026122,0.23654213112261052
0.662625,-0.016227345324086092,0.39536765684660297
0.66275,0.050709351296945746,0.31471356379025595
0.662875,0.008214314639641425,0.0944248554628107
0.663,-0.15719474099626538,-0.10949607179755005
0.663125,-0.4085341908961778,-0.14799588946226291
0.66325,-0.4717960754172488,0.041627394475872645
0.663375,-0.4190063685887608,0.10314103390566534
0.6635,0.04591576567305028,0.13031772107660536
0.663625,0.3344364855104521,0.08216126323717822
0.66375,0.22912191306413393,0.00182881946368767
0.663875,-0.10858329240097528,-0.04432417285405051
0.664,-0.35466427574995213,0.056194533574204376
0.664125,-0.4187155256548353,0.015117711900390001
0.66425,-0.25184899267854105,-0.1239072784447872
0.664375,-0.13909443555155107,-0.3262966816774418
0.6645,-0.10241177606734383,-0.4603945851832676
0.664625,-0.0651848624211069,-0.3053103147856143
0.66475,0.1431708616326833,-0.017741818332385927
0.664875,0.21180316619813022,0.2998609034282975
0.665,-0.11560602710465179,0.2386471481365665
0.665125,-0.5417725256130655,-0.11811440038158942
0.66525,-0.7159887435618963,-0.3245360001300004
0.665375,-0.5205404545016938,-0.31244867870703946
0.6655,-0.12520143026274097,-0.21713360763086348
0.665625,0.1736704046163929,-0.11790337474064398
0.66575,0.05939148749025794,-0.12145144623209017
0.665875,-0.07569823405645967,-0.052320584576682566
0.666,-0.1664521710300418,0.20930003067627592
0.666125,-0.19520579818097455,0.22712263034692817
0.66625,-0.07759468754957027,-0.09894238611826113
0.666375,-0.03545227523851108,-0.4686729664448096
0.6665,-0.05196765059216492,-0.675285200840332
0.666625,-0.10532202126745854,-0.4539155911747786
0.66675,-0.15172719275786484,-0.061767853786708925
0.666875,0.0022893399150998193,0.12392074177551053
0.667,0.3673642666987854,0.055249625236538875
0.667125,0.37498883139588307,-0.0891801436542746
0.66725,0.3734141550011079,-0.13749566564985866
0.667375,0.0837875278963674,-0.1818345462602179
0.6675,-0.02883600925394309,-0.10893079860398294
0.667625,0.14814429318826713,-0.0877322434000857
0.66775,0.4142886621745851,-0.045769519793069056
0.667875,0.48080446707555813,-0.1329902663582283
0.668,0.48675527207301006,-0.14153521918735637
0.668125,0.2995173230802094,-0.0012897887429164437
0.66825,0.21390097220465307,0.3086774634375482
0.668375,0.12005610748974553,0.4053908773312154
0.6685,-0.09550184220020473,0.2770414851260168
0.668625,-0.19092837510898186,0.0987972590040314
0.66875,-0.14540264857028193,-0.029018570745712312
0.668875,-0.006036518401948335,0.07476850958056928
0.669,0.2211777897413338,0.3275731464166587
0.669125,0.35171191470777696,0.46717978084833023
0.66925,0.34333004462582845,0.4709722098134837
0.669375,0.12935641810286616,0.28939463811778104
0.6695,-0.032304207638546696,0.1334719605346503
0.669625,-0.04359855104008654,0.1010811983353928
0.66975,-0.14026617777753547,-0.08457545878797064
0.669875,-0.1692637577420458,-0.2590694072010805
0.67,-0.10689230576856207,-0.1525928551259315
0.670125,0.030478436973689554,0.0168121237922697
0.67025,0.19336351128935333,0.22224014267120645
0.670375,0.2650368559697015,0.34988500749274204
0.6705,0.08534669182239762,0.3416477525514608
0.670625,-0.034987386491262096,0.11188728640927022
0.67075,-0.158956440007918,0.005943254798312404
0.670875,-0.007046249750743192,-0.034473068445889425
0.671,0.1581351397733942,-0.106452972572445
0.671125,0.10180397378292529,-0.12182882183304032
0.67125,0.04560115198129304,-0.08586166196462418
0.671375,0.0008935866993571394,-0.001492190146198021
0.6715,-0.1627737183947025,0.20795371152761905
0.671625,-0.0959658912913121,0.2286202413629842
0.67175,-0.17989907804536232,0.11582774849187998
0.671875,-0.2413524512700887,-0.08440772435317595
0.672,-0.23025570673151952,-0.13252168997241792
0.672125,-0.12040564013681444,0.036726225777472324
0.67225,0.019024172233549304,0.08925881650540589
0.672375,0.11902594393090417,0.09173576887375241
0.6725,0.13505801920741953,0.04735580709644139
0.672625,0.112190204534119,-0.05508130249672426
0.67275,-0.026447954791518912,-0.09041323193884894
0.672875,-0.22435955383530384,-0.1075830992878634
0.673,-0.3463458218518216,-0.1817237179598745
0.673125,-0.3838177715321492,-0.13693711340539497
0.67325,-0.27488762363121133,-0.22112703613060394
0.673375,-0.07476759004786072,-0.10095595376811814
0.6735,0.003030243341846423,-0.006447145444116054
0.673625,-0.14206514378021132,0.13386570121436925
0.67375,-0.3312680826634541,0.15874272218523403
0.673875,-0.3573380330307577,0.07678969956813413
0.674,-0.23536453355424705,-0.03863153034931526
0.674125,-0.1371401952008993,-0.2102762365168415
0.67425,-0.18263045454894605,-0.30852976276506444
0.674375,-0.28796841200050066,-0.38652916006701427
0.6745,-0.28608700566085,-0.1979977263002984
0.674625,0.008222683340610194,-0.057115880677367704
0.67475,0.0866181868066551,0.05661502246401857
0.674875,0.0005153166315132149,-0.10553742731471927
0.675,-0.15922899605753624,-0.3186570189442833
0.675125,-0.211409496088308,-0.3581847979216974
0.67525,0.001834791120728382,-0.22422751686705336
0.675375,0.2470330836043901,-0.12463747866228497
0.6755,0.2725606560231654,-0.21068444814233261
0.675625,0.28463454978056113,-0.3147576035233792
0.67575,0.30818469958100025,-0.21741579635757113
0.675875,0.37353421045168467,-0.0874597796143498
0.676,0.400076884871003,0.11486574422252177
0.676125,0.29103393280312256,-0.01756765575819456
0.67625,0.06966110657775684,-0.08398901234532999
0.676375,0.017575128805688078,-0.18752633853574813
0.6765,0.1183956925890771,-0.005991654414775994
0.676625,0.1789876786787099,0.2084462377786116
0.67675,0.14356745093694714,0.2401600469519461
0.676875,0.0017607062083287563,0.28718027635967575
0.677,0.05426363903795009,0.30141939132475815
0.677125,0.13784813086556422,0.3468594546388232
0.67725,0.15734220502100657,0.3959435764886257
0.677375,0.08962106259694229,0.20026464614698322
0.6775,-0.14970007625471465,0.05464865982397758
0.677625,-0.21397085022312723,0.06998696587457774
0.67775,-0.10893011506023323,0.0950229303025326
0.677875,0.1633963431033736,0.1844545000904908
0.678,0.4721711142603907,0.12555898342135968
0.678125,0.4632306302298844,0.061833057297298245
0.67825,0.19138494395663422,0.043306919913453756
0.678375,0.00018726390652502558,0.04712162052530416
0.6785,-0.07532737419602249,0.10820994062382364
0.678625,0.018100395634819647,0.059945006700981476
0.67875,0.2090842033817377,-0.13787745602718912
0.678875,0.18916511528183508,-0.22077361858388467
0.679,0.08583246339589808,-0.14750727953838233
0.679125,-0.05347983856678531,0.16934144997582906
0.67925,0.0508449238174199,0.40776541724604554
0.679375,0.13893333440055974,0.38794985734083
0.6795,0.001841616208386639,0.18741354048703807
0.679625,-0.28292583477712174,-0.018176411440016714
0.67975,-0.37419828906328484,-0.07137002804051341
0.679875,-0.009237205160101805,0.03925901907110723
0.68,0.16999607502811534,0.14347908420061356
0.680125,-0.010534657220008105,0.2111002307314343
0.68025,-0.17255211702765505,0.090102081612281
0.680375,-0.06868276412029457,-0.0024852687528273
0.6805,0.20644812525200376,0.05748348677091226
0.680625,0.2357673217872591,0.10596533209446365
0.68075,-0.08267823690599964,-0.020634974407376164
0.680875,-0.49405336489183155,-0.31602203008328394
0.681,-0.5345304022671823,-0.35884060915243216
0.681125,-0.17991211198229848,-0.041890477466393884
0.68125,0.20199583685110434,0.12748452255038953
0.681375,0.3955522297792299,-0.04174570131058574
0.6815,0.19652171728018653,-0.13624796049784235
0.681625,-0.24764490244556286,-0.06384584305418302
0.68175,-0.45260813600448907,0.167605605638877
0.681875,-0.4132537589986734,0.24539387519978456
0.682,-0.30579300626791983,-0.11074415300580574
0.682125,-0.274940934027663,-0.4417742873565081
0.68225,-0.3578789341577526,-0.4700669741408452
0.682375,-0.3416072396824383,-0.24202782114803117
0.6825,-0.13751130356846333,0.1693971955712053
0.682625,-0.0914123066523899,0.35050721175330357
0.68275,-0.19656465172881604,0.1675302785227195
0.682875,-0.38105516546858587,-0.2080833561783258
0.683,-0.4836453826299313,-0.3898811837337889
0.683125,-0.34244076214539493,-0.37872481198967994
0.68325,-0.20599202446300488,-0.2995703868259997
0.683375,-0.010237694479195548,-0.25238801659166143
0.6835,0.19730936441163094,-0.32709118870070114
0.683625,0.2564413328055861,-0.28830060643775096
0.68375,0.349844154324279,-0.1566803592142078
0.683875,0.42789349132064475,-0.11962044118572558
0.684,0.3083202896882682,-0.20416164938205186
0.684125,0.21461764624126167,-0.3799023505399541
0.68425,0.1952379490243039,-0.40389457901716463
0.684375,0.20345525159779243,-0.3358596230447573
0.6845,0.2960421956351576,-0.16680799502988833
0.684625,0.2443969344639049,-0.011454322053747542
0.68475,0.0937120336403661,0.13474453102104603
0.684875,0.2337982898152269,0.21372199136193962
0.685,0.3077482585403911,0.33920664665300554
0.685125,0.33294453902608084,0.4076617978340416
0.68525,0.13696988532467083,0.2901400468821663
0.685375,-0.10603517692068665,0.1479501095788345
0.6855,0.1185175781549823,0.10068006495207443
0.685625,0.38719616009701835,0.17958369870513355
0.68575,0.33426413222517604,0.2383285529786065
0.685875,0.04640709006103464,0.22673437425371826
0.686,-0.07474092693688968,0.1483556248594245
0.686125,0.03323970425471623,0.175782861496319
0.68625,0.22658190069128203,0.30625110607481926
0.686375,0.2408519840011471,0.26727377662433166
0.6865,0.09862639570500663,0.10349364769047004
0.686625,0.0662594917385988,-0.07725531936595961
0.68675,0.09115161701667704,0.17396264870716727
0.686875,0.18112776263726485,0.413004158843708
0.687,0.11559064877548916,0.2880297579831217
0.687125,-0.013759436011958764,-0.004565668256224283
0.68725,-0.2543002056339911,-0.09228051431646725
0.687375,-0.4586625098358255,-0.005838460924843961
0.6875,-0.3779769250911333,0.19405131352313185
0.687625,-0.047483440682334906,0.21161699723996863
0.68775,0.2298795495253457,0.10336233966608503
0.687875,0.24122685100749763,0.08565519944270705
0.688,0.048939916227006434,0.08176746602458561
0.688125,-0.2737846082830852,0.13506093069441433
0.68825,-0.3038171916072438,0.06892192600807266
0.688375,-0.2576106613214505,-0.011460126334779126
0.6885,-0.16849024980318514,-0.17763042359300354
0.688625,-0.14525396592863274,-0.39483471518401553
0.68875,-0.16494884063443274,-0.34810968159239586
0.688875,-0.1276977472627736,-0.061549147069740955
0.689,-0.0420549776166751,0.18508783279256913
0.689125,-0.05656950045220746,0.2389489213296389
0.68925,0.021542662522115983,0.023824387815776095
0.689375,0.060870041296750325,-0.2518066845672738
0.6895,-0.06887935456590118,-0.3164007097218715
0.689625,-0.15634853242186236,-0.20768574578826493
0.68975,-0.16153354813011958,-0.19825416889823716
0.689875,-0.22794510517539313,-0.09152381542045782
0.69,-0.19106643269143175,-0.10771730295749275
0.690125,-0.07288702778828485,-0.16488232589978732
0.69025,0.053142598688637285,-0.09527449583936867
0.690375,0.12275686079832064,0.03411892111725942
0.6905,0.10427041067435237,0.07033420517461086
0.690625,-0.07632588166909474,0.06508140101091697
0.69075,-0.367667967520247,-0.008211311890183905
0.690875,-0.5427744708347483,-0.13720547669625727
0.691,-0.44449497734838406,-0.10835038387473749
0.691125,-0.1633593729294719,-0.16471444288558948
0.69125,-0.020097969280057592,-0.15910679669548533
0.691375,-0.11940497821136153,-0.08655403956797406
0.6915,-0.2165026519724043,-0.023472899810046462
0.691625,-0.0827269898928426,0.12161300748168866
0.69175,0.0703191184266444,0.07243004290264243
0.691875,-0.08143520357297807,-0.06343629977192744
0.692,-0.3137200015390177,-0.335680092166104
0.692125,-0.2737496152977005,-0.5134372985542485
0.69225,0.1565243254509874,-0.4306696456558547
0.692375,0.5319270623056906,-0.12844546145873198
0.6925,0.6108412597569856,0.005747196091306521
0.692625,0.3408569455828593,-0.12436086846481076
0.69275,0.18993735963289818,-0.18776424848573153
0.692875,0.05175511499255028,-0.08901021910395034
0.693,-0.0022608363335276747,0.04380660617087344
0.693125,0.0056912495575336675,-0.09460595393887788
0.69325,0.16548103702245157,-0.30503918710913785
0.693375,0.32394637669956644,-0.1918628404142623
0.6935,0.42118029529334805,0.1678691395655191
0.693625,0.3158942682044812,0.4743153276099187
0.69375,0.30463287186658583,0.5373704618217917
0.693875,0.23874179757075834,0.3387689721114556
0.694,0.12509330459275894,0.16572103758078155
0.694125,0.03524805668525314,0.021732641676899252
0.69425,-0.020030976545374213,-0.048313271439951705
0.694375,-0.03359713782772093,-0.038962747940936744
0.6945,0.10346533546180073,0.11314964592383694
0.694625,0.40207972033398204,0.22643240974077
0.69475,0.32597109122531737,0.3369344873985356
0.694875,0.011479814540385483,0.33687642999719974
0.695,-0.1279755383664048,0.2914860814162005
0.695125,0.011501083608662765,0.189735262631319
0.69525,0.28688024183383143,0.1447065065769024
0.695375,0.20847258621942294,0.06626147723968127
0.6955,-0.0974942126078618,0.00987538820378304
0.695625,-0.12800764604070114,-0.060887381699003394
0.69575,0.08254756750799923,0.14143470387398488
0.695875,0.24461054798071882,0.3439397194758514
0.696,0.14313057759860318,0.2774531640901278
0.696125,-0.24281045372104687,0.027826816878099896
0.69625,-0.3818388140410136,-0.11917188787952737
0.696375,-0.23549526623356073,0.0358996019538679
0.6965,-0.02464927818113194,0.26157336825934463
0.696625,-0.00034898705013173723,0.18439939778979686
0.69675,0.05835529352303163,-0.040115599933709944
0.696875,0.06471955661921729,-0.0827679957089185
0.697,-0.02962491902295377,0.0817461351342469
0.697125,-0.11858319459863904,0.22849586886664622
0.69725,-0.3343488580332539,0.13263177088649114
0.697375,-0.497038836584622,-0.1610791086010887
0.6975,-0.5720138519644181,-0.3186553290238907
0.697625,-0.5198039257807381,-0.21184804598825122
0.69775,-0.3022141152410265,0.02116567253553504
0.697875,-0.04273333455065314,0.017123049055507267
0.698,0.26049150595124737,-0.022820974584159222
0.698125,0.30940216389466985,0.0725495593714213
0.69825,0.19092357897463355,0.0013071440018600493
0.698375,-0.14468239086348988,-0.18567090110064868
0.6985,-0.298324682778507,-0.2856063819518409
0.698625,-0.3608721730557524,-0.4805116839789097
0.69875,-0.20402495727408035,-0.5324872951708766
0.698875,-0.09254851516140558,-0.47664416341818616
0.699,-0.15967003945969405,-0.29694118331429215
0.699125,-0.19801783138877607,-0.011525489627004273
0.69925,-0.37113140094133446,0.2547549961307171
0.699375,-0.4247093213074454,0.3259278944134655
0.6995,-0.47522259232586433,0.17119290100411158
0.699625,-0.29673236161170835,-0.07272624010759561
0.69975,-0.13566405090781897,-0.2458945438270942
0.699875,0.01652031522148745,-0.2754177320380104
0.7,0.16723126194686005,-0.17411858791956608
0.700125,0.4233422746671795,-0.1178758844925708
0.70025,0.4432742653685949,-0.13017415631901388
0.700375,0.34879916575106057,-0.19454198165670317
0.7005,0.35598154067019544,-0.2622957204961161
0.700625,0.11287502772774652,-0.38918994778103866
0.70075,0.031974820888499914,-0.4183089375800424
0.700875,-0.014527815242827511,-0.27824688145419185
0.701,0.04200221309004827,-0.11022290086216985
0.701125,0.22114893971722838,0.024559426831423283
0.70125,0.597200999632583,0.23961109603449776
0.701375,0.7061388830567512,0.3802846776971228
0.7015,0.5557400405195818,0.4048004068147606
0.701625,0.19922528803070672,0.3357448354188238
0.70175,-0.05678916593460084,0.24182296526816385
0.701875,-0.3967337453605347,0.14690598091424475
0.702,-0.40014265961316375,0.01087575490407263
0.702125,-0.06783807042806635,0.02229151261828446
0.70225,0.14925300175277212,0.022651680382399623
0.702375,0.3000802636860469,0.18563542305388298
0.7025,0.3215370654591948,0.5558184811714597
0.702625,0.18196829059318662,0.6886004177181162
0.70275,0.09190748407221465,0.523413736843068
0.702875,-0.04306045109343729,0.2420672541797048
0.703,-0.15644655746375616,-0.12444036599788218
0.703125,-0.13916019240604707,-0.3468017789581966
0.70325,-0.061014820454272596,-0.3698312031723987
0.703375,0.017696030490079343,-0.11456337468760339
0.7035,0.10197933205512771,0.11764675140621718
0.703625,0.1734521174664456,0.2549142273937188
0.70375,0.18923164039304416,0.27068085838416345
0.703875,0.13257996721855705,0.19884530438417425
0.704,0.027282717184413524,0.0343309097238242
0.704125,-0.08926257746774394,-0.02761517885043857
0.70425,-0.23824339834634942,-0.1490485347631455
0.704375,-0.2615456774219308,-0.10316343732723844
0.7045,-0.14614331702634878,0.0001336648495400002
0.704625,0.1323916806407732,0.05513676108932711
0.70475,0.21677437242195563,0.10665629785341117
0.704875,0.05677256864377134,0.11023557679228345
0.705,-0.09068001870598891,0.15947290377836076
0.705125,-0.03600911396777758,0.14359374700230967
0.70525,0.05497648962195591,0.04792636839575841
0.705375,0.0725761930577192,-0.1585638354980875
0.7055,-0.03164022173204758,-0.2149625642021465
0.705625,-0.053945354567537115,-0.18347539964221407
0.70575,0.09552600840813927,-0.14176619031809132
0.705875,0.15347149469218324,0.070614527341994
0.706,0.04853229877431683,0.20322635122978458
0.706125,0.05266249968343369,0.07085416659045317
0.70625,-0.06404607640208947,-0.08798389315013555
0.706375,-0.19399328479680047,-0.06557702708351744
0.7065,-0.4763958015008394,0.00940523503407244
0.706625,-0.4941313026676951,0.038627725111074936
0.70675,-0.3483231344092803,-0.011127896155251414
0.706875,-0.04852584689125695,-0.06861817305112158
0.707,-0.11524353110540037,0.08918742572080568
0.707125,-0.3693642837092748,0.132544636772317
0.70725,-0.6255710280205519,0.03953112023855034
0.707375,-0.645725059242919,-0.012435727127215714
0.7075,-0.44610998291834536,-0.044082262212806
0.707625,-0.2615095545635423,-0.25601574708228064
0.70775,0.03205933186325787,-0.40819385572858397
0.707875,0.2834025654830302,-0.4769974026703339
0.708,0.2391110482582578,-0.288848947975124
0.708125,0.15113065105530168,-0.07594237964931529
0.70825,-0.02113905098064338,-0.11928328985111816
0.708375,-0.1210172334603398,-0.3184832269555779
0.7085,-0.15311016362540186,-0.563353967020146
0.708625,-0.11652450883497556,-0.6063925722985845
0.70875,-0.029775438440023068,-0.41355159664775554
0.708875,0.25944962395562,-0.16348483252294477
0.709,0.5838461204195408,0.022633231199928112
0.709125,0.7800494445706673,0.2628084672115789
0.70925,0.5025079419715771,0.3233866003358709
0.709375,0.07021413553682726,0.1390552548144376
0.7095,-0.13785579910823384,-0.030957014401619673
0.709625,-0.04886554736757797,-0.14028405202834743
0.70975,0.2174106465344104,-0.19654592085611922
0.709875,0.3437805143053251,-0.0754911559151653
0.71,0.1926293533438692,0.025899580678271913
0.710125,0.07651319219151577,0.20220092674845916
0.71025,0.07868881407346694,0.5358555595347686
0.710375,0.15844652566248033,0.6631786392295406
0.7105,0.0708289443593843,0.432338400282076
0.710625,-0.12343466610232928,0.08657123834165936
0.71075,-0.29949012656578183,-0.15215644932243763
0.710875,-0.20888530091671315,-0.018714251786002153
0.711,0.21751354070308068,0.2093470737133041
0.711125,0.4564612443760927,0.27094798268436737
0.71125,0.5135842357304568,0.17205502320088376
0.711375,0.36013459302495343,0.087948097712756
0.7115,0.12899288617967863,0.06321096030094586
0.711625,-0.0027996292397558125,0.1527175356599234
0.71175,0.06185031808297464,0.06123238079816234
0.711875,-0.04926556260426646,-0.09223290613480588
0.712,-0.11490844591806876,-0.28748777822392907
0.712125,-0.06260858019196293,-0.17617660822578943
0.71225,0.0605642844342548,0.14710380332773712
0.712375,0.11871151613358856,0.45267971697251025
0.7125,0.2745156979890353,0.4332766524429335
0.712625,0.35510523724711884,0.34954132469600263
0.71275,0.07956734554227149,0.06018260799699747
0.712875,-0.3219302392299458,-0.00749253447126397
0.713,-0.5127685387262624,0.05607417571857305
0.713125,-0.3682085553750714,-0.06993169702392994
0.71325,-0.17767289425596275,-0.14186785346249162
0.713375,-0.18805057443563652,-0.020076575342357923
0.7135,-0.25215585897155324,0.06127468463417452
0.713625,-0.10035104034557245,0.1512765955843342
0.71375,0.15093077193054563,0.2585536498814829
0.713875,0.22773615856864868,0.3281051699579331
0.714,0.025775445265106983,0.050692649576517035
0.714125,-0.2651612520114883,-0.32151932311167486
0.71425,-0.5147082014349238,-0.47013313471586726
0.714375,-0.26663127202363207,-0.3562677434484576
0.7145,0.13022770078377496,-0.12913761378331337
0.714625,0.3616509806449902,-0.06807018016022875
0.71475,0.2645004554065553,-0.2079490369247693
0.714875,-0.011542468109439609,-0.10484643177283733
0.715,-0.12259880551062549,0.11708823463762323
0.715125,-0.23386493974216918,0.18333723956516862
0.71525,-0.31850249734569425,0.09827079114186482
0.715375,-0.45286690821413206,-0.27926417155724925
0.7155,-0.30807617496224254,-0.3842249126835894
0.715625,-0.0559786154908862,-0.22298905556260779
0.71575,0.17612981255346033,0.07283337082321778
0.715875,0.007964243505559451,0.2830369008326228
0.716,-0.3559940364447182,0.18627577793591069
0.716125,-0.5542544657104087,0.005237229483374571
0.71625,-0.4087543418224696,-0.14521624518412463
0.716375,-0.32663045174705346,-0.15969385419011445
0.7165,-0.14406310152726012,-0.2932886822787143
0.716625,-0.029351211936655405,-0.37049485365025125
0.71675,0.019803982413105405,-0.29914029731443587
0.716875,0.024148152318452295,-0.0794401204840374
0.717,0.10463859434390085,0.11924794557794131
0.717125,0.2223414430825803,-0.00378648385498526
0.71725,0.21196951588139526,-0.38125204486742686
0.717375,0.26724165625411905,-0.5337576189255038
0.7175,0.14441186847275297,-0.44868201451687745
0.717625,-0.05246588495625102,-0.28951669052253143
0.71775,-0.0674429735718843,-0.14122582138537684
0.717875,0.12957536937397343,0.015190811623939853
0.718,0.43918641170999956,-0.00672953097865078
0.718125,0.6776981314210849,-0.016050223587928236
0.71825,0.5342296553781818,0.09979343404593478
0.718375,0.22031488468043364,0.21896521164329621
0.7185,0.024084191470064575,0.20008518158095492
0.718625,-0.006502806557359441,0.2538955041622829
0.71875,0.018300352467529923,0.11628724044932098
0.718875,0.19283367285792333,-0.08104304793363946
0.719,0.054668010302775336,-0.05780418046276611
0.719125,-0.08801528806172501,0.14316482702803413
0.71925,0.03686006710206493,0.4182545971032042
0.719375,0.23705530772246006,0.6017028151720256
0.7195,0.4171441974244535,0.4830891407470386
0.719625,0.3038330999953455,0.1979664115683075
0.71975,-0.052124338298987334,0.01264126039818943
0.719875,-0.12158911130983055,0.009748492169590625
0.72,0.06890247940318092,0.03959380226854092
0.720125,0.45434204751258345,0.19251645973630632
0.72025,0.5105493123627984,0.07089180347858817
0.720375,0.38326674956314616,-0.08102000536908474
0.7205,0.09146738173887585,0.043166937628939014
0.720625,-0.14979550264150696,0.20935488471361577
0.72075,-0.17989033896899148,0.33665339371029307
0.720875,-0.1366811805467613,0.23343794620409683
0.721,-0.11709752257091625,0.032230360605581924
0.721125,-0.0778107545925116,-0.12247703602376037
0.72125,-0.08017153409320121,0.10666731517832374
0.721375,-0.06748063277742895,0.39599594869040583
0.7215,-0.13906046888753712,0.5103922916118065
0.721625,-0.33951605621155373,0.31646394967477276
0.72175,-0.47448631014321085,0.11160810125628387
0.721875,-0.42486249347671473,-0.11099968725528693
0.722,-0.3285755429569632,-0.14193598262549195
0.722125,-0.12742332885615124,-0.09618686336333207
0.72225,0.13661684001717206,-0.11432378598885758
0.722375,0.11635065086447939,-0.08674696446480473
0.7225,0.00014640970240278932,-0.035817841081212984
0.722625,-0.06435797792911493,-0.018721401481282242
0.72275,-0.1131217734833163,-0.12605150719174193
0.722875,-0.05685470293595212,-0.24086951493990055
0.723,-0.18178175897197288,-0.4154539222898382
0.723125,-0.4319800329798666,-0.3888581966660807
0.72325,-0.43697498784613426,-0.29387031168021516
0.723375,-0.1963081859801287,-0.07569012898078255
0.7235,-0.032820209521570866,0.11162183928231827
0.723625,0.08000578604587183,0.09681556379860871
0.72375,0.050424538373830284,-0.003677761323505254
0.723875,-0.17881822161580047,-0.0742593736653491
0.724,-0.3057455412365535,-0.04083049317981577
0.724125,-0.3895438611219924,-0.03820189092323077
0.72425,-0.4043397193046002,-0.18952188599000883
0.724375,-0.34099882079856786,-0.3980837791577688
0.7245,-0.23517379250596646,-0.4169805535021862
0.724625,0.033317523563966035,-0.21536292496153553
0.72475,0.2562673625073621,-0.04490033574948911
0.724875,0.5532634616295191,0.08486697090573582
0.725,0.412061079747658,0.00484360926163383
0.725125,0.08910966614818845,-0.17970060443299668
0.72525,-0.23528775314005387,-0.27559793367315505
0.725375,-0.1247355613919177,-0.3109751032674555
0.7255,0.1717019156329255,-0.36765552642041255
0.725625,0.3779499830154557,-0.30955504493739805
0.72575,0.46125691334519286,-0.2083653319702326
0.725875,0.3648660690516959,0.008984653869850628
0.726,0.3182053350407701,0.2415903020765255
0.726125,0.19420537434272936,0.46693838894036854
0.72625,0.10661611790736354,0.39427738243534116
0.726375,0.03550024635549028,0.04458373311214219
0.7265,-0.04443680068434649,-0.17546289888385933
0.726625,-0.11361649262449826,-0.06192544347494039
0.72675,0.10774990747796999,0.15590052186682452
0.726875,0.4755193963948489,0.31908940395335034
0.727,0.5160779755538489,0.391055750484067
0.727125,0.3430676778915213,0.411879256332417
0.72725,-0.121618379118661,0.2788536481963664
0.727375,-0.3391006980329384,0.1530591942352189
0.7275,-0.33436102280023033,0.05372442509977105
0.727625,-0.10208927908815613,0.06196822572484669
0.72775,0.05796150630432751,-0.024616813606216793
0.727875,0.2255094277132212,-0.07737029820659141
0.728,0.1592895918246499,0.14080391276836535
0.728125,0.0813818355901292,0.44247213460690427
0.72825,0.09786681296043347,0.5167545510108624
0.728375,0.11673281338021604,0.29478177885496987
0.7285,-0.009947175905277491,-0.0405802443761776
0.728625,-0.11962730261820932,-0.28268353360925563
0.72875,-0.1357326235249889,-0.26985696908319484
0.728875,-0.02488883527931449,-0.15285156917752124
0.729,0.08614767494294072,0.09791647848436319
0.729125,0.1583329009338372,0.18553534481690306
0.72925,0.07233600914170042,0.13066453001414113
0.729375,0.05096545987303214,0.08352897147010686
0.7295,-0.06356045878453054,0.10540699081493074
0.729625,-0.26749757678139874,0.17630993916891421
0.72975,-0.25590202329434075,0.037465688093272415
0.729875,-0.19684541507332565,-0.07497197540628166
0.73,-0.1766699921114603,-0.12493129314231624
0.730125,-0.17977355150971425,-0.018911668619897116
0.73025,-0.030042390335917216,0.09216494010827071
0.730375,0.1080367876115102,0.1393578318681343
0.7305,0.12670958674347518,0.08932077426784707
0.730625,0.1056713639977309,0.03865099970999796
0.73075,0.014323080468994102,-0.024689212902708157
0.730875,-0.06639691101232266,-0.18227411182668818
0.731,0.06513002234823981,-0.20368347559875022
0.731125,0.18716073658399296,-0.15093593165399152
0.73125,0.3617704924254442,-0.1537185832903013
0.731375,0.35424243651377374,-0.13123538657404085
0.7315,0.07137592816261729,-0.02522867754603833
0.731625,-0.21657270537735954,0.07098523845542486
0.73175,-0.5012071329144805,0.12797820526555412
0.731875,-0.557189534822649,0.06961102901774628
0.732,-0.449068860271612,-0.03710266604911949
0.732125,-0.32398075459023745,-0.07174401965502533
0.73225,-0.19459760324409311,-0.006759293370792312
0.732375,-0.2659753830566832,0.17273502864059276
0.7325,-0.2680650242737281,0.3759370082947588
0.732625,-0.2844310060423122,0.32374276679798414
0.73275,-0.38397086933632285,0.1147532286284515
0.732875,-0.5096622472859241,-0.20600524462523198
0.733,-0.48845172069720183,-0.46108647632150185
0.733125,-0.40023554931892713,-0.4739649432479866
0.73325,0.06516606565206712,-0.3935237533479719
0.733375,0.3637223814062977,-0.2610986943362769
0.7335,0.2882236167037677,-0.22670131868251106
0.733625,0.2115515078402859,-0.2511192654132261
0.73375,0.27159970744767614,-0.2618774434376299
0.733875,0.36990297586366183,-0.24464475894116952
0.734,0.2465727123912815,-0.3902744158223559
0.734125,-0.07568163514630212,-0.4449483624858468
0.73425,-0.165785801871232,-0.46827905843441014
0.734375,0.07188119150718689,-0.3946027091800805
0.7345,0.38470176455993416,0.06002546173305873
0.734625,0.5239514539093512,0.36028298573509415
0.73475,0.23216817226391448,0.3092111299808677
0.734875,0.07521894344911723,0.19563249050080528
0.735,0.22111126145803478,0.26368527063689967
0.735125,0.4173267968436698,0.2843886640352307
0.73525,0.3003769079526671,0.22780918029536656
0.735375,0.055657254414692964,-0.08506732076079396
0.7355,-0.08557650221984163,-0.13411352819878722
0.735625,0.09491435245327637,0.06213800525778309
0.73575,0.37325198330276466,0.3813372011866116
0.735875,0.41067817974797666,0.4768554277736116
0.736,0.23629703417194656,0.23452129303583735
0.736125,-0.07436102724784696,0.08895836321023115
0.73625,-0.2397193909591324,0.19167009802475254
0.736375,-0.014226143098031312,0.34543714484473487
0.7365,0.19063643736612393,0.2538858536023674
0.736625,0.2929546186799171,0.05285023962237935
0.73675,0.3036770815959739,-0.08833585106160104
0.736875,0.06910285176036085,0.09317185579532848
0.737,-0.07058361466396768,0.29539104371547903
0.737125,-0.03677856786869633,0.40093844268707385
0.73725,0.10623377328776942,0.2321075817682627
0.737375,0.07647489085135327,-0.1299453154364317
0.7375,-0.29633775128585843,-0.18640823834147008
0.737625,-0.5683824372230163,0.009502534477962342
0.73775,-0.34418573767993627,0.15612504048749218
0.737875,0.015780437779475024,0.319958389708689
0.738,0.2762662913955833,0.3191936734372469
0.738125,0.17279460074095832,0.09595727009309343
0.73825,-0.1140710081012179,-0.08131391736847254
0.738375,-0.22695832396791435,-0.04245002560383102
0.7385,-0.12309162442937197,0.12357674792543671
0.738625,-0.1658585499046466,0.07067601317213958
0.73875,-0.2269059933730735,-0.243219355375826
0.738875,-0.2337054050914093,-0.4552353722935021
0.739,-0.10310579344241788,-0.34872058533290545
0.739125,0.15121965253156433,0.008964959159138057
0.73925,0.44606537620542963,0.1978005306243292
0.739375,0.41514551501241215,0.09846924389988358
0.7395,-0.03637437835581437,-0.08960265809520239
0.739625,-0.5399244170100396,-0.16105413715663333
0.73975,-0.67399176893596,-0.12739144861886434
0.739875,-0.39014978516589965,-0.14440535716867178
0.74,0.14147396851592509,-0.21096124868896748
0.740125,0.45465956664511115,-0.21564824362457816
0.74025,0.29992907820324866,-0.11461915891930567
0.740375,-0.0698351301277491,0.1576335380256949
0.7405,-0.42017781412403277,0.38559516801246735
0.740625,-0.47438014630096653,0.31106723297121974
0.74075,-0.3434416876242733,-0.041866747058838444
0.740875,-0.3237267514507951,-0.5024281811975753
0.741,-0.33726284957921243,-0.6355869956200615
0.741125,-0.3645707740315855,-0.361783324942628
0.74125,-0.22668386822560013,0.1594308519579677
0.741375,0.06071539225424655,0.3754184927762673
0.7415,0.18934105463812156,0.28375085933301986
0.741625,-0.09436432934592993,-0.06572139718532116
0.74175,-0.43985676577797805,-0.40165803912099424
0.741875,-0.4477766904920032,-0.4746043328058469
0.742,-0.21142012215129255,-0.3288474176210553
0.742125,0.23039629974392378,-0.32253059529473804
0.74225,0.557424111203568,-0.3097054709130531
0.742375,0.4778202082209852,-0.3011179904387161
0.7425,0.3936590688460974,-0.2049353132871349
0.742625,0.33131468796617347,0.07028467289372178
0.74275,0.26260230179469074,0.16832220228248457
0.742875,0.11233925760649881,-0.0744164504349586
0.743,0.0052676994397088134,-0.3598152912034016
0.743125,-0.09040358799807718,-0.4433376618736275
0.74325,-0.016519279581852588,-0.16882253456523058
0.743375,0.2306511434112933,0.23679507845988337
0.7435,0.46152719080958376,0.479981968980122
0.743625,0.6516558771485113,0.459794838727369
0.74375,0.48615760731972696,0.34010060035817447
0.743875,0.02249456032459946,0.34419804640708956
0.744,-0.19375816898807538,0.24342419998964882
0.744125,-0.18216015846613134,0.11667543996013485
0.74425,-0.03965301169796114,-0.031604583334243756
0.744375,0.08703271624763362,-0.10163457180432557
0.7445,0.12764096820020707,-0.0008717040586206192
0.744625,0.15492868518213382,0.26202596670828165
0.74475,0.3286835466643764,0.4167558307423092
0.744875,0.37291421231997374,0.5904529047882489
0.745,0.19884448298905946,0.37414059557490803
0.745125,0.0061019361462887,-0.03455999562846138
0.74525,-0.05779199167984451,-0.22383768183377054
0.745375,0.0015865895329681948,-0.15949801741768563
0.7455,0.08039869460409897,-0.003875190354845269
0.745625,0.22225726129176115,0.07303063969936513
0.74575,0.2549069256985624,0.12830685762626096
0.745875,0.1676765732612781,0.11877783241912193
0.746,-0.11562120407379187,0.25089703614836667
0.746125,-0.36144790839117097,0.3596733922761827
0.74625,-0.3617864894230871,0.18663608421022765
0.746375,-0.15608929301240987,-0.02675339476899288
0.7465,-0.18543436418847234,-0.09759026323938853
0.746625,-0.3009290978555889,-0.016008278359258735
0.74675,-0.26422782228256336,0.09067934938005026
0.746875,-0.030627191296963507,0.14660875446753907
0.747,0.2194042479371204,0.28369743572464057
0.747125,0.26861533245924313,0.1805174102320449
0.74725,0.08208274070921824,-0.12342636775689331
0.747375,-0.28756541052910634,-0.3716407658209671
0.7475,-0.4141556864340082,-0.2872194336964448
0.747625,-0.37153494346887167,-0.14538850468270856
0.74775,-0.1383115680495659,-0.19253698534313313
0.747875,0.11387656900671715,-0.21075417888105794
0.748,0.27399635897336666,-0.21303591504300312
0.748125,0.1463796970637773,-0.008871784358955819
0.74825,-0.018540163833534858,0.20344872814396728
0.748375,-0.19582485850191508,0.25617725793373
0.7485,-0.4630838845346904,0.07462704676487927
0.748625,-0.650522481772323,-0.24836850418537287
0.74875,-0.6227049718747952,-0.3797413236839976
0.748875,-0.49256658403240516,-0.3358954925886135
0.749,-0.1636883905235901,-0.18530985872056174
0.749125,0.07024521357054654,0.11306978626861035
0.74925,0.011805199350925624,0.2682132200481393
0.749375,-0.23232202122297557,0.092223545211414
0.7495,-0.3244677141198788,-0.05418996523521754
0.749625,-0.38210900264615816,-0.15676747171398078
0.74975,-0.22734430904155672,-0.39983826619428725
0.749875,-0.27820374192029046,-0.5887601515676798
0.75,-0.2644454940760762,-0.5755586626366848
0.750125,0.06553444527566503,-0.4026813462449269
0.75025,0.5875496995409997,-0.0923272361150602
0.750375,0.8597491781682717,0.07054832052394967
0.7505,0.5536082547784809,-0.03447924920508719
0.750625,0.014700317389183079,-0.16168556223049166
0.75075,-0.28546424568917006,-0.2983441940343209
0.750875,-0.07495431089872176,-0.3128662487018962
0.751,0.450370644091414,-0.27000258997740434
0.751125,0.5893895141477601,-0.20993706186616193
0.75125,0.4883449202847732,-0.22948538674587815
0.751375,0.23413584723026906,0.08749587986283161
0.7515,0.125689167136186,0.5961903767930683
0.751625,0.013493116322445275,0.7481735101509838
0.75175,-0.01121334687355148,0.54220798991171
0.751875,-0.13301299280946802,0.013739540862226176
0.752,-0.01529661680924248,-0.2630084066562386
0.752125,0.3039119068111178,-0.025710489577761935
0.75225,0.5133808851986542,0.40161502398980686
0.752375,0.40993133272480403,0.5371342870114124
0.7525,0.11661894490954618,0.43783883759036324
0.752625,0.05215316632574103,0.21857898952518237
0.75275,0.01162484411840827,0.1318426603088447
0.752875,0.027066964622911933,0.015567199634249311
0.753,-0.14157767881184014,-0.047486516179039526
0.753125,-0.10445838895496537,-0.11424784787032487
0.75325,-0.05205098301276886,0.03780458853698243
0.753375,0.008984368521203314,0.2637839535748253
0.7535,0.2887581432036118,0.44643706187261367
0.753625,0.4922285119900683,0.33554620194146295
0.75375,0.25839183313216696,0.15728687576143469
0.753875,-0.13828063746146077,0.01890948425439866
0.754,-0.3505249385478734,0.01499410908857525
0.754125,-0.40876718277460816,-0.04803816815010793
0.75425,-0.25427412719015613,-0.12278995899847614
0.754375,-0.06748742150508183,-0.09034969208348101
0.7545,0.10909618993232723,-0.039484225094891384
0.754625,0.3352056571887686,0.01231873278074765
0.75475,0.38008125776234347,0.2460870720874839
0.754875,-0.025415193830696285,0.4205869426900002
0.755,-0.38304156098155406,0.15614601162515934
0.755125,-0.43259114216629396,-0.10595649339706015
0.75525,-0.28067941717512684,-0.2882341796531775
0.755375,-0.21531153103489356,-0.38777659228674993
0.7555,-0.19385372898799885,-0.28025311882756476
0.755625,-0.01252604657216521,-0.068865433090331
0.75575,0.2014891355070431,0.07622598382108524
0.755875,0.3971204507521332,0.3009636345309022
0.756,0.35849930917828315,0.31350093580253785
0.756125,0.2073407563154205,-0.014411247385362912
0.75625,-0.05260173015467423,-0.3612265840378584
0.756375,-0.3128612653057652,-0.3923108837428062
0.7565,-0.3253054031738474,-0.28589552457779804
0.756625,-0.28375634480005585,-0.2207315327110148
0.75675,-0.2953877508732766,-0.16027164244524963
0.756875,-0.3130804757900825,-0.004307711058107829
0.757,-0.30670727354028215,0.21046391587802674
0.757125,-0.279493274248981,0.3598817373951886
0.75725,-0.1469541110489648,0.2767058499931686
0.757375,-0.42487949359331795,0.15108955346938938
0.7575,-0.6763920056900298,-0.093526566000247
0.757625,-0.6361824735221957,-0.23101149625220035
0.75775,-0.38453192170954387,-0.21249712557664457
0.757875,-0.03042035611296015,-0.24012095258105498
0.758,0.19784561686049637,-0.26618271476636535
0.758125,0.10692403490510637,-0.2453103679791925
0.75825,0.07620067525051519,-0.2606150131155065
0.758375,0.09330070147278592,-0.1853614835544858
0.7585,0.17360583556956805,-0.1919336901272091
0.758625,0.17936541105666462,-0.3984091235509772
0.75875,0.1343432567272008,-0.6092608179621132
0.758875,-0.031067211764817054,-0.5870354720056974
0.759,0.04180830222656996,-0.340429800580924
0.759125,0.25231549452999,-0.07306807240648584
0.75925,0.6238581374089722,0.11403581263338293
0.759375,0.7287938311117207,0.12624816552922388
0.7595,0.45546109519533623,0.048805441616839765
0.759625,-0.005201964981282257,0.09329633823126714
0.75975,-0.17151365471703617,0.1640490863163285
0.759875,-0.033528525451116356,0.21254839368290032
0.76,0.3428036431959317,0.08706868965155398
0.760125,0.47555891684418644,-0.08334770945168818
0.76025,0.43451576118789353,0.02006515354898164
0.760375,0.17620944304435188,0.32700799762489663
0.7605,0.020188043342783426,0.539891197972784
0.760625,0.045837485287173484,0.6548213832912236
0.76075,-0.03437861978984805,0.382893168520339
0.760875,-0.13166636722081757,0.005539527116483122
0.761,-0.14032942031167114,-0.15054712683207833
0.761125,-0.023049473523909028,0.0009237525887443375
0.76125,0.2561624548310055,0.3368109779769363
0.761375,0.45802017230401526,0.48184168528502097
0.7615,0.4179024795039958,0.38619183720475775
0.761625,0.10218846947777606,0.11954033156043617
0.76175,-0.3830755405017211,-0.016149642846081256
0.761875,-0.5782873486866685,0.08693236831114827
0.762,-0.23123906955480064,-0.008215696855615027
0.762125,0.04463192928074192,-0.1339739605352847
0.76225,0.1515362765480838,-0.12754295436904636
0.762375,0.11680638427095305,-0.011529833351381183
0.7625,0.09514911228394118,0.2112435563057983
0.762625,0.2673169388155016,0.42864706152085025
0.76275,0.10198984209722127,0.37993840153991826
0.762875,-0.1109839241207019,0.06961955325581762
0.763,-0.29196801677122114,-0.36962351960463197
0.763125,-0.3188372926077179,-0.5042518186236821
0.76325,-0.31737071539074974,-0.24600269874639175
0.763375,-0.15964637949366195,0.05767814092339522
0.7635,0.11984827984576418,0.16245712940030516
0.763625,0.3221149026513343,0.08096920849225238
0.76375,0.34894887925323115,0.10803734226473462
0.763875,0.0783469174633797,0.19374889632997466
0.764,-0.2225072052931355,0.11827493555925486
0.764125,-0.29231965684274014,-0.19767526640042787
0.76425,-0.273966659085538,-0.2633891751029018
0.764375,-0.3142794874826303,-0.25507635489791924
0.7645,-0.27678392606771707,-0.2539404664522027
0.764625,-0.11299877315316736,-0.15521365389713584
0.76475,0.25400339153754276,0.024156046357763306
0.764875,0.38876667908169454,0.30033825250645707
0.765,0.18788547141795917,0.3399155227305319
0.765125,-0.302459276698236,0.06575188421702984
0.76525,-0.7506102410677151,-0.25219762713310595
0.765375,-0.6164840053576143,-0.3192957982643455
0.7655,-0.11654719519883035,-0.25992254825802596
0.765625,0.20369227180717295,-0.25084503154163706
0.76575,0.10040841789797342,-0.26256263619396986
0.765875,-0.21188487086305705,-0.14218109353422723
0.766,-0.28786946181472445,0.20864550696108622
0.766125,-0.3305898626992024,0.39677569907353505
0.76625,-0.2477638942654765,0.16407999957704453
0.766375,-0.3305052742789219,-0.3147924937159318
0.7665,-0.34806329277550185,-0.665280038245683
0.766625,-0.27709740819465556,-0.5080213576724728
0.76675,0.04621506179493689,-0.0781977021156823
0.766875,0.41188730568579585,0.20977374641919846
0.767,0.4358940812141659,0.045211137131953794
0.767125,0.2640147489863826,-0.2091427651590521
0.76725,-0.05972800261501712,-0.31684906090567144
0.767375,-0.19819265508667294,-0.29952691798931813
0.7675,-0.09200385928462197,-0.2559196914447726
0.767625,0.2506659003141699,-0.3239274204042644
0.76775,0.4531509039742068,-0.3390402279018988
0.767875,0.5253138357994498,-0.26717222069252156
0.768,0.32295723872283805,0.03659294435945239
0.768125,0.07672946579112423,0.34775672385270995
0.76825,0.09684064993553626,0.3953429933706637
0.768375,0.19318998214001903,0.17318326007183782
0.7685,0.20342205407774352,-0.07018430055569214
0.768625,-0.06617389298758321,-0.15060748625791534
0.76875,-0.1983797013384107,-0.027991593318929326
0.768875,-0.06025248232159772,0.19035836844274248
0.769,0.3741530775100644,0.358650345107003
0.769125,0.5208044375048617,0.45117640345034954
0.76925,0.2650461423349277,0.29280936908541483
0.769375,-0.005595082942012831,0.0806398286759429
0.7695,-0.032376928607365435,0.09681465112498489
0.769625,0.16399153241006217,0.2232964956652477
0.76975,0.24839880929959357,0.17528750176001687
0.769875,0.2205236602599878,-0.025388406094692815
0.77,0.007699097935838732,-0.19262313531379166
0.770125,-0.03054553348201539,-0.018814087543539353
0.77025,0.11751030864246947,0.3750103211282513
0.770375,0.28026670825694255,0.5044032985482512
0.7705,0.21723593072309652,0.2632703489936898
0.770625,-0.057045753550947376,-0.013152660375937061
0.77075,-0.3982036698782104,0.013569847973065655
0.770875,-0.4950918738702376,0.14222518318857652
0.771,-0.33549530134271205,0.2349064636518317
0.771125,0.0961388604638768,0.19964605901820479
0.77125,0.45134601166865895,-0.05370630470590158
0.771375,0.32072910773011415,-0.06230319789925597
0.7715,0.01789165143428797,0.08323007465783025
0.771625,-0.17086321151031772,0.23276015052276375
0.77175,-0.08980455782726732,0.22503123725345314
0.771875,-0.06992752149169795,-0.04896456115402147
0.772,-0.2112981753454269,-0.33989496685736453
0.772125,-0.3865285326155851,-0.5057601718290948
0.77225,-0.016882170262088807,-0.3288796816408739
0.772375,0.38532404506822004,0.0632929176291253
0.7725,0.43493692091295466,0.3216026087482004
0.772625,0.007379917014736491,0.3416717770365275
0.77275,-0.36047854779313704,0.03928550070756854
0.772875,-0.5928993595447659,-0.14730797057028322
0.773,-0.40195668872062007,-0.0614266333513048
0.773125,-0.05704945455596733,-0.06587936899518394
0.77325,0.0034035322546820666,-0.25063657148988483
0.773375,-0.14790302771944538,-0.3117548590553567
0.7735,-0.312125637555812,-0.08916290594561785
0.773625,-0.28829147378398334,0.35433497390268087
0.77375,-0.07712726144596821,0.3847533008394864
0.773875,-0.13304709745219892,0.03022570112439918
0.774,-0.43792037198450817,-0.3151923181632989
0.774125,-0.710743346725611,-0.5054902859575836
0.77425,-0.7853774223026019,-0.43057549827332225
0.774375,-0.4781673895833942,-0.09324979815229413
0.7745,-0.12038077251346263,0.00763626047379773
0.774625,0.06765869114863327,-0.1658757075922014
0.77475,0.052824727542112315,-0.22203560232360803
0.774875,-0.05659037237815197,-0.22594973320727685
0.775,-0.09415544410953142,-0.15487658622220832
0.775125,-0.010497834454827371,-0.12899415004955264
0.77525,0.24728010345810061,-0.33998607475206927
0.775375,0.49840405086100353,-0.6397125610922192
0.7755,0.5420846096544237,-0.7193336112076021
0.775625,0.472740275857017,-0.46769834332767996
0.77575,0.46067974736433104,-0.10310553949445028
0.775875,0.6173472899187143,0.08425778229685228
0.776,0.6701796414692474,0.008949277414156014
0.776125,0.3155323186169853,-0.07320679877773457
0.77625,-0.09078052161412259,-0.10610098248074726
0.776375,-0.4098127474692307,-0.0034406323061701182
0.7765,-0.25577688043858665,0.24817511349776603
0.776625,0.09250420523549693,0.42592633660644136
0.77675,0.3989704486120754,0.5053548727549847
0.776875,0.48804520533433277,0.41541687090679996
0.777,0.43122163641402345,0.4421168136393475
0.777125,0.3731821389566432,0.5897146588248665
0.77725,0.17954682675921976,0.5982353602725968
0.777375,-0.0029072998508627864,0.2593333301600291
0.7775,-0.3281373784049403,-0.11722377797370064
0.777625,-0.4072727753858322,-0.37090009655827216
0.77775,-0.1936156001491287,-0.2626663156377792
0.777875,0.11152861566204803,0.040398946248783686
0.778,0.38751011368991495,0.3421400374079095
0.778125,0.48568847150884426,0.4069423410951135
0.77825,0.2387382924920334,0.3810538848408709
0.778375,-0.11151271915282376,0.3217124822345468
0.7785,-0.3540542656772455,0.16806663134057676
0.778625,-0.24434763486693242,-0.016103234983902464
0.77875,-0.16556589557484327,-0.27475611409798056
0.778875,-0.10143765069284626,-0.3625069914734174
0.779,-0.07164608239881386,-0.19591422027117336
0.779125,0.10865138960354492,0.114208231165771
0.77925,0.12737479036233884,0.2946481829026761
0.779375,0.14653116401621805,0.43153535511024266
0.7795,0.11958116450488432,0.260545180574594
0.779625,-0.18955869714574314,-0.10941012614494826
0.77975,-0.4011658070205088,-0.287429846527553
0.779875,-0.22355301451614243,-0.22140075149300192
0.78,0.25190367763768257,-0.12532451424747265
0.780125,0.4893276913010868,-0.10610316075696889
0.78025,0.3683282056356855,-0.05703472892094694
0.780375,-0.03803399631531261,0.0635993707665944
0.7805,-0.28091786667331464,0.14945805044952407
0.780625,-0.17554374262952122,0.1447754074836971
0.78075,-0.06640252587439766,0.1511418790433513
0.780875,-0.11375579673474255,-0.12788268537708822
0.781,-0.2209468072315584,-0.3263270172177673
0.781125,-0.2597616594502328,-0.17988187821582646
0.78125,-0.13668220579989318,0.19002688398365597
0.781375,0.03585300229142757,0.4286135519222353
0.7815,-0.004976111450266793,0.31261013968995005
0.781625,-0.08655458032552743,-0.034800627007188056
0.78175,-0.2662644271671333,-0.22614260769269914
0.781875,-0.4766077615652616,-0.18011588194146022
0.782,-0.4229743023735214,-0.04840908890071134
0.782125,-0.18874082690543809,-0.05475647259263788
0.78225,-0.15761266010569383,-0.13868735437402374
0.782375,-0.2223381813312407,-0.24336094369231906
0.7825,-0.30144774047566264,-0.09370109524382687
0.782625,-0.24524909735925926,0.04326658737591348
0.78275,-0.23415826076849489,-0.03559123699777534
0.782875,-0.3233513341804307,-0.12157364808958662
0.783,-0.3679637703670643,-0.28953504324734775
0.783125,-0.3042365714289051,-0.4222652291478896
0.78325,-0.07672149730467316,-0.3606461476251607
0.783375,0.24152725306257591,-0.21700922908524659
0.7835,0.4846633679812528,-0.13306476443482496
0.783625,0.4810554004264376,-0.20633043205951512
0.78375,0.29043470810404615,-0.22333752449533786
0.783875,0.022757909153943094,-0.2378907216460378
0.784,-0.003363652728770899,-0.18522038552914177
0.784125,0.05200236884480921,-0.2270754220807275
0.78425,0.07764842458178627,-0.36169141361434237
0.784375,0.1482701796670573,-0.28495071889180745
0.7845,0.2736220501779187,-0.05131280634362918
0.784625,0.4849776601158262,0.24268117705369527
0.78475,0.5831739525648416,0.4291534707058741
0.784875,0.4847305137159395,0.42727433561777495
0.785,0.2930511194556897,0.2693237338717682
0.785125,0.01970742138167072,0.056960109316955415
0.78525,-0.15005160449508997,-0.04424126829374324
0.785375,-0.2640227131287645,-0.01097302195966135
0.7855,-0.1893878495992877,0.049854768426054054
0.785625,0.054863600273832636,0.12762691160403522
0.78575,0.27139909426138814,0.2554534764582284
0.785875,0.32071521316515406,0.4860569688896015
0.786,0.2824616828310044,0.5304347275318377
0.786125,0.030701371958024398,0.3997753906384286
0.78625,-0.08894934601357504,0.23261659117218583
0.786375,-0.06820117113526236,-0.021002955006044766
0.7865,-0.09312942990327369,-0.18275211272615222
0.786625,0.05031724931984227,-0.19647088148002087
0.78675,0.2016398023416764,-0.22588988423364856
0.786875,0.16369066442646335,0.015891062513212127
0.787,0.03588956297268089,0.28272275745586584
0.787125,-0.030439359382381848,0.3142796740807456
0.78725,-0.15065655353972154,0.24783370715831743
0.787375,-0.14292516644096315,0.10692480456467897
0.7875,-0.03642232564977759,-0.07593139007929182
0.787625,0.0705641998398001,-0.08831057375384671
0.78775,0.11467336274385802,-0.056064188601447976
0.787875,-0.17116843386158462,0.04593931378431562
0.788,-0.05789503299663558,0.11771352908194482
0.788125,0.2313462571329742,0.17081055041554422
0.78825,0.3759619819946546,0.07701370207742206
0.788375,0.22420180865936393,-0.045246686487684575
0.7885,-0.11409739394073755,-0.12286084484373823
0.788625,-0.2859316008921745,-0.18508469938311622
0.78875,-0.191856562398728,-0.05257356895573883
0.788875,0.021024104500327184,0.10689625530296114
0.789,0.11405395045332815,0.07404563405173716
0.789125,0.008735881706178224,-0.08663952071902256
0.78925,-0.20954421411828977,-0.028945065350928792
0.789375,-0.4246515857013887,0.1765954141760717
0.7895,-0.4310042258339357,0.3134143064685128
0.789625,-0.3323448331953381,0.15583171169682108
0.78975,-0.3602823846329981,-0.07758382998866885
0.789875,-0.1841696868296368,-0.2791138275601978
0.79,-0.08608110240594304,-0.15881499553800962
0.790125,0.020596756672756653,0.053636988831548174
0.79025,0.20263075173386513,0.15498918522690544
0.790375,0.06552812185133579,0.02278843276488579
0.7905,-0.25825421397984005,-0.1911571984772758
0.790625,-0.5594415896599931,-0.3346620420360991
0.79075,-0.6581279902063901,-0.38392257644161365
0.790875,-0.5462581470852244,-0.3075788457723039
0.791,-0.18200391532814206,-0.24080584785269232
0.791125,0.12474345013073038,-0.1976530413216882
0.79125,0.2642881048549456,-0.09320813051502759
0.791375,0.3209905211121005,0.01792789146926188
0.7915,0.18399568139596525,0.16607589350997445
0.791625,-0.10975611164267342,0.034827547172014875
0.79175,-0.21212405830542802,-0.24578258274315265
0.791875,-0.2652785352186682,-0.47953660120848407
0.792,-0.3150016110424613,-0.6215492233642702
0.792125,-0.34093659544293414,-0.4224906736547829
0.79225,-0.13778485155049158,-0.19104513619176167
0.792375,0.3327859576623011,0.07811376339778557
0.7925,0.7395734325698442,0.24145335999483217
0.792625,0.5585942180426869,0.26188369012445895
0.79275,0.2554886653359939,0.11848313735540063
0.792875,0.0005024309485584009,-0.07989364326604602
0.793,0.055212652228075636,-0.20102823289892466
0.793125,0.23294999694526392,-0.264551730411919
0.79325,0.4731393104356039,-0.2488468347050201
0.793375,0.4714766103028907,-0.28848918310364075
0.7935,0.43756699774296254,-0.06115545413323732
0.793625,0.6162198826745338,0.29337825924448907
0.79375,0.5228001287550268,0.6463791388428721
0.793875,0.34434287235168126,0.5426857816065256
0.794,0.002169429876253415,0.24799564250154887
0.794125,-0.3293473471008873,0.07226300800403002
0.79425,-0.2945615659514702,0.04851639050796594
0.794375,0.01878800210548262,0.23785750710126408
0.7945,0.16778687012600746,0.4179407607855082
0.794625,0.20476030883085772,0.3999332234717901
0.79475,0.13100920163251661,0.40657124952530327
0.794875,0.020333339373299203,0.504299298307827
0.795,-0.1646942594771956,0.47012653693066386
0.795125,-0.2080835490541437,0.3060635602614539
0.79525,-0.2887773517259108,-0.030348557015270082
0.795375,-0.2518513571248499,-0.2549989632106267
0.7955,-0.12069758780453414,-0.2746885110963405
0.795625,0.0648243813906267,-0.013539780425330742
0.79575,0.1590901110484614,0.15009963031112758
0.795875,0.25637147338015176,0.10515224800178918
0.796,0.2295374318693932,0.0585468429487571
0.796125,0.02856369560333811,-0.024446827456774928
0.79625,-0.31746881756251055,-0.07286109256541165
0.796375,-0.3650573295001471,-0.1781866187121536
0.7965,-0.18245834706486136,-0.20184314669302506
0.796625,0.23526981620207527,-0.19514567016985054
0.79675,0.4359254628905097,-0.13147013354545398
0.796875,0.27323758325194325,0.03982893710411044
0.797,0.06896809203946656,0.09856763238605024
0.797125,-0.10428729086883523,0.19347255001147837
0.79725,-0.10294840195701371,0.19478895676318314
0.797375,-0.09121632311378763,-0.015359018743866018
0.7975,-0.09917722422579243,-0.2610950641339649
0.797625,-0.13129868788944943,-0.34132907012973995
0.79775,-0.24199588889424387,-0.14036449686972574
0.797875,-0.20486333956572794,0.202050242237715
0.798,-0.0323886720668213,0.38635946788674014
0.798125,-0.002520529879104742,0.2756629251984772
0.79825,-0.14597409279925966,0.04680722501498297
0.798375,-0.37666320431898337,-0.03607854540710473
0.7985,-0.418990870464545,-0.08883394745785031
0.798625,-0.25287348489371186,-0.11066005903622901
0.79875,-0.24039524016703584,-0.08356402535503432
0.798875,-0.2232967940251268,-0.10383410734545998
0.799,-0.21006168443723344,-0.18749063227499332
0.799125,-0.13377211446877577,-0.13817099261285887
0.79925,-0.06840803891586333,-0.022097280207196052
0.799375,0.022678841293908205,-0.05239989178755936
0.7995,-0.059652455786079674,-0.13127846823615782
0.799625,-0.27971830303116363,-0.3529295233700155
0.79975,-0.3466605568437172,-0.4180709789207267
0.799875,-0.35816033664852415,-0.264757061107294
0.8,-0.15353014827537342,-0.211509589038286
0.800125,0.16249525231466,-0.20643126974729603
0.80025,0.25889560011098584,-0.21267775207888404
0.800375,0.2304084699788679,-0.14631427788207216
0.8005,0.19529555146377856,-0.01464129486932736
0.800625,0.2904641798357011,0.04066889574384249
0.80075,0.27436361500536727,-0.09472462556167817
0.800875,0.29847901564093354,-0.2943300435585863
0.801,0.18250921201936485,-0.30036302554939776
0.801125,-0.11256693453791947,-0.3152609763407515
0.80125,0.01853054206461915,-0.11398988432721015
0.801375,0.31289627857781654,0.10731113785206375
0.8015,0.5919816816509116,0.23153681402652335
0.801625,0.4156675356947466,0.18966951411431113
0.80175,0.039880042556388294,0.21942756457535884
0.801875,-0.19571115796250715,0.280906807022923
0.802,-0.1098901723120231,0.27166053408408375
0.802125,0.09986224801894666,0.2617827818322627
0.80225,0.14465674526895067,0.16008163202792766
0.802375,0.09550864358536269,0.016624714794825884
0.8025,0.02831293264475462,0.01666561408699665
0.802625,0.1461447502287277,0.2760148275147149
0.80275,0.20542010052454016,0.5065679479828714
0.802875,0.34320550870967326,0.3793852415730533
0.803,0.22267482772293617,0.03049297446342246
0.803125,-0.062057911384260735,-0.16201786154237224
0.80325,-0.07961360094899467,-0.046368075752286235
0.803375,0.06341829278701949,0.09015184282978632
0.8035,0.2557993955706376,0.14205337361403075
0.803625,0.41548080761024736,0.07917466511058804
0.80375,0.39352011869929093,0.07031721477021792
0.803875,0.1705802766072877,0.11197050320130203
0.804,-0.13819810563361948,0.18938700782086987
0.804125,-0.2871646433451875,0.339941388215014
0.80425,-0.24222557117595844,0.23308947774091954
0.804375,-0.1418533423951193,-0.007722079904136602
0.8045,-0.060395346167650715,-0.10135726036263315
0.804625,0.02785734319219576,0.07314363649967931
0.80475,0.11297422128518161,0.23083353638837797
0.804875,0.1381864046555896,0.36622683410949153
0.805,0.04169908294486171,0.3358408879902183
0.805125,-0.3498441268306786,0.1649504635421283
0.80525,-0.7096277062164128,-0.06450119981430986
0.805375,-0.6397528082505664,-0.27244781295143017
0.8055,-0.32082327578672604,-0.2633525020357123
0.805625,0.12874464576546696,-0.1583430922111362
0.80575,0.3209604148359688,-0.07189610609991945
0.805875,0.16584122259199768,0.0352578697205648
0.806,-0.05205600742342313,0.10924571963205944
0.806125,-0.2715625272721676,0.09087955474226406
0.80625,-0.2631284929478631,-0.013267936529157146
0.806375,-0.20728600576327186,-0.2743769493394658
0.8065,-0.2528536730263231,-0.5765252700740209
0.806625,-0.06299461676450287,-0.6491291379243729
0.80675,0.16723037381997036,-0.26651779361147504
0.806875,0.17889663762345862,0.12393368256953911
0.807,0.0452637991772887,0.26907987905148395
0.807125,-0.19320149542573176,0.19335582896677456
0.80725,-0.25088420392395755,-0.032284101154997996
0.807375,-0.45356898959181197,-0.21131223392396456
0.8075,-0.48600803474528986,-0.2416912059692607
0.807625,-0.39930216371794525,-0.2181230281039847
0.80775,-0.19250193307047428,-0.2174025580984298
0.807875,-0.02461585155198408,-0.058566135700525046
0.808,0.06008481452358466,0.2084187205030629
0.808125,0.061234236384450816,0.22172296974539724
0.80825,-0.10574208106273662,0.02830614854511999
0.808375,-0.3031714109427613,-0.13617876147968208
0.8085,-0.3908993813831788,-0.26309678667828645
0.808625,-0.11610181984926483,-0.39857828925331573
0.80875,0.28952606995673125,-0.45885243326211367
0.808875,0.47615163064731547,-0.357862901387663
0.809,0.4379914437040021,-0.16305826040597582
0.809125,0.34411684753190214,-0.03470516273460435
0.80925,0.3023031860570306,0.06896256646099863
0.809375,0.41842891488184536,0.06832257250023373
0.8095,0.4002033797865707,-0.10695653830171475
0.809625,0.3346519548511696,-0.2094572719855992
0.80975,0.2850975234106561,-0.28233668241351495
0.809875,0.14482046849839608,-0.09764204023877963
0.81,0.06396887608994972,0.17837087554536443
0.810125,0.2093448238486292,0.41093869613329825
0.81025,0.31390076081138435,0.407307542154286
0.810375,0.1887805184301398,0.3008916512604097
0.8105,-0.0297026904821255,0.2947174615278319
0.810625,-0.18715309362989563,0.35022095421426735
0.81075,-0.06858983806841795,0.3171800269931172
0.810875,0.009345804680324888,0.2968167508846992
0.811,0.08028435513368554,0.25923790799948676
0.811125,-0.055811687834560184,0.15130697022282716
0.81125,-0.2607426906351551,0.03148367288367657
0.811375,-0.1452085676482045,0.12799521488169247
0.8115,-0.004309916725252955,0.2541904193785666
0.811625,0.17376632085875401,0.16794811156095657
0.81175,0.406353948169733,-0.06664098801399171
0.811875,0.3907309885933039,-0.10722254876836927
0.812,0.008203582367231278,-0.04540311495664735
0.812125,-0.2277840174485477,0.07605297427694921
0.81225,-0.26896402892103877,0.105891349139077
0.812375,0.1046795387677288,-0.09477080303685692
0.8125,0.35544680168260684,-0.21874992993684286
0.812625,0.28669995300010315,-0.10631204819093444
0.81275,-0.036073976674453605,-0.0008226603079048456
0.812875,-0.3633166874333577,0.26484866084737774
0.813,-0.3964408454383227,0.3833574532013867
0.813125,-0.12762351742534758,0.32698973791090735
0.81325,0.010623958820931992,0.048465449580355924
0.813375,0.08467647713185876,-0.23477858462255285
0.8135,0.08207278835481464,-0.20958702689198147
0.813625,0.12551573276775466,0.07657081697805841
0.81375,0.22190147985725242,0.33831734110063155
0.813875,0.1875839985662371,0.23815821452861285
0.814,-0.1765236317483816,-0.0745390094179374
0.814125,-0.5496349110283588,-0.33218839976441744
0.81425,-0.5258913126501882,-0.3227626847733033
0.814375,-0.09195367776368493,-0.18697964562061714
0.8145,0.30051044261244775,-0.02980957266341091
0.814625,0.27288220605936564,0.0585589504792862
0.81475,0.12289392111901068,0.13392760440118748
0.814875,-0.14959780222633254,0.13816205755293443
0.815,-0.4270122362243164,0.20704734207558415
0.815125,-0.4691575329596352,0.10152453104803504
0.81525,-0.5035423784640758,-0.13697409169259514
0.815375,-0.5447004184196005,-0.46910049222671146
0.8155,-0.6063341359875479,-0.4633242041422966
0.815625,-0.48555041053394077,-0.12359488540995642
0.81575,-0.17601494036274973,0.22730554300030012
0.815875,0.16284110307827598,0.2943385083614739
0.816,0.28223138139831105,0.07397065270186023
0.816125,0.1735296024221837,-0.133354113211417
0.81625,-0.23023677511179094,-0.3669695213996895
0.816375,-0.349554020573869,-0.40386785189793406
0.8165,-0.13272260204596642,-0.3951597843728674
0.816625,0.11640951195316951,-0.4560968736744457
0.81675,0.33636042445716163,-0.5394574840324621
0.816875,0.2980454384652478,-0.48031247061033755
0.817,0.035493081372477066,-0.18556922650883698
0.817125,0.16634347002313968,0.0970699557508059
0.81725,0.25004430594313165,0.26497000797939485
0.817375,0.15241094324652915,0.09085995252099503
0.8175,-0.12340705279720143,-0.16420720137411482
0.817625,-0.2661655050379571,-0.32801709885527686
0.81775,-0.05606642850667675,-0.11426423249768805
0.817875,0.5072694598024282,0.11524868550532974
0.818,0.6568361185991751,0.3152769204015984
0.818125,0.3004281661513184,0.2645851407812593
0.81825,-0.04907133989261844,0.11934661106645501
0.818375,-0.21438448161040727,0.09230751183321276
0.8185,-0.13081295915440666,0.15598623362196792
0.818625,0.10369573725381191,0.12718717173601327
0.81875,0.22429830560521788,-0.11785759788647526
0.818875,0.2297644170039008,-0.25170751872003044
0.819,0.2503342424800971,-0.0335466800035377
0.819125,0.27154207799369895,0.3747674562079683
0.81925,0.3049729388530062,0.5531225429910483
0.819375,0.2160042410388651,0.30553270220128115
0.8195,-0.004945502971186742,-0.036168072789674544
0.819625,-0.13527145151113878,-0.19380114600165838
0.81975,-0.13069449626776083,-0.18451996670048393
0.819875,0.008941688449995062,0.03948713198702854
0.82,0.22814079532087259,0.16238210989471308
0.820125,0.24803753813734664,0.2591843134354846
0.82025,0.11585550433411476,0.24300783570092419
0.820375,-0.012177113218043845,0.19932103258622438
0.8205,0.012833041841422947,0.23908912356959758
0.820625,0.14875804871460283,0.1971591139499547
0.82075,0.1840184766216623,0.03235849491538314
0.820875,0.12243012487020292,-0.16631701851150174
0.821,0.18262869623009834,-0.10152998814317382
0.821125,0.25122942216733735,0.00551529572214491
0.82125,0.27233997201553795,0.19077194499095892
0.821375,0.14609002710660782,0.27699930930186467
0.8215,0.01128065123750573,0.14621031860697584
0.821625,-0.2602302269342541,0.037151943955089244
0.82175,-0.555353917616687,0.05169154039575587
0.821875,-0.6336354675660111,0.09415753226251528
0.822,-0.4572968055804558,0.15153094679944282
0.822125,-0.1723287587370069,0.15910278632364716
0.82225,0.002989365124421093,0.14351703154107578
0.822375,0.08678715554204129,0.24392022401278693
0.8225,0.10789224571226545,0.22822231538587817
0.822625,0.02962665362215097,0.13219992671460837
0.82275,-0.14278705767436464,-0.014775447869517915
0.822875,-0.42843626190215384,-0.19471693153647632
0.823,-0.5592587881128891,-0.4340365366128255
0.823125,-0.4216004303306064,-0.5825141391824207
0.82325,-0.26579687683646575,-0.426853019352778
0.823375,-0.09691596857789042,-0.20748659469879932
0.8235,-0.10139261171220111,0.02000100701824855
0.823625,-0.16712770049957235,0.11913930353063827
0.82375,-0.29870325725671726,0.07690951308286412
0.823875,-0.13908858641177277,-0.0023402622927764212
0.824,-0.1357597868611735,-0.1124621236474178
0.824125,-0.24230031540688587,-0.33948562980487784
0.82425,-0.3945558842835732,-0.4730154652043617
0.824375,-0.32429790227146243,-0.4457912129909865
0.8245,-0.061266589785832146,-0.239992404943457
0.824625,0.24118321650684188,-0.06165984588897046
0.82475,0.42906201476407285,-0.05472588798089559
0.824875,0.2914559543451449,-0.19371755386046657
0.825,0.08430492139020636,-0.23674516649835037
0.825125,-0.10109512680673256,-0.11981874949929992
0.82525,-0.1911707423700762,-0.08699313185278255
0.825375,-0.0027534324205097517,-0.22649712022061688
0.8255,0.28914048844250534,-0.3398665317668302
0.825625,0.4148273832086118,-0.27983242078627957
0.82575,0.4512119650167942,-0.05041956089118727
0.825875,0.364266279362131,0.2325223266411155
0.826,0.33792924746038977,0.372665648929184
0.826125,0.3377365438989135,0.2864877888380007
0.82625,0.20111376653384025,0.03426468018473753
0.826375,0.07695045575814094,-0.12356593432093142
0.8265,-0.13394095156398686,-0.14450912149631173
0.826625,-0.19962990994604535,0.039599818831475404
0.82675,-0.0008235741930912259,0.25634225145252837
0.826875,0.05286285706008312,0.38252514395626763
0.827,0.13407054297400456,0.39083533086634553
0.827125,0.11624653101795807,0.3462719730540402
0.82725,0.10078945524125102,0.29539050665149463
0.827375,-0.001210065080368455,0.29000799277974826
0.8275,-0.18836474913974025,0.1768039643330284
0.827625,-0.29247367263357843,0.06457749880711511
0.82775,-0.2554869305364734,-0.10914770661895977
0.827875,-0.035994513914560614,-0.13355523509772213
0.828,0.13921083831911674,-0.02950761508307089
0.828125,0.3011898502030891,0.08055170654110143
0.82825,0.27939197690785994,0.09236963532059125
0.828375,0.2897413281375024,0.1519768983539678
0.8285,0.11761884789146418,0.12804992613111482
0.828625,0.043040077471176996,0.014173685817654824
0.82875,0.13036948903160075,-0.15292561506026672
0.828875,0.26175879779832034,-0.26699181166476577
0.829,0.3869293542095718,-0.18419192332407938
0.829125,0.3365512675756789,-0.10600531832359616
0.82925,0.10305761483650623,0.14626973341182556
0.829375,-0.017861667779281457,0.24671236872793914
0.8295,-0.0330795962590843,0.2833475629554809
0.829625,-0.0681039538110054,0.2852106065804505
0.82975,-0.24035970688443417,0.15649000787160564
0.829875,-0.3357705688443372,0.018124100288042608
0.83,-0.3036751658992791,0.10417776676532349
0.830125,-0.15488031377776965,0.25334915755706494
0.83025,0.214108476971372,0.3119004756386215
0.830375,0.25513563416738094,0.3120753884514468
0.8305,0.14675268752018034,0.09759651625839405
0.830625,-0.12544393912025767,-0.0762597551925577
0.83075,-0.19765018276332172,-0.04471946349623827
0.830875,-0.21984087689928547,-0.08093393980665561
0.831,-0.1668923045336575,-0.1989225589785844
0.831125,-0.0858936451244835,-0.32826051076274665
0.83125,-0.10813174091957792,-0.33563781574524937
0.831375,-0.1298710873444718,-0.11936769434331089
0.8315,-0.2718296445987263,0.1470277121599465
0.831625,-0.3898928246009618,0.2439179403637792
0.83175,-0.3466901159901118,0.099365714655584
0.831875,-0.36138483531718635,-0.09684762290872606
0.832,-0.3198890377385012,-0.20363106378541776
0.832125,-0.17022741182108353,-0.21542899677903513
0.83225,-0.16128921672674193,-0.09449462316193522
0.832375,-0.13431618538730294,-0.054479148972625985
0.8325,-0.17250215520767517,-0.06773435398657214
0.832625,-0.3616499062599136,-0.15858027242220027
0.83275,-0.3474108241649188,-0.27784958284706535
0.832875,-0.3242646775625142,-0.32490233388819206
0.833,-0.18671363366227361,-0.3452494439719597
0.833125,-0.03472428516701316,-0.28818353791354856
0.83325,0.10413347245070186,-0.24805431960070756
0.833375,0.40512105114467284,-0.2099532809484804
0.8335,0.4905607701796025,-0.1484348358113069
0.833625,0.3211341361758752,-0.16804700883350798
0.83375,0.08397577883324331,-0.1831210787372697
0.833875,-0.03197506731548764,-0.308903981769216
0.834,0.09784030793172656,-0.3390690023208206
0.834125,0.10837680129567266,-0.25566263198136424
0.83425,-0.09983983267787892,-0.14472390680894012
0.834375,-0.06591883220559497,-0.07922739990759156
0.8345,0.33108300003464186,0.17958602311337435
0.834625,0.5253842828729635,0.35592698758907115
0.83475,0.41031453753790675,0.4727589899364643
0.834875,0.1550637870138539,0.29475882800965353
0.835,0.02511675128317062,0.05197359651091495
0.835125,0.18791573013485074,0.0013683673388845939
0.83525,0.3505986701486176,0.08097560081600041
0.835375,0.1745936200030484,0.05056028576550023
0.8355,-0.14938280606134102,-0.10105280883255492
0.835625,-0.1684245989352917,-0.016158498890191206
0.83575,0.16527747567039158,0.3115407220707566
0.835875,0.4090364129887847,0.45412924157889645
0.836,0.35007451843457377,0.4006085714260933
0.836125,0.06220804107644698,0.16900043429514125
0.83625,-0.0642237291758469,-0.010352353752022928
0.836375,-0.037034724424977024,0.20015491807463792
0.8365,-0.012944643418935763,0.3015160583667198
0.836625,0.08155611131800335,0.15904664549522415
0.83675,0.23846016805401993,-0.09293849970599898
0.836875,0.2102987735197958,-0.10404223784786863
0.837,-0.01640020564282795,0.1490616785174521
0.837125,-0.1401419140742025,0.43643440560717905
0.83725,-0.11185125730055225,0.3152437814760137
0.837375,-0.06454388920301198,0.05512581579180567
0.8375,-0.11085563864640767,-0.002337199880212468
0.837625,-0.1810947328423138,-0.00826601429625465
0.83775,-0.18784896081734753,-0.003335719738081138
0.837875,0.014575638812219033,0.03346139304028987
0.838,0.11997609349198275,0.17902655441387108
0.838125,0.05083552955801764,0.17886542390299484
0.83825,-0.20963446255898557,0.028719294877909068
0.838375,-0.2692483036472353,-0.12603753950958715
0.8385,-0.14580984111248083,-0.14856422410257974
0.838625,-0.08440709940377604,-0.13540999111481244
0.83875,-0.08349325394597262,-0.09378026373661219
0.838875,0.15054210979796545,-0.15238527634581422
0.839,0.2638470295620718,-0.12593623247332233
0.839125,0.2865167586988229,0.07687132140023897
0.83925,0.20657034162698573,0.12164163605646039
0.839375,-0.019865705118523765,0.05289916056482756
0.8395,-0.15500626917446542,-0.2049965163197499
0.839625,-0.17688454366639328,-0.21142219279146285
0.83975,-0.26606993270681695,-0.1126706856052231
0.839875,-0.3909014710156658,-0.0907386541059556
0.84,-0.35576425458944017,-0.0004493242437579565
0.840125,-0.2533532906894942,0.09647517641532512
0.84025,-0.19092685336319418,0.2685052901416837
0.840375,-0.2646898316079837,0.2933657656588368
0.8405,-0.40444064202815216,0.1805082424755733
0.840625,-0.42065133281558237,-0.05190488836630342
0.84075,-0.3979515217960576,-0.16009673506189054
0.840875,-0.22246114494408484,-0.15227698408596216
0.841,-0.08085493522526833,-0.23866997096932413
0.841125,-0.12212076353060829,-0.31157477980677006
0.84125,-0.15387304680581632,-0.3221572370016968
0.841375,-0.03822974970813789,-0.24345830248756908
0.8415,0.09323416390946002,-0.15691661096848478
0.841625,0.11634500212429257,-0.23687592004926417
0.84175,0.05156494891832521,-0.3703128717575562
0.841875,-0.0781796747211979,-0.3262124309678301
0.842,0.021526245282882814,-0.33793953316935654
0.842125,0.1777360092178886,-0.20158192606266487
0.84225,0.22633563020938074,-0.07489963471913028
0.842375,0.32331061725859095,-0.10139151578412477
0.8425,0.36058382189026883,-0.11466745848926091
0.842625,0.4925869343728709,-0.011966049575853586
0.84275,0.5055564305388955,0.10616049495930764
0.842875,0.2447849480905888,0.12482432281451167
0.843,0.09927933743671699,0.004665176423180562
0.843125,0.0410850687393096,-0.08835993264710897
0.84325,0.042435533109247504,0.03531381612749339
0.843375,0.09331166135670153,0.11891264150209895
0.8435,0.2200667002330241,0.20479683905114596
0.843625,0.17225141827541532,0.2699787657816295
0.84375,0.018466483911086455,0.3522777156504798
0.843875,-0.1035900747807928,0.4423822779978519
0.844,-0.06156414811895166,0.40678208705869345
0.844125,-0.053814127810297235,0.27288371050144794
0.84425,0.1048576199141895,0.12215810155384069
0.844375,0.2556333269636861,0.04426832384918405
0.8445,0.43567338082045265,0.014326995098542974
0.844625,0.4979170307229894,0.10860277728474484
0.84475,0.458947556255838,0.16765579176859585
0.844875,0.1612122800785797,0.16129246139753486
0.845,-0.15873538970456608,0.06544524094075364
0.845125,-0.4732239876481375,-0.021487822968194837
0.84525,-0.543249143233164,-0.056070874564658514
0.845375,-0.2791784229240421,-0.01653971565508427
0.8455,0.10413224875038546,0.052010611424392755
0.845625,0.30651013019557255,0.1891242619345793
0.84575,0.3305161796757528,0.3497191483519537
0.845875,0.06277786985717837,0.4753851821383574
0.846,-0.11801648196892583,0.41440296940253185
0.846125,-0.20807353794480307,0.09542315507134987
0.84625,-0.1223798457902077,-0.1718732330753894
0.846375,-0.07172947378551248,-0.40563580916921715
0.8465,-0.015596913984741476,-0.5161511264771025
0.846625,-0.04305407572337956,-0.22080334584323943
0.84675,-0.002728149231807461,0.06199048936763876
0.846875,0.22363695301431935,0.29211057877687757
0.847,0.2584351791550335,0.26782860908859496
0.847125,0.12526865712784205,0.06779701753566665
0.84725,-0.11404566164489445,-0.12967152551622427
0.847375,-0.3787549703852524,-0.18658723819947665
0.8475,-0.4406721250395755,-0.11375734155626588
0.847625,-0.2987330163535547,-0.04189253411336982
0.84775,-0.09210954514553216,-0.01677175296290457
0.847875,0.03633328044043115,-0.06230884341269821
0.848,0.06725471694208413,0.03212183229702276
0.848125,0.01878938680535015,0.24960848007706413
0.84825,-0.09616086428988499,0.22312967542262083
0.848375,-0.1803348252422241,0.11997667039368122
0.8485,-0.2601658435543747,-0.11910813502710667
0.848625,-0.3824790456351261,-0.3134380368913919
0.84875,-0.3197882218758167,-0.3941225528581741
0.848875,-0.07364239036829918,-0.27095389197446423
0.849,0.12494069982142988,-0.10829587532419335
0.849125,0.02295192657631211,0.0059778147748718695
0.84925,-0.3660123570150506,0.05521862717805724
0.849375,-0.5212133098937185,0.06448937815734042
0.8495,-0.4152409053848289,-0.0896563430292081
0.849625,-0.17631782544937388,-0.1471170960851307
0.84975,-0.016349224458756244,-0.29297377958850296
0.849875,-0.09328580990178094,-0.3295697986220895
0.85,-0.11021031700970063,-0.3138219409683932
0.850125,0.002983655914805627,-0.06657120315636457
0.85025,0.24618041136774532,0.12293948795609426
0.850375,0.29095591722098263,0.02478037064335546
0.8505,0.227309719484984,-0.2663171286664659
0.850625,0.16887946335258622,-0.4710567048181613
0.85075,0.1814934411068355,-0.39428793552003577
0.850875,0.22506467117984197,-0.19382114779057205
0.851,0.10962740194568812,-0.07776753915170703
0.851125,0.12597694629415696,-0.1326105990723705
0.85125,0.17771441748807926,-0.13969115438965565
0.851375,0.27348792603701355,0.0012864179130768845
0.8515,0.30231853840136236,0.2764416032040701
0.851625,0.3705957941242245,0.267944786476608
0.85175,0.34870457600080135,0.23357904461227244
0.851875,0.23876214216459124,0.13029115346240464
0.852,-0.052449539952424205,0.21623696976352338
0.852125,-0.15530694071516,0.1418653021898356
0.85225,-0.0796302342605543,0.11541241572040184
0.852375,0.09879689532746481,0.07540491367505954
0.8525,0.16553228067472953,0.16154029905339373
0.852625,0.10086020316683549,0.21841468485524124
0.85275,0.012085289476046649,0.3263683977005906
0.852875,-0.028839680588080382,0.3919596771202895
0.853,-0.020896725808334512,0.3197286600754261
0.853125,-0.009911425692170303,0.22168199294891375
0.85325,0.060191601015176906,-0.05036573957146673
0.853375,0.09498499689874758,-0.13259254689667976
0.8535,0.23084352720744036,-0.09675773913843654
0.853625,0.26928052098676786,0.09293434502045624
0.85375,0.2521127491872023,0.1706660498198504
0.853875,0.2044366723352844,0.07866220905145875
0.854,0.03251555420649245,0.017727298326607795
0.854125,-0.01366114844077545,0.03865444344500223
0.85425,-0.004349896357032014,-0.008002412083687778
0.854375,-0.010364848187441461,0.050513691280901996
0.8545,-0.024123717603085904,0.01876516256838643
0.854625,-0.0486468824012631,0.028214745558068854
0.85475,-0.09411095705531429,0.15524440410193602
0.854875,-0.06933594135828607,0.23326817932054203
0.855,-0.04194626898606039,0.21010490869145995
0.855125,0.04146392732613418,0.18099078390541243
0.85525,-0.018945023350676125,0.023124751619022735
0.855375,-0.2745775837257018,0.03721788122123312
0.8555,-0.37672748336547346,0.020985546881464513
0.855625,-0.20761553298675878,0.008460195832929302
0.85575,0.16148221702756435,-0.028640893617018215
0.855875,0.27831600219991715,-0.04582942297925985
0.856,0.03874686389089224,-0.03305587624853117
0.856125,-0.28317419990038256,-0.04421965243862916
0.85625,-0.31862419462545394,-0.04654019749890943
0.856375,-0.13972183741001534,0.04830223817880028
0.8565,0.03571850848061752,0.05016570382196731
0.856625,-0.1672685022519872,-0.20571552430551063
0.85675,-0.36515260618162876,-0.3538263489049736
0.856875,-0.47441697559150336,-0.1843660380677732
0.857,-0.37706984900424834,0.08998798779323587
0.857125,-0.1936678699554594,0.22669859668378567
0.85725,-0.14183252234938523,0.05538246652158722
0.857375,-0.28065818242984875,-0.2698416262582146
0.8575,-0.2995502115404068,-0.23334395328860694
0.857625,-0.4090152625709216,-0.06050469783239924
0.85775,-0.29931623424286735,0.05207619055892936
0.857875,-0.16401758131796845,-0.11843301077766573
0.858,-0.07178811071336758,-0.3559061010001601
0.858125,-0.044311386395874605,-0.402567298461104
0.85825,-0.08008723096306111,-0.267622659428001
0.858375,-0.0898827584589149,-0.13283716582456465
0.8585,0.07125345117464212,-0.20887659014423465
0.858625,0.14974780652204467,-0.211114158519916
0.85875,0.104090994232755,-0.276784497414361
0.858875,0.037361718957948396,-0.4082718354319108
0.859,0.13816249694285093,-0.33078785186720816
0.859125,0.4732707793970564,-0.20267687456884417
0.85925,0.6420292316319471,-0.06500937886718952
0.859375,0.5130111914808454,0.002062464959604026
0.8595,0.14176001741841343,-0.06306540578640156
0.859625,-0.15937794699499339,-0.06123283479579532
0.85975,-0.15651651125212124,0.04611009752268333
0.859875,0.06438642511391922,0.10686515497189006
0.86,0.3139174535954444,0.03791639284698181
0.860125,0.47895804020125543,0.01597852724652575
0.86025,0.49519042356167353,0.14534069963666227
0.860375,0.3026469470670642,0.4065661923625469
0.8605,0.0269761225636928,0.595999330316051
0.860625,0.04150302448898106,0.4469427432295167
0.86075,0.16030430270732401,0.19741420248749122
0.860875,0.16082302842513432,-0.11544799597182735
0.861,0.11496944108550985,-0.18858837048416727
0.861125,0.060242711734185383,0.030444234119732273
0.86125,0.2599978793004527,0.258336699417253
0.861375,0.41962128534991766,0.39058050211336637
0.8615,0.3427669468155657,0.3961217955042772
0.861625,0.09720329983839054,0.23405739235096232
0.86175,-0.07678650130833883,0.011960378170915446
0.861875,-0.05563781493126457,0.015564705584948805
0.862,0.0958564989715726,0.15358074060961352
0.862125,0.14612009049659436,0.16295683309944436
0.86225,0.024715181572974105,0.10354192247027688
0.862375,-0.12826797084734404,0.07637545988148564
0.8625,-0.24766788727692782,0.21913688951744983
0.862625,-0.20858865672350035,0.3414294982892398
0.86275,-0.16198621825100207,0.2807217225651379
0.862875,-0.2776418516099109,0.09147232949580088
0.863,-0.5895981816666807,-0.041711763629428286
0.863125,-0.7025715848560846,-0.050911506372808536
0.86325,-0.4455017676801661,0.0293055395994137
0.863375,-0.06947563838675867,0.11991273226117942
0.8635,0.3101124666550614,0.08343820170174626
0.863625,0.30755460800888257,-0.1387573090400052
0.86375,0.22726272467305655,-0.22201817723110404
0.863875,0.07200014831756665,-0.23361837841007863
0.864,0.08016814250730268,-0.1415233808332121
0.864125,0.0703431585227084,-0.23779508392785212
0.86425,0.009261285133586417,-0.5127844197509324
0.864375,-0.07675279494666551,-0.626510497296917
0.8645,-0.20011208548887388,-0.38451958920828305
0.864625,-0.24793621769926294,-0.014106977028483694
0.86475,-0.12883079302887246,0.2647100030259045
0.864875,-0.05286654171112611,0.2953275059412674
0.865,-0.077343082002154,0.18714191819848475
0.865125,-0.2280233158236748,0.1154203781800434
0.86525,-0.24427656335426728,0.05624400100320642
0.865375,-0.13350907935566383,0.051016946386440824
0.8655,-0.04569505096196047,0.030840987106006027
0.865625,-0.03825464623636299,-0.0988128211219883
0.86575,-0.08625921572654167,-0.16365056055664004
0.865875,-0.18644312958071185,-0.171966272546021
0.866,-0.33316859341220434,-0.09240785096630705
0.866125,-0.3459577344836364,-0.06099853273677735
0.86625,-0.4096278960268503,-0.11045779288807256
0.866375,-0.45135312206404415,-0.1677100397661837
0.8665,-0.30032102968135743,-0.19961429212552037
0.866625,-0.19432528770392482,-0.11554493342896832
0.86675,-0.048664892790623686,-0.006652911127039409
0.866875,0.14758762243616624,-0.031048627419357298
0.867,0.4221796069551644,-0.09943562182712336
0.867125,0.4303549111732689,-0.21664735511087302
0.86725,0.27738722773091956,-0.28119679323843744
0.867375,0.15452272070790304,-0.3335887128184699
0.8675,0.21217689183761074,-0.3702743123577036
0.867625,0.3413931914459439,-0.3911032860351921
0.86775,0.34916212909528865,-0.30473514979338073
0.867875,0.25529881741261196,-0.2079529393351929
0.868,0.1921196520394771,-0.061198564610179314
0.868125,0.26565528273315697,0.15326110805776325
0.86825,0.25723114968270694,0.39215503928061735
0.868375,0.06042291700630002,0.4545627815164492
0.8685,-0.04893366272297976,0.25536543270724166
0.868625,-0.1396772733315473,0.13552482257265044
0.86875,-0.02168515647597527,0.19954205281558007
0.868875,0.12239117222161067,0.3080792045077462
0.869,0.1136579051132846,0.2932748764463008
0.869125,0.1022451802870392,0.2307712543022854
0.86925,0.2550110175469009,0.15996367940906708
0.869375,0.3249609437259474,0.26953297149013894
0.8695,0.15070439144799358,0.24393637723906625
0.869625,-0.11212503137962931,0.10330154366362351
0.86975,-0.18486821997258462,-0.06596289857520639
0.869875,-0.060687458680924136,-0.058969880955722906
0.87,0.22726541346078472,-0.040575637131391076
0.870125,0.3184065632735955,0.13279007513668667
0.87025,0.3335582102181334,0.07285724490987515
0.870375,0.07495898927708247,0.08365294924975067
0.8705,-0.25403362040631045,0.20691248659938077
0.870625,-0.3979591913844691,0.2483605870941445
0.87075,-0.3523795795871407,0.1450975744415133
0.870875,-0.12413307730369681,-0.05591259522082036
0.871,0.008282834518837644,-0.15399114029108268
0.871125,0.04390637717713845,-0.03151258032052657
0.87125,0.019831036339535982,0.1501578200195418
0.871375,-0.0017097413775823463,0.3094103786942088
0.8715,-0.021329592268568676,0.29273500682000014
0.871625,-0.07652731394106987,0.06937172588442224
0.87175,-0.0819565411006396,-0.22947733275771515
0.871875,0.02907107179986426,-0.38265687358982653
0.872,-0.009577576976012345,-0.2331402584398493
0.872125,-0.038018682909851984,-0.07981299903795094
0.87225,-0.02311283283626846,0.032000149936748025
0.872375,0.14015534046937747,0.04913212397584784
0.8725,0.13670899451902097,-0.026993511374237764
0.872625,0.15893078588508308,0.02276024491184052
0.87275,0.17744838045564587,-0.0507722575513522
0.872875,0.012858310440396871,-0.11320082650325546
0.873,-0.11760055641330372,0.013128465656092938
0.873125,-0.25830140862441187,0.014689216584991057
0.87325,-0.2559102229170473,-0.0004896489619923516
0.873375,-0.20969104729590193,-0.047265594548993685
0.8735,-0.11237792230998998,-0.026959487653588667
0.873625,-0.2864236174554731,0.10050265256072131
0.87375,-0.4385892189014087,0.11620375244761622
0.873875,-0.5389447049784366,0.162656167392845
0.874,-0.5242152734199671,0.14373105582087267
0.874125,-0.5929325808369251,0.08172361474870421
0.87425,-0.6062078329806633,-0.0874969285610499
0.874375,-0.42952527682813063,-0.2556207028638691
0.8745,-0.20994556629698521,-0.2418095199658119
0.874625,0.11336164779693529,-0.19007654660501586
0.87475,0.3302492413782481,-0.13034199046881784
0.874875,0.4073839919499485,-0.2554043495308357
0.875,0.30056357578351295,-0.3667202011988208
0.875125,0.04861312525496999,-0.42145151271689396
0.87525,-0.22262662986219187,-0.5088463673655841
0.875375,-0.1166385366587436,-0.5391992821841083
0.8755,0.007817495740387958,-0.5587514392034347
0.875625,0.12495817091232389,-0.4102591707434667
0.87575,0.36998384871758283,-0.14972146229070865
0.875875,0.5259617970491282,0.10063761112509098
0.876,0.5534553513630178,0.268716455911017
0.876125,0.2924198396029228,0.36211559940996385
0.87625,-0.1051967217673784,0.2924436876813202
0.876375,-0.1480537370000081,-0.02696677372729783
0.8765,0.15450903053550533,-0.18826932784307826
0.876625,0.3505680734637798,-0.11699301478461303
0.87675,0.3352743048635418,-0.04343802441356748
0.876875,0.21724572067971215,0.12832636020366134
0.877,0.1076505659852969,0.3200617839864272
0.877125,0.17533406944146843,0.49385445638233305
0.87725,0.2397172039947102,0.5058448459003453
0.877375,0.16282146094121097,0.2797255396125552
0.8775,-0.03877326247536549,-0.07695439848224184
0.877625,-0.1412949107538988,-0.12595573803540447
0.87775,0.060754043401899493,0.04195765697154393
0.877875,0.2876742389869119,0.29457960888689205
0.878,0.27661359089129833,0.3046518904554665
0.878125,0.07065620840715858,0.19160880711315212
0.87825,-0.10729438826482667,0.12089167367370618
0.878375,-0.1383270869599426,0.1762467867412805
0.8785,-0.061147150578796286,0.21334547314361854
0.878625,0.0913820580089254,0.1467930203948584
0.87875,0.16020599709610173,-0.05860392772710648
0.878875,0.07891235679981809,-0.11243748040350447
0.879,0.04829775978729507,0.06377925713794201
0.879125,0.06848717636731287,0.2586665324714171
0.87925,-0.06393501056091866,0.2640081063799116
0.879375,-0.2089260176972213,0.10402761763073251
0.8795,-0.2625114685571633,-0.12046338052795982
0.879625,-0.1274599788941568,-0.09290295497384604
0.87975,0.03236037148112357,-0.02402492670273106
0.879875,0.10622633817294883,0.10600633033297738
0.88,0.043375492028529625,0.11654903174472242
0.880125,0.0900144428291788,0.08812462116143979
0.88025,0.12056253316361489,0.10642881198950328
0.880375,0.09845777228222716,0.08204780222606783
0.8805,-0.029002782005829102,-0.06587910101911901
0.880625,-0.08479002678695031,-0.17795343918398823
0.88075,-0.18174034581835993,-0.24842755538312628
0.880875,-0.18286656710744,-0.15487285024282502
0.881,-0.225825133134458,0.0009198112544699935
0.881125,-0.10936313156863654,0.11074667168252898
0.88125,0.08277276272961497,0.04423799081832908
0.881375,0.16990869700204617,0.06876794213127804
0.8815,-0.02786000178589959,0.08637309962041076
0.881625,-0.32935824727447105,0.08159386052478233
0.88175,-0.6030801990389927,-0.05708838940266539
0.881875,-0.5603795719748973,-0.0785434288592842
0.882,-0.3755191504389434,-0.1476356432809279
0.882125,-0.06892134124179307,-0.19890222065060917
0.88225,0.03448505980607339,-0.17002765464720396
0.882375,-0.08105461300851771,-0.16491515121648995
0.8825,-0.16209461816481585,0.07628322334601727
0.882625,-0.1768915719527477,0.13519298492187848
0.88275,-0.10153252858069922,-0.005119352064063824
0.882875,-0.2001652635075787,-0.31308419022174727
0.883,-0.494782176258332,-0.5074830817754502
0.883125,-0.6951051842110864,-0.5448072032438783
0.88325,-0.4244045130069763,-0.3622770589369872
0.883375,-0.17243303873124627,-0.08449448837444967
0.8835,0.10577611396752495,0.07679655412132863
0.883625,0.23692559578669342,-0.06229892702037856
0.88375,0.2513481724199074,-0.18514394558391506
0.883875,0.39419633400129,-0.19117122244880677
0.884,0.4168495908082201,-0.0879202668174057
0.884125,0.33807302676581125,-0.186054406012759
0.88425,0.22702057246396876,-0.45746073862436787
0.884375,0.2719676277900146,-0.5849430898299393
0.8845,0.39019464932250164,-0.445425556832495
0.884625,0.4842147555801211,-0.10834939413913268
0.88475,0.6131022325720847,0.048077447040901236
0.884875,0.6184467065616078,0.16776337145414044
0.885,0.3718671102630153,0.17766742421840773
0.885125,-0.017118557841742568,0.34647029624254516
0.88525,-0.3208962925765683,0.34213767058224687
0.885375,-0.23733072073916112,0.24564661821466396
0.8855,0.06359303809023534,0.22503935870204228
0.885625,0.27148026446226475,0.23866841530093852
0.88575,0.2812904770537303,0.35983069858079647
0.885875,0.14645206413180512,0.4744901856426927
0.886,-0.008969342124715557,0.5538857293166888
0.886125,-0.013861039160157521,0.5024223773917
0.88625,0.11829242655812727,0.3466605974920444
0.886375,0.14533237341294328,-0.04010185655822843
0.8865,-0.03620872673227948,-0.28845113745842327
0.886625,-0.04318320992461316,-0.2546144352068521
0.88675,0.03175650258501798,0.04251130761928936
0.886875,0.16146000895499976,0.29215754198999055
0.887,0.19269448278895432,0.24382066277089012
0.887125,0.01910854151030456,0.1116181199788763
0.88725,-0.2674998194030216,-0.016104602040621713
0.887375,-0.43188103808824324,0.029563244649291505
0.8875,-0.27901496850801144,0.12239957231621022
0.887625,0.0028867023444117184,0.08875989795112707
0.88775,0.1068208200476638,-0.03866050294562903
0.887875,0.0918738518611447,-0.07289580815727213
0.888,0.024242472441629494,0.006395819031300581
0.888125,0.03065774265673234,0.1642609076630746
0.88825,0.024385609093432396,0.19988046049916017
0.888375,-0.010382543305116466,0.03426892470052915
0.8885,-0.15458163334824648,-0.2803215758932592
0.888625,-0.19049245424960848,-0.3882541829949229
0.88875,-0.06375650477760245,-0.24146994085668536
0.888875,0.14714293429041167,-0.03860358232428805
0.889,0.20138220408221108,0.08573134973894642
0.889125,0.15357172947398648,0.05916876125325973
0.88925,0.08524353923953076,0.0029819817906007037
0.889375,0.014591276389781822,0.008628133486737999
0.8895,-0.12164997323679547,-0.0060950227214139965
0.889625,-0.13533964399763132,-0.05439514425116611
0.88975,-0.21189465967417132,-0.08700052804393157
0.889875,-0.20731704146817348,-0.1275748545498532
0.89,-0.172301565165708,-0.03436717096036955
0.890125,-0.21647199390215444,0.1697413926316882
0.89025,-0.06550247755763881,0.15200129105323631
0.890375,0.07349335520039829,0.10258221723383196
0.8905,-0.18034447639405718,0.0892576190530577
0.890625,-0.6383910608796587,-0.008568499607298002
0.89075,-0.7214577649293641,-0.07426597514981131
0.890875,-0.5542478713409755,-0.17814000326161203
0.891,-0.21378873006831894,-0.1853954733520423
0.891125,-0.0696608172218944,-0.1731235916766059
0.89125,-0.19686949446645668,-0.20377034860346988
0.891375,-0.3007277353405827,-0.21682085094351342
0.8915,-0.1770665167407193,-0.061609883764602226
0.891625,0.019215477983600543,0.021585605407315127
0.89175,0.09313084493340211,-0.18789965084259524
0.891875,0.0543770962940239,-0.5930078233301331
0.892,-0.055741730974563364,-0.7301270592424165
0.892125,0.03358343134432864,-0.48280149425208396
0.89225,0.3498362105084316,-0.1831965160171087
0.892375,0.5636223149174173,-0.08921040328819012
0.8925,0.5698927347087656,-0.18595330403477778
0.892625,0.32514485659773085,-0.31172552159538325
0.89275,0.13291547333683965,-0.21699772635943498
0.892875,0.08096439733292912,-0.04501881462301787
0.893,0.18497984438782386,0.12067273362666579
0.893125,0.19295782099095096,0.019630854160402788
0.89325,0.24698937627911005,-0.09141373996091837
0.893375,0.30927086333106973,0.028221417665950852
0.8935,0.3687641869411933,0.3257836232769318
0.893625,0.27939291536335975,0.535803432305687
0.89375,0.16364409301701577,0.5298052798910708
0.893875,-0.0024296215570850143,0.30928259591504237
0.894,-0.12634133232126804,0.1291785142412642
0.894125,-0.0904307102081153,0.09853525304211344
0.89425,-0.17284476847431582,0.14348218346459915
0.894375,0.010453672654631076,0.17582483904887633
0.8945,0.3001038951333817,0.18261165239117325
0.894625,0.5058360946863792,0.2548297796935275
0.89475,0.34265318148845997,0.30696534649522667
0.894875,0.04773070613952526,0.2656884768611941
0.895,-0.0036947953228917917,0.12339163357119436
0.895125,0.0856107991925843,0.00349680747895533
0.89525,0.010081660658822255,-0.12533543002737968
0.895375,-0.06611137840055663,-0.13072675271231113
0.8955,0.03736855981622894,-0.13051740676965284
0.895625,0.10763767999400216,-0.037893859317771755
0.89575,0.22276568243020056,0.23543686676177827
0.895875,0.1368015260967952,0.41303316348386127
0.896,0.13426398503742182,0.31499093354361357
0.896125,0.02620429152583468,0.06300932610786032
0.89625,-0.11414532007526791,0.012402832958519518
0.896375,-0.29803660623199313,0.034483131470641144
0.8965,-0.43617089537964004,0.025631181960406584
0.896625,-0.39948544286509574,-0.04675325581006039
0.89675,-0.21977288004208176,0.057013763057280044
0.896875,-0.10864073343332545,0.13448266613192209
0.897,0.05882812864889708,0.2060216356969148
0.897125,0.15915146384808376,0.1540012373037583
0.89725,0.14667665149900125,0.10799609291963744
0.897375,0.055982853874167245,0.009062238746473064
0.8975,-0.14701517907988157,-0.13979964217381857
0.897625,-0.14648093252924316,-0.271104122452022
0.89775,-0.12346844150067644,-0.39812869995361744
0.897875,-0.0575759656021951,-0.3439782631570038
0.898,-0.06091167875517679,-0.19851163142947637
0.898125,-0.09659121686367489,-0.039682185132797775
0.89825,-0.1110807463424463,0.017650242268883377
0.898375,-0.12764328066547306,0.14138183190833992
0.8985,-0.31416493408119117,0.14211064682325328
0.898625,-0.3911720747627555,-0.0007067056399841857
0.89875,-0.40427393376320747,-0.14185931135494736
0.898875,-0.4551186987200275,-0.14731779361560207
0.899,-0.42446577669124386,-0.09517209191796222
0.899125,-0.33813599602378847,-0.015678956293511136
0.89925,-0.13933216510323398,-0.004835265191026448
0.899375,-0.03940555100421258,-0.12093098729109347
0.8995,-0.03865448878383789,-0.11219420993492724
0.899625,-0.1137914791339498,-0.15181331559045777
0.89975,-0.32985092725569426,-0.2767898244928555
0.899875,-0.31962257702969826,-0.3090445845171976
0.9,-0.07361957027023941,-0.3356935195571041
0.900125,0.20033621999654086,-0.37171345326483884
0.90025,0.2792669974872213,-0.3548372230967482
0.900375,0.2145189636246192,-0.22632288897011013
0.9005,0.1272358196610315,-0.08641731812812528
0.900625,0.17590536763184245,0.004738406674572964
0.90075,0.4147473814110639,-0.03829963816881746
0.900875,0.48240166424915665,-0.1429001519302848
0.901,0.38076304162426927,-0.28859475869106294
0.901125,0.2225194075582578,-0.292518379483919
0.90125,0.22210874970540528,-0.07771761365574743
0.901375,0.4797377372379518,0.10536588888144797
0.9015,0.5707236272835927,0.28359135130970264
0.901625,0.34156783798091284,0.17099559721631624
0.90175,0.06714710196931259,0.10057251170767696
0.901875,-0.17284121842674854,0.13697258387711483
0.902,-0.13762881078689224,0.42303621015671217
0.902125,0.011616613936748546,0.4541493956635864
0.90225,0.002483939390592554,0.3001770540983576
0.902375,-0.004684043119285139,0.18196584788565132
0.9025,0.06640913425400526,0.2240474589598249
0.902625,0.18332339734761233,0.4015653066318579
0.90275,0.2641743462859269,0.49719129296778186
0.902875,0.10828437925351832,0.2756905408329501
0.903,-0.17244165345710502,0.020018846490424142
0.903125,-0.2613011886293824,-0.16311385178456186
0.90325,-0.045991730277396364,-0.17654476059903274
0.903375,0.22481305262462778,0.045673908346587314
0.9035,0.42050889626691745,-0.01343350725252928
0.903625,0.3337815857535845,-0.03390580217533517
0.90375,0.04841060996881277,0.053622039436152985
0.903875,-0.254034783016764,0.1913156176244114
0.904,-0.19774336574979287,0.22216860784224313
0.904125,-0.025162229022327568,0.06951367070730916
0.90425,0.14456211863263446,-0.15941083410836424
0.904375,0.04308301267761888,-0.1819509541258457
0.9045,-0.14465483506037732,-0.003430315482437789
0.904625,-0.1128177217374231,0.23281282703861012
0.90475,0.0448160494913145,0.4194437492991056
0.904875,0.11679689385423181,0.2591073043367866
0.905,0.037433508346460045,0.009312781406540538
0.905125,-0.06536585549008425,-0.22043254490521447
0.90525,-0.18397719795298426,-0.1942889249183676
0.905375,-0.27490858953609093,-0.03162041233474083
0.9055,-0.27525610505198306,0.10009848931288923
0.905625,-0.14113511727963543,-0.039480830953570224
0.90575,0.06140900518553176,-0.08936045397002881
0.905875,0.1688492344769241,-0.0679082461573487
0.906,0.03337845730272604,0.07700393027664422
0.906125,-0.13807982941719465,0.11701801882487167
0.90625,-0.22484992295552447,0.034859985557576974
0.906375,-0.19404748257793558,-0.04971263729920226
0.9065,-0.2086166491826277,-0.16762026892361942
0.906625,-0.35879982332980814,-0.24970748276301558
0.90675,-0.35712282567627307,-0.2843989955284259
0.906875,-0.18992893849917789,-0.04429894536640593
0.907,0.10090078362142604,0.10174789712503518
0.907125,0.1339347694565931,0.1593585667434924
0.90725,-0.07866449731061256,0.06619418133793974
0.907375,-0.3557824517667289,-0.10802405980847406
0.9075,-0.5448390389572543,-0.19672966823834453
0.907625,-0.46361066040084065,-0.13315013674136908
0.90775,-0.2938818718836954,-0.16678627640686897
0.907875,-0.1797295697128047,-0.23493200161721448
0.908,-0.12374865923993407,-0.31214515150870165
0.908125,-0.04878736766107946,-0.0723895187355439
0.90825,-0.013723233919685898,0.06775673380105825
0.908375,-0.014366501618706966,0.14049627554184535
0.9085,-0.16484000411061733,-0.09615987706207113
0.908625,-0.2502182301057783,-0.3324925337936982
0.90875,-0.06404122269839269,-0.4315405472494594
0.908875,0.2874722831121729,-0.37626517236921564
0.909,0.5389406135620656,-0.26743409385201733
0.909125,0.5101342150111925,-0.1415990207351891
0.90925,0.26907714991741727,-0.14375489895724525
0.909375,0.2237664474108047,-0.035222306709825464
0.9095,0.23855120110381792,0.023006177351198434
0.909625,0.2576295551543152,0.03753374059208005
0.90975,0.18597820237881987,-0.11928788455943527
0.909875,0.1443229425398124,-0.1575757010448921
0.91,0.34255525557548977,-0.06410122720305954
0.910125,0.4131737359719372,0.3095534270826499
0.91025,0.29003344835640643,0.4873887989386641
0.910375,0.006033684706525953,0.3656226330983987
0.9105,0.011684400347096637,0.21429322125428077
0.910625,0.1453193960950853,0.16095210208811178
0.91075,0.21654937985726602,0.24120672523348755
0.910875,0.1852570150764182,0.2522871746084844
0.911,0.04949335720995677,0.17532697165337463
0.911125,0.04615507705228393,0.13267047798796186
0.91125,0.09762739170226374,0.2486156460098227
0.911375,0.21911121263674255,0.32658200724644454
0.9115,0.07915118385406422,0.23664822355907636
0.911625,0.0018167237011725258,0.01900111572921446
0.91175,-0.10480163671819967,-0.018102770363444546
0.911875,-0.30974541164260294,0.14019446977871855
0.912,-0.41204491615568767,0.2660510016892929
0.912125,-0.17860676767630562,0.20752537486607725
0.91225,0.19206460098186645,0.05826583493464104
0.912375,0.5057616451336315,0.005426659182362172
0.9125,0.5183064979681257,0.07630780560167456
0.912625,0.04648634382422594,0.12690464083783518
0.91275,-0.28326356935376484,0.0814027312871041
0.912875,-0.2517521107871698,-0.03356755780445638
0.913,-0.01924861739170795,-0.09041391511570405
0.913125,0.05111897548075061,-0.26407906869346887
0.91325,-0.03377644564673443,-0.3592774384080794
0.913375,-0.11694912972770334,-0.19522106110131493
0.9135,-0.0362342827396202,0.13777384558645875
0.913625,-0.0161233820073607,0.47307908701531376
0.91375,-0.0675851539522861,0.4512990049317581
0.913875,-0.18194061342393217,0.07024745127170004
0.914,-0.10890925616382421,-0.24150741099491296
0.914125,-0.16717940907577794,-0.22474856683416766
0.91425,-0.3100251300306334,0.0029898503872527655
0.914375,-0.24805094794071808,-0.005967828738716946
0.9145,-0.011009466282509452,-0.05760038566688361
0.914625,0.2640315414745468,-0.0951738898043408
0.91475,0.2566199187135811,0.015590149860976735
0.914875,-0.0729808150817862,-0.0004757327575876294
0.915,-0.3638111860198874,-0.10082420526993269
0.915125,-0.5003380145127433,-0.15197824023216916
0.91525,-0.5001469714558514,-0.15811759033083983
0.915375,-0.35483481365476394,-0.13084625184054965
0.9155,-0.21530833138994832,-0.2595702287449139
0.915625,-0.15681559229205905,-0.2137688541146583
0.91575,-0.01925203095701471,-0.012772544313731019
0.915875,0.0885398863744815,0.204061895118017
0.916,0.04044155390708349,0.1787321924586451
0.916125,-0.22349333540211155,-0.023980395747995622
0.91625,-0.3889090875196683,-0.31280613119360423
0.916375,-0.36676839456454274,-0.4521901223192224
0.9165,-0.1068958125190921,-0.4730187591671491
0.916625,0.027153049605842354,-0.2837251614795519
0.91675,0.06676805470120152,-0.1732135852802943
0.916875,0.057020470134656005,-0.14343158619076574
0.917,0.05148362944660643,0.0018673791376055337
0.917125,0.1420986575687193,0.07627112831314216
0.91725,0.27106236778570886,0.06645256649393252
0.917375,0.22207334290561204,-0.17535933835384837
0.9175,0.1601087492892302,-0.33175962340074466
0.917625,0.15421151898356616,-0.2942571222343438
0.91775,0.18338915430878433,-0.07398331668550315
0.917875,0.2963912288098252,0.05400687219169855
0.918,0.30706399561456743,0.037451372049083
0.918125,0.2856714637035569,0.06609844794032847
0.91825,0.13850724652706858,0.003946297786898002
0.918375,0.03523003125628621,0.09687931830477374
0.9185,0.08918191968810069,0.16967559532072019
0.918625,0.18275387852663227,0.14643246962196188
0.91875,0.1622714767585635,0.11050516308920769
0.918875,0.10428053857667141,0.138746990532318
0.919,0.019216753635455486,0.13340216170896707
0.919125,0.19826661489560446,0.24567871540503547
0.91925,0.38407580950743486,0.2901091710216846
0.919375,0.3972808447222263,0.24324635613504325
0.9195,0.1958253058519553,0.06380915558177368
0.919625,-0.14982216834167686,0.08528558850268629
0.91975,-0.37673084954939384,0.06812262858154788
0.919875,-0.2436073192341968,0.14403046102847392
0.92,0.09960331259305154,0.17181511214722145
0.920125,0.31503164395118277,0.11639011325484984
0.92025,0.14880024326274868,-0.0018450340153425384
0.920375,-0.13011559098327904,0.1497300404909428
0.9205,-0.20525321818945705,0.3712111808335682
0.920625,0.011169315935067443,0.3964160318961225
0.92075,0.18314290043134804,0.2181847547073089
0.920875,0.22974993714021005,-0.17056975372965094
0.921,0.04893498411795829,-0.3279522892090286
0.921125,-0.13648194389816853,-0.19471563224672828
0.92125,-0.014428236006197075,0.11620230117253667
0.921375,0.09646003687136503,0.3007299387724245
0.9215,0.16924642482900926,0.09577162361937357
0.921625,0.012476091999042042,-0.12954474262516016
0.92175,-0.17743758675910787,-0.16731958891982657
0.921875,-0.19782643212472714,-0.0038767219535342126
0.922,-0.14438341291526288,0.18345034399621096
0.922125,-0.13217069348347443,0.2030231199052815
0.92225,-0.16533589757413025,0.027584097866989395
0.922375,-0.06057961973339787,-0.14845864254290803
0.9225,0.1697052739429993,-0.09072017067161675
0.922625,0.36253967812330135,0.10382234838206345
0.92275,0.32550770395000156,0.1327871782629301
0.922875,0.05167392986002241,-0.0074708090824022275
0.923,-0.30618820823632625,-0.17481110173101325
0.923125,-0.426514400666017,-0.19711197878802048
0.92325,-0.3748529472885567,-0.15682473043236078
0.923375,-0.23601498833043136,-0.12363988880271008
0.9235,-0.10756107976696384,-0.10491928225446055
0.923625,-0.16414447197872767,-0.052172382980323076
0.92375,-0.5013613890820167,0.11645095711880912
0.923875,-0.631675370501312,0.2957257860947556
0.924,-0.5720128251518534,0.31948505791804654
0.924125,-0.34547288227299516,0.027908364475537475
0.92425,-0.30093137020528193,-0.21903630088171103
0.924375,-0.34075337120573457,-0.43963164194909204
0.9245,-0.28727369258940694,-0.3816489675285221
0.924625,-0.09061052272360683,-0.2053590306771452
0.92475,0.1497137922162075,-0.05103043580861166
0.924875,0.2346401614715719,-0.1318283545993512
0.925,0.1503871228319131,-0.4153041777507491
0.925125,0.04893892066149504,-0.5937764078885763
0.92525,-0.02138696641354117,-0.5529002765867426
0.925375,0.0861112810735145,-0.3576555154132157
0.9255,0.250931113756908,-0.2517061212259685
0.925625,0.3669584584719843,-0.3242613868475503
0.92575,0.33997602162071616,-0.28986266737939415
0.925875,0.2863812251342395,-0.1054195260398291
0.926,0.38765285502111524,0.10757283801398637
0.926125,0.5059139762570456,0.17865623804490702
0.92625,0.472983159830797,0.17985907435112533
0.926375,0.03420352908433447,0.00333086161535663
0.9265,-0.1917624023371441,-0.0054490236043205735
0.926625,-0.04963602920616784,0.08297276701883613
0.92675,0.24719216678928657,0.24968293958624038
0.926875,0.5127390967345953,0.3350494227960523
0.927,0.4248861251756174,0.3233688780237082
0.927125,0.13714246794610147,0.29893546295996143
0.92725,-0.2665085700977666,0.338739756101247
0.927375,-0.4671112392866979,0.5326463294110646
0.9275,-0.3371922741186359,0.40703906798637046
0.927625,0.04199388989538848,0.06356543692760247
0.92775,0.2103296453686113,-0.23145950403891563
0.927875,0.2988369631442851,-0.05131497226523304
0.928,0.27889079225521785,0.26296725213155225
0.928125,0.3202990924567574,0.4711645703342599
0.92825,0.4182206661307217,0.37634221877345264
0.928375,0.18179462763910462,0.18146150768436534
0.9285,-0.11121886717053532,-0.2622208662935662
0.928625,-0.26510623848803755,-0.41065875759165266
0.92875,-0.11432919445855351,-0.2655586352455684
0.928875,0.03937140755974696,0.0456064441737943
0.929,0.170492468486342,0.25924345639123597
0.929125,0.12363431769942933,0.22023490055081116
0.92925,0.0468045314400705,0.25648614556490346
0.929375,0.031922142707253486,0.3011696526332397
0.9295,-0.10498111219550889,0.37609091612243656
0.929625,-0.15495281943796696,0.16843889428169836
0.92975,-0.20826080395761357,-0.10530763018060062
0.929875,-0.17393808578430742,-0.22898135223784263
0.93,-0.24474357816236025,-0.047168257075260116
0.930125,-0.06715792388139064,0.03569531830911202
0.93025,0.13689455209460935,0.15500320408629337
0.930375,0.15149845922471883,0.11802208685467994
0.9305,-0.05147980739748091,0.08315825244941571
0.930625,-0.2345470042726706,-0.02835332331990519
0.93075,-0.29348039090546374,-0.16634081264506007
0.930875,-0.1071183348038295,-0.10439562961578089
0.931,0.1061259335527464,-0.11665867144432603
0.931125,0.012706799701019168,-0.19774421340888015
0.93125,-0.10347627082416122,-0.21925433319823973
0.931375,-0.13433159104413248,-0.10991376512717325
0.9315,-0.08197436332994838,0.09176840965075166
0.931625,-0.1766828063294931,0.15379949328486772
0.93175,-0.28775041851746447,-0.005479489278140781
0.931875,-0.30621818105400883,-0.20786928719126013
0.932,-0.3705414162220138,-0.20633553940909713
0.932125,-0.286986946198343,-0.0603208832535007
0.93225,-0.17614714908594872,0.04109565308936595
0.932375,-0.04464624624315828,0.02231055029752486
0.9325,0.02665219973417771,-0.03184475015985244
0.932625,0.003816761606400541,-0.06320636721013673
0.93275,-0.2683875848569124,-0.10851471056930725
0.932875,-0.47692857598950444,-0.21326213344002973
0.933,-0.33748587611314046,-0.25572618570364386
0.933125,-0.07031010142259479,-0.26527798388054546
0.93325,0.11521606273303592,-0.3006875390942696
0.933375,0.2048120216330044,-0.2695794864072765
0.9335,0.18966546315222643,-0.18700948189662564
0.933625,0.0841716799466245,-0.009042202192147478
0.93375,0.09938835034427802,0.044791934459264146
0.933875,0.01872256400942295,0.044471369021625795
0.934,0.0860650694921586,-0.18936021839066455
0.934125,0.037079109782237475,-0.44829444291054144
0.93425,-0.011237514783015646,-0.31846056862082767
0.934375,0.07815439786978522,-0.09656572390644498
0.9345,0.3176150229660586,0.1304663533610962
0.934625,0.4332941595016999,0.20964753791098376
0.93475,0.45571636632390644,0.17462838611254308
0.934875,0.22949882639526714,0.12289702534502214
0.935,0.05097054262676245,0.08736192759680005
0.935125,0.11346262503521554,0.02393483662715973
0.93525,0.1308419502195377,0.09155131548015367
0.935375,0.16692881194680628,0.034234192139669356
0.9355,-0.0009917637477151037,-0.01749651700213046
0.935625,-0.056798241227381405,0.07006359406561585
0.93575,0.12205727276777768,0.23448345430872408
0.935875,0.3233007264929702,0.4653377342363406
0.936,0.3831214981888705,0.3885625311913865
0.936125,0.4101755932333768,0.18772905107106022
0.93625,0.19149606861264457,0.06513575677896316
0.936375,-0.019242378453141397,0.05540336814934403
0.9365,-0.16074954005511025,0.1525880024288146
0.936625,-0.18807913299419976,0.1558337269599578
0.93675,-0.05989143593478393,0.03405814833313579
0.936875,0.01554091863872268,-0.052071177590356
0.937,0.1408250303852211,0.06227095239537966
0.937125,0.13742299687445528,0.29058416667008286
0.93725,0.05395697728883815,0.3659651575880969
0.937375,0.018297919366194362,0.328116112392864
0.9375,-0.19465401085739095,0.22834817303829816
0.937625,-0.18879546105411882,-3.7233094358165996e-05
0.93775,-0.002759729992251727,-0.19049699560210026
0.937875,0.13093746293332945,-0.2299769985093654
0.938,0.17501130776247883,-0.0598956156093964
0.938125,0.1589956025117768,0.020864840709438028
0.93825,0.1412313011642126,0.10435896041800134
0.938375,0.04685761946877239,0.10680557124553933
0.9385,-0.16727663229011622,0.17264012285672242
0.938625,-0.3327759798306565,-0.00693412136898281
0.93875,-0.2814525901833758,-0.14973802607858322
0.938875,-0.12384135470893574,-0.17241480871263382
0.939,0.05488917834022322,-0.03019232771796436
0.939125,0.11053294339196451,0.15686920468926818
0.93925,-0.017813435577070068,0.11832488004239353
0.939375,-0.010066038652078047,0.1049026186699325
0.9395,-0.15859569918505337,0.11777159735526031
0.939625,-0.29124915682708974,0.08341482410048458
0.93975,-0.33897553263719693,-0.1662252871145229
0.939875,-0.21201317321923596,-0.29587683331062686
0.94,-0.27913402857302305,-0.20787732380494753
0.940125,-0.34448485013923946,-0.10383284324777083
0.94025,-0.3501925586879689,0.03192654350261505
0.940375,-0.2759939640128543,0.11083901547389671
0.9405,-0.19502133551247364,-0.013496295201060606
0.940625,-0.26478929969138626,-0.05201457410270018
0.94075,-0.39073503821686495,-0.12628767776978894
0.940875,-0.29159832856749796,-0.2739908331068362
0.941,-0.01927568642329749,-0.2895469831118219
0.941125,0.11697230772925636,-0.24085537797928397
0.94125,0.12577744024731052,-0.22272366038284516
0.941375,0.028709908434020163,-0.31885864392452323
0.9415,0.01316189091943224,-0.33078082039992934
0.941625,-0.08432616197720848,-0.2229187230675724
0.94175,-0.09664630517205795,-0.16763402450734663
0.941875,-0.19138072695075597,-0.2795204162837621
0.942,-0.22153342677638205,-0.3320617263944922
0.942125,-0.057344451464420076,-0.2366820878549987
0.94225,0.20591727056648382,-0.0003259591504091223
0.942375,0.44451158785526657,0.14699410593904214
0.9425,0.525001171708829,0.08653929301401882
0.942625,0.49705553540563885,-0.011100984705091741
0.94275,0.5130927621843084,-0.01913677335281023
0.942875,0.30375198142201265,-0.06819920330053116
0.943,0.06280835330055978,-0.11953670480311347
0.943125,-0.02694446468520377,-0.17027529166948957
0.94325,-0.053208747362895714,-0.22599404638660123
0.943375,-0.004555256075918916,-0.0076402660837674415
0.9435,0.04998504095731005,0.22200277781293082
0.943625,0.1502145220945228,0.35571239216311634
0.94375,0.10186655386192381,0.4547945956003927
0.943875,0.10142678755630528,0.4573748377661621
0.944,0.18827907580559722,0.3833691278789217
0.944125,0.2970925845322098,0.2762330637777267
0.94425,0.2827667829848421,0.12312086060401431
0.944375,0.15943518653387886,-0.012039219033461245
0.9445,0.15898225091952303,-0.08488330995411877
0.944625,0.2269972085900383,0.002553456507368013
0.94475,0.315764125221809,0.13026768376643025
0.944875,0.3032497995681043,0.11701162048628072
0.945,0.061528985611884496,0.07753582670336513
0.945125,-0.21883130637910286,0.044518876730014104
0.94525,-0.4376182453998994,0.1273264379771443
0.945375,-0.3425083648525493,0.2994358662228075
0.9455,0.008991323234417248,0.26649630110570766
0.945625,0.22116845251675887,0.16069360840955976
0.94575,0.24614962530151602,0.15808567497715548
0.945875,0.06774938744583771,0.1935019566125348
0.946,-0.03236890558335759,0.30628105523544613
0.946125,-0.1622147820461937,0.28347428729804935
0.94625,-0.14531340699290626,0.10170612549766347
0.946375,-0.1995852863006617,-0.28179887929198605
0.9465,-0.33898597419664606,-0.44451542190876514
0.946625,-0.1634323434938097,-0.2960299091297348
0.94675,0.04136198323090949,-0.008583234264131235
0.946875,0.33642673100414977,0.17759899314505118
0.947,0.3448030622000217,0.21725676956977044
0.947125,0.1816836080203256,0.10439703919817794
0.94725,-0.0964942148039241,-0.04214709815606809
0.947375,-0.26376132113134104,-0.20155388902144325
0.9475,-0.278078057306387,-0.14693981216730234
0.947625,-0.28695722038081456,-0.18119887718566285
0.94775,-0.0826202096482719,-0.21852965673333244
0.947875,0.040710249184376664,-0.17348191457783374
0.948,0.06833149228066616,0.037737337222786285
0.948125,0.05719698567626236,0.2532302959568118
0.94825,0.02852083413206674,0.2602464770301556
0.948375,0.06839215657961546,0.13319823797626823
0.9485,-0.20376174178266276,-0.02996159110900277
0.948625,-0.5842266094401919,-0.21885779120307922
0.94875,-0.7510142262554073,-0.26282649447871
0.948875,-0.5837645364040522,-0.26425483817334694
0.949,-0.36951881405595177,-0.08295883821266542
0.949125,-0.31441076068673995,0.05128931809690709
0.94925,-0.47744774756770125,0.060700426344627696
0.949375,-0.43255509844929757,0.0847276609827371
0.9495,-0.10315694960366777,0.045083276940682926
0.949625,0.07017573106245248,0.05804688448196258
0.94975,0.028734002550496338,-0.21486897801128993
0.949875,-0.04097909775899036,-0.5425201680008414
0.95,0.03416542520947083,-0.6974139144046786
0.950125,0.22288720355023442,-0.5058663659997374
0.95025,0.36954296181047624,-0.33277423696477265
0.950375,0.29644760877208765,-0.28282311402283755
0.9505,0.18470092155620463,-0.4009787836211216
0.950625,0.02853806686025338,-0.37837258280908653
0.95075,0.07017332514092879,-0.11831988279639984
0.950875,0.11339422636347596,0.04355203112054908
0.951,0.22959527098218394,0.04485075713552356
0.951125,0.2953857958181716,-0.0592557141604428
0.95125,0.2285117436832729,0.0016676140432260475
0.951375,0.13566209335866422,0.17367908469294624
0.9515,0.22387286790296634,0.3421233330601499
0.951625,0.3645826927654947,0.29219468158210277
0.95175,0.41435578597202566,0.1254635715612953
0.951875,0.2702886700304782,0.05497206603462763
0.952,0.05297006381685915,0.027598857628032675
0.952125,-0.1215884144340069,0.11585562963022822
0.95225,0.04573440945346226,0.17562579178289459
0.952375,0.31869012569402605,0.23406543003923622
0.9525,0.30985975742964283,0.17064596251855396
0.952625,0.21907839112565874,0.11836217906826814
0.95275,0.10199369759385177,0.17557685207871668
0.952875,0.014297684075336511,0.3684687156433497
0.953,-0.018736488535434682,0.3897251347131505
0.953125,-0.014909060278481519,0.2256808049928319
0.95325,-0.0679631943484263,0.10651118470294813
0.953375,0.04905713343173495,-0.043921019951619504
0.9535,0.0934497803448957,0.0463095365598155
0.953625,0.0591195057144501,0.2697842922747775
0.95375,-0.04045583737679173,0.28681972599325206
0.953875,-0.030719003677838492,0.17078940117545788
0.954,0.04534891354105409,0.09260744342135756
0.954125,0.009868728095093898,0.11209563574775289
0.95425,-0.03913475373177189,0.0463516915914144
0.954375,-0.06540077811306481,-0.03969543496468348
0.9545,-0.11906896069435044,-0.05466866790782534
0.954625,-0.05999644688329496,0.05965144291772675
0.95475,-0.029335009678262663,0.07762257636733358
0.954875,-0.09311231386188472,0.04010473998278783
0.955,-0.07490379319896455,-0.04558326942553044
0.955125,-0.0902236154296664,0.01571480486184096
0.95525,-0.21928541523533096,0.04812713374883832
0.955375,-0.26480961500359407,0.004395405885008487
0.9555,-0.2274765013430738,-0.021178836566525784
0.955625,-0.03973596810359198,-0.11071861983195494
0.95575,0.16565100805762095,-0.052853508458905
0.955875,0.15043003554828543,-0.051430638753720066
0.956,-0.03792274277854269,-0.033522022764244416
0.956125,-0.17762172761690517,-0.07464557677656543
0.95625,-0.1906745123665924,-0.06860978751612519
0.956375,-0.2033861779715795,-0.11340370635306313
0.9565,-0.08629905803000988,-0.18313864197491372
0.956625,-0.07338138659580662,-0.2873341751193007
0.95675,-0.014693845111453536,-0.271996260355734
0.956875,0.03700207488735827,-0.0059857362499047915
0.957,-0.010858239773549837,0.128314177776392
0.957125,-0.17074545623244716,0.16987778173529455
0.95725,-0.2636466284384308,-0.04562721136668795
0.957375,-0.4515221437492726,-0.14384270040236377
0.9575,-0.6693809864506476,-0.15269227618182343
0.957625,-0.643221021116929,-0.18663518343631139
0.95775,-0.42005955258788474,-0.13405940808852929
0.957875,-0.14094826830432947,-0.07104125996915532
0.958,0.10751607197638302,-0.04782788416845243
0.958125,0.08468596793783555,0.0286452341589444
0.95825,-0.0843010219511895,-0.016438074506550247
0.958375,-0.15939557989283418,-0.1564863791627111
0.9585,-0.06478365506633554,-0.28527125386641544
0.958625,0.1276993168693381,-0.4384985254044995
0.95875,0.22259845089936356,-0.5721817018307601
0.958875,0.3236442329266431,-0.600923871851106
0.959,0.453039245823958,-0.34605806559638264
0.959125,0.5113368175098526,-0.11255124261863089
0.95925,0.5457799588813916,0.042550969517816624
0.959375,0.43047388492642313,0.061198056578382586
0.9595,0.1792195560524007,-0.10992209516458165
0.959625,0.0644121622746655,-0.11973054345720979
0.95975,0.18363221739152483,-0.026164463327315687
0.959875,0.2301019011555489,0.12465960716169674
0.96,0.2681466433974399,0.20907714088099216
0.960125,0.14241334762948493,0.2824464173607071
0.96025,0.0620732016993999,0.3864500741092803
0.960375,0.04595794318481581,0.48277079309560017
0.9605,0.20585543988695576,0.4994873244208197
0.960625,0.20284723947651612,0.36001794455200686
0.96075,0.07468621516297479,0.129714398585746
0.960875,-0.09626157537201956,0.09625550619805202
0.961,-0.0248818235285222,0.20578456676543128
0.961125,0.00862544023714594,0.22773294883344283
0.96125,-0.05138395200643371,0.18360100712983327
0.961375,-0.047864690105859024,0.14367869826628968
0.9615,0.031842525584696,0.06317153192651413
0.961625,0.036232665318699654,0.004788414206580363
0.96175,-0.07168317994998508,0.16273301604921842
0.961875,-0.09494457479604376,0.24865608827102686
0.962,-0.11062401774076598,0.08271219225331829
0.962125,0.05147639753635801,-0.044567313796727806
0.96225,0.24498374649271065,-0.05144478809961529
0.962375,0.1636351805441376,-0.015942857650802666
0.9625,0.158907815974152,-0.040660294510987204
0.962625,0.05306401969953787,-0.037043211681205813
0.96275,-0.06312666874873496,0.018684714536755367
0.962875,-0.15466023606890864,0.05340976924613823
0.963,-0.18654661000954614,0.019787915435849263
0.963125,-0.33727298966330144,-0.05841399010615777
0.96325,-0.22572649081031515,-0.04923942707403712
0.963375,0.002758827298263069,0.08042285833013146
0.9635,0.2623119542025387,0.12670923489548624
0.963625,0.4495728644516569,0.14695066471998627
0.96375,0.3290052390768113,0.15802892603783983
0.963875,-0.10388871122623271,0.06248916540773515
0.964,-0.29624639921806384,-0.06747093300651523
0.964125,-0.24362620969076068,-0.11470101901625743
0.96425,-0.1598525369567839,-0.21370424964613166
0.964375,-0.03723349927158472,-0.29690316965003904
0.9645,-0.11339314950830917,-0.2114062192392382
0.964625,-0.22087488911694056,-0.05870513485329594
0.96475,-0.24755704622726799,0.2628340094355222
0.964875,-0.08134658452652756,0.43290534139562953
0.965,-0.17393626791979488,0.2988954165061574
0.965125,-0.25919446918134265,-0.06425047423602036
0.96525,-0.4538956408079381,-0.24907188291779012
0.965375,-0.410558958036329,-0.23619561365739114
0.9655,-0.2590124371550648,-0.11400364267709923
0.965625,-0.12742990339311827,-0.019785479258585464
0.96575,-0.049217286071324154,-0.13785803630373397
0.965875,0.019651724028470877,-0.20816710984428605
0.966,-0.1943155525777897,-0.20240190636045988
0.966125,-0.1952965269248029,-0.09285223320165262
0.96625,-0.11201930239029938,-0.13744315204540034
0.966375,-0.17199406612541843,-0.26031413811300325
0.9665,-0.20957214849741393,-0.3920925100309126
0.966625,-0.13038214403176118,-0.399055562598041
0.96675,0.034106619277073605,-0.23290120946413387
0.966875,0.20979543157490027,-0.10894220653439016
0.967,0.27668266663444663,-0.019617124847855143
0.967125,0.017588093431033503,-0.031067634607632566
0.96725,-0.11061151022836369,-0.09029545932732742
0.967375,-0.033877166214228586,-0.17330147268196644
0.9675,0.058585772419007906,-0.1526206616825094
0.967625,0.33913316341482996,-0.1481637347825094
0.96775,0.5747661763473624,-0.18454499099059307
0.967875,0.6838932520491987,-0.13488616708376458
0.968,0.5666734238454644,-0.00020248744657068313
0.968125,0.43728570119395044,0.22610469506587924
0.96825,0.23362645647126531,0.22017715817646305
0.968375,0.18320759800604888,0.0721835433845826
0.9685,0.017829639804887328,-0.09700190666760442
0.968625,-0.008902108566826748,-0.07615706861550253
0.96875,-0.05823149009605867,0.06425806069137714
0.968875,-0.05407134731046038,0.2502882006907267
0.969,0.02817159845324245,0.4816750824481416
0.969125,0.03221055160232495,0.6259925552717197
0.96925,0.042117145016783444,0.5787629369598443
0.969375,0.01699673909029832,0.34826126486696934
0.9695,-0.10691261759414672,0.21418455448786555
0.969625,-0.13710276725350556,0.12957275539261304
0.96975,0.02365082151680186,0.03657460760074871
0.969875,0.27314053252835063,0.01826806165877674
0.97,0.2564411657507133,-0.039750253146941174
0.970125,-0.004874284975875336,-0.05252538516827798
0.97025,-0.1414219999078654,0.03893576787653061
0.970375,-0.13485969300325643,-0.032554723729339874
0.9705,0.17938617126003895,0.07365581089103296
0.970625,0.30255704954611584,-0.04237087395531732
0.97075,0.1834536073840914,-0.12706710288819145
0.970875,0.04606461738065668,-0.15028861335697655
0.971,-0.017444158936303304,0.024081157750861285
0.971125,0.033842742852590285,0.2186547640291209
0.97125,0.045061479426173355,0.25023372449186276
0.971375,0.07129895884328534,-0.0043043720476900835
0.9715,0.07433172683845138,-0.17736688694385483
0.971625,-0.009980542564609394,-0.08567670046925234
0.97175,-0.06300887387234365,0.1447145204906392
0.971875,-0.09046913347619934,0.30783992200206667
0.972,-0.22413173985709617,0.2119829953381802
0.972125,-0.4437279993946783,-0.008690479886968508
0.97225,-0.4341043419225886,-0.04869761766855222
0.972375,-0.19981016854435915,0.03543898370691147
0.9725,0.23526292805174484,0.07615816614247548
0.972625,0.3940554384256893,0.11596921579401531
0.97275,0.03012942359633533,-0.0136265572316379
0.972875,-0.3160984473016927,-0.03797553623520301
0.973,-0.4482815296102488,-0.034073257189120104
0.973125,-0.22397655278247913,-0.050352435440206365
0.97325,-0.08331236867362836,-0.19068946513573073
0.973375,-0.014390192692885216,-0.36020198772506695
0.9735,-0.07304037995099115,-0.4056781108243457
0.973625,-0.18139212603354374,-0.15873313692354157
0.97375,-0.27134854171634626,0.22416921283008354
0.973875,-0.2768189779612747,0.3393330113398342
0.974,-0.1926909185190649,0.024436369379937994
0.974125,-0.26634742561574465,-0.29481494120247104
0.97425,-0.36126364127475274,-0.3453173838879606
0.974375,-0.3374245573231977,-0.23145480888084377
0.9745,-0.1620339845048467,-0.030711517803884886
0.974625,-0.07402189135141517,-0.019778331590811982
0.97475,-0.10070815967577239,-0.10230814282418242
0.974875,0.01333516856701257,-0.1707300942474129
0.975,0.03690944828732849,-0.2476131959834934
0.975125,0.03052485680939388,-0.162203947442104
0.97525,-0.11227284123528351,-0.18453057355494287
0.975375,-0.2172675407239392,-0.2838264062737959
0.9755,-0.1729351071675982,-0.3412558809418574
0.975625,0.16511698748179662,-0.35600332045093697
0.97575,0.4899543309153223,-0.15428563655883437
0.975875,0.6925217524670916,-0.06129605359586029
0.976,0.5493301187209297,-0.10895690292906694
0.976125,0.2712212348743718,-0.033608736708827885
0.97625,0.053168436807635666,0.08126227541553346
0.976375,0.02538812060328217,0.0925836900961978
0.9765,0.2744661278705569,-0.1528259070352504
0.976625,0.3851815950995745,-0.2246291514453111
0.97675,0.34342582350820855,-0.15110283616473938
0.976875,0.0863734243714118,0.10299012706594592
0.977,-0.11595762733848165,0.4614025731838343
0.977125,0.012353380323552153,0.6070095618937495
0.97725,0.12254069846623787,0.5224271436162248
0.977375,0.10062296832707657,0.28879998128055845
0.9775,0.042871886061044986,0.07328877458990608
0.977625,0.046751649246811036,0.09845861724964824
0.97775,0.06822721984637689,0.2203259453347845
0.977875,0.24598651274691186,0.385177654012977
0.978,0.37642895809242055,0.32674451294270696
0.978125,0.34365096981339704,0.04899071800981824
0.97825,0.06154555298063207,-0.06159520202231166
0.978375,-0.2545850719362247,0.014812856828704783
0.9785,-0.30965853759031536,0.08282891499819282
0.978625,-0.22386747424433065,0.09272641590182604
0.97875,-0.13512845597017736,0.10224978402274634
0.978875,-0.09424812158206257,-0.003585409276490062
0.979,0.06573481807118706,0.09431804542480306
0.979125,0.11520173897859291,0.20755646428988866
0.97925,0.20115445734802836,0.33664046225848904
0.979375,0.21181270336927652,0.2995010936557871
0.9795,-0.005269806212850025,0.04218867545740784
0.979625,-0.177929856626535,-0.1820090610192702
0.97975,-0.28314530161502754,-0.23290212041874003
0.979875,-0.14015641578724974,-0.1782690224382205
0.98,-0.03204769422483538,-0.09532326031011461
0.980125,0.13965756359395104,-0.030528716112358106
0.98025,0.27268046121312844,0.07112716485961701
0.980375,0.29816286849243967,0.10709777011922123
0.9805,0.16432773389819483,0.21543748029407633
0.980625,-0.0911341340600941,0.17189627089910078
0.98075,-0.20311300362051246,0.028765678610125318
0.980875,-0.3072851811898247,-0.16683559102141302
0.981,-0.4015508380924141,-0.1993317412803851
0.981125,-0.5015405355819996,-0.11991828864671614
0.98125,-0.3672337568815449,0.03646923444159954
0.981375,-0.09640693891156187,0.10433425339169212
0.9815,0.1102447623407226,0.19227691229989827
0.981625,0.02771990226667065,0.25631069224665837
0.98175,-0.3599257862596046,0.1294039976335281
0.981875,-0.515524679345866,-0.051912071859502903
0.982,-0.3201634546884209,-0.1659717021243229
0.982125,-0.026715290896553265,-0.30369908839997933
0.98225,-0.0337052756763502,-0.39348682996110096
0.982375,-0.18076841169255603,-0.44594187666289076
0.9825,-0.4835071047573574,-0.361007625920651
0.982625,-0.37760104349021567,-0.09131008229048054
0.98275,-0.18374757850254742,0.14106611747931191
0.982875,-0.0828656097379076,0.06559957153764195
0.983,-0.08623731480222573,-0.29588446843137156
0.983125,-0.1608644635786212,-0.458477782347969
0.98325,0.06822470215483009,-0.2868787438248761
0.983375,0.11611440211431315,-0.085068628655676
0.9835,-0.001598775993116601,0.0038317553955679014
0.983625,-0.0795086193301874,-0.20271361617118175
0.98375,0.08601528072392207,-0.42024859906878115
0.983875,0.17727858051260004,-0.4006398467060183
0.984,0.23974889744062752,-0.12932286597526035
0.984125,0.2216352729747118,-0.11340989426504383
0.98425,0.19225128772506112,-0.10087558829044703
0.984375,0.2317500518929883,-0.11593917077084093
0.9845,0.3214922779510226,0.009688911262643847
0.984625,0.33859166809494484,0.11825231563340984
0.98475,0.34415254060143413,-0.04876196697729472
0.984875,0.43920553036133686,-0.011247658797530728
0.985,0.41485904575666654,0.07279066513160813
0.985125,0.21967135705691912,0.1695260803593
0.98525,0.0653671383993509,0.21923746543426229
0.985375,0.12388155867353691,0.2024564434503414
0.9855,0.20042302742090484,0.10415769877205636
0.985625,0.20092439331961076,0.24881974890533629
0.98575,0.09101912335177907,0.25930171125927715
0.985875,-0.12354782198803164,0.2615751350362373
0.986,-0.1258684652013684,0.3375491552984426
0.986125,-0.07432714580787834,0.4160756567781717
0.98625,0.006442810017884922,0.43013151396685684
0.986375,0.038121783035646506,0.21188057832815055
0.9865,-0.0511263875924094,0.12592637491651607
0.986625,0.040482195618411106,0.11547242541423688
0.98675,0.1475352114521204,0.155116042433793
0.986875,0.2179341828202149,0.15581162082009042
0.987,0.15864705921367453,0.10060659735604052
0.987125,0.0371552231954337,-0.06994599449785521
0.98725,-0.08537369728398295,-0.14530025843145766
0.987375,-0.03343286430811984,-0.11742372112481322
0.9875,0.062185039413266995,0.022995891326047083
0.987625,0.1889395151880847,0.009533054046940506
0.98775,0.20985173183181485,-0.09321228500612241
0.987875,0.037545754503998295,0.03874310288759944
0.988,-0.09184438669535039,0.15259987863504698
0.988125,-0.24216745181318944,0.14403061565460948
0.98825,-0.19721835946226174,0.08689134928823836
0.988375,-0.37307976916551905,0.019220392850620382
0.9885,-0.42078148118208714,-0.014828201721844894
0.988625,-0.4014666691137458,-0.054872093333077854
0.98875,-0.29020923114191,0.05908041294475985
0.988875,-0.14224917432273243,0.17127892446673085
0.989,0.02279088942867835,0.19553184626735004
0.989125,0.23279470278017714,-0.004773529902274071
0.98925,0.22734238749643554,-0.1663272442802325
0.989375,0.08311737257407346,-0.16733271864418925
0.9895,-0.14917226483868207,-0.22839876288197483
0.989625,-0.23909678073352786,-0.259733405815758
0.98975,-0.20079228888581868,-0.3571331056362668
0.989875,-0.1873246483931797,-0.36036225436497143
0.99,-0.14613373378717326,-0.27649368624872356
0.990125,0.0580010043584609,-0.14666120270053387
0.99025,0.17042986493645204,0.03428337267197825
0.990375,0.04297552893849508,0.1766384797979476
0.9905,-0.15339031886564417,0.21242457002878026
0.990625,-0.3309978107886789,0.0722244252766529
0.99075,-0.35684893965714765,-0.11661910427671775
0.990875,-0.2536282375142635,-0.1900443665395795
0.991,-0.0839689643583222,-0.23922372019097388
0.991125,-0.14787318786200068,-0.14643969715307154
0.99125,-0.21549021931241522,-0.11182610802132402
0.991375,-0.2849108677521476,0.08077587678208605
0.9915,-0.20333608089900568,0.19220300720956374
0.991625,0.09401889291002441,0.023671425677189165
0.99175,0.3171124325866776,-0.1387889753675115
0.991875,0.26652523022167873,-0.3316447418990061
0.992,-0.04667261677421339,-0.32309209111160386
0.992125,-0.24266873271021902,-0.1985620800139685
0.99225,-0.09911919454480003,-0.1167142603691797
0.992375,0.3034843382387512,-0.10415866901233808
0.9925,0.49927954217373194,-0.22063240567096098
0.992625,0.3748412215614046,-0.28406448581480276
0.99275,0.039728855522826644,-0.16595101175282587
0.992875,-0.10904557048855085,0.09459065763556723
0.993,-0.031664191796700346,0.28158823761017554
0.993125,0.20110995926632821,0.22116411409192263
0.99325,0.33340664975092177,-0.03240583371193033
0.993375,0.2540749348140669,-0.18171653493686435
0.9935,0.22172296473845957,-0.10431395570684097
0.993625,0.33480637197997387,0.2193831530074972
0.99375,0.36949891535102586,0.3738067916076558
0.993875,0.2743242500002883,0.2685380277258926
0.994,0.12401784056696492,0.02903034456202173
0.994125,-0.021398442045902796,-0.14180843356900458
0.99425,-0.03459238335883647,0.02922552017331491
0.994375,-0.036409883611517674,0.19213043143798644
0.9945,0.13639211025966436,0.2870356902161951
0.994625,0.26787583490784206,0.17824549609264112
0.99475,0.32443935714188743,0.1966138977372519
0.994875,0.2059226804369197,0.2557845167794115
0.995,0.08947384340480397,0.3352540881005597
0.995125,0.04938794211310431,0.22314820295064258
0.99525,-0.019885254489090776,0.10736964647731224
0.995375,-0.05260725570468008,-0.004829035605346121
0.9955,-0.09534856580019664,-0.10311252252192887
0.995625,-0.04487855097136686,-0.03670842549000455
0.99575,-0.07261010519784095,0.1302618485871836
0.995875,-0.0538418256195834,0.23291331558819853
0.996,-0.0535039849369768,0.3154587584709204
0.996125,-0.15673139342991732,0.23018646673627516
0.99625,-0.2462965941678626,0.09540437720659298
0.996375,-0.3086842942338191,0.07104509142722185
0.9965,-0.14930726112742948,0.035013818743244204
0.996625,-0.04743990612248015,-0.04420703333210876
0.99675,0.052573861178511636,-0.07080512398804151
0.996875,0.18573787420290855,-0.07099689612350255
0.997,0.3040011145434706,-0.15483857533965628
0.997125,0.22375655685065754,-0.027514568940724442
0.99725,-0.03724995805606965,-0.02680629839502557
0.997375,-0.14471180065276998,-0.14944399796199048
0.9975,-0.21877981409488503,-0.206905849804635
0.997625,-0.20534933113371565,-0.2088726446230393
0.99775,-0.13649203654879832,-0.18510671138576323
0.997875,0.04502340783548908,-0.06630308083637781
0.998,0.13931499582472184,0.043050556770757344
0.998125,0.11951681614608232,0.14694462215265877
0.99825,0.08751425768213272,0.25021138283441335
0.998375,-0.14789883604645834,0.21113621859058682
0.9985,-0.387979129368097,-0.013842870244871899
0.998625,-0.42092374844366304,-0.13866269219054583
0.99875,-0.4493908275795704,-0.21795803827596005
0.998875,-0.4916576041859776,-0.19014973290461926
0.999,-0.4571163086790728,-0.09926149384635652
0.999125,-0.28293594614053363,0.05749070039306051
0.99925,-0.10215344048061989,0.16517308803213546
0.999375,-0.07346008549219993,0.09998310211568372
0.9995,-0.263963393547966,0.045554834617360714
0.999625,-0.39365226793564356,-0.1653954718854076
0.99975,-0.5032943241277024,-0.2813094033959277
0.999875,-0.44847123934505584,-0.380831642020853
1.0,-0.15511865674196346,-0.36494957808279516
1.000125,0.23081088732497487,-0.4288790610539079
1.00025,0.3469775512689183,-0.37304596177133326
1.000375,0.3146037846433023,-0.18678082319567985
1.0005,0.21552157039082742,-0.009972842202008456
1.000625,0.25463376087849543,-0.03074452229992672
1.00075,0.37953103810787503,-0.1926548735070553
1.000875,0.33311643133240065,-0.37737046125043194
1.001,0.15340275625367955,-0.4698323274022504
1.001125,0.0999355020690139,-0.3815313602503548
1.00125,0.14390138525590435,-0.10143767854301888
1.001375,0.3438761075142119,0.2030572458702357
1.0015,0.44750695670619,0.3236919814472173
1.001625,0.34668774674711794,0.30409120982764826
1.00175,0.0756237329150445,0.1910263429725276
1.001875,0.014842291183231614,0.15671227564501264
1.002,0.1670111025447302,0.2793768081192225
1.002125,0.4575677193843709,0.2863599800730215
1.00225,0.5944364278974663,0.12313180417895418
1.002375,0.3162153176330073,0.06846203821870081
1.0025,-0.011319165071840397,0.20075984986064468
1.002625,-0.13280745908205646,0.29915635884545305
1.00275,0.02131891709711092,0.3530145710387781
1.002875,0.051166887092744945,0.30156374212832066
1.003,-0.1987085779184887,0.06422977932527278
1.003125,-0.3221865381911392,0.012409306471516944
1.00325,-0.24960513606770043,0.1482555457347941
1.003375,0.16569632030268158,0.42658508191542005
1.0035,0.5335141125536123,0.5733978964521703
1.003625,0.4524030375735295,0.3378515317769982
1.00375,0.10656181616997841,-0.05022204351848826
1.003875,-0.2235873213847826,-0.08223554286445246
1.004,-0.3414736662833658,0.03276298009178528
1.004125,-0.26335533810596184,0.06900035769551226
1.00425,-0.08439046385533171,-0.16803784928624332
1.004375,-0.14188226706454266,-0.30903595218191104
1.0045,-0.1823057743621315,-0.24145019090883002
1.004625,0.011739636337866217,0.114624904779356
1.00475,0.23316064282765364,0.4505442838980131
1.004875,0.2285269614586897,0.39512724107496605
1.005,-0.0050321080026115355,0.07613690729516727
1.005125,-0.2998220978316282,-0.2130924142837926
1.00525,-0.35256607994900235,-0.30668323002319314
1.005375,-0.377949085211699,-0.21989850088694504
1.0055,-0.22515464124269455,-0.09961101569263724
1.005625,0.0819912052218254,-0.1170534712412978
1.00575,0.294380511193807,-0.14573232595304694
1.005875,0.28231912181761415,-0.005038042289636266
1.006,0.14566835556506244,0.16626982344267566
1.006125,0.03771362743562092,0.20559143212301617
1.00625,-0.06850779372849511,-0.030230301410496395
1.006375,-0.23056622200441207,-0.2355368832239533
1.0065,-0.42296317917728105,-0.3370624497524617
1.006625,-0.3705798968348401,-0.3572924187310833
1.00675,-0.21505320565508865,-0.18132044060768057
1.006875,-0.0008023942394051682,0.05316545365158472
1.007,-0.023153347994684065,0.21144564958484816
1.007125,-0.16029936163540767,0.2268682763742487
1.00725,-0.3626379910453974,0.13961059710877646
1.007375,-0.33353331004749226,0.011843977585254198
1.0075,-0.3222150279918462,-0.051235385912941474
1.007625,-0.3790309902357494,-0.1925293827206025
1.00775,-0.3335360650463726,-0.33329700945945073
1.007875,-0.24764805101285803,-0.31888891250975604
1.008,-0.15816706956465448,-0.1637619635076761
1.008125,0.05120816142185552,-0.04051857760175182
1.00825,0.16050837535728713,-0.0030269493403706563
1.008375,0.16617883502278918,-0.17826068039851725
1.0085,0.05665600224686965,-0.31796518269591245
1.008625,-0.07904908800974769,-0.3189689908528647
1.00875,-0.12777445702442844,-0.26724458260960476
1.008875,0.18500023803730326,-0.3277277507228833
1.009,0.5568857325266166,-0.3380606810834561
1.009125,0.6673340437856959,-0.27426703823683335
1.00925,0.4307265928881227,-0.09761772922296151
1.009375,0.1090498106667677,0.05764026054442662
1.0095,-0.03647584026309121,0.16521895416342516
1.009625,0.13611777919912574,0.1706573882860062
1.00975,0.24303040639033952,0.014430962314667003
1.009875,0.08836981520436525,-0.05465974677144542
1.01,0.01852508782548711,-0.09458142606329595
1.010125,0.0802463915864862,0.19853428903097167
1.01025,0.16843512513448802,0.5342133409549726
1.010375,0.4074331539707876,0.5862370451052509
1.0105,0.4136513283046489,0.3827189134378982
1.010625,0.1674673734074346,0.08593984650883822
1.01075,-0.1445360146999866,-0.030726439706213513
1.010875,-0.23070140651705817,0.11648143534176535
1.011,-0.06039357921908671,0.20066459406400186
1.011125,0.16258780183084964,0.05868312760665061
1.01125,0.28082934107132906,0.0235956935533291
1.011375,0.33199554249994495,0.0674426326847834
1.0115,0.31971176544132973,0.16690061482629331
1.011625,0.07652192371872037,0.34564841170419197
1.01175,-0.25443383355048943,0.3836971659370457
1.011875,-0.416289522754844,0.12127805878022288
1.012,-0.4121478246763723,-0.13394453871845838
1.012125,-0.16186404004825333,-0.21429987705610437
1.01225,0.12879585341761285,-0.05746704745730718
1.012375,0.33455260670915543,0.15209028359769805
1.0125,0.37585539598653345,0.21280839156672313
1.012625,0.21412182343318958,0.25089467136750204
1.01275,-0.04312389146989793,0.22244556393761375
1.012875,-0.10998892413484107,0.023721934050773608
1.013,-0.0569119463603769,-0.20438674232503454
1.013125,-0.0994920085595227,-0.3785121542583896
1.01325,-0.0749589670042333,-0.3691282527574669
1.013375,0.06760649813267013,-0.18462808916983547
1.0135,0.16758285788657387,0.15202176689882568
1.013625,0.20144710898625115,0.3313562050970273
1.01375,0.09223023502981134,0.3037353873603139
1.013875,-0.06076630567669632,0.21763645245314503
1.014,-0.13038745922936548,-0.008770454287763163
1.014125,-0.3455116358707504,-0.0762014792208358
1.01425,-0.46448865086081026,-0.08601780824613028
1.014375,-0.16180527358406036,-0.11922640068046349
1.0145,-0.0028927917375322592,-0.03184264471850608
1.014625,0.0026639485987845837,0.06779680761114641
1.01475,-0.19441713778902295,0.17087053873612776
1.014875,-0.36499251392008825,0.19171017197498427
1.015,-0.29807662608562335,0.06396531877621003
1.015125,-0.09565157200655224,-0.06634494237329215
1.01525,-0.1470293816585022,-0.14802009887243825
1.015375,-0.31691376783233327,-0.30508488850555177
1.0155,-0.4839111681728384,-0.3517602779210434
1.015625,-0.4868920473557372,-0.1452676373884531
1.01575,-0.26372630170582995,0.03122835848084214
1.015875,-0.12746071125897987,-0.013047145690418495
1.016,-0.1556075459630249,-0.16601776796542983
1.016125,-0.13841407260566876,-0.34158501854920603
1.01625,-0.20489656068655904,-0.23816180261817096
1.016375,-0.037577168099606505,-0.06872098014436794
1.0165,0.22859893036415216,-0.10039026378723723
1.016625,0.21457088700566088,-0.29084903528751194
1.01675,0.12319361609734851,-0.4333675990990181
1.016875,0.07021887367883344,-0.4426658708275714
1.017,0.0906819714617474,-0.22783322523263183
1.017125,0.27277728718681393,-0.1341759558178543
1.01725,0.45140192163481,-0.12840415819585033
1.017375,0.28834834686687005,-0.126845191069663
1.0175,0.10093080658624459,-0.12490885461162048
1.017625,-0.03826319933474747,-0.011542857832904933
1.01775,0.12413104060694273,0.19958332246776944
1.017875,0.3382606422688571,0.21102558114980557
1.018,0.49401356471871927,0.1154987992251073
1.018125,0.4389043274858239,0.007993589219026924
1.01825,0.1536222109669761,0.03984749555749896
1.018375,0.099768346070256,0.20138980133223186
1.0185,0.17081182463012476,0.4020038427800604
1.018625,0.13642106163768816,0.2716043669681758
1.01875,0.05625822705463514,0.061059151589708996
1.018875,-0.10737203490766185,-0.03483283275918785
1.019,0.0027675550642557926,0.05851809403701984
1.019125,0.17885206104334075,0.29543956668568916
1.01925,0.07137304278523993,0.49827307280547356
1.019375,-0.25790651677954285,0.3955305713763803
1.0195,-0.454112404717458,0.16950817890233788
1.019625,-0.44080184471670303,0.05304583788501516
1.01975,-0.2501175878942061,0.19441922920873372
1.019875,0.06409056348153858,0.14576601483865323
1.02,0.20920231375242893,0.03717868766844746
1.020125,0.3413263912020468,-0.04596821028359462
1.02025,0.44825252211950084,0.03294071410038924
1.020375,0.33045387986756586,0.12935495160417337
1.0205,0.2578530075217734,0.04503016883830257
1.020625,0.1984819056999854,-0.1956373355097997
1.02075,-0.10419029676732908,-0.3850999592348938
1.020875,-0.2563925100356567,-0.35614463805871965
1.021,-0.3520124362373254,-0.21881641146066214
1.021125,-0.10743882993458351,0.08637251269362027
1.02125,0.2101157057835247,0.23516931963452475
1.021375,0.3551731933435658,0.317890924224754
1.0215,0.17473834643520994,0.38940296600923374
1.021625,-0.08358830848123014,0.3291452640210798
1.02175,-0.24193041928571205,0.22527619115280997
1.021875,-0.18902214793894223,0.19252302318194542
1.022,-0.06141609061419862,-0.047056222887332286
1.022125,0.02661958579333131,-0.23889621391055657
1.02225,0.1617903650451216,-0.31473301507562407
1.022375,-0.033558691194472995,-0.14063778352823647
1.0225,-0.017044158523618413,0.13025110241816643
1.022625,-0.04623771167016908,0.27684410221645583
1.02275,-0.10328086580006654,0.17036746067832104
1.022875,-0.16326400004878622,-0.07376477355223628
1.023,-0.3654272580589364,-0.18175858172739745
1.023125,-0.577798410695501,-0.2062116638919519
1.02325,-0.4236849884921797,-0.09994067314117275
1.023375,-0.10836184448885107,0.03208577979699661
1.0235,0.045038315064818084,0.12577962207301913
1.023625,-0.004730177027395153,-0.016271583767378417
1.02375,-0.20805857575122289,-0.09969914179246425
1.023875,-0.3760126652735876,-0.13943132728677876
1.024,-0.34850863884297717,-0.11093309564638935
1.024125,-0.21321698155456484,-0.21936956462770182
1.02425,-0.08010532891652682,-0.2940191137126118
1.024375,0.03913771136697924,-0.49495059759501236
1.0245,-0.08915407073792925,-0.3197678360583305
1.024625,-0.18571993005160195,-0.10538617076466562
1.02475,-0.11596485680043798,0.03862161820653517
1.024875,-0.1287487282565144,-0.021750077132400913
1.025,-0.2182368150139447,-0.21138755483409336
1.025125,-0.22851764352751805,-0.31212074676321366
1.02525,-0.11095087200775974,-0.3132287873119931
1.025375,-0.03663386371808399,-0.17550214911159037
1.0255,0.08015374273555884,-0.037590482885776544
1.025625,0.166618412910985,-0.031156476359050788
1.02575,0.350663335206765,-0.08712083518858714
1.025875,0.5571826817233498,-0.14331663055880434
1.026,0.6351527410313464,-0.1000616457337418
1.026125,0.5483331391573997,-0.12884736792837498
1.02625,0.3216264022847881,-0.22751997848425318
1.026375,0.13439962871116445,-0.20570587471398527
1.0265,0.05924032193567148,-0.10314548452416351
1.026625,0.1787209896263465,-0.04073134564982033
1.02675,0.41552496518124343,0.0480365770074048
1.026875,0.508078221862276,0.1802567655971847
1.027,0.23362176801315288,0.28057115739631056
1.027125,-0.15807871096327866,0.48429214012685623
1.02725,-0.5495627332131593,0.6234027602454992
1.027375,-0.5191434074477065,0.5197576869170845
1.0275,-0.1271246826331428,0.30058461930948943
1.027625,0.2516673095808242,0.10354706537666183
1.02775,0.3814286931724138,0.009259423331292769
1.027875,0.3230009760391351,0.15351261763786656
1.028,0.21017885823813862,0.3524794599133442
1.028125,0.11028357961030451,0.4578421502179266
1.02825,0.13086569817917043,0.19661210296434523
1.028375,0.04173108185167999,-0.15125475341480626
1.0285,0.16473151770459185,-0.4993043865063575
1.028625,0.07045901905783275,-0.45890507307001654
1.02875,-0.27949052115822076,-0.16032650442954277
1.028875,-0.39387097946478783,0.189469836202599
1.029,-0.01050646176983943,0.2827430398269267
1.029125,0.3052825389829105,0.35900138995538633
1.02925,0.33287626007020804,0.2227706789169206
1.029375,0.09977735993724494,0.10323820000497
1.0295,-0.24809407997315497,0.09327321541627838
1.029625,-0.4094525347688419,0.10912540769851269
1.02975,-0.3750836413168914,0.1772777515052242
1.029875,-0.22407171416660066,0.08688931375367896
1.03,-0.10560214292855971,-0.24515774095899892
1.030125,0.0978414932268872,-0.36368833980675486
1.03025,0.30239574852324236,-0.03126171753453103
1.030375,0.4315476492446081,0.30747561455420475
1.0305,0.31763849619852247,0.3549067266302393
1.030625,0.007317289383941403,0.02067986715594886
1.03075,-0.12280378551665114,-0.25422941851816366
1.030875,-0.08948928802404088,-0.39365492488510956
1.031,-0.02729292756576919,-0.35652293407009006
1.031125,0.015494022974957703,-0.21907542728686089
1.03125,-0.00846668435852008,-0.05563829767955072
1.031375,-0.09591130299827473,0.07190642896919393
1.0315,-0.16626369566644933,0.24744438777399713
1.031625,-0.15959365627245564,0.34153123620957443
1.03175,-0.29846312455033386,0.23865948322972283
1.031875,-0.48029539090207596,0.06542731981219921
1.032,-0.43701084783915617,-0.14983017558232978
1.032125,-0.2953201447326106,-0.08665896076105059
1.03225,-0.15561718380838102,0.03252051097407395
1.032375,-0.22425405749161914,0.06469308228938177
1.0325,-0.33515665816722684,-0.0012058358778882941
1.032625,-0.37307351503824054,-0.06014417732184868
1.03275,-0.24831059790626092,-0.11376295740827927
1.032875,-0.3602689460013933,-0.17104428337726596
1.033,-0.5075176819700041,-0.2636359792880424
1.033125,-0.4907364022102693,-0.38778389016218506
1.03325,-0.2735415366229886,-0.4314416387220324
1.033375,0.1344174712286456,-0.2650131799232968
1.0335,0.4147737057061048,-0.17595429047008646
1.033625,0.36237849666922106,-0.16489628870246276
1.03375,0.3026791962472942,-0.2787128040418495
1.033875,0.27404946354376297,-0.3152688064328029
1.034,0.1312031944176887,-0.23194985638972881
1.034125,-0.0796029410687851,-0.2610187792210135
1.03425,-0.12070178524298067,-0.4485687509337938
1.034375,0.24789532845037032,-0.4381617134414224
1.0345,0.6887447879909493,-0.18659292716527115
1.034625,0.6796122130036059,0.12697182197578025
1.03475,0.32518765098153696,0.3639984487604822
1.034875,0.01410844909905175,0.3293737792236628
1.035,0.20187997651098166,0.2909885642236851
1.035125,0.4305171310628699,0.25336153580593185
1.03525,0.43578477353956974,0.12997677543424446
1.035375,0.1303701132837338,-0.052029724617528104
1.0355,-0.23481550340202947,-0.09745233847015457
1.035625,-0.3033105919788612,0.17826341579564448
1.03575,0.028044864726255444,0.66612630331351
1.035875,0.4181480115230922,0.6177703556929945
1.036,0.45671595346146,0.23994231390414406
1.036125,0.2358508959823286,0.04240486905398562
1.03625,-0.17572991089890305,0.1575545991941758
1.036375,-0.25725712962716096,0.440261541833113
1.0365,0.0023692556152135847,0.40606510552699476
1.036625,0.31152619808856713,0.14259980548478934
1.03675,0.2509672348060394,-0.18539659896622607
1.036875,-0.08928522336326332,-0.25887587489755337
1.037,-0.09046192105559492,0.07392015164968348
1.037125,0.23866973436037453,0.3761529038993558
1.03725,0.27812468430482384,0.4092178711296477
1.037375,0.00788474928370289,0.17255647146335643
1.0375,-0.33031036891964516,-0.17864106273394495
1.037625,-0.3233276024188268,-0.24396583091530652
1.03775,-0.1902556111020407,0.024510428615642326
1.037875,-0.02900488255106783,0.2833196275794024
1.038,0.11959799140382218,0.19285530662556105
1.038125,0.21019926608887873,-0.07994578721617458
1.03825,0.04515499217859856,-0.03340502108880616
1.038375,-0.1748519149220842,0.2131369417261845
1.0385,-0.28365045617657514,0.24012043256516133
1.038625,-0.13745352629861318,-0.013660505004052146
1.03875,-0.1053653658409225,-0.27780583229443007
1.038875,-0.0808756711794425,-0.30741766466399484
1.039,-0.11499476226698213,-0.16841522357199598
1.039125,-0.08133385348926929,-0.02679597940797043
1.03925,-0.08041949511519401,0.11893296579625093
1.039375,-0.13490004431387093,0.1891653783336385
1.0395,-0.26664248288286846,0.04523327206275892
1.039625,-0.39578242346298764,-0.16073028603039372
1.03975,-0.27156375480456624,-0.2747010804230978
1.039875,-0.08906746142448897,-0.15906985337473462
1.04,0.15146710385053955,-0.10170617813733214
1.040125,0.12413031577536351,-0.0984058340542398
1.04025,-0.0698932926124589,-0.09274012131190161
1.040375,-0.3734250839041648,-0.12635925623418887
1.0405,-0.38762919193917006,-0.07663702838336704
1.040625,-0.2792291621034344,-0.07764520516822719
1.04075,-0.276729497285374,-0.270181094113477
1.040875,-0.3848791996795087,-0.3660263961565942
1.041,-0.31116104494729907,-0.2603019996079639
1.041125,-0.206799512395918,-0.03569004019164377
1.04125,0.12052272104528829,0.12533851147179229
1.041375,0.4713950613400958,0.15731050911863748
1.0415,0.33041700502404153,-0.06833982600178035
1.041625,0.021442205205047315,-0.31747803135621827
1.04175,-0.17774260793543825,-0.327518939640199
1.041875,-0.2383410154456499,-0.257176500794893
1.042,-0.16858938723587374,-0.2839493351789411
1.042125,0.08670623971621377,-0.3387580211491198
1.04225,0.3093386755681096,-0.3314582487107782
1.042375,0.45250718207334867,-0.1308907994025757
1.0425,0.4406502957276046,0.1011282293472743
1.042625,0.40605062036992146,0.34570893748063136
1.04275,0.28951912480331615,0.30724086336373635
1.042875,0.26387596344519093,0.11232903751370704
1.043,0.24589964032627834,-0.11298298970447095
1.043125,-0.049581719157683016,-0.20849847751288747
1.04325,-0.11538194320908143,-0.13449872588067158
1.043375,0.04496443723141839,0.13460194159231537
1.0435,0.3432716570063961,0.3357015831561538
1.043625,0.33408248928125156,0.34902298465900516
1.04375,0.06751876630997018,0.39709295146592755
1.043875,-0.25273417495271805,0.36563565982493706
1.044,-0.3070994980496868,0.2936077792670559
1.044125,-0.2816746699109924,0.2905505632753571
1.04425,-0.1027869020102075,0.166260985166355
1.044375,0.08743523558104767,-0.04922635706503443
1.0445,0.16595298664857658,-0.11430316777140594
1.044625,0.17316681198675524,0.040150226418648044
1.04475,0.3179507352098589,0.26867462400682995
1.044875,0.27476197403545216,0.28102717123873716
1.045,0.18060746577753822,0.06462072242153591
1.045125,-0.09210077160456798,-0.16109997939763274
1.04525,-0.18047353234577482,-0.29384832229644187
1.045375,-0.05334419735615473,-0.24730956505038537
1.0455,0.03719093554267015,-0.017843594965857443
1.045625,0.1611701480740795,0.11700287873379325
1.04575,0.21071052191252015,0.08886140060529212
1.045875,0.24327153249412434,0.14094256864399554
1.046,0.31943259415623754,0.2554853706984251
1.046125,0.29706554575035615,0.2967245803080452
1.04625,-0.027190157293935226,0.1649808790866859
1.046375,-0.31095509111966746,-0.08998084283517138
1.0465,-0.42052642842382976,-0.17132518407474714
1.046625,-0.36683925471818424,-0.06004166224221084
1.04675,-0.17419115352162362,0.07782784046111894
1.046875,0.08512080458356797,0.14997091623728356
1.047,0.1818373923051302,0.25883274399376777
1.047125,0.26228136166224353,0.28731557398895835
1.04725,0.05820534874647325,0.30521858778440203
1.047375,-0.09112722963381599,0.2315214279140497
1.0475,-0.19005485397549401,-0.02554345641449005
1.047625,-0.13777413750181797,-0.26396858869741224
1.04775,-0.10854557037169824,-0.3413579853241243
1.047875,-0.057427752208200684,-0.32693696001910616
1.048,0.01671053315765306,-0.14782016288992061
1.048125,0.08722408970337032,0.08038342552263582
1.04825,-0.027991680010027675,0.17435639555668342
1.048375,-0.2323103113907475,0.19255937072368773
1.0485,-0.5141488294227117,0.1408044268965874
1.048625,-0.5257334181047915,-0.11106071342023693
1.04875,-0.578113895426383,-0.12575411736102757
1.048875,-0.513638553911152,-0.13855221162389594
1.049,-0.3027094094654928,-0.10590350651231263
1.049125,-0.24767864121776947,-0.05592167116496594
1.04925,-0.22663378144426152,0.025138437134289315
1.049375,-0.25377447882838056,0.08836289227119598
1.0495,-0.2825446456304247,-0.026630795471133752
1.049625,-0.23387035146905924,-0.26531801713085545
1.04975,-0.18219807762749085,-0.43268174728502207
1.049875,-0.11528562729230935,-0.5137428341381595
1.05,-0.05690613335857831,-0.5071302575963006
1.050125,0.11924713396690695,-0.42987934820679424
1.05025,0.31258139507514054,-0.32565587669538937
1.050375,0.34520965867043185,-0.22673707424924106
1.0505,0.29708235863149957,-0.22072705295102646
1.050625,0.0526300015675316,-0.21215825684098769
1.05075,0.007268943563676978,-0.25891941529690593
1.050875,0.17751351472209803,-0.203096166639968
1.051,0.33848846790962067,-0.13087654954903016
1.051125,0.3241901212294504,-0.057171184453399755
1.05125,0.5671906574607164,-0.009371498677041212
1.051375,0.58287613084251,0.1425891522276343
1.0515,0.5036432734224908,0.29213131836203654
1.051625,0.42075091388163,0.3402871789364392
1.05175,0.19303848121978887,0.19796195830132654
1.051875,0.042889828759135294,0.03107335065920719
1.052,0.025113561826026445,0.027856504530092554
1.052125,0.11635907509272735,0.1558070832535826
1.05225,0.06542696335542954,0.2462299052378456
1.052375,-0.006898615917446392,0.3504526590304959
1.0525,0.14631794589294334,0.5323083193673125
1.052625,0.20718024394509518,0.5189096168011904
1.05275,0.09903604647802021,0.45302043099920347
1.052875,0.020410286469753902,0.3565996997172206
1.053,-0.033421143630757384,0.21144706224430732
1.053125,-0.10080030996590852,0.04534454473847776
1.05325,-0.18783237843883827,0.1278988285137718
1.053375,-0.20375667221246024,0.05264474094434028
1.0535,-0.08872338354931537,0.12214919731762773
1.053625,0.2919558485956572,0.01880456105826147
1.05375,0.49143668505599136,0.07715977255750991
1.053875,0.3218681612539457,0.2276803966925805
1.054,0.061810264234308854,0.12690059389772848
1.054125,-0.24672466126889114,-0.005688639045286547
1.05425,-0.3462115808598786,-0.023721516590655373
1.054375,-0.17786209194715363,-0.12177688832384713
1.0545,0.03847686025600448,-0.16622406139859697
1.054625,0.04080613433546724,-0.18179994911251893
1.05475,-0.07409955711588471,-0.08374424444285374
1.054875,-0.10570404300429656,0.23258753923963402
1.055,-0.01610825774213738,0.47310337572681604
1.055125,-0.065633661470195,0.2660141306492222
1.05525,-0.2843582808409159,0.02827057207026518
1.055375,-0.4253989110005143,-0.2608296336631111
1.0555,-0.4272358259425356,-0.29432990527321284
1.055625,-0.0443639437254022,-0.1410225021149544
1.05575,0.33256441175919094,-0.012073855539870827
1.055875,0.4290813384049672,0.041471575824202356
1.056,0.20459714159689874,-0.06200458366290374
1.056125,-0.16812428499373688,-0.03867157957754037
1.05625,-0.4999051616489754,-0.02702107202730451
1.056375,-0.45565969479779794,-0.07032249672569163
1.0565,-0.14187601843730924,-0.22216533664193097
1.056625,0.08262841058592037,-0.33114521464560565
1.05675,-0.05145139419905485,-0.37571740133762077
1.056875,-0.2755149520241286,-0.04506804657907548
1.057,-0.33827266358492886,0.2988245909244314
1.057125,-0.20331465459503234,0.452760841691666
1.05725,-0.008231059480680607,0.17230197670760208
1.057375,-0.09372209387787145,-0.15283560337562424
1.0575,-0.41975407937761705,-0.4312068751211802
1.057625,-0.6364218035136415,-0.44096699050628785
1.05775,-0.36426015013655294,-0.09713102313594744
1.057875,0.0841158519337807,0.034038112883492413
1.058,0.335471167153474,-0.058457509070095795
1.058125,0.2990793455983335,-0.23505836115852222
1.05825,-2.525989957276819e-05,-0.2769562054614496
1.058375,-0.23832102451448675,-0.16603561487926327
1.0585,-0.16768868835437745,-0.024903731944906218
1.058625,-0.011757826023818205,-0.05921309069301373
1.05875,0.18915800164831087,-0.4283152492863245
1.058875,0.30832593293208566,-0.5821009699381913
1.059,0.39861437695827884,-0.3455218775618529
1.059125,0.5027351540873445,0.10123671262574001
1.05925,0.5004610876437655,0.2835634592136928
1.059375,0.39587998941311936,0.2691782953436159
1.0595,0.23417330546412776,-0.014495969410061425
1.059625,0.01611209695401528,-0.19996766911550787
1.05975,-0.06008378309867293,-0.15570697155527174
1.059875,-0.011828686666495896,-0.05047480351331166
1.06,0.07404452754419981,0.1927705103815875
1.060125,0.08979662609024612,0.2766370387917757
1.06025,0.07368234627010568,0.34775833358229197
1.060375,0.0766442369732409,0.38485214519734195
1.0605,0.12118357181494459,0.40434348396768316
1.060625,0.18440576912093776,0.40431131799162745
1.06075,0.1737211917066133,0.262724385266745
1.060875,-0.09307905568658902,-0.015487601757868048
1.061,-0.17654712854743626,-0.03702366756859594
1.061125,-0.1322702739705755,-0.011404249084590836
1.06125,0.08983447078728193,0.05110473957952926
1.061375,0.2477485502902118,0.04708820702067497
1.0615,0.36393887563610045,0.0421458254282009
1.061625,0.08334436798110015,0.07299506593703955
1.06175,-0.28647909857077875,0.1139643355780213
1.061875,-0.4297221047043992,0.17559104761940295
1.062,-0.2755231215771175,0.17723517336469563
1.062125,0.11128241782707675,-0.023028071556347375
1.06225,0.35742058627722184,-0.165725052681335
1.062375,0.3004494630985584,-0.10123361138389741
1.0625,0.2598729255065356,0.11777977374586474
1.062625,0.30016953726997736,0.2815540009087262
1.06275,0.18858347571595951,0.3268618172733575
1.062875,-0.06173060059129996,0.03622112052495092
1.063,-0.3000934618636095,-0.25802187391514075
1.063125,-0.3196228754140047,-0.37450237972293277
1.06325,-0.17640674741856954,-0.1927539701693656
1.063375,-0.060773947687014704,0.09415407853690484
1.0635,0.19180460818962977,0.2968302793540102
1.063625,0.2714527362553975,0.2471590852496605
1.06375,0.029749792561267294,0.2039372171793078
1.063875,-0.1425785081316546,0.2585888140337364
1.064,-0.14508688208104537,0.16743205376345924
1.064125,-0.13229017216690536,-0.008780308482686358
1.06425,-0.020345053550268225,-0.2539252824587227
1.064375,-0.05363150045934783,-0.30116828157206565
1.0645,-0.1241170116831268,-0.1512748471001717
1.064625,-0.19009925543355655,0.018177231314837946
1.06475,-0.122565385039413,0.10886876718251844
1.064875,0.028601040342500023,0.21692081785962275
1.065,0.06079663300913368,0.06653855840557422
1.065125,-0.1343660515770863,-0.11098357939319034
1.06525,-0.5594943236904706,-0.1043152482415048
1.065375,-0.8042683073861233,-0.08771810255038444
1.0655,-0.6104723475058002,-0.06456841498631395
1.065625,-0.27274316006476884,-0.03711288600001064
1.06575,-0.036641940375979155,-0.07561587123550996
1.065875,-0.10768869511267154,-0.13504072529582012
1.066,-0.3180502593339017,-0.1084138293820529
1.066125,-0.318504691714412,0.04201673124646058
1.06625,-0.18509129062370072,0.010100500935564697
1.066375,-0.16736244791483187,-0.16578463333003948
1.0665,-0.15447709346669186,-0.5343604274754205
1.066625,-0.09922636544980545,-0.7390293541484497
1.06675,0.09197660518628034,-0.49970406755027713
1.066875,0.30762081337530356,-0.23338040960867695
1.067,0.5317060833525953,0.01897798127453207
1.067125,0.4529930510568025,-0.12145022370203448
1.06725,0.15598166262765395,-0.2927598152141188
1.067375,0.058108260910197766,-0.305312150405414
1.0675,-0.03253038529903374,-0.1953713247535196
1.067625,0.023278037206797997,-0.21412169254549446
1.06775,0.32516341667303494,-0.13521883312965224
1.067875,0.47422825575010585,-0.1255874259818915
1.068,0.35775534183809177,0.0955657361914786
1.068125,0.2763021630289885,0.2780042281868926
1.06825,0.1861984329518397,0.4464635640039184
1.068375,0.26518342353825775,0.3351249844664415
1.0685,0.2677680518527017,0.15575150952698372
1.068625,-0.0428569797504246,0.0789600275590568
1.06875,-0.1987823720436434,-0.03881910438605256
1.068875,0.001815733156883996,0.07285158070100793
1.069,0.34954373366853325,0.29915850097175123
1.069125,0.5348695926155679,0.4364528740275334
1.06925,0.21658710617613913,0.3750393568129207
1.069375,-0.13150912746563242,0.26749376436356587
1.0695,-0.2636762098626655,0.21897929687235998
1.069625,-0.22406488502600294,0.23603899718997928
1.06975,-0.05818754231383085,0.17399747241343244
1.069875,-0.009640636136348921,-0.07246811549410445
1.07,0.006750399026887149,-0.1573434132745368
1.070125,0.08786728014851801,0.019089253842462645
1.07025,0.36344263089435763,0.3262930501024283
1.070375,0.501623945164877,0.43535811670216357
1.0705,0.356703477130084,0.18439874983754712
1.070625,0.037480871331948426,-0.06813996219034008
1.07075,-0.41855885276238874,-0.24195143978747266
1.070875,-0.5720766762813162,-0.18460847494398971
1.071,-0.2850545136702472,-0.05122174549800883
1.071125,0.20625914875285517,-0.024140328743670083
1.07125,0.43249129012057924,-0.013601374844084184
1.071375,0.3518206603035123,0.0796162188710741
1.0715,0.08538377894352997,0.3093845204005553
1.071625,-0.09841260023698392,0.49336393024206515
1.07175,-0.17109162876842504,0.38569595409750607
1.071875,-0.21509602236236947,0.0054588603439615704
1.072,-0.28973958336454547,-0.4178496141908707
1.072125,-0.24729472786779882,-0.5669956517574058
1.07225,4.9250185163555486e-05,-0.2698330050540252
1.072375,0.33851826602777546,0.23023521642597342
1.0725,0.2931114345124108,0.39367593320152827
1.072625,-0.08300890491943667,0.36479298598849696
1.07275,-0.4207778761045241,0.10223678825297706
1.072875,-0.45506575068564364,-0.10457329502163239
1.073,-0.33185197893694685,-0.1459267088035158
1.073125,-0.2691002540703694,-0.13786336378871406
1.07325,-0.24143659997639755,-0.25002747668002095
1.073375,-0.30519455121603634,-0.20593179755820787
1.0735,-0.22560680389129384,-0.02034080640242354
1.073625,0.0861988297950225,0.2569824906031106
1.07375,0.19513421807927936,0.28421569761407517
1.073875,0.07917512313400218,-0.08008774385321114
1.074,-0.18300338696389973,-0.4046936629274295
1.074125,-0.48612752468117715,-0.3613271277172487
1.07425,-0.846013737270739,-0.2703586319426318
1.074375,-0.8039278870009299,-0.20768924952638154
1.0745,-0.4068288986272322,-0.22551343743016408
1.074625,0.13971376387410794,-0.3240366711168152
1.07475,0.3571084094453024,-0.1929865008063096
1.074875,0.13253805585658318,0.0542167782275103
1.075,-0.2166969069286316,0.16623921452302376
1.075125,-0.27178973433935616,0.04671437793250962
1.07525,0.06196757873780669,-0.18815917006897667
1.075375,0.3647626055490003,-0.4423838030307301
1.0755,0.44675504830143886,-0.7518733882009238
1.075625,0.36641918964995746,-0.7262673587407406
1.07575,0.27852739264017956,-0.3160090073200125
1.075875,0.3749812953663806,0.1417200395838706
1.076,0.44685356960544975,0.3210133955999109
1.076125,0.3247237775603939,0.07360428799787443
1.07625,0.24762929646040371,-0.16834899174448903
1.076375,0.08205349070734375,-0.17668144325964613
1.0765,0.2551589710109387,0.028414139840431642
1.076625,0.33877775769240837,0.3187160318806537
1.07675,0.3288521467083594,0.4203806432715504
1.076875,0.18054114968706406,0.2952800725631554
1.077,-0.03669351818136552,0.2435069428014568
1.077125,0.022543565328573597,0.39138901085030203
1.07725,-0.010374007938397385,0.40636319211379446
1.077375,-0.04521499527158616,0.31604944928775214
1.0775,-0.20394180856291286,0.14461508283505337
1.077625,-0.2055191946419506,0.06264617240245172
1.07775,0.028616414552568387,0.1792746499327986
1.077875,0.3938498631141339,0.2830744820171669
1.078,0.5282133279613966,0.2788343916001613
1.078125,0.3825638701036296,0.15213666300249473
1.07825,0.17635718347199045,-0.029079637481080337
1.078375,0.006831868638877707,0.0002200748702763083
1.0785,-0.24405889839595768,0.004364717880905183
1.078625,-0.2765477439222009,-0.06155615324394307
1.07875,-0.12534762342819925,-0.22153911986474387
1.078875,0.018545265161924656,-0.20431694990375948
1.079,0.02318687464240811,0.06076369844842869
1.079125,-0.03351505556371579,0.42628680488405846
1.07925,0.08208347345302038,0.4351040610266091
1.079375,0.13496135457161543,0.3110717682476839
1.0795,-0.07559013144820889,0.17050975901189966
1.079625,-0.3365871466288431,-0.02915558158436792
1.07975,-0.5014802971062579,-0.18816479432668837
1.079875,-0.38111255547669864,-0.18825750953127024
1.08,0.10560596069661629,-0.1225680553492886
1.080125,0.3558182584211716,0.013336079952233081
1.08025,0.35378882970123643,0.021662084251110637
1.080375,0.13075772842842398,0.010713085974774363
1.0805,-0.1290914164561948,0.07849418665119853
1.080625,-0.1607059508320552,0.16763635500617
1.08075,-0.06615848397016709,-0.036360541340313954
1.080875,-0.10193059195620952,-0.29533879983967243
1.081,-0.19727742106589874,-0.4764229659411444
1.081125,-0.16292075833077824,-0.33365613938477445
1.08125,-0.039172249738084794,0.05130194996019931
1.081375,0.09373560766255837,0.3514939408929966
1.0815,0.07645414522277977,0.28713595189518965
1.081625,-0.2307376347588313,0.14110772104019823
1.08175,-0.4824091752731081,-0.09754419537246864
1.081875,-0.4375755149280995,-0.1307448583333315
1.082,-0.21462581109150775,-0.050093466426976235
1.082125,-0.0469860069891647,-0.07149520843318001
1.08225,-0.20571672988430745,-0.2204354679784409
1.082375,-0.3735107407588779,-0.2011995687736821
1.0825,-0.32584219256812513,-0.05035246298494276
1.082625,-0.03924912016318332,0.10727209825476924
1.08275,-0.0452881271387356,0.11478444244104664
1.082875,-0.34693830804505793,-0.1906250913180132
1.083,-0.5718610834773675,-0.45600733002018834
1.083125,-0.5679713846949749,-0.4236442610629402
1.08325,-0.23602726938931834,-0.1557125938778184
1.083375,0.039887926971535356,-0.05645512676521956
1.0835,0.27061230321555935,-0.1707247336574343
1.083625,0.39791443796434706,-0.34186991630761165
1.08375,0.35819530649046943,-0.25236050338848703
1.083875,0.1717992874908586,-0.033475671234619454
1.084,0.033269586481524664,-0.026572479315841047
1.084125,-0.00375936389282909,-0.28094333384036146
1.08425,0.10006055027048177,-0.5389217572082375
1.084375,0.34287593674894884,-0.4887184285137458
1.0845,0.4758974000639419,-0.25210983019751754
1.084625,0.5306775131942194,0.0751500059062188
1.08475,0.48818064101504766,0.2485034814321468
1.084875,0.24321608392617672,0.34634440034019515
1.085,0.033657449222366666,0.3194863364162377
1.085125,-0.16066345179142186,0.2216660863823856
1.08525,-0.22323009810455838,0.026146190632988797
1.085375,-0.21340025558786865,0.010256607878789872
1.0855,0.06866957821696955,0.08485682462701839
1.085625,0.421871304095292,0.24329270511552278
1.08575,0.5542765008510148,0.4456905173613216
1.085875,0.38735513090460344,0.4923891351771481
1.086,0.18533166340923082,0.40717504191262943
1.086125,0.07986872190585068,0.2200333973644515
1.08625,0.0008172560673607498,0.03033805527732974
1.086375,0.018782715944727774,-0.20521613111178658
1.0865,0.020764542067899006,-0.24483290932525978
1.086625,0.0257480043625386,-0.1506827596595773
1.08675,0.19384956868917583,0.07096212740128091
1.086875,0.22992254351586539,0.3884994832144687
1.087,0.1744267140098445,0.48226037171632663
1.087125,0.08404312885083375,0.3409750231977333
1.08725,-0.16003153403972445,0.15286164930349794
1.087375,-0.3113196738892738,0.09390039791349983
1.0875,-0.3262628473731819,-0.007777370258514478
1.087625,-0.16508781268895767,0.010750484790977174
1.08775,0.1156711424879491,0.019956525804731364
1.087875,0.36100342872005564,0.07809823009283803
1.088,0.40939154663888805,0.13523055879433324
1.088125,0.2225501316071701,0.1595885419352969
1.08825,0.00635023589969866,0.13032623007505587
1.088375,-0.3784820272042822,0.0627030209838621
1.0885,-0.6449631043485179,-0.12328058612002178
1.088625,-0.6670327490111176,-0.30954474992928466
1.08875,-0.3578916709332571,-0.24981154838724026
1.088875,0.04312762930868768,-0.14174013665865673
1.089,0.19687243954687716,0.09727891209143942
1.089125,0.04001176568965494,0.3254421463713099
1.08925,-0.16296182593985034,0.3532867046766224
1.089375,-0.09676664876278232,0.23874678837210436
1.0895,-0.1444554940900379,-0.06837058292704729
1.089625,-0.272611428242,-0.3151109743202674
1.08975,-0.2484892582719867,-0.5548946391600806
1.089875,-0.19734059678767477,-0.6185902730410023
1.09,-0.04741597086465199,-0.35176395518325365
1.090125,0.13394256445143923,0.033466586523386355
1.09025,0.16586004670620616,0.17140911037486828
1.090375,0.19861119906014615,0.04474413269965896
1.0905,0.005045501674492912,-0.09777375086153353
1.090625,-0.41234912556899395,-0.08923690284207168
1.09075,-0.7275393785857098,-0.09212025436721158
1.090875,-0.5511458652815943,-0.24844459913236247
1.091,-0.11021994061352461,-0.19494117657998722
1.091125,0.15172571166395707,-0.13269731265293697
1.09125,0.03646446228285356,0.01716511391752782
1.091375,-0.24394679074778985,0.14223056140101567
1.0915,-0.36577195211877167,0.17428507913782446
1.091625,-0.28101261719331394,0.1861350404914126
1.09175,-0.029232720348621326,-0.022008372703564608
1.091875,-0.06487953819440215,-0.35717959316116266
1.092,-0.09308768894495673,-0.5692144961679848
1.092125,-0.11794070009943915,-0.5311049739289029
1.09225,0.06798522938315109,-0.09837544563457648
1.092375,0.4113192476258863,0.1703413670338096
1.0925,0.5835395803285124,0.08366595400920677
1.092625,0.3631618769891623,-0.23559523642792332
1.09275,0.15759301171986898,-0.3575371956126806
1.092875,0.3371453765812789,-0.21930999465434195
1.093,0.4420141593870016,-0.034541109868813376
1.093125,0.3126660935964897,-0.039144796586481366
1.09325,0.1932140558226692,-0.12452615273808833
1.093375,0.13207451584079244,-0.1374153493335577
1.0935,0.23476900248112617,0.03271144417087515
1.093625,0.36607503238728856,0.42697372290541463
1.09375,0.3742830182851305,0.5202966532448136
1.093875,0.23102210210515767,0.31879492980187907
1.094,-0.0364004521110942,0.18754322028253625
1.094125,-0.15131905896949085,0.29350512643100246
1.09425,-0.2834507738843918,0.33973774691666536
1.094375,-0.35424129877768584,0.32757014379387656
1.0945,-0.16727013851082845,0.18653126261288944
1.094625,0.1180876789312663,0.08363415680805489
1.09475,0.2533851424212702,0.23013714610933286
1.094875,0.16788627846340712,0.34045089284733404
1.095,0.007152914366849326,0.3424095915851087
1.095125,-0.09604954313353875,0.16904340435747692
1.09525,-0.012582399629035151,-0.012460338685017438
1.095375,-0.0005655819322740018,-0.13752674619078972
1.0955,-0.12027004130347102,-0.29172792615504567
1.095625,-0.10249693685846877,-0.26894348429150394
1.09575,0.2033884476091391,-0.14760501667395293
1.095875,0.4103032330902532,0.10782288302946459
1.096,0.40357218655369126,0.25303131726445854
1.096125,-0.01885310106173153,0.14782660961013006
1.09625,-0.3747414401443436,-0.007765690778146607
1.096375,-0.1496506285658964,-0.04537280247509567
1.0965,0.19463142408630632,-0.0656386018823818
1.096625,0.4137843650556625,-0.0741131939576784
1.09675,0.16768834374805774,-0.1284198708150853
1.096875,-0.12179087005148333,-0.09403950074874722
1.097,-0.12273750012912413,0.13071002472818088
1.097125,-0.05288784208966807,0.3632939976667236
1.09725,-0.08245409387843183,0.35999251348829386
1.097375,-0.2887223846793961,-0.028356303140204663
1.0975,-0.4458337886825318,-0.2756708482854141
1.097625,-0.5877583969243086,-0.1336769968022399
1.09775,-0.3115068097195809,0.21161986961763535
1.097875,0.18706587009232126,0.3313793632147556
1.098,0.2870423573887848,0.17735658916054167
1.098125,0.05004929839781801,-0.08481545538983705
1.09825,-0.286741140720846,-0.14416925121559038
1.098375,-0.4728626272045698,-0.09349976938122599
1.0985,-0.47698338863318424,-0.08411305071241487
1.098625,-0.44511957830539745,-0.21790614929867672
1.09875,-0.5369013497689452,-0.4192536131811035
1.098875,-0.32798104511604215,-0.5962843685631817
1.099,-0.06828500509494072,-0.22526042303034507
1.099125,0.1493378038154252,0.1500588934615599
1.09925,0.22633795120103364,0.2902923512364983
1.099375,0.007803052028455596,0.0425421929316968
1.0995,-0.23936975402335753,-0.2441303397632371
1.099625,-0.34736049496100246,-0.4386745045474097
1.09975,-0.27319407384598837,-0.4209316383208443
1.099875,-0.048909919932950484,-0.4082619906662321
1.1,0.18978800861342573,-0.4915584288669122
1.100125,0.34773973152857657,-0.34659610137575186
1.10025,0.18344223606369925,-0.02084649591347402
1.100375,-0.022852955532749263,0.12311351462854264
1.1005,0.08145426688438022,0.15642702050202917
1.100625,0.281854046673582,-0.021654978049203674
1.10075,0.2706495415981044,-0.22318458331873076
1.100875,0.15771543877647712,-0.27073606123859584
1.101,-0.05364479905767102,-0.27169934411591573
1.101125,-0.005426611201267086,-0.0418509792463215
1.10125,0.29231074277359903,0.19841636536987448
1.101375,0.47871575602488514,0.28771641092212763
1.1015,0.5588171608452334,0.17864565195045481
1.101625,0.4145191546780671,-0.027970045000906173
1.10175,0.18082536496549811,0.0388589198115398
1.101875,0.004170513892767817,0.23013452866286296
1.102,-0.028266932898005973,0.27845608478753936
1.102125,0.19283407755434306,0.14531664292398824
1.10225,0.3076343165080803,-0.061226439367227756
1.102375,0.33674666570994677,-0.008244926377849512
1.1025,0.1786945783758253,0.23214463154510057
1.102625,-0.04315070545273754,0.4493876253447916
1.10275,-0.07772734789681601,0.46286055732675696
1.102875,0.033327961511114425,0.37449095977497104
1.103,-0.1171156251578283,0.12450551762873739
1.103125,-0.41769993550079126,0.028777025993885513
1.10325,-0.4478041089441416,0.0348886848949544
1.103375,-0.16806613840667786,0.17438256434834293
1.1035,0.15717496115120494,0.26980266499755295
1.103625,0.2716793965490492,0.3087644066697391
1.10375,0.13612325870209177,0.1851258497007763
1.103875,-0.17883094830880747,0.022845769923281446
1.104,-0.20139580353959996,-0.0964935746892198
1.104125,-0.0847674283941047,0.013901796110111398
1.10425,0.17687039359443807,-0.16783214128598878
1.104375,0.36896719421627866,-0.32902613507553224
1.1045,0.2987457332914564,-0.3690341352917766
1.104625,0.19566084678883194,-0.14924338016729918
1.10475,0.16886944080521715,0.1477991849290463
1.104875,0.18608194017496216,0.2703969197554644
1.105,0.03832147317219048,0.09993275127533244
1.105125,-0.25894329815411243,-0.07403435015472785
1.10525,-0.45636133921790617,-0.1997270801098841
1.105375,-0.427218210267145,-0.039373441374996355
1.1055,-0.12394283978327443,0.15376358974009482
1.105625,0.2340629325979099,0.29785334484292225
1.10575,0.30740549534252204,0.30705227457755674
1.105875,0.21136706067855543,0.1827952790462906
1.106,-0.06772190865605414,0.1349846836626791
1.106125,-0.19787242958735116,0.19508911043497398
1.10625,-0.2805381874710124,0.06093961422405034
1.106375,-0.3745538442294535,-0.25499735987176786
1.1065,-0.42244421377169383,-0.42009926993699803
1.106625,-0.21777159557567222,-0.3699609251488446
1.10675,-0.19323378110635775,-0.06481858154563451
1.106875,-0.34673381234871176,0.19235642135161185
1.107,-0.41991458599042036,0.30116015239007904
1.107125,-0.3856102500282895,0.17836330446335522
1.10725,-0.4356655862615738,-0.03145767411287019
1.107375,-0.3163269678942478,-0.18470072134370946
1.1075,-0.3746055089234662,-0.2588728427542293
1.107625,-0.3546869122433307,-0.3433734677033092
1.10775,-0.07310384725946331,-0.34636105031612974
1.107875,-0.006593041188778281,-0.23422925098139208
1.108,-0.058945562032651874,-0.2483226354010497
1.108125,-0.10577343911154241,-0.2975945518108012
1.10825,0.11979130287282319,-0.39261733447672714
1.108375,0.3419963944998178,-0.39211522785477126
1.1085,0.3095741672762597,-0.332013202781157
1.108625,0.03284041959428439,-0.30364271714837454
1.10875,0.06664148479587179,-0.33562553963094055
1.108875,0.19824929586907908,-0.31337524678416856
1.109,0.660842954144996,-0.09488661261045979
1.109125,0.7840935213319122,-0.01072332009140133
1.10925,0.4710127189664983,-0.06145607855602052
1.109375,0.02711370054024067,-0.07265077400276758
1.1095,-0.18677955545850558,0.11127973468188535
1.109625,0.04195403072677721,0.27723873518621056
1.10975,0.07150210875812077,0.2525314606671277
1.109875,-0.06802935289978439,0.018062025179660393
1.11,-0.013713727254359945,0.049160415670783
1.110125,0.16185092228780112,0.20919776728630626
1.11025,0.3608860849294135,0.5015989162075277
1.110375,0.39726765260399577,0.7434392001408278
1.1105,0.26090212280864683,0.4491313810304664
1.110625,0.1488763258872367,-0.028876120800981165
1.11075,0.11652737194193252,-0.13582919088857007
1.110875,-0.021748841401493725,-0.02704151367926393
1.111,-0.20908005442342986,0.09037559419773802
1.111125,-0.10508721255552016,-0.041500227597965955
1.11125,0.107049874329214,-0.03323343611953134
1.111375,0.3895256368143987,0.15306814159816837
1.1115,0.333975568564718,0.31924512263919336
1.111625,0.08116532044958637,0.31602516945975445
1.11175,-0.09568171441769914,0.19635886789957943
1.111875,-0.10790838200335454,0.09384029039640375
1.112,-0.08599835954320585,0.045445902730381585
1.112125,-0.13769951851191048,-0.0634335717624499
1.11225,0.007321031574620241,-0.1759609753571627
1.112375,0.27263940455115426,-0.1393013951573799
1.1125,0.3144176924149554,0.14333188852320322
1.112625,0.06785416506292863,0.34023762221494347
1.11275,-0.20423835612573848,0.3233942965621994
1.112875,-0.402925977186054,0.09808954953834831
1.113,-0.46349795697582485,-0.07987314916726469
1.113125,-0.4008865560228273,-0.10803673204112198
1.11325,-0.24644879689371607,-0.11675356211855602
1.113375,-0.11941513762137144,-0.13595717046347205
1.1135,0.028011138994685957,-0.009898228065385557
1.113625,0.14705411630441007,0.26868280686005785
1.11375,0.2079553668272194,0.27236061569519676
1.113875,0.23239751203496423,0.06463779939897624
1.114,-0.010578493067999094,-0.1561996868664612
1.114125,-0.17241232723597416,-0.3248649698546699
1.11425,-0.13296008048753294,-0.3979005427665944
1.114375,-0.1097792175629692,-0.34960882398128157
1.1145,0.004245208714826312,-0.25815732755981347
1.114625,0.09057654556356043,-0.11060052472360857
1.11475,0.0347036973880321,0.00012045569000425943
1.114875,-0.16884777758559708,0.1492328643386326
1.115,-0.2256310599804755,0.21764504703693574
1.115125,-0.1933415277239977,0.15289932178934043
1.11525,-0.16958173958316608,-0.046551155223193474
1.115375,-0.2535263119581819,-0.10858761458800305
1.1155,-0.4378945675835455,-0.12042409172896958
1.115625,-0.40855754137896977,-0.07956197105176768
1.11575,-0.28021967640527706,-0.030977161408347886
1.115875,-0.10730383888142396,0.12998977908669757
1.116,-0.0210952713037148,0.030878827104408264
1.116125,-0.025017470510131097,-0.18136219703524997
1.11625,-0.26364075501691336,-0.1937945355884223
1.116375,-0.441567215049825,-0.19199091187542053
1.1165,-0.33207890745474744,-0.15019653632147068
1.116625,-0.010898788532833492,-0.210277482328109
1.11675,0.19519593367173257,-0.35290351346348875
1.116875,0.17045457433755443,-0.35539513355433305
1.117,0.14309087447212065,-0.23284001921899464
1.117125,0.20057521500944855,-0.09921281119822506
1.11725,0.25639076809633704,-0.026895558337619054
1.117375,0.2514899553242249,-0.03034350696887721
1.1175,0.03619175204746848,-0.2914947711600871
1.117625,-0.07244538659338154,-0.38635650412805633
1.11775,0.016170711443245646,-0.27893174492564177
1.117875,0.29318140273683324,-0.009300311587757314
1.118,0.42336404495236307,0.19889043885945842
1.118125,0.2097902703528805,0.14562120213228033
1.11825,-0.04624301277646449,0.09493178632140495
1.118375,-0.0466839633211241,0.15725061664505952
1.1185,0.23141662769575483,0.23066871530553515
1.118625,0.3652050114638856,0.2423149901372366
1.11875,0.2365963493989634,0.09135973780221358
1.118875,-0.005272983221911853,-0.09402317677021488
1.119,0.0701175967124388,0.01997083977806942
1.119125,0.2290901142719845,0.24349901541989966
1.11925,0.3109601412675372,0.3540314332647838
1.119375,0.2768641785012901,0.23823541136168747
1.1195,0.009519829789176931,0.05307113478878927
1.119625,-0.18075394294257496,0.005851256964345305
1.11975,-0.14474905228289525,0.18513311323712217
1.119875,-0.0038418610909729907,0.3037331375540926
1.12,0.15173057392639674,0.19413943885405485
1.120125,0.3699344640744939,0.0525923198867281
1.12025,0.3554781474712906,0.018894837588591746
1.120375,0.1937395375263634,0.17995583314253932
1.1205,-0.21425135474173343,0.30568391467224554
1.120625,-0.2360189507174267,0.24697514064821188
1.12075,0.03931981425068728,0.04186358508280511
1.120875,0.08329239456379738,-0.17605793956842497
1.121,-0.18067276714332983,-0.1766547417795834
1.121125,-0.3588012717173305,-0.0035305229693672717
1.12125,-0.25252894008620713,0.1509789864533583
1.121375,0.10614352701679655,0.38439183402821436
1.1215,0.4391554264069011,0.3165093025612051
1.121625,0.2278593990350327,0.1325675739787577
1.12175,-0.2018614133968155,-0.12858129299824606
1.121875,-0.3382011259770636,-0.20816611587330267
1.122,-0.24863939648603134,0.011106931171753985
1.122125,0.04176703685841923,0.06795438186272056
1.12225,0.18105569160148974,-0.18338125142857833
1.122375,0.14999067574520533,-0.3435854306376572
1.1225,0.10191668778941212,-0.26135876547682957
1.122625,0.0464711954652245,0.1001924064125361
1.12275,-0.14816260795425787,0.3696668342300793
1.122875,-0.4419324558679154,0.2103378374732425
1.123,-0.6249541095387513,-0.1526719545640958
1.123125,-0.5824126494340274,-0.3206214555787049
1.12325,-0.37462133779695617,-0.22528401294741596
1.123375,-0.2409460302868104,0.0761959922338337
1.1235,-0.13757164518076012,0.2220343420194569
1.123625,-0.1824129427394402,0.14925675844502845
1.12375,-0.4276603800371742,0.13103095303212792
1.123875,-0.42111646447180073,0.08248693035338976
1.124,-0.3269738995394575,-0.11963256042270223
1.124125,-0.17578238933633686,-0.3930858693757583
1.12425,-0.05198153575224788,-0.5624276247604294
1.124375,-0.07357849681490675,-0.55334137785819
1.1245,-0.10162595313279275,-0.357254310581568
1.124625,-0.03763206385811261,-0.22919530328000426
1.12475,0.22061278847719815,-0.11461741195515139
1.124875,0.2184199981107814,-0.12995689571603822
1.125,0.09290970303470845,-0.3361441962902427
1.125125,-0.10284568327900574,-0.41221370905628846
1.12525,-0.18607193946483427,-0.284341600006604
1.125375,0.03822048557405931,-0.10830362320755188
1.1255,0.21481638355111538,-0.04410603630549414
1.125625,0.3203607507132471,-0.06565716169991422
1.12575,0.36911981330183724,-0.10587645706862014
1.125875,0.15992193293189402,0.04318946208386997
1.126,0.0012773243616707277,0.1794295738307558
1.126125,-0.026952484852031323,0.21059654068168002
1.12625,0.11295856190620025,0.04628023429190987
1.126375,0.27227167952806763,-0.065964271338127
1.1265,0.25711398535023366,-0.10280612494976876
1.126625,0.2783915017593781,0.04038284509966613
1.12675,0.3259190697265183,0.18019650962733252
1.126875,0.44146348244713196,0.33583905185778734
1.127,0.4138107781058224,0.32503877385411334
1.127125,0.3162326618777685,0.13150283317323253
1.12725,-0.20408144171237755,-0.02136234218795584
1.127375,-0.35307340943777643,0.0009095686962882148
1.1275,-0.21315370577907683,0.11335262631279504
1.127625,0.18358361292358158,0.1840749622534339
1.12775,0.4235065310013004,0.22377085212477069
1.127875,0.16491409602897622,0.24924266636177053
1.128,-0.18021120648000744,0.30425213839408055
1.128125,-0.036113500311184384,0.4196085883504892
1.12825,0.20964747424742528,0.4878991737653428
1.128375,0.26415617427595034,0.2714270304807673
1.1285,0.01885717451930216,-0.1577959480251653
1.128625,-0.36524050744996406,-0.41945736818710105
1.12875,-0.3348106841411079,-0.215171614399162
1.128875,-0.013799514280422497,0.18392004698392886
1.129,0.20005362591077652,0.3575880586297089
1.129125,0.2224556602655945,0.17486578139205033
1.12925,0.21519177583380997,-0.1275070160640652
1.129375,0.13102909576041982,-0.020873652725757783
1.1295,-0.060842717266179264,0.16030556206178312
1.129625,-0.15319625166769435,0.2691291694921996
1.12975,-0.15268646108539857,0.010081223893661204
1.129875,-0.03569455991786743,-0.3357272669316396
1.13,-0.00753375383137894,-0.2642687005033231
1.130125,-0.060896931294931386,0.013309610880429666
1.13025,0.020959229182283767,0.16741912682465984
1.130375,0.08767571348033638,0.19201600123778778
1.1305,-0.10244350579087644,0.1530011466052184
1.130625,-0.41677777921402714,0.11172514543462732
1.13075,-0.670894776076424,-0.04980184044831482
1.130875,-0.5146192775578702,-0.14326758260958172
1.131,-0.15969134311550767,-0.13396994817867908
1.131125,0.1512221648285286,0.0015957772303411791
1.13125,0.21894914074980554,-0.026326757745477564
1.131375,0.2366396932805265,-0.018165887023550896
1.1315,0.22625542409097735,0.039987419603700634
1.131625,0.07228308819233874,0.07301090043385704
1.13175,-0.25091275365947024,-0.10218773738826735
1.131875,-0.3948730633784935,-0.45544538431570963
1.132,-0.41390431298360764,-0.606755073738229
1.132125,-0.30331645327482626,-0.48521147105243106
1.13225,-0.2889182009709063,-0.13557303553824784
1.132375,-0.257386755187636,0.1271556191100164
1.1325,-0.199095456893901,0.20654746692437206
1.132625,-0.0933785145788615,0.20491769816525016
1.13275,-0.0196821440671068,0.2081276706251042
1.132875,-0.18477774003084685,0.044048284393532276
1.133,-0.345327962136388,-0.24938847767499336
1.133125,-0.24361962355895203,-0.37840578327715907
1.13325,-0.12061605886413339,-0.3913291950436729
1.133375,0.051006742760517615,-0.26169876681084303
1.1335,0.23544561529537011,-0.21175451100438566
1.133625,0.26963444033983597,-0.26295082380888946
1.13375,0.2830356848189407,-0.19521584143816018
1.133875,0.1828450848515809,-0.09681905828203398
1.134,-0.10093498521464661,0.01710120794048155
1.134125,-0.22984704181518717,-0.1443552533139569
1.13425,-0.2330343466155362,-0.2756598893835564
1.134375,0.00794907240410364,-0.2166397701632591
1.1345,0.4594812295239428,-0.11152847529765343
1.134625,0.7095285916104197,0.12092670526573676
1.13475,0.6354051218433475,0.25772523430536454
1.134875,0.27684658762722536,0.25167499767986795
1.135,0.01967956290994391,0.22292311460131964
1.135125,-0.05173652211915082,0.13133249541828007
1.13525,0.07563952582040057,-0.06819041022545116
1.135375,0.30071162111359445,-0.17246045961670856
1.1355,0.5336145560005602,-0.16406122376862525
1.135625,0.4668131977122327,-0.015067285498819877
1.13575,0.10072990089679179,0.4006689949563595
1.135875,-0.13545379912845076,0.663752992580739
1.136,-0.16216387283888276,0.5387277701349105
1.136125,-0.09851533096886174,0.2504377759958381
1.13625,0.004757278925375342,0.02675319218448905
1.136375,-0.0781484482552846,-0.017831929723125504
1.1365,-0.19789658853869516,0.07551503167504064
1.136625,-0.09417251060443955,0.2758570688546814
1.13675,0.17639357104090791,0.4080728780673246
1.136875,0.328966788761472,0.4315681615092804
1.137,0.316273417846218,0.11859220941592966
1.137125,0.24627528599164955,-0.14282094739576265
1.13725,0.08573350388628598,-0.13414300198830476
1.137375,-0.14064051360046792,-0.056624092852855516
1.1375,-0.2969094492411592,-0.008498805687046439
1.137625,-0.2385732084500479,-0.08222084333397016
1.13775,-0.008940778884440469,-0.1712657426080432
1.137875,0.24246034674923933,-0.054719101016799186
1.138,0.34218983874361003,0.15202377603971898
1.138125,0.07497716614882675,0.28543699807074174
1.13825,-0.2956249427676309,0.2591220810495554
1.138375,-0.27325760619263534,0.24497829726328454
1.1385,-0.09028745244934963,0.07818950783293217
1.138625,-0.02117196317557288,-0.13434568605564975
1.13875,-0.15463133477153332,-0.2620905073492885
1.138875,-0.2732251694029985,-0.21251555561261745
1.139,-0.24333644140425378,-0.031554945907451615
1.139125,0.050161734510417055,0.1946401697734704
1.13925,0.152783178984574,0.2773757789467069
1.139375,0.04518909403463015,0.03441126824864498
1.1395,-0.013441035426780686,-0.23015958051700022
1.139625,-0.08825493714691827,-0.25405568146290847
1.13975,-0.3070021084596612,-0.09174710850553328
1.139875,-0.36495134039510935,-0.0045761955650374725
1.14,-0.2664523408495404,-0.1529964765202529
1.140125,-0.0850509773288153,-0.28518786079155517
1.14025,-0.017853123254030653,-0.21470197207410008
1.140375,-0.2350628356735604,0.04122562679418044
1.1405,-0.5093973850223897,0.12347526533383664
1.140625,-0.6592385751900488,0.029167129062311982
1.14075,-0.5323419199151531,-0.004294577737986441
1.140875,-0.22321547450074467,-0.052596683369840184
1.141,-0.025188749326375798,-0.21509714634121008
1.141125,-0.0845952893746987,-0.30948364560753644
1.14125,-0.004486694799411501,-0.22631563321909584
1.141375,0.10083802798719292,-0.0656045743527121
1.1415,0.21188445485041768,-0.03954356038905786
1.141625,-0.02876195101347673,-0.18479478759393325
1.14175,-0.29150724530126265,-0.5077037661917608
1.141875,-0.32616265697543884,-0.5758141526506154
1.142,-0.06298596980198143,-0.45733012495792336
1.142125,0.3754160608627673,-0.1996150231274186
1.14225,0.5031877002142089,-0.0495161651416919
1.142375,0.30571145455049326,-0.0625497363547252
1.1425,0.31009433903013534,-0.01634936125601882
1.142625,0.5683963614070415,0.08924886984770317
1.14275,0.6133832955799653,0.19212823503217702
1.142875,0.3197609446900757,-0.044161287199403224
1.143,-0.15084473705467302,-0.3010577757563461
1.143125,-0.3137730056629807,-0.29493731072389584
1.14325,0.01733653139535664,-0.021912134176148637
1.143375,0.27681021070894457,0.37596889157819385
1.1435,0.37609070628616065,0.4919169839371191
1.143625,0.36415339394958357,0.2989487609302076
1.14375,0.12048641438756123,0.2904008093801742
1.143875,-0.10400404293245952,0.4922273199174067
1.144,-0.22028392911731848,0.5670851697134903
1.144125,-0.021939643727482947,0.2762219174451918
1.14425,0.1935116730430568,-0.11391417422664608
1.144375,0.21638108229891978,-0.2582985149978277
1.1445,0.12640805686879877,-0.05044881943543927
1.144625,0.09510737673287539,0.2246154028477605
1.14475,0.12460541226730515,0.37376341733367535
1.144875,0.2408726812895994,0.3676658998604376
1.145,0.16390913562673687,0.16792305326069001
1.145125,0.032100530140421864,-0.06856977826727341
1.14525,-0.06997191347160484,-0.14206095956054643
1.145375,-0.053009650121896935,-0.0019034203026633556
1.1455,0.04529323827532405,0.19968326228487965
1.145625,0.03410894856436569,0.18313377658023486
1.14575,0.10836218085079857,0.1435261589945958
1.145875,0.03796762462480277,0.06050729993103086
1.146,-0.05016102843197434,0.16040705343569708
1.146125,-0.031275096304864594,0.2592820696000697
1.14625,-0.06406410895968394,0.11858228221445281
1.146375,-0.3249731588629555,-0.02183139247200111
1.1465,-0.5709274819584137,-0.06786648488158156
1.146625,-0.4199174273667902,-0.043266317177027606
1.14675,0.10066749458925327,-0.019281869042530524
1.146875,0.5122533107103728,0.06028891999130962
1.147,0.38920841565593156,0.10522710030623356
1.147125,-0.007535007302232926,0.018740245311954656
1.14725,-0.20980939436194676,-0.059411788095921625
1.147375,-0.2929376769473846,-0.055866206816031605
1.1475,-0.287637273629626,-0.06421503082608424
1.147625,-0.10280293707621921,-0.3025089829483578
1.14775,0.1395377683298362,-0.5360960396189526
1.147875,0.1773021358779677,-0.3570753328308091
1.148,0.11039375833890723,0.11521644067462054
1.148125,-0.06335606335432631,0.45717131554241414
1.14825,-0.2126920040122253,0.3052436248962982
1.148375,-0.33075550927789404,-0.013670203465231769
1.1485,-0.453108305953645,-0.21802797126573498
1.148625,-0.5025299716719481,-0.2708844885880458
1.14875,-0.45770432946402506,-0.24218277311253314
1.148875,-0.13734647337730538,-0.08074166551193525
1.149,0.22836340579876513,0.12071195177325575
1.149125,0.3466543414888134,0.17619933283174374
1.14925,0.10034092015360807,0.10766172139951717
1.149375,-0.27007165379578146,-0.09766906965858707
1.1495,-0.5898261328668599,-0.220160151510218
1.149625,-0.5463281139293837,-0.2909971895053328
1.14975,-0.3058183474825084,-0.415687290225956
1.149875,-0.22064320886433417,-0.5334122369843709
1.15,-0.22879164164689159,-0.4769578096369365
1.150125,-0.08429983337413607,-0.1563966678997983
1.15025,0.29858539309414683,0.1701546278880581
1.150375,0.7468513525975502,0.3053634548494669
1.1505,0.5499386565078415,0.07488476948569454
1.150625,-0.026408103154045973,-0.2407341620567638
1.15075,-0.27939982573741834,-0.5486521173119225
1.150875,0.009498638551807879,-0.5259862350553111
1.151,0.3633626101443995,-0.25981580625444034
1.151125,0.5068060158835618,-0.20030969849127095
1.15125,0.3767641917649718,-0.24452634803118856
1.151375,0.2085957362593481,-0.08274567803143086
1.1515,0.1317395445872814,0.2724172657687813
1.151625,0.09013782441571058,0.6934956721156041
1.15175,0.0942470922960533,0.4835596901961258
1.151875,0.1561297364415914,0.0055894275199959076
1.152,0.08497485969499863,-0.24323333521891818
1.152125,0.026778058366823718,0.04232734883710308
1.15225,0.017201099123551236,0.38240517435512217
1.152375,0.1428041056874341,0.4879782700175889
1.1525,0.29423593589524505,0.3432872039197998
1.152625,0.3697830810490383,0.17101424212137178
1.15275,0.15812323967649208,0.08777474803107695
1.152875,0.020765709700908064,0.09996325271583628
1.153,0.006704890130576832,0.12229220894226814
1.153125,0.01562821446254704,0.14193225034433055
1.15325,0.05562956776629459,0.09768779191940304
1.153375,0.1239646629065828,-0.007416305927810479
1.1535,0.18167418653409903,-0.035924249423763537
1.153625,0.30752919915531957,0.14826161865287216
1.15375,0.23463865436877668,0.33890447928636913
1.153875,0.10573719604224253,0.3259592816269358
1.154,-0.13062154224292502,0.13968081770568488
1.154125,-0.2679517141170111,-0.015934023689082137
1.15425,-0.22166574264679237,0.038493108042733565
1.154375,-0.12953332866670259,0.023933491554177563
1.1545,-0.04145751475655312,0.03557877804467511
1.154625,0.10848497506330104,0.10893889839196169
1.15475,0.04918253883417611,0.13108352321525404
1.154875,-0.06736842687970392,0.22734122768001463
1.155,-0.2195447493341095,0.2069726446092947
1.155125,-0.30969140694777325,0.064598814038032
1.15525,-0.220213630018281,-0.18850816307675947
1.155375,-0.18053264169433839,-0.29911097625120076
1.1555,-0.305285933191922,-0.1946975240232661
1.155625,-0.24848088253750966,-0.13226749440788266
1.15575,0.0012473674515002158,-0.04577785929216045
1.155875,0.3263058934921192,0.06925580280645127
1.156,0.3394192870032271,0.050021593771615205
1.156125,0.047331293246723735,-0.05375522388880608
1.15625,-0.3429562769035975,-0.2108945249474411
1.156375,-0.3706401152272413,-0.24312935184119017
1.1565,-0.26958696828367373,-0.12462818245066574
1.156625,-0.10820849749293143,-0.11620820876799136
1.15675,-0.037993955720940956,-0.27246011468241355
1.156875,0.006875807032927673,-0.2133539773508914
1.157,-0.04030931286513864,-0.02688422546484843
1.157125,-0.11156925775818832,0.2697537304212384
1.15725,-0.12291074183983021,0.3870363365654508
1.157375,-0.17573526345187826,0.0992257405208847
1.1575,-0.3444660269685451,-0.2992565456207405
1.157625,-0.5159130297429873,-0.42098874634439365
1.15775,-0.5039627904621395,-0.27785689911177214
1.157875,-0.2793691724976274,-0.1031124916258514
1.158,0.07591569217847094,-0.039105763993675415
1.158125,0.10848180962168238,0.02073111696840287
1.15825,-0.050650856046721336,-0.06375310345344365
1.158375,-0.17935748953279218,-0.0952260866190785
1.1585,-0.24931426154403125,-0.07288744416633913
1.158625,-0.10230538790467048,-0.09967325181280244
1.15875,0.11493155766748941,-0.2858650107449258
1.158875,0.2332223671224921,-0.47552574879325865
1.159,0.31011594664863396,-0.4586414191965614
1.159125,0.3740190519531243,-0.20502925091663166
1.15925,0.37737429394760347,0.03233789955813691
1.159375,0.39106136826573046,0.11581973343616156
1.1595,0.3471291799881362,-0.025900680712683637
1.159625,0.16805567854119868,-0.18233902900614993
1.15975,0.02646052325145733,-0.2154337321252337
1.159875,-0.04828697790108249,-0.07739633647762979
1.16,0.16098252013926673,0.09878603441765203
1.160125,0.5178174304292209,0.2344442030383373
1.16025,0.5228454858255047,0.35317037082657565
1.160375,0.3127023398733381,0.3296747633534711
1.1605,0.07138756084400777,0.3516402589237391
1.160625,0.03863722895961128,0.33380115838324625
1.16075,0.22168064717427693,0.24729169613340127
1.160875,0.23864887839676846,0.20433107149760446
1.161,0.05914956502217367,-0.002152863306667309
1.161125,-0.14892998633341095,-0.0678723114870948
1.16125,-0.13106535050453239,0.1305086487469757
1.161375,0.10910441420791545,0.4547396584590855
1.1615,0.2992580510431423,0.4254707249309302
1.161625,0.15047170211363858,0.2430105123551176
1.16175,0.012749741442058147,0.015344247690012539
1.161875,-0.12943574409044684,0.004121030859644032
1.162,-0.26469609095460067,0.16893137694450552
1.162125,-0.2621059748241176,0.23342254378131547
1.16225,-0.2144831478918383,0.08115480380954687
1.162375,-0.09426429771604954,-0.08924032189992903
1.1625,0.16997488065537936,-0.07266957152586849
1.162625,0.20909207479269115,0.07395073521570919
1.16275,0.06295322423074329,0.24546501696255035
1.162875,-0.19193784606625583,0.21711008937881546
1.163,-0.43684551944248057,0.03809390562175638
1.163125,-0.2188371714404198,-0.0764997499475482
1.16325,0.10439506114428188,-0.1957414872674802
1.163375,0.24202522564824253,-0.2544957355154323
1.1635,0.28447648855545893,-0.18501865149243815
1.163625,0.23027878815969716,-0.119291658760052
1.16375,0.12112961359140247,0.09042317830403086
1.163875,0.006090315135356716,0.19173835086031343
1.164,-0.20139421767597923,0.06281345572818003
1.164125,-0.4595747465026274,-0.19810706535154257
1.16425,-0.45579725955190514,-0.3499069999818083
1.164375,-0.24185685267378937,-0.21348965035370018
1.1645,-0.08481186260568196,0.0814441516219806
1.164625,-0.09178418778658141,0.1965958286399715
1.16475,-0.06275368791520115,0.19585623957079823
1.164875,0.07045148297565634,0.19394014288923378
1.165,0.07423485436451134,0.13217352899638496
1.165125,-0.05395839295360448,-0.0048239294246132805
1.16525,-0.17989216540898753,-0.1971456101626005
1.165375,-0.40457790096877133,-0.4380924097794651
1.1655,-0.42537580886826687,-0.384735097280788
1.165625,-0.19155783696240664,-0.1932381066763915
1.16575,0.04136147447757875,-0.06354719049366021
1.165875,0.017069260065882483,-0.0477232959629672
1.166,-0.16554779136367562,-0.03969227949105852
1.166125,-0.3351833705542975,0.05646365187148174
1.16625,-0.40624319266478254,0.06680175305344457
1.166375,-0.28958466322383514,-0.06423373090444516
1.1665,-0.34039519157099574,-0.23856458188928406
1.166625,-0.16422323511857043,-0.3754225348800424
1.16675,-0.07557957809252691,-0.43903941432261145
1.166875,0.20976070950346926,-0.1548155810431607
1.167,0.4017211577991926,0.03435430381475081
1.167125,0.4306073486446808,0.034021037170249846
1.16725,0.4038070852668051,-0.11294872231337197
1.167375,0.310838801932028,-0.3014910595305308
1.1675,0.29656763047277784,-0.38551535908161777
1.167625,0.2125785324988033,-0.2634060318153464
1.16775,0.18526600726011716,-0.267070522969733
1.167875,0.17949743167714746,-0.227657232128716
1.168,0.28074779720175536,-0.07806427404749958
1.168125,0.27400577391865677,0.14931032787643006
1.16825,0.31699942488989685,0.44800722207416466
1.168375,0.3633057731734354,0.38801603223431463
1.1685,0.1578644774610691,0.42642612369404903
1.168625,-0.14954362459070725,0.28550718983473555
1.16875,-0.27396784577275274,0.2148782820302551
1.168875,-0.20467560935228493,0.1481405970374685
1.169,0.06350360515822231,0.1324789385445063
1.169125,0.23509245713335178,0.14220576777130028
1.16925,0.15267409849820485,0.19097639895324042
1.169375,-0.03699858333138514,0.252605574274053
1.1695,-0.0892868816317123,0.2633100680581023
1.169625,-0.00637330289393323,0.32261998483175186
1.16975,0.15391161338287976,0.10199086324293861
1.169875,0.19195849484470767,-0.1064344729296799
1.17,0.06456504289086167,-0.22499999813870736
1.170125,0.07566351369752246,-0.11083568075178665
1.17025,0.1856655581582745,0.07682453399366079
1.170375,0.29941985888672384,0.2385135379171239
1.1705,0.24443715313275158,0.10643032978649279
1.170625,0.014863516229463518,-0.01785446822923772
1.17075,-0.08773998696177779,-0.0953209933710336
1.170875,-0.04738163702355049,0.010099628180813322
1.171,0.14181414970873246,0.1298890843652844
1.171125,0.010760721381417291,0.18545923996072455
1.17125,-0.1267398637205073,0.0724177521972113
1.171375,-0.02439884413505105,-0.026342444318766332
1.1715,0.14243205142068424,0.1672892799196889
1.171625,0.13990865736912095,0.27847902425901705
1.17175,-0.07471809650867779,0.2120171728609073
1.171875,-0.3907533572455906,0.05664966234528458
1.172,-0.49342448080909673,-0.10714120220993963
1.172125,-0.46319823710084945,-0.030656964320717066
1.17225,-0.25551059581620156,0.1242735866142133
1.172375,0.18483248117505272,0.04722980593378926
1.1725,0.4848545442940473,-0.13428322265293863
1.172625,0.4387901387132726,0.018158202667853163
1.17275,0.07055121568248485,0.172831342327787
1.172875,-0.4593819450793974,0.1257949040130765
1.173,-0.7429355988391018,-0.07635756141579018
1.173125,-0.5233573007713692,-0.32525691671491386
1.17325,-0.1090318953946836,-0.5041781372355324
1.173375,0.14380543389318617,-0.4579226400509657
1.1735,0.10945389460241459,-0.23866201672083903
1.173625,-0.0071640411998548596,0.16108422175032422
1.17375,-0.13169579812930712,0.4097563609814973
1.173875,-0.09407033258242581,0.44620753021782245
1.174,-0.06341523542977734,0.08734694137075527
1.174125,-0.16087842444474948,-0.37214691377733505
1.17425,-0.395994354420016,-0.6647595739717279
1.174375,-0.5143440340999659,-0.49147868707409587
1.1745,-0.39764093531661726,-0.13738774213783073
1.174625,-0.3335185107800943,0.09707701144024539
1.17475,-0.3255138051514588,0.10399612397120292
1.174875,-0.1832609448002131,-0.00325866513002854
1.175,-0.07079805174866882,-0.1519714541083091
1.175125,0.03031278985950614,-0.1551221705493876
1.17525,0.17246650899389426,-0.05428231055318483
1.175375,0.32011147226896836,-0.17858312499380852
1.1755,0.4112733738615485,-0.381599798731917
1.175625,0.46279682792839155,-0.48961901165631977
1.17575,0.48208002871507766,-0.3785834234014904
1.175875,0.3429573948657636,-0.2845238298850139
1.176,0.25588316905460984,-0.21004486041619536
1.176125,0.1456126712355196,-0.10173703766222839
1.17625,0.09402336089675516,-0.049397063483752265
1.176375,0.08024586840574474,0.06534119543716435
1.1765,0.1011946942127292,0.12665975078988032
1.176625,0.14003835148049015,0.27520972064626836
1.17675,0.02449708661127202,0.36486180026846293
1.176875,0.03749762823203483,0.40228708545924036
1.177,0.16902161125844628,0.4218819939174678
1.177125,0.3314295533853491,0.33942929305218605
1.17725,0.3343635441489361,0.2360516989760254
1.177375,0.08993233263406382,0.15735560993343248
1.1775,-0.1379839614962826,0.06831881994622732
1.177625,-0.14441700508936522,0.07576777018269225
1.17775,-0.006492319287451516,0.10190489565556582
1.177875,0.18486629331057158,0.05975803410574456
1.178,0.3052945135590834,0.0773157022805086
1.178125,0.2684698846120734,0.034735957770484265
1.17825,0.126674953170248,0.14668037058471356
1.178375,0.011270595557990325,0.2513661111299014
1.1785,-0.05784221235317298,0.32558597420465574
1.178625,-0.12688515499405137,0.1457854411174597
1.17875,-0.02489432723411769,-0.11088659322604469
1.178875,0.14936919781589353,-0.1719799675178056
1.179,0.1754435143762621,-0.026288947234305547
1.179125,0.17239081643510343,0.18102856819594204
1.17925,0.13158733521422908,0.33162646254651046
1.179375,0.0036780657030394195,0.24676535937898444
1.1795,-0.157940881129154,0.10628632739884361
1.179625,-0.3536814868319476,-0.006269107974832074
1.17975,-0.4007320410760758,-0.10024784352942527
1.179875,-0.2140970013871653,-0.12625028315061462
1.18,-0.09901716814506825,0.003255150719889448
1.180125,0.01440169499978881,0.09043903396506421
1.18025,0.04325667768327305,0.12859631333359167
1.180375,0.0007210870194270662,0.1276906476531088
1.1805,-0.16349566840607724,0.09593351664097914
1.180625,-0.3404582502277535,0.037185693544377306
1.18075,-0.4228541541232222,-0.16048103288573093
1.180875,-0.17835455744857934,-0.29981962748810886
1.181,0.11486955966417935,-0.2838325123495735
1.181125,0.37428479961003214,-0.20203028743092302
1.18125,0.26082086254190795,-0.05216557627044242
1.181375,0.021931108813563825,0.0024376705620756897
1.1815,-0.19175831352211126,0.014618439908890548
1.181625,-0.31591090771866187,0.057253871178571156
1.18175,-0.3440858884020693,-0.11700786862409186
1.181875,-0.27187922380953256,-0.30399520447940986
1.182,-0.24720489125360334,-0.37157011280450486
1.182125,-0.22480589766954914,-0.18267916262737344
1.18225,-0.19167385702765835,0.13547521861184256
1.182375,-0.01929408200119363,0.36001734159907056
1.1825,0.06701046728035036,0.26200884555811266
1.182625,-0.054148630770720615,0.025554129816868016
1.18275,-0.2142392916050337,-0.14925799722112346
1.182875,-0.2530860194805021,-0.26468828481735857
1.183,-0.264124104389779,-0.2957568739615833
1.183125,-0.2788288865598087,-0.25017932636583706
1.18325,-0.19085649109178737,-0.21280719075642907
1.183375,-0.026844835365037824,-0.1607972630500295
1.1835,0.16738580746201362,-0.1102657092698153
1.183625,0.3154906843016058,-0.02001596295594668
1.18375,0.2202887014743976,0.04925121671025596
1.183875,0.034646580772501476,-0.03517663788135925
1.184,-0.14531893081462294,-0.19037399211655437
1.184125,-0.18058982137881358,-0.23997495700813457
1.18425,0.03674490164698083,-0.28628734256534066
1.184375,0.33082711922881664,-0.2676250742585197
1.1845,0.5509308446149037,-0.17945479742880005
1.184625,0.6883919987838072,-0.01714568131044435
1.18475,0.5174326751885415,0.2003321430842578
1.184875,0.4139441413609388,0.2784201585890038
1.185,0.24888834924930645,0.21063332964709955
1.185125,0.03209878181518863,-0.0030398546579722594
1.18525,-0.1687753838686091,-0.12164387246007169
1.185375,-0.3485615344268248,-0.1345519043902175
1.1855,-0.250694510900351,0.023858380880580402
1.185625,-0.0015258442286675835,0.2772926907477034
1.18575,0.06611974689134147,0.5416631330173964
1.185875,0.035449182193377685,0.590612195866645
1.186,0.03257273038598408,0.45063317851926804
1.186125,0.15031254285554854,0.32928492741523513
1.18625,0.270561266001406,0.24227050004788997
1.186375,0.34250525268234816,0.05293288438850195
1.1865,0.1287448939817215,-0.1688685841745404
1.186625,0.020924852439923917,-0.29052063112232196
1.18675,0.10210035454693772,-0.2658212982945122
1.186875,0.24410706301558738,-0.03709816399589818
1.187,0.2287288298829701,0.046774132120428
1.187125,0.13093991884527068,0.023299605843785473
1.18725,-0.04126120992062154,0.05147581245313436
1.187375,-0.08922088817902334,0.08312041348040983
1.1875,-0.07435032622542012,0.2550006386688222
1.187625,-0.11164072925587586,0.2936702779735863
1.18775,-0.04894408885517521,0.09820428657735873
1.187875,-0.0880742696247186,-0.007031588129864265
1.188,0.07039852895128897,0.10699230733874804
1.188125,0.21478524832926615,0.22793611385727902
1.18825,0.24611029882296448,0.20920334659428674
1.188375,0.14038570470954775,0.15997657091026452
1.1885,-0.028484577209300904,-0.04578965724630864
1.188625,-0.17282506547592433,-0.07635175917082879
1.18875,-0.249129416661857,-0.06302657590253163
1.188875,-0.21707198777833,-0.08777312197667314
1.189,-0.054413675911324164,-0.07736409009027177
1.189125,-0.016220742954061257,-0.06554613233633419
1.18925,-0.011883561669974322,0.05088594741531739
1.189375,-0.11097545785847791,0.19861812880518087
1.1895,-0.26560929857894583,0.1960319589605611
1.189625,-0.40499173257201576,0.15081287004670227
1.18975,-0.401188907002056,-0.013867571133004594
1.189875,-0.2861735117493924,-0.20150098364979302
1.19,-0.20523758433126546,-0.20859041279793528
1.190125,-0.21520604169090432,-0.16375407247734328
1.19025,-0.1940644633676496,-0.07814602772502854
1.190375,-0.20952387441193543,0.0006391752078983045
1.1905,-0.15582968466558492,0.025519230811460833
1.190625,-0.1531745071280817,-0.053572019404190686
1.19075,-0.3711554768135898,-0.2631108512606493
1.190875,-0.5418712106642004,-0.33864992869851246
1.191,-0.5268151615240294,-0.3687101502751713
1.191125,-0.25594869927475095,-0.2577658242582946
1.19125,-0.005490904917746192,-0.21938361048338614
1.191375,0.02530827786707596,-0.1966643794496786
1.1915,-0.0669272265132972,-0.1776290019165197
1.191625,0.04565072824791574,-0.15956875695312894
1.19175,0.15238667069385786,-0.12933115088672983
1.191875,0.2373473392845282,-0.1922087327546631
1.192,0.2116006282398411,-0.2833925319677614
1.192125,0.18358754468882643,-0.4815246666189157
1.19225,0.19666604274774951,-0.46119059639883503
1.192375,0.30423332642183903,-0.2207007124895324
1.1925,0.45032021148027823,5.4714128332292165e-05
1.192625,0.4689056108607346,-0.02140475229998775
1.19275,0.32021424271297205,-0.06361776219581614
1.192875,0.1352943244079869,0.024886264422933763
1.193,0.05161858679995028,0.17706709334282691
1.193125,0.07000927817485586,0.19239932178344676
1.19325,0.07296843028070578,0.16234139221143795
1.193375,0.15672258819633827,0.09909850380964004
1.1935,0.31988947398265044,0.16481181395140182
1.193625,0.44676029059342615,0.2696012769596314
1.19375,0.4550412226561048,0.3534002267765047
1.193875,0.2522196856476083,0.3995938463877458
1.194,-0.010332477274964998,0.2564017226622452
1.194125,-0.264850808522611,0.1342281085436342
1.19425,-0.2337730669658776,0.06724989835088539
1.194375,-0.06274956005710268,0.03388131103351591
1.1945,0.06559716806228191,0.08885925621122122
1.194625,0.14804821135308122,0.13108862559810205
1.19475,0.09519809632041,0.27563681193717793
1.194875,0.055960506596588876,0.4831558980125327
1.195,0.02353550284899714,0.463752633480929
1.195125,0.0502809288590025,0.25131734243182924
1.19525,-0.011646808628362022,-0.0659798783888017
1.195375,-0.003941001925188177,-0.28199979264443786
1.1955,-0.03540200893204064,-0.22029882734482023
1.195625,-0.012831840004151072,-0.07982348926866338
1.19575,-0.043249464887562594,0.09094645716953646
1.195875,0.04929042101814443,0.11919286890285063
1.196,0.11721189400091454,0.1291328066449479
1.196125,-0.06380108207664628,0.06078360042158809
1.19625,-0.19195165308722845,0.023114885810072257
1.196375,-0.1770604438985487,0.013785804654247065
1.1965,-0.05820006066841303,0.01705829946227407
1.196625,-0.004254406423893404,-0.04619625544090123
1.19675,0.14547049703735557,-0.07175559742309595
1.196875,0.1026469183920787,-0.03544604793190537
1.197,-0.003489301998497203,-0.07349571575972133
1.197125,-0.08335486205122374,0.046952772780253366
1.19725,-0.01923850225616195,0.12206647798282941
1.197375,0.04392695197061035,-0.03844798373047658
1.1975,-0.04463937073094579,-0.17727725628418164
1.197625,-0.12352255223816963,-0.23695925138483376
1.19775,-0.17334183990092167,-0.04969891616462893
1.197875,-0.028019846023798173,0.01549186507720538
1.198,0.06931308678446153,0.10648861215863534
1.198125,-0.021277842637205266,0.08649216934309571
1.19825,-0.17292070706346424,-0.011109762064028656
1.198375,-0.3337031061040254,-0.0812627466402618
1.1985,-0.4533456327162634,-0.020899175990994764
1.198625,-0.372472100356449,0.06039511456520422
1.19875,-0.18418784751318665,-0.02485450717774871
1.198875,-0.07827203190533588,-0.16854944408498657
1.199,-0.061277493764409836,-0.1552448801621031
1.199125,-0.2292610797289231,-0.02552763816631182
1.19925,-0.3624246773956586,0.0019184022470738378
1.199375,-0.3261524303309303,-0.08364165082814513
1.1995,-0.23437436510330636,-0.1441491926465736
1.199625,-0.27200684961469795,-0.3053909387912508
1.19975,-0.4663595827190823,-0.33750983168663196
1.199875,-0.428635795311659,-0.31115278293640936
1.2,-0.039027474712526294,-0.18546481995171088
1.200125,0.3547660350276234,-0.048239280737528666
1.20025,0.4684813975995301,-0.050750436452496384
1.200375,0.2589366348548312,-0.17948758212745675
1.2005,-0.09785551915454423,-0.3243887693676969
1.200625,-0.09632609569409592,-0.25572910703961554
1.20075,0.26903022816820493,-0.18909310153496364
1.200875,0.44348357850455045,-0.23852615982321798
1.201,0.3738819496535076,-0.4077444493873381
1.201125,0.30310164217194824,-0.3016875627812695
1.20125,0.3124478276260139,-0.024216584744052506
1.201375,0.48582967497044993,0.37914295856178476
1.2015,0.5497667558318645,0.43273990410928553
1.201625,0.34531024208485794,0.19212666129163858
1.20175,0.03928156394661361,-0.09305599620450629
1.201875,-0.25254981815779975,-0.04704911383432722
1.202,-0.24937933512842653,0.2883272486327952
1.202125,-0.05484121439685274,0.37312165446425594
1.20225,0.21785137074854852,0.3995890913167641
1.202375,0.20840901345213692,0.28089418163573154
1.2025,0.1272525248119317,0.30966759503108404
1.202625,0.12639035513901833,0.41804139140273777
1.20275,0.0934593394539924,0.4842609466961653
1.202875,0.10112618738420495,0.33480001216934413
1.203,-0.0848982269674933,0.035747259656010597
1.203125,-0.23547822488473552,-0.20182780616399484
1.20325,-0.08402602384874194,-0.27106213981696087
1.203375,0.20645402925124756,-0.01822251566243618
1.2035,0.4357711713344954,0.12423196458818314
1.203625,0.3073103830309548,0.22700822783660068
1.20375,0.08061313752324725,0.09747789612940859
1.203875,0.01627991143893663,0.12786985381105853
1.204,-0.02896422400440561,0.10742900872825062
1.204125,0.05170363192596288,0.04059868539075632
1.20425,-0.20423757965431405,-0.10223139162229306
1.204375,-0.33721711295873175,-0.2760982554989571
1.2045,-0.31571924089574105,-0.09933067947609667
1.204625,-0.04245765651734022,0.1993739937788453
1.20475,0.09413125263723682,0.38436789421485407
1.204875,-0.023425828445271125,0.31425130433073967
1.205,-0.12080513107816926,0.10540088096967652
1.205125,-0.22127211283099973,-0.024454970333979992
1.20525,-0.36828367370709336,-0.022121155304853507
1.205375,-0.22093363132275426,0.023410705059873714
1.2055,-0.019536755772828148,-0.12512927501892096
1.205625,0.0882583077486333,-0.2970492643883632
1.20575,0.06961778176935281,-0.24581713337098074
1.205875,-0.04399136153475996,-0.02863134252519679
1.206,0.030805943122131238,0.02434822318616601
1.206125,0.1086217197298224,-0.0049599951001399745
1.20625,0.19638545758685697,-0.09985494678749128
1.206375,-0.005908681860841334,-0.2554388838480171
1.2065,-0.1628884622510911,-0.3233650114327478
1.206625,-0.3165779379131888,-0.2364961494892733
1.20675,-0.22269765620025234,-0.018596724032617196
1.206875,-0.0496153949407501,0.13535135290424666
1.207,0.11901275899994956,0.0127395523116697
1.207125,-0.058477771986761816,-0.030856875765389355
1.20725,-0.3743745737655601,0.032718895630450856
1.207375,-0.5128432770379533,0.09899266883948213
1.2075,-0.33397957735572914,0.11632820914772665
1.207625,-0.03831454957281594,0.012858778589008609
1.20775,0.1297239178870267,-0.14916948945441455
1.207875,0.12904318370046086,-0.3379611360851125
1.208,0.021921638586802367,-0.20978876624539616
1.208125,-0.07516150298730728,-0.04297022198410971
1.20825,-0.12785684625141894,0.08542650445512058
1.208375,-0.0992045977231616,-0.03551440541781132
1.2085,-0.19082587404501314,-0.3538296876705555
1.208625,-0.16104437567393476,-0.47946496975740666
1.20875,-0.12475327158736284,-0.31983198707009675
1.208875,-0.17540627805620201,-0.09861886312742676
1.209,-0.12649412564338064,0.10665956116223413
1.209125,0.13790188950519477,0.12169027314389899
1.20925,0.47940286819667105,0.031628584808162406
1.209375,0.5214342745234058,-0.06746562539116857
1.2095,0.2831673206926747,-0.0717340864406892
1.209625,0.14545837126228744,-0.14563921024948617
1.20975,0.15944918194287006,-0.12919660628437038
1.209875,0.1877082795594422,-0.09583265100768748
1.21,-0.010705756110419422,-0.12861565760781526
1.210125,-0.04680568420018267,-0.14392656126476516
1.21025,-0.06018364121148992,-0.14989850082873973
1.210375,0.0493191928486506,0.13410470072594088
1.2105,0.2728040359348498,0.40216272683989385
1.210625,0.24660896241331037,0.47440491298595905
1.21075,0.09364923765071251,0.2899341581489061
1.210875,-0.012067833640736549,0.16890296390937043
1.211,0.0582250099949031,0.096736622381093
1.211125,0.21599713615356747,0.10661723619498224
1.21125,0.41501774859631146,-0.05468280290739364
1.211375,0.44164250588399045,-0.1424881166321525
1.2115,0.2892466529552055,-0.03114109517418507
1.211625,0.09341721061350226,0.06839206374356936
1.21175,0.10045798005316936,0.20295042246164094
1.211875,0.1364103778483841,0.21778777143562567
1.212,0.1044275946982403,0.14128721716514575
1.212125,-0.0032928742765261847,0.018946369963565697
1.21225,-0.10637310060516894,0.060822538192629685
1.212375,0.002598317386263058,0.1557953422586019
1.2125,0.20252732274860097,0.36033147014624933
1.212625,0.2970389778956362,0.43944593198480186
1.21275,0.23778086001973034,0.2642963230298083
1.212875,0.10502114387264876,0.08452531040777017
1.213,-0.07898822304014759,0.05477709394554992
1.213125,-0.22393427279458153,0.1221493806673176
1.21325,-0.33098298353558414,0.10132867165425519
1.213375,-0.42708941190360744,-0.002924327096577763
1.2135,-0.3636121173176507,-0.09668846908771828
1.213625,-0.16937276099840073,0.021830676640578764
1.21375,0.0948504133477232,0.1425752445453187
1.213875,0.19545256544959885,0.21788047326909407
1.214,-0.14279102080911052,0.24809058909061577
1.214125,-0.37896119093630515,0.1380728547493212
1.21425,-0.4202425552199751,-0.04982971076627368
1.214375,-0.11152717479714849,-0.18546559439165672
1.2145,0.10754428597632516,-0.29944521021955567
1.214625,0.162972345721234,-0.39796133679032447
1.21475,-0.0024259825068062737,-0.35108443711197157
1.214875,-0.2940081012315773,-0.1198670242863707
1.215,-0.3874106452302524,0.11620009560752594
1.215125,-0.13178154104844367,0.1488033799325929
1.21525,-0.11681559654604369,-0.09809234039973519
1.215375,-0.25564663146111,-0.32461269947367627
1.2155,-0.451273406443958,-0.360735228332716
1.215625,-0.5336899945538857,-0.08738855607642594
1.21575,-0.39785145642798164,0.11099120986663606
1.215875,-0.14561604692776461,0.1882695904874526
1.216,0.023329774371481208,-0.03128886253259492
1.216125,-0.08093270943285283,-0.2701048563958387
1.21625,-0.35453476574870435,-0.32694903097900163
1.216375,-0.30645116524408045,-0.19044757147108984
1.2165,-0.20416990159203605,-0.08269398011439076
1.216625,-0.013520005581807663,-0.16854608808480614
1.21675,0.11830135163660586,-0.4024980558784487
1.216875,0.06592781187537135,-0.43670900489108233
1.217,0.1468860226626413,-0.36265287583645406
1.217125,0.24601590419985334,-0.08984083496598866
1.21725,0.3835943477039712,0.060183757659395126
1.217375,0.3937285926609881,-0.07264444861409346
1.2175,0.26742856991499603,-0.31728303776578887
1.217625,0.21174417323206418,-0.3439036476926196
1.21775,0.2766022183674449,-0.17831816546127663
1.217875,0.3746582949455142,0.014724970882224365
1.218,0.4348240790897001,0.11208404571287262
1.218125,0.25783792162770613,0.14670439446054948
1.21825,0.05407139592607754,0.10704079597686474
1.218375,-0.16570425177536588,0.22409400181820582
1.2185,-0.13316938209752752,0.38167092932132146
1.218625,0.14390945756889878,0.39442504741951145
1.21875,0.3253141383625932,0.3112592767389482
1.218875,0.2916473129895434,0.24282206254015223
1.219,-0.006375714732042861,0.2067417536070955
1.219125,-0.1585401369370289,0.35833309539759894
1.21925,0.05575141122987553,0.35751687586439584
1.219375,0.3008263563952198,0.2937792892582089
1.2195,0.338425535696308,0.06801330539013724
1.219625,0.14197587020095914,-0.17782837199171012
1.21975,-0.13842654069542945,-0.13397858085941922
1.219875,-0.11869116386879885,0.13999133118619905
1.22,0.09411059530134651,0.3512416580572576
1.220125,0.2674405818824225,0.27717791972437145
1.22025,0.2080907838077586,-0.0012065515950736134
1.220375,0.04069850125537768,-0.11990630249858884
1.2205,-0.18055747781955014,-0.0038980139268484284
1.220625,-0.2346463282264124,0.25718571730722795
1.22075,-0.1716862930604492,0.30522392150873495
1.220875,-0.00855083328893678,0.10884177457980175
1.221,0.0831961985910695,-0.14239580010485536
1.221125,0.04592551546468521,-0.12274531323527903
1.22125,-0.0044872577874515976,0.09285495640473444
1.221375,-0.0058821753531319585,0.22659229519173354
1.2215,0.003002243385719972,0.20248203404754755
1.221625,0.016194456695046988,0.02976992301439493
1.22175,-0.09599508483302419,-0.16057004995571983
1.221875,-0.09740806949078996,-0.25718223705268023
1.222,-0.04851605530343609,-0.1392196745521643
1.222125,-0.001736060166471843,-0.08159464269677315
1.22225,-0.0054836903849200015,0.08121066537589143
1.222375,-0.03199103446581045,0.055038680261962854
1.2225,0.12084643297249462,0.014882477991054134
1.222625,0.17469260158928013,-0.006174712128141205
1.22275,0.009837288166852167,0.004022803741014058
1.222875,-0.3220024572858969,-0.016834481025798705
1.223,-0.49011548930319243,-0.06449441335218385
1.223125,-0.4417033865653559,-0.12473900324835349
1.22325,-0.25634004151064255,-0.06813008648020254
1.223375,-0.22287685042059735,-0.07026613754207238
1.2235,-0.2634691957045853,-0.02408016494372154
1.223625,-0.3399794396708765,-0.008141042731897691
1.22375,-0.28993216994745363,0.07079602973830071
1.223875,-0.3087838009115531,0.16023921914258205
1.224,-0.28627744637935243,-0.0016170535894539063
1.224125,-0.2461967707886473,-0.2160435128482859
1.22425,-0.10970028310654482,-0.4119311173963271
1.224375,-0.23639544900196074,-0.3700016913167647
1.2245,-0.21367473424973585,-0.29398956265019066
1.224625,-0.1798566006710442,-0.22703349893200325
1.22475,0.003963515393438602,-0.31553801807161813
1.224875,0.13490608409243288,-0.27795175695071095
1.225,0.2382413784709044,-0.25790521201064814
1.225125,0.30108249662094466,-0.23084649169746768
1.22525,0.22595250418069027,-0.2573983768709983
1.225375,0.28626511651279835,-0.17891908932107586
1.2255,0.3246218491653554,-0.13009631361558188
1.225625,0.26730331534685065,-0.19674723712420547
1.22575,0.2592534168986635,-0.20588620878209107
1.225875,0.06063775988169589,-0.19358912550465138
1.226,-0.025422697909948635,0.019627820368321825
1.226125,-0.019164527798574787,0.16958318743125114
1.22625,0.20163724614715142,0.27157488254996653
1.226375,0.2721936140473539,0.20037002227838963
1.2265,0.1578430332540962,0.19291915594663347
1.226625,0.08894356777481595,0.24910821525194446
1.22675,0.14794187070038223,0.31263236610141815
1.226875,0.33205297079774343,0.2582233728264335
1.227,0.4770864673764492,0.19683660202034073
1.227125,0.3890607160773681,0.07104322674040844
1.22725,0.16334684665877205,-0.014077762937416229
1.227375,-0.132847058731883,-0.007461930679935531
1.2275,-0.2851694077136686,0.16490885317421713
1.227625,-0.23177022703655367,0.2786946511728899
1.22775,-0.001417754053273114,0.16540213034144013
1.227875,0.025090865362669246,0.04822795690826867
1.228,-0.04053500084823759,0.16565503821711194
1.228125,-0.11178862376696617,0.3594282539445881
1.22825,0.06358764749104533,0.47543909062227735
1.228375,0.13756021421103132,0.36565502514471365
1.2285,0.02378833856557902,0.13457154370055796
1.228625,-0.17559356349936472,-0.11474321131352244
1.22875,-0.16210327434754657,-0.23761044438127427
1.228875,-0.015257531852400577,-0.17596156924442788
1.229,0.3311776106602546,-0.06384355037943795
1.229125,0.5168008705520409,0.036948846784831395
1.22925,0.29929506362677283,-0.000791390447942687
1.229375,-0.0629335959715098,-0.08449077584279169
1.2295,-0.25010650105038734,0.05558326871367711
1.229625,-0.25447015586447963,0.1261130083541654
1.22975,-0.24104637593127942,0.035355313265145974
1.229875,-0.22823950339284674,-0.11922135183184353
1.23,-0.24323438563248734,-0.17806451089263126
1.230125,-0.26330362960724396,0.014990248034087899
1.23025,-0.07994013373573677,0.30566536860386245
1.230375,0.10488265613783787,0.4719622388102799
1.2305,0.3047276729942293,0.25703947347582895
1.230625,0.2303417460968361,-0.0378049574420707
1.23075,0.003283478622991042,-0.22759004192286078
1.230875,-0.052143713264975515,-0.1798673485691236
1.231,0.07709135445912857,-0.17151822177366235
1.231125,0.28745490531977513,-0.2078998656789029
1.23125,0.2587914581799187,-0.29467530665131086
1.231375,-0.09492627688395262,-0.24722279232408995
1.2315,-0.41085317343416033,-0.11691773369448677
1.231625,-0.4573788308813631,0.11251382944430986
1.23175,-0.3666232907044188,0.27087463491019087
1.231875,-0.3415367255683077,0.2325411433436383
1.232,-0.2918346364334941,0.04234202273437242
1.232125,-0.21530305081303247,-0.07115538881491237
1.23225,-0.18013630907179604,0.06802711946014899
1.232375,-0.11408269467110714,0.2837017710895945
1.2325,-0.19036289309578544,0.21906337806332973
1.232625,-0.31031547192548903,-0.11357406101664223
1.23275,-0.46283365166492213,-0.35104441463047487
1.232875,-0.541494151578893,-0.4735347979717188
1.233,-0.4355337782370444,-0.3550206326803038
1.233125,-0.26514300514998274,-0.29863360101402375
1.23325,-0.1869442309298483,-0.2600058685784985
1.233375,-0.2608908140727389,-0.19024964190217195
1.2335,-0.1843629524620215,-0.1224192853729797
1.233625,-0.021477510386582032,-0.14915184427079836
1.23375,0.32906713529688797,-0.1266569122120294
1.233875,0.4319661928608739,-0.2459907439021396
1.234,0.43429747646306105,-0.38724595831326303
1.234125,0.2768876321527165,-0.4506883765847368
1.23425,0.22405614520360898,-0.35841417816177146
1.234375,0.3307119794890379,-0.1754825200864813
1.2345,0.4891028421449514,-0.1339943147864513
1.234625,0.45672204448729037,-0.17789521558066856
1.23475,0.34785487541990556,-0.17227863015509437
1.234875,0.3859981192635748,0.04041553238546808
1.235,0.47271904094504785,0.3141183800127568
1.235125,0.33061379924001955,0.43532857184577617
1.23525,0.16923858277253925,0.40037109773349433
1.235375,-0.01069499325992751,0.19521392584379937
1.2355,-0.044762270363170716,0.19395188217714
1.235625,-0.07440297545223988,0.35940682150505987
1.23575,-0.02955828072627251,0.45237197876369667
1.235875,-0.025011837113639458,0.46638845188256156
1.236,0.005256174217681063,0.3511203355695091
1.236125,0.09565407008444447,0.35970903086717265
1.23625,0.031230100317620857,0.378982639393674
1.236375,-0.12746316231857158,0.33501139031408367
1.2365,-0.2909799471710472,0.12382785598226714
1.236625,-0.121273537238974,-0.05903828996824177
1.23675,0.015814844303183802,-0.023541390589380085
1.236875,0.1607925189563389,-0.028242544582067076
1.237,0.2942033141359396,-0.027542826366608285
1.237125,0.38314091371043346,-0.011159099496945537
1.23725,0.295398373140029,0.029363509534750046
1.237375,0.09322356399420895,0.07573450740849628
1.2375,-0.18513435403327336,0.03333654265200508
1.237625,-0.4091795340825804,-0.1452529814290506
1.23775,-0.3197219973298216,-0.20512845527391776
1.237875,0.06946035292100716,-0.14164256621739382
1.238,0.30180588109756706,-0.0044484166344258705
1.238125,0.3120902009766827,0.165496568795003
1.23825,0.2139110289248205,0.2327676622470108
1.238375,-0.015406719895872872,0.2692681819253534
1.2385,-0.22042361254296763,0.22697173674873236
1.238625,-0.2608219413603494,0.1297499474487799
1.23875,-0.23406798936312767,-0.18806169316024085
1.238875,-0.19688910144190114,-0.3796742038227384
1.239,-0.22611473109384156,-0.26900076643225146
1.239125,-0.11433405147667025,0.053607524077114756
1.23925,-0.0005351555614401527,0.2626369350870087
1.239375,0.0164601515551563,0.2812256225433138
1.2395,-0.125620938159133,0.14867173358680996
1.239625,-0.34417213780567396,-0.02176577233497037
1.23975,-0.3014065243734926,-0.24856041224330236
1.239875,-0.1604638115722583,-0.23790077505672633
1.24,0.018623212029720934,-0.1780274293659524
1.240125,0.07385313508557298,-0.148434346755495
1.24025,0.030423978196873088,-0.18203958877172588
1.240375,-0.12809708640643427,-0.14646422975204793
1.2405,-0.4214754238084277,0.020764661574017053
1.240625,-0.7570032269563557,0.07287931669294886
1.24075,-0.7929266367374375,-0.07653312342125254
1.240875,-0.4855027784227887,-0.2929305781695141
1.241,-0.16585224863361062,-0.2300900598175009
1.241125,0.02379673651362929,-0.1335860456926354
1.24125,-0.1176046646273917,0.006429779271253325
1.241375,0.0054966657437388235,0.037497765054981015
1.2415,0.23952621580687145,0.022163679199843554
1.241625,0.29380190285195207,-0.09563912558713555
1.24175,0.1104815422080292,-0.3263085577786766
1.241875,-0.08983039261120127,-0.6297604348037447
1.242,-0.14034210383532175,-0.759763885230628
1.242125,0.0027700600687324767,-0.42524978724011503
1.24225,0.06322359310527852,-0.08181927537840812
1.242375,0.31849706211875606,0.004817034386143808
1.2425,0.5455958710712459,-0.06881790682692722
1.242625,0.7234439376055233,0.011776388872103333
1.24275,0.6183787204560643,0.2086036478988717
1.242875,0.32301579494669347,0.2495436132417999
1.243,0.16588600183722974,0.07714708300964257
1.243125,0.19937269054749754,-0.09259381095851571
1.24325,0.39220847579576096,-0.16113318411331085
1.243375,0.3199019864023524,-0.04616315954209936
1.2435,0.15818328353547076,0.07263754718733023
1.243625,0.08890829873789344,0.2596979846839408
1.24375,-0.04035307492691665,0.5219722581018926
1.243875,-0.17000611771990362,0.6685832692980991
1.244,-0.3141500392028615,0.5198711953602346
1.244125,-0.22083616869667264,0.2750669096987311
1.24425,-0.01990110275644048,0.1364499886084814
1.244375,0.21825682081529788,0.21349476170451323
1.2445,0.22781672868156813,0.30022388259146254
1.244625,0.06381643093943376,0.2821833525701731
1.24475,0.03686518599150489,0.15135267935190214
1.244875,0.020470593426603602,0.06314339579764561
1.245,0.053227387391617025,-0.03649359306339789
1.245125,-0.04057107536635212,-0.1994022038051871
1.24525,-0.07052512476707362,-0.2733743984913776
1.245375,0.0395823465839026,-0.1981600462285912
1.2455,0.276148505772577,0.02699995998414032
1.245625,0.41528331715923006,0.17580398503282862
1.24575,0.25610239547706387,0.1898055105247964
1.245875,-0.10459437014601529,0.07433823885804709
1.246,-0.29065572101955833,-0.02157888165891429
1.246125,-0.39210415991378245,-0.002557079567860262
1.24625,-0.2816843377557501,0.043694742639915546
1.246375,-0.14751263021189423,0.0057854506939641216
1.2465,-0.000762183072985734,-0.07534929523882997
1.246625,-0.05354404436256127,0.031241539755643633
1.24675,-0.015452535960139034,0.25913870063052447
1.246875,0.14726133556866194,0.32715299782448404
1.247,0.21015689550573532,0.18195038801302776
1.247125,0.11287203407618807,-0.060233441305612534
1.24725,-0.09569322909939593,-0.316686530634885
1.247375,-0.3794590839785992,-0.37338265812977334
1.2475,-0.4191040444361225,-0.24308966144864338
1.247625,-0.27037971059387705,-0.10885620722040663
1.24775,-0.014244543324820627,-0.01898495558323216
1.247875,0.133290619440418,-0.031753441706248976
1.248,0.09567439256814163,-0.01116068313920777
1.248125,0.03519406081962506,0.05563900919213368
1.24825,-0.02599448581091871,0.15264057173885848
1.248375,-0.03947268954136459,0.12921374456015092
1.2485,-0.2253148160174217,-0.09053299800706971
1.248625,-0.4467404665437183,-0.3553049319752096
1.24875,-0.519255358264287,-0.3809045885459779
1.248875,-0.33580028235527715,-0.21186459315289966
1.249,-0.09677943118339316,-0.033427684052664365
1.249125,-0.002552743852335037,0.08036111143483196
1.24925,-0.09357118357965565,0.10407282197429862
1.249375,-0.2093198359008081,-0.004596881870135496
1.2495,-0.24022530221422222,0.03430042046254272
1.249625,-0.16647654218831567,-0.05560445061992398
1.24975,-0.05496314732628743,-0.2237086104202046
1.249875,0.13323643273493782,-0.39916964413973166
1.25,0.13996122791177645,-0.42437446202564433
1.250125,0.09525451933293605,-0.2707760968381086
1.25025,0.07070063434168458,-0.13491329290321763
1.250375,0.009518336836225834,-0.0620016784987928
1.2505,-0.1559231019742333,-0.07993157527675411
1.250625,-0.19638859609172743,-0.21175062517591117
1.25075,-0.07264902110210399,-0.2339471798010698
1.250875,0.16004677218890517,-0.10667656588956283
1.251,0.3605617890899908,0.013615432842134177
1.251125,0.3999963069771477,0.16632581214404257
1.25125,0.29698954136159356,0.1539205253498451
1.251375,0.2001763893364524,0.08018499891766685
1.2515,0.08014182002804754,0.09905675801185215
1.251625,0.03686465961058647,0.03689685408984511
1.25175,0.028548660290840744,-0.11987638072912599
1.251875,-0.0675459287668402,-0.24699867475944767
1.252,-0.03096859979892641,-0.07909746391458133
1.252125,0.15863700056354552,0.16604346536535883
1.25225,0.30740264709855597,0.37218790468506696
1.252375,0.3359174362281733,0.4191002291690124
1.2525,0.29099645330237617,0.29707927143356794
1.252625,0.17591616086716189,0.21921575712832184
1.25275,0.08196628203677928,0.1143570906458173
1.252875,0.02105740525614147,0.04790985970527804
1.253,-0.0071341142167527976,-0.030925761961784703
1.253125,-0.05124480868128907,-0.03515797430243706
1.25325,0.10638800377786455,0.023313283386371193
1.253375,0.23492569733625804,0.18112178652037195
1.2535,0.3406728303352721,0.28230900611065074
1.253625,0.3012581845056593,0.3261504146830471
1.25375,0.2081027650453617,0.3072277399458746
1.253875,0.12428752758478329,0.17166210795564205
1.254,0.07657719344745276,0.03158318170226921
1.254125,-0.08683973353612534,0.04094491510921462
1.25425,-0.2797381725157842,-0.05393887288962594
1.254375,-0.3691393517979036,-0.049209545497111054
1.2545,-0.2103637903891082,0.005920047432872717
1.254625,-0.01912238426446653,0.1644284475583075
1.25475,-0.01596829326142941,0.3540434583806486
1.254875,-0.13316112356094173,0.23835828688715333
1.255,-0.24239428763966028,0.18659363550916874
1.255125,-0.1671171234898236,0.18354767947512204
1.25525,-0.13995456701918774,0.09577590954546998
1.255375,-0.08323027445879169,-0.1054132409191337
1.2555,0.026161356001426713,-0.26296258706873776
1.255625,0.029766086240660572,-0.3198496618009317
1.25575,0.082791858553437,-0.19098175514942553
1.255875,0.23545738518636697,-0.03518210824200517
1.256,0.2998497509043086,-0.018929932201731666
1.256125,0.19963158560991934,-0.15185309477217085
1.25625,-0.08583074432121604,-0.22159779983616282
1.256375,-0.36754663607893806,-0.1966902738477826
1.2565,-0.39165741820839417,-0.07380784845994297
1.256625,-0.2525384576985829,-0.09729046373954149
1.25675,-0.12129973759229042,-0.03286805440511946
1.256875,-0.08638539208960479,0.03365814950165102
1.257,-0.3490335043988807,0.12864071758585244
1.257125,-0.4880403617784113,0.22525407175819578
1.25725,-0.6087505104406888,0.254450729964072
1.257375,-0.6633593831162894,0.18312758090523737
1.2575,-0.7154591599301255,-0.11867030088997926
1.257625,-0.5537205928402404,-0.32397116542202153
1.25775,-0.2572815428530036,-0.33549237834454143
1.257875,0.023347309472268696,-0.23023016971994498
1.258,0.19674533180141238,-0.06901099510602594
1.258125,0.1360384736955263,-0.15769122753586085
1.25825,-0.0686592992275707,-0.2805957788507158
1.258375,-0.21053284894052773,-0.4283983659101575
1.2585,-0.07314560320573818,-0.5015326294176442
1.258625,0.30967450497165055,-0.630323992880703
1.25875,0.4446843758276118,-0.616570998531746
1.258875,0.4474104783197229,-0.49310232694481787
1.259,0.2370801198112819,-0.2162184418176033
1.259125,0.37361126823445173,0.024454148975694846
1.25925,0.7550312039153114,0.17027788390711263
1.259375,0.8475179115285055,0.12059513731131566
1.2595,0.4692192459282444,-0.04888904827790625
1.259625,-0.035569240943646344,-0.1716746760569346
1.25975,-0.3704597238722343,-0.05409404884548541
1.259875,-0.18015914045690887,0.2834816464499824
1.26,0.13291222453660576,0.38095468496604135
1.260125,0.2728164718936641,0.32711604265753547
1.26025,0.22508765842290923,0.22433202889064452
1.260375,0.12133657713570377,0.3494525717188667
1.2605,0.17441189864302367,0.7070194121921713
1.260625,0.32104899262184483,0.7430053226755148
1.26075,0.20494268146438102,0.43067640195923423
1.260875,0.01657760054265479,-0.08784110577315532
1.261,-0.06732070180028898,-0.289593809360368
1.261125,-0.09645483041737911,-0.1440660901900944
1.26125,-0.016054506384645797,0.12080253064380979
1.261375,0.045698584914365944,0.21753896933103065
1.2615,-0.0644512687328243,0.15190036991795877
1.261625,-0.10561863628607511,0.08219796262541722
1.26175,-0.03947413803827143,0.16017609660098542
1.261875,0.005548160217199217,0.28128964916322285
1.262,0.10555047121827149,0.21029887935505312
1.262125,0.09360250121163059,0.07867759921546483
1.26225,0.023653538964503586,-0.04644092729426719
1.262375,0.022628235269026936,-0.08437351185924277
1.2625,0.037009705176148384,-0.025624101908350058
1.262625,0.0608402171245909,-0.014717339969248887
1.26275,0.0163854415269768,-0.013955956616325767
1.262875,-0.21079508102154978,-0.07484245754106378
1.263,-0.367856379088224,-0.01560770443149189
1.263125,-0.1501209290125133,0.009749849873481856
1.26325,0.05912507906752444,0.10381834244191249
1.263375,0.08088186313678572,0.14184518194613768
1.2635,-0.0197983578569124,0.01671976084694684
1.263625,0.03157625465416729,-0.03372647315304462
1.26375,0.10290294637976999,0.05871248313105702
1.263875,0.07251740704757766,0.03372353962786204
1.264,-0.04777326681596765,-0.03385043383833108
1.264125,-0.15464553672464904,-0.20000661451787005
1.26425,-0.1766268343901535,-0.3212352477628149
1.264375,-0.0854512525620373,-0.15329640300431036
1.2645,-0.04809162012978176,0.09365036560455496
1.264625,-0.0682266062223671,0.050085706805111166
1.26475,-0.021723608406865904,-0.0036792179029797637
1.264875,0.06994291610740211,-0.020431103757291142
1.265,-0.08531565822587993,0.08369773564815693
1.265125,-0.40258540716566804,0.03416583051567671
1.26525,-0.5104275613883041,-0.08609828116996293
1.265375,-0.3811663658406517,-0.15369172349830174
1.2655,-0.2277647612635054,-0.18314956462623772
1.265625,-0.03881513204383858,-0.07587523331168729
1.26575,-0.13485618520971232,-0.0344415594067432
1.265875,-0.2942709895748625,-0.04577230062230057
1.266,-0.2766425371005962,0.009076292167901621
1.266125,-0.14494709046184973,0.0598785973611586
1.26625,-0.03516304794248048,-0.07191026814055958
1.266375,-0.08418648703649906,-0.3775146055984667
1.2665,-0.23401474432741864,-0.47296105503478575
1.266625,-0.37231790704376333,-0.361720618402972
1.26675,-0.3478787782031647,-0.175108746594613
1.266875,-0.019994584072926442,-0.03551433710795534
1.267,0.19402037244220063,-0.08276475748823948
1.267125,0.3209315827992774,-0.2557902926269283
1.26725,0.2967457535179875,-0.25471265801940934
1.267375,0.2352631384297477,-0.12273505314269595
1.2675,0.2940833253132844,0.02609525143150106
1.267625,0.353932799752405,-0.03174972771163989
1.26775,0.46563665100897744,-0.19317413989062976
1.267875,0.4492507498910156,-0.36502076704428704
1.268,0.4615294349451228,-0.27334049652702297
1.268125,0.4793877858303582,-0.05568244749217567
1.26825,0.36103651092239114,0.22645737003523056
1.268375,0.21133283543937406,0.28242659116193786
1.2685,-0.05692245149300236,0.23101988218577696
1.268625,-0.24503827194580222,0.24054219062518473
1.26875,-0.19024918917301184,0.28173180417470106
1.268875,0.03769623502038515,0.31623075241432
1.269,0.19404963886357268,0.3865292530993099
1.269125,0.08015198981535059,0.4071935113607083
1.26925,0.09472584232885162,0.35146719841516655
1.269375,-0.09734410767416647,0.4706890068622697
1.2695,-0.15549613324332254,0.37426940325023245
1.269625,-0.2015863890908554,0.11681724937484951
1.26975,-0.1505227448267834,-0.0837762215642132
1.269875,0.03963756984896079,-0.21935615723549953
1.27,0.2789286675147822,-0.1859693943788636
1.270125,0.42792197289942174,0.06154636699064092
1.27025,0.46243728041695886,0.1263466430330907
1.270375,0.3106546416347539,0.09624125273260341
1.2705,-0.1263181088079386,0.03513219653534423
1.270625,-0.36155592341124076,-0.042433764876588405
1.27075,-0.2999634531908681,-0.17014120144238837
1.270875,-0.19653982503615253,-0.14688843801595836
1.271,-0.04146156926631084,-0.10886977178136491
1.271125,-0.014410505539284227,0.07858535971402603
1.27125,0.006172627265271403,0.27961476870058066
1.271375,0.06770999124927131,0.44802670129625194
1.2715,0.17695079964480834,0.44075662974860574
1.271625,0.22106944121431793,0.23988711950028302
1.27175,0.09789758544102287,-0.09721600511842995
1.271875,-0.005600796338287278,-0.27474734457571787
1.272,-0.054879089133014466,-0.277449270997567
1.272125,0.04659997050456323,-0.20433824706502912
1.27225,0.07896660807594075,-0.04233863063336508
1.272375,-0.03706229807426211,-0.01625322496484687
1.2725,-0.04369757737881204,-0.002245347863647131
1.272625,-0.06988858260220945,0.05559957442701655
1.27275,-0.11095679151197617,0.19810212132288393
1.272875,-0.32462835976887217,0.15164681388822596
1.273,-0.5298511938609518,0.11658033245576871
1.273125,-0.45855595460281734,0.01596759212208226
1.27325,-0.20615592139031244,-0.009593353425626314
1.273375,0.010704604007829072,0.0852988725544488
1.2735,0.10019767093844645,0.11108174482142619
1.273625,-0.016134487179709087,0.006965072481862762
1.27375,-0.27832790058123535,-0.08619916410227822
1.273875,-0.40356471062472127,-0.05781783934821605
1.274,-0.4107844910625981,-0.12229031102916472
1.274125,-0.4410579045634176,-0.30776221453488184
1.27425,-0.3552570975249907,-0.44186105966683287
1.274375,-0.15279079614019797,-0.4599291825560998
1.2745,-0.19687509485741436,-0.15661332005065484
1.274625,-0.14419087251307874,-0.022884345902678318
1.27475,-0.11549600766873451,0.05273185178378325
1.274875,0.0389822851232966,-0.016064134168814727
1.275,0.04317371703088527,-0.26095907846911615
1.275125,-0.04636357817735229,-0.31962624909317816
1.27525,-0.078797424183634,-0.360305973637823
1.275375,-0.07697175567824381,-0.3865808445068587
1.2755,-0.04642496274537632,-0.3109738363728025
1.275625,-0.026874202056459472,-0.20683733622301415
1.27575,0.24778849643657327,-0.17419640055527597
1.275875,0.6697421214728627,-0.15767573244247704
1.276,0.8330324951685508,-0.09116191550471672
1.276125,0.49236427606371835,-0.02049849803102599
1.27625,0.07140929372549985,0.04662898374600311
1.276375,-0.1288683601177949,-0.04500552638462239
1.2765,0.10710151189810407,-0.04238337802363684
1.276625,0.4092311547872876,-0.02554475123178637
1.27675,0.5111647730764287,-0.0907396542233618
1.276875,0.33057957051436854,-0.0640315413662224
1.277,0.2578477579965088,0.2148477021146693
1.277125,0.22691967322420997,0.5660433191225328
1.27725,0.17956875631555327,0.7501563990830594
1.277375,0.08892418795111344,0.460350820612662
1.2775,0.03686215893272044,0.04046452480566308
1.277625,0.024676182332646224,-0.0967387338472504
1.27775,-0.023825447336433055,0.1259844962008657
1.277875,-0.06185373475959174,0.3853438548298554
1.278,0.00811012934177817,0.4070477477261913
1.278125,0.0324019654291206,0.3173665263255855
1.27825,0.07648315704888388,0.16754175480935332
1.278375,0.06976001552698578,0.21721889089675658
1.2785,-0.013312303829112537,0.17111372507048467
1.278625,-0.10770749869975157,0.12884665283626104
1.27875,-0.12922701706388495,0.08204333309856617
1.278875,-0.07099552608176492,0.0514085967963202
1.279,0.1702183113665399,-0.019683717446492558
1.279125,0.3192290933844445,-0.06285307799996719
1.27925,0.29955125695870144,0.007585217115760525
1.279375,0.11173649252776544,0.030082693465488197
1.2795,-0.21027182842335315,0.05025341410960211
1.279625,-0.4071142678541265,0.07879919946971777
1.27975,-0.29241280103856654,-0.005113546167913412
1.279875,-0.14511349450978892,-0.10159778703182455
1.28,-0.1532281344787959,-0.15711222055119733
1.280125,-0.1995717489075883,-0.06781584866166035
1.28025,-0.23039092896358995,0.16537081928028133
1.280375,-0.11011248643743801,0.3201571267872119
1.2805,0.03358360297888897,0.2827633103453999
1.280625,-0.03357964736052315,0.0682431640660698
1.28075,-0.20092725932054523,-0.1974786868773885
1.280875,-0.1494800769754997,-0.29682162700344583
1.281,0.06446251581057301,-0.22939754564474377
1.281125,0.19798315030885932,-0.12072643799295806
1.28125,0.18474467857838534,-0.13042173485130873
1.281375,0.10505810329392143,-0.15777996357953367
1.2815,-0.05254722796036486,-0.2013260027824728
1.281625,-0.14182510110398053,-0.08719132506903401
1.28175,-0.27121027790419927,0.015041848081163796
1.281875,-0.4179214519568502,-0.03451641327640225
1.282,-0.4324092031003454,-0.16767355293161632
1.282125,-0.4080429759319692,-0.14624021212544974
1.28225,-0.3691904231075963,0.011388464813767846
1.282375,-0.31651457211083156,0.20883178468858346
1.2825,-0.13583805712830815,0.16412041690219023
1.282625,-0.028614552667013415,0.049161717983525255
1.28275,-0.06400550336049078,-0.040775754515635636
1.282875,-0.18703721869760215,-0.11902348129726797
1.283,-0.37620677413474585,-0.2554695130380079
1.283125,-0.32419103145706873,-0.3910676583987069
1.28325,-0.00710546189275946,-0.4151223364464637
1.283375,0.34631571089779867,-0.32467364980614005
1.2835,0.5217121785827058,-0.3165034259649343
1.283625,0.4820356976145682,-0.29437855431615867
1.28375,0.2783432174388713,-0.14544073843972372
1.283875,0.06155286039055758,-0.008473177986264428
1.284,-0.11623498689086956,0.015983575035520604
1.284125,-0.16030948118470054,-0.11280526048993031
1.28425,0.018790059065853265,-0.3031758650816263
1.284375,0.3569141842907713,-0.32275855757159366
1.2845,0.5671009126159322,-0.018374618388466733
1.284625,0.447142445152882,0.3233002365134435
1.28475,0.3489194910448758,0.49519603984139127
1.284875,0.26069912918128185,0.4276921266585149
1.285,0.08843831017319911,0.25249188224591285
1.285125,-0.14079994622991457,0.06805067602954648
1.28525,-0.1676621625218398,-0.1104105382816837
1.285375,-0.07917561611905069,-0.1410130588465355
1.2855,0.12709493069469976,0.06919950459176925
1.285625,0.08053367422612706,0.3061781656977
1.28575,0.024676076019517573,0.5013495792161742
1.285875,0.06783877781494692,0.4353083129835284
1.286,0.18441653200252683,0.3122584572269054
1.286125,0.2119894078072278,0.24741727450061157
1.28625,0.006070826589099916,0.10898736273014055
1.286375,-0.023680872496706928,-0.12547278581643273
1.2865,-0.1764728865984268,-0.19127778137383492
1.286625,-0.08023185037941899,-0.04757662794708289
1.28675,0.2630624662424608,0.09693585000959845
1.286875,0.4236789641898672,0.12990252791718165
1.287,0.302187618619028,-0.004078841706433668
1.287125,0.17971468892479103,0.04768371791061039
1.28725,-0.0213153723545507,0.14557326392829284
1.287375,-0.09897480704989424,0.14444990549226244
1.2875,-0.2065929772527434,0.03478341125311989
1.287625,-0.15269637955126453,-0.07346937996792952
1.28775,0.019996387147509308,-0.1823527092604363
1.287875,0.2408769727915453,-0.053320845964891325
1.288,0.1170031043151056,0.21831825708944846
1.288125,-0.09200502938762611,0.4253812125302328
1.28825,-0.2838839116543908,0.3296727938321851
1.288375,-0.21020499210024357,0.11173320631236444
1.2885,0.02708658592809712,-0.004797600898003105
1.288625,0.0998553149562495,-0.1529357441281796
1.28875,-0.14567590539681105,-0.14538483962329085
1.288875,-0.21932150202711195,-0.09906065742118784
1.289,-0.08989884374103235,0.07395509422686244
1.289125,0.17081065802448078,0.1497920357433985
1.28925,0.16121438833280163,0.11097219040330028
1.289375,-0.16073177297131766,-0.06666103158640288
1.2895,-0.3827414553367637,-0.27012374090382035
1.289625,-0.4578105868030378,-0.13937734157231907
1.28975,-0.24135706506357843,0.011825050843243595
1.289875,-0.011418661939961874,0.06268861761738546
1.29,0.04746356632528249,-0.06416407392682108
1.290125,0.0874509461664053,-0.2057041662712267
1.29025,0.08631629688407005,-0.05654261340324182
1.290375,-0.034296788120515,0.1381042381285498
1.2905,-0.25230583697770825,0.1681944052834683
1.290625,-0.5295677764279777,-0.15806979171622373
1.29075,-0.607087686114704,-0.3578809265225677
1.290875,-0.5635675726819269,-0.3541396885995758
1.291,-0.32630892002252,-0.23141718181970786
1.291125,-0.25099074253394665,0.02059881591776091
1.29125,-0.31117485273964696,0.07184294846944136
1.291375,-0.057207524117755294,0.12013912398926559
1.2915,0.07451518286888749,0.07559439102353865
1.291625,0.14232438839445188,-0.05523720635967806
1.29175,0.05404217121800323,-0.21297251652631832
1.291875,-0.004666674921632477,-0.45535689584309014
1.292,-0.028473630043961685,-0.5562912629791055
1.292125,0.04577970014140468,-0.471700906754822
1.29225,0.13095674900259316,-0.300514618252274
1.292375,0.4558744292565859,-0.250038550273009
1.2925,0.7022833156679249,-0.21357214204565622
1.292625,0.554600064323719,-0.15365312305979337
1.29275,0.207752932528883,0.1236539033556604
1.292875,0.03912504655497403,0.13145508637222975
1.293,0.05718316292188436,0.055238797743405954
1.293125,0.31219402855468614,-0.018669160374638408
1.29325,0.3622492773906562,-0.016621345266063993
1.293375,0.1383179545742405,0.03269721463789866
1.2935,0.03402036669236678,0.14649036137038735
1.293625,0.21941452142591816,0.39227936677553205
1.29375,0.3107949427078019,0.6225566972540081
1.293875,0.344944304636394,0.47266757210557614
1.294,0.1888869402014193,0.16012652265828245
1.294125,-0.04620080734516388,0.030677878757386895
1.29425,-0.26881842799577915,0.10107739992466393
1.294375,-0.28720395273884963,0.26174510079055263
1.2945,-0.10063427177295602,0.3213222544337894
1.294625,-0.012502057112510154,0.12234384973213128
1.29475,0.03881010503043965,0.02937194675028742
1.294875,0.15200431027309194,0.12532303401903827
1.295,0.14131815649951782,0.3098367286797648
1.295125,-0.0038463035933288623,0.3246772378829111
1.29525,-0.05703545628066907,0.19712503477845117
1.295375,0.03175315072972425,-0.08063271266039446
1.2955,0.19306496665250258,-0.22325182617939368
1.295625,0.2690288470934507,-0.19422000662621167
1.29575,0.2085824321885083,-0.10605098427935294
1.295875,0.1631711750161084,-0.07137624858532042
1.296,0.2137438463783926,0.03514530028102117
1.296125,0.13840605058120867,0.1611693171731148
1.29625,-0.07187028078978953,0.13869468946128288
1.296375,-0.3696174210787907,-0.040300213512081864
1.2965,-0.5155104082153712,0.01649464240149092
1.296625,-0.3415431458921286,0.032276031144284345
1.29675,0.016289752780881822,0.20816534410355828
1.296875,0.10829344129179959,0.25448954294521614
1.297,0.024592332811638917,0.20247274685122346
1.297125,-0.08969616407459427,0.15031587758967827
1.29725,-0.09528220422205515,0.16576300146061174
1.297375,-0.04744880280026997,0.15848695297963147
1.2975,-0.026121513000293205,-0.045788731945641176
1.297625,-0.20059596503924657,-0.3153092224556035
1.29775,-0.36053205691895174,-0.4607200892115619
1.297875,-0.32493369679684053,-0.2984678570653124
1.298,0.004868087691348396,-0.05881594104688117
1.298125,0.2277488548563201,0.09568111566489063
1.29825,0.086143917678781,-0.005357703676335867
1.298375,-0.21136558267948544,-0.08137474123402769
1.2985,-0.3543105473725681,-0.10386772871353538
1.298625,-0.35041845363663476,-0.0455027029659174
1.29875,-0.30149378397654136,-0.005861961344103187
1.298875,-0.35332786574854247,-0.19590892270738286
1.299,-0.34436007124073337,-0.34999316752181103
1.299125,-0.21108320215102788,-0.22437870377996988
1.29925,0.09497572619807931,-0.008897444417493874
1.299375,0.3304741371772698,0.14214478707534248
1.2995,0.301377408276629,0.04003234156209728
1.299625,-0.07844970642206674,-0.16287140167311784
1.29975,-0.35548429007896903,-0.32392258616402936
1.299875,-0.34364352791219704,-0.31126060283994184
1.3,-0.1039117367919894,-0.2839093373770792
1.300125,0.12732427797193224,-0.2577366333794913
1.30025,0.1820225025915548,-0.35282390648804685
1.300375,0.08775195241970611,-0.21364587470222615
1.3005,0.10313335964520921,0.05907372566779947
1.300625,0.16919970686696176,0.2974224840113604
1.30075,0.18807628423012068,0.20738087750860507
1.300875,0.22865977090842798,-0.06506955140483453
1.301,0.14149320237831414,-0.2995625440773597
1.301125,0.026711779775562508,-0.31582542798763213
1.30125,0.1869372667763772,-0.12414201300200713
1.301375,0.34756582850236367,0.10186596176296994
1.3015,0.3205769061246429,0.16009049638316716
1.301625,0.0795739934862055,0.11050527773035235
1.30175,-0.13274892499683894,0.12051926283555528
1.301875,-0.19133324060926385,0.13787918654307368
1.302,-0.0036360018392676574,0.20001327041433817
1.302125,0.1328533324910646,0.22742014411677927
1.30225,0.248669941912043,0.1501480984864712
1.302375,0.3227245501059087,0.05062297660225043
1.3025,0.2782939346442306,0.19060379865936172
1.302625,0.15560249580695618,0.3137932325595837
1.30275,0.17607749567523984,0.25071814495134087
1.302875,0.07570407306641785,0.06238801982359204
1.303,-0.148072679486236,-0.12927728147726783
1.303125,-0.169182974422411,-0.12667823326180777
1.30325,-0.0021107061499149467,0.03782669589941491
1.303375,0.21640860332000325,0.12459509521995625
1.3035,0.42724255339032713,0.19122145347476988
1.303625,0.4143963426501655,0.25797712327902833
1.30375,0.24260910549505477,0.24597163041723646
1.303875,-0.11203218410103963,0.16872869978682678
1.304,-0.39819685519708353,0.18268979231360966
1.304125,-0.23871316991778554,0.07779219933937388
1.30425,-0.05491348130552341,-0.1360220765503545
1.304375,-0.07497387596551396,-0.10463545547120864
1.3045,-0.17155290211706226,0.0027910657848928353
1.304625,-0.1560681509689311,0.15611819590696935
1.30475,0.053161867614625755,0.38134962386016535
1.304875,0.31845005671752624,0.40793381487954516
1.305,0.3945994270564398,0.25933851536039276
1.305125,0.09245026847127882,-0.07650235674514358
1.30525,-0.29361924616416296,-0.3596732028432914
1.305375,-0.4815930229758219,-0.24730024672412135
1.3055,-0.35085285653249815,-0.023202156268171868
1.305625,0.044683972819805205,-0.021714821369440876
1.30575,0.34979069009084823,-0.12980961799075091
1.305875,0.2761662875605597,-0.17643092338400795
1.306,-0.038310606390641266,0.06576131806183896
1.306125,-0.42362865245578296,0.33169991682685207
1.30625,-0.5381484379228447,0.3145752416782664
1.306375,-0.513440953977953,0.0801951014438537
1.3065,-0.27784718427372745,-0.26589450454415897
1.306625,-0.14671780252903321,-0.4435784056293031
1.30675,-0.028911706456926405,-0.2819602336832584
1.306875,0.09338383770022089,0.03997615861242522
1.307,-0.05028895838146681,0.3746679153523007
1.307125,-0.22158332440734946,0.2640049896985082
1.30725,-0.3633188746557975,-0.09213391513422732
1.307375,-0.45118590411533055,-0.3461590741139123
1.3075,-0.5846335343927367,-0.44638131314034823
1.307625,-0.5207547424479289,-0.37878364027583106
1.30775,-0.4005331782391323,-0.26140954138739597
1.307875,0.007999444887120944,-0.12469742043037753
1.308,0.29936222338258567,0.034553896604482236
1.308125,0.3754597268899083,0.02419699411261201
1.30825,0.18889629318757145,-0.03399566122483478
1.308375,0.001666122990326738,-0.17898848784328847
1.3085,-0.05868336187697244,-0.3585878834741577
1.308625,-0.2296147501493374,-0.37492503254499404
1.30875,-0.10863981052661659,-0.5002924449889696
1.308875,0.1934693341536422,-0.5169871050154925
1.309,0.5428317505601467,-0.2865096633243881
1.309125,0.4149187701208574,0.022696506155414877
1.30925,0.14799169093759487,0.2877898382018547
1.309375,-0.10806674782724077,0.30751499760566176
1.3095,-0.018459232073374278,0.13637277444631501
1.309625,0.2922577933650546,0.013089305744696779
1.30975,0.38408555829550994,-0.040760653379958794
1.309875,0.1053684205899633,-0.1380448325774173
1.31,0.006298357163830347,-0.06924274590665726
1.310125,0.1308042780053181,0.181402435018479
1.31025,0.2794422393202286,0.4619727372538491
1.310375,0.2982647144755552,0.4160403859243034
1.3105,0.21493968982076989,0.14966780855996528
1.310625,0.02917134619356124,-0.1321651428524471
1.31075,0.02041560785383249,0.0035394787789089755
1.310875,-0.11966163130810958,0.277933124222177
1.311,-0.17419550449048013,0.3625084746287224
1.311125,0.11350695221504356,0.11020979825543631
1.31125,0.37350531600978715,0.02637456947941748
1.311375,0.4372840853868788,0.12760716530568125
1.3115,0.44879938819149534,0.22557199571080822
1.311625,0.17284457400739908,0.2615898676900095
1.31175,0.09888268841383492,0.22705049735667554
1.311875,-0.020297476223425596,0.05702292513782487
1.312,-0.06906811023606355,0.02668234792920166
1.312125,-0.10459169188647886,-0.08867163522240472
1.31225,-0.011318037890209059,-0.14884229221797343
1.312375,-0.016525947175957737,0.05829359702215142
1.3125,-0.0681065940287413,0.32469154168889947
1.312625,-0.19084598895752847,0.4357389905233195
1.31275,-0.2986053569462423,0.40863177162726505
1.312875,-0.2230522594804758,0.20559191706977903
1.313,-0.06452021261934086,0.08673959316291559
1.313125,0.09496920986934812,0.009656998452369883
1.31325,0.11198289826346082,-0.1006974806036324
1.313375,-0.03348676713252686,-0.038042621725487384
1.3135,-0.10419965490834421,0.032309650703160664
1.313625,-0.07656381006875543,-0.02187379290004239
1.31375,0.07032977397723615,-0.04127652185689282
1.313875,-0.014566247469349305,-0.14142251896360558
1.314,-0.17841849623716283,-0.2426343929514328
1.314125,-0.36128765651626177,-0.18952447229520772
1.31425,-0.40122492908439283,-0.031627035203712725
1.314375,-0.3404287290471591,0.08055869176717838
1.3145,-0.06756742592708229,0.06336240777341838
1.314625,0.241336213296115,-0.05938269940300234
1.31475,0.3341270919639443,-0.11285247778786621
1.314875,0.011928237568872438,-0.06312476411592008
1.315,-0.38214097734506575,0.01861934568143957
1.315125,-0.45459874621876245,0.006339680286939554
1.31525,-0.27475346442489373,-0.17430995934831772
1.315375,-0.12035166468004987,-0.2751857923221147
1.3155,-0.05830804438488368,-0.40195704304589214
1.315625,-0.07303322331637771,-0.3168658903911345
1.31575,0.10029225495639242,-0.019789014724722786
1.315875,0.24575944641499067,0.2068745812051298
1.316,-0.08863328507232604,0.28023584310635075
1.316125,-0.5064376216775243,0.004396148970426538
1.31625,-0.4680406708387961,-0.3316757262150551
1.316375,-0.23344194599967102,-0.3855178366678585
1.3165,0.07684639862632894,-0.2982977783064695
1.316625,0.11882994017274477,-0.09102296369792211
1.31675,0.12368827008408331,-0.021562341961615238
1.316875,0.2095723796605615,-0.0601857427642959
1.317,0.23247156452947865,0.07499364466572207
1.317125,0.15998895342591007,0.1927518689694704
1.31725,0.1807563636878599,-0.08196855948411706
1.317375,0.22792361042611642,-0.43837212650663887
1.3175,0.11825695699197565,-0.4360904507881856
1.317625,-0.09875283186474666,-0.2377191539385436
1.31775,-0.14928037833003396,0.04367320405671872
1.317875,0.026542582417456786,0.09875573995746015
1.318,0.41015986735106463,0.10151618287343983
1.318125,0.5381461036478257,0.19593362243740006
1.31825,0.29520591776700905,0.20507937779234314
1.318375,0.04147591327771969,0.10433836474344792
1.3185,-0.10521962837347389,0.13874161298102014
1.318625,-0.2555636394971484,0.1981249103657402
1.31875,-0.1643385337399053,0.13949079327517513
1.318875,0.0014273775165571686,-0.08770010332212344
1.319,0.38370391102116064,-0.16960278866814182
1.319125,0.5443738293587833,0.1189024017904898
1.31925,0.38088359935985056,0.38717377068183356
1.319375,0.1634079408914252,0.43639727197443284
1.3195,0.019110814974529756,0.28988432096285033
1.319625,-0.10588584409059675,0.013911228395850515
1.31975,-0.04170664005278338,-0.14729360887965356
1.319875,-0.04449318084096606,-0.17536073109594993
1.32,0.03490852756377875,-0.15464355307780434
1.320125,0.27101388536339555,-0.015490314803309955
1.32025,0.3970231859763712,0.2895757777527561
1.320375,0.17999660718101854,0.5002781197403311
1.3205,0.04120488881942836,0.3484286754494331
1.320625,0.01624173487601374,0.1697255488396523
1.32075,0.049046402339109174,-0.012471591286147147
1.320875,-0.0238546225189653,-0.016620881913794884
1.321,-0.23475605313484904,-0.058277215360949514
1.321125,-0.35034023370848805,-0.01639832671098527
1.32125,-0.18823861108445308,0.010697303811137055
1.321375,0.19102743330685384,0.2523357794006277
1.3215,0.3293384794453596,0.3356811179221526
1.321625,-0.05226184071945786,0.20230508714231057
1.32175,-0.5022928627635307,0.033950907338416346
1.321875,-0.5895976600826881,0.051715716129535245
1.322,-0.26341533111555154,0.10526498830564208
1.322125,0.1905428538169606,-0.00041732872039736813
1.32225,0.17924025451627884,-0.18594095878718153
1.322375,0.10056326674063243,-0.33101850563516133
1.3225,0.18333069115196945,-0.15190720877407005
1.322625,0.1366811478963408,0.16693656963852252
1.32275,0.12516914024105186,0.29812356806236884
1.322875,-0.12058445394788841,-0.04344313931428438
1.323,-0.2747771343324069,-0.42484106490536416
1.323125,-0.2855757323526543,-0.538646054761361
1.32325,-0.16206934096409892,-0.17547048245815175
1.323375,-0.13770087700886446,0.09596981182140933
1.3235,-0.16973365539921675,0.19258368394642067
1.323625,-0.14771378135286328,0.1485674019145195
1.32375,-0.160515615576245,0.10553266955738622
1.323875,-0.34708226156627087,0.14371286731179225
1.324,-0.43466460065912965,0.07257639938084412
1.324125,-0.44440025337775807,-0.10923925546078915
1.32425,-0.26986035128806096,-0.2970549000040983
1.324375,-0.17781717543249506,-0.2086179493080488
1.3245,-0.1956696534593699,-0.15903531220901834
1.324625,-0.06524690786307964,-0.16071332570334537
1.32475,0.20691231667655766,-0.1700699487588136
1.324875,0.24185048595715122,-0.17765623840928835
1.325,0.052257486057246526,-0.2075928407327164
1.325125,-0.13774870207353598,-0.323017473394715
1.32525,-0.22625945376490467,-0.4336489234339947
1.325375,-0.02238355379017223,-0.39661859152128753
1.3255,0.306775652243759,-0.2980341058363731
1.325625,0.4579496473037595,-0.12073905159638382
1.32575,0.26824146736177,-0.16579206522781983
1.325875,0.01954914846152703,-0.10135369748441483
1.326,-0.036093606816321025,0.18234750596231067
1.326125,0.2089569906820714,0.26027017435464417
1.32625,0.4304559552853778,0.039847392476293764
1.326375,0.2799327669004895,-0.18154985121863476
1.3265,-0.03714230840908782,-0.21267301770699887
1.326625,-0.12952253369588132,-0.04190382276376792
1.32675,0.1642016936765409,0.26166241838530485
1.326875,0.49918484309673333,0.382586902137119
1.327,0.6232891086916229,0.23427893482946138
1.327125,0.31073923232615486,0.004543663838662948
1.32725,-0.017534009863676748,-0.0258275741022807
1.327375,-0.18058178097133007,0.25088722386261947
1.3275,-0.11230891014958266,0.4181575902394187
1.327625,0.008653914091510877,0.2488648081575247
1.32775,0.095092379040615,-0.014892160068287998
1.327875,-0.04107222571695772,-0.06291865773846211
1.328,0.05516508145758463,0.09247230604792397
1.328125,0.12371660423388088,0.4321315892420052
1.32825,0.1757788116879708,0.5595738879554609
1.328375,0.06665813030750241,0.3057592193512674
1.3285,-0.11280164714633538,-0.02127188135047009
1.328625,-0.1719121520655497,-0.14489174733780316
1.32875,0.006095309298643804,-0.0800203245262748
1.328875,0.22146890304760714,0.032272019498600556
1.329,0.28599875923824214,0.04724785968905025
1.329125,0.2405343259401011,0.009540920262953743
1.32925,0.010912445903393651,0.030366632427428798
1.329375,-0.15523374021293596,0.11601107148504525
1.3295,-0.12353645986343234,0.13402328099188335
1.329625,0.1277281115463797,0.0175235545656136
1.32975,0.20946351033553912,-0.08220654441922019
1.329875,0.06612899734148749,-0.1213411785293021
1.33,-0.08112627670985309,0.008493935235066755
1.330125,-0.20662935328089233,0.18853501736095288
1.33025,-0.1417606771864679,0.24874206238146943
1.330375,-0.03927070618172263,0.1748004183379947
1.3305,-0.10829168228230453,0.027664839791907547
1.330625,-0.24453704759474576,-0.16753726218361584
1.33075,-0.2046853554361984,-0.10606189722217793
1.330875,-0.041290225411012786,0.09555199620520716
1.331,-0.06850329655918519,0.14073810428777025
1.331125,-0.09769372974883782,0.0644713923713988
1.33125,-0.11647738211199997,-0.10197037578683252
1.331375,-0.01910520107739128,-0.1822197128412014
1.3315,0.07049760550151928,-0.12774168636578528
1.331625,-0.09735014522926445,-0.027746433496701004
1.33175,-0.31493925162056785,-0.0791971664355759
1.331875,-0.5054834035162348,-0.17578549407975338
1.332,-0.4569252773652667,-0.18417392369019056
1.332125,-0.21627604599514635,-0.08222682618019117
1.33225,-0.15754657885083342,-0.050718282869703105
1.332375,-0.23871179454410804,-0.11049281468935103
1.3325,-0.4426916140361419,-0.16275226262694462
1.332625,-0.40701250069252964,0.031280940820184226
1.33275,-0.3196143923984718,0.04830434980968374
1.332875,-0.15035097365056818,-0.10026257644021574
1.333,-0.04549775304384819,-0.31084568162234677
1.333125,-0.13662674019255774,-0.4574351467883348
1.33325,-0.05294684768440571,-0.4086380488574891
1.333375,0.09610081959107519,-0.2070820348284509
1.3335,0.31677423039318964,-0.1412704681967191
1.333625,0.4327399230653045,-0.22866298547766256
1.33375,0.411173497265424,-0.34800961448529566
1.333875,0.3066359825786503,-0.39218097076077385
1.334,0.28897972702771607,-0.30239622494259677
1.334125,0.2167912269386328,-0.13409834818714472
1.33425,-0.026069424123803156,-0.043627189773428894
1.334375,0.021587293611708483,-0.10721007825619615
1.3345,0.2542034119677298,-0.042726892541639507
1.334625,0.47119270444184475,0.11932004105056417
1.33475,0.417152944761615,0.2590579891718959
1.334875,0.16492898280655505,0.3886509826555247
1.335,-0.16697059919964718,0.3560917822260401
1.335125,-0.2909362260377932,0.3183204021953485
1.33525,-0.16397869280617755,0.31108943671475114
1.335375,-0.04621210714093893,0.17542646878656623
1.3355,0.014927405384209842,-0.013573594472439974
1.335625,0.11992562629919577,0.007227546556921769
1.33575,0.3222120081587917,0.19906623115174138
1.335875,0.5785638882195558,0.4745687694531804
1.336,0.4694705103524889,0.40461841935142084
1.336125,0.04540374232328271,0.12759198415542208
1.33625,-0.2549329273204957,-0.16425561497191263
1.336375,-0.2896870645282042,-0.16567246946097533
1.3365,-0.044056609374109476,-0.1541432247482735
1.336625,0.24651468390682107,-0.025964153904051164
1.33675,0.20812044076744537,0.017409319352354832
1.336875,0.0974448471804163,0.07633773846575076
1.337,0.052054003248210336,0.31426299010157505
1.337125,0.11006863686023864,0.5183773184555867
1.33725,0.06029035543145947,0.42051223526142995
1.337375,-0.04672939111345255,0.034740306607425296
1.3375,-0.24377479800265733,-0.23444743826691672
1.337625,-0.25897639773003056,-0.25642083010098027
1.33775,-0.09548332076157122,0.0003588549888614585
1.337875,0.22985571313304984,0.18993822629365084
1.338,0.587007819452152,0.15140127713328438
1.338125,0.577570315712355,0.05659196631703164
1.33825,0.2705492406821639,0.06891659167482277
1.338375,-0.06406181811423725,0.06524522154828062
1.3385,-0.20948948665542436,0.05623035185920047
1.338625,-0.3091122671428969,-0.04558296444924313
1.33875,-0.3917364292551286,-0.17785040414964753
1.338875,-0.3648104696981044,-0.1669174212467771
1.339,-0.3674018096636788,-0.07974127479026144
1.339125,-0.1902295077041514,0.18926429071018708
1.33925,0.014377810597366812,0.5081290235227617
1.339375,-0.04167438485875058,0.5208820154820587
1.3395,-0.21391320405625996,0.26286500616374237
1.339625,-0.4089034716923416,-0.09922381379266577
1.33975,-0.42777305097635804,-0.19343679536669303
1.339875,-0.10629600622176277,-0.25114266989395423
1.34,0.19804665063404514,-0.2893688250328698
1.340125,0.23498337563296298,-0.3088513674138762
1.34025,-0.05251905321503321,-0.27429852932751014
1.340375,-0.3871255621174314,-0.10850607329280966
1.3405,-0.49381866662425566,-0.004104765968357906
1.340625,-0.4047356834108446,-0.03262941011551828
1.34075,-0.23927047885499084,-0.15409770444034995
1.340875,-0.33165011768220626,-0.3610384851880714
1.341,-0.3810757894433354,-0.43000743738865455
1.341125,-0.22114226992873887,-0.14329964071629275
1.34125,-0.015944595894834653,0.18273361388866693
1.341375,0.19860206216401086,0.21772111288687437
1.3415,0.16511510455098513,-0.02488396357502924
1.341625,0.06895587832156798,-0.2978490035808053
1.34175,-0.02656760287453201,-0.5049208015716328
1.341875,-0.026489347425112948,-0.34109929832978003
1.342,-0.03305856784288474,-0.21420923368519992
1.342125,-0.06242193827813827,-0.2733802118696561
1.34225,0.06648908742993066,-0.37837430953932577
1.342375,0.22400586879997458,-0.2645656800798373
1.3425,0.4556692925719323,-0.005750665737690109
1.342625,0.6482098430674773,0.08181965338345092
1.34275,0.48174326667122075,0.1302366973240998
1.342875,0.3126487913594547,0.010675438101576366
1.343,0.05314151011347978,-0.0030874274863031486
1.343125,-0.11984135248098492,-0.02569130549653964
1.34325,0.07652855087676837,-0.011937486825855896
1.343375,0.2770821685436251,-0.011437265221923641
1.3435,0.3812104227597636,0.0298597655336287
1.343625,0.23945786006776676,0.2086736491123902
1.34375,0.06647307802052485,0.48741884189287527
1.343875,-0.09505345740149254,0.592961860974695
1.344,-0.07664316558023788,0.425865726658929
1.344125,-0.0022390932253103847,0.2816679171321267
1.34425,0.08463656121657497,0.043758302400598637
1.344375,-0.02736284318073115,-0.10633907821264707
1.3445,-0.21890007978895945,0.107494016732577
1.344625,-0.10886132246781134,0.3030297619542746
1.34475,0.22320615733872665,0.3366552773207634
1.344875,0.3852030652964644,0.22884782753814498
1.345,0.34268260673853984,0.08874510653102231
1.345125,0.09682796396044349,-0.07307335031333909
1.34525,-0.2893127750448449,-0.07307247684116985
1.345375,-0.3526735174830797,0.044335973215182144
1.3455,-0.15484306870891126,0.06712313302189708
1.345625,0.174405622065178,-0.03204657523652222
1.34575,0.2463949638480978,-0.1376519352083102
1.345875,0.1350398057337243,-0.08143188023151145
1.346,0.13219741102150837,0.1799055269491459
1.346125,0.07874426698278195,0.3140516500671727
1.34625,0.04855999268464988,0.34570525244718986
1.346375,0.08259237397101592,0.1196392704921179
1.3465,0.06287157338474895,-0.19894057834022738
1.346625,-0.029810731413808456,-0.32713252223421113
1.34675,-0.054367284070376574,-0.15048337854938643
1.346875,-0.08599821499809171,0.1380619106611465
1.347,-0.008036952649324977,0.23553799558528032
1.347125,-0.06828322720129634,0.17190350950740632
1.34725,-0.2233505365324119,0.12620262643800376
1.347375,-0.3420460590731655,0.04648081232982481
1.3475,-0.3988945229702396,0.04719788121295144
1.347625,-0.27033816030306534,0.09089423624921479
1.34775,-0.08909007860203609,0.03627438275132348
1.347875,-0.06667229215673394,-0.041630805685334706
1.348,-0.04719404577270494,-0.03280818897774091
1.348125,0.027354787975681905,-0.06140750975896319
1.34825,0.05978567746308002,-0.004897582336599379
1.348375,-0.02968151910089267,-0.0761463088497174
1.3485,-0.3048488025210885,-0.19573230162638786
1.348625,-0.4743758915565476,-0.307090298360322
1.34875,-0.47537115433648647,-0.2987573977771475
1.348875,-0.23822571796810382,-0.21610814538420903
1.349,0.04436406994855508,-0.06988935403008051
1.349125,0.04293910401324129,-0.06305771730794979
1.34925,-0.1835294305269984,-0.03769854254834316
1.349375,-0.4889915223358426,0.05614866606070811
1.3495,-0.4753839515395288,0.09453145833943172
1.349625,-0.3223475535674951,-0.04995584304500987
1.34975,-0.1572355472498015,-0.22228313698270052
1.349875,-0.1506522178099685,-0.4518230498601259
1.35,-0.22153321323824463,-0.3977052746300183
1.350125,-0.06239587167854527,-0.2155244719587661
1.35025,0.2685037513313606,-0.025226196920287793
1.350375,0.49786418392353654,0.040133733951029434
1.3505,0.34207477916737405,-0.15853279341129348
1.350625,-0.0041700744986721185,-0.4264224884621918
1.35075,-0.13951481617970926,-0.47963687370665437
1.350875,0.020080304477967766,-0.271147890105535
1.351,0.21333790642485154,-0.12247799760909464
1.351125,0.43325166823728256,-0.10824428940148308
1.35125,0.4930310547171454,-0.11558349735855931
1.351375,0.49503194404751283,-0.008260224482206667
1.3515,0.33907967746630224,0.25918561575725063
1.351625,0.31613739382534023,0.40365716649013844
1.35175,0.24925467083469294,0.2775473837683261
1.351875,0.11127185307346331,0.008419818666384513
1.352,-0.13384410601901853,-0.10891556000947575
1.352125,-0.2098017211915467,-0.014726309317463404
1.35225,0.0676316221747801,0.20038514723372663
1.352375,0.33197431175364306,0.42706577691932096
1.3525,0.4802188638092936,0.46642284563523945
1.352625,0.28972404979984584,0.439838419628306
1.35275,0.02452392695683142,0.3848450099526263
1.352875,0.008010548546090604,0.26193352709527173
1.353,0.16502448478788928,0.20694309476937353
1.353125,0.10742702295524569,0.07545730885204678
1.35325,0.012380197825234807,-0.11951758835741273
1.353375,-0.07230298370169468,-0.10338358898459649
1.3535,0.046990212549815565,0.042847924858296235
1.353625,0.32592471889899655,0.33966404154387736
1.35375,0.26405499110675656,0.4009206286804194
1.353875,0.00979072651693274,0.25655283138820817
1.354,-0.2988374911111701,-0.006407588646518242
1.354125,-0.4680478532045087,0.011136009210968887
1.35425,-0.365042291113321,0.09332888931247375
1.354375,-0.09140972835903428,0.11940126391498224
1.3545,0.0260395428511901,0.027315223439849726
1.354625,0.011689723453146193,-0.06473838125947694
1.35475,-0.17960028840424375,0.07056046021947959
1.354875,-0.264595203260327,0.26164294955223105
1.355,-0.16982486249355325,0.2479421696404686
1.355125,0.0638812301901851,0.028001513174715588
1.35525,0.14783508425117975,-0.27872900458232286
1.355375,0.016615080942700415,-0.3833086236687306
1.3555,-0.048262770392555145,-0.31875660721795035
1.355625,0.041772017616227,-0.0998424649783292
1.35575,0.3262156249036121,0.030219745073557642
1.355875,0.42114208626971245,-0.009502747795061448
1.356,0.1840173154744881,-0.1646423644509108
1.356125,-0.20163221117252755,-0.3068343085009891
1.35625,-0.38688262024118014,-0.12566536910791076
1.356375,-0.42754299639926807,0.11662279633253564
1.3565,-0.2792165193783613,0.14860718392015085
1.356625,-0.02889762033531486,0.05966733366885169
1.35675,0.022206094304689526,-0.020254871093119124
1.356875,-0.13091503465200202,0.03657974975800878
1.357,-0.16180790882981683,0.2682040875804826
1.357125,-0.16056004146554576,0.42167813361316653
1.35725,-0.3047856282355876,0.1830099347611728
1.357375,-0.5475927915841946,-0.13250823292826788
1.3575,-0.807794317971709,-0.353405151406749
1.357625,-1.0,-0.395508310026888
1.35775,-0.7835213342504523,-0.22797093296943557
1.357875,-0.16573436369220862,-0.04672151877963466
1.358,0.34849617105389635,0.04479148355061361
1.358125,0.41733082849376196,-0.07734490505915229
1.35825,0.05742294846767229,-0.11847114379464975
1.358375,-0.2824317822843721,-0.14608433110532776
1.3585,-0.1891707832900036,-0.2863585993443534
1.358625,0.10286160222959277,-0.5195266976295254
1.35875,0.185660812761085,-0.7338226019611702
1.358875,0.19908860071101475,-0.8819028073267858
1.359,0.29610453731989606,-0.711360780663128
1.359125,0.4405749820398464,-0.13058443510779455
1.35925,0.6148394202330562,0.3325483377726361
1.359375,0.582118026775606,0.3425488081551977
1.3595,0.3363661241643061,0.028226169217863376
1.359625,0.17419588336799108,-0.23767853995179955
1.35975,0.17134477551404567,-0.18433594676768564
1.359875,0.23016299772196228,0.03473646175070112
1.36,0.3264325504394716,0.1843747416306049
1.360125,0.306448082143059,0.2578881832696956
1.36025,0.24386677586335798,0.31677102907394883
1.360375,0.29138937876115534,0.40570797985364665
1.3605,0.24545099735755205,0.5921563614431117
1.360625,0.23054115919533577,0.5270763142579427
1.36075,0.101613064068072,0.2779353695751014
1.360875,-0.08825649162705491,0.08299017158221665
1.361,-0.22982968428378767,0.11696536680010229
1.361125,-0.1574057179557897,0.20635548637507642
1.36125,0.12784140562890692,0.26132293851831667
1.361375,0.3196117595361395,0.28756965809522606
1.3615,0.29328133344580126,0.21046516528706025
1.361625,0.006243830902424468,0.1592490351148012
1.36175,-0.2831085084012944,0.2174062447402879
1.361875,-0.24681164594963184,0.19457311440101682
1.362,-0.0672478255293146,0.09498395320063777
1.362125,-0.04774876561250381,-0.09447361115499711
1.36225,0.01745437200719663,-0.25352498564638626
1.362375,-0.15135496588331424,-0.16923747167384987
1.3625,-0.15512383873604557,0.12352760945966867
1.362625,-0.04151983380821186,0.28799715962733957
1.36275,0.051280176364404434,0.2123383565376631
1.362875,0.07529963017603214,0.014154766249963221
1.363,-0.15082052792843767,-0.20760821684039696
1.363125,-0.19560192654950326,-0.1912603209800239
1.36325,-0.12846428114392022,-0.09704947225846944
1.363375,0.13676530695739675,-0.03195882830962526
1.3635,0.31964482573597486,-0.018726837328719312
1.363625,0.1726885792522542,-0.1290190304589086
1.36375,-0.11843390701897302,-0.1643434980793483
1.363875,-0.1665184317954219,0.0023728194908244323
1.364,-0.041059403775498125,0.05434004094883576
1.364125,0.12320524269418431,0.03682656695212009
1.36425,0.1151714573292595,-0.08412346310689109
1.364375,-0.17659411641339295,-0.1739456567591852
1.3645,-0.38639382613826195,-0.0976724149799345
1.364625,-0.308836073885126,0.12841837424385838
1.36475,-0.07645728413570711,0.2618316483246616
1.364875,-0.04326306809674323,0.12851916903972396
1.365,-0.23826605063418668,-0.0507310889267467
1.365125,-0.6084578252426683,-0.10173253693791091
1.36525,-0.6334190015560842,-0.054017347985206264
1.365375,-0.4781896867477932,0.14066491781444593
1.3655,-0.1704669473208361,0.07519823212254444
1.365625,0.11918717068033842,-0.21558301466403876
1.36575,0.1851475741628103,-0.3759312364320058
1.365875,-0.07861835419443859,-0.2951275346423471
1.366,-0.2573584667319422,-0.019663271370645392
1.366125,-0.18548682532096739,-0.0081791161108413
1.36625,-0.0850257495787526,-0.22773477915590085
1.366375,-0.11536338973788778,-0.5716234139315106
1.3665,-0.1788234416948758,-0.6455589052884054
1.366625,-0.035873267595313896,-0.44012649680818183
1.36675,0.26852358002230087,-0.1054454803896561
1.366875,0.5531311413698985,0.11990125403592308
1.367,0.6725612793385367,0.1521511706324401
1.367125,0.5646619987855829,-0.04322461977798952
1.36725,0.2167569142794238,-0.24978661117487824
1.367375,-0.08464134465372558,-0.18130110661242446
1.3675,-0.1828926320769742,-0.07316536522146913
1.367625,-0.05262984892403714,-0.10685152369823589
1.36775,0.10908679525406853,-0.1649356414586935
1.367875,0.10918294046573775,-0.06670107450444143
1.368,0.15444155771923396,0.20799118301333885
1.368125,0.2656012367482792,0.5233670187607563
1.36825,0.2726313641991443,0.6251483606888916
1.368375,0.06720366541396831,0.4986946006281033
1.3685,-0.05455829275419969,0.1495809474433986
1.368625,-0.050835874418254164,-0.11113944653396217
1.36875,0.01863365479928623,-0.17387702064190536
1.368875,0.13061531619118483,-0.07032325141138776
1.369,0.1529822692615002,0.1249555446934189
1.369125,0.1459598889455044,0.12059990883405965
1.36925,0.23440162503789935,0.11532753431723987
1.369375,0.13225471915106035,0.24920355899527394
1.3695,-0.04509432406758606,0.2387598178873645
1.369625,-0.03414774198377511,0.09160292373719116
1.36975,-0.027873571818323038,-0.01890229991838338
1.369875,-0.048131999517555396,-0.06495933756455055
1.37,0.028399474681356934,0.030310134638790592
1.370125,0.15920603453928492,0.10798450899714049
1.37025,0.35665495273278447,0.14562669861233044
1.370375,0.39102415590425604,0.15557952219111754
1.3705,0.13138954019182625,0.14692629585806338
1.370625,-0.22240626080343942,0.10830683344315926
1.37075,-0.4498018641539547,0.07775358695991169
1.370875,-0.25627349717012454,-0.029015150058047622
1.371,0.21458862179403615,-0.024024758790969675
1.371125,0.31984873603125125,-0.06620444954810167
1.37125,0.09840262118577521,0.0529233739660272
1.371375,-0.05267899480772829,0.16299230021200994
1.3715,0.03808426484856304,0.32894539622384866
1.371625,0.10058167104295643,0.3882935488823597
1.37175,-0.1153405103836838,0.17551807950103177
1.371875,-0.3480460850603049,-0.20653409096575376
1.372,-0.4295742722699609,-0.38753218427495645
1.372125,-0.14380714184197235,-0.22423028830666064
1.37225,0.27382280229297556,0.18242862195151918
1.372375,0.26920203186386643,0.2652205916063954
1.3725,0.0757527894694529,0.11371859543116977
1.372625,-0.06712664628982255,-0.08886278845954625
1.37275,-0.10156734140161786,0.011992544656604032
1.372875,-0.22309805120223034,0.07774945282907908
1.373,-0.214863417929625,-0.07569248836278003
1.373125,-0.19509530198526642,-0.29216684273901933
1.37325,-0.22971780859464141,-0.3541381794026833
1.373375,-0.23399245122132542,-0.15285743657243836
1.3735,-0.2359271429164448,0.2148640463887895
1.373625,-0.14877284232323348,0.2867257353953712
1.37375,-0.10060087422080298,0.045460954186178654
1.373875,-0.32142958047504505,-0.08957145709563276
1.374,-0.746556984816868,-0.0874839097795083
1.374125,-0.7269960984743531,-0.1836217718725229
1.37425,-0.4384001728367494,-0.19810747406361018
1.374375,0.03102780907815208,-0.22494268777109527
1.3745,0.2888337989373901,-0.2520970196207433
1.374625,0.23782290416966306,-0.18805679912269743
1.37475,0.004693346058574649,-0.1861547415793198
1.374875,-0.19614911015094216,-0.12456239158593845
1.375,-0.13969569645886648,-0.09365753439278039
1.375125,-0.07007044055065265,-0.3184648266776071
1.37525,-0.12299124855969606,-0.6472118401780508
1.375375,-0.14166278280858813,-0.6698567901992291
1.3755,-0.15644257120427918,-0.3920813985537352
1.375625,0.020027668789287585,0.043586421652486586
1.37575,0.2916206879974233,0.320997284147578
1.375875,0.6076824307961657,0.2571056780430071
1.376,0.7015049530627795,-0.03792620937175304
1.376125,0.49483364855486145,-0.14044442637130955
1.37625,0.20516726517614678,-0.09162908842731021
1.376375,0.054288906533721724,-0.0710135941637383
1.3765,0.18548565131513506,-0.132765957199888
1.376625,0.4433747563065866,-0.13424934929255067
1.37675,0.6044646038815252,-0.1512433419008877
1.376875,0.35579719846546626,-0.01517209045690887
1.377,0.12554303299900452,0.2411636807198334
1.377125,0.0635586446115308,0.5587915773767719
1.37725,-0.059058081427958486,0.634875512945547
1.377375,-0.10361412746159102,0.45965730322786597
1.3775,-0.15798379366131152,0.17853436705764
1.377625,-0.05376509810615642,0.030749710766046944
1.37775,0.12551614625748808,0.12946439468451926
1.377875,0.3038535458852561,0.39948359405398187
1.378,0.2571560985339973,0.47566872203225247
1.378125,0.175200216644086,0.37046522452486597
1.37825,-0.01703934830788089,0.12539521985168828
1.378375,-0.132747254276837,0.04395184001581723
1.3785,-0.15897054672518454,0.000702372029402507
1.378625,-0.14716740639160708,-0.07203489436553642
1.37875,-0.0024517258709045218,-0.13357990939384945
1.378875,0.034257581791009274,-0.01995601222041423
1.379,-0.03204060773603202,0.1716675005154369
1.379125,0.11591601055053498,0.30156841209714974
1.37925,0.2554330305303101,0.25132126151439255
1.379375,0.2411742781686088,0.1363939774177684
1.3795,0.019451808623528237,0.00011281781705292934
1.379625,-0.38188286359351675,-0.10936766142515632
1.37975,-0.5121999647353191,-0.14036027412443924
1.379875,-0.37216852215949525,-0.14717418000746496
1.38,-0.11163063956549663,-0.03542666099780199
1.380125,0.135218383660195,-0.026442196392723143
1.38025,0.22785414852596744,-0.0449440122720873
1.380375,0.21352825662390915,0.11884024984465172
1.3805,-0.13976248300627284,0.24160754912526897
1.380625,-0.3445219950750924,0.22369338293093224
1.38075,-0.22507384483886886,0.029789672517695622
1.380875,-0.022876748581378177,-0.2811557165384193
1.381,-0.012856278084659972,-0.42707904558069415
1.381125,-0.07347373037964468,-0.30029171188404413
1.38125,-0.14302796937460927,-0.08378758462630274
1.381375,-0.02177962996616654,0.10500449929619333
1.3815,0.27744554565180346,0.16733145114143988
1.381625,0.04726562581948952,0.10153610848954342
1.38175,-0.37791146207430526,-0.1427910235118416
1.381875,-0.500205501706783,-0.3078482329630577
1.382,-0.3708133858183782,-0.2138063027558676
1.382125,-0.17874665321873792,-0.04076211608776905
1.38225,-0.029197943373664614,0.04732088357716816
1.382375,-0.004766626288268923,-0.10332207612636816
1.3825,0.021315596571290858,-0.11333374216436005
1.382625,-0.011202820258392424,0.05092721481253638
1.38275,-0.05796426601148433,0.23163777827873763
1.382875,-0.36877616056026263,0.08972687533125825
1.383,-0.5991503781181116,-0.2967805701505286
1.383125,-0.679193549035621,-0.4367621533786227
1.38325,-0.48773915996743006,-0.3565446080008679
1.383375,-0.16555400538149478,-0.1294233941918811
1.3835,0.3395392491435625,-0.05860645174427904
1.383625,0.5848613480639094,-0.0573813275695478
1.38375,0.4948286331710073,0.029578743905125132
1.383875,0.38246871448793435,0.030309588901384157
1.384,0.17442406856525053,-0.1153598936121634
1.384125,0.08095776694609363,-0.3408415862533452
1.38425,-0.04541246132497183,-0.5569288649948669
1.384375,-0.017197702822140108,-0.5981719065938664
1.3845,0.17192183974097042,-0.4631875422539007
1.384625,0.41117901282200414,-0.0876038734546157
1.38475,0.5099268417417533,0.2996374674002362
1.384875,0.3435004993673758,0.5140584685939512
1.385,0.1024436462228858,0.4430973740337415
1.385125,-0.10094282119313053,0.32802278050700384
1.38525,-0.1869411077549312,0.17882030271157096
1.385375,-0.1082228393708324,0.08085580165865573
1.3855,0.258272437009021,-0.010232196061959544
1.385625,0.3567320937815015,-0.006232573120035209
1.38575,0.26378456683263235,0.15295933348324167
1.385875,0.14631051563494255,0.4036672832047278
1.386,-0.12619167773360654,0.5187620367340936
1.386125,-0.10864434174199597,0.3493503963275367
1.38625,0.03627345232956147,0.03542146136341671
1.386375,0.12814799912006503,-0.0971206854064042
1.3865,0.08579569706456772,-0.18554687859623917
1.386625,0.10535076734917394,-0.05774251022342265
1.38675,0.23787729180480302,0.24977462475519344
1.386875,0.553557775735378,0.3100539183462223
1.387,0.6148315197972705,0.2844731153113271
1.387125,0.34289353026659264,0.053470344280250895
1.38725,0.04736663603899664,-0.058541740661428726
1.387375,-0.20301349375716146,-0.04886430509313906
1.3875,-0.30521224814972364,0.011170100323092631
1.387625,-0.18611796075112816,0.07806584180052034
1.38775,-0.17764195901654978,0.06926677889409037
1.387875,-0.24351020161826112,0.06829801146229011
1.388,-0.11426622654421423,0.2280996221499333
1.388125,-0.10208585228253422,0.46898954030680295
1.38825,-0.1272573344340473,0.5346495989938516
1.388375,-0.25108458054142047,0.3804042280288294
1.3885,-0.2861827611880436,0.022044702340456922
1.388625,-0.32830839934520917,-0.2315165722375747
1.38875,-0.29882319080176645,-0.3063996649796636
1.388875,-0.24565107247571497,-0.21249043071592139
1.389,0.02692385043253409,-0.2034136263873185
1.389125,0.308893700142766,-0.14727265974238893
1.38925,0.3092112788471504,-0.13548769200753102
1.389375,0.007200982633962105,-0.13725126034043178
1.3895,-0.23474632397661097,-0.16401911948885886
1.389625,-0.22615857305079082,-0.15582722492432263
1.38975,-0.03306310041874409,-0.32602954745670576
1.389875,0.08424217090163107,-0.2703372230324892
1.39,0.011927693465716704,-0.29088638905280534
1.390125,-0.007597562739284927,-0.19051395844162067
1.39025,0.03551744268507155,0.02943390359848208
1.390375,-0.01464894016122582,0.2949457478482098
1.3905,-0.23904663039872143,0.2739825334176162
1.390625,-0.5779633304234073,0.061408570732859755
1.39075,-0.8283957395026403,-0.2280928726027733
1.390875,-0.49314138623144205,-0.20121912551540605
1.391,0.04185350852064545,-0.001898854253306923
1.391125,0.23756513662731504,0.04155533326560403
1.39125,0.18685299400208913,-0.008550939700919476
1.391375,-0.10652140075635586,-0.06035030704947571
1.3915,-0.14706929104206193,-0.021785992342197438
1.391625,-0.08133600095791385,-0.04558365838319285
1.39175,0.022515635067928245,-0.24416345305899706
1.391875,-0.10076820151473553,-0.5740566195690758
1.392,-0.3084997411708441,-0.7173116184771715
1.392125,-0.19291212622078693,-0.4821144965224359
1.39225,0.30681310594694783,0.0038237017555564352
1.392375,0.656555373452108,0.20710384643960394
1.3925,0.7509515965333684,0.08807601015489278
1.392625,0.4346659921534472,-0.1264653269648432
1.39275,0.1200754857313577,-0.13406251728798388
1.392875,0.03856008979183344,-0.06562097596635938
1.393,0.00778555161774896,0.004026438111379231
1.393125,-0.008233192877787161,-0.12287991448923985
1.39325,0.008427298582268643,-0.2880840413664596
1.393375,0.15116414373328937,-0.21290577635784866
1.3935,0.2094921252237259,0.264983017006235
1.393625,0.16631615095219549,0.5909553330837441
1.39375,0.11005412660732496,0.6391562428250692
1.393875,-0.005231498388084643,0.4167818821718952
1.394,-0.005722226700778327,0.1711764147295146
1.394125,0.08584997474444242,0.05121947922700137
1.39425,0.20031866132853185,0.012771237451081241
1.394375,0.27048778466901346,-0.06264204804655973
1.3945,0.3472634571033327,0.013997812411036016
1.394625,0.26461416280194877,0.09970815295011004
1.39475,0.2204484870552819,0.1664631453986178
1.394875,0.004144341961786688,0.1681740458513476
1.395,-0.08210149529086269,0.08142019567269469
1.395125,-0.03870251960228097,-0.0034369144121871907
1.39525,0.15215775721147082,-0.020933080605474805
1.395375,0.1373210193208448,0.06571016818798234
1.3955,0.07465377786914479,0.17661845854867808
1.395625,0.14465291282483614,0.28783750886239157
1.39575,0.310774525970272,0.269444175909021
1.395875,0.3969767605558414,0.26726673805906587
1.396,0.08715203132767008,0.15779238614187605
1.396125,-0.35265598558015165,0.014729577822577876
1.39625,-0.4944697903332587,-0.12447200618971448
1.396375,-0.4050891284797374,-0.0015595225709928663
1.3965,-0.113536021615891,0.10650594504048302
1.396625,0.0599245624280893,0.16369957647254324
1.39675,0.2094982336281302,0.0003783461901086446
1.396875,0.12675665629358226,0.09105647916084637
1.397,-0.047227638272188385,0.3098896999147629
1.397125,-0.22714148600406844,0.36067794283046645
1.39725,-0.2569839404466653,0.10462639159487803
1.397375,-0.2978402832933646,-0.3015364440051796
1.3975,-0.3460768748910124,-0.4791928312686907
1.397625,-0.35735947154311554,-0.324957642101303
1.39775,-0.04993200376030806,-0.08024016894364046
1.397875,0.07667670705330736,0.038376568217161934
1.398,0.1881415271700492,0.14583018819721996
1.398125,0.13646781863290897,0.1280693902303752
1.39825,-0.1338433817599486,-0.014961625378996774
1.398375,-0.3011115851402322,-0.19073622744501337
1.3985,-0.3470034385073431,-0.24153035543461862
1.398625,-0.4069270433006283,-0.276463681004839
1.39875,-0.3961155564107269,-0.32668225129002504
1.398875,-0.3390739028990116,-0.28340181258488156
1.399,-0.2250250990674547,-0.06763728306927744
1.399125,-0.026175333972525052,0.11830750000376886
1.39925,0.11047659472201765,0.1963605197244068
1.399375,0.0691109622818731,0.15142070522736445
1.3995,-0.31205489461917146,-0.15060240489223956
1.399625,-0.48465762601252504,-0.2967068225152276
1.39975,-0.39919563154492005,-0.3602698680354745
1.399875,-0.14744025402693312,-0.3976410620022989
1.4,0.17340803608850722,-0.38222418802745917
1.400125,0.29115383788222027,-0.3399662738391505
1.40025,0.16072812368529113,-0.23017777482245588
1.400375,0.15894144150899495,-0.03353586045570861
1.4005,0.15579694587606907,0.18130029667342729
1.400625,0.06212507850082235,-0.008975587882065606
1.40075,0.07013670040388119,-0.30000079430977283
1.400875,0.14828032545829417,-0.4711270129905343
1.401,0.15772314202308566,-0.3311413237412608
1.401125,0.2791714325634217,-0.12498777745967338
1.40125,0.5162872817064097,0.1279196007218115
1.401375,0.7053876186028709,0.27065585624500516
1.4015,0.4850670762903862,0.1431219505852256
1.401625,0.036723231387683165,0.18492506641574089
1.40175,-0.27685709751800686,0.14096093052795822
1.401875,-0.32002240669524884,0.08154339626092069
1.402,-0.10593260499000483,0.046669595721348954
1.402125,0.1512368870289806,0.13136825135286162
1.40225,0.360825749715552,0.10773191910868647
1.402375,0.4824141542879783,0.2299039762947788
1.4025,0.466914219276386,0.5033648782233777
1.402625,0.41787772178470456,0.643415704103459
1.40275,0.13796788323533682,0.4343870971896435
1.402875,0.004271901973256156,0.042115753573988064
1.403,-0.036320222903148784,-0.23705064246082957
1.403125,0.004146800638467234,-0.3193400034020217
1.40325,0.0908925643637578,-0.134990025118823
1.403375,0.17258379044577027,0.14115032903914265
1.4035,0.25185032090700843,0.348134957855055
1.403625,0.06686955301314586,0.40590054463896097
1.40375,-0.1732044421274973,0.45086826036732186
1.403875,-0.35989051597976124,0.32838686048871607
1.404,-0.19467490240477645,0.08677615636963995
1.404125,-0.03384660449702863,0.016978625921252346
1.40425,-0.0571812864861012,-0.031200031945310763
1.404375,-0.24501993212100603,0.010878376650808378
1.4045,-0.18901117526138916,0.08570791775143988
1.404625,0.11059807975930493,0.09716533352571556
1.40475,0.24819696033476993,0.2147334618245626
1.404875,0.24372759355349183,0.08374610189568157
1.405,0.016347379815104163,-0.20146029352891276
1.405125,-0.16122135861178621,-0.3323551658830941
1.40525,-0.17186237563434506,-0.13264210252840977
1.405375,-0.13620031305204966,0.011206257159052721
1.4055,-0.11348671930583418,-0.07744091513041286
1.405625,0.028641312317181557,-0.2532063356485592
1.40575,0.18930765868155008,-0.2316809006039988
1.405875,0.1278171957902881,0.05863313830346138
1.406,-0.11807602334056214,0.28295101582595666
1.406125,-0.26450790585066486,0.18170104762402478
1.40625,-0.29721563989040034,0.022373146063070753
1.406375,-0.25797022165329875,-0.17675385976289743
1.4065,-0.3442298263740921,-0.0986260938815283
1.406625,-0.5431629916524534,-0.09884223174737887
1.40675,-0.5218706484591542,-0.0482319874189051
1.406875,-0.17168944188584834,0.0541568173248139
1.407,0.19262959774150157,0.12989977686786594
1.407125,0.007948212874802477,0.11821099574061035
1.40725,-0.3870275832029507,-0.05241737236224512
1.407375,-0.6263229150285641,-0.2372909603001903
1.4075,-0.42701527566403497,-0.27766893259112535
1.407625,-0.20431072310151335,-0.19165701731077098
1.40775,0.014549258757292287,-0.33435108267861147
1.407875,-0.05090236041889492,-0.46640299171073113
1.408,0.09825892466078996,-0.45807815952963366
1.408125,0.26553548694831897,-0.12484546510856616
1.40825,0.37130834707374144,0.12259174619464437
1.408375,0.3119238950899547,0.054038525689061506
1.4085,0.05012334907464119,-0.36665522269791156
1.408625,-0.15095837233896,-0.5339839910191341
1.40875,-0.1404856869362679,-0.3979125882673804
1.408875,0.06516228974188562,-0.14535754822641347
1.409,0.3395783482457867,-0.03653496610088315
1.409125,0.3743718487895555,0.03191472817639857
1.40925,0.3792679643135638,0.11575618108461104
1.409375,0.2618567587298476,0.2125585345491529
1.4095,0.05889226089000047,0.2928689285690732
1.409625,-0.02084440811051923,0.3113250790012458
1.40975,0.0009105477909637232,0.049235059491493045
1.409875,0.27922748898707106,-0.12702174365865232
1.41,0.41200368838253837,-0.171379986197779
1.410125,0.4697289316429867,0.005545599268508492
1.41025,0.3319579898538075,0.307719054446736
1.410375,0.32963951757082116,0.4173872706216737
1.4105,0.16273242182688058,0.36375473346820514
1.410625,-0.06874699618134693,0.22387020009449296
1.41075,-0.3376579671319441,0.06160007080887378
1.410875,-0.4503565033237191,-0.07643086838658766
1.411,-0.3178386849337786,0.010178206369345683
1.411125,0.08357398370097399,0.24529743502694515
1.41125,0.25122399738347323,0.3814024800792584
1.411375,0.21132155063975416,0.41524772304495866
1.4115,0.16479122186166495,0.35842101658775566
1.411625,0.06640307149774963,0.23812048778754227
1.41175,0.15803508933374671,0.15891172476999418
1.411875,0.15303649395401672,-0.025532863413930566
1.412,-0.030605856446919794,-0.30003894911179085
1.412125,-0.22837085318062006,-0.4255607475283784
1.41225,-0.21653479265301015,-0.25001564407126886
1.412375,0.12592049684842577,0.07478390281135372
1.4125,0.38006362569193386,0.22491277889791583
1.412625,0.29749245941191516,0.1518162887809649
1.41275,0.05517386073430056,0.08824215488482225
1.412875,-0.20525975083557083,0.036880171668840014
1.413,-0.3044573204905392,0.13737405629429483
1.413125,-0.26861750520711175,0.17683632197884175
1.41325,-0.08048306358028204,-0.02208485143264283
1.413375,0.018752865400710753,-0.21370754135367565
1.4135,0.17079800018239286,-0.1703553131675632
1.413625,0.234346449692914,0.13239832638102958
1.41375,0.2336106432109427,0.3633161952787745
1.413875,0.1503034251839918,0.2591687520022626
1.414,-0.11029896723130629,0.028678417099189193
1.414125,-0.3603997274636748,-0.19837930654126737
1.41425,-0.4395496378782301,-0.28196358838991425
1.414375,-0.27377206792880143,-0.23712816048512572
1.4145,0.12624788158376504,-0.057380801306020024
1.414625,0.35332147700104805,0.045437017327253276
1.41475,0.08324601951225945,0.16439135004652636
1.414875,-0.4024256731960297,0.14563954329860068
1.415,-0.6377231060425248,0.2113201274270386
1.415125,-0.4713045630587418,0.11941764105139302
1.41525,-0.2799852580106287,-0.10574074011421392
1.415375,-0.24451968498935292,-0.27430442829946533
1.4155,-0.34889067869454393,-0.439068604832771
1.415625,-0.21410417323596798,-0.2258603291217935
1.41575,-0.22475989304401878,0.10809526831943153
1.415875,-0.09205050851280434,0.32470282634429176
1.416,0.060995245940505705,0.05371315173406401
1.416125,-0.02073176790648174,-0.33261012039891935
1.41625,-0.3458713255039932,-0.5607550203549554
1.416375,-0.5249677004897146,-0.4334343487201529
1.4165,-0.4138292459313242,-0.24379326176197647
1.416625,-0.14324878123856366,-0.24285646094655938
1.41675,0.1767468139060773,-0.21708033083294856
1.416875,0.35336027536910075,-0.17872988269038126
1.417,0.4616345293737683,-0.22153883570712726
1.417125,0.41749514108596053,-0.11725099160599108
1.41725,0.4705689643309763,0.0049323721474041
1.417375,0.42719074669807044,0.008906860110275102
1.4175,0.03234787830080391,-0.2779425702717245
1.417625,-0.32147938158514777,-0.4656600049284636
1.41775,-0.19578120154467812,-0.4181757676830302
1.417875,0.16520711719622988,-0.0927281223770853
1.418,0.6239437962680144,0.13932562224196407
1.418125,0.5882206156351304,0.2891342347878544
1.41825,0.27231143853888234,0.3868767400545516
1.418375,0.14843643439870993,0.3665510352697172
1.4185,0.06140077148440276,0.4000089197203758
1.418625,0.06208525406352981,0.4241963127672533
1.41875,0.23912795436078077,0.06797166904039376
1.418875,0.15021455086413038,-0.3021495780977582
1.419,0.10306107389707277,-0.24017664930366045
1.419125,0.22868842983412005,0.1679263077068926
1.41925,0.22870206146824523,0.5490702181233568
1.419375,0.17500254859920233,0.48824427754620925
1.4195,-0.04610609439780675,0.19412696191790088
1.419625,-0.27150269031587976,0.12637065370557465
1.41975,-0.21280768588280247,-0.056222123720410994
1.419875,0.024076376809879743,0.06220565216969441
1.42,0.17197185752578925,0.18822725856769099
1.420125,0.12172517621125747,0.16315659551125014
1.42025,0.13811820710724196,0.1349601261256641
1.420375,0.08094145946631791,0.21522391667380356
1.4205,-0.00363814456646123,0.1935734159788823
1.420625,0.00582342039302104,0.08101884723496863
1.42075,-0.09890220174124886,-0.09206004898996852
1.420875,-0.27798572760545104,-0.22700325285999462
1.421,-0.1527169272706673,-0.22740101551984937
1.421125,0.1411955555519767,0.02159035933206854
1.42125,0.45930742027372595,0.15384470466137645
1.421375,0.5501805395862535,0.17306580694441032
1.4215,0.3456508834708662,0.13074725080847566
1.421625,-0.13562287322502567,0.030728944563335723
1.42175,-0.3192205965075713,0.03413897607695456
1.421875,-0.32561855620815083,-0.0017602031631542793
1.422,-0.20343936430596124,-0.10386085011127434
1.422125,-0.1275827337493937,-0.16951418956729786
1.42225,-0.08239296120286173,-0.2005713365993132
1.422375,-0.10125919697194313,0.08025360880896186
1.4225,-0.09663076014609975,0.4290437177943896
1.422625,0.012071527728172124,0.4636172068868369
1.42275,0.12176990994992792,0.27661245475775165
1.422875,0.0799334863036309,-0.09634350499962484
1.423,-0.371097037788513,-0.300121189157849
1.423125,-0.6209943263002872,-0.29851637728790426
1.42325,-0.4186373328251609,-0.20384648953480808
1.423375,-0.004319786393827015,-0.09246006960931752
1.4235,0.1861496170753857,-0.08114251164471642
1.423625,0.10365448815916802,-0.10440489519184147
1.42375,-0.1271552276684817,-0.06895162995615844
1.423875,-0.48543579860416514,0.018838481689884994
1.424,-0.6777415474909724,0.11261798122091872
1.424125,-0.5713475701730338,0.01670287249652778
1.42425,-0.46168083762369216,-0.308492725808376
1.424375,-0.36355711914493405,-0.5734936698110341
1.4245,-0.34029885217602185,-0.3492478011077343
1.424625,-0.11887007775059823,-0.019164231377262832
1.42475,0.238023415331238,0.1817991073319656
1.424875,0.3843725819039497,0.0853487855261916
1.425,0.27600061241011065,-0.16583557461247908
1.425125,-0.09288332582046348,-0.4285544442251089
1.42525,-0.24519072189038807,-0.6317710569875208
1.425375,-0.13532049131531484,-0.5538940260156355
1.4255,0.15142372052813607,-0.4538001236585491
1.425625,0.5611325946811879,-0.36333009338222494
1.42575,0.7324747830198413,-0.28723486574134577
1.425875,0.542396268245412,-0.0727669846195818
1.426,0.4307098776879936,0.1748807726383018
1.426125,0.2881684142484819,0.31842002305518635
1.42625,0.3105274342513273,0.23662448707342607
1.426375,0.28319023466673215,-0.09313835030737246
1.4265,0.15407208064231465,-0.2937970697397399
1.426625,-0.04246771230232431,-0.16295555600565453
1.42675,-0.011572496978079756,0.17935050426277713
1.426875,0.3265508607604824,0.5055580338233738
1.427,0.4811405571046882,0.6621649234515703
1.427125,0.21922757169591278,0.6023303217153099
1.42725,-0.2084676556045641,0.4189240992167588
1.427375,-0.4440335865839586,0.27864240951632285
1.4275,-0.35217013600540475,0.2791604836238453
1.427625,-0.022057394807774425,0.23594453516385766
1.42775,0.18805537173456244,0.08628691873720862
1.427875,0.24567763623077538,-0.015296426311045011
1.428,0.3903511622916285,0.025503175161014444
1.428125,0.42414828864338816,0.2839707956035871
1.42825,0.31696228591252507,0.4661855190257625
1.428375,0.03301117335358352,0.2184562698051755
1.4285,-0.3467858447744605,-0.2184074865739978
1.428625,-0.4608740042129612,-0.4537457891318705
1.42875,-0.28838875399371133,-0.30086251650437584
1.428875,0.03860483317066427,-0.01288823863906966
1.429,0.33714370241975894,0.21622862451731673
1.429125,0.2725319217623784,0.24267296897961005
1.42925,0.07917207156029875,0.29263999974568405
1.429375,-0.20010579195282074,0.3813493014382542
1.4295,-0.26623184948534223,0.3168656021538414
1.429625,-0.011930916978607367,0.027354427530316264
1.42975,0.17021288738591192,-0.2827565517952106
1.429875,0.2360154460436505,-0.4589971309012072
1.43,0.039761419485728124,-0.2648441797051629
1.430125,-0.12693144139088292,0.04724607424534984
1.43025,-0.05940628203568518,0.22501315720362117
1.430375,0.0932117399949211,0.22938652494776135
1.4305,0.0776664816671862,0.06078928557292208
1.430625,-0.2920444012699842,-0.21196813736401515
1.43075,-0.5685282990910828,-0.18433240623685765
1.430875,-0.5975467499090775,-0.06180322656608781
1.431,-0.133582057613866,0.13103243843842616
1.431125,0.2261075147125251,0.1972197726701621
1.43125,0.36762718189148685,0.08090127750281963
1.431375,0.07136419048422979,-0.15877626890438287
1.4315,-0.09006148624441626,-0.13128100687708563
1.431625,-0.04414313251666711,0.12050712873957196
1.43175,-0.09481465276913316,0.10641268048616084
1.431875,-0.3172428975878691,-0.2324217224120507
1.432,-0.6124776616225044,-0.5651590039025418
1.432125,-0.7238488023084825,-0.5144318981021665
1.43225,-0.42738143261760164,-0.10277851615848145
1.432375,-0.14056411855959305,0.23651472089242576
1.4325,-0.012096005400567484,0.36147494989488055
1.432625,-0.0908444028163261,0.09935598600417038
1.43275,-0.24986370927357876,-0.15282065965417116
1.432875,-0.3940646718085983,-0.07485736059656845
1.433,-0.2834748581441144,-0.07357266081315336
1.433125,0.16595967293021618,-0.33697637450449025
1.43325,0.23371712679993095,-0.6193197414198843
1.433375,0.15155436714872045,-0.6141843180477471
1.4335,0.021114549641058866,-0.3963338747242427
1.433625,0.052852538497202776,-0.07837154206053609
1.43375,0.30090661408865327,-0.018791939443160863
1.433875,0.529818303750714,-0.12340559102077331
1.434,0.3711573568484237,-0.2005103095006641
1.434125,0.11629551904900166,-0.37407442308739275
1.43425,0.12809423573154513,-0.2113932739543389
1.434375,0.18209551777823718,0.1323132541995536
1.4345,0.28294164301200025,0.1916318211795716
1.434625,0.23469555423800792,0.1350662006510092
1.43475,0.1349111271411839,0.03738362377868829
1.434875,0.024408362673070408,-0.0007797382062280718
1.435,0.019250194243040687,0.25999248471857367
1.435125,0.24542537320681407,0.4611799346915733
1.43525,0.16232877348947405,0.30142896778089073
1.435375,-0.08124801901244955,0.13538654371070813
1.4355,-0.10754455148932547,0.08527812834997268
1.435625,0.1523440814561521,0.17845652434038556
1.43575,0.41939835880766974,0.20223778766279268
1.435875,0.39766658336320065,0.22761690823493777
1.436,0.16913549129271074,0.08331102593930925
1.436125,-0.08246110999219128,0.03429698906585625
1.43625,-0.18688454824485357,0.028288170186476204
1.436375,-0.2539177416886255,0.15175483630827677
1.4365,-0.10006799516290349,0.20688421207288038
1.436625,0.046017112829073996,-0.031713656521303354
1.43675,0.19257045216127752,-0.10093134687728426
1.436875,0.30540691815655924,0.13758244684572613
1.437,0.22178690666425502,0.4092069793009177
1.437125,0.027841523951043758,0.41419623645550574
1.43725,-0.01947503740398326,0.16742037233741203
1.437375,-0.15578685539972084,-0.09651333041837613
1.4375,-0.19546928770985647,-0.18894734813730463
1.437625,-0.1640085732970247,-0.20115816328326414
1.43775,0.10400135455829951,-0.07702169629244682
1.437875,0.3949778763202003,-0.006228333989229204
1.438,0.6236320536862359,0.17914985988406604
1.438125,0.47597108186817494,0.2679492704411701
1.43825,-0.019925923620035337,0.172115134205523
1.438375,-0.30714127252389956,0.03827443371302859
1.4385,-0.31479053010062197,0.015117181425050735
1.438625,-0.20308432436752746,-0.09821955410701586
1.43875,-0.29881230102183265,-0.2335233616025989
1.438875,-0.3373419008534266,-0.12516119340510487
1.439,-0.3179062548108432,0.1348438816126888
1.439125,-0.07926353633572779,0.37983623176932724
1.43925,0.07983539634995665,0.5627347499922226
1.439375,0.050547186510471236,0.40929100455018386
1.4395,-0.271589019968097,-0.05897713109927862
1.439625,-0.40052724527450545,-0.35777504235465796
1.43975,-0.32684233251277356,-0.298919749786359
1.439875,-0.14556195747467868,-0.21235175203082596
1.44,0.008178226215924919,-0.2077588573488041
1.440125,0.01441468097883661,-0.2946774519121255
1.44025,-0.03324869594478574,-0.29940043982943104
1.440375,-0.16506673644680647,-0.08321806365482308
1.4405,-0.3494843153936263,0.08253848722858137
1.440625,-0.47226112156136435,0.09107726189768589
1.44075,-0.5327758723507807,-0.1802879428610257
1.440875,-0.48185666459575077,-0.348577985016668
1.441,-0.38128392707838077,-0.32419074768862854
1.441125,-0.10290555877000404,-0.1850287726307656
1.44125,0.12150321582943652,-0.07723623863333831
1.441375,0.23540464317110837,0.0472130212119421
1.4415,0.11700536446099231,-3.487697613798655e-05
1.441625,-0.022540425022750086,-0.20139253919258354
1.44175,-0.07406076537450998,-0.3273340755471852
1.441875,0.011223200041588123,-0.46307133528937794
1.442,0.16589772783924703,-0.4416200754214685
1.442125,0.10158610165537178,-0.39693335220529163
1.44225,0.19930874284282624,-0.2964335900149136
1.442375,0.3720523514804975,-0.09272898367624312
1.4425,0.535989264602034,0.10660838301704845
1.442625,0.5805493539415657,0.26255271202450664
1.44275,0.34474326777931935,0.09362544773272312
1.442875,0.13199240373195537,-0.03895742802770034
1.443,0.02114812324713755,-0.06093378420803502
1.443125,0.11301826174774025,0.041145755702732344
1.44325,0.13432056787304672,0.13832468452445174
1.443375,0.25790324232205314,0.14353629418192412
1.4435,0.39840189766020495,0.17284152230017072
1.443625,0.44237802376555596,0.3116000113545545
1.44375,0.2739174443669663,0.4478296374107045
1.443875,-0.01818705633099729,0.44336283453138264
1.444,-0.17230911139142835,0.3057634057912072
1.444125,-0.1408683559730741,0.11384462460205041
1.44425,0.045334754113945185,0.05199481679606275
1.444375,0.05273505052471896,0.10930423766556405
1.4445,0.052209689063726875,0.1121843406271598
1.444625,0.03341524760598083,0.2557046465289155
1.44475,0.1671187519898961,0.3456731862551551
1.444875,0.17317539501492962,0.37485100234322477
1.445,0.04587973588480703,0.27321553797987086
1.445125,-0.3085655219747491,-0.040296477125982916
1.44525,-0.46421621660177054,-0.18099096930292308
1.445375,-0.23323409817407575,-0.11388699754019581
1.4455,0.14247082623123117,0.09982683963889293
1.445625,0.305717473963793,0.012554868382456171
1.44575,0.29000737560003903,-0.029705606579596974
1.445875,0.25456951426618685,-0.0006152283923263477
1.446,0.18694898377352587,0.130298259196315
1.446125,0.1632145266850265,0.22727411159485186
1.44625,-0.11526057175916646,-0.029622326581644275
1.446375,-0.336051545120513,-0.30299053018215116
1.4465,-0.2949842527923315,-0.427811367474195
1.446625,-0.07919568159699245,-0.22129972462106381
1.44675,0.11873143040453443,0.07207947713411297
1.446875,0.19085294593358076,0.2980929519712597
1.447,0.08485276862774836,0.25199918494117196
1.447125,0.10900051912769396,0.18271477646688658
1.44725,-0.06392933007177701,0.18648585178861113
1.447375,-0.2565447599846057,0.1396171105288912
1.4475,-0.4488103577528935,-0.08457851414622117
1.447625,-0.4515116048814295,-0.298899885835044
1.44775,-0.2008486980521201,-0.25228585937511155
1.447875,0.11207440117756563,-0.026446409328079245
1.448,0.2053860901367469,0.17191321131017878
1.448125,0.17307652249931854,0.1699204725866201
1.44825,0.16530463505491924,0.10278139922152531
1.448375,0.023708582036635065,0.01825782981769597
1.4485,-0.43851763148574474,-0.03354244841713309
1.448625,-0.7758165651763237,-0.27185286681390985
1.44875,-0.6460266990488551,-0.45391858401542545
1.448875,-0.22154138462600487,-0.4334033796596574
1.449,0.05966479938792356,-0.1629616093015874
1.449125,0.06909703259308082,0.09759591586365866
1.44925,-0.09700248533465064,0.17076868852992508
1.449375,-0.29691169596925326,0.22607795242070047
1.4495,-0.38482141350457005,0.17908550410097862
1.449625,-0.28781018492798593,-0.027496787531977412
1.44975,-0.11158402584228531,-0.36335224239163805
1.449875,-0.05447410946343971,-0.7027069712296625
1.45,-0.004987752835913982,-0.6093326738166986
1.450125,0.19180004032157574,-0.19081557959655365
1.45025,0.37237370441540907,0.09650467854934193
1.450375,0.4683730656507699,0.05957764238095101
1.4505,0.38806560301142723,-0.08629827093699764
1.450625,0.1929016168984955,-0.26821864084939345
1.45075,-0.13220177141330294,-0.3554347638449678
1.450875,-0.12429345760335193,-0.24041881762743056
1.451,-0.04094024152868357,-0.13037641500108402
1.451125,0.18509716015060687,-0.023462881171823335
1.45125,0.2989850166772341,-0.0029568374815971458
1.451375,0.2722001024453752,0.15541725411093338
1.4515,0.35488404962815284,0.299233324299096
1.451625,0.3525931370465916,0.4325744635904599
1.45175,0.04019351131764437,0.41471415784539345
1.451875,-0.13731668160301472,0.14781600160382757
1.452,-0.15078656131045567,-0.12404723375526848
1.452125,-0.05806427864639384,-0.16805157359930442
1.45225,0.16637267360205812,-0.04765762522301823
1.452375,0.46308718863001597,0.171809311159406
1.4525,0.4049480157685778,0.3111910721591156
1.452625,0.10874104379226485,0.2660313782225323
1.45275,-0.17208145854904278,0.2784478122830724
1.452875,-0.19112703344555906,0.3199737531260748
1.453,-0.044796190344114015,0.0812401926422738
1.453125,-0.019914417135900128,-0.12088066671965432
1.45325,-7.426670100794994e-05,-0.1100697346829267
1.453375,0.030291695538141157,-0.11246649222828252
1.4535,0.1697677364974011,0.14364355207557883
1.453625,0.35493974564186526,0.4499319213798628
1.45375,0.40554787921399355,0.37972760107347797
1.453875,0.24769994810903612,0.1004178442060363
1.454,-0.09088854464047759,-0.13043558829052976
1.454125,-0.4232829044232365,-0.14293033746129605
1.45425,-0.43336039689002515,-0.06228719346172331
1.454375,-0.13884675582061695,0.03407480058272485
1.4545,0.1678123069965803,-0.020034583233118186
1.454625,0.40102919413841176,0.03812158096064733
1.45475,0.5505495637113746,0.13199698798865375
1.454875,0.4193989007786483,0.3384237677446622
1.455,0.1725034836324674,0.35070711643507074
1.455125,-0.041094833639024955,0.27897532420162097
1.45525,-0.27783290980951436,0.01512722252972651
1.455375,-0.4227076244322104,-0.3713827574861479
1.4555,-0.47749573730757655,-0.40470784603903354
1.455625,-0.32198055389477964,-0.09849118672628726
1.45575,-0.015216721911669435,0.18161988594111314
1.455875,0.21991138768249213,0.32658757144148826
1.456,0.009017285751302244,0.47715917401218766
1.456125,-0.48408389840181737,0.36305350794623137
1.45625,-0.5903718547185728,0.15952466396990433
1.456375,-0.26525869959846665,-0.03814923394295763
1.4565,0.013689246562738056,-0.27881407864569013
1.456625,-6.52673024357613e-05,-0.43482483179289005
1.45675,-0.28864309245701986,-0.370507526879383
1.456875,-0.23174469431509634,-0.36073832144634393
1.457,-0.04858059088324712,-0.05224949164143713
1.457125,-0.16347981394303246,0.21255887695218573
1.45725,-0.3131245795284573,0.017086917725320106
1.457375,-0.5747350354898852,-0.3912129292514305
1.4575,-0.6034921561556034,-0.5548466849264393
1.457625,-0.4139619962845137,-0.28088098739861506
1.45775,-0.2704351987283783,0.020577082684161332
1.457875,-0.023141881330884375,-0.026092603439071695
1.458,0.28416970159875793,-0.21995608562437505
1.458125,0.36482203953918446,-0.20044976431539932
1.45825,0.1992597188049196,-0.060176834972908426
1.458375,0.002052646424264247,-0.13334612807593257
1.4585,-0.05729633471821657,-0.296271711084285
1.458625,0.07638619312875704,-0.5690149754597469
1.45875,0.08510422617759614,-0.5372357721570132
1.458875,0.12731413780900402,-0.3853630987371171
1.459,0.22274503912237983,-0.22177448604416766
1.459125,0.34656762758981663,-0.050267500289588964
1.45925,0.4901700135512279,0.211231096575943
1.459375,0.499142712998928,0.30075466186353256
1.4595,0.3176603760905892,0.1420885788541835
1.459625,-0.08138281644412879,-0.01154471758918295
1.45975,-0.2595485600325551,-0.07388791391363421
1.459875,-0.1158158969792402,0.0650413945373035
1.46,0.2843712207278203,0.16019652676179005
1.460125,0.598555183222311,0.14309779075913123
1.46025,0.5408842246992118,0.16244343460592195
1.460375,0.12518101598284773,0.29804265568053584
1.4605,-0.13039082153315174,0.43107381561039826
1.460625,-0.19104114928111474,0.4301317579935542
1.46075,0.052553707995081696,0.2826886404366837
1.460875,0.12418508272751697,-0.03190762144293448
1.461,0.020073267608516344,-0.21405840500670953
1.461125,-0.2415078154550462,-0.10146900990320125
1.46125,-0.19462042392255918,0.2071940145956279
1.461375,0.12546452073244324,0.5208826774879198
1.4615,0.28273557206004724,0.496658416403513
1.461625,0.21826247215596475,0.15209717934916242
1.46175,-0.11762353564862482,-0.16589648459037715
1.461875,-0.11771779909900704,-0.16210211952374382
1.462,0.05057855290164046,0.031743344310499515
1.462125,0.2148793409773647,0.11462422974107504
1.46225,0.15674626259747926,-0.00178134774541407
1.462375,0.034551241156639746,-0.1984508476609496
1.4625,0.11311270752409396,-0.20318376247233774
1.462625,0.28461884030047746,0.13768878373798535
1.46275,0.21561286020330722,0.3311028415255678
1.462875,-0.040506407227189796,0.16543897022289053
1.463,-0.3074402499592517,-0.14673291786605644
1.463125,-0.5089975683449078,-0.11936168476859868
1.46325,-0.37521587151332475,0.04247091391282572
1.463375,0.0014359809208096628,0.19195597146931576
1.4635,0.279627117837542,0.10155090733713545
1.463625,0.1777190452735125,0.017576669369464958
1.46375,0.13196375535272406,0.1016763976901392
1.463875,0.06714804418829182,0.17871509162067423
1.464,-0.03003810518950443,0.2153044906675434
1.464125,-0.14738508703605213,-0.03195771582956953
1.46425,-0.3512569881699692,-0.3054353127171234
1.464375,-0.41740721763553446,-0.4489591121094042
1.4645,-0.27680969627505625,-0.30587091484723117
1.464625,-0.11442958657185474,0.04938656825676815
1.46475,0.03878292477668553,0.24582624723997534
1.464875,0.136309401687935,0.15647487206499272
1.465,-0.015042258922156292,0.07552898775207248
1.465125,-0.4997981552410327,0.08936497671900057
1.46525,-0.7819194592762816,-0.027411858685497986
1.465375,-0.6395216233295299,-0.1425868740498233
1.4655,-0.3209161789269327,-0.27733078637258324
1.465625,0.04829845854984457,-0.3781092532749291
1.46575,0.103008100349803,-0.2776347311025956
1.465875,-0.052659233233411304,-0.15421987692860045
1.466,-0.22249708386655268,-0.029846314782954287
1.466125,-0.3273465679268586,0.07999616263048993
1.46625,-0.23632002219526502,-0.036330641060649586
1.466375,-0.22165592137575482,-0.4332187060808317
1.4665,-0.08376544644591903,-0.7189284688124368
1.466625,0.08260127279464127,-0.5965640208192976
1.46675,0.2022583329426125,-0.2357948048932315
1.466875,0.29661223480816334,0.03290932761449534
1.467,0.3876434049959377,0.1164552025183092
1.467125,0.29197443946162904,-0.04852345604702611
1.46725,0.03853377694740362,-0.2481247240957546
1.467375,-0.02292247690819975,-0.2317642222077791
1.4675,0.19166783516347163,-0.17967309879336396
1.467625,0.41365601645947986,-0.16406792660751007
1.46775,0.3630944961938904,-0.05553041853367739
1.467875,0.1969383547984103,0.06731305055317564
1.468,0.2261836970317916,0.18284951430920454
1.468125,0.3830308493303723,0.2742693961335204
1.46825,0.2692797090410407,0.33990887863881664
1.468375,-0.04069480217482812,0.20971468046530642
1.4685,-0.27292899126308573,0.06804274342670433
1.468625,-0.36232359911317186,0.0521676539252549
1.46875,-0.154714505884652,0.17975977055917505
1.468875,0.19831556017925323,0.3106172539108363
1.469,0.4364437254962816,0.3036260911626124
1.469125,0.5677128414826148,0.18472328117261122
1.46925,0.5383352985296049,0.1725423535930294
1.469375,0.2701130327076169,0.292997452326212
1.4695,0.049365868086793996,0.30554213080887
1.469625,-0.027511323938355425,-0.0007060956969283419
1.46975,-0.051559667835881555,-0.2974000067118692
1.469875,-0.05827492656608109,-0.3727499894263465
1.47,-0.16870896380086653,-0.18877746326541422
1.470125,-0.12839931348572628,0.14327458842332516
1.47025,0.036281797694946924,0.39428110969230196
1.470375,0.24138705753355205,0.5098138153806087
1.4705,0.2350718246805804,0.49222894707882825
1.470625,0.050800919028845905,0.24846947814143938
1.47075,-0.3328788916915053,0.05597438015520652
1.470875,-0.3922220752719556,-0.03252480957505464
1.471,-0.14860108223826182,-0.004947522384108808
1.471125,0.0481118289835683,-0.03430489711562212
1.47125,0.10460716261143323,-0.0969940176897701
1.471375,0.06768909196294431,-0.17346855551714144
1.4715,0.007314604259300324,-0.034240573184784476
1.471625,0.0702644450927845,0.16822700504014962
1.47175,0.210895768726074,0.20896426217956482
1.471875,0.03267887750069416,0.062325951373242865
1.472,-0.33979006181512994,-0.22549606720077242
1.472125,-0.5246191567260736,-0.32331602880771104
1.47225,-0.3654245329270763,-0.15625699774944732
1.472375,0.0014636790079002198,0.029161938064967363
1.4725,0.3572707738900821,0.08147306448139646
1.472625,0.44072777975285843,0.10297786346346188
1.47275,0.10329221218494945,-0.01419253550401333
1.472875,-0.1502531794570856,0.035493799378187536
1.473,-0.2074306836906161,0.1659255510089376
1.473125,-0.175440177112626,-0.017552008019450862
1.47325,-0.11064524757130423,-0.2894791432246165
1.473375,-0.029149237699715783,-0.47645373881568953
1.4735,-0.2748720683487107,-0.3661245842007837
1.473625,-0.43984793676940526,0.04466873311059337
1.47375,-0.452537567200463,0.33147753662022234
1.473875,-0.42049073790066066,0.38270535897965197
1.474,-0.4591495972591245,0.12761817110765153
1.474125,-0.4939319182084647,-0.14274003667519541
1.47425,-0.3674098123732732,-0.19332243861892445
1.474375,-0.11492841028416217,-0.15268572253118376
1.4745,0.15167482243070107,-0.1110911701316726
1.474625,0.24654168873332488,-0.08175961321302799
1.47475,0.12719923021534238,-0.19433217466641667
1.474875,-0.07082778062351612,-0.4040896167615983
1.475,-0.14052556094493757,-0.4056949761526429
1.475125,-0.16224551452755656,-0.4113063429444871
1.47525,-0.1300547979537741,-0.4034679574146229
1.475375,-0.12386604362792962,-0.5435922078602426
1.4755,0.053198557970785994,-0.3391063005545572
1.475625,0.15426590518912953,-0.08324213032491394
1.47575,0.4798662177130439,0.1532183676107008
1.475875,0.5029423967756674,0.21992620833228022
1.476,0.5835970942255111,0.07951578923930801
1.476125,0.46138987293466144,0.019765578548800355
1.47625,0.07616056007811879,-0.12624701771365762
1.476375,-0.11863373490630967,-0.13323459292033557
1.4765,0.0031373585869481258,-0.14752295633056398
1.476625,0.28488414432251224,-0.08427125912593449
1.47675,0.521304967420453,0.00768876408538313
1.476875,0.2696904063193617,0.16896588862291823
1.477,-0.10145479552388699,0.4344209547515771
1.477125,-0.13146281761860132,0.48093395998298094
1.47725,0.11043416171308532,0.5429703653868299
1.477375,0.13723126331452146,0.3778400001552595
1.4775,-0.11427059575149755,0.06703127621290565
1.477625,-0.3044435087339534,-0.16797661696320626
1.47775,-0.10416086174905839,-0.016039019667210358
1.477875,0.2608187868974438,0.33078873328718766
1.478,0.5537281129368078,0.47279682491261393
1.478125,0.45453719486303046,0.28359345777700823
1.47825,0.2409554355209681,-0.06647684539265299
1.478375,-0.1040794251512901,-0.11897879907869893
1.4785,-0.15385718732699238,0.11894122597078205
1.478625,-0.0638046219001187,0.1323027269628724
1.47875,0.07657513336041577,-0.1108733760905534
1.478875,0.14892812104228326,-0.2266652607678331
1.479,0.1655945075490614,-0.0634548580940569
1.479125,0.13868379528514013,0.22636295541451593
1.47925,0.10335916652551908,0.5028408486014107
1.479375,0.016084562326103315,0.4357661307669264
1.4795,-0.16856041602341326,0.14455837822749978
1.479625,-0.4284279729174356,-0.10175697946603621
1.47975,-0.5406775111404367,-0.13263670422109503
1.479875,-0.4142258806006291,-0.05011830066809681
1.48,-0.07626939385981234,0.04947691666989887
1.480125,0.08683099765497455,0.13971459188519825
1.48025,0.056252397173609685,0.13075139180821999
1.480375,-0.07294707224097091,0.09505826192662263
1.4805,-0.16111408732018206,0.04496281109172946
1.480625,-0.1155479718221764,0.021927979741963324
1.48075,0.014436634340934128,-0.1284476235723155
1.480875,0.08767519626714332,-0.38671752280125865
1.481,0.15955135022688455,-0.4977821289092265
1.481125,0.2807387866763315,-0.39084962371606585
1.48125,0.28344738781059764,-0.06238651458843095
1.481375,0.29695101875113217,0.06825339567272928
1.4815,0.2144217928143491,0.058642482212578416
1.481625,0.06799892296546717,-0.06475269547283197
1.48175,-0.1483879580170513,-0.21971402129725523
1.481875,-0.3850961166467717,-0.11953417642480585
1.482,-0.6053545425263513,0.01113898439806002
1.482125,-0.7529914295520836,0.06587561280580118
1.48225,-0.6094398305983445,0.16260947623430674
1.482375,-0.39955310790936394,0.24888973870149564
1.4825,-0.07917879809799182,0.26717500407058864
1.482625,0.05425485411569375,0.2776817946341066
1.48275,0.0018471169172791723,0.22736915643629171
1.482875,-0.3797043052240586,0.0451888393180681
1.483,-0.5988013284320188,-0.146076527979433
1.483125,-0.6549296612316861,-0.37432228465392575
1.48325,-0.3328276011099728,-0.581220778227537
1.483375,0.1262326804259085,-0.6290123663203973
1.4835,0.465422408597315,-0.5800712718728107
1.483625,0.3958581414939072,-0.37258792467290525
1.48375,0.14887463636093304,-0.12834034952921308
1.483875,-0.04205174618062552,0.06214092303837833
1.484,-0.09042378315333081,-0.029084097263241657
1.484125,0.08096353244609178,-0.2936178659193973
1.48425,0.40943707394683243,-0.5769422365185652
1.484375,0.4927671882203189,-0.6096186803351625
1.4845,0.45197620045986736,-0.3179425560072303
1.484625,0.3171911598677269,0.09805715229622274
1.48475,0.27861730811965046,0.39467086990498285
1.484875,0.347064641117067,0.357867520313222
1.485,0.2797093832629294,0.15162540599085092
1.485125,0.07096154718384876,-0.058347645896675245
1.48525,-0.04936245916182997,-0.0751365966898065
1.485375,0.01072600361225213,0.07097480679948073
1.4855,0.22064593357742782,0.34440991370088353
1.485625,0.33835477730957314,0.45375745956249025
1.48575,0.25074142173917563,0.39603742366704037
1.485875,0.23705479211269376,0.2803197770824394
1.486,0.2803644310173393,0.21834337921627675
1.486125,0.29916530537058855,0.321054571809012
1.48625,0.11116435003141169,0.2256068187976595
1.486375,-0.21148400117620172,0.0695457947315037
1.4865,-0.3531660233213829,-0.007345499431837831
1.486625,-0.2100727352150556,0.004418209579160835
1.48675,0.22508436936351287,0.21698921905248472
1.486875,0.5020070054172011,0.37456333114951473
1.487,0.4284073361356574,0.2922338100250411
1.487125,-0.05710458124806292,0.19233373561570272
1.48725,-0.36671308978732337,0.21004000797217323
1.487375,-0.3381448291371538,0.21691968655814972
1.4875,-0.07516172696342904,0.0939534796438057
1.487625,0.06179392731135352,-0.1252178691738863
1.48775,0.14906664162667796,-0.30478039647707633
1.487875,0.05662121682850228,-0.19855571233968383
1.488,-0.11016788042700848,0.18267140696649695
1.488125,-0.16648621528612692,0.46560706802327123
1.48825,0.03257795934294427,0.3098057204349921
1.488375,0.11233748092787624,-0.0755316720778727
1.4885,-0.06549113108483971,-0.31700712720792257
1.488625,-0.39904784737201915,-0.3109656162941899
1.48875,-0.5814239278776753,-0.10536978106184787
1.488875,-0.44444750606919375,0.051464401876604865
1.489,0.038254267624842145,0.12779794828293062
1.489125,0.3091909394382383,0.012689318750553262
1.48925,0.20043928396126695,-0.10442756830783413
1.489375,-0.10064632321894665,-0.1203543797179351
1.4895,-0.2690249652232523,-0.01733921092487362
1.489625,-0.3296576338853697,0.13168705962877794
1.48975,-0.30554967744839434,-0.06134698324107147
1.489875,-0.3259906431342526,-0.41379157062715083
1.49,-0.3207245069202857,-0.5853319050302653
1.490125,-0.040303451698580385,-0.34353342558819805
1.49025,0.13007187410496962,0.032329532806276894
1.490375,0.16754302829267634,0.2854773221108647
1.4905,0.04965695509505241,0.12686293236455976
1.490625,-0.20816070224185979,-0.12356808197647977
1.49075,-0.4272086150384476,-0.2310679272489894
1.490875,-0.499190687097135,-0.27413891728325596
1.491,-0.3019648753460403,-0.23277721942966206
1.491125,-0.041878972235742884,-0.31270911960575054
1.49125,0.058923435721545035,-0.2203244674062755
1.491375,0.11208345680508508,-0.06937800819306106
1.4915,0.1401981840098154,0.11028425998968987
1.491625,0.04037666597704053,0.13064976393915576
1.49175,-0.1749556299418792,0.03223887829060999
1.491875,-0.2580965072121789,-0.16107481282829555
1.492,-0.25212407811322146,-0.36625111774466124
1.492125,-0.13639426128782212,-0.4329217439673028
1.49225,0.17384073425137495,-0.2711382379608527
1.492375,0.43133069696267257,-0.04692346798667293
1.4925,0.6154499338489349,0.03874709461557924
1.492625,0.521361087221416,0.08538168241874222
1.49275,0.26466557489706727,0.11796289604239775
1.492875,-0.12539441110145247,0.03287663371867802
1.493,-0.308100624579122,-0.11975868512932876
1.493125,-0.12885160381751273,-0.2266909849527946
1.49325,0.24513776615518806,-0.25518273746752174
1.493375,0.42928628628390636,-0.17843448121370634
1.4935,0.3816957997265097,0.14002066312274705
1.493625,0.28220081444805634,0.3952176335205795
1.49375,0.3605151787918312,0.5301280290969459
1.493875,0.39524957598318844,0.4725454569946395
1.494,0.2026734190329013,0.20284638833113333
1.494125,-0.019281029534467156,-0.14590362956490185
1.49425,-0.1655115159116493,-0.2289389763911444
1.494375,-0.08199796160052408,-0.05772673064931442
1.4945,0.18920575506596266,0.19400619443748596
1.494625,0.40706594957090164,0.43045888690558304
1.49475,0.3948883687794012,0.3507206518327694
1.494875,-0.015148870209766237,0.24051704347897176
1.495,-0.23505701891270803,0.23257098912649432
1.495125,-0.2810729927539166,0.3500920268978743
1.49525,-0.0958426154600899,0.1626836820317997
1.495375,0.06087312391308021,-0.035342252574955914
1.4955,0.20746312973392056,-0.15769202714089423
1.495625,0.18431260101363553,-0.04100096698166866
1.49575,0.1392377694584324,0.13271669470838796
1.495875,0.12472851166873952,0.36030534266420594
1.496,0.21978109526899794,0.34097767956564934
1.496125,0.12527500563863345,0.0737571083116376
1.49625,-0.12724072111166215,-0.1841923245776289
1.496375,-0.2917419512807564,-0.2649205086064399
1.4965,-0.3102713592062743,-0.10319823368015511
1.496625,-0.1174919330980453,0.06782368870645895
1.49675,0.019325369363329563,0.14130382045795933
1.496875,-0.13822057729715514,0.21950348072999357
1.497,-0.2757570341164851,0.11712992368462402
1.497125,-0.14951908105090048,0.07030455801754862
1.49725,-0.09768072872703412,0.15700329870327243
1.497375,-0.14701215170473927,0.13335695237357376
1.4975,-0.32866106699613346,-0.05963429555827505
1.497625,-0.4312288600822694,-0.3265217273536863
1.49775,-0.2851944668100377,-0.28056035525176565
1.497875,-0.060848582534026745,-0.10238083914546726
1.498,0.13309886900376847,-0.03236414394244768
1.498125,0.17698459647923573,-0.10507339530395535
1.49825,0.12999222732490287,-0.22265280389627584
1.498375,0.11746767445609774,-0.20164302297084952
1.4985,-0.08438047294071808,-0.0864630084025239
1.498625,-0.356035667951705,-0.13709105404440625
1.49875,-0.4631790808554858,-0.29511310944448094
1.498875,-0.35463138371539393,-0.37398862495277485
1.499,-0.122376885666541,-0.24587270752503745
1.499125,0.03101725725852408,-0.022931634815382435
1.49925,0.016825745405181065,0.11323313258408874
1.499375,-0.18236839587586198,0.13551519118375135
1.4995,-0.3312905895563654,0.14284988924026015
1.499625,-0.37646169119475104,0.06087191231949441
1.49975,-0.41761749140668003,-0.05986874757506383
1.499875,-0.23712255216834985,-0.2756985770174343
1.5,-0.0019975136106194476,-0.4238198533039912
1.500125,0.1041316894532789,-0.28305047574020265
1.50025,0.15540356564439578,-0.07370594733206988
1.500375,0.21833532158155647,0.08676851609597681
1.5005,0.3352149027709554,0.044146277563064065
1.500625,0.4930125669358831,-0.15649159870220306
1.50075,0.5729304988844584,-0.2743516873635331
1.500875,0.22090639867258552,-0.3751310905733906
1.501,-0.0194059737692239,-0.363226568951538
1.501125,-0.18303074659268206,-0.2421831456132558
1.50125,0.026660778312836208,0.015350067200630042
1.501375,0.2874476444568622,0.06736540163073611
1.5015,0.38399532476964693,0.14284658429053437
1.501625,0.2160301814206006,0.20989919301287877
1.50175,-0.028557750038352786,0.26228782872956585
1.501875,-0.05580271985015682,0.43537616217385683
1.502,0.13082844755088535,0.5113004686288499
1.502125,0.22798960710398455,0.2309637526035794
1.50225,0.2884294191566713,-0.06730585877039354
1.502375,0.26089001401221495,-0.17848483847090865
1.5025,0.21979454300158457,-0.0025798224519419
1.502625,-0.09455410350472589,0.24860179301421023
1.50275,-0.15671681788545302,0.3390598979095375
1.502875,0.0699961077928987,0.15678252534008874
1.503,0.24301021964090927,-0.042193664873814686
1.503125,0.17415183212784296,-0.0574315531035765
1.50325,-0.03397043340124865,0.0735990473403287
1.503375,-0.0018119295605641514,0.2140085906096319
1.5035,0.21832202797161035,0.2699609586565996
1.503625,0.35828785669366225,0.2399989330726904
1.50375,0.16941586170779657,0.12844959900821074
1.503875,0.06561748746936663,-0.06580501263831344
1.504,0.06913464655038,-0.1580210181576259
1.504125,0.05587015816862022,0.08264672204281566
1.50425,-0.09025415876264792,0.19532526872496914
1.504375,-0.19276527146601694,0.09727228749637194
1.5045,-0.18524824923895006,-0.017272010229686517
1.504625,-0.0658631685064377,0.02331376547696825
1.50475,0.0016850238331288735,0.15039309040341672
1.504875,-0.11781923148368016,0.36115425116081856
1.505,-0.1306324606709187,0.17343047524781172
1.505125,-0.20619623328960227,0.0019646354750181266
1.50525,-0.11545928452552967,0.03586959850986158
1.505375,-0.13261634285680438,0.061416304083759324
1.5055,-0.1253738640538939,-0.05734503485019919
1.505625,-0.03962863512111833,-0.18392054647270858
1.50575,0.18394168184117082,-0.22952925111979194
1.505875,0.20201358074184345,-0.10487685376629292
1.506,0.1510172959420664,-0.0673390136888579
1.506125,0.02184231975687118,-0.05732102689209377
1.50625,-0.12287221224474704,-0.12850041173142138
1.506375,-0.2154401267011085,-0.1391870810970594
1.5065,-0.3676467046999909,-0.1104195892788654
1.506625,-0.43419195726585696,-0.13634339405223375
1.50675,-0.39078987974660445,-0.10897305493649691
1.506875,-0.2854464895103343,0.030802451309606627
1.507,-0.1949015813669795,0.16722504264294857
1.507125,-0.20767423805122412,0.1821468318295348
1.50725,-0.29359717750505593,0.16281903742467432
1.507375,-0.28906845348077553,0.05988082822328234
1.5075,-0.2975840287642619,-0.10175169896866781
1.507625,-0.2394857936389257,-0.17342290808957708
1.50775,-0.1767471988811876,-0.33269698390418023
1.507875,-0.12033274349288677,-0.3978745706836021
1.508,0.007209841776604305,-0.34680432012491763
1.508125,0.17964589380961357,-0.2292089129415194
1.50825,0.23709688081028352,-0.1346027567299147
1.508375,0.018020413549718364,-0.19170080518690555
1.5085,-0.2183800952353208,-0.2384381843333731
1.508625,-0.3692055620508573,-0.25590186760762057
1.50875,-0.22989424705693753,-0.30115605496930403
1.508875,0.03540854239401601,-0.2358570440473538
1.509,0.3733688199406579,-0.17584738638064987
1.509125,0.3838924456378328,-0.19028869944094362
1.50925,0.3856882038442048,-0.029488697490170135
1.509375,0.46820573652956565,0.18126820424090684
1.5095,0.46624584314933737,0.19333876927934282
1.509625,0.31539866943660183,-0.005456159967288362
1.50975,0.02257586359699261,-0.21982119633591485
1.509875,-0.030175417909064087,-0.33302385516902827
1.51,-0.08249384223305424,-0.2089524412386057
1.510125,0.15772069990485849,0.043484851510754124
1.51025,0.5038066210450359,0.2844229529900865
1.510375,0.6313356561890864,0.36583689724529406
1.5105,0.5936522207742295,0.34089412081745335
1.510625,0.24607350558976057,0.4280893717917647
1.51075,-0.2537672268152745,0.41090743561372806
1.510875,-0.4138405904640441,0.18412466160300858
1.511,-0.09302984478015658,0.09330516849687397
1.511125,0.13421693034281523,-0.03538561817400161
1.51125,0.3738644246842753,-0.05144216852346403
1.511375,0.21460583357018845,0.1361512754015961
1.5115,0.08670526851224014,0.3992168363170114
1.511625,-0.019362353949203968,0.5698505394877289
1.51175,-0.0008815629230576463,0.5139234617740884
1.511875,0.041350580162251085,0.16799326021862093
1.512,-0.06589832084668897,-0.28040888319224794
1.512125,-0.20337324922337802,-0.33081649108434386
1.51225,-0.07885928559354914,-0.10187012884797093
1.512375,0.33985364663638734,0.16028399039886856
1.5125,0.6409732882865171,0.28560155705066953
1.512625,0.4295715198577409,0.1960842374860919
1.51275,-0.25242244756251764,0.08121069200261008
1.512875,-0.5927309838480096,-0.0076956944223140365
1.513,-0.5614262965766241,-0.010920908030510901
1.513125,-0.19820002691800073,0.0896873734198543
1.51325,-0.03525768070344339,-0.10573947666812751
1.513375,-0.007666269062441245,-0.12995132354464187
1.5135,-0.054534302647101796,-0.06899551574712405
1.513625,0.024549234925123672,0.31180087043174126
1.51375,0.15999988617100874,0.5058460916890716
1.513875,0.06651743376285267,0.38348860611170593
1.514,-0.249283563578477,-0.1643188125783049
1.514125,-0.3794166783029422,-0.5241119888676832
1.51425,-0.3206334592173482,-0.45104884482143404
1.514375,-0.07929084440611885,-0.2038980666215003
1.5145,0.23882788988583722,-0.0604858396369725
1.514625,0.3826845210012279,-0.039038001570016634
1.51475,0.22274117632117718,-0.03903563256380105
1.514875,-0.19331673619998915,0.01216649739478544
1.515,-0.4319736653289184,0.12507089909414082
1.515125,-0.4805746792329942,0.021023370895049496
1.51525,-0.3618661789618008,-0.1945604269511032
1.515375,-0.37756505562156445,-0.39547241525668186
1.5155,-0.4504390920771034,-0.33109040433147785
1.515625,-0.34983490499696346,-0.05378302726411889
1.51575,-0.1159559810671325,0.26185130196124173
1.515875,0.18940947298263885,0.40786786267794134
1.516,0.14414728464316465,0.15909358390371373
1.516125,-0.2508414245928554,-0.16558484321499348
1.51625,-0.4919816435018047,-0.3760341924362082
1.516375,-0.531471333328613,-0.40705025269747147
1.5165,-0.36319322165075185,-0.3187873718026433
1.516625,0.02615321109063803,-0.333511403158149
1.51675,0.27579441537194144,-0.4317288161923374
1.516875,0.27391108081504545,-0.32435028022461065
1.517,0.13456822379615224,-0.08290354198757534
1.517125,0.18073608407698594,0.14584696287712004
1.51725,0.16151680707538738,0.07724055197737516
1.517375,-0.030494682653460968,-0.2341110720012446
1.5175,-0.12456218673204703,-0.4734276523915396
1.517625,-0.0703461308321401,-0.4837054093088708
1.51775,0.19848972198296663,-0.3055759233940948
1.517875,0.4202166326269142,0.026665010373351818
1.518,0.5921178835281836,0.23930190840635485
1.518125,0.6610451210701844,0.2301131625373073
1.51825,0.6253400588079037,0.15460433892215983
1.518375,0.37264191450133843,0.14908010346425662
1.5185,0.2105368638917313,0.12058179889445986
1.518625,0.1901702867438999,-0.054912542579897625
1.51875,0.27730919470985677,-0.16998111512385808
1.518875,0.1111396911984965,-0.009493197965372421
1.519,0.1253859131992092,0.21970330725857462
1.519125,0.058449773822365075,0.39128613747428187
1.51925,0.1391143648943052,0.5328338180998139
1.519375,0.08519687344290766,0.6455058834736362
1.5195,-0.030355694599027472,0.537853282698099
1.519625,-0.1443427655783053,0.38939937424727766
1.51975,-0.22725382742547034,0.15798747799494314
1.519875,-0.1878896416479217,0.15318051513270528
1.52,-0.10452581473905688,0.19369054990983856
1.520125,0.06997098549953581,0.15969937697042996
1.52025,0.20206727481390224,0.12432499578364746
1.520375,0.0015717131004813394,0.10325624033108458
1.5205,-0.20388127895709604,0.11532311328163654
1.520625,-0.22861676485760918,0.0938034561257713
1.52075,-0.13824967749188577,-0.063434879499225
1.520875,-0.057071389353178174,-0.1349784608192347
1.521,-0.08811456729096169,-0.15619648853351012
1.521125,-0.09446642918277301,-0.15671304326126584
1.52125,0.10050403329327323,-0.12831935385525317
1.521375,0.3509879374723142,0.09874664843605499
1.5215,0.23081726113886644,0.17984578159585843
1.521625,-0.12896324849688623,0.03516099283265927
1.52175,-0.33668702071925993,-0.10607686137855095
1.521875,-0.3855943518249805,-0.25961340365170904
1.522,-0.07769438377073691,-0.17454580271442233
1.522125,0.2620517492816524,-0.04774501903511036
1.52225,0.18435946851100576,-0.07594157194596318
1.522375,0.08182775291295585,-0.0741797212550723
1.5225,-0.03397718818014611,0.08405433058584182
1.522625,0.09849344520040897,0.30957966226100425
1.52275,0.24112015775154547,0.23779627581606172
1.522875,0.08793400783406018,-0.06762730715046858
1.523,-0.1512979015525026,-0.3648631306704509
1.523125,-0.3739566636229003,-0.31501397411762605
1.52325,-0.37410231677940575,-0.01873670886707793
1.523375,-0.4053721252072161,0.22462378427590354
1.5235,-0.32179394633569935,0.20110770725633378
1.523625,-0.2906568082631996,0.04438789008280608
1.52375,-0.24836559154053073,-0.010001869210978025
1.523875,-0.2563958586953318,0.09496644788615413
1.524,-0.3687740030177384,0.17477583790432674
1.524125,-0.5343160436675681,0.05189551853605634
1.52425,-0.5638441275073546,-0.12965074466351256
1.524375,-0.4641749174522505,-0.30096257623020956
1.5245,-0.07883956044610249,-0.3979781590300681
1.524625,0.2924051050787895,-0.3850473059910915
1.52475,0.4357737729147752,-0.3080123209464132
1.524875,0.26417259980187074,-0.21708778639146273
1.525,0.03151348139828915,-0.24344713847521618
1.525125,-0.2915428402019642,-0.23038740981950454
1.52525,-0.2638312007590802,-0.3202339270825052
1.525375,-0.0310553551463499,-0.4320626779814497
1.5255,0.3257487714871278,-0.5417835075189517
1.525625,0.5127349253840241,-0.3930729790759596
1.52575,0.456747804758229,-0.07666701047218023
1.525875,0.33781319764387074,0.2546405752450614
1.526,0.4111088584063718,0.39193347248716753
1.526125,0.42253535438478784,0.29184202014004895
1.52625,0.3032477295495688,0.018100084343718657
1.526375,0.0308789585704473,-0.19506433175445037
1.5265,-0.12637650761406458,-0.3002053645462084
1.526625,-0.021353254598183605,-0.05433057870763087
1.52675,0.23112494016798066,0.29786805551190465
1.526875,0.35829304862733624,0.48855042177482944
1.527,0.1638080246202828,0.40502951343070076
1.527125,-0.021235803001146816,0.3028157786660054
1.52725,-0.019295974073722345,0.3397167129063365
1.527375,0.023142457115749113,0.39750913683140604
1.5275,-0.021493663914764784,0.3078478208771056
1.527625,-0.041949549142967855,0.025305714526466443
1.52775,-0.02425993569254885,-0.0865588660528856
1.527875,0.1311187676369452,0.028689772386122515
1.528,0.2723118032181818,0.17569275032609505
1.528125,0.3742436541400681,0.24522161248768487
1.52825,0.366636215281659,0.13114433304453305
1.528375,0.24953179134227188,-0.017152456087476134
1.5285,-0.03305828873612937,-0.04590789524017697
1.528625,-0.40439028220723405,0.024947137611953142
1.52875,-0.5530955687364844,0.05474576690080479
1.528875,-0.3674887704079077,-0.012032696152683677
1.529,0.011447180769058004,0.042994737792118744
1.529125,0.28586586615523824,0.1260530580484822
1.52925,0.347682624992514,0.19299920785400473
1.529375,0.2052013084497133,0.3176253867354697
1.5295,-0.0518247247451937,0.3637615122080841
1.529625,-0.0609385090609098,0.20339372448670556
1.52975,0.09013072094899409,-0.05986097166706376
1.529875,0.1472589278672368,-0.3436015819134419
1.53,-0.0676145789919315,-0.5247065402012571
1.530125,-0.2174040605086854,-0.35693622513808254
1.53025,-0.08945310369798827,-0.014481677036709151
1.530375,0.10925468484489619,0.2852756909352554
1.5305,0.1782096004459226,0.3440235118137483
1.530625,0.11152865411061308,0.14897491988740363
1.53075,-0.01198307249095121,-0.045625986015487445
1.530875,-0.12193487963985811,-0.06911323686353672
1.531,-0.2662008447939702,0.05718427062048054
1.531125,-0.30166153755350505,0.13252829303890323
1.53125,-0.19783486015203405,-0.11402996646260624
1.531375,-0.10410068364841547,-0.20909026672900222
1.5315,-0.13039521108274987,-0.03959137211766742
1.531625,-0.2195763554966235,0.06615400735239906
1.53175,-0.28825193438133473,0.14756984746884752
1.531875,-0.3349611873794677,0.07091827675436005
1.532,-0.37647729341818964,-0.015865822621827286
1.532125,-0.3904263999181171,-0.10089092193232047
1.53225,-0.26367825853103954,-0.24089383617611346
1.532375,-0.1310518707903284,-0.2684082482202831
1.5325,-0.08433188486290559,-0.1785107063198525
1.532625,-0.2362753471074082,-0.1224746267744781
1.53275,-0.23183954746567267,-0.10769768836474854
1.532875,-0.11020581267597236,-0.19594024652886752
1.533,0.0807471089685018,-0.2680193867818124
1.533125,0.10275884981501973,-0.33879962662978025
1.53325,-0.024995589585546433,-0.3106938390478827
1.533375,-0.14005668392424483,-0.33900127875955327
1.5335,-0.13949862677165742,-0.2586919777598413
1.533625,0.16478850967170267,-0.11595597752560569
1.53375,0.3548211187419505,-0.02264804838445233
1.533875,0.31879414602523565,-0.2004399949589038
1.534,0.06200010575645292,-0.23003545818436327
1.534125,0.051734558532924586,-0.10856337066758406
1.53425,0.16351210555135273,0.06552716012267466
1.534375,0.2934667028249221,0.09659667353310826
1.5345,0.4155912761440395,-0.0009272631216520951
1.534625,0.3901659111256669,-0.15447909947539315
1.53475,0.40302245115965435,-0.06391395057697707
1.534875,0.328658674605605,0.10383505402099656
1.535,0.14259684871207506,0.33918987013782137
1.535125,-0.057158704169301876,0.29961795850834294
1.53525,-0.1190148470004552,0.05604249450339783
1.535375,-0.07825205520324902,0.04008228353934556
1.5355,-0.002783255477783238,0.14401350851923445
1.535625,0.02641216120671796,0.2347533570033062
1.53575,0.07304568408024073,0.2947332482729098
1.535875,0.21268502937504566,0.3544422865595607
1.536,0.27955211163815413,0.3894004080575718
1.536125,0.2022451295261395,0.2996938341014366
1.53625,0.11487046921318529,0.11115172832131988
1.536375,0.03143774836260767,-0.11201916969076232
1.5365,0.05641652143929066,-0.12501682471772887
1.536625,-0.00514355361733643,-0.057784933186261093
1.53675,-0.006982970979988526,0.03617673045136931
1.536875,-0.08919844971338868,0.0360477889156177
1.537,-0.049521148630490036,0.07806436717183499
1.537125,0.21357447354152057,0.2378648783418078
1.53725,0.3406976709313286,0.2544138795798102
1.537375,0.16036799130361937,0.16919885996750944
1.5375,-0.1372713081253044,0.13746388737100348
1.537625,-0.22334006243966373,0.07543674832158911
1.53775,-0.036067298668142435,0.03263405778957301
1.537875,0.34186640952591596,0.005146322748774119
1.538,0.3710812540727992,0.00170248883383799
1.538125,0.03754731493340983,-0.04992763996666039
1.53825,-0.30258512936715376,0.011763060698304018
1.538375,-0.387200652443926,0.1649388759681388
1.5385,-0.06014076896072085,0.29075254006406287
1.538625,0.1686094448236095,0.1336746591931476
1.53875,0.22001542754949655,-0.17971701406791563
1.538875,0.003091192191590081,-0.26310057048292684
1.539,-0.17962573515322006,0.004106256447228972
1.539125,-0.39355877561181546,0.27060528620282087
1.53925,-0.34121757029739624,0.2720963502263798
1.539375,-0.22048447886318487,0.030589347168256432
1.5395,-0.19069475942965644,-0.2678945694522197
1.539625,-0.2689339768494967,-0.3027634132074219
1.53975,-0.14921723766041195,-0.04677353191549701
1.539875,-0.04187971975289528,0.133738387163887
1.54,0.04193499420832304,0.15083873301610715
1.540125,0.02869461561848551,-0.02263707935259386
1.54025,-0.22232567829969638,-0.13039101812189768
1.540375,-0.4438417311392538,-0.3425658222610912
1.5405,-0.569324841239137,-0.33317665443474764
1.540625,-0.4358004651536844,-0.1661301657075138
1.54075,-0.1771925419122105,-0.19202384278611487
1.540875,-0.06840068412048211,-0.2545786059697877
1.541,-0.14448942102522092,-0.14148997682666564
1.541125,-0.20329119310116303,-0.04127557404118247
1.54125,-0.11100091505450493,0.04764155349016278
1.541375,0.17865865612741527,-0.009364922780162864
1.5415,0.25064653028213624,-0.20010239329877993
1.541625,0.0769497172776929,-0.41456513139782003
1.54175,-0.1666982189127066,-0.5033771977723909
1.541875,-0.19980071236676886,-0.3535230918906606
1.542,-0.08105200294037396,-0.19174096649081995
1.542125,0.22847814279563042,-0.09927266352594097
1.54225,0.5057425686230949,-0.15891198723917535
1.542375,0.41942658309209097,-0.2190524474690612
1.5425,0.18018487532105304,-0.09713569697171767
1.542625,0.10633269288213308,0.1351448354818375
1.54275,0.12435414144100507,0.23769405439350383
1.542875,0.19562262749842665,0.10713529570784262
1.543,0.09526196812117632,-0.12620566676968037
1.543125,0.1092676855317155,-0.1964900475177739
1.54325,0.21853344115975298,0.004711323077213586
1.543375,0.39273016038784314,0.25874434859419737
1.5435,0.3927115956584587,0.4337550481343508
1.543625,0.3012920238305329,0.33848400785327776
1.54375,0.21041467913279355,0.19296830654984173
1.543875,0.11174519754302115,0.055867027700319635
1.544,0.05428085040333872,0.0799816003920684
1.544125,-0.08363628170473211,0.19997319651976062
1.54425,-0.12252973461230611,0.06351698489505207
1.544375,-0.0067437468387630106,0.0976231841594436
1.5445,0.13380829160594773,0.2223051667380479
1.544625,0.14483290084819894,0.35320459988248554
1.54475,0.10313060831420313,0.43449980724397236
1.544875,0.14713135324501872,0.24825733856707696
1.545,0.15662918492295913,0.12215379723813245
1.545125,0.1726738261227767,0.0946456734706309
1.54525,-0.020661054741438978,0.03349735913204165
1.545375,-0.26963480578917837,-0.05916875613355967
1.5455,-0.39842983604791055,-0.0640333743255871
1.545625,-0.02813769940928652,-0.024888985710164256
1.54575,0.312451382878002,0.10975835760280303
1.545875,0.31980284760142963,0.1461932055830179
1.546,0.04493284600095196,0.10187182645049937
1.546125,-0.14177987908318218,0.13966565782797086
1.54625,-0.23535588574443955,0.16972074336917667
1.546375,-0.20762689740284188,0.1587923378585716
1.5465,-0.2810658830215719,0.02151767259471343
1.546625,-0.266927939385888,-0.25719512825162205
1.54675,-0.10206559733058775,-0.29187003975850395
1.546875,0.043059632377915096,0.02694067062334951
1.547,0.08103227411819909,0.31139170576577574
1.547125,0.13640103567604567,0.20895987713480452
1.54725,0.05645194016541173,-0.033093067964346135
1.547375,-0.09703509541505677,-0.14007737146535565
1.5475,-0.2404603055009977,-0.16921780743824283
1.547625,-0.2886809197012802,-0.1795542458901988
1.54775,-0.10879869421671776,-0.23915303048399641
1.547875,0.11199152861955237,-0.24743315072543096
1.548,0.22260274836122365,-0.09468004798549377
1.548125,0.17245588242744142,0.05512538110110906
1.54825,0.08149797228535315,0.12674591932598117
1.548375,-0.15793250600344286,0.12053201587392917
1.5485,-0.4436006171992602,0.04820477035000891
1.548625,-0.5388153283104343,-0.09622430432479832
1.54875,-0.49110278204141994,-0.2358454927473406
1.548875,-0.5590515165006046,-0.290880985487636
1.549,-0.5726865852033355,-0.09000234516819293
1.549125,-0.5379002476189558,0.09029490343729611
1.54925,-0.3371523716156635,0.18920415828656548
1.549375,-0.09995888705933399,0.2107451803882117
1.5495,0.08118845981001761,0.06128207407315599
1.549625,-0.08681168272836191,-0.14969612714358602
1.54975,-0.22592232904954354,-0.35183605722659445
1.549875,-0.13646594954469396,-0.479164626385644
1.55,0.0741550053734048,-0.45527630651281453
1.550125,0.28544960840912453,-0.47385942239874734
1.55025,0.5120019340445396,-0.5792790237256513
1.550375,0.553525079966744,-0.4601686373921095
1.5505,0.537008444649005,-0.28805828500356373
1.550625,0.2863447860419231,-0.05851354693991617
1.55075,0.1053365088556714,0.06056511057365391
1.550875,0.16200141896695563,-0.07781449008740648
1.551,0.29700018851916765,-0.18953912810469953
1.551125,0.34638644301923205,-0.11102411455679788
1.55125,0.30508286898108294,0.028754925902135794
1.551375,0.09910425394802949,0.2549206821464126
1.5515,0.027217273767461723,0.4277399280942218
1.551625,0.11976422780610188,0.498850370369534
1.55175,0.23914353092706528,0.4043434506191552
1.551875,0.3532224939736336,0.2536312725762613
1.552,0.11691803493927963,0.132881259148993
1.552125,-0.31087032919956425,0.1096246684595351
1.55225,-0.4914755170526617,0.2224079525143815
1.552375,-0.19466823254747326,0.30615675626447436
1.5525,0.1008894967835735,0.24067657147861504
1.552625,0.14813840139902557,0.08261007744041937
1.55275,-0.006224882753730772,0.05894989331038654
1.552875,-0.05413115250253095,0.1029667354443688
1.553,0.09413276676634474,0.2471841014631515
1.553125,0.18901060060620684,0.269506456618582
1.55325,0.20061628315912805,0.13449435957522124
1.553375,0.024463823005958767,-0.28133810253201336
1.5535,4.892021456506587e-05,-0.4415976363225259
1.553625,0.14350020340174438,-0.20946417890599334
1.55375,0.3298756768448402,0.10438682489322747
1.553875,0.43678874862664013,0.18859097251115692
1.554,0.2703115000820106,-0.03563424106735629
1.554125,-0.10771764636708285,-0.04774129255622795
1.55425,-0.41800662805763783,0.04304856086259604
1.554375,-0.29378868262522,0.17320515357449523
1.5545,0.17228721719775644,0.16704899723487898
1.554625,0.4635546694515684,-0.009014555449226391
1.55475,0.19841241420312483,-0.008914246580847692
1.554875,-0.2388202218731426,0.09371125127142922
1.555,-0.4291598473504554,0.30900627642390277
1.555125,-0.26358909413712783,0.43758613922497946
1.55525,-0.1316638757235291,0.2253094986993738
1.555375,-0.28346700568982763,-0.12777925388325462
1.5555,-0.34558409459355305,-0.395473850497237
1.555625,-0.3320548083384238,-0.18525502198594043
1.55575,-0.015987764159158552,0.21463780923227535
1.555875,0.2712538341723213,0.380575009517475
1.556,0.47967340494608024,0.14805998813019008
1.556125,0.3463814710453197,-0.23514367438689873
1.55625,-0.03727012344704275,-0.3906922392858843
1.556375,-0.23000478719297576,-0.3034168915809741
1.5565,-0.29308682774440503,-0.1348067191394681
1.556625,-0.18338719380368323,-0.1905689289211072
1.55675,-0.044554614621200125,-0.4051871296198533
1.556875,-0.060227196638022326,-0.34425123726524154
1.557,-0.21116495161916182,-0.1195401727572614
1.557125,-0.320277082644764,0.266937786279916
1.55725,-0.334481794962686,0.43718689399792177
1.557375,-0.35010028370075313,0.287608602520845
1.5575,-0.3988704739360265,-0.021296670400497156
1.557625,-0.5221694638271039,-0.20491241205853067
1.55775,-0.3556758619128606,-0.27049705219394105
1.557875,0.015612999679450127,-0.1510035719229436
1.558,0.22439902300698714,-0.07441798786582389
1.558125,0.24781247081347585,-0.07379306735915815
1.55825,0.05854516059601575,-0.2285725379729996
1.558375,-0.10135896692546328,-0.32214844538808973
1.5585,-0.1159658181047695,-0.3100261676507246
1.558625,0.009336835963353348,-0.2973082233441848
1.55875,0.03328637386311225,-0.4088442143968219
1.558875,0.1008399651805614,-0.4184442107972393
1.559,0.10410014101946437,-0.323276766245319
1.559125,0.26485056850662586,-0.00557234290646335
1.55925,0.3550731913854267,0.19580667436066979
1.559375,0.39103523574083127,0.23461693797273658
1.5595,0.3245467097400192,-0.001111734491952681
1.559625,0.18498615849223038,-0.046740608586366805
1.55975,0.12482669638521493,-0.08305972253421316
1.559875,0.17260314380228417,-0.011507144906322153
1.56,0.158597863206781,0.11525186755604777
1.560125,0.010738247522051537,0.10016227732171296
1.56025,-0.08292966198833482,0.1281661883410777
1.560375,-0.10416680550938927,0.20675035369770428
1.5605,0.022341945173657635,0.34189055597271967
1.560625,0.15666461606494103,0.3519779245622095
1.56075,0.10887040918313592,0.32724035961865294
1.560875,-0.016882262032999508,0.16109073891923928
1.561,-0.13396656885979258,0.1416999362628211
1.561125,-0.06422114147869425,0.13847497579296783
1.56125,0.24009466764755252,0.1338547230192593
1.561375,0.49869762097419684,0.03337217029218862
1.5615,0.48956516662903654,-0.034622085427018424
1.561625,0.3019284974227824,-0.11885389970133374
1.56175,0.09897466964946516,0.0552470037977099
1.561875,-0.04988420383649282,0.17878411825462245
1.562,-0.08515408658435797,0.1306359403138036
1.562125,0.012792919453703016,-0.01934509925996286
1.56225,0.12038810349042792,-0.1107367074687587
1.562375,0.1492178589238505,-0.0652631893600167
1.5625,-0.036753798704049774,0.18722373143662044
1.562625,-0.07795845466827113,0.36815086918058215
1.56275,-0.09896407922109562,0.4258661402327021
1.562875,-0.18399223201549542,0.29252083260858214
1.563,-0.31027366424203295,0.1121453398330423
1.563125,-0.29981347951028425,-0.019118604003345828
1.56325,-0.034408866176718796,-0.06294342383950746
1.563375,0.2757976172485803,-0.005859188174807526
1.5635,0.2292883665133938,0.1171827506370764
1.563625,0.07529600428803512,0.14249085706689033
1.56375,-0.06690745051331577,0.019157642551271344
1.563875,-0.023006584512024267,-0.09369646935608007
1.564,-0.015007522391415437,-0.07761167616430625
1.564125,-0.10778107584446242,-0.18443819855933827
1.56425,-0.30124361249283615,-0.2959405514353443
1.564375,-0.24558749247074163,-0.2507273346628968
1.5645,-0.09396055683306875,-0.05838493682103795
1.564625,-0.0382354547648672,0.24158907188679155
1.56475,-0.03126485926218157,0.24591915355249097
1.564875,-0.2615990358665979,0.02454495258836864
1.565,-0.5360827614162053,-0.056574704662621746
1.565125,-0.5695291295458107,-0.019582220342604626
1.56525,-0.5135399383673402,-0.051300597419397215
1.565375,-0.3810708854360366,-0.11727191259629173
1.5655,-0.08234638939689011,-0.18512814838898176
1.565625,-0.032058076370314076,-0.1891929940151456
1.56575,-0.07905837798566782,-0.09646524220842877
1.565875,-0.1778722471242946,0.021113298870707776
1.566,-0.1328949060914172,-0.04322728504324861
1.566125,-0.21546919532432904,-0.2082253922944297
1.56625,-0.26108014410206687,-0.3885321285155717
1.566375,-0.12469558019031503,-0.5301676173221815
1.5665,0.05318157949793296,-0.44647174343178936
1.566625,0.18913864140561615,-0.27128044513728217
1.56675,0.23621766349276885,-0.1010458699666556
1.566875,0.21465453708671614,0.015959478143357096
1.567,0.18821678211359297,-0.06287015286735916
1.567125,0.17721046310139912,-0.10986614276748605
1.56725,0.217329091529157,-0.13573046736842115
1.567375,0.1771185314654746,-0.1865784295502896
1.5675,0.07930268085704414,-0.19438576118216372
1.567625,-0.12439174860811719,-0.13354563050866672
1.56775,-0.19932616594073801,-0.011116482540434463
1.567875,0.04935939766670898,0.17342113915649846
1.568,0.4123820682778991,0.21430651296243483
1.568125,0.6319490768259537,0.18433451499481404
1.56825,0.3776477601991644,0.14137744274611896
1.568375,0.04421866257797881,0.1510759359812718
1.5685,-0.12764705610153942,0.22796624899377585
1.568625,-0.07146210518019368,0.17553967544582072
1.56875,0.04124862467050117,0.043747947280283694
1.568875,0.08824257503685043,-0.15185656196420055
1.569,0.2533616869840387,-0.20815222158435712
1.569125,0.3991980790788199,0.050333568798740534
1.56925,0.48036167012289827,0.36555744471451357
1.569375,0.27974508654643293,0.5264201268781236
1.5695,0.15193678285730472,0.3295625096757404
1.569625,-0.05869561921655445,0.1117836286158099
1.56975,-0.10885405542825409,-0.07154645125224672
1.569875,0.024897656540709932,-0.08423802593350124
1.57,0.16321821558093727,0.004353990180382801
1.570125,0.2922197955559292,0.13032559055461054
1.57025,0.31478275087341345,0.2224514952916253
1.570375,0.2797291761604165,0.357739584839872
1.5705,0.19713201679323605,0.42537781357068194
1.570625,0.06214524575929454,0.29009922058223203
1.57075,-0.18921006527555034,0.0721563949875817
1.570875,-0.3421573690753613,-0.04201706437297281
1.571,-0.2960296626744136,-0.11093070870297526
1.571125,0.003439753534652468,-0.012881564176663177
1.57125,0.11658417895040729,0.18920220917635117
1.571375,-0.057852684897278524,0.2397712331819912
1.5715,-0.1755907242341894,0.29517600606667216
1.571625,-0.08933234995977159,0.2179666329966128
1.57175,0.05538363760228714,0.1730153264335592
1.571875,-0.1428217661620536,0.017789652968149713
1.572,-0.5484996940474753,-0.13088989326339678
1.572125,-0.6974454153629066,-0.29697271341729514
1.57225,-0.33939449812496036,-0.23918577656834414
1.572375,0.09241771220426326,-0.04986904254668355
1.5725,0.28911242654741603,0.10070862543926766
1.572625,0.15152431013097944,-0.029219951721260892
1.57275,-0.23823517333462907,-0.1131627227721648
1.572875,-0.3113763612007882,-0.03712059669396511
1.573,-0.24373587736357233,-0.006635865200236543
1.573125,-0.2263295281385276,-0.09572917475953095
1.57325,-0.2637975000285534,-0.48923534896731335
1.573375,-0.28905550993160756,-0.6281814263082962
1.5735,-0.21563615167634537,-0.2948588135803906
1.573625,0.02466869589963396,0.09338040942999971
1.57375,0.1208133823846116,0.25377451256856115
1.573875,-0.06867916902081526,0.09268473464138227
1.574,-0.2412558597917725,-0.15072217981359773
1.574125,-0.3452979761660084,-0.32119443409878956
1.57425,-0.24355390736343532,-0.21762133784777477
1.574375,-0.20168373903640188,-0.1690621144282458
1.5745,-0.17464016160641274,-0.23350399529628843
1.574625,-0.01299026361122826,-0.26609429150929254
1.57475,0.12934784173481506,-0.19430672916951292
1.574875,0.13836674741526128,0.0029583585179602983
1.575,-0.028753501934139298,0.10154709284582807
1.575125,-0.16020809670593264,-0.07521090014681206
1.57525,-0.062459148998869694,-0.14379099668718667
1.575375,0.11338552539070477,-0.2296446233656986
1.5755,0.1795698717790991,-0.19693028140549876
1.575625,0.1946818103736493,-0.13509017129438083
1.57575,0.287797686944799,-0.2214527479706783
1.575875,0.5197668465862233,-0.03719330067548758
1.576,0.65484615078901,0.10821673976734951
1.576125,0.3996596397401261,0.14815935144553158
1.57625,0.0067877185603589,0.027000941953039204
1.576375,-0.11556846312306156,-0.1776798040483472
1.5765,0.2335607155850446,-0.06370717237021094
1.576625,0.5226471647816918,0.12257196044450887
1.57675,0.4684407752966304,0.2338466232987949
1.576875,0.22175564782333318,0.21098403373671695
1.577,0.018370008960962126,0.24613465665291534
1.577125,0.05504120666609516,0.48170212702175974
1.57725,0.048663825059037706,0.5651729928151522
1.577375,-0.09522494654637488,0.36498366385283715
1.5775,-0.3735642923214184,-0.004049349229908983
1.577625,-0.4335558452497677,-0.08271016640626933
1.57775,-0.13266590721214636,0.12593596717651873
1.577875,0.1906481560063971,0.4011600117162455
1.578,0.3069124291027438,0.3825870122375387
1.578125,0.19721596395210994,0.21843138057626973
1.57825,-0.06729179040871205,0.03013417985354527
1.578375,-0.2557352221162999,0.05045813620023738
1.5785,-0.32943546296731874,0.0527121473446582
1.578625,-0.22151215276887365,-0.09467867015469698
1.57875,0.011309118541266514,-0.3318106778905204
1.578875,0.12543711928068488,-0.3736739517772238
1.579,0.21713501815579941,-0.09658641155974215
1.579125,0.34775195517622126,0.19853268058478948
1.57925,0.40926046316241593,0.315518723344999
1.579375,0.1901246942384237,0.19600472277101227
1.5795,-0.12427474179193955,-0.051899076230736724
1.579625,-0.3855280898597971,-0.20780049607849302
1.57975,-0.4314516896076523,-0.2984307718635546
1.579875,-0.17154875058685426,-0.21686221065368008
1.58,0.1034129858328175,-0.009342041750394643
1.580125,0.2253093325260198,0.09256052043684307
1.58025,0.1764941913607844,0.1890323118087744
1.580375,0.09581120691965178,0.2710751015894782
1.5805,0.11206003993049866,0.3744560073410119
1.580625,0.15778540825237378,0.18035034125768254
1.58075,0.07975505458574075,-0.12705184688438126
1.580875,-0.0996760250775931,-0.38911386955223315
1.581,-0.4309725385511197,-0.427594477058896
1.581125,-0.4707331433804458,-0.14730686543870664
1.58125,-0.16567435150504844,0.1211324863650521
1.581375,0.19820391021573536,0.1859357832885518
1.5815,0.2936079569390658,0.18516048745181682
1.581625,-0.028724024833652724,0.07077213253851893
1.58175,-0.32370028633113374,0.07149326608265259
1.581875,-0.45185320322461775,0.13061179595500919
1.582,-0.3009077492103227,0.1179906778811138
1.582125,-0.14944036019686394,-0.08542733900775959
1.58225,-0.012599708358905237,-0.3628349283897101
1.582375,-0.051181838758786444,-0.3887189984992906
1.5825,-0.20149858126299666,-0.13527993648020104
1.582625,-0.51866837799342,0.20977968339671285
1.58275,-0.611145747017437,0.24908509366013995
1.582875,-0.47046204821681425,-0.002834219365835865
1.583,-0.3116511144752566,-0.3553245967528223
1.583125,-0.2963686005001082,-0.40000852962743827
1.58325,-0.18777949021947338,-0.24119512748403307
1.583375,0.07245451773625859,-0.05889060533563804
1.5835,0.35522569400923465,-0.0018731663967207568
1.583625,0.47844588711810354,-0.009363148351046418
1.58375,0.3003914087397825,-0.19887738417846934
1.583875,-0.04500134272979583,-0.41751748660499627
1.584,-0.10412366570772226,-0.5494214239339796
1.584125,0.08572936382754848,-0.43523610438138705
1.58425,0.1981180888480355,-0.3062974607649873
1.584375,0.22830771823837145,-0.25158320744248924
1.5845,0.27433560444180416,-0.1379481814641217
1.584625,0.3719668499667292,0.05934665882856509
1.58475,0.3812679428214346,0.3391818608225079
1.584875,0.2964372105166913,0.4373799462045116
1.585,0.2354762554122396,0.23689680387490378
1.585125,0.1536227204423275,0.009131956773499716
1.58525,0.1034504670161272,-0.10460482208530571
1.585375,-0.13417615002367786,0.10102844497467296
1.5855,-0.1921389482341707,0.18840643036758078
1.585625,-0.02141812147106002,0.1814652540567552
1.58575,0.2474627576679375,0.23802164009183974
1.585875,0.3163689422950853,0.33715739191331734
1.586,0.2788353647385585,0.36371555778065107
1.586125,0.21581008089048775,0.2625990474087811
1.58625,0.09608064211854633,0.15442638997302235
1.586375,-0.026625052736420646,0.18540340959827295
1.5865,-0.15334522935855482,0.08092771047184107
1.586625,-0.07357729974069438,-0.15894084704207928
1.58675,0.1117810372682977,-0.23003005348356043
1.586875,0.423640284762522,-0.03611749652910928
1.587,0.5274266376096961,0.24176625849083258
1.587125,0.2594176432453179,0.31578831925459244
1.58725,0.06640956952440787,0.2523107770177178
1.587375,-0.10854666663804577,0.1668244345936646
1.5875,0.020202990460109187,0.0672481646718584
1.587625,0.08930782742432516,0.005683749078067351
1.58775,0.0868801231871385,-0.12995427577969257
1.587875,0.08933319304782042,-0.09757600865483264
1.588,-0.009316038878784497,0.10065002431546138
1.588125,0.0026312167252681546,0.3943681405870064
1.58825,0.02994418016606229,0.45211226427704737
1.588375,-0.06699619303922474,0.3232409943458117
1.5885,-0.2716396287918368,0.08213836390592553
1.588625,-0.5760722153275806,-0.07722110048612278
1.58875,-0.5509570754343662,-0.035594120535975375
1.588875,-0.36641334023136474,0.0903493971545994
1.589,-0.004812027280800595,0.11096992301392848
1.589125,0.2146947422601171,0.04574690173838327
1.58925,0.05346352678665196,0.035797204974649104
1.589375,-0.24003945557224854,0.003515608360001272
1.5895,-0.41773655130210974,0.03686324665178862
1.589625,-0.3777001089663039,-0.09231100183237756
1.58975,-0.2853190444859305,-0.19519519652297107
1.589875,-0.21267732067130532,-0.5337900464889429
1.59,-0.18488448824514117,-0.5075097048597457
1.590125,-0.0740390449391924,-0.35815448547406986
1.59025,0.08062606083487515,-0.024037577709311805
1.590375,0.11563050798860051,0.15367014341251473
1.5905,-0.15003895960662572,0.07796817160545369
1.590625,-0.3896634435615699,-0.21361114125053712
1.59075,-0.5774888430056899,-0.32535311253437066
1.590875,-0.46610625705788983,-0.35633776500333675
1.591,-0.26290473838929507,-0.24585596939535748
1.591125,0.06075998483213592,-0.15037954899930223
1.59125,0.2430381762602928,-0.13271949235923397
1.591375,0.2212968074651868,-0.08350748120228546
1.5915,-0.11050050935933528,0.08051976900603129
1.591625,-0.2927780838012048,0.06370750442269424
1.59175,-0.15903388291519557,-0.16525530249489823
1.591875,0.012004055000538858,-0.3681915603321708
1.592,0.10227515205005681,-0.5014750596554957
1.592125,0.13742826751741227,-0.48008048141205645
1.59225,0.267295290033158,-0.30033406309381394
1.592375,0.5154131234741619,0.07232429007087124
1.5925,0.6054376029102629,0.24936591441123868
1.592625,0.378185871444615,0.1997861863685578
1.59275,0.09866447645531291,-0.10711970793809202
1.592875,0.03965164502398463,-0.22554889423666388
1.593,0.13620761928625907,-0.12303405126295942
1.593125,0.295929234092253,-0.021558026294718768
1.59325,0.26962293464310527,0.0761843183014513
1.593375,0.16915926094343636,0.14391893345492043
1.5935,0.18750254692761803,0.2021743574938729
1.593625,0.24871726707592312,0.4807133645361786
1.59375,0.24088458360061007,0.5256002014785375
1.593875,0.17332806630628053,0.342684603081759
1.594,0.10247245449378323,0.04000563970878342
1.594125,-0.023684989069426777,-0.023233720226512187
1.59425,-0.11574457548527338,0.10880018227728103
1.594375,-0.16642540004496295,0.23057951606171562
1.5945,0.025989244402950033,0.24413499686343665
1.594625,0.12635552174316808,0.18112956114898093
1.59475,0.12509835106476283,0.18613810873149525
1.594875,0.004469767435591922,0.16699279372893894
1.595,0.07023651994976339,0.2471930541990103
1.595125,0.2553159889220493,0.1721047415139239
1.59525,0.3006462723326921,0.09417559711207152
1.595375,0.17692739278494932,-0.006779191039336692
1.5955,-0.04725567869181565,-0.10941454509653172
1.595625,-0.1946393656553241,-0.16141086869205679
1.59575,-0.13501764289244317,0.034201411664385846
1.595875,0.06457208609928755,0.11331129114121571
1.596,0.1557262396645474,0.10261004935107342
1.596125,-0.06165318548860155,0.05118295046066528
1.59625,-0.20408128329092134,0.05583883308550143
1.596375,-0.2954905922519459,0.19290601316009026
1.5965,-0.2060528799411305,0.23733625820712964
1.596625,-0.11040655368521755,0.17312263379013937
1.59675,-0.09920884656864568,-0.0379356166706072
1.596875,0.043395983550486475,-0.1606934662159437
1.597,0.06868087900812868,-0.1392416449979711
1.597125,-0.04037793847992726,0.09788412477442184
1.59725,-0.11304798846643294,0.10342648077940421
1.597375,-0.15162486749954915,-0.06546290141982183
1.5975,-0.031162010244405167,-0.2297054602574732
1.597625,-0.06693219497932926,-0.2681706877193616
1.59775,-0.020513551770439495,-0.13930277968704635
1.597875,0.01691337823882407,-0.15056511897740968
1.598,-9.120641321195422e-05,-0.005150901813093025
1.598125,0.04717066981849334,0.02791374137056828
1.59825,-0.11642019732531596,0.016808125312012222
1.598375,-0.2517922581480296,-0.02361699182104898
1.5985,-0.2882144313875649,-0.1036945940367728
1.598625,-0.29283808567364594,-0.09267571968976931
1.59875,-0.334581430080848,-0.044491304452816724
1.598875,-0.2852204248690701,-0.013181949454701117
1.599,-0.34211396523654597,0.0217603388771071
1.599125,-0.3105465543563048,-0.01262510688637935
1.59925,-0.24990389982861785,0.030456158942738006
1.599375,-0.06667392095516016,0.06131348007787937
1.5995,0.033571284594870944,-0.06840957548033677
1.599625,-0.10152840570181959,-0.1818790626525867
1.59975,-0.24837688781941586,-0.2870235462377674
1.599875,-0.2619936652318781,-0.3279193468335553
1.6,-0.024305534329897988,-0.2846372765051148
1.600125,0.07076979155289168,-0.22699576507663408
1.60025,0.11857660797622067,-0.3151540934715132
1.600375,0.020911562189609826,-0.38873326078666726
1.6005,0.04817863888517223,-0.19236247573944165
1.600625,0.1806708881872811,-0.007273661696167605
1.60075,0.3688208211651559,0.00712873856496156
1.600875,0.3041457973317963,-0.11554136624556105
1.601,0.13808849713102975,-0.2466321417409715
1.601125,0.17403986897057613,-0.24567069565381194
1.60125,0.31816260957150966,-0.06543137895902529
1.601375,0.5662799455953019,0.12463404377574729
1.6015,0.48215927308484957,0.08389904739537674
1.601625,0.2480316976733106,0.034037383487258
1.60175,0.09406575456410844,0.049936124417108166
1.601875,0.0999651671545812,0.2296374445749948
1.602,0.16277431394616762,0.3101354648643421
1.602125,-0.018747828064496746,0.2414624238991631
1.60225,-0.09914400020824032,0.1190974215197019
1.602375,0.26531453810234695,0.11416744901083255
1.6025,0.6336320408266701,0.2925353770810364
1.602625,0.4812097934851114,0.5340648866363656
1.60275,0.0787839761036361,0.47201341249636825
1.602875,-0.32977807457721797,0.2772402794308958
1.603,-0.4381079118410086,0.05543239791295582
1.603125,-0.27821802050763456,0.09802017124470838
1.60325,-0.07274902341059168,0.10672581739629643
1.603375,0.025114848231849323,0.017876286660657218
1.6035,0.0701944496291697,-0.050253409601237024
1.603625,0.05682804004325406,0.22108751031972246
1.60375,0.03560087187966264,0.5109526560241157
1.603875,-0.04263059805918812,0.4673877167558948
1.604,-0.06269682761053294,0.09866892126049531
1.604125,-0.00789191255905261,-0.2596997480330857
1.60425,0.1408658373299563,-0.32180209124958303
1.604375,0.19875917074449914,-0.23437272613717947
1.6045,0.09469081066908343,-0.06197692542874872
1.604625,-0.15209797115189524,0.001532231602108791
1.60475,-0.1936155057324915,0.030628175895906898
1.604875,-0.08033075768800552,0.05149844084034903
1.605,0.058100828497259144,0.015421343662137238
1.605125,-0.06607481638663179,-0.04314043598188437
1.60525,-0.32857971912200823,-0.05963868016522622
1.605375,-0.440949522947698,-0.006626400792492374
1.6055,-0.21269110359577548,0.16916049024802135
1.605625,0.1302194423074301,0.23586197599934164
1.60575,0.28304092098363676,0.1267387491007228
1.605875,0.18228007708219712,-0.09981129180211264
1.606,0.10392312889921929,-0.16004430048035304
1.606125,0.014457317496251195,-0.08901269161227071
1.60625,-0.11748558150357,0.060919948140109405
1.606375,-0.35652133972622085,-0.04396368762512698
1.6065,-0.5516231693209104,-0.30025726685154835
1.606625,-0.44277536469846995,-0.4093236635561763
1.60675,-0.08686780418794206,-0.1492938471813376
1.606875,0.2648546176348717,0.1104501398544681
1.607,0.222258867783314,0.23517897136785462
1.607125,-0.06842683177347186,0.2130693951880378
1.60725,-0.2957444504336464,0.12829367575624942
1.607375,-0.42361142806691154,0.06395405901697492
1.6075,-0.4659223446443815,-0.09960313948887471
1.607625,-0.36531892639241054,-0.30173933094707295
1.60775,-0.217310873356922,-0.5098514061846225
1.607875,-0.05955559038948807,-0.40600104218330985
1.608,0.06428971747437603,-0.08091974509485186
1.608125,0.09180538323735488,0.21262010851769572
1.60825,-0.006205337393431396,0.18221944986768263
1.608375,-0.2058088033498836,0.002993109724132654
1.6085,-0.5127892157251535,-0.2887895616036922
1.608625,-0.6365354360220877,-0.3511816655430394
1.60875,-0.33269750633783113,-0.44376978017687857
1.608875,0.2983590095732087,-0.3545399752913055
1.609,0.7240511456271188,-0.1795983600880991
1.609125,0.7487024522874625,-0.08258803034308539
1.60925,0.2897306934082227,0.0811278153838437
1.609375,-0.01701011330007921,0.10078068799467421
1.6095,-0.132523453005868,0.03265162371630815
1.609625,0.11222522861939793,-0.2533842948095236
1.60975,0.3589625546330683,-0.49891884598210795
1.609875,0.38203518357110516,-0.5520213816017404
1.61,0.38552477640089977,-0.2663084645866672
1.610125,0.4186537760844598,0.25961851530868774
1.61025,0.33165648725838864,0.6548924121090153
1.610375,0.2651595750382437,0.6056020615741984
1.6105,0.19734349189153136,0.34020184908906553
1.610625,0.13817872377080748,-0.004010585393086266
1.61075,-0.06488696611574322,-0.12034379665741626
1.610875,-0.26755494719701817,0.1825866154688058
1.611,-0.1983479269302673,0.3302743442290047
1.611125,0.1653439827073839,0.3941010336802148
1.61125,0.4643200500353538,0.38392774592491535
1.611375,0.44884494700979927,0.3624160053503877
1.6115,0.17924097899259356,0.297467688053665
1.611625,0.045149134103251665,0.21409555799529276
1.61175,0.02293027486384048,0.12833388219854586
1.611875,0.05861111856093219,0.11729798304554369
1.612,-0.016874529069256614,-0.051292994052183565
1.612125,-0.11606260663287195,-0.23714560872324597
1.61225,-0.03948953147317505,-0.16644400349261534
1.612375,0.21715029887700124,0.1357654906145987
1.6125,0.3764999742242358,0.40158643842240305
1.612625,0.2558391905258813,0.4310355791122895
1.61275,-0.18769699879034987,0.14648837482845592
1.612875,-0.4477971597404842,0.005979173873125352
1.613,-0.32305949257557603,0.0159182282484039
1.613125,-0.22521386005794616,0.06118268579022106
1.61325,-0.1791977540722276,-0.0038293579900998357
1.613375,-0.21865479443465852,-0.09242436189874112
1.6135,-0.18797074497891203,-0.023437643054870422
1.613625,-0.060799646276608284,0.24136497995057468
1.61375,0.004129198164274263,0.4136002279679332
1.613875,-0.057536323331294485,0.22401231788619244
1.614,-0.2916582610740701,-0.18928319816192812
1.614125,-0.36835489059069304,-0.3766668493714187
1.61425,-0.3261117284872329,-0.29691895972131116
1.614375,-0.26173377872104103,-0.14056337182507284
1.6145,-0.08045504663641483,-0.1340512194103455
1.614625,0.08568738878369095,-0.1815883414549063
1.61475,0.12383004912887667,-0.13607551759354913
1.614875,-0.032817690328702,-0.004206331229848278
1.615,-0.17937101047629359,0.04318513779285336
1.615125,-0.1732602391140966,-0.07303488212928361
1.61525,-0.1814481044035576,-0.30564702049105974
1.615375,-0.20882879665061002,-0.31370275127821506
1.6155,-0.37397946097532286,-0.2898820834863286
1.615625,-0.3511383061602918,-0.1759550287357557
1.61575,-0.1943559555484458,-0.044944637316365374
1.615875,0.11205938522734758,0.031909718857909664
1.616,0.21367233382926906,0.07414010693719947
1.616125,-0.0019785768037776747,-0.017704991812573043
1.61625,-0.2871936603546512,-0.1484810043141478
1.616375,-0.45590042492892463,-0.20256423736932583
1.6165,-0.1915009483002364,-0.17260428159318186
1.616625,0.12016572053789742,-0.16259888945101422
1.61675,0.3144289243362059,-0.30430041187419393
1.616875,0.38403650558796604,-0.3692704022312223
1.617,0.12443739958902408,-0.17359885686248577
1.617125,-0.1478181660442332,0.08411786099625347
1.61725,-0.18157454804925335,0.1852602574645518
1.617375,-0.005194164988135266,0.020770432668676186
1.6175,0.047901591872204795,-0.335878769824264
1.617625,0.07962578876738932,-0.4022130641355733
1.61775,0.14886461994918304,-0.18099157106961358
1.617875,0.3171994275684985,0.1316966410189201
1.618,0.6488676008664369,0.3516995788329464
1.618125,0.7327984426221086,0.3030119593198264
1.61825,0.40859100532910697,0.0793331559008348
1.618375,0.07796691088476766,-0.11664168447201309
1.6185,-0.06001244603048381,-0.13785765706466308
1.618625,0.060361998788686276,-0.061475934875062005
1.61875,0.1422631409472635,0.025399002033607062
1.618875,0.038558207900163406,0.029093306215674096
1.619,0.04981788002896546,0.08943397728823459
1.619125,0.22190611637625082,0.3475042616875475
1.61925,0.3008321002542428,0.6017932369736848
1.619375,0.24022446258636623,0.5979325095073921
1.6195,0.11614883552630428,0.3235276236096146
1.619625,-0.11403172593819474,0.03537613730245199
1.61975,-0.13559000983922714,-0.027521214264333144
1.619875,-0.06018904351671513,0.10265974609905622
1.62,0.06778844630227125,0.17069485954912633
1.620125,0.2714488158285347,0.004790375514796933
1.62025,0.19903643927610243,-0.03603705791143334
1.620375,0.09550146634975873,0.14260913412030443
1.6205,-0.14758738360060164,0.3037313677355125
1.620625,-0.1539540192399711,0.20801008784079536
1.62075,-0.18239779289485888,0.08416569273644114
1.620875,-0.16054524410736243,-0.0778365428668247
1.621,-0.10425495240673108,-0.15580793479645283
1.621125,-0.06656564852504049,-0.0625312405976897
1.62125,0.026942886288722052,0.07807068277257832
1.621375,-0.060859676146004786,0.17892440095808626
1.6215,-0.11900141429906382,0.22484533927202502
1.621625,-0.12210993366070534,0.03329235878859225
1.62175,-0.12292669737630287,-0.09438554699229007
1.621875,-0.09243781763169714,-0.14659321317388768
1.622,-0.16282863594886174,-0.1670605109512992
1.622125,-0.15852591986223105,-0.1582696015858421
1.62225,0.016074582453826158,-0.1068604090476049
1.622375,0.22029708737284084,-0.05459050841604799
1.6225,0.41222290290868624,0.006515538132882523
1.622625,0.49549281056682887,-0.020347981307265388
1.62275,0.1937568306633558,-0.15026618861590335
1.622875,-0.2389344057100768,-0.1184240392146984
1.623,-0.5368991372030046,-0.10748611894398755
1.623125,-0.5368032917942761,-0.11454618393444639
1.62325,-0.21892437393748734,-0.11412446054829721
1.623375,-0.03611806658847835,-0.1525212645397274
1.6235,-0.05740014660487257,-0.06168913526006199
1.623625,-0.07916666630697276,0.18989232254343053
1.62375,-0.006872857978259484,0.377419183544294
1.623875,-0.07181826431280539,0.38154008072602247
1.624,-0.2552199029732088,0.1289214192489807
1.624125,-0.6015808482110804,-0.21041879927988644
1.62425,-0.7259689761424388,-0.45938514770200706
1.624375,-0.6090121536769639,-0.4550976988247373
1.6245,-0.43429669516672353,-0.20186644768038967
1.624625,-0.2989981639259729,-0.0017601736613806515
1.62475,-0.1557662418494153,-0.01089952137229762
1.624875,0.0321513103704027,-0.09148392733746626
1.625,0.162507224672537,-0.06937077423767232
1.625125,0.04979205128728783,-0.07001893887987319
1.62525,-0.10417144842862941,-0.24948800449613429
1.625375,-0.018840674511744693,-0.5109907430754391
1.6255,0.3397275794934906,-0.6528815773368964
1.625625,0.5542695920854683,-0.5552375780093299
1.62575,0.5507877066277482,-0.3490259204123217
1.625875,0.2986351153566169,-0.28537223699926567
1.626,0.22218253349756747,-0.13994990306726243
1.626125,0.4359430668489684,-0.012157830266360366
1.62625,0.5411559837699222,0.1318744479951735
1.626375,0.5072599776026067,0.06659024892216063
1.6265,0.1596702956138186,-0.09422746003181044
1.626625,-0.03388797461458153,-0.0075684804246723735
1.62675,0.23743443608442608,0.30135652246912115
1.626875,0.5424213973945003,0.509257247564697
1.627,0.5449250727513744,0.43180565897060064
1.627125,0.13198684250837506,0.23947199347847742
1.62725,-0.0003112441109890554,0.2179702878226818
1.627375,-0.04568552037689156,0.35234779170184594
1.6275,-0.0914214650617814,0.5021334471315873
1.627625,-0.23705010407619076,0.4071071325378248
1.62775,-0.3388942388515373,0.1055215176929874
1.627875,-0.19008548012630805,-0.07010221246209124
1.628,0.10208422454036627,0.1763883123923901
1.628125,0.25709781317154345,0.5054053153146045
1.62825,0.3015240191675222,0.4385553118480804
1.628375,0.18704582816074555,0.15365388689604148
1.6285,-0.0573099571652802,-0.013355177734439906
1.628625,-0.35444649079503315,-0.07159480663342152
1.62875,-0.33394902159362055,-0.0856457204471285
1.628875,-0.07443187647712607,-0.23431067224086433
1.629,0.23016327729585995,-0.25869366648130365
1.629125,0.27441289644220196,-0.21065746477648717
1.62925,0.05075425507081119,0.06290199964837562
1.629375,-0.16556262977683112,0.19635878332903234
1.6295,-0.20274718634419228,0.2680890320163092
1.629625,0.009390138726537134,0.1454206427735057
1.62975,0.16810376055810436,-0.06396921574673335
1.629875,0.1961393441356465,-0.29577241436836804
1.63,0.0077855375482971155,-0.3001837017868236
1.630125,-0.039940075800065956,-0.08953244516339579
1.63025,-0.16614831688923223,0.21420586552078405
1.630375,-0.11404120462513652,0.23394038557347302
1.6305,0.011245594053140672,-0.006010450173174914
1.630625,0.12607772175844298,-0.1635686671673995
1.63075,-0.03209274435956193,-0.11882381549526543
1.630875,-0.36210876117826457,0.03116596878638487
1.631,-0.5564826214937756,0.19435207233304774
1.631125,-0.3986372349345914,0.16047484032223897
1.63125,-0.1754799359801565,0.057230471305160374
1.631375,-0.020964750227212045,-0.046217747302511915
1.6315,0.08218637183901085,-0.13624602430414848
1.631625,0.0032004377177302706,-0.05461220023069322
1.63175,-0.012106984469440595,-0.011449346060595679
1.631875,0.03427932383059099,0.11740720208940231
1.632,0.030411351472143435,-0.05193386995696901
1.632125,-0.21860980239657424,-0.2928548965766576
1.63225,-0.33380604360405114,-0.48721326758561473
1.632375,-0.20544802098347265,-0.3727404474175433
1.6325,-0.044766111215175014,-0.1845623359701838
1.632625,-0.0783734322676836,-0.004669442621075071
1.63275,-0.22486216612545595,0.119608248046422
1.632875,-0.4453799259885684,0.021559585356314397
1.633,-0.4034881989596164,0.02944043379668684
1.633125,-0.36428850056187384,0.06647264288791722
1.63325,-0.35098006129719705,-0.012305879982428854
1.633375,-0.2917214060682643,-0.18240994717048964
1.6335,-0.09434867981235244,-0.2793300601044987
1.633625,0.29471869428608155,-0.1835665174621652
1.63375,0.5205013954179635,-0.10516453524293118
1.633875,0.46588262728159624,-0.10028424105014028
1.634,0.2395675972747302,-0.2563870887256217
1.634125,0.02485823822941175,-0.3469235443924685
1.63425,0.03128224787465446,-0.36023443313271436
1.634375,0.1917870577796191,-0.32986991694919554
1.6345,0.40455314268642123,-0.3417380244734325
1.634625,0.6191961034808047,-0.2854681680746396
1.63475,0.6485905299303313,-0.031251577412840036
1.634875,0.38046035577236104,0.22793952091122177
1.635,0.22933959838269727,0.4484717567982857
1.635125,0.11132108455361615,0.41037920959801255
1.63525,0.08356595553665486,0.22880246303241025
1.635375,0.18120817382203833,0.002589921821793445
1.6355,0.12244916440139476,-0.031272549597390085
1.635625,0.12378381755328582,0.1667805776292602
1.63575,0.11701777722185042,0.41973571562251333
1.635875,0.18745949392695857,0.5081587139855601
1.636,0.039220653357459265,0.5720327627226652
1.636125,-0.0978671847803327,0.3627022800070493
1.63625,-0.3638507356319197,0.1449558997688461
1.636375,-0.3422006982776913,0.11633920089462639
1.6365,-0.3331930094599865,0.0761050511987681
1.636625,-0.036299313938543104,0.13896751076077102
1.63675,0.2302386785599948,0.15469417390085802
1.636875,0.3567909316984968,0.1375397279535513
1.637,0.23818795849576124,0.08720202926691309
1.637125,0.10960539668394322,0.15462248394325404
1.63725,0.07943851274037819,0.052331761283731106
1.637375,-0.0012498086025804077,-0.12865227300420057
1.6375,-0.009343263217961258,-0.30498616849408033
1.637625,-0.10339245723283207,-0.41784120085471055
1.63775,-0.18370053704602946,-0.2667414402481768
1.637875,0.05890414329387011,-0.013624345230786518
1.638,0.29971214022852455,0.1913019383413098
1.638125,0.3033441259021674,0.25575981738872416
1.63825,-0.11536323391654003,0.20217494945876072
1.638375,-0.37860403993265596,0.05852276560267802
1.6385,-0.4427355335403826,0.06683873602406899
1.638625,-0.19951963860003025,-0.008288763994331946
1.63875,-0.0052140701117721466,-0.05836904215865996
1.638875,-0.02426829053607068,-0.11777725540833808
1.639,-0.1864869700208952,-0.12731848304983126
1.639125,-0.054334512951138524,0.054819003874089355
1.63925,0.219693115354372,0.25176983876414705
1.639375,0.24063529635120934,0.2777685709397756
1.6395,0.1756046310516453,-0.10524871776239597
1.639625,-0.13271139526333603,-0.35184349508504464
1.63975,-0.25672592015914064,-0.36164613002322765
1.639875,-0.23102598994087115,-0.17171338517006224
1.64,-0.16615266923197392,-0.010118235393997496
1.640125,-0.3048634997126852,-0.062378873134947055
1.64025,-0.31905612300840686,-0.16281685913683053
1.640375,-0.15995071122074783,-0.05406404156355994
1.6405,-0.05260131475391598,0.1871552230425873
1.640625,-0.05168818849538616,0.20769799951728193
1.64075,-0.24697158427460422,0.10964301686315839
1.640875,-0.31640219177513434,-0.13892581157564518
1.641,-0.3026610523948087,-0.22358922228813344
1.641125,-0.23462561713541946,-0.20785926718165104
1.64125,-0.1872548425703048,-0.15952239528633877
1.641375,-0.11325433542858722,-0.23900052276428094
1.6415,-0.0918183591440532,-0.28237201996844485
1.641625,-0.026682498113485092,-0.1457400741626442
1.64175,-0.11077022837678713,-0.02409531600481261
1.641875,-0.18210631245059594,-0.04529781757496227
1.642,-0.13289940882766432,-0.1371637435865588
1.642125,-0.03088653367248466,-0.34013766958959823
1.64225,0.10780793561003821,-0.2868851042388202
1.642375,0.2795044570734721,-0.22106450868248606
1.6425,0.4486024792098784,-0.13749066529732384
1.642625,0.6408400739389378,-0.10410315081358412
1.64275,0.502374602072976,-0.056174403448766536
1.642875,0.3721019415809005,-0.030520323671087292
1.643,0.2858327558220478,-0.05195961801195672
1.643125,0.1446155891873494,-0.1436537063156002
1.64325,0.009560261514063547,-0.08763263669795548
1.643375,0.04299248910855129,-0.01797506845452989
1.6435,0.2962826921739875,0.04272534021239379
1.643625,0.4541587384116664,0.24399387979144865
1.64375,0.24407713827962885,0.44024760420925485
1.643875,0.04790824285857598,0.48115318209201324
1.644,-0.2768052597316365,0.504126993406948
1.644125,-0.3647491575474734,0.36213591888460644
1.64425,-0.20694916872070745,0.2538032994805905
1.644375,-0.0321396215351967,0.0716263872803373
1.6445,0.11896220799227962,-0.046008460701640184
1.644625,0.2939906505147142,0.03560920673193655
1.64475,0.40986205637751905,0.26763316420294336
1.644875,0.3758555402831419,0.3794703814504226
1.645,0.15517052390179814,0.2804067561418465
1.645125,-0.16545855850478147,0.09355784313659266
1.64525,-0.19686596120350702,-0.2308886432439248
1.645375,-0.13964973802283462,-0.32309325651955256
1.6455,-0.08696520299021668,-0.2042786730916665
1.645625,-0.04695008168150617,-0.06934895369315877
1.64575,-0.0006856052915487534,0.09223387104221716
1.645875,0.16395444288560376,0.2991038492580818
1.646,0.2153195540138661,0.3732903457694676
1.646125,0.11743583284925437,0.3293623548318822
1.64625,-0.1888979709605491,0.14152202600389974
1.646375,-0.2184098297249078,-0.14027636795685308
1.6465,0.03338353263601074,-0.24910250123419314
1.646625,0.1962326602915535,-0.16175516026049017
1.64675,0.13189013449503068,-0.13526797283775382
1.646875,-0.05940832171713705,-0.06433015542623652
1.647,-0.055338970757020906,-0.0384702896677163
1.647125,-0.034530481618467994,0.10533672810782559
1.64725,-0.10803030674429336,0.21166888827432145
1.647375,-0.30159028282154354,0.07495247561491072
1.6475,-0.4690900138358325,-0.20754813947920114
1.647625,-0.2674435938850078,-0.2139490630947556
1.64775,-0.03252432927294585,-0.02533732210105249
1.647875,0.09982283834278242,0.18465292869340144
1.648,0.16100323010416137,0.09683657983355176
1.648125,0.19910931340280202,-0.03809711567186179
1.64825,0.2621835170773737,-0.04919897686396452
1.648375,0.05606367503957759,-0.023489853464637122
1.6485,-0.3021379667287387,-0.07293941373821575
1.648625,-0.5530483872376354,-0.30904560692563665
1.64875,-0.39814949727417526,-0.39509076789923575
1.648875,-0.2613640022618514,-0.2562405816009437
1.649,-0.240004165811147,-0.02326191589292803
1.649125,-0.17888832205764,0.10844752011804315
1.64925,-0.19672923103406384,0.121032663042519
1.649375,-0.1905810606504117,0.194221943648694
1.6495,-0.2326388691895153,0.19004139571118356
1.649625,-0.2119977225428357,0.026790046252641538
1.64975,-0.2200789504234739,-0.3328766134715078
1.649875,-0.14772083156559856,-0.48479810456103384
1.65,-0.046385856462998795,-0.37216163873813907
1.650125,0.10986197903737388,-0.26229515977018564
1.65025,0.37554617682113606,-0.19518230478386273
1.650375,0.30244880899248566,-0.17967299214406177
1.6505,-0.007628835154781395,-0.15613280308525163
1.650625,-0.22082527147195094,-0.18132723290710323
1.65075,-0.16848707526442264,-0.21978923006852205
1.650875,0.05512856806576578,-0.22290171916640297
1.651,0.510735515077076,-0.18309538025659097
1.651125,0.7732460249308293,-0.09032866479606054
1.65125,0.6715360782213217,-0.07725620980585594
1.651375,0.3213727572513149,0.042291916785788426
1.6515,0.03168739580149497,0.33334044536332086
1.651625,-0.18061045551696747,0.2420972480120315
1.65175,-0.17156149585014785,-0.05981300325475504
1.651875,-0.02687500172318604,-0.22743474910954936
1.652,0.06290975489232763,-0.1632649951209133
1.652125,0.09123115616580432,0.038773940240037816
1.65225,0.17151817471892192,0.4307467905709735
1.652375,0.2903178011412172,0.6327463593119859
1.6525,0.20425485605476132,0.6016640715684473
1.652625,0.022459933621096162,0.3542916405017953
1.65275,-0.13919071212155001,0.00808987876214334
1.652875,-0.15888881203207522,-0.14071709978645958
1.653,0.01028037204848596,-0.14800844072539338
1.653125,0.14437369250526472,-0.025687836383390592
1.65325,0.1988607254709357,0.020760993901314223
1.653375,0.3887969316164175,0.07186117689152978
1.6535,0.3610347314249762,0.12851597807355017
1.653625,0.37960541245516183,0.26050529182607296
1.65375,0.29196291835569715,0.18815530905937286
1.653875,0.15066283762599006,-0.006312007025988735
1.654,-0.08957068844331902,-0.1386104548955334
1.654125,-0.30065285803664427,-0.07409639043487784
1.65425,-0.14878134174020546,-0.03709819294463336
1.654375,0.17570562474359416,0.12259146316988676
1.6545,0.29466345870637,0.16773966852795957
1.654625,0.22511522462192235,0.30865333698115033
1.65475,0.10685572409168562,0.3422992783133349
1.654875,0.0028839474676131682,0.36842939237871947
1.655,-0.07545910390408324,0.2712531285735465
1.655125,-0.15035227137612694,0.14428896541879882
1.65525,-0.3457744934628346,-0.06037780248769364
1.655375,-0.49558992777375294,-0.22188500940827643
1.6555,-0.4692059369291674,-0.11344358734408347
1.655625,-0.2486190930023678,0.11721781287235612
1.65575,0.06589742890351756,0.2526611257720484
1.655875,0.15490304129065355,0.19840159549896003
1.656,0.07789815030994791,0.09231678328520329
1.656125,-0.1225904375029276,-0.07753045592172066
1.65625,-0.4159178348767258,-0.07366047605689546
1.656375,-0.49905722748710435,-0.1526667276939608
1.6565,-0.3541845370256298,-0.3221032111769162
1.656625,-0.10977149177265995,-0.4992534558286025
1.65675,0.002269411895322338,-0.4492111598264715
1.656875,-0.0729157381225888,-0.25300434798152005
1.657,-0.1729763799705133,0.05013038929152655
1.657125,-0.23200192982773224,0.16181698310035617
1.65725,-0.1859666492891928,0.10515037544807453
1.657375,-0.07636405510520988,-0.15517200785159188
1.6575,-0.08037690497458755,-0.386150118274353
1.657625,-0.2273359539549782,-0.4396763895536515
1.65775,-0.2979486413914984,-0.331558027971458
1.657875,-0.22127951334981283,-0.09868800102532901
1.658,0.04429653427870096,-0.023621506706703967
1.658125,0.18624837417985438,-0.056489414636114406
1.65825,0.05628966396900935,-0.1523987464294006
1.658375,-0.1691203751223992,-0.2521082195175804
1.6585,-0.24732331129213223,-0.1971176617653401
1.658625,-0.03497368897634065,-0.1224430395157062
1.65875,0.18250847529432843,-0.07774539037763795
1.658875,0.23097065501060765,-0.20082946202476396
1.659,0.11967630504722596,-0.2883051608356252
1.659125,0.2405217169478849,-0.1860113015018185
1.65925,0.480698658127473,0.010263169828252837
1.659375,0.4746707554555514,0.18559506852416194
1.6595,0.13424490039631595,0.049892562207916616
1.659625,-0.04463423166869823,-0.1622868754650508
1.65975,0.051012632003542856,-0.20350859040707564
1.659875,0.212990765794848,-0.08392885902375033
1.66,0.374799987648805,0.10440519064475952
1.660125,0.3252309249373233,0.14746221644875257
1.66025,0.26620802980958536,0.052252709407884734
1.660375,0.23088949043997675,0.25890403467092044
1.6605,0.22851614541099727,0.446691669882479
1.660625,0.039406324190557764,0.43703446209430324
1.66075,-0.10335212583208417,0.11414671118647202
1.660875,-0.2260230507183196,-0.05678023823489034
1.661,-0.13641461222667806,0.04073235415804058
1.661125,0.09587589035618996,0.16069982355685591
1.66125,0.394044532924491,0.26411377118165735
1.661375,0.5115256689328644,0.2767902949615879
1.6615,0.2976605717710327,0.16044780077260373
1.661625,0.011848380951314836,0.2431194317697049
1.66175,-0.13197073034582826,0.17196527986743426
1.661875,-0.08877677398923312,0.025676209925695786
1.662,-0.023601610356816967,-0.10276782374755451
1.662125,0.11200782650227331,-0.2381227483387147
1.66225,0.14148466603335086,-0.1543647862546238
1.662375,0.2625183662256519,0.10636450146678365
1.6625,0.3267626407953833,0.36548144862234205
1.662625,0.28932010246235856,0.4190938887075201
1.66275,0.08236595110121685,0.3042942699797462
1.662875,-0.18485761240129273,0.04465065454940748
1.663,-0.567971868649874,-0.09082203152568932
1.663125,-0.5411539120530992,-0.028709034219055934
1.66325,-0.2781903691084194,-0.0008844360160794051
1.663375,0.11782657270325368,0.057210721232317956
1.6635,0.4091241213825453,0.17485611979819124
1.663625,0.22689110651537336,0.25184373588506337
1.66375,-0.09916678587336028,0.24288004453024567
1.663875,-0.4868744552755931,0.19966182306248553
1.664,-0.4804262007306388,0.10336434972746573
1.664125,-0.2645115467504119,-0.2344834703612278
1.66425,-0.09770469885510424,-0.4518341974655878
1.664375,-0.060543570769396836,-0.4883950964882912
1.6645,-0.04381622092625466,-0.2920861694455314
1.664625,-0.0684408709311486,0.12427613376786244
1.66475,-0.07880560451506284,0.32211577297294774
1.664875,0.12106893122766034,0.22580485152411695
1.665,0.08015440732538327,-0.1403842387901052
1.665125,-0.05714590034186279,-0.4716155316325096
1.66525,-0.35958596528311265,-0.5178744800345414
1.665375,-0.5058152200322329,-0.2805229800839453
1.6655,-0.4501591899505119,-0.07962055168915103
1.665625,-0.2005489273825344,-0.11854615544210684
1.66575,-0.1591673048007026,-0.04408362394050663
1.665875,-0.2339445812307859,-0.048031526055467254
1.666,-0.24013508168288267,-0.06611530392898281
1.666125,-0.30374654143594504,0.05479597608768034
1.66625,-0.19925551842317057,0.0647649654349994
1.666375,-0.22098561357539628,-0.061465922203412814
1.6665,-0.24262253489973543,-0.30598228314214465
1.666625,-0.15420729870030092,-0.4711497214564837
1.66675,0.14212263307286924,-0.4523462734653116
1.666875,0.3430620278850894,-0.18661486749740738
1.667,0.30201720206651594,-0.15708842834428824
1.667125,0.26044473232676707,-0.18512594522785417
1.66725,0.11480934694314308,-0.21534752358198447
1.667375,0.19550856548988138,-0.17809718186548426
1.6675,0.38500203486008766,-0.15395189586597344
1.667625,0.5017225102441292,-0.2037235734589679
1.66775,0.3250474904134685,-0.19316923606663225
1.667875,0.15504026289583844,-0.14457345527039664
1.668,0.06475870433737334,0.14121188760661946
1.668125,0.03408188531447959,0.3387147687882187
1.66825,0.16167687470561332,0.26370094775387704
1.668375,0.33427521509543523,0.21362529965230134
1.6685,0.41872826770006,0.13875139397733682
1.668625,0.315819169241354,0.12872748209793153
1.66875,0.10978093186707126,0.34085833407413907
1.668875,-0.04105598394772407,0.4605256169768833
1.669,0.02370055748197821,0.31202225163151437
1.669125,0.24317536115064778,0.14072477159551794
1.66925,0.15801420206537395,0.08524970269921549
1.669375,-0.1396404319808579,0.029841502454278322
1.6695,-0.3338809532431242,0.15346634125047678
1.669625,-0.2561660718736046,0.3185362149318255
1.66975,-0.12223353268642377,0.41300124639118974
1.669875,0.12107244679896907,0.25445594284342943
1.67,0.2042784118885571,0.06936055290224197
1.670125,0.24448481666269498,-0.03448199847387448
1.67025,0.18565735831550575,0.08056962040508192
1.670375,0.022142897802460145,0.2128330926632186
1.6705,-0.15280070596101972,0.15471342301468324
1.670625,-0.22155109637039055,-0.10667029842841087
1.67075,-0.19649302472486205,-0.3334365705067046
1.670875,-0.20480666049646357,-0.27403771029764407
1.671,-0.1610450682291559,-0.08353282157475783
1.671125,0.09393991804068146,0.048010849390250424
1.67125,0.32946420094383394,0.1778761600052001
1.671375,0.4071779980464757,0.2684412399859976
1.6715,0.16030787284377254,0.21496177345625808
1.671625,0.008080150888131769,0.007183238666587762
1.67175,0.04680103366399107,-0.09046275698566753
1.671875,-0.005389886795347745,-0.16311890301128038
1.672,-0.31383917398569616,-0.20379050714469943
1.672125,-0.3322199106346934,-0.21629536147360218
1.67225,-0.11217445483225938,-0.10539745703664538
1.672375,0.1995871131946629,0.11469957889020374
1.6725,0.2683890508695769,0.3341532756621169
1.672625,0.047301182514236415,0.3455532684334764
1.67275,-0.17025238396780693,0.14811740727313918
1.672875,-0.218403351173282,-0.03171854468695612
1.673,-0.22619753499218445,0.05664744340083518
1.673125,-0.27420471077175484,0.005303864586492904
1.67325,-0.30441901455746945,-0.23510052054009456
1.673375,-0.4463766067924637,-0.30620275998045887
1.6735,-0.35739726094632324,-0.07444460945278708
1.673625,-0.18481411571316014,0.19310746609935975
1.67375,-0.156094695981045,0.2576102049967776
1.673875,-0.09517035967283913,0.046940402539727366
1.674,-0.3280728767795812,-0.14676069995133248
1.674125,-0.5455703582105496,-0.16374942413247492
1.67425,-0.6577464616476935,-0.19466558729339897
1.674375,-0.3557653539665855,-0.25126796873804824
1.6745,0.04906060955810888,-0.36990950140196316
1.674625,0.22760393233326814,-0.43533842704522835
1.67475,0.21131062351252203,-0.30609196767727515
1.674875,-0.008185859163703707,-0.20245752620968682
1.675,-0.051563604379805075,-0.0817466247396634
1.675125,-0.047465533824965385,-0.1606958368713895
1.67525,0.0838276702356964,-0.2988296966835692
1.675375,0.07710890702849005,-0.5354119734745364
1.6755,0.02971559160091761,-0.6002643476494576
1.675625,0.24940406529491654,-0.30841885179080797
1.67575,0.3857179401342757,0.0019602484553991996
1.675875,0.5728852294909009,0.16846392536864216
1.676,0.47762960211530114,0.1882641120955638
1.676125,0.32594062931823814,0.026778744335474825
1.67625,0.12007605697142662,-0.07686394287252872
1.676375,-0.07206696039672057,-0.06561285735203583
1.6765,-0.09089927342204478,0.06764877224096343
1.676625,0.14756513347533673,0.08254566678446768
1.67675,0.43696118711384024,0.07444456611732918
1.676875,0.5256089955659238,0.20498545853495342
1.677,0.5592298440035427,0.3419936454174243
1.677125,0.29590739791329174,0.42733617604017277
1.67725,0.021017778622582195,0.43972128618645967
1.677375,-0.1350206654001998,0.25428007689084753
1.6775,-0.3026093383455705,0.05802897877814728
1.677625,-0.19299444623886397,-0.08106882357228516
1.67775,0.053096720671471476,-0.07007479430073132
1.677875,0.22762435971875353,0.16086344197019994
1.678,0.3148964908986986,0.41670552990117254
1.678125,0.17265420639345566,0.471382769607067
1.67825,-0.06604084868687547,0.42671943452351097
1.678375,-0.18566060013623706,0.25102292869764614
1.6785,-0.20689930737084156,0.0657841252862727
1.678625,-0.09249403903912909,-0.15201967644441255
1.67875,0.0005673550647394146,-0.229060493367776
1.678875,0.10868698914789345,-0.17229570446632658
1.679,0.18446901740273686,0.013809032964944443
1.679125,0.19116028424991913,0.243170527372276
1.67925,0.20728647540887893,0.27166991531849466
1.679375,0.19588174501148656,0.12443987591488226
1.6795,-0.05908882765076301,-0.07422651523643438
1.679625,-0.42356533348235775,-0.13609303803833503
1.67975,-0.4589590519176083,-0.1859100857786377
1.679875,-0.2339592943199698,-0.0959624027469391
1.68,0.11646466245387922,0.06166960083216468
1.680125,0.377068241018109,0.1339117641374226
1.68025,0.12333209858190194,0.10894302241989616
1.680375,-0.23363650319206902,0.0971965056391582
1.6805,-0.3117847459433006,0.18480535236847354
1.680625,-0.15130856665620435,0.17517710523528288
1.68075,0.15650418653266568,-0.07616510862419014
1.680875,0.0728043285371315,-0.3942546252463694
1.681,-0.20356302346741506,-0.40029774837689475
1.681125,-0.3582966067293102,-0.23675476897507663
1.68125,-0.22900637153562375,0.11636475868260493
1.681375,0.14042129545602025,0.3282415010000963
1.6815,0.28510745752531474,0.036224896442564256
1.681625,0.15032822580405672,-0.23020006099632415
1.68175,-0.07517619144465829,-0.3108627688745077
1.681875,-0.3177885322272968,-0.10843873961257132
1.682,-0.4541494519626838,0.11361922519356273
1.682125,-0.4069647233235541,0.06302743658665838
1.68225,-0.39082969336137663,-0.1751588913908472
1.682375,-0.2952055483349425,-0.3635846658465343
1.6825,-0.2362967751095209,-0.18830749343077857
1.682625,-0.16409846166860842,0.09261698440609625
1.68275,-0.18257915671453775,0.2648151131075347
1.682875,-0.2809228366856627,0.14878614955625152
1.683,-0.2927954419625271,-0.07416807784845135
1.683125,-0.21390761126460253,-0.26524411646687474
1.68325,-0.03323906980646852,-0.4539890746228199
1.683375,0.24574573273867564,-0.41943745910921076
1.6835,0.4202835763033449,-0.3646316618698418
1.683625,0.3324669709559256,-0.2836119192619195
1.68375,0.09769872117249397,-0.14812625644177496
1.683875,-0.03100234682403583,-0.16058807626820518
1.684,-0.03938921929839006,-0.1490565306735375
1.684125,0.2989200790840263,-0.227128957472591
1.68425,0.2986555505092509,-0.27990143287233327
1.684375,-0.01077699586920203,-0.17834593178711564
1.6845,-0.1843651065014118,-0.005542834056665711
1.684625,0.011772869641676328,0.21594054008642766
1.68475,0.40765229361067656,0.3255178227464331
1.684875,0.4937275213345181,0.30179763021088163
1.685,0.3597287471165752,0.11008224145190605
1.685125,0.08752570116788727,-0.07800192521368578
1.68525,-0.054929488079773034,0.017318739245573683
1.685375,0.07350036475149631,0.2429618184392565
1.6855,0.20286836363203423,0.29206335655982457
1.685625,0.33294120734562455,0.03669857733357896
1.68575,0.21599692075712154,-0.10526428923543017
1.685875,0.06992116417072021,0.06491425665149858
1.686,-0.10278659817481595,0.33293109767122486
1.686125,-0.015175200296966744,0.42563013953228995
1.68625,0.12407045499408503,0.3315288350534723
1.686375,0.24231359682253553,0.1143339688176987
1.6865,0.2985835583480696,-0.06103401769767207
1.686625,0.24015299059720105,0.05058358893072135
1.68675,0.2907691085655232,0.20788626584246767
1.686875,0.39072401024977804,0.24021938988152458
1.687,0.2788399566743797,0.27218702514922066
1.687125,-0.11924215729766056,0.04235969453524658
1.68725,-0.340781966429145,-0.10130292353448343
1.687375,-0.31681781502356987,-0.006820023940927182
1.6875,-0.1540911100180796,0.11353056926546623
1.687625,-0.16374848170196432,0.27425262053146326
1.68775,-0.3154061338063519,0.2529997020448041
1.687875,-0.28026098931232873,0.188177624118998
1.688,-0.018902941595074385,0.27648796629501726
1.688125,0.182639898510416,0.3804654217192294
1.68825,0.13602107742412534,0.21707076981027698
1.688375,-0.08321322596495247,-0.04212811116463608
1.6885,-0.2681372777479469,-0.3011166745033135
1.688625,-0.16530493501028198,-0.30806262749805285
1.68875,0.11546239271154182,-0.1487853906263079
1.688875,0.31980834139827796,-0.21835050132427203
1.689,0.23742775386711462,-0.2983472107547223
1.689125,0.06799271554881998,-0.28650091613451645
1.68925,0.040322657455551525,-0.034861044777936584
1.689375,-0.05130345920240587,0.17992346712307153
1.6895,-0.3378336632017041,0.12045802117743735
1.689625,-0.5136086918366021,-0.11315138635929486
1.68975,-0.539768131559415,-0.25060794042649154
1.689875,-0.37592854173760615,-0.12313331903107323
1.69,-0.06454387004830299,0.08349382992598466
1.690125,-0.06353612775067712,0.2632855888315546
1.69025,-0.21727082912744514,0.20731505060251026
1.690375,-0.24204556420598985,0.04776917138254187
1.6905,-0.17280657879078817,-0.009383450516233714
1.690625,-0.190891596620988,-0.02842076287182084
1.69075,-0.44078260129802604,-0.22519069960995777
1.690875,-0.5368964795257142,-0.4271965898909305
1.691,-0.49830938870611385,-0.5143780807830598
1.691125,-0.18197711798789976,-0.2940717107416624
1.69125,0.04291599719935072,-0.09975510538680095
1.691375,0.08069967986894906,-0.09165328616330236
1.6915,-0.005200568234165428,-0.21531864211304008
1.691625,0.003889228980556557,-0.24659234042973743
1.69175,0.13876035594650357,-0.19462043604149123
1.691875,0.17150112647072982,-0.1877055918567373
1.692,0.22199597842648344,-0.3686514704389278
1.692125,0.1910031843773742,-0.46307631334613036
1.69225,0.39441236148682524,-0.3714431472722719
1.692375,0.6970319899638021,-0.15592410564695386
1.6925,0.7987203840416235,0.04640655103790457
1.692625,0.3846063044652871,0.06502717389482479
1.69275,-0.2650448583333215,0.015951910190044962
1.692875,-0.3949409239309272,-0.008700418094437822
1.693,-0.17550484716575088,0.14112778412827964
1.693125,0.157760070979687,0.21240018627104892
1.69325,0.29500679343969277,0.16916229742443736
1.693375,0.2517705274272713,0.1946927317687429
1.6935,0.2088269139781907,0.3826182328703803
1.693625,0.17874695105979727,0.6051900094228978
1.69375,0.17115695582305937,0.6653853574366232
1.693875,0.06432219714004561,0.2909162955779488
1.694,0.06347631986910442,-0.19093751681177606
1.694125,0.0013617923158537283,-0.3862341224783181
1.69425,-0.062366612542999876,-0.1715233214754337
1.694375,0.0667243589892942,0.12672664140698078
1.6945,0.22744659031951117,0.2699959774739438
1.694625,0.3108701910560576,0.21868151447445097
1.69475,0.2514805042860326,0.18935323979036883
1.694875,0.07963677102443163,0.1885165295167141
1.695,0.07302118391025765,0.13423737488059945
1.695125,0.0028488479431741137,0.05819471633546674
1.69525,-0.023990791593320397,0.03441136880852022
1.695375,-0.08413709503749138,-0.010258802592655979
1.6955,-0.07888407477844868,-0.0015589280279227318
1.695625,-0.06868754465264698,0.09721274287108429
1.69575,0.1744433834499093,0.17548186896402723
1.695875,0.315014249901805,0.2569438697045958
1.696,0.21374000249194686,0.21785117451714722
1.696125,-0.17941385635694715,0.06154191118121117
1.69625,-0.40967938204090115,0.04795335566934664
1.696375,-0.4264939998796507,0.002175498237576839
1.6965,-0.20591186593452132,-0.0010814715795574822
1.696625,-0.06197716815937654,-0.1179732892576274
1.69675,-0.049284160812880846,-0.14779487443478545
1.696875,-0.09095364379807899,-0.011644083700451406
1.697,0.03384373734945688,0.10522060859477998
1.697125,0.025532871216146915,0.3190299854418987
1.69725,0.01639088399232217,0.18098392997569493
1.697375,0.012303430131301854,-0.20744770446119254
1.6975,-0.1014264913856371,-0.40898120255686266
1.697625,-0.30560260332322947,-0.341814439676824
1.69775,-0.2947875500108391,-0.15013023434807649
1.697875,-0.08225705383569089,-0.07325796944663832
1.698,0.3474290886307736,-0.03944439327179333
1.698125,0.29818515407347196,-0.03386055869848075
1.69825,-0.04784512927901596,-0.04198712956554729
1.698375,-0.3595282773355817,0.03255182125755659
1.6985,-0.3821107112719735,-0.06454599319573238
1.698625,-0.23334529912384613,0.02108877184326414
1.69875,-0.18099080606825174,-0.11924601715441001
1.698875,-0.24157949867241535,-0.29515572863941236
1.699,-0.22923498425290853,-0.256481298380134
1.699125,-0.15717803323333862,0.02211182864249715
1.69925,-0.0022065472996479632,0.2861944603078503
1.699375,-0.016615253377200934,0.25874376097481977
1.6995,-0.24099570955691932,0.012959226349764335
1.699625,-0.4858636163013992,-0.33038147939173246
1.69975,-0.5377994448101893,-0.34732061857263774
1.699875,-0.3196957665321416,-0.2136388349793273
1.7,0.10763467099578518,-0.16784257930201252
1.700125,0.251909494752387,-0.209511732639625
1.70025,0.12530757910470644,-0.2217671100095169
1.700375,0.08498798004136027,-0.18357464397554465
1.7005,0.11827075208552851,-0.0044646596238543815
1.700625,0.16630852831608234,0.001991348411745106
1.70075,0.18179608756614124,-0.21439666934139956
1.700875,0.20194061443865285,-0.461870807038927
1.701,0.27094994108290743,-0.5431955011582448
1.701125,0.29201623543742367,-0.22966262662504922
1.70125,0.38448613188519415,0.08819567693953513
1.701375,0.4368449640560539,0.18470226969277365
1.7015,0.3945682657955286,0.08552628794833013
1.701625,0.3098269698071572,0.07083133573871019
1.70175,0.17410888721362744,0.03975822013874669
1.701875,-0.05858569971902166,0.16071288030316758
1.702,-0.1967714531526164,0.18923921485918047
1.702125,-0.1936840630178594,0.19999636548004635
1.70225,0.10869756730947833,0.20075233313442925
1.702375,0.3176177911354781,0.26936202790657343
1.7025,0.359149410653915,0.3774198219915259
1.702625,0.29659531643552955,0.3328684755952273
1.70275,0.20454363315665483,0.35903074648267735
1.702875,0.03813472051536202,0.3146184582085569
1.703,-0.051237093952944165,0.14059897256843099
1.703125,-0.06141691342130173,0.0034955737287654344
1.70325,-0.09966345307787697,-0.1827983790130519
1.703375,0.13802141957365252,-0.16121477455198036
1.7035,0.23206796300979532,0.052060408364724246
1.703625,0.09952757722505695,0.28326120827453877
1.70375,-0.15236964025183747,0.334039375993003
1.703875,-0.3243459722355785,0.25634850421833544
1.704,-0.2887584353571058,0.1940280984510443
1.704125,-0.07510207910332156,0.06593743138732627
1.70425,0.09300626742766553,0.015616093621270206
1.704375,0.06395210784794722,-0.03445319631936016
1.7045,0.016298303612881343,-0.09252555353574032
1.704625,0.13608450030382602,0.09258111108239414
1.70475,0.22101634338479767,0.2812138339492853
1.704875,0.21968962445197548,0.1276555352673515
1.705,0.00984595452085394,-0.16702369388249558
1.705125,-0.37441736483739757,-0.34036651685778124
1.70525,-0.5308249045398956,-0.26819744948787094
1.705375,-0.3432041900857864,-0.1031498920278527
1.7055,-0.17382588006286626,0.11310465038850126
1.705625,0.03529156553783674,0.08908870711964396
1.70575,0.07038769560203113,0.04077040007569751
1.705875,0.11460122900604951,0.07441840745542416
1.706,0.13671520144343738,0.22598677685627744
1.706125,0.11215070607268114,0.19488014615471674
1.70625,-0.04457389154412148,0.0005230763656458654
1.706375,-0.15234190666416664,-0.28549286991098505
1.7065,-0.20592156441291765,-0.47300567433209967
1.706625,-0.29241771739336736,-0.2913342722070992
1.70675,-0.2087768834217091,-0.16651654790167372
1.706875,-0.09672647710209993,-0.02426915388451854
1.707,0.05639703388268391,0.08754670756021193
1.707125,-0.1803762981782345,0.08635045352353914
1.70725,-0.5478874474623294,0.06068265784733521
1.707375,-0.7378692483000661,0.14160413190732896
1.7075,-0.6336599691059157,-0.020550707916193966
1.707625,-0.3451565298425971,-0.12363308065756792
1.70775,-0.26892448956162107,-0.19560053596189492
1.707875,-0.2167331012411402,-0.2331547225776538
1.708,0.002073590460528759,-0.20698146981824148
1.708125,0.1958834203262101,-0.05543833612413249
1.70825,0.27651304360052814,-0.0002860638535163758
1.708375,0.17103061998125033,-0.15488883915550755
1.7085,-0.001132196849735469,-0.4806254195540653
1.708625,-0.24513689652251172,-0.649746081877712
1.70875,-0.2583126405611177,-0.559537307248954
1.708875,0.002318319774331743,-0.33124264473347415
1.709,0.3929664113538389,-0.21231754299088562
1.709125,0.7728318889076,-0.10215476080143499
1.70925,0.8015195524343615,-0.00469228436907603
1.709375,0.5706415985508118,0.19740677833415882
1.7095,0.35775387684993676,0.2619480473471756
1.709625,0.2556706556255833,0.23421289292694455
1.70975,0.0714173035670009,0.002683910021623269
1.709875,-0.10466345027195313,-0.20503820000100575
1.71,-0.2686697372367889,-0.20233765929050596
1.710125,-0.13859344601481824,0.02527280201536529
1.71025,0.18296046279474826,0.39081336359630225
1.710375,0.24924058921726233,0.716593550800559
1.7105,0.15338027461350032,0.7449672056181238
1.710625,0.05125714049975016,0.5881273714152556
1.71075,-0.10659714633901206,0.36995055293854334
1.710875,-0.12043710869340905,0.20555410502604293
1.711,-0.029574064463095323,0.08400415351814157
1.711125,0.11906955435770339,-0.08594830335999543
1.71125,0.20537528731614532,-0.21724177026911143
1.711375,0.15665635885359272,-0.07371338115838276
1.7115,0.15917986169606954,0.12871995535226793
1.711625,0.21725347916628576,0.2497534880199029
1.71175,0.29135160370883323,0.10764708819440177
1.711875,0.1106396336658622,0.0340272199665497
1.712,-0.21278269636706396,-0.099203854693571
1.712125,-0.3461964053634642,-0.0961338909325957
1.71225,-0.19832682548998448,-0.01684048897745768
1.712375,0.28002547398979555,0.12945112486843857
1.7125,0.4897631636889129,0.20865345421827333
1.712625,0.5428084101072425,0.18849818965730908
1.71275,0.21318567872129704,0.13865053559546717
1.712875,-0.1075728061575781,0.23739144510820004
1.713,-0.34096704356488633,0.2306446436067318
1.713125,-0.20553013831088116,0.049858567941791096
1.71325,-0.12364352183793208,-0.19576887880365654
1.713375,-0.13214345945876407,-0.3596016443260174
1.7135,-0.3023854178051353,-0.19915810155421934
1.713625,-0.22357704673728052,0.19585517133191155
1.71375,-0.04156032400187127,0.4594040570783304
1.713875,0.03146847643066976,0.48414043752488817
1.714,-0.07337570652577015,0.19885918028625219
1.714125,-0.30112623996476734,-0.11161701949943914
1.71425,-0.368612188674671,-0.22082995730730032
1.714375,-0.3057092164141299,-0.192103084205828
1.7145,-0.006447750420858076,-0.14336427661924375
1.714625,0.14259668768652495,-0.14612928458464036
1.71475,0.019727363019433758,-0.23878295192845134
1.714875,-0.03559101688933649,-0.2691651729701342
1.715,0.022369168018753913,-0.0790818177995117
1.715125,-0.008090332207072034,0.06829052569976925
1.71525,-0.05572492605736857,-0.04653605670624859
1.715375,-0.20936413043069774,-0.2650531659335766
1.7155,-0.3216431762286652,-0.3049329684921211
1.715625,-0.23217593047875076,-0.21614991392722102
1.71575,-0.18622405361441755,-0.03858748532981086
1.715875,-0.022520476659695362,0.06631427297866946
1.716,0.09190667900441762,-0.0065414370936222295
1.716125,-0.1369966998903433,0.012394504857206775
1.71625,-0.6700077968461495,0.016288688503675534
1.716375,-0.9439706985352561,0.07135145033038087
1.7165,-0.63939980417867,-0.04028780793273358
1.716625,-0.12394038087782458,-0.19860910512455443
1.71675,0.21718462236316283,-0.25687023358782674
1.716875,0.1633679470512747,-0.26578481195420184
1.717,0.10615376733628884,-0.13904060836079915
1.717125,0.2725164330821251,0.001120643206560053
1.71725,0.47876051213791043,0.1192271953006163
1.717375,0.4440421414819092,-0.12141873531910861
1.7175,0.24131136085623917,-0.626196252494751
1.717625,0.1342807293256317,-0.8666848602587177
1.71775,0.21039623311026628,-0.634369815646756
1.717875,0.44586658069898444,-0.1566692481705093
1.718,0.5656807124295233,0.21690983806464897
1.718125,0.3799277438975049,0.17450790503013106
1.71825,-0.016724606988504073,0.11798073330824203
1.718375,-0.19895348295733176,0.2528214655827447
1.7185,-0.09047222046041113,0.40720726313918376
1.718625,0.14588764129064347,0.4399091803134058
1.71875,0.18388293945728987,0.21516397525090764
1.718875,0.06782364721069592,0.14867624866410148
1.719,0.15678555091522176,0.21130171323055552
1.719125,0.2304193325498984,0.40127546381715296
1.71925,0.3410933016562772,0.5210485775814733
1.719375,0.4274172540069175,0.35986754782933
1.7195,0.1953657005975429,0.003338257008328694
1.719625,-0.2595843251735518,-0.1638338746188792
1.71975,-0.4324730830881506,-0.14372931426474542
1.719875,-0.21645939171475898,0.0820724494312806
1.72,0.0858197056761477,0.18224370401892717
1.720125,0.23708636965615312,0.13104610347292536
1.72025,0.17240487265985716,0.16080580472806927
1.720375,-0.006008875370819989,0.23255260455608984
1.7205,-0.04330781543850428,0.33135976971009373
1.720625,0.0735039647143217,0.3378845190864843
1.72075,0.06435099342958855,0.15972988374339514
1.720875,-0.07190839114666327,-0.2612875949096749
1.721,-0.13922977863853833,-0.3930075877540443
1.721125,-0.10483767637726436,-0.19348110464435977
1.72125,0.18058753349503034,0.12356354411272819
1.721375,0.40989209636047236,0.24194294900546426
1.7215,0.24555506752425058,0.09937051696799698
1.721625,-0.14021702347317722,-0.018413672095055993
1.72175,-0.444552325561306,-0.0396484525500531
1.721875,-0.39340273227746503,0.07955932869814285
1.722,-0.2541549220044484,0.0748509396841732
1.722125,-0.12131015404118131,-0.07982107770442262
1.72225,-0.0071732812025435385,-0.18877391881080668
1.722375,-0.012331141446035119,-0.062144597978390656
1.7225,0.1337550590432871,0.16611084347743688
1.722625,0.053987945340274325,0.40219169049716047
1.72275,0.007305077960020964,0.23554403422616585
1.722875,-0.13215253722487513,-0.14721253618448657
1.723,-0.5468855841428274,-0.3102353252289544
1.723125,-0.7821946673886015,-0.39460119521170967
1.72325,-0.6366850765812738,-0.28131872307328387
1.723375,-0.057470505439191015,-0.11137077610945974
1.7235,0.4151122461242951,-0.06251821093656096
1.723625,0.45320934279460573,0.02902750243649211
1.72375,0.01989884006927667,0.04820236658169204
1.723875,-0.580750093156349,0.10630990777162239
1.724,-0.7828596753537074,0.0432423120833046
1.724125,-0.6328120923126074,-0.10863953503050518
1.72425,-0.4381462191099668,-0.5119369199951875
1.724375,-0.20981738204780576,-0.7324097819683806
1.7245,-0.15168009693482695,-0.5889534681265889
1.724625,-0.015071283752488554,-0.09957788485148454
1.72475,0.22816814262838192,0.334336604581518
1.724875,0.4575709419687365,0.41064294899099735
1.725,0.2727796229775405,0.0006459225388305765
1.725125,-0.027523792772724025,-0.5144329354272964
1.72525,-0.12715606265903584,-0.7160872398825466
1.725375,0.04166598374469474,-0.5901564228791355
1.7255,0.33886109896711225,-0.38340221728133267
1.725625,0.3676338319833442,-0.1739627905341764
1.72575,0.28730755849433204,-0.17230170484468763
1.725875,0.2992291855975274,0.012274699140884533
1.726,0.3013642745519695,0.27733648988724047
1.726125,0.24723070836829675,0.41309602699911396
1.72625,0.15689740356355691,0.23759649712920064
1.726375,0.21240676628257046,-0.01890003592476866
1.7265,0.19376060533479442,-0.12273452049864256
1.726625,0.117179474494469,0.01903198475211924
1.72675,0.16373088877592845,0.2629248529035639
1.726875,0.3139077508825362,0.3008347614700243
1.727,0.3765035482785484,0.2311212146578202
1.727125,0.13045288562611876,0.2625208721868104
1.72725,-0.2505835766386531,0.3460636640562927
1.727375,-0.40028365823273754,0.2458637894078941
1.7275,-0.19435289604338804,0.1607990010429873
1.727625,-0.0841486844927698,0.18664507170504097
1.72775,-0.08577418268029322,0.19633857199720592
1.727875,-0.1417487840592814,0.06987332555640226
1.728,-0.006219734779233963,0.13892605787509288
1.728125,0.23305899810030928,0.26298880318347495
1.72825,0.4986019707877436,0.32163603359588866
1.728375,0.46369543947588077,0.12579468993952247
1.7285,0.07868924354266928,-0.22741971181178056
1.728625,-0.2721282683516969,-0.3278932721418097
1.72875,-0.34725707918108856,-0.18024332137423932
1.728875,-0.047791024705405166,-0.01989081056644157
1.729,0.3354446499438511,-0.041264631515539996
1.729125,0.5632978061050526,-0.12433581549540569
1.72925,0.4162964349113036,-0.02824542392135727
1.729375,-0.002851773745635037,0.20110256105799396
1.7295,-0.2599055983952498,0.48712779592953953
1.729625,-0.2710820918016121,0.4584796464877618
1.72975,-0.11875258594760908,0.08321380103476694
1.729875,-0.08562837454436216,-0.2583994549374299
1.73,-0.07024195789998093,-0.3013793991449009
1.730125,-0.008284571826359522,-0.036011140211753286
1.73025,0.08402973220472536,0.3375770652979988
1.730375,0.025551455215639236,0.5310860456291109
1.7305,-0.11814946911996178,0.45192301321816714
1.730625,-0.27137663602748563,0.04132362302781276
1.73075,-0.3636944815792518,-0.28167731059376133
1.730875,-0.34453166590224155,-0.22032079715610328
1.731,-0.19129739035388663,-0.1614603920034371
1.731125,0.035051745689424284,-0.0659835146623553
1.73125,0.1269090090986113,-0.057614189743221446
1.731375,0.1732224405751949,-0.02021339259011392
1.7315,0.14435280316055113,0.056746626402134834
1.731625,0.06732570068337318,0.04980350367049227
1.73175,-0.06518209638514422,-0.13035292102783116
1.731875,-0.4397939875448459,-0.27823153807161555
1.732,-0.7726038926290956,-0.2678996177104394
1.732125,-0.7416099266420901,-0.2817231212860143
1.73225,-0.3804612640833463,-0.1201429713693732
1.732375,-0.07537192473693685,0.022163929565829833
1.7325,-0.030013755311113912,0.16112916200627977
1.732625,-0.26489900428541424,0.13533284621749564
1.73275,-0.48319930502389796,0.1657492673567837
1.732875,-0.4565265349043183,0.09338760972587284
1.733,-0.20744180213125424,-0.061778304834744016
1.733125,0.011880554152713357,-0.44046087975035464
1.73325,-0.05508006137634601,-0.6633554723094262
1.733375,-0.12098537870846925,-0.6550501000509091
1.7335,0.051646584730829906,-0.40334798717994524
1.733625,0.3696448865257981,-0.077898115821213
1.73375,0.616435798367803,-0.015989984314112953
1.733875,0.5536784345742144,-0.21868459841907123
1.734,0.3670731124177493,-0.4233984972691399
1.734125,0.07011241613656477,-0.36853470349927303
1.73425,-0.003963253713222919,-0.16172945697944643
1.734375,0.23866366305448483,0.018313441039887822
1.7345,0.5058044804494357,-0.06027931859867768
1.734625,0.47183072936352144,-0.18357577130578245
1.73475,0.30468357688311776,0.015514342298729151
1.734875,0.014762479794017968,0.30330758833718546
1.735,0.09447464723447783,0.5601216541059247
1.735125,0.1529656541183406,0.5111528449444325
1.73525,0.0583210499468019,0.25444497909807395
1.735375,-0.11006664626152719,0.09609312912961701
1.7355,-0.12086468743876523,0.029287915890455683
1.735625,-0.09033431943177252,0.2215217710967473
1.73575,0.17682328660524435,0.39387982224490076
1.735875,0.364637569433632,0.42969297246779686
1.736,0.25400587364473537,0.21770805993638384
1.736125,-0.020766441605483053,0.07048183490048084
1.73625,-0.12432935156576223,0.0845161222803794
1.736375,-0.10810244182274151,0.08729973249472113
1.7365,-0.013076314777913536,0.029756757471101136
1.736625,0.07779239946862163,-0.025737498637925352
1.73675,0.057515477871755184,-0.10435351938293735
1.736875,0.1328169739792317,-0.055741152267171516
1.737,0.2980789414383703,0.1341242396062351
1.737125,0.28371734671009846,0.3304481640002218
1.73725,0.24137699834874232,0.24861881521468998
1.737375,0.04689517749671371,0.008651983740826515
1.7375,-0.10546884748832502,-0.1881753251336693
1.737625,-0.29990085034355496,-0.14027271886548215
1.73775,-0.3896360055080882,0.021035653366019605
1.737875,-0.21114309314264879,0.1358202230566562
1.738,0.09912623684458048,0.0901262633676723
1.738125,0.34441134755748476,0.0834356108255663
1.73825,0.3080866494411148,0.2568263662312786
1.738375,-0.0903481699480398,0.32849805036559443
1.7385,-0.45588293135485985,0.201645466888204
1.738625,-0.48433555791159844,0.04758307022400982
1.73875,-0.39783509187734584,-0.08696437190491661
1.738875,-0.13999180027719782,-0.269201167080946
1.739,-0.05783048202505107,-0.3050966627573772
1.739125,0.16275982268583633,-0.23133062904040252
1.73925,0.2778875469042584,0.07737292199553492
1.739375,0.21159931290572576,0.3173992215751158
1.7395,-0.07055082707609177,0.25858085292305627
1.739625,-0.4735857137275775,-0.08481046885580704
1.73975,-0.5537234255063308,-0.3978502582081849
1.739875,-0.3322022346319262,-0.4577816696519617
1.74,0.02193637767201255,-0.26235881400165
1.740125,0.13594846461901558,-0.14230573457218562
1.74025,-0.07407516203460006,-0.07223444585881514
1.740375,-0.2791617075025364,0.1247978998425551
1.7405,-0.32973941226371056,0.28647325662018525
1.740625,-0.31077206716950995,0.19102459509023792
1.74075,-0.2887909140358977,-0.061676757638522706
1.740875,-0.38199036484108945,-0.4176596585665313
1.741,-0.4233020444041693,-0.5887296865665879
1.741125,-0.2794496421266594,-0.26230807413336954
1.74125,0.028455716808734505,0.04973923971081184
1.741375,0.2961185984548337,0.18494690129229427
1.7415,0.2079301413771873,-0.06857334715872662
1.741625,-0.09391000193786554,-0.2270529768556711
1.74175,-0.3003315916938019,-0.27400556107901913
1.741875,-0.24288669114304565,-0.2510573804884839
1.742,0.06460610484104451,-0.25448000979834307
1.742125,0.3087032353821195,-0.3286555509931278
1.74225,0.41051136469712174,-0.3997330554988136
1.742375,0.4527014565204569,-0.2551462952990032
1.7425,0.35638494993529163,0.028092354383732743
1.742625,0.2228421537424655,0.1918694316185319
1.74275,0.19692028509343046,0.1895308943102636
1.742875,0.233416291752731,-0.07134022475878776
1.743,0.1261984450440561,-0.28873161655029855
1.743125,-0.049362577449118206,-0.19576566933511735
1.74325,-0.10546773400132031,0.0785212155733886
1.743375,0.17730190787721475,0.29224650472074
1.7435,0.4890023828522384,0.3929473454554559
1.743625,0.5320527152976462,0.35220232286504205
1.74375,0.45334215316361304,0.27963609987363
1.743875,0.2554598013406121,0.20068614075189517
1.744,-0.009987734638997334,0.1945264222423079
1.744125,-0.17229331556204214,0.18318251389147147
1.74425,-0.3137423318832455,0.13559532503350197
1.744375,-0.2430793123244455,-0.003202686423943813
1.7445,-0.10562367138600887,-0.060397888470588315
1.744625,0.16486273383105082,0.13687713633975973
1.74475,0.1662532643262643,0.41734895311732906
1.744875,0.050233089568046126,0.49226023078289205
1.745,-0.05658630287800791,0.4085114386926436
1.745125,-0.06307496861463925,0.17560617955094598
1.74525,-0.19937578476582424,0.0419732677751256
1.745375,-0.15410542402400254,-0.21952725129801134
1.7455,0.03344924894951895,-0.29343158528856705
1.745625,0.2999784391540091,-0.23653155816837138
1.74575,0.4048004140674532,-0.08003140078271052
1.745875,0.3089193079027427,0.10649082449010276
1.746,0.21453781855169465,0.13000136844697202
1.746125,0.1069892091255237,0.05884929108103536
1.74625,-0.1631066408911412,-0.011173982067205887
1.746375,-0.43324007376692336,-0.08674328163339379
1.7465,-0.5391028583788706,-0.16491025128139672
1.746625,-0.28619138221741935,-0.14542688744656315
1.74675,0.07850930938072628,0.04891779031793275
1.746875,0.37017723409429737,0.19024289490688054
1.747,0.4455519354722393,0.4142684367562147
1.747125,0.43695480482351523,0.2742015535998549
1.74725,0.19183181374838468,0.2000166707353216
1.747375,-0.2506810652807889,0.10392102747856564
1.7475,-0.48351810855328714,-0.17961374195839336
1.747625,-0.523480171513542,-0.3898924490080663
1.74775,-0.31582378369011144,-0.4749926064727102
1.747875,0.04998976976356892,-0.2841538061908167
1.748,0.2268677763830446,0.047451586513832925
1.748125,0.13542448034618426,0.3244755418936798
1.74825,-0.09577094776613984,0.42197692568521933
1.748375,-0.330011967519254,0.3485574141983587
1.7485,-0.5447641497843907,0.14363791832030065
1.748625,-0.6728006962636829,-0.20205947262656404
1.74875,-0.5029956952107892,-0.4480102138595642
1.748875,-0.3386814428793062,-0.5541851545422801
1.749,-0.1232098324435405,-0.26293749292386254
1.749125,0.20998105406782577,0.03808980428987621
1.74925,0.09663898148567741,0.2289909712335624
1.749375,-0.12574840309841873,0.12630706953089677
1.7495,-0.23525591113848845,-0.09097984255811972
1.749625,-0.23707540908876323,-0.2774555136458931
1.74975,-0.23970417764903945,-0.45918154306989556
1.749875,-0.39009193136747305,-0.5675971168488031
1.75,-0.3769328415156797,-0.5019841291093019
1.750125,-0.020527250057724534,-0.29782139470145036
1.75025,0.3468488749227618,-0.02021622981002759
1.750375,0.41017191428560407,0.16012202905450196
1.7505,0.3761386497064208,0.011766560123008408
1.750625,0.2998097290377956,-0.13909784935353667
1.75075,0.030847516553254024,-0.20241830741741962
1.750875,-0.14035998540764727,-0.19246664888252618
1.751,0.02231540160230661,-0.2569661048715201
1.751125,0.20792929396007412,-0.3515371498622084
1.75125,0.3229906672220239,-0.28840736323484745
1.751375,0.3634152999707784,-0.06927328376622696
1.7515,0.3015497119345449,0.3144021128721107
1.751625,0.29464917100558097,0.35206744661968065
1.75175,0.3180114979838063,0.37474978661095704
1.751875,0.28903694690649473,0.25889412630192504
1.752,0.11144472500852101,0.03242432212243964
1.752125,0.043561278563067206,-0.11365361881147368
1.75225,0.050154321756143205,-0.04308345460763385
1.752375,0.20878473331256223,0.14799448198992757
1.7525,0.34545570017274657,0.3311523312873499
1.752625,0.31840433366294485,0.31141912158113266
1.75275,0.05011737346367015,0.27492826292553535
1.752875,-0.21099056834259172,0.25170434467410924
1.753,-0.4459641564657877,0.3126207486000139
1.753125,-0.2981212951014801,0.2929685687336204
1.75325,0.08327820032346073,0.13734626490170437
1.753375,0.37120555812146616,0.056196004373600915
1.7535,0.5243995328313246,0.04027223309333262
1.753625,0.36691736822848975,0.17285143460955274
1.75375,0.036348877657877164,0.34401407521423333
1.753875,-0.17328731385309296,0.3618000268812422
1.754,-0.25702267962693603,0.10495231680395894
1.754125,-0.18143440274009875,-0.23870243955346776
1.75425,-0.06975745234516095,-0.3991932137113342
1.754375,-0.015330664480677932,-0.2128930504592765
1.7545,-0.009631359076892962,0.07753371197340553
1.754625,0.01942483964896485,0.27662462792252757
1.75475,0.07156688665278006,0.46137532190883346
1.754875,-0.08178162302664206,0.3037704485647003
1.755,-0.24699280930355041,0.030554790501738597
1.755125,-0.2488380597565448,-0.20339492801738612
1.75525,-0.07384865742914823,-0.302385293621543
1.755375,0.03615702201317368,-0.1614174650431273
1.7555,0.050469127381292604,-0.07393805657182172
1.755625,0.002018343885580481,-0.04142733417830188
1.75575,0.16242291719949747,-0.04619462796764797
1.755875,0.18446345496483837,0.0817523503897008
1.756,-0.0005641174917220424,0.10039250319564462
1.756125,-0.22491238906687006,-0.07978072384062365
1.75625,-0.4641836208218876,-0.24174791882003663
1.756375,-0.4274886418370835,-0.23553685153769077
1.7565,-0.15442031508428888,-0.08579445441256517
1.756625,0.11706063106767711,0.061672196742729245
1.75675,0.11626201147945867,0.03710131850753922
1.756875,-0.05129123871250613,0.06465202604616456
1.757,-0.12869263884507415,0.11212494636100223
1.757125,-0.23153919998857797,0.20187803305596425
1.75725,-0.33757167993444864,0.04229243834610307
1.757375,-0.4199447415818997,-0.2560293870267547
1.7575,-0.46875629216242687,-0.46844777410791477
1.757625,-0.3551941940747249,-0.3939817030806329
1.75775,-0.05117670433188209,-0.13226921937281363
1.757875,0.026624152480138347,0.08343351313413794
1.758,0.1095328643855799,0.10346158017671206
1.758125,0.12301929673388134,0.0056395633787965456
1.75825,-0.07030038603687223,-0.14393721209201712
1.758375,-0.2274686485609712,-0.22231652356792492
1.7585,-0.3165295327504898,-0.33152023989363993
1.758625,-0.21774698140168747,-0.37344380577701125
1.75875,-0.021992700376523122,-0.43859840812587897
1.758875,0.1621308890127498,-0.3561012520416448
1.759,0.2332451282858243,-0.10728960926374144
1.759125,0.3725705540778604,0.05498292225147933
1.75925,0.44873047826103496,0.10359294378968603
1.759375,0.4590005419210661,0.0911490783755365
1.7595,0.3829891523104539,-0.04446703746163748
1.759625,0.13170377050896714,-0.20652551772083658
1.75975,-0.022128536265723163,-0.2888974885029722
1.759875,-0.10763611676436577,-0.21760920413738305
1.76,0.15465857346077674,-0.06182542640734174
1.760125,0.46079170053837903,0.10721370321431697
1.76025,0.5860881604947903,0.27079273625086536
1.760375,0.27718671241739695,0.29864782885156166
1.7605,0.037951361131039446,0.4097896878161837
1.760625,-0.013923707254062731,0.43282706653540376
1.76075,-0.08773464075670435,0.3502977444623128
1.760875,-0.1425434542413712,0.18365168094745085
1.761,-0.2043030371613533,-0.07415549771942581
1.761125,-0.07368295902077562,-0.06169687074893288
1.76125,0.16132759091505855,0.12044301252617022
1.761375,0.3939742475621253,0.41228317083593735
1.7615,0.349967536402964,0.5390896630077708
1.761625,0.176725612190711,0.2673241144428087
1.76175,-0.11304005506730148,0.033293134475908724
1.761875,-0.1364889724664874,-0.06976875691543219
1.762,0.09069358296078649,-0.025238251510248597
1.762125,0.30150194305416717,-0.11570135789793883
1.76225,0.38271884685977486,-0.0913782799318775
1.762375,0.20696672868681062,-0.04392081568582248
1.7625,0.0606883412015897,0.14658857873614764
1.762625,0.08979836041583879,0.3682265536972269
1.76275,0.14439184330937088,0.3497064790804856
1.762875,-0.07266782427859823,0.13815763531629868
1.763,-0.3311280411986921,-0.12922272137565868
1.763125,-0.5685389809157824,-0.14639765905237362
1.76325,-0.3743681714163014,0.06713449211679312
1.763375,-0.06529045820559133,0.3192298975613799
1.7635,0.21655780172642217,0.33570704775773724
1.763625,0.1737106657493355,0.17060232344023546
1.76375,-0.005265470007394492,0.006874025536791104
1.763875,-0.09779844298749275,0.07732193418150202
1.764,-0.10348277530191181,0.1839629331339527
1.764125,-0.21489877156580334,-0.03614992760645522
1.76425,-0.12540874434785987,-0.30561094688234475
1.764375,-0.2124456955946724,-0.49654004790448003
1.7645,-0.27523566830447443,-0.3731990813364211
1.764625,-0.0837910287723708,-0.030774952149838067
1.76475,0.19300102986536688,0.17325808179448776
1.764875,0.15877952436134665,0.15302520980080497
1.765,0.03181562759125481,0.017617773490477204
1.765125,-0.4784242910009691,-0.11321129204585327
1.76525,-0.8519610149480237,-0.11630487941123116
1.765375,-0.6779083059036639,-0.1530005711620468
1.7655,-0.27171478004415706,-0.15348539200365718
1.765625,0.05080099837974024,-0.23217364445122565
1.76575,0.08024138415180511,-0.32341391100037514
1.765875,-0.21312143387295196,-0.056864950748801366
1.766,-0.4435408360256886,0.12214277094760705
1.766125,-0.33069415171429317,0.15637311004641727
1.76625,-0.214502494923927,-0.00584839158955916
1.766375,-0.26080100648985777,-0.3946871205635659
1.7665,-0.3226812238701662,-0.7475063321975769
1.766625,-0.33870623807222705,-0.6529385252680172
1.76675,0.041313193193458775,-0.22586860952712345
1.766875,0.5832220558753614,0.013713254432916117
1.767,0.8279554557698195,0.11632922226882113
1.767125,0.5726094360567698,-0.18939089491184946
1.76725,0.15479920463185295,-0.39097023468490383
1.767375,-0.10812991780568963,-0.3241178075441781
1.7675,0.013730776214846986,-0.2126297400752025
1.767625,0.28437567258731156,-0.2232095170295566
1.76775,0.49063663043777705,-0.3024525082081288
1.767875,0.6031030655836346,-0.3135969567575508
1.768,0.34820070224140426,0.10620616172003479
1.768125,0.2199077675736018,0.5386511743154825
1.76825,0.2315563115367352,0.7155429746290428
1.768375,0.27457194410894065,0.4033305801402222
1.7685,0.10605901851016107,0.1435671460899396
1.768625,-0.17342374523454915,-0.03151089309653593
1.76875,-0.32701498199432166,0.029250554969184862
1.768875,-0.13598633243707062,0.2857416981355354
1.769,0.19279103547988619,0.4503180144858154
1.769125,0.37977375733200736,0.5052197228569081
1.76925,0.14104927071368123,0.32031570939609505
1.769375,-0.09082047086406334,0.18030047750172953
1.7695,-0.15655415884809998,0.2137331711764408
1.769625,-0.060932584046161906,0.27243976785476554
1.76975,0.04971035929046596,0.10385516475036702
1.769875,0.016092416946981547,-0.1631477410512347
1.77,0.08818222213167579,-0.23302341334810509
1.770125,0.04358421229227014,-0.0740534940685685
1.77025,0.08684868149418355,0.14548400882579102
1.770375,0.11002778546300072,0.3414919545265676
1.7705,0.07987736826160201,0.18695509653033685
1.770625,-0.1134800019120959,-0.08073127366909766
1.77075,-0.1882152336651234,-0.16341985937710068
1.770875,-0.1642940975637347,-0.028384369160405733
1.771,-0.0010112333710372472,0.08963106175106665
1.771125,0.2565133270032436,0.047935895211148376
1.77125,0.41832184099751213,0.02126730414541309
1.771375,0.37667669828366007,0.06252069234632615
1.7715,0.051504741803502424,0.016411623869127714
1.771625,-0.28191789990606886,0.07131936927882507
1.77175,-0.44112304891496334,0.07644995665031316
1.771875,-0.27098277512066005,-0.04100002194512086
1.772,-0.06559870362721916,-0.20337176830220208
1.772125,-0.1719120995334032,-0.14173251654954466
1.77225,-0.27236617926795065,0.012444527156350388
1.772375,-0.059177259507347285,0.2588617809109549
1.7725,0.23617206092031753,0.4251292211749346
1.772625,0.23388241190342568,0.32499548835409003
1.77275,-0.11442226507423989,0.06824330014931178
1.772875,-0.5227488586861153,-0.23765947119238137
1.773,-0.6634130562225224,-0.3355702860500959
1.773125,-0.4039375576855622,-0.25776462608213463
1.77325,-0.20699241999176957,-0.10514898924047568
1.773375,-0.024341216720593188,-0.12985973075510865
1.7735,-0.015275007738885474,-0.22178264591613453
1.773625,0.0771534154479358,-0.11026354119528987
1.77375,0.11097697364136974,0.1463256981110791
1.773875,-0.111304348784169,0.21918751678941006
1.774,-0.4581400186311508,-0.09754919101912415
1.774125,-0.6511300375630098,-0.510006488159551
1.77425,-0.6732846765929135,-0.5470842689429259
1.774375,-0.35742284263330315,-0.38691717160489114
1.7745,0.11040004046794377,-0.18694837848353799
1.774625,0.30773215887902433,-0.06791707108703243
1.77475,0.17842630409032134,0.012665388898305924
1.774875,-0.02470565187125323,0.07095933421258106
1.775,-0.1077470980264596,0.038822067047706785
1.775125,0.07131981054225617,-0.06459465671175046
1.77525,0.31352394600645095,-0.3764866445386668
1.775375,0.3386003373048267,-0.6206708863310981
1.7755,0.30087848053973276,-0.5734623759877859
1.775625,0.29749083811289984,-0.3672478198825199
1.77575,0.29289997457437994,0.06568456117232195
1.775875,0.2904515897190392,0.29737107717967076
1.776,0.32849736549928144,0.1629805327631757
1.776125,0.15473967026641142,-0.06049491599601553
1.77625,-0.009566937339244155,-0.09949435184681901
1.776375,-0.051987564926971756,0.06518857786864234
1.7765,0.1014033264501016,0.23114855390846903
1.776625,0.29119832360311393,0.2456085748733767
1.77675,0.35787336573025175,0.2106131811317697
1.776875,0.25200120880515636,0.22869830316033743
1.777,0.1362718439849525,0.277526847098274
1.777125,-0.027423689817125715,0.289481033664317
1.77725,0.08094546409382192,0.2827931782483373
1.777375,0.14204514431492032,0.16482462261830766
1.7775,-0.0047038255616543775,-0.02213836329717677
1.777625,-0.29933023259220637,0.01756165147017535
1.77775,-0.17194197380983225,0.1264625332624655
1.777875,0.20978765785509318,0.2642687733315546
1.778,0.4651690535245725,0.2961221279363935
1.778125,0.2626359654934393,0.2738171084221859
1.77825,-0.11184778977233124,0.07687602478097856
1.778375,-0.3209677208266472,0.04040082933307185
1.7785,-0.18020015298480807,0.04411902021809315
1.778625,0.03142026791657638,0.13417636982201184
1.77875,0.06168625649778739,-0.01156952802971395
1.778875,-0.039520206472541,-0.2350640872257735
1.779,0.10215412542102628,-0.1831775041707593
1.779125,0.3334988065320844,0.14740223272434017
1.77925,0.3386676376685298,0.38809748951557094
1.779375,0.07911633737640085,0.21902754448383993
1.7795,-0.28589507945688075,-0.08374830556784255
1.779625,-0.3007641264407747,-0.2764572779972166
1.77975,-0.1725764841739742,-0.20204051205847773
1.779875,-0.13201705224392454,0.016974879412207416
1.78,-0.018937493873680874,0.001042027656804526
1.780125,0.09013228739028062,-0.014068302227979182
1.78025,0.19120728156720007,0.12082429781514147
1.780375,0.09875367432417663,0.321846332582155
1.7805,-0.08294592083841454,0.27824240852788884
1.780625,-0.284568651868475,0.08221570542891944
1.78075,-0.24493743006298932,-0.20110293910249954
1.780875,-0.2689141147868357,-0.31263524461787084
1.781,-0.17558205512702846,-0.1370394647749986
1.781125,-0.060295994372688684,-0.1297312436603331
1.78125,-0.002705854198064022,-0.02208047919459273
1.781375,0.06248160731068707,0.08321302932240864
1.7815,0.10731981833398933,0.17333674915178643
1.781625,0.12819217802807048,0.11184540258807901
1.78175,-0.02617151155904351,-0.0930116428313033
1.781875,-0.33901462840964625,-0.23352316713479818
1.782,-0.4818352188302824,-0.25853062110494746
1.782125,-0.4485347284240417,-0.1992150903832423
1.78225,-0.19339566274581918,-0.1758505418640159
1.782375,-0.03748785743496015,-0.031157151719605928
1.7825,-0.12239696585118497,0.08730906304836185
1.782625,-0.07179043391743915,0.09497616420015273
1.78275,-0.1553989622866621,0.14500386002490265
1.782875,-0.3585161078880954,0.17147011649944582
1.783,-0.5788370653360286,-0.025055438757552683
1.783125,-0.6310293678359429,-0.2693925684091165
1.78325,-0.31948211408739396,-0.4413768855846474
1.783375,0.23727577992474375,-0.36943641891536627
1.7835,0.6123406040905451,-0.17043763695907677
1.783625,0.5435614947226854,-0.012942126746112037
1.78375,0.24704467970090652,-0.0726107286907706
1.783875,-0.003821578947922432,-0.05241189675253678
1.784,0.10947568307300114,-0.12365275684227445
1.784125,0.22086201870966687,-0.28093849161244866
1.78425,0.1192081767840377,-0.4990069847634788
1.784375,-0.023008130218281984,-0.525347817460195
1.7845,-0.040231441406638306,-0.2817783125353224
1.784625,0.03093062073874,0.2562967890234179
1.78475,0.22170834470552975,0.5669940453602366
1.784875,0.3494074266097395,0.4683132414748823
1.785,0.3307751323891417,0.21188610521818207
1.785125,0.2517059020329954,0.05196868570390265
1.78525,-0.0210303744959209,0.053770828950614385
1.785375,-0.20993115248598865,0.2632877892612977
1.7855,0.06820130558288386,0.1485171399290919
1.785625,0.2340012042549886,-0.011564055682104071
1.78575,0.34688087815236995,-0.08720602876196938
1.785875,0.3726286734239937,0.015372964512130419
1.786,0.35330759537874656,0.2207338754029314
1.786125,0.23766984591195486,0.3045056171318509
1.78625,0.026201134494896097,0.3021219613103321
1.786375,-0.19572860964813368,0.20423120820479584
1.7865,-0.26346643623187366,-0.05509049664865229
1.786625,-0.022006561310497486,-0.1203529646912657
1.78675,0.37154262733319576,-0.012078817904954358
1.786875,0.4502819216850496,0.25897372860319817
1.787,0.08097782874073936,0.33474326157406814
1.787125,-0.24284859770883532,0.34477430966783335
1.78725,-0.25134398894852594,0.2776484963323966
1.787375,-0.15858955325285443,0.15310021739106247
1.7875,-0.0357226212498787,0.0053942783326675564
1.787625,-0.04931365023061926,-0.2181605253650066
1.78775,-0.02295974115945991,-0.22417777553648624
1.787875,0.08059642436039068,0.020646197710217938
1.788,0.2893669975048275,0.34141068373534605
1.788125,0.151224537198414,0.3552875410884928
1.78825,-0.03368198534520949,0.09392021460765067
1.788375,-0.12909968566252328,-0.2308001236457999
1.7885,-0.03156753254235385,-0.2915976491751178
1.788625,-0.016689224212663577,-0.18865882742681014
1.78875,-0.18934907641509993,-0.04809004648675465
1.788875,-0.06402945650521791,-0.050423711783525296
1.789,0.06230841355688026,0.0012278468402824308
1.789125,0.19583215396736411,0.14303041960521845
1.78925,-0.12039063252879562,0.23288765259998837
1.789375,-0.44030475726868645,0.12705420938317535
1.7895,-0.41323802628433104,-0.05668867262413301
1.789625,-0.2094182003865603,-0.047912289329489745
1.78975,-0.09249336182273198,0.019675715275265827
1.789875,-0.1748340314131778,-0.002917406852644504
1.79,-0.29645051296476715,-0.13927797762598312
1.790125,-0.0977714650691637,-0.12047827523796083
1.79025,0.15630224536683376,0.06743228376319275
1.790375,0.15617737339157645,0.17197595984705935
1.7905,-0.07124204263043674,-0.09766885210332193
1.790625,-0.45413127914013907,-0.364817722522965
1.79075,-0.8179739040996766,-0.3456065122823991
1.790875,-0.8936166151021288,-0.23859618446702627
1.791,-0.4495327258318307,-0.10214377953217689
1.791125,-0.04492541132888838,-0.15031999769807902
1.79125,0.0936561405185919,-0.2314660626543695
1.791375,0.08679738146348309,-0.053872338782048085
1.7915,-0.02996269339371955,0.14437007537002525
1.791625,0.07211106059038148,0.20099347853083097
1.79175,0.1378564194682296,-0.03643926330090134
1.791875,0.12405693785752536,-0.42077042349335597
1.792,0.014094234129903776,-0.7619491731033412
1.792125,-0.009985112845640038,-0.7506106234980102
1.79225,0.10216047273855712,-0.4151354223621833
1.792375,0.3155368761687763,-0.0657170831938013
1.7925,0.4853835092050337,0.06491984866194919
1.792625,0.48681659621377543,0.03373521624413035
1.79275,0.2981856144358722,0.025290402248171293
1.792875,0.10203042253313259,0.06506265685641593
1.793,-0.0852478995075158,0.16282802764353382
1.793125,-0.04888341893209506,0.15569322273969272
1.79325,0.13871402896877955,-0.015029390861647594
1.793375,0.336349360349631,-0.048980867184339714
1.7935,0.36279072672882,0.07252110434204828
1.793625,0.12498040486831968,0.3003599750463061
1.79375,0.0470348366901391,0.41679497721082326
1.793875,0.0571237547375375,0.4059529917522509
1.794,0.1270663505894525,0.2784769321854792
1.794125,0.08682180970860053,0.05262850411055118
1.79425,-0.05942549841867034,-0.1349390169364593
1.794375,-0.05692873583958658,-0.012497715204813098
1.7945,0.245659185514534,0.1499270869085499
1.794625,0.4252329970943944,0.3241610592900233
1.79475,0.41276100624835516,0.3060845288321171
1.794875,0.07194030009373843,0.17705191204790227
1.795,-0.23079279947329562,0.09588159503246917
1.795125,-0.318742673251428,0.07032626886517834
1.79525,-0.17268556599140233,0.13373475497522064
1.795375,0.032343611166869374,0.08103680588768539
1.7955,0.25751864742632363,-0.0492429576955813
1.795625,0.30494277076554216,-0.0001368779853534663
1.79575,0.20714301939428947,0.24504516595265158
1.795875,-0.015142592577666066,0.3765521470202508
1.796,-0.1495888661902084,0.36312459147004145
1.796125,-0.11054818557414059,0.1108438539283502
1.79625,-0.1369998948780641,-0.13437362468636477
1.796375,-0.24246419649406978,-0.26666704069004116
1.7965,-0.2576749053588652,-0.17437008304481333
1.796625,0.01879797811705834,-0.0015503491455642541
1.79675,0.2122164709042963,0.16640002171781268
1.796875,0.12798847719641035,0.27942399976739973
1.797,-0.09883027186739592,0.19478357087259965
1.797125,-0.21788017377899987,0.0020585650053891787
1.79725,-0.2691401187138795,-0.11340701575112692
1.797375,-0.12587832227769238,-0.10246083272013431
1.7975,-0.15279142116262806,-0.1570772245748883
1.797625,-0.17193232355769747,-0.24445964052694172
1.79775,-0.11084653972175432,-0.18515907960842062
1.797875,0.04678580463498425,-0.012693550700878175
1.798,0.19537270051592096,0.1595866649337361
1.798125,0.2541424244321377,0.12660704997735925
1.79825,0.0005444306077751746,-0.06992495141669895
1.798375,-0.32930060942535394,-0.21181251555002745
1.7985,-0.44752870707272974,-0.23355691920825516
1.798625,-0.43907506793026607,-0.1562635291223642
1.79875,-0.38524056353265873,-0.10921879453320023
1.798875,-0.2295422453900922,-0.19069672916136302
1.799,-0.1385875892842029,-0.038433267933812104
1.799125,-0.0847776056623974,0.054451476776867395
1.79925,-0.10479585188845049,0.20175535621329396
1.799375,-0.22046011030893722,0.22889754663466305
1.7995,-0.4483287307812632,-0.005413776268933984
1.799625,-0.637375183830044,-0.2964432456690488
1.79975,-0.5300769987487828,-0.4187197379315545
1.799875,-0.15248499584049516,-0.39068867116354206
1.8,0.1637498883511038,-0.3104748580452541
1.800125,0.4181467299317775,-0.17681087242874666
1.80025,0.3931778172368024,-0.12019560147320278
1.800375,0.24420121404957917,-0.06652797874748746
1.8005,0.20653220120049035,-0.11393421713966528
1.800625,0.2506744856136776,-0.23060296681435055
1.80075,0.26713047096886694,-0.4559511092523201
1.800875,0.23783987577418836,-0.5628285420135968
1.801,0.2572070036556743,-0.48277037818766144
1.801125,0.3401385635122835,-0.1707312387376758
1.80125,0.5892311995081743,0.14577797870645867
1.801375,0.7744320852382631,0.34602425141346443
1.8015,0.49949381659364983,0.3271861637332699
1.801625,-0.028839517544687377,0.23587363195294275
1.80175,-0.3976284127139825,0.19228387621201865
1.801875,-0.3316797449004177,0.25313131624690444
1.802,0.00437098307150245,0.257473318735808
1.802125,0.21833056715834107,0.22337393297861952
1.80225,0.18049802163927287,0.2273163254953122
1.802375,0.05701025531032286,0.3257806017913274
1.8025,0.08386446789151031,0.5751966093736399
1.802625,0.2179511467637927,0.6771760488000671
1.80275,0.21542527010341403,0.39056276214678487
1.802875,-0.07845963636954524,-0.03360628734897798
1.803,-0.37938026898106203,-0.3567813766172849
1.803125,-0.4167122967559764,-0.34273939743880105
1.80325,-0.2076587324405134,0.016275659214432796
1.803375,0.13966745170456862,0.18339501385241833
1.8035,0.4871985289964352,0.09716528857229274
1.803625,0.5407360958038404,0.03604674643950021
1.80375,0.26354754545591075,0.043005795473364465
1.803875,-0.100199293540097,0.17933185718201364
1.804,-0.2687813945471909,0.1842982167948292
1.804125,-0.10690004476817216,-0.05398660324970342
1.80425,0.012725759425520289,-0.3191399809947089
1.804375,-0.041155713593218096,-0.3294449943244867
1.8045,-0.0078977059493426,-0.20402941360239543
1.804625,0.19200796365898357,0.10381686334305326
1.80475,0.35643615466124406,0.4298526935444465
1.804875,0.4663511031929145,0.5351387167585898
1.805,0.22344612064561062,0.2374266129328782
1.805125,-0.17468320327613734,-0.1273476308008128
1.80525,-0.44144556964337184,-0.24235599499746702
1.805375,-0.3893653689723142,-0.11175192490768704
1.8055,-0.10658482329104287,0.042762905746766035
1.805625,0.048306941213271386,0.004944782069923024
1.80575,-0.08901234625051072,-0.0023074117990503806
1.805875,-0.21675385033547406,0.0767413905379806
1.806,-0.24435406536750037,0.38044004429560274
1.806125,-0.2419254124356596,0.4042792305528759
1.80625,-0.18282645043627677,0.1955015972102968
1.806375,-0.24249177786567636,-0.15416712955374728
1.8065,-0.2592944527858321,-0.406920604559869
1.806625,-0.33485540324719254,-0.36071694893609013
1.80675,-0.34923443492582745,-0.09381957779451744
1.806875,-0.1255050976952781,0.04750519796464018
1.807,0.03188790524758678,-0.03730355795300489
1.807125,0.12658677943896676,-0.2207202309136509
1.80725,-0.06587607642856923,-0.26780332693248765
1.807375,-0.33179540205738717,-0.1940031128730442
1.8075,-0.45231738684942474,-0.1495325025186868
1.807625,-0.3799680197957542,-0.21840680344411068
1.80775,-0.22044866113758008,-0.24544331921117102
1.807875,-0.019316527275037385,-0.37239538429761293
1.808,-0.058722853528711934,-0.2960146051138745
1.808125,-0.06298589477083558,-0.16103516163502637
1.80825,-0.00023335417736384184,0.0472351055781429
1.808375,0.23036674851614472,0.1081456788321385
1.8085,0.31405153629494154,-0.05253738492596772
1.808625,0.23908231323173137,-0.2918810294187484
1.80875,0.09669635602942687,-0.4318479779367893
1.808875,0.15852898383247896,-0.3552417683262368
1.809,0.15809848685758687,-0.14087211930770194
1.809125,0.09740505626965912,-0.05279575673110846
1.80925,-0.032407685731326824,-0.02249719082988201
1.809375,-0.16468649523979698,-0.07361358403475363
1.8095,-0.10068446951554948,0.058199404440209004
1.809625,0.14947290968670635,0.16843202503369864
1.80975,0.259755983816805,0.3295140104569463
1.809875,0.12589395146083662,0.2024594964935234
1.81,0.1165088618344169,0.06810748816663097
1.810125,0.22615531276537365,0.06148536229181242
1.81025,0.4197400225416182,0.201721275695422
1.810375,0.31240853189560014,0.14105434478941603
1.8105,0.10484644338003002,-0.04123925903930923
1.810625,-0.07199019269618068,-0.09687109924003492
1.81075,-0.029163178434754716,-0.05976734867129758
1.810875,0.020882363549655118,0.15587379753555572
1.811,0.05670095339768538,0.22380884318374125
1.811125,0.1909290311096898,0.12478928768105113
1.81125,0.3285464449194104,0.08992911100198665
1.811375,0.42677224498927613,0.17379534818706968
1.8115,0.3505548925306188,0.35910684593234843
1.811625,0.1380099240287189,0.264336552302808
1.81175,0.025094322386464977,0.05786059660971881
1.811875,-0.013442553509124024,-0.04723615194661075
1.812,-0.09626429677801583,0.003280516871288942
1.812125,-0.10850612460017028,0.027062418803337283
1.81225,-0.10942137744555608,0.07400829121276065
1.812375,0.1545284819269129,0.20860293556511325
1.8125,0.2369859852995417,0.31863015707636344
1.812625,0.15236285090271776,0.3380316480271148
1.81275,-0.005614035071799136,0.2763880766624679
1.812875,-0.2412574143587374,0.18076338040479636
1.813,-0.3061724857142714,0.03968280248599403
1.813125,-0.2628369054469134,-0.022535958552567504
1.81325,-0.181385508375939,-0.015453306033107912
1.813375,0.02239690539600294,-0.10703891207979757
1.8135,0.0686355064316885,-0.08044038840495557
1.813625,0.03057217993889869,0.0947525958959856
1.81375,0.04055775282688111,0.2307926348901356
1.813875,0.014714725993437034,0.17924152091290668
1.814,-0.12372696138866164,-0.010617094595668999
1.814125,-0.2719324929751805,-0.24806721566352322
1.81425,-0.2948655998282021,-0.3036569414557169
1.814375,-0.11717497319342357,-0.26052542026629
1.8145,0.18044279103576571,-0.14314958773759343
1.814625,0.21562746879104594,0.0011477500951215269
1.81475,0.03119230773783766,0.04855132026937922
1.814875,-0.24279629747281914,0.05520582286953674
1.815,-0.45179253511785067,0.007869128718699603
1.815125,-0.40200265193240775,-0.014233800611723352
1.81525,-0.35899575090119107,-0.1467504259242828
1.815375,-0.35360604317042166,-0.26738979327066903
1.8155,-0.3594683988940316,-0.27689462967015244
1.815625,-0.2863098839732231,-0.02562294198262057
1.81575,-0.020695607736746037,0.19316393036670795
1.815875,0.009468534931453118,0.15424123267551992
1.816,0.04155627900310512,-0.004211326531929036
1.816125,-0.18641473214860024,-0.22011972438585437
1.81625,-0.3145738517433413,-0.37873334960977434
1.816375,-0.3727793129353095,-0.31821507233504515
1.8165,-0.22612610919770693,-0.3235783688519275
1.816625,-0.0989057825387581,-0.3236364381877759
1.81675,-0.004355393218235674,-0.3262485412333756
1.816875,0.11124507967334706,-0.2467009455134417
1.817,0.11737064855228779,-0.0689289132091599
1.817125,0.2204848422406189,0.04993813293135192
1.81725,0.29437690657251603,-0.016920667586290513
1.817375,0.4255345953633601,-0.19098781777817642
1.8175,0.29118779683426205,-0.2513929738348095
1.817625,-0.06538063072647925,-0.3656363682076731
1.81775,-0.09029504172826087,-0.23504256596301476
1.817875,0.2827681049064488,-0.10052311173306214
1.818,0.6110127186030312,-0.01341865648134861
1.818125,0.6419972754661137,0.07864275017886856
1.81825,0.38457864652700563,0.11488367789599185
1.818375,-0.030812287548215012,0.19224895425923488
1.8185,-0.07247903468563931,0.27058632372955416
1.818625,0.08152449483155566,0.3974063441409769
1.81875,0.2771019755312141,0.23921935723767143
1.818875,0.13410181735888568,-0.042819428773270225
1.819,-0.08442551829596753,-0.0868367604472876
1.819125,-0.034558552643148284,0.25192332946655815
1.81925,0.18147072077348766,0.6079204768437492
1.819375,0.22620568082648265,0.5808044778593627
1.8195,0.15955120671232778,0.32812118431356496
1.819625,-0.057404860977763754,-0.029698137142283212
1.81975,-0.07267322701759087,-0.05920796031603122
1.819875,0.04693894561800346,0.10247123368607901
1.82,0.15331765491111998,0.23670141658246982
1.820125,0.12213505719271141,0.09953283401158348
1.82025,-0.0012634252480542114,-0.06863092249480968
1.820375,-0.030643331855473827,-0.01799705153912481
1.8205,0.0816050215395567,0.1637242929039154
1.820625,0.1359020506483365,0.2608018032465718
1.82075,0.13058975488257465,0.17222409966796232
1.820875,-0.029897948020293642,-0.08977383624829988
1.821,-0.29865412540703085,-0.1101730273107832
1.821125,-0.2710032637103073,0.018251705275251162
1.82125,-0.03389892687019239,0.13009855845444304
1.821375,0.3060219255677065,0.10192775529988246
1.8215,0.3320363016203392,0.0023107454698186544
1.821625,0.14144027560952002,0.025237050539299085
1.82175,-0.22661044253780718,0.05500579955168288
1.821875,-0.4733849864136542,0.14417302474922278
1.822,-0.26957478444602456,0.18066428562220344
1.822125,0.06793661549482485,-0.026134458275860223
1.82225,0.2098102931071871,-0.25138095859169074
1.822375,-0.08490218241447571,-0.29319518629867475
1.8225,-0.3469072424934696,-0.03605287241965199
1.822625,-0.3193863916607819,0.24469692328819836
1.82275,-0.05996170426369822,0.35868287416327754
1.822875,0.023053128482925327,0.12413179655506981
1.823,-0.11318561095800904,-0.2627450819778807
1.823125,-0.23860833665416384,-0.39847613461041936
1.82325,-0.10735490605446824,-0.3071290554050942
1.823375,0.12212399877605275,0.06034825560792088
1.8235,0.10756303300868346,0.15892790949630703
1.823625,-0.19528868336608918,-0.08848091469855295
1.82375,-0.487476923136125,-0.3033096298155948
1.823875,-0.5523756916518765,-0.3042644164145042
1.824,-0.5514951190442746,-0.10915534005537002
1.824125,-0.36456613399502,0.027774444489215323
1.82425,-0.16078106898610697,-0.13710121252466162
1.824375,-0.11657912798447802,-0.23792159576176514
1.8245,-0.2998647571031285,-0.09641883981851866
1.824625,-0.21098457874644966,0.1624676331367216
1.82475,-0.09622827105310601,0.08423200148180313
1.824875,-0.06719499785670566,-0.1942486618591559
1.825,-0.052707304567699204,-0.385320140034051
1.825125,-0.16586609542708505,-0.5575804345132734
1.82525,-0.0895107455223253,-0.47397141714244323
1.825375,0.22784796395144183,-0.3527895262880705
1.8255,0.5791610903295231,-0.2222707971433169
1.825625,0.623297284422834,-0.08830045013545094
1.82575,0.6498741778322499,-0.20061187864872393
1.825875,0.5786310227827506,-0.19136628711472473
1.826,0.4111654215338597,-0.08556018692134733
1.826125,0.1748551273337308,-0.03946617079386464
1.82625,0.03344939578298976,0.024490479598768457
1.826375,-0.14396734659754648,-0.11919310758080925
1.8265,-0.10975384739512921,-0.064870478292069
1.826625,0.14219039030212233,0.19433936038370211
1.82675,0.25691082629304024,0.47512860341883423
1.826875,0.3579434867788289,0.5917882385419634
1.827,0.34649825052879246,0.5453947808963298
1.827125,0.2572978606217426,0.4933973423405728
1.82725,0.04264996310964416,0.3728376842989809
1.827375,-0.20158121022534142,0.142876882409778
1.8275,-0.24850843485883228,-0.004687693263436033
1.827625,0.020884994819434503,-0.10020184038404778
1.82775,0.17445803626794992,-0.1323443325193229
1.827875,0.2180747293078688,0.05101491799129272
1.828,0.1856574721745436,0.2701015779904894
1.828125,0.06659772273266903,0.33668678129156476
1.82825,0.08795248434900285,0.32807215381050775
1.828375,0.08239547168612579,0.2946783261523116
1.8285,-0.15490849906039852,0.0509604180103339
1.828625,-0.3189481953102879,-0.20557642975388704
1.82875,-0.14981241304416046,-0.2434879127693877
1.828875,0.1538952341387983,-0.009353672510330271
1.829,0.47775761722885296,0.20013591083434953
1.829125,0.5347078368110688,0.22962888261930395
1.82925,0.17581681791738812,0.1573592329439099
1.829375,-0.21393001397081698,0.0512215617433805
1.8295,-0.25634630806088116,0.10635519954990608
1.829625,-0.249404652277268,0.0871665298208405
1.82975,-0.277175557943316,-0.09733378135673863
1.829875,-0.4018754588695233,-0.25131044400268937
1.83,-0.3430489995459199,-0.1835538899457105
1.830125,-0.057027652766841394,0.10215666829631558
1.83025,0.33604787833612987,0.43107534236844536
1.830375,0.26353520219344195,0.47106036610889873
1.8305,-0.05530408850078438,0.15688575645790737
1.830625,-0.35277995828638403,-0.14869990911368883
1.83075,-0.484637016325425,-0.2875585793264539
1.830875,-0.4166414773593656,-0.22942359450527744
1.831,-0.007354925835134219,-0.32814316043068725
1.831125,0.23528465366162157,-0.4024519365337697
1.83125,0.10962576264633132,-0.29520426453096094
1.831375,0.03645336160292346,0.05649903131320963
1.8315,0.05732832203181325,0.22721224024340142
1.831625,0.014867590748548112,0.24550105037137362
1.83175,-0.24305868350399462,0.03476674941530753
1.831875,-0.48315940859713474,-0.31726504633245917
1.832,-0.5059842195505271,-0.505968225744422
1.832125,-0.33194301446037444,-0.3737607112345241
1.83225,-0.19083954368996198,-0.0022511929256864966
1.832375,-0.16944879396673382,0.15477842803900865
1.8325,-0.14045376144620028,0.13942241735823788
1.832625,-0.018017868809585395,0.0935868652636954
1.83275,0.01314378696837421,0.012724448504008726
1.832875,-0.10298449392889653,0.0229399161148816
1.833,-0.23424072761802275,-0.13064111026477243
1.833125,-0.31446386772041324,-0.40636971041376313
1.83325,-0.30662846305910124,-0.4378091293135556
1.833375,-0.1558230065334458,-0.3093178575421359
1.8335,-0.007761590266138958,-0.14840552397950485
1.833625,0.22211022693534044,-0.15684492587102108
1.83375,0.535858736590903,-0.15857385655999362
1.833875,0.5683461338795258,-0.007414890730378483
1.834,0.32946532947749274,0.0542348449143743
1.834125,-0.04738022215831163,-0.0403032379533692
1.83425,-0.17548893254284967,-0.19597269205844656
1.834375,-0.11120085599962176,-0.3284106619110213
1.8345,0.2801467296503479,-0.2638316832403876
1.834625,0.5431038134103838,-0.13799209678667748
1.83475,0.41658184702455364,0.0022824447158614407
1.834875,0.22631429699732356,0.2382143280715379
1.835,0.21667335271894198,0.4371095554647889
1.835125,0.19654022170647995,0.5091573747238528
1.83525,0.13539320562518317,0.29808879344946587
1.835375,0.03179891274493159,-0.022434053013925037
1.8355,-0.13714593992206628,-0.2394576769023169
1.835625,-0.14980491539582577,-0.09197578829711718
1.83575,-0.10918228695338748,0.25389271971461114
1.835875,0.09587884929529286,0.48492021089010784
1.836,0.16148364625524705,0.38671375438753974
1.836125,-0.044576786284241984,0.23362555461582354
1.83625,-0.31188584578751444,0.1768127338732223
1.836375,-0.2816185861753233,0.23738847758238535
1.8365,-0.050652852533452634,0.11802189393561184
1.836625,0.3596231640043824,0.007875619027350712
1.83675,0.6086524178833296,-0.12602636374561538
1.836875,0.5367034760350442,-0.1603701999817822
1.837,0.3565980694148433,-0.08913278674722404
1.837125,0.24924059886099284,0.09262716697014946
1.83725,0.22492238654987426,0.13914774033937727
1.837375,0.0843158599033602,-0.01854436606531772
1.8375,-0.31210156523539145,-0.28705224241271765
1.837625,-0.4398885931365467,-0.28200924508158987
1.83775,-0.17757042936043343,-0.024794800108315845
1.837875,0.15775447213592544,0.2908268943487163
1.838,0.2897594092256979,0.5379099761855215
1.838125,0.15973973687943172,0.5019946257604772
1.83825,-0.07231577433840701,0.303274428581724
1.838375,-0.20195334431818146,0.2760528825410237
1.8385,-0.10383514128184618,0.2296433419462708
1.838625,-0.037827121922190676,0.039113188290454265
1.83875,0.0017750416597972548,-0.2883508136027761
1.838875,0.015654147930409246,-0.38556577809541503
1.839,0.04516357900603966,-0.16403990368863225
1.839125,-0.14565281853740833,0.20635211796461747
1.83925,-0.0858135960398187,0.22432579234669534
1.839375,-0.0015815913239070087,0.11698783500044649
1.8395,-0.16339701455095995,-0.07771029200256387
1.839625,-0.30820861629332785,-0.17435521791397943
1.83975,-0.46934906922275393,-0.1446705730335935
1.839875,-0.35746056378415464,-0.07974130233926129
1.84,-0.11938393277851206,0.005573413826239161
1.840125,-0.03928912598371251,0.03744303956307625
1.84025,-0.241554782085772,0.015052078749446455
1.840375,-0.3381847330064415,-0.07131734249295853
1.8405,-0.43172259826327763,-0.08656951354824126
1.840625,-0.409720924889383,-0.09439299012154131
1.84075,-0.2762159338644459,-0.12063008408181197
1.840875,-0.2616341365349042,-0.29974362918803943
1.841,-0.3690161905502482,-0.4762570368336054
1.841125,-0.3742767653674915,-0.33409708346216554
1.84125,-0.2160256030034567,-0.09481113308255108
1.841375,-0.09819061163108342,-0.0922174496419462
1.8415,0.13428042130922654,-0.22407949309280523
1.841625,0.2767869376179722,-0.32862527305788575
1.84175,0.20685782806077183,-0.35897496031604686
1.841875,0.0668267549290839,-0.3835297987011264
1.842,0.014162162470107898,-0.22470428831657352
1.842125,0.14162118101203988,-0.2068720492357537
1.84225,0.30898802101585954,-0.28022623719773476
1.842375,0.4332883859250005,-0.24505299756888974
1.8425,0.4162845050399151,-0.20283668587497347
1.842625,0.4962859147332056,-0.08445549977935514
1.84275,0.4529081101892525,0.11470409260354393
1.842875,0.31058456910024873,0.22187424913433668
1.843,0.03985542687880482,0.1786498326150231
1.843125,-0.20923572546391175,0.061101365898868165
1.84325,-0.13648919978950444,-0.017127661273963396
1.843375,0.25262637267533,0.12905193275890917
1.8435,0.5104090964326827,0.24127259568144316
1.843625,0.40025080566958215,0.3449490545151659
1.84375,0.2675275415709923,0.3833163159581752
1.843875,0.026427084604126183,0.44198391255217273
1.844,-0.15848165493335079,0.39971771202413453
1.844125,-0.26348462925834154,0.30030378755851556
1.84425,-0.11574422392696601,0.05437235084220383
1.844375,0.11449188803354707,-0.19782523388059753
1.8445,0.2072534380309786,-0.14111637463416055
1.844625,0.2795306925739003,0.19920978771064127
1.84475,0.30720457015108366,0.41316095965317745
1.844875,0.24515255182843132,0.3736772928957134
1.845,0.06770335087577314,0.1305295647857053
1.845125,0.030627593816911332,0.016196775793272066
1.84525,0.0398072566950267,-0.18461460987559844
1.845375,-0.03694561550743852,-0.23895139543216737
1.8455,-0.06669248130935673,-0.0741915424468368
1.845625,0.07498410898752836,0.07960240891996388
1.84575,0.26258445746062586,0.2426157525765372
1.845875,0.26503396282862546,0.27259231839424247
1.846,0.06361764729061613,0.2577868223857979
1.846125,-0.3551068357647719,0.18786603183566244
1.84625,-0.46398025361367184,0.0747880684997756
1.846375,-0.3138306411194922,0.019678591093180244
1.8465,-0.16137265215934518,0.018024352155136297
1.846625,-0.1072357064620961,-0.04611280710003362
1.84675,-0.16062611683193737,-0.11554596396730081
1.846875,-0.13783993235656994,0.05971596008258317
1.847,-0.02513224791217323,0.2597701213700178
1.847125,0.1758314517879632,0.25212264073456897
1.84725,0.09711364058880709,0.016208866795702968
1.847375,-0.06837439585946362,-0.2582075049214629
1.8475,-0.18624194952752407,-0.43167615226923484
1.847625,-0.08872231576075289,-0.3020008070212839
1.84775,0.06927405929555629,-0.15003960995584578
1.847875,0.11250143075491549,-0.14363663125090462
1.848,0.006095657049258516,-0.18171478316443493
1.848125,0.027428632347843675,-0.08101753404292783
1.84825,-0.05159299607332235,0.008132084878849883
1.848375,-0.3086198319144116,0.13978817447076058
1.8485,-0.5827884405193373,0.14345196530469104
1.848625,-0.5716649561975007,-0.05738790424704684
1.84875,-0.4469771191628097,-0.13926111967491994
1.848875,-0.18938825386363062,-0.09732048354075291
1.849,-0.04959929836558207,0.048005042618418696
1.849125,-0.08684652367880703,0.11506878795491131
1.84925,-0.24269511589688536,0.022953834283359353
1.849375,-0.34220049100824335,0.05826106976167263
1.8495,-0.2518434294228343,-0.02182690581105686
1.849625,0.02431926666145351,-0.29407271695928094
1.84975,0.22885267055723998,-0.5158793175192988
1.849875,0.10653356084016904,-0.5558094380039234
1.85,-0.19174527816927028,-0.4162000454148659
1.850125,-0.27618284476842564,-0.12803987963880653
1.85025,-0.18719837839298492,-0.09373476102210791
1.850375,0.13921835865825571,-0.08085618329643321
1.8505,0.38560852849921434,-0.19241692201314303
1.850625,0.38559353499286175,-0.27588887334962486
1.85075,0.18586333910583813,-0.22022505861054525
1.850875,0.15622683029836265,0.09112080633251829
1.851,0.21717725916083633,0.21485553376867242
1.851125,0.3476729123919585,0.09491131583301714
1.85125,0.331794373795279,-0.2356632996890218
1.851375,0.20832479025582665,-0.26275197539623646
1.8515,0.22778554870033213,-0.16041536798023226
1.851625,0.37865263622304646,0.17758656951190133
1.85175,0.45641012615246634,0.3525631842060022
1.851875,0.2910109966139935,0.3365337883503244
1.852,-0.14528195578242212,0.18505792652907654
1.852125,-0.37655163407837416,0.18158746386671915
1.85225,-0.17063634556686674,0.1804075162223575
1.852375,0.20668579300789866,0.3090533624787274
1.8525,0.44044817175524564,0.30440229337086805
1.852625,0.34443925212030396,0.176074245625826
1.85275,0.016633515042443734,0.16630331867040382
1.852875,-0.12409143104145337,0.3376204645200267
1.853,-0.026391901378213678,0.4721934749474927
1.853125,0.1274737654603761,0.2535465294835552
1.85325,0.14433652606631275,-0.08484597587805645
1.853375,0.04212100266769519,-0.36458726945809966
1.8535,-0.004597566975646094,-0.15648424807741604
1.853625,0.001045822105991504,0.22723102001900994
1.85375,0.10934075860216336,0.3715753979837372
1.853875,-0.06258001250273378,0.26885689305854116
1.854,-0.26155323480931947,0.0667957761799476
1.854125,-0.3678969021504341,-0.14970859502454337
1.85425,-0.1788049988516914,-0.022426990399194734
1.854375,0.17838888347531962,0.1445006620319864
1.8545,0.3226013648107538,0.14790602790016993
1.854625,0.2665409504691221,0.021383593131297583
1.85475,0.10161051087057849,0.030772480103540768
1.854875,-0.00787470708664974,0.024004045621464618
1.855,-0.03911397800746811,-0.010227443992739857
1.855125,0.05205131654030753,-0.025816816114025067
1.85525,-0.024630318458597946,-0.2522155452465196
1.855375,-0.15811492383825984,-0.3225815191742508
1.8555,-0.31810981546363076,-0.15809608838999772
1.855625,-0.2515764667903493,0.13064447394698983
1.85575,-0.16181699070927547,0.27963460785118444
1.855875,0.04684783261675089,0.2200112140213738
1.856,0.1206318952726587,0.059073041230227975
1.856125,-0.07702482099751391,-0.08914521783042295
1.85625,-0.23552733580858962,-0.008877144107707065
1.856375,-0.40769518133775423,0.01876250931021533
1.8565,-0.34240727044801306,0.03496423182307396
1.856625,-0.22889374628073053,-0.15221237866211873
1.85675,-0.2163598493657886,-0.2881951311690489
1.856875,-0.28178612223305094,-0.24212898797873744
1.857,-0.3062685247076837,-0.1175271559152931
1.857125,-0.27039653344742126,0.010674339704878202
1.85725,0.02472859652329912,0.08662110541407143
1.857375,0.26364353343433544,-0.04631513234778329
1.8575,0.09791298290265794,-0.2397717687736391
1.857625,-0.25222079513928963,-0.31478438444234697
1.85775,-0.5364384343839177,-0.3910203820570328
1.857875,-0.45227383820942546,-0.30784128002601013
1.858,-0.06906087525247429,-0.1941623598437361
1.858125,0.2776737477320213,-0.25526353560227283
1.85825,0.27211839847011204,-0.28845029970298014
1.858375,0.00812879135753197,-0.24013720523603657
1.8585,-0.20745425617903196,0.019307315230222197
1.858625,-0.15606088247135955,0.23502881082214963
1.85875,0.09883117336018309,0.08217632678322917
1.858875,0.2818480144682484,-0.2261195988193484
1.859,0.32638882971093036,-0.4118382102254472
1.859125,0.2590871129692907,-0.4014238935576536
1.85925,0.2550758481334209,-0.025086880351393677
1.859375,0.2866191883505613,0.2703896522920567
1.8595,0.26025373628589066,0.2759646020502414
1.859625,0.18046634186915256,-0.0018176255312505117
1.85975,-3.364025121513029e-05,-0.23884416286481305
1.859875,-0.13555575991075636,-0.13295714707684378
1.86,0.010303462171823494,0.10159212139291988
1.860125,0.22317505420806397,0.256149104077066
1.86025,0.3343362381231052,0.2550408099356075
1.860375,0.17983312978651886,0.24844101757615047
1.8605,-0.03127972492344502,0.24515292534076272
1.860625,0.11942562478916034,0.24243725963068083
1.86075,0.2629435076101411,0.23603885679464964
1.860875,0.23467978384613214,0.11135443992267428
1.861,0.05894230222032882,-0.026788081333544957
1.861125,-0.12805006733819296,-0.05984788836092293
1.86125,-0.050815298429025206,0.013242766494925624
1.861375,0.06832533609205349,0.2277541110202557
1.8615,0.19635768480673635,0.29109712077963945
1.861625,0.17289386591266598,0.15835192265314424
1.86175,0.12596534375042756,-0.005748762109705519
1.861875,0.032898021220787256,0.09286453519613157
1.862,-0.04984026054963155,0.2655937401708749
1.862125,-0.06405713219836481,0.24782703138365697
1.86225,0.01836802169714658,0.07843877489771539
1.862375,-0.014218964145322158,-0.11567731360413668
1.8625,-0.05813676209573968,-0.05959984753074185
1.862625,0.04456287071842189,0.07303225506919869
1.86275,0.12620862440628824,0.18026394137886254
1.862875,0.09119361267502812,0.23096213627411613
1.863,-0.18645432429746875,0.10932144560137487
1.863125,-0.3511481170262794,0.033097434633617924
1.86325,-0.23991802781599952,-0.028168527946237736
1.863375,0.12703772013873582,-0.046862882322836745
1.8635,0.3543538325591184,-0.019775454032869445
1.863625,0.26112840008435967,-0.02026622172002517
1.86375,-0.06108737601687936,-0.06423041406354423
1.863875,-0.18119739586775852,-0.007784089184006067
1.864,-0.07211305178444911,0.08397670461660323
1.864125,0.031127687491242843,0.09900345918903979
1.86425,-0.2311836724408959,-0.07737684829142356
1.864375,-0.38410672941452256,-0.3427898390373094
1.8645,-0.3112228121851038,-0.2360880338238165
1.864625,-0.05086018698599139,0.09224939483348495
1.86475,0.1019341669165021,0.2944606781543676
1.864875,0.09115029152143464,0.2405465025571889
1.865,-0.11224797459890275,-0.06515682286681719
1.865125,-0.3315687766181246,-0.1996980452698953
1.86525,-0.4813143144501731,-0.06668722170651804
1.865375,-0.5391037481287372,-0.03486331336753152
1.8655,-0.3213337984303625,-0.17359558670473504
1.865625,-0.23240538621038923,-0.32774153044676885
1.86575,-0.3014726550424249,-0.2635142674125408
1.865875,-0.38473345666216596,-0.09480354356048962
1.866,-0.3956319248380205,0.09812580976356146
1.866125,-0.29243473953474114,0.05547415874360574
1.86625,-0.02111440851943096,-0.0940904672659436
1.866375,0.06587492794697522,-0.2671754390923691
1.8665,0.01406509830557408,-0.4184717730425413
1.866625,-0.011386796094988124,-0.45932630600555
1.86675,0.14560527638326387,-0.2847971819412521
1.866875,0.4099407591243898,-0.18201098972285693
1.867,0.5629254120870154,-0.22436860614315518
1.867125,0.4139267435049387,-0.35036708706344144
1.86725,0.049556896437847754,-0.38469070552924545
1.867375,-0.21572581101218205,-0.26550785224741735
1.8675,-0.13144119254566985,-0.019645231520813013
1.867625,0.30631614832495957,0.014016532624241518
1.86775,0.5444960307799414,0.016797750863188684
1.867875,0.4708522192688758,0.04329407439090914
1.868,0.41667403196008296,0.08948806013363107
1.868125,0.29420541254206756,0.32669719497276567
1.86825,0.22220155281739096,0.47869185500600114
1.868375,0.1790322039417789,0.38838644989642246
1.8685,0.012977699377135193,0.05030233859113207
1.868625,-0.15074111303417206,-0.15747107997244783
1.86875,-0.20739543100291852,-0.0593063044067035
1.868875,-0.06537850626246233,0.2777797777339968
1.869,0.156118410934035,0.44517281993826785
1.869125,0.17537174146869072,0.40035604694130705
1.86925,0.13207477208934384,0.2845796073208721
1.869375,0.04161154698105277,0.21472880566332553
1.8695,-0.06867374062945605,0.2683886926226148
1.869625,-0.13870374515959022,0.19161401951282953
1.86975,-0.17854324294171475,0.02038750275116915
1.869875,-0.16435148216826942,-0.11659730413831002
1.87,-0.07864178667877532,-0.19726228093564116
1.870125,0.14480401020725045,-0.07867229667831475
1.87025,0.335751654615054,0.15751962646997417
1.870375,0.29245840304086757,0.12733999027385737
1.8705,0.26893951131558874,0.10239943461535503
1.870625,0.15342716061519301,0.04834198687336702
1.87075,0.19946407315630654,-0.03988110163910753
1.870875,0.08577696049167584,-0.15140664248935437
1.871,0.034407438630970504,-0.14806971977531092
1.871125,0.0929890326955687,-0.1978378240333257
1.87125,0.10245412711410205,-0.049092495593809196
1.871375,-0.08383707290254963,0.1358415364814014
1.8715,-0.21592493544994504,0.25540097349510277
1.871625,-0.22350465761992913,0.26743563120781527
1.87175,-0.1699642636299051,0.2600367043076747
1.871875,-0.15562829267141587,0.1483051853517671
1.872,-0.14008242802496942,0.12533714270790577
1.872125,-0.11686079092342642,0.04066313232648078
1.87225,0.10166759581934799,-0.008367088195500331
1.872375,0.35535464859444754,0.05546492042148269
1.8725,0.30705110979265454,0.07159297393661282
1.872625,0.05722060388071734,-0.04236218493346999
1.87275,-0.09364913199826207,-0.2122987294093033
1.872875,-0.22740127160994286,-0.1973582944883118
1.873,-0.21663295087882134,-0.09427499782232834
1.873125,-0.3542925731696088,-0.108550580798174
1.87325,-0.4059729045377066,-0.18467090306658288
1.873375,-0.3723310052752228,-0.10749298392764368
1.8735,-0.2066280714369388,0.07448062147855218
1.873625,-0.11445672980507067,0.255867493450751
1.87375,-0.21030723745157623,0.30880101561583695
1.873875,-0.31607471601020803,0.07205215371550715
1.874,-0.39372976722311676,-0.113041364547623
1.874125,-0.3994207489071461,-0.18541078766545838
1.87425,-0.5676457166105877,-0.2679624458876501
1.874375,-0.6262247919393169,-0.33847207674412716
1.8745,-0.36216422404623244,-0.40917876806194975
1.874625,0.08585288854726526,-0.3352477379661841
1.87475,0.14261569916782482,-0.1886790303007143
1.874875,-0.08660635812820128,-0.10643450329533433
1.875,-0.13997639449680085,-0.22737065498425135
1.875125,0.12031579904930231,-0.3208306056662428
1.87525,0.44402682323569553,-0.33099166731741286
1.875375,0.4289926096134068,-0.39491400139369176
1.8755,0.15238964989133014,-0.5314302881269821
1.875625,0.01531622402533825,-0.5567411802696737
1.87575,0.3692912196592784,-0.30865381737291225
1.875875,0.8498138543436764,0.01978975402462523
1.876,0.9286789934087162,0.08917817980190476
1.876125,0.4317743055892222,-0.08177826683617241
1.87625,-0.17799570921292296,-0.11178168098561019
1.876375,-0.2874193413196568,0.10843155782829107
1.8765,-0.1208051700214669,0.3573952416211393
1.876625,0.11255221672484995,0.364562747340849
1.87675,0.3317975930972138,0.14510166422034335
1.876875,0.4573183318491401,0.03104482723487727
1.877,0.3887770516627681,0.3267864107002701
1.877125,0.16585464731916166,0.7606509726351852
1.87725,-0.01206609091002843,0.7802073937403163
1.877375,-0.16791091190221122,0.36358502137536164
1.8775,-0.12660124901596972,-0.13306585253021508
1.877625,-0.03977018623416398,-0.2853335027888776
1.87775,0.1049514137968672,-0.11753762893512837
1.877875,0.18074752188923285,0.053017963145280685
1.878,0.16678958968722124,0.28662231893207174
1.878125,-0.021016832210241355,0.40294724516678393
1.87825,-0.10337312760256752,0.3408504736031801
1.878375,-0.006416984443865731,0.20141074230335318
1.8785,0.09527228704371107,0.013589081418098859
1.878625,0.00922125637212584,-0.13040213554726962
1.87875,-0.07574109949229886,-0.12129881158061212
1.878875,-0.10716176557890367,-0.05386519482045988
1.879,0.17150263508992222,0.09076506750698764
1.879125,0.2865518113145229,0.19152434960586795
1.87925,0.21814041767085302,0.1203855138336531
1.879375,0.0787756856016858,-0.05533653334738282
1.8795,-0.1862107797810606,-0.07148714626750513
1.879625,-0.2771015326278097,0.02445500943367435
1.87975,-0.2702728618103099,0.1408890365449387
1.879875,-0.15700412984780407,0.017791438422216758
1.88,0.08821439388965126,-0.10863978801956603
1.880125,0.09544203283571775,-0.023135959202360636
1.88025,-0.02524364684275679,0.18294424982575028
1.880375,0.030243376494493095,0.1756781106981934
1.8805,0.11966229625041049,0.1490868016964702
1.880625,0.04288549961567357,-0.012741049935651902
1.88075,-0.046960449834907915,-0.14578325986694285
1.880875,-0.3009649306439496,-0.3037080563577685
1.881,-0.35492765858411507,-0.2992695720679613
1.881125,-0.17217016102222368,-0.1093989449135188
1.88125,-0.027602128329336107,0.04447917380185994
1.881375,0.07188020942319184,0.05138219722727652
1.8815,-0.02582158651391261,-0.004818644075480735
1.881625,-0.24599002672426343,0.02192721161777703
1.88175,-0.3903489511510362,0.05160084777880553
1.881875,-0.46645476217712417,0.06914263441361633
1.882,-0.3727040673288769,-0.04730743367579352
1.882125,-0.2735335348140776,-0.24739242572751421
1.88225,-0.20192190012917877,-0.30203862988331204
1.882375,-0.31856237984977903,-0.12491555851600629
1.8825,-0.27773863292657397,-0.042013156757874946
1.882625,-0.10366479053215058,0.1190948432826096
1.88275,0.04324579519792062,0.02437349994838635
1.882875,0.013214613893662562,-0.23195377392194721
1.883,-0.1970258261998191,-0.37399921880010534
1.883125,-0.22821632824957652,-0.37329371194293715
1.88325,-0.156475054503589,-0.32973332488254137
1.883375,0.08721376827878431,-0.21486627316294502
1.8835,0.27536398535424234,-0.16451135367889183
1.883625,0.2659913915872227,-0.2763560468016117
1.88375,0.1430179790770779,-0.2016284247635752
1.883875,0.04041539366287631,-0.092137603179329
1.884,-0.09300054344337298,0.02307169181725613
1.884125,-0.03161985673552183,0.02170240473005181
1.88425,0.0242273206206392,-0.12942932813994457
1.884375,0.12151275689472792,-0.1811714237449537
1.8845,0.17535349955923038,-0.099682218623292
1.884625,0.2927852916733907,0.11630877418482292
1.88475,0.5201674261702797,0.21680552626323973
1.884875,0.6210352460497086,0.24228515885306914
1.885,0.5346698233438978,0.13533334709231823
1.885125,0.20513611074345414,0.049858444536406074
1.88525,-0.007312095732308795,-0.033414582536158866
1.885375,-0.047901420090742886,-0.03043553119126089
1.8855,0.052919035923029246,0.07282628345610652
1.885625,0.15355244988285482,0.15672624384878403
1.88575,0.04915695386023557,0.17744976305966556
1.885875,0.09939667009700316,0.20845433960580995
1.886,0.19573695879151767,0.4719864839774874
1.886125,0.27863314305028436,0.5745843424867088
1.88625,0.05660885994304305,0.43088383086920456
1.886375,-0.30117313564588405,0.21041414803252412
1.8865,-0.31070010417150723,-0.010555419522815425
1.886625,-0.0062139900101830315,0.0254813728490463
1.88675,0.33515015400620946,0.11817824768854523
1.886875,0.41400944647308613,0.10783981230980778
1.887,0.20089439860921607,0.05840309604824221
1.887125,0.1072732767320786,0.0714106565145273
1.88725,0.12165573828945736,0.1746307770279561
1.887375,-0.05425852551762473,0.2201497334660031
1.8875,-0.2550706839435224,0.001405360024292863
1.887625,-0.3022804953732163,-0.2049215264898254
1.88775,-0.16997893155809748,-0.26132285806640937
1.887875,-0.07909858847028875,0.05306940284483305
1.888,-0.07976983541784756,0.3056736620183968
1.888125,0.009472156649910404,0.32348924872789137
1.88825,0.20440466963664938,0.17753215990166318
1.888375,0.14351129329005663,0.1115995164665347
1.8885,-0.15338236581823034,0.06784933484195128
1.888625,-0.437460843857693,-0.046000336340800016
1.88875,-0.4520683807413279,-0.28065500149070965
1.888875,-0.1535113969839723,-0.2281745407243272
1.889,0.1532343964105817,-0.18247183511801815
1.889125,0.24038016355281064,-0.1420399017568385
1.88925,0.2561027010687295,-0.10719109906304615
1.889375,0.06790421530961059,0.010423722788191933
1.8895,-0.04089890287217862,0.12349570624770569
1.889625,-0.20139728302266538,0.14422515398887897
1.88975,-0.18412198793050363,-0.12007854722409812
1.889875,-0.10395110704173417,-0.36837230985113156
1.89,-0.12961301355261473,-0.3660130057956214
1.890125,-0.2413190355496959,-0.10378303293738585
1.89025,-0.389606836100412,0.15478039402880375
1.890375,-0.34143730402614914,0.25898251696931157
1.8905,-0.41877102164058344,0.18753910534072152
1.890625,-0.4160395120894921,0.02249687068153584
1.89075,-0.2906318219477842,-0.10340185726822576
1.890875,-0.19547160292214777,-0.19304858611866837
1.891,0.0015547342589890538,-0.17379553532405412
1.891125,-0.003704985744198989,-0.07074246453687248
1.89125,-0.10298962962488223,-0.08337847339081088
1.891375,-0.22582342323552362,-0.20807590515813845
1.8915,-0.13827496387835417,-0.332044130445218
1.891625,-0.016288589881755883,-0.30714775985046183
1.89175,0.18369086005672072,-0.32220256261773084
1.891875,0.16495912144152372,-0.3345841685276416
1.892,0.001511390228385489,-0.3207381761396916
1.892125,-0.1220381314249236,-0.13945362977724132
1.89225,0.04777484779966587,-0.017110917737223588
1.892375,0.37501351017494633,0.004995550394649062
1.8925,0.6824513036733139,-0.11971167541729189
1.892625,0.7184566778263988,-0.1802389784437339
1.89275,0.40908192789867176,-0.156243268989909
1.892875,0.061788651301865005,0.012454694782529994
1.893,-0.12858254594111435,0.1748261327147224
1.893125,-0.0447616261878189,0.225674176466982
1.89325,0.2286842237976419,0.005445448907368361
1.893375,0.34602653213465284,-0.04526428977748855
1.8935,0.27849928319191275,0.02322509590301501
1.893625,0.06571335264570675,0.3484599376422503
1.89375,-0.1558896861495504,0.6169222388208188
1.893875,-0.1166967212652095,0.6591306167075297
1.894,0.12837094025403428,0.3560954320309532
1.894125,0.3369027041584912,0.00974594927545542
1.89425,0.26886269941099034,-0.13097527106686205
1.894375,0.05666162350083076,0.0037300654410977055
1.8945,0.040072305404979455,0.17081517744356417
1.894625,0.16218335934358438,0.2900287391681507
1.89475,0.14273036887166254,0.22782099419822882
1.894875,-0.03673656101749624,0.04801616012909274
1.895,-0.2628100719011999,-0.11081833196731455
1.895125,-0.2536223367267448,-0.09380360830080531
1.89525,-0.055486417735960046,0.1436096029665058
1.895375,0.005900552131754281,0.30682032941774884
1.8955,-0.09804336581686907,0.24144515108617795
1.895625,-0.04193196520076605,0.060503057674377365
1.89575,0.152833753845521,0.0032745647172358057
1.895875,0.2863830563389858,0.12941059779985076
1.896,0.2559592703768807,0.12409349641756362
1.896125,0.1402482859832091,-0.10299052275439628
1.89625,-0.013458878441800284,-0.25722770173183535
1.896375,-0.06484678148979986,-0.2254014404249859
1.8965,0.012906529856947799,-0.026537337610228855
1.896625,-0.020011523143574808,0.009134842504289033
1.89675,0.03310337707773587,-0.06553617998627022
1.896875,-0.015085465968966084,-0.030898027085422993
1.897,-0.224249171674416,0.13105455132690932
1.897125,-0.3715200865609192,0.2856061776742511
1.89725,-0.23085255433193463,0.21016096001788487
1.897375,-0.17798939539002936,0.10782280741915587
1.8975,-0.17989702660434154,-0.012401071473771865
1.897625,-0.3084561550582546,-0.057919542820861425
1.89775,-0.26819520567914934,-0.023764747127246053
1.897875,-0.06975560738980893,0.031124279351650113
1.898,0.2342709064644392,0.011514204331032965
1.898125,0.3034911267359148,0.008752648548471631
1.89825,0.15328049124761942,-0.14589813100488924
1.898375,-0.1606919682370374,-0.2901896398819792
1.8985,-0.5269369883177258,-0.2715507519785828
1.898625,-0.6286550516561499,-0.13628883946544482
1.89875,-0.5372325902832371,-0.16586396579404247
1.898875,-0.26223804241882,-0.24096723307171464
1.899,-0.08725715830447411,-0.2912947740440746
1.899125,-0.02306975212752278,-0.04700640065830052
1.89925,0.06232352241799104,0.1712160073808835
1.899375,0.1540035170867438,0.2539336601899189
1.8995,-0.010679322851130501,0.10327371874734732
1.899625,-0.32117742805803745,-0.18678995769001114
1.89975,-0.43872375466652475,-0.5196694344903883
1.899875,-0.29376358392600016,-0.6179294026456057
1.9,-0.04852095534632231,-0.478921549408485
1.900125,0.12375787029706065,-0.22511435789820383
1.90025,0.15122080433816498,-0.07995338098129091
1.900375,0.12409560793947125,-0.04540197561024036
1.9005,0.2159645491722914,0.04312427504578679
1.900625,0.2539153851750588,0.14041041629273932
1.90075,0.15922627417131296,-0.0267911601881015
1.900875,-0.058112713551905476,-0.2674639080096453
1.901,0.06544819599524938,-0.4030442783344279
1.901125,0.21334215391122183,-0.3001675282469183
1.90125,0.3760384229879873,-0.04161592310839239
1.901375,0.5023447834816359,0.12075685582683217
1.9015,0.5658435364657605,0.16180909267404242
1.901625,0.5329235987688509,0.12702869682804815
1.90175,0.28223799446415104,0.2032514916364998
1.901875,0.05884789917099079,0.19794132526769093
1.902,-0.014779542224021298,0.09330107342026134
1.902125,-0.06328267526479159,0.0050861026564604
1.90225,-0.061458243448010305,0.025217242187305554
1.902375,0.03114112358454693,0.14904664236294707
1.9025,0.12401588446400012,0.2899300532377105
1.902625,0.084196753215833,0.5064439849282417
1.90275,0.029115303392720962,0.5038705490647598
1.902875,-0.20303842344023124,0.4023463878021034
1.903,-0.28413391313612113,0.273434894430768
1.903125,-0.11225956170008423,0.08382534013292171
1.90325,0.16833013911290454,-0.018835500565385185
1.903375,0.31538542321065827,-0.06336980193342685
1.9035,0.32901210049452534,-0.005883370441929691
1.903625,0.17255513233776001,0.053013828929851646
1.90375,-0.06786315636664378,0.11311312789352464
1.903875,-0.059007311204461385,0.06677874185565733
1.904,0.02347279414118542,0.013005190955561536
1.904125,0.17574350715537912,-0.15553811609009469
1.90425,0.16841122466148428,-0.22003998651272416
1.904375,0.06822719043222968,-0.11688529583822765
1.9045,-0.011450815841205742,0.10007948588631023
1.904625,-0.02675129577592872,0.30767787476020036
1.90475,0.05930451925916004,0.32041314081815786
1.904875,-0.02307106092775598,0.15204318229195965
1.905,-0.1708455901354179,0.003671306811665167
1.905125,-0.41096367763176356,-0.031501451281080284
1.90525,-0.2658173999379164,0.04840258004689126
1.905375,-0.06475891792807273,0.21794196445304834
1.9055,0.1044260302645835,0.10513261324186396
1.905625,0.06544493539784418,0.07356498286647487
1.90575,-0.05490788900752994,-0.0495802313396854
1.905875,-0.005742211829856934,-0.04698406666413252
1.906,0.00707666054133938,0.041395485366551375
1.906125,-0.05633886649917672,-0.015909699087431645
1.90625,-0.30343093591588055,-0.22461693605165842
1.906375,-0.48302332872333875,-0.36971625580136175
1.9065,-0.4957576595708699,-0.26834109770768244
1.906625,-0.3136060842552354,-0.03686701824500813
1.90675,-0.1529082793383842,0.0891264476822296
1.906875,-0.00594157445147216,0.011831416404840667
1.907,0.0133771130373927,-0.05246060161982443
1.907125,-0.1503156136549959,-0.0397144216122458
1.90725,-0.3681658828221542,0.08200075659882952
1.907375,-0.3860881015593332,-0.08612419821140885
1.9075,-0.28230776926206624,-0.2814169080395213
1.907625,-0.0848614502598928,-0.4326538642891469
1.90775,0.04161134328060166,-0.4487765972022371
1.907875,0.15681379799455555,-0.28129277497845534
1.908,0.1673027972410092,-0.16174785188718935
1.908125,0.05233238753146384,0.01885701265881233
1.90825,-0.10119203522946785,0.03751513126003389
1.908375,-0.19872927908150834,-0.11905053729662049
1.9085,-0.2843368511797851,-0.3082112936649712
1.908625,-0.07583007581715226,-0.3354201951927377
1.90875,0.18495863859364192,-0.24242360924136233
1.908875,0.3700258304622418,-0.0748760414220494
1.909,0.411160706726608,0.09195220446789817
1.909125,0.5351498488556106,0.1301109503913523
1.90925,0.473398912046389,0.1447431119740257
1.909375,0.3227749742630253,0.042255413565670266
1.9095,-0.1502942699153974,-0.06793290592617585
1.909625,-0.24820570835708666,-0.17642989395748898
1.90975,-0.11010312176118218,-0.25561414907571145
1.909875,0.13043370475036575,-0.10259473973936914
1.91,0.1864253345745878,0.15982102819512609
1.910125,0.07902571605194215,0.29603592736577405
1.91025,0.10419482771004455,0.3993714343972254
1.910375,0.20480035418225565,0.46963864511499254
1.9105,0.17300507344879898,0.4305224725029889
1.910625,0.17273514001831877,0.22143992193702314
1.91075,0.08028854859243899,-0.11332743234633745
1.910875,0.0959358703420431,-0.2587455596598479
1.911,0.014491045670722066,-0.09418807757183238
1.911125,-0.007899150574634098,0.14786386743475438
1.91125,0.07702381007945272,0.15908441252807753
1.911375,0.31000456557113104,0.08466385776357153
1.9115,0.3592172822183879,0.09535429222746533
1.911625,0.2195766822528093,0.14555308297857678
1.91175,-0.0011396509866089953,0.19298246000008937
1.911875,-0.14834319717819983,0.07256367452010336
1.912,0.06223206409825314,0.044963105481146105
1.912125,0.13202536866122414,0.07531944661217178
1.91225,0.2908194705153102,0.04853569703671776
1.912375,0.3246940096420421,0.011269735519309052
1.9125,0.27380358037898495,0.056981244699814644
1.912625,0.0731880780909421,0.20891396043993538
1.91275,-0.21886172203031487,0.327389919643377
1.912875,-0.32299833137989636,0.21874774338558006
1.913,-0.4330876440196458,-0.0014815270132623416
1.913125,-0.29000610372597513,-0.08235046713846779
1.91325,-0.07899014874490799,0.03673925568260578
1.913375,0.036624980437041994,0.1630193784294645
1.9135,-0.09078660234152855,0.23112458418344303
1.913625,-0.1734785787592774,0.3187058411392631
1.91375,-0.03127750767600983,0.1573275952329503
1.913875,0.14812066370747257,0.041684102271316095
1.914,0.06362343647414126,-0.14990753658034503
1.914125,-0.0932565463762502,-0.32440051307270545
1.91425,-0.20544428527564204,-0.3367546878072332
1.914375,-0.13975173541991567,-0.22762470503275858
1.9145,0.04487249599382163,-0.0664827945816361
1.914625,-0.050339442703866324,-0.006403570999025378
1.91475,-0.12106729855512267,-0.11945032736194752
1.914875,-0.23791538717462402,-0.14256428019595616
1.915,-0.2365178297915586,-0.03815291302107583
1.915125,-0.12278310952390621,0.09086863520841594
1.91525,-0.24075879869441452,0.06902815368185745
1.915375,-0.27204606591400515,-0.08999279866004192
1.9155,-0.40988574485429513,-0.180402997883478
1.915625,-0.45466125147028863,-0.09921454671628115
1.91575,-0.38176487114702423,-0.0035198253993502394
1.915875,-0.17577675760307646,-0.0008538629002234482
1.916,-0.026182107897602117,-0.06144352259246337
1.916125,0.10710418266514869,-0.21968444092458939
1.91625,-0.09031794352797112,-0.18985414480533128
1.916375,-0.4111858916114612,-0.17019274979637722
1.9165,-0.27442701119529705,-0.23982617104666462
1.916625,0.08794533166115781,-0.3006646131846209
1.91675,0.3700760141280699,-0.3685724413274826
1.916875,0.29967823133177107,-0.4097697583483039
1.917,0.15502898930642264,-0.3215256654159176
1.917125,0.1105906856498753,-0.18641775953336423
1.91725,0.24509834589321153,0.011731460734362176
1.917375,0.39651325353175365,0.07803640586001874
1.9175,0.2557442994915067,-0.12505817185102866
1.917625,0.10004110004801932,-0.31875657463715074
1.91775,-0.03705887369652109,-0.27650337232800243
1.917875,-0.04602641610686679,0.04914044838763297
1.918,0.11330678014083538,0.3623173305631874
1.918125,0.4148297254895819,0.3350241076767168
1.91825,0.4465078221384405,0.16273701371572777
1.918375,0.2550457235894898,0.07790162899141888
1.9185,-0.0088039130437165,0.2186295645049456
1.918625,-0.08854964769308739,0.2933370219795652
1.91875,-0.016281170126624424,0.2534035047435629
1.918875,0.195718225269159,0.13553258057931525
1.919,0.34401271987941406,-0.0721339498698588
1.919125,0.07784969984187036,-0.010253256509455815
1.91925,-0.15248341094218917,0.1612527448148618
1.919375,-0.1903203796956773,0.3852078336715591
1.9195,-0.07716521685795105,0.41675998532836156
1.919625,0.02515377670638737,0.2327499258635987
1.91975,0.017633575288019114,0.05832740568563313
1.919875,0.07880427260982124,-0.08732549296455352
1.92,0.2648137087078547,-0.03655659155211145
1.920125,0.3440361923013291,0.18894271674266194
1.92025,0.3746235518228553,0.31349868650045254
1.920375,0.2474161446529267,0.07372815600155076
1.9205,0.27229715845692276,-0.1410172183599757
1.920625,0.10547878493086515,-0.18756128365737643
1.92075,-0.054097692052182275,-0.06148933001796099
1.920875,-0.18718746421157356,-0.028529322220399205
1.921,-0.15216545220813107,0.048204223382528236
1.921125,0.17930988975492507,0.07245308078429119
1.92125,0.3557746518126845,0.26479798531969
1.921375,0.18230378819310467,0.2983082158250946
1.9215,-0.15347847934663184,0.3023563678114438
1.921625,-0.34914965490386907,0.27892174388541485
1.92175,-0.35778539144137883,0.2149810658106985
1.921875,-0.36341138268056217,0.170045730115413
1.922,-0.28310577982996854,-0.06917695972387103
1.922125,-0.25700188391805523,-0.1919825320215295
1.92225,-0.20059713132486565,-0.09689417290522738
1.922375,-0.06088771286207982,0.14002353088832437
1.9225,-0.03573126208591482,0.2723269756946362
1.922625,-0.12289894525741991,0.1253540176090064
1.92275,-0.34309074459548405,-0.14264917398846735
1.922875,-0.4147643775806107,-0.3399348695956336
1.923,-0.3911347887904802,-0.287173413292397
1.923125,-0.11381969816966823,-0.3032738686508564
1.92325,0.07866837918115469,-0.2535774066343147
1.923375,0.14635014180819605,-0.1290196521769667
1.9235,0.1477023799389105,-0.19849921971265774
1.923625,0.04944167527975929,-0.060622658187132195
1.92375,-0.2770747300749822,-0.0011727818871477425
1.923875,-0.2847752567212133,-0.09210754987984174
1.924,-0.3317920546275713,-0.2895745506099716
1.924125,-0.3662544089501543,-0.4168175904788428
1.92425,-0.4216206572876607,-0.3226707120036668
1.924375,-0.45650944016360223,-0.14717387910546703
1.9245,-0.39797263519353654,0.0993369334730794
1.924625,-0.19070513425238356,0.2002811653247351
1.92475,0.1534120244193352,0.11335513845598738
1.924875,0.36766761548940224,-0.015280397328877772
1.925,0.2829716464590376,-0.17107870614610712
1.925125,0.10274329722616544,-0.2710961954951575
1.92525,-0.08792008054232849,-0.31282893674667117
1.925375,-0.17674202313863452,-0.346692230015828
1.9255,-0.010552275122551887,-0.3562092834699864
1.925625,0.249942307566469,-0.3972149341989936
1.92575,0.4659863523945388,-0.3628411229634152
1.925875,0.6633401800050341,-0.12130041340818418
1.926,0.5851340565023144,0.16604655954535527
1.926125,0.38749688371216595,0.27997585583410517
1.92625,0.3648319066010916,0.2113695910042839
1.926375,0.05302674926439957,0.08772628600016431
1.9265,-0.12194247330187657,-0.05635249070776067
1.926625,-0.11930611104150113,-0.15826958154098525
1.92675,0.1906261696510089,-0.040241750622416445
1.926875,0.4243480522645311,0.21245132441920966
1.927,0.5909584728471516,0.43600625252172276
1.927125,0.2123789557201883,0.5879622756943121
1.92725,-0.18752552508942436,0.5208220683794672
1.927375,-0.42206826136264475,0.37729860866416537
1.9275,-0.34722911740977175,0.2913464628931142
1.927625,0.019063182411648266,0.11321536039847821
1.92775,0.23872443812919325,-0.054411306370182655
1.927875,0.15471161468802389,-0.07289917608884242
1.928,0.15046836907302524,0.15722367739840654
1.928125,0.17254819559771747,0.4707110659304613
1.92825,0.28549174508893965,0.5197525380314889
1.928375,0.2669215414896912,0.20207444320411191
1.9285,0.02427441417308125,-0.17184446518857452
1.928625,-0.22879955691675025,-0.3802661197658375
1.92875,-0.14550900068612832,-0.28966540230431986
1.928875,-0.019255956783487366,-0.011084397989188656
1.929,0.02445990076504607,0.19800604132266142
1.929125,0.013627502724174137,0.13729305573676528
1.92925,0.12389577672049469,0.11458530648135387
1.929375,0.1350649159253917,0.11011583661117655
1.9295,-0.006173159515140214,0.2435292504931583
1.929625,-0.17933309818978227,0.2107867516746109
1.92975,-0.2813201491549371,0.00210693125486079
1.929875,-0.24411870583148032,-0.16567156865890423
1.93,-0.17031330782250115,-0.09564633126133391
1.930125,-0.18400344736320065,0.034586505570182884
1.93025,-0.15869003724730382,0.05005780181521974
1.930375,0.07823552853061816,0.032556705747140424
1.9305,0.15314892412061437,0.12721284696398033
1.930625,0.022073088868888,0.1103071416415648
1.93075,-0.11707963929536268,-0.009754720963708984
1.930875,-0.27796154466588696,-0.18699103160129518
1.931,-0.31246260427129835,-0.25582368921403575
1.931125,-0.19186901952424892,-0.16798711766953955
1.93125,-0.04079006795877541,-0.14194376690158103
1.931375,0.03262746252824886,-0.16061378203322144
1.9315,0.023293307457793486,-0.12119043831892137
1.931625,-0.02118420012853788,0.052165170742897164
1.93175,-0.07001496273450646,0.19433649560113386
1.931875,-0.07884729307130046,0.033610881911259105
1.932,-0.3301490988312792,-0.1505904169775364
1.932125,-0.4479572016718132,-0.22900668741576902
1.93225,-0.4262709387736301,-0.24931185557827285
1.932375,-0.28646632651528137,-0.15224310468386906
1.9325,-0.2261581687879919,-0.0401729268273218
1.932625,-0.3020110634032196,0.04012209925433879
1.93275,-0.3485218846615235,0.013784941978275338
1.932875,-0.2323166903396405,0.008148903494832946
1.933,-0.010229880129816094,-0.03158706674138721
1.933125,0.09284943412023065,-0.0555883872827219
1.93325,0.11684321206202945,-0.30462703399043217
1.933375,0.1573042857498265,-0.44515259803948304
1.9335,0.31619465327732843,-0.33714605572608247
1.933625,0.27781799038328314,-0.22952986781848855
1.93375,0.3854161672735753,-0.20316665129375414
1.933875,0.29864586031775,-0.25608823659400726
1.934,0.10885893592019473,-0.26879772421111753
1.934125,0.0471047795298387,-0.19704394810954173
1.93425,0.1972001668869196,-0.014323008109367881
1.934375,0.23897442356259999,0.07833484316559404
1.9345,0.27563303807864814,0.1461840199440275
1.934625,0.21657739848844854,0.14473407514955364
1.93475,0.2051977924888883,0.20322857002037215
1.934875,0.1040907137727122,0.29977854186345354
1.935,0.1372908269259163,0.323142830696397
1.935125,0.17698231423488767,0.24593322123944494
1.93525,0.1799565113942025,0.1191839722695903
1.935375,0.12473356887567498,0.03368408116591971
1.9355,0.08252426330072674,0.1389873783317371
1.935625,0.009684698227236629,0.2869770835676058
1.93575,0.061563804783627635,0.2837269006798631
1.935875,0.21978800410456362,0.1899555447835182
1.936,0.21666208845461735,0.13964624752656482
1.936125,-0.03540097771236153,0.10325100953931965
1.93625,-0.4084695201076596,0.1376450394246075
1.936375,-0.47936560126983896,0.1283257657622729
1.9365,-0.13196126145554438,0.10685794847058963
1.936625,0.24916365535874704,0.132827363301202
1.93675,0.47207165438330345,0.07235310517196912
1.936875,0.33671356908494193,0.02146990367328582
1.937,0.09142576757938989,0.020496919576215012
1.937125,0.017608967099600414,0.21389616807292067
1.93725,0.04996898259999908,0.15774479012529927
1.937375,-0.09229927426144531,-0.030710709157206004
1.9375,-0.23547368927475293,-0.3616588461923638
1.937625,-0.12152055975388545,-0.4293266163812145
1.93775,0.11397932628354762,-0.154721396240437
1.937875,0.28874295084739837,0.25346367484985327
1.938,0.36198659236532493,0.39926580149881286
1.938125,0.21150126272124575,0.30747107016416014
1.93825,-0.13775008722915244,0.10193645274408474
1.938375,-0.4359907332135863,-0.03435797108806664
1.9385,-0.575410805506783,0.03357478573482694
1.938625,-0.36845941000606275,-0.05863731330244695
1.93875,-0.06923089191280322,-0.18525060142839944
1.938875,0.21642624955330286,-0.08448016896435645
1.939,0.0720542174007929,0.05552220972405846
1.939125,-0.02394106168479363,0.25890465642193466
1.93925,-0.008407111826567825,0.3837797275086389
1.939375,0.09633965532337775,0.18038947178622622
1.9395,0.05608171963361518,-0.10804184511830159
1.939625,-0.1976056320989843,-0.37029531791972453
1.93975,-0.3000830303291364,-0.5581111380075414
1.939875,-0.25840120257317156,-0.3464056053968736
1.94,-0.07424459797765473,-0.044315184839355704
1.940125,0.027464694076079505,0.14614069927030798
1.94025,-0.038976987446260616,0.0715513552228988
1.940375,-0.0863390171437887,-0.026975826547568915
1.9405,-0.15588291264211032,-0.006610221914693787
1.940625,-0.16001031515383135,0.09753118152344159
1.94075,-0.2286125991803956,0.01710968429094138
1.940875,-0.37615894022767693,-0.07668799360404951
1.941,-0.48920574155463437,-0.27341217861286077
1.941125,-0.42711158640872643,-0.18407346413162426
1.94125,-0.24660852503803135,-0.05586241651886478
1.941375,-0.10155982375636524,0.018165631625631576
1.9415,0.043199995466267946,-0.011344761423568803
1.941625,0.008366664978641197,-0.1290052139503096
1.94175,-0.12902317826675325,-0.17003774718479836
1.941875,-0.21215623407254972,-0.18480251769100278
1.942,-0.027961998555258216,-0.19566654311827245
1.942125,0.19049157000048672,-0.3590306886369155
1.94225,0.30657365217603183,-0.4111903447470943
1.942375,0.17825061808102427,-0.3761175438787897
1.9425,0.15306684212420563,-0.23577588862420223
1.942625,0.33177722823122996,-0.08680003881753807
1.94275,0.4111356961043905,-0.0058817420857038595
1.942875,0.3731602776499052,0.07250988361708624
1.943,0.3409190559744445,-0.06922498335862902
1.943125,0.3672593384436708,-0.16292774813016608
1.94325,0.4483777708041831,-0.13593021102102523
1.943375,0.3086045479528181,0.19236985872343615
1.9435,0.011604256668105124,0.1855994361116441
1.943625,-0.11971323553650405,0.14476284598964811
1.94375,0.06341093069082253,0.1134336998216823
1.943875,0.27606383550192687,0.26374967194901294
1.944,0.22640646624647037,0.35728823056212455
1.944125,0.05705621329994351,0.27606901948283136
1.94425,-0.035517288729723345,0.28889170927825425
1.944375,-0.12959416883436167,0.3608049172630811
1.9445,-0.12214817020996123,0.3974925319808198
1.944625,-0.042319538599366054,0.2303642063907075
1.94475,0.1443665398716874,0.04265016874796396
1.944875,0.1503029820535505,-0.09097902829162613
1.945,0.03447081231017975,0.07148379303960953
1.945125,-0.13596173585464805,0.2088458183939914
1.94525,0.04423376543884432,0.18676883096694955
1.945375,0.16717398075094064,0.0703350283638785
1.9455,0.2813266758806556,-0.08988694173696862
1.945625,0.3181727090414066,-0.10453501927900027
1.94575,0.2901186462084547,-0.09772795979616197
1.945875,0.15919431936896616,-0.07050562316087458
1.946,-0.02981572493398664,0.08677278559510848
1.946125,-0.227320543399564,0.13548739071146104
1.94625,-0.27781322775300654,0.043130191094825944
1.946375,-0.12202066283540602,-0.1507162743772529
1.9465,0.012673278111459895,-0.0032969350259989022
1.946625,-0.026026563453027937,0.15280419135646692
1.94675,-0.130396536493738,0.2657604034578058
1.946875,-0.1663816177583858,0.2795638187125607
1.947,-0.10866905292926904,0.27969294320007904
1.947125,0.01269380154960739,0.13446519986640362
1.94725,0.08554599795501655,-0.04823269419558549
1.947375,-0.04552098267538823,-0.19135719727225223
1.9475,-0.22014475790466403,-0.18667355554353046
1.947625,-0.38192128070080306,-0.1312822490274527
1.94775,-0.23351136493705896,0.01948778024572379
1.947875,-0.02061025496648608,-0.029470158508578197
1.948,0.040165450735249,-0.07699521398968694
1.948125,0.014680847240922534,-0.09619921900764952
1.94825,-0.18278321917355023,-0.06120175613374297
1.948375,-0.352246168196564,0.017389075984688484
1.9485,-0.27725568281495205,0.02964715189781301
1.948625,-0.3128610272700143,-0.03254311432688749
1.94875,-0.1970847780488196,-0.20739004595205043
1.948875,-0.11868963992402512,-0.30956815685887873
1.949,-0.11695865235534185,-0.17363834780875856
1.949125,-0.09494150143685015,-0.04176257039936074
1.94925,-0.14522103576143397,0.1068837736549325
1.949375,-0.19983993147913134,-0.008180841452197463
1.9495,-0.33586751759296263,-0.19216398266563076
1.949625,-0.49529673486231446,-0.28496096712067626
1.94975,-0.412553136639597,-0.3180992264979388
1.949875,-0.25776928571009433,-0.2749230181588756
1.95,-0.12233729315575304,-0.22625106987427204
1.950125,-0.04151111596537623,-0.100818576697085
1.95025,0.16871563175186163,-0.06349985691140259
1.950375,0.26815204776218937,-0.07125831066671673
1.9505,0.3858781853041645,-0.15284146223979042
1.950625,0.41638352945905466,-0.21275630138322474
1.95075,0.24401300871530526,-0.3602807968499727
1.950875,0.15020461139008898,-0.3870637394841904
1.951,0.306831738912236,-0.34592894336842883
1.951125,0.4263464608304019,-0.2444159667378678
1.95125,0.4110285572648883,-0.12479969078467522
1.951375,0.3923429832437991,-0.0982814004948851
1.9515,0.22212120649865563,0.08403379754031323
1.951625,0.1325440655773455,0.22940208942119356
1.95175,-0.08009924240734709,0.3440891477994869
1.951875,-0.09069026870161499,0.3854211588558962
1.952,0.016756134287323116,0.22120152298274556
1.952125,0.13140496002774174,0.18082364990368646
1.95225,0.2641265832944138,0.2884123249602837
1.952375,0.46350939359650545,0.4058813151495023
1.9525,0.4941382535145026,0.4113841950234089
1.952625,0.36830811155718124,0.33223000614448855
1.95275,0.039729440805757646,0.24980972377437632
1.952875,-0.2243221905884888,0.08122189710684447
1.953,-0.3212637513607302,-0.08262239923404187
1.953125,-0.04650624747712473,-0.09212112383360982
1.95325,0.2811164323449894,-0.00996665150102799
1.953375,0.375263394284074,0.10712639402917848
1.9535,0.1467348222862885,0.26634005700181335
1.953625,-0.03924379423596045,0.4265915795059768
1.95375,0.05860399371870944,0.4506140199542756
1.953875,0.037892010025701264,0.3205452145322843
1.954,-0.2596340375804524,0.0538570900950232
1.954125,-0.43529431503988986,-0.18873646786320872
1.95425,-0.22827321534698053,-0.2525385679810334
1.954375,0.016520191154239073,-0.010087698044262874
1.9545,0.13057434289309688,0.31248910669919705
1.954625,-0.024897595299380657,0.3071444040605138
1.95475,-0.12328551006643478,0.07971288252764173
1.954875,-0.2266851743866926,-0.013699705744938718
1.955,-0.18623371449254342,0.06402455173327905
1.955125,-0.18986648111776613,-0.016988478758648902
1.95525,-0.11307963632390615,-0.2918776679234374
1.955375,-0.03816353349299902,-0.41105024072511537
1.9555,-0.00873650291223754,-0.25241694631549716
1.955625,0.04431925564205566,0.04863602240400008
1.95575,0.17891916082439233,0.11209613334790766
1.955875,0.2267424716414015,0.018224108660042825
1.956,0.21642280788884766,-0.15282725577749395
1.956125,-0.11688659813190351,-0.2189835045909812
1.95625,-0.4182815906383749,-0.20712659109280288
1.956375,-0.4447264979793986,-0.1465588592264614
1.9565,-0.15173156470377536,-0.06704744418635791
1.956625,0.18509586285114363,0.018229802835662768
1.95675,0.13604051173184642,-0.009328880791172283
1.956875,-0.22397882075240022,0.03031531395398936
1.957,-0.41074436407612264,0.1504631669431385
1.957125,-0.2724266930964782,0.24893464235290944
1.95725,-0.10413353318960396,0.1398739326052633
1.957375,-0.16872221478082225,-0.1085748993962597
1.9575,-0.5514863732701942,-0.3713184362721004
1.957625,-0.5143167836237349,-0.42668885033021736
1.95775,-0.303280856475899,-0.1724030197219206
1.957875,-0.10572834181886359,0.15775369719307963
1.958,0.051135378677814834,0.09363923579617606
1.958125,0.07193196846927605,-0.17833173672773547
1.95825,0.023947752299770843,-0.3678403379771931
1.958375,0.055947472945598105,-0.21723461921579829
1.9585,0.0066946252465792154,-0.13207381209223157
1.958625,-0.046568591620121905,-0.1753810802426338
1.95875,-0.050353895233522634,-0.40580550376854396
1.958875,-0.07198468650998689,-0.5117587292780194
1.959,-0.09069644916006124,-0.29700067557053805
1.959125,0.15592759281855348,-0.04328378429591334
1.95925,0.5421819797133202,0.04305252414337846
1.959375,0.6623986719432374,0.011033684446706903
1.9595,0.4832562574684973,0.0036763709490130448
1.959625,0.22182156747383877,0.011670769172589588
1.95975,-0.028368032128895458,0.0034371106553743036
1.959875,-0.07030951590736764,0.005995552214544371
1.96,0.12800330193304726,-0.006583200304774884
1.960125,0.35831707915217104,-0.05981446281960092
1.96025,0.35818655648739545,-0.02923483636040854
1.960375,0.2263376796944325,0.16929193365147943
1.9605,-0.009217383094298641,0.4527431357348367
1.960625,-0.09219726612158541,0.6183228093686852
1.96075,-0.10331391392324225,0.4691632548489699
1.960875,0.06268627151346372,0.1805725627378249
1.961,0.1266423599846793,0.007913035922471766
1.961125,0.17931700989000993,-0.025969430001022427
1.96125,0.22618092664894673,0.13232907133703667
1.961375,0.33059873718528576,0.3200851821293543
1.9615,0.30006404102608225,0.38224617833196
1.961625,0.17565095291794358,0.18692316435529008
1.96175,0.032635140977726615,0.005403220587864866
1.961875,-0.1585585064501937,-0.058662974785294274
1.962,-0.15493242930551204,-0.0634718663118899
1.962125,-0.03860084722727306,0.011573005895564266
1.96225,0.05197999171279313,0.13126804478085308
1.962375,0.20413214167494378,0.10313147276517981
1.9625,0.2093103418141122,0.17893411816466098
1.962625,-0.05615531472952947,0.2873612976001372
1.96275,-0.23838712973447165,0.27038245837430624
1.962875,-0.43429483391271223,0.1919344364720168
1.963,-0.4047753175184302,-0.008721542738655264
1.963125,-0.1650621811712331,-0.11717178027928983
1.96325,-0.12055921781942147,-0.15663417820771267
1.963375,0.0344122396035264,-0.08677762314646104
1.9635,0.06578726160584963,0.07170720055852056
1.963625,0.10803099481050538,0.1816657278486186
1.96375,0.16949667572732408,0.1711906679006099
1.963875,0.1291850494342168,-0.034309244971588694
1.964,0.020021663773744265,-0.21799190530898113
1.964125,-0.09723580876772518,-0.35733206346256224
1.96425,-0.26088826027829015,-0.35919906705184923
1.964375,-0.2693359450015898,-0.18358975325256605
1.9645,-0.09986985444727847,0.01867677403484547
1.964625,0.0555929675797543,-0.007420855427590203
1.96475,0.14138515885885192,0.03481924464922327
1.964875,0.06598224687327653,0.19933459035379578
1.965,-0.07206473149026807,0.1875756788534057
1.965125,-0.29669255771597264,0.12247876780074557
1.96525,-0.3721023653778342,0.06655568783203486
1.965375,-0.38918110933010436,-0.11338941968826284
1.9655,-0.3033155459294311,-0.26618449616890016
1.965625,-0.26158522405533996,-0.23404303060223494
1.96575,-0.2867571914658886,-0.050856614043338834
1.965875,-0.3349626370544116,0.058549589331776036
1.966,-0.33608479503503524,0.09161137096339536
1.966125,-0.3519440418466927,0.04017642372084948
1.96625,-0.27543096953805385,-0.06955105691530931
1.966375,-0.22470887414817922,-0.21405151666204034
1.9665,-0.3136042561368935,-0.3205314928682854
1.966625,-0.2963852143179618,-0.3415170698006972
1.96675,-0.1300547424492894,-0.23058874894164555
1.966875,0.17185243577648154,-0.20601720430079357
1.967,0.4426484309499368,-0.2517859241819275
1.967125,0.4491748529770451,-0.338403947054621
1.96725,0.2915503932504392,-0.295423442441093
1.967375,0.2114698161710235,-0.3029072284877681
1.9675,0.32184488370344816,-0.2733235607821508
1.967625,0.4335059350939291,-0.2628556084120468
1.96775,0.4570840225369522,-0.24927556309821644
1.967875,0.4302853467792132,-0.292355533795227
1.968,0.45926245721480274,-0.13433412167951983
1.968125,0.4343267254922614,0.11221937206033368
1.96825,0.2902722328799712,0.3227914272611778
1.968375,0.13284034432619435,0.392571038396501
1.9685,0.09101530317935498,0.22961313343815223
1.968625,-0.031214084878221745,0.19383052245503724
1.96875,-0.09010074627984768,0.2658700153681742
1.968875,0.05503713129193389,0.34229256246438916
1.969,0.1152439484308665,0.4603410992182748
1.969125,0.15657055191206556,0.4135465696410222
1.96925,0.04686842722844853,0.3637928202598913
1.969375,-0.024055253760537146,0.359177532117485
1.9695,-0.12431343649797777,0.19033346073248902
1.969625,-0.23193156660033237,0.20045024669774594
1.96975,-0.13096623182587905,0.10750180777622506
1.969875,0.08164968547580467,0.019375240429477674
1.97,0.14976077486692546,-0.04421939575048806
1.970125,0.30583172559979366,0.011189612605456704
1.97025,0.36629802064115985,0.15313386649887342
1.970375,0.18427603773587387,0.14184186695014686
1.9705,-0.01576840184085977,0.028965038006644045
1.970625,-0.29154537481094467,-0.02671277373047659
1.97075,-0.5217129646363028,-0.10278460337988515
1.970875,-0.3168892934105838,-0.19483968397321605
1.971,0.05942101671039132,-0.10273176853472733
1.971125,0.3743000484925363,0.030632817078219347
1.97125,0.254055384209488,0.15396651661750985
1.971375,-0.03381342567479432,0.3112279575292367
1.9715,-0.072482342180673,0.27024723463451816
1.971625,0.04177475527445841,0.1667080217265093
1.97175,0.09729995683888845,-0.04546530019718271
1.971875,-0.08611363757034338,-0.30884335822476655
1.972,-0.33759290462864433,-0.45909087081231004
1.972125,-0.32897749594228937,-0.34463991174610115
1.97225,-0.2910553815121663,0.04230458142208174
1.972375,-0.08819346996957378,0.35817351620255494
1.9725,0.27995030427673623,0.19602489937833947
1.972625,0.4689353111643493,-0.022786864121534727
1.97275,0.34372209384806346,-0.07620726959797046
1.972875,0.027509573504096305,0.0753115774571077
1.973,-0.3035548105885008,0.11585878012037894
1.973125,-0.4109570346111683,-0.03249185927269632
1.97325,-0.32628513728907044,-0.2562275277400131
1.973375,-0.18194774448857767,-0.3266356425080477
1.9735,-0.24574439792290914,-0.20723942670535814
1.973625,-0.3131754971747243,-0.06099581059028029
1.97375,-0.30188435183328877,0.27626109118162984
1.973875,-0.1723024879227192,0.451788268706791
1.974,-0.15967016943410856,0.29928072848013604
1.974125,-0.35884927142671147,0.03357167814555786
1.97425,-0.5790356609344024,-0.259873268090639
1.974375,-0.46082839538717846,-0.368991005463156
1.9745,-0.16559020177328304,-0.29496705927238537
1.974625,0.005969493427282706,-0.1923348744870941
1.97475,-0.015748969421527495,-0.23894000031337972
1.974875,-0.058410413690255264,-0.2594095954314224
1.975,-0.06048322066135403,-0.286152512772062
1.975125,-0.0148366296590033,-0.2015596052666947
1.97525,-0.007350781054682578,-0.19695328865562398
1.975375,-0.0010272589752862895,-0.3326691679663224
1.9755,0.09165791954547443,-0.5012208899551595
1.975625,0.3590582188153555,-0.42283593014110005
1.97575,0.6118067075882312,-0.1611088629273635
1.975875,0.5746952250723695,0.03782583661833819
1.976,0.2752436702544408,0.020834787810983683
1.976125,0.07160319963437636,-0.08560583132064548
1.97625,0.002341718239762591,-0.04938960475715177
1.976375,0.3059247100140661,-0.02108658867526184
1.9765,0.5799296028538753,-0.009027070757973897
1.976625,0.5891731925540673,0.019989721832998752
1.97675,0.40613324383977817,0.12465505718761655
1.976875,0.1847978822576986,0.3295203722506347
1.977,-0.04490036450688479,0.5249906064383599
1.977125,-0.23629332073302783,0.5346061150806601
1.97725,-0.3147962897543708,0.26439112868037007
1.977375,-0.2809592065970714,0.07635543519946135
1.9775,-0.02757968695353155,0.05332064322203064
1.977625,0.1679691697841291,0.2812150198197573
1.97775,0.16604518194450074,0.5031963140704845
1.977875,0.2225943835029308,0.5598421380821073
1.978,0.1872900658372428,0.39626227662564323
1.978125,0.15770471753412518,0.10966142171081181
1.97825,0.19656997408083127,-0.08448219616009393
1.978375,0.1329571654980966,-0.21741027097567822
1.9785,0.053668937265644985,-0.29783738201251003
1.978625,-0.10429209534097393,-0.19308805554831368
1.97875,-0.20310213232613014,-0.012582757590996222
1.978875,-0.20939484894770116,0.16271502481138195
1.979,-0.14513574011684077,0.13364125834566185
1.979125,-0.014647363159396767,0.15923265053858238
1.97925,-0.012208944345810874,0.17578771720324884
1.979375,-0.1894223592657162,0.22617734706771364
1.9795,-0.39047612784101565,0.23165383712093396
1.979625,-0.2881604576475422,0.14906004648819032
1.97975,-0.08642748442895246,0.055225255113823354
1.979875,0.09514852552817035,-0.10316283760240372
1.98,0.38961575459323544,-0.16350390687519545
1.980125,0.5109941878438268,-0.20067781724054504
1.98025,0.5740437361182117,-0.13894846485516327
1.980375,0.31519316356051325,-0.05787645957169441
1.9805,0.0721560390499359,0.02390449826988168
1.980625,-0.1513847853805589,-0.1583086067185538
1.98075,-0.2648639490280515,-0.3898706416015573
1.980875,-0.32261978725217527,-0.2851309244702167
1.981,-0.3446505142117054,-0.03186168635466116
1.981125,-0.11539662901850158,0.12768232873001714
1.98125,0.16806914031521106,0.33066297919076226
1.981375,0.3302832806065501,0.47545274730887266
1.9815,0.11820782578164803,0.48572653001277855
1.981625,-0.3960496066439995,0.29846818534313563
1.98175,-0.6724391536241617,0.06954216282634518
1.981875,-0.5942865578023644,-0.19731755951029173
1.982,-0.4361941708338273,-0.23408944564914808
1.982125,-0.3469807512967635,-0.2769547843289884
1.98225,-0.3020434823219892,-0.25909698488641175
1.982375,-0.37578358494986713,-0.10521746574881781
1.9825,-0.30965570029840883,0.15360164086349237
1.982625,-0.03755557721292604,0.2972599691276887
1.98275,0.157861669216357,0.056002587853143194
1.982875,-0.0487622916399385,-0.3077327713800528
1.983,-0.4663133468630359,-0.5824359534174726
1.983125,-0.6290583837769189,-0.5130716872883215
1.98325,-0.46847286717112396,-0.37757841635456274
1.983375,0.01259985884456604,-0.2482237737745488
1.9835,0.44806600485586867,-0.31388992793281945
1.983625,0.579511778897866,-0.3616916584374942
1.98375,0.4294014913635016,-0.2692447350522128
1.983875,0.22854872140707558,-0.04358371235749663
1.984,0.11218391949129747,0.10178182542045523
1.984125,0.11146393598106055,-0.02879391126147675
1.98425,0.16906575510263927,-0.35521836740359747
1.984375,0.19532310976465334,-0.555970562667683
1.9845,0.24711541174091367,-0.36072574117431905
1.984625,0.21517980943911588,0.0036616505767037254
1.98475,0.3118042535732517,0.3591248740442022
1.984875,0.36843343298935577,0.5308094045751011
1.985,0.31016551291678873,0.38771585766839195
1.985125,0.27235920472826625,0.16187014514113907
1.98525,0.005957177187454923,0.13083731821243477
1.985375,-0.0886760538526423,0.16761597235838155
1.9855,0.07014474080937201,0.14949237544718463
1.985625,0.30083635866665526,0.16870706929057783
1.98575,0.27776985699551765,0.23168450932729093
1.985875,0.1350348516053023,0.28910577418463346
1.986,0.08302028877071636,0.2541254606434207
1.986125,0.10119963910975939,0.34476271703127237
1.98625,0.032886611206296726,0.28765224936190104
1.986375,-0.02650144252809075,0.22280868071544027
1.9865,-0.06273178926530243,0.025277117438833416
1.986625,-0.02076364400055646,-0.09750035757407818
1.98675,-0.05234580710475057,0.04869617777302585
1.986875,-0.015610047104578697,0.2677514508079439
1.987,0.09392074433427548,0.2639457005572324
1.987125,0.1835472066772191,0.12396683517459163
1.98725,0.16121927205670836,0.0598432108590148
1.987375,0.021876821635862805,0.0539452627666931
1.9875,-0.2070212490798327,0.04048717601664459
1.987625,-0.17597047018774464,-0.06688782194734307
1.98775,-0.07419606178773791,-0.0263814854977496
1.987875,0.015904735768889313,-0.0027809732878446443
1.988,0.022963220534722335,-0.08025013459581491
1.988125,-0.0556453418424707,-0.02071929117864238
1.98825,-0.1783415628474208,0.1549548416026335
1.988375,-0.24934976822676008,0.11329554694396637
1.9885,-0.27846166275024625,0.10734494695403693
1.988625,-0.1319413690013151,-0.04355497569242362
1.98875,0.019633342325739576,-0.19717397704901846
1.988875,0.11425501549238178,-0.18521190751263764
1.989,0.12663965423736206,-0.09470604472682739
1.989125,0.09694183312316021,0.06547525066088357
1.98925,0.06982666610352929,0.02629465807877533
1.989375,0.05708884672197843,-0.07037024547247009
1.9895,0.16315651405022671,-0.14700692329218093
1.989625,0.23772358469118957,-0.21716152995157953
1.98975,0.12331638902234969,-0.3073034824067696
1.989875,-0.22128269449840982,-0.11692238725254918
1.99,-0.47445169972454343,0.017755900017820646
1.990125,-0.4539973015311885,0.0937246467405385
1.99025,-0.18593296978298055,0.09273972797841477
1.990375,0.03647250641078124,0.13709804863346653
1.9905,-0.04855054043975269,0.05021425438538588
1.990625,-0.3712507678545057,0.030443121653596222
1.99075,-0.6606045244347655,0.11951588547915193
1.990875,-0.5218508975013253,0.25356742527473924
1.991,-0.2877072437552027,0.1431040611880832
1.991125,-0.062409943128917435,-0.21317258436207828
1.99125,-0.03524211052117119,-0.43296096645230053
1.991375,-0.2165292017458193,-0.38579277259985334
1.9915,-0.28298799383145834,-0.1871018129902822
1.991625,-0.1550758010984199,0.06357276412014629
1.99175,-0.08348390042281013,-0.08029569903972451
1.991875,0.023100646890271803,-0.3200608477035181
1.992,-0.04903322952683446,-0.5310213476501284
1.992125,-0.1573975793525817,-0.5080659612055533
1.99225,-0.07448928287114613,-0.2440492298880483
1.992375,0.17152633302928397,-0.10285200991492478
1.9925,0.4666131777790916,-0.004845385528825515
1.992625,0.506897069989603,-0.1654724198348594
1.99275,0.4260596113012802,-0.26678275320245054
1.992875,0.2650733572619856,-0.16466159293658375
1.993,0.16547870443767376,-0.06736441469217046
1.993125,0.1293012799801801,-0.0049707685763559625
1.99325,0.1915643078039919,-0.07939558835496764
1.993375,0.3292116814326301,-0.1869121151482929
1.9935,0.425297663766845,-0.08799953615579151
1.993625,0.4251307401238429,0.18898246337294233
1.99375,0.24200711041367645,0.38774713441624753
1.993875,0.12305150069746702,0.46864176099928656
1.994,-0.04253540755972256,0.3645754679957242
1.994125,-0.2500560302016556,0.24915129551007734
1.99425,-0.21634618614025278,0.21067627273348474
1.994375,-0.028479419403211758,0.15970816743661112
1.9945,0.26034692115542285,0.209969134743584
1.994625,0.549050854233337,0.2722525932930457
1.99475,0.4306205610282272,0.41504152244910036
1.994875,0.05939076607345261,0.46602125980316633
1.995,-0.15596390511450295,0.26787093990832894
1.995125,-0.1938536527164169,0.12842208492477705
1.99525,-0.0699590559352105,0.0019413532677448474
1.995375,0.07107094409624716,-0.19912012091169268
1.9955,0.21744637746096612,-0.21165543283293162
1.995625,0.21106743293082916,-0.06743796831018696
1.99575,0.3349773960989293,0.24505517725330161
1.995875,0.24605000639443386,0.4811254805193088
1.996,-0.026940806339222235,0.41467657025157934
1.996125,-0.34893572304378734,0.07196754696319403
1.99625,-0.5640191286223198,-0.1363041936392942
1.996375,-0.4948620511761434,-0.18469852570058534
1.9965,-0.17976761473866126,-0.08020251574908982
1.996625,0.01158255852732668,0.11487835334500393
1.99675,-0.057149883124690534,0.15208001909520474
1.996875,-0.06899860982063943,0.2336605363053103
1.997,0.017782643125586833,0.28475037645765944
1.997125,0.1983040038936274,0.24504891033298326
1.99725,0.2747867532766501,-0.0007813307974484717
1.997375,0.09098573376924723,-0.3374607558227778
1.9975,-0.1531193329139528,-0.5414520958004911
1.997625,-0.14518197628813817,-0.4328202765519269
1.99775,-0.13668879156142774,-0.1256488379636298
1.997875,0.021462965833113506,0.02658940457215732
1.998,0.03610684741809658,-0.04000506578281158
1.998125,-0.11828227219242353,-0.040636298295412134
1.99825,-0.3893945137406187,0.0857952132932115
1.998375,-0.4598677428169718,0.18970479784019084
1.9985,-0.4086835078197187,0.22864921490398735
1.998625,-0.49951290459038705,-0.051076625341480254
1.99875,-0.5123963901233256,-0.12183950102927987
1.998875,-0.5294156179630982,-0.16220420671726632
1.999,-0.28348684660871654,-0.1387875703816529
1.999125,-0.034403912870088184,-0.032236069253255686
1.99925,0.27554073804559315,0.004915113821428505
1.999375,0.14628514923081198,-0.11867324309855169
1.9995,-0.178592628920018,-0.3357583754969912
1.999625,-0.5176476291382018,-0.4267556620836449
1.99975,-0.5523537525997754,-0.35954069558337703
1.999875,-0.25507008625375965,-0.42363716849216826
