time_s,sensor_1,sensor_2
0.0,0.0921281475172778,0.03373223051738216
0.000125,0.6208076540155298,-5.1821911935995865e-05
0.00025,0.3987114267387138,-0.077570692620423
0.000375,0.23892396383021788,0.007451229682046536
0.0005,0.1822120253184744,-0.10748658730350534
0.000625,0.09628143118716738,0.04353168923691525
0.00075,0.27010567020402465,0.017213010433515613
0.000875,0.6448870057592608,0.03556970781392469
0.001,0.5195681805156177,-0.049338493497944926
0.001125,0.024461287216618482,0.02293353672340217
0.00125,-0.09386347776138874,-0.06186038476981335
0.001375,0.39563817279063473,0.11408324078297336
0.0015,0.2932868859766066,0.03325291449182105
0.001625,0.35719500444163127,-0.04630100822884019
0.00175,-0.06751937109899755,-0.05158228561582359
0.001875,0.03325142995212074,-0.03670104240551537
0.002,0.24707931172401976,0.11362074263684699
0.002125,0.1944308825977004,0.38411754938161125
0.00225,0.3287562970385903,0.32670518540741267
0.002375,0.051125140230493075,0.14959144424016094
0.0025,-0.40889281821836265,-0.03387635048629467
0.002625,-0.3973486527208397,0.0825996863791316
0.00275,-0.018945078986446175,0.1871351604678344
0.002875,0.38133121705630846,0.6094355740165734
0.003,0.15789204481660998,0.41520307129805867
0.003125,-0.15415055930288457,0.10176084940625482
0.00325,-0.20451152248772617,-0.1466206043210695
0.003375,-0.01256289571466232,0.006334902369588311
0.0035,0.13875493953856835,0.5077033965185891
0.003625,0.10033518916199186,0.3240379657263985
0.00375,0.15666311025752516,-0.04624714439977187
0.003875,-0.2997675607848976,0.09126334837479594
0.004,-0.4521615588979557,0.06691556023880026
0.004125,0.0269625284557104,0.3158376383471795
0.00425,0.3608490594392251,0.27876330814969297
0.004375,0.11361518334752195,0.05007416548955054
0.0045,-0.13292737242548652,-0.2769494825457967
0.004625,-0.20472596296418183,-0.3106094196722249
0.00475,0.06551443674314536,0.020756229026185236
0.004875,0.032457098346758514,0.3371544097150321
0.005,0.3203760883670633,0.1059614900723441
0.005125,0.2103425049888916,-0.2945302442445359
0.00525,-0.08103630474841603,-0.3079860036012618
0.005375,-0.5937722832526651,-0.029533812610465518
0.0055,-0.253961375008847,0.12076870073381013
0.005625,0.4110578185039924,0.15792897599739011
0.00575,0.1448393749381143,0.185085269526184
0.005875,-0.3118872809827246,-0.1952785887605686
0.006,-0.11828491001072994,-0.39219511378608507
0.006125,-0.023144268161907462,0.1328572666019348
0.00625,-0.07808319659530817,0.41609965007594335
0.006375,0.06401389804456545,0.17152180365059855
0.0065,0.16717793892036495,-0.30326374378074905
0.006625,-0.005065060816404061,-0.1955429093038428
0.00675,-0.4754695327684945,0.10144129896677191
0.006875,-0.21929434998632272,0.045467923068201965
0.007,0.10514891401060096,0.14463310656804235
0.007125,0.10656912464707807,0.23064951722654622
0.00725,-0.3973714738168215,-0.008507591656797002
0.007375,-0.4424528958465915,-0.4924635423015351
0.0075,-0.28093975926338915,-0.3958265230219503
0.007625,0.08537550565304892,0.28606274385364877
0.00775,-0.07158783089809491,0.15571431204708774
0.007875,0.1207038574747275,-0.2512995402640938
0.008,-0.189573232394233,-0.1780590261949613
0.008125,-0.24401823720628832,0.06783792075474593
0.00825,-0.12376212404742508,0.16191762380296765
0.008375,0.35403206225872036,0.14552669633823012
0.0085,0.4687007959084454,0.15297041055856167
0.008625,-0.022795721450158055,-0.18450687877416577
0.00875,-0.40312903408008943,-0.5377504444883581
0.008875,-0.08853958860432422,-0.36676048443407877
0.009,0.27159867287170214,0.23722422401300464
0.009125,0.09650499017895303,0.1471324884459196
0.00925,0.0692308982676867,-0.29223705716138015
0.009375,0.08921497608190775,-0.3911059907849196
0.0095,-0.2494865549914208,-0.0983230425378068
0.009625,-0.011238469804473832,-0.11875169000098788
0.00975,0.6654396891155235,0.05217380862476733
0.009875,0.5945033103474526,0.07956725341448623
0.01,-0.030188431010543942,-0.1623106900832765
0.010125,-0.25821956338452506,-0.4138163338272873
0.01025,-0.001392344729864644,-0.058571929327796916
0.010375,0.2842743136076931,0.5600954416942195
0.0105,0.23109536118793694,0.30843298359610277
0.010625,0.03606675116766653,0.0453958217250373
0.01075,0.22861880017989814,-0.2597512743143896
0.010875,-0.14587613267133057,-0.06343433236651955
0.011,-0.24549374653417663,0.12936342777801985
0.011125,0.20996876929946579,0.07717624410110444
0.01125,0.3338566399867123,0.1480212922407974
0.011375,-0.03879327838139963,0.02119412839884912
0.0115,-0.6082493601524185,-0.28612464991078834
0.011625,-0.19622651436260002,0.032116377882562434
0.01175,0.1370607189009582,0.5043723391612325
0.011875,0.1838133706651092,0.64574414032494
0.012,0.042833937753931996,-0.12626833460812997
0.012125,-0.08025578152282394,-0.29496132443980644
0.01225,-0.2679494787924216,-0.1562844265319028
0.012375,-0.1942422654977116,0.15576653802343468
0.0125,0.22880687731823443,0.15616673971916403
0.012625,0.41340843787640774,0.06981469531258877
0.01275,-0.17673662508912638,0.09019289095047302
0.012875,-0.4314899050318843,-0.32139330724240267
0.013,-0.0954834815270562,-0.08545534235333521
0.013125,0.43316731507479306,0.2875906091740255
0.01325,0.13787473035827486,0.5865587225854956
0.013375,-0.00027429175491628846,0.04148766549138273
0.0135,-0.16907924150867734,-0.5487472176205329
0.013625,-0.4787979550647726,-0.194972999080209
0.01375,-0.2485953398974802,0.11806361248542604
0.013875,0.1481124938238287,0.24743371104147127
0.014,0.4709684361973397,0.14487952764830758
0.014125,0.05177202087496912,0.06050499238384637
0.01425,-0.4876784305201908,-0.20260804759967826
0.014375,-0.5496623917210323,-0.2845044392757629
0.0145,0.11551603990817576,0.35873091268507457
0.014625,0.17307738914895512,0.3686364198742495
0.01475,0.005386853291193851,-0.06338428626446135
0.014875,-0.2134024367901721,-0.4032329722338056
0.015,-0.4202578450342499,-0.018664698699318274
0.015125,-0.6292176602690436,0.4136924098594929
0.01525,-0.1142492206591879,0.3844749492298146
0.015375,0.4747136543202058,0.0507714635376295
0.0155,0.1561515924736362,-0.08497235638089873
0.015625,-0.548373333573163,-0.3264900887699712
0.01575,-0.6241873783850547,-0.2324487807172713
0.015875,-0.221301857938747,0.12536929159498328
0.016,-0.10063496907206587,0.4931121669981977
0.016125,-0.08378088078582191,0.0888278761777258
0.01625,-0.22529202287110459,-0.44789821809683417
0.016375,-0.3141435777468643,-0.5130744199898223
0.0165,-0.24355654462440707,0.044418020314469835
0.016625,0.13984397855428157,0.10665365653160726
0.01675,0.6274958006569383,0.1836151112447515
0.016875,0.516256879991379,-0.14374452953399963
0.017,-0.4044534435423763,-0.44257615524508903
0.017125,-0.15130904757467972,-0.5267883349998833
0.01725,0.3584198916685528,-0.11529531179893111
0.017375,0.468500847873173,0.4330285429726948
0.0175,0.37130067969136776,0.13030844027545677
0.017625,0.12648814617420615,-0.5089709794821987
0.01775,0.05078991114434995,-0.5135980785727368
0.017875,-0.17341409947508601,0.05752261649620628
0.018,0.09880604785185337,-0.06141207209953956
0.018125,0.5930433751266435,-0.1117697026691581
0.01825,0.36967871076353626,-0.1844308506374457
0.018375,-0.6259614610617414,-0.2715605560962977
0.0185,-0.47882189453668816,-0.16793477573701418
0.018625,0.349849382155156,0.06296165569816954
0.01875,0.5894804676197174,0.4406773549086178
0.018875,0.2768749729133251,0.3703660515389628
0.019,-0.08912981436602013,-0.2724703284865016
0.019125,-0.12497210061681936,-0.25276601845911556
0.01925,-0.09423189851081502,0.2959700064454031
0.019375,-0.023240762089633375,0.2983418275655707
0.0195,0.48074619393730017,0.20702838088937905
0.019625,0.323485065646328,0.10445229320340946
0.01975,-0.2785778635559207,0.08849201407746934
0.019875,-0.6484255302804158,-0.17857498972314134
0.02,-0.030969964914424,0.12671619340842347
0.020125,0.41694103293559504,0.43596861672299947
0.02025,0.196091610177016,0.32674772878294495
0.020375,-0.08226365707185378,-0.5149358034951378
0.0205,-0.03876415984375339,-0.3855208161622217
0.020625,-0.05695283885308367,0.05722523179930727
0.02075,-0.03691896826600967,0.5796617134042344
0.020875,0.2932902950008732,0.29245313606099954
0.021,0.385712890079784,-0.18267587338698169
0.021125,-0.10764616665420036,-0.17722997731445114
0.02125,-0.6297751003902459,-0.16999768026269677
0.021375,-0.0022133002006805387,0.09706823271907555
0.0215,0.3699656492043537,0.5712815878413773
0.021625,-0.005397598073760683,0.39636032065251925
0.02175,-0.29495912122863205,-0.1922658784756149
0.021875,-0.3459039120512387,-0.46440587836157554
0.022,-0.2655292151338758,0.14464391295860698
0.022125,-0.01190089085764967,0.2741007526788332
0.02225,0.1866460019466425,0.10721632560921808
0.022375,0.2776242184294826,-0.005515094345341502
0.0225,-0.16400501772186427,-0.02637551585855423
0.022625,-0.43130691562950113,-0.08296211574719013
0.02275,-0.07942477576030901,-0.11098842598828006
0.022875,0.2650761957043008,0.1495092500365552
0.023,0.2807819912023437,0.4449952521853254
0.023125,-0.34589816845849464,-0.08846957999439004
0.02325,-0.33515249175667366,-0.33945965420913243
0.023375,-0.2867766565607125,0.07239448959392618
0.0235,-0.2035409164705215,0.5266614350742411
0.023625,0.16428308194606533,0.07680516700159014
0.02375,0.028042010838734407,-0.36407218794218527
0.023875,-0.0722995246905604,-0.42583334035457754
0.024,-0.4178407916363228,-0.2655612021615696
0.024125,-0.14769713639744342,-0.008301554616758272
0.02425,0.20106466227734623,0.3996679789004483
0.024375,0.05955259332064709,0.28885475972308616
0.0245,-0.36590620652270706,-0.24268337670857826
0.024625,-0.37288846814071336,-0.4478247608566938
0.02475,0.16186771027023467,-0.16858824662619737
0.024875,0.15961688121488657,0.3764938282873886
0.025,0.2611199395076428,0.1341612625269123
0.025125,0.40348568324906675,-0.2904814202705394
0.02525,-0.1731873765823481,-0.2604505125680124
0.025375,-0.5180131291411204,-0.17049694749787367
0.0255,0.11666639074487431,-0.21736257177482435
0.025625,0.5384771408653698,0.08561917475348757
0.02575,0.25932949956823365,0.11510001155628884
0.025875,-0.03812907801703166,-0.12075308921075492
0.026,-0.014805567480307532,-0.511434995034318
0.026125,-0.07732064990237103,-0.2559096872905806
0.02625,0.027694754744644397,0.17451413425738438
0.026375,0.12929442010635048,-0.02589039797454247
0.0265,0.20383722462220907,-0.4164436362005548
0.026625,-0.10282894059409511,-0.37002920815732
0.02675,-0.13957845544142228,0.005480890152695057
0.026875,0.05568470460528176,0.24680359982772668
0.027,0.684604132663243,0.2359477458362631
0.027125,0.4031852670442748,0.40588357932771013
0.02725,-0.1031284147491162,-0.06152654591868635
0.027375,-0.47113379398525496,-0.49517326143377566
0.0275,0.10545997356713695,0.032768939437770664
0.027625,0.18974173773916994,0.45528805416275164
0.02775,0.10507687726752253,0.23968307740506253
0.027875,0.433555913097766,0.06998236018119829
0.028,0.20363384382685504,-0.10838411584809686
0.028125,-0.45029716853846097,-0.03216016308317873
0.02825,-0.27140495254477787,-0.13423668659619764
0.028375,0.30298681091586754,0.1716076583378604
0.0285,0.503233629861022,0.37025307269374824
0.028625,-0.06746854551241019,-0.009976366213755777
0.02875,-0.13884501125024062,-0.227467432739488
0.028875,-0.21284846064904545,0.026152820188232558
0.029,0.02769949993704982,0.3744981945905252
0.029125,0.01334204665445164,0.4467590982588374
0.02925,0.3298835903755456,-0.18257851278946696
0.029375,0.1893288782421446,-0.34969932733069936
0.0295,-0.3244245868006203,0.13886964863293144
0.029625,-0.09232787473567411,0.027055084561282326
0.02975,0.558031430136328,0.024689186408198213
0.029875,0.5070200636596423,0.19731539288352135
0.03,-0.15819124782920257,0.04116650139537465
0.030125,-0.45359514741432333,-0.2787081551059781
0.03025,-0.053181196095247484,-0.21063305365448484
0.030375,0.08656421919443075,0.29704906839418455
0.0305,0.07731652911985334,0.29258515488938674
0.030625,-0.08497146321904227,-0.22513101298808896
0.03075,-0.11281613365345702,-0.17292584874207978
0.030875,-0.27343621698630133,0.03140111312719458
0.031,-0.22540476912475296,-0.06579877016083593
0.031125,0.18378294276275675,0.13834996713315734
0.03125,0.48407843141580326,0.33889044372556704
0.031375,-0.0691265553397291,0.057335685974895155
0.0315,-0.4907716953338426,-0.33526250649865796
0.031625,-0.47819760606493655,-0.2989125788331292
0.03175,0.13876952182763588,0.2651793446339549
0.031875,-0.06685434604451429,0.5324065846504886
0.032,-0.12414885822310691,-0.19738468820207095
0.032125,-0.0788456249152025,-0.486810603719647
0.03225,-0.34073979788437686,-0.10307715212855385
0.032375,-0.40915197399710646,0.22531163107342297
0.0325,-0.021548849387380775,0.15492284182633795
0.032625,0.33724597171719983,0.1012530268857334
0.03275,-0.12153678261614137,0.04006298898485435
0.032875,-0.42708731256548754,-0.25040496639528875
0.033,-0.2101432819103097,-0.3296723296379155
0.033125,0.2047640040462313,0.2018674042967802
0.03325,0.09419804822101281,0.4088651896068186
0.033375,0.008975028425705429,-0.12597685917694848
0.0335,0.05768750015722401,-0.5484169483811524
0.033625,-0.131076366434901,-0.44617138769887466
0.03375,-0.08328122644680805,-0.14584796613094156
0.033875,0.22786601599741416,0.11845335724927
0.034,0.5993691859566547,-0.2550704836817717
0.034125,0.2040045666687031,-0.19305395427224267
0.03425,-0.2555103407098586,-0.4769037657004945
0.034375,0.0037222273477222566,-0.4260749530714458
0.0345,0.4300846936427095,0.15736455673421282
0.034625,0.45853177835539566,0.3269454657793906
0.03475,0.12332373104825174,-0.26242622400018595
0.034875,0.0429376466677683,-0.5868334487541199
0.035,-0.1718844750937108,-0.22119797693827226
0.035125,-0.18709693658174192,0.10035057352498067
0.03525,0.06315339307801023,0.07303617537489873
0.035375,0.5853364478062594,-0.20623894675516252
0.0355,0.4069704696427594,-0.05846523747041916
0.035625,-0.36206785305319633,-0.08891970795213416
0.03575,-0.27972338683136366,-0.20951084955628616
0.035875,0.1761363796389897,0.2246360845352577
0.036,0.48375156329096325,0.9209967294136215
0.036125,0.23394992205963847,0.35478687013422583
0.03625,0.1961205507316347,-0.23028387398605715
0.036375,0.1191804726136719,0.06454499624472701
0.0365,-0.23247719496201985,0.29913899770346086
0.036625,-0.017339357107476205,0.40995805038340094
0.03675,0.38414888878222075,0.09016300568463785
0.036875,0.2498824073611125,-0.00028667224942083747
0.037,-0.3170620716108844,-0.1460767664948007
0.037125,-0.40177402114766997,-0.11207410028081063
0.03725,0.13445507903841822,0.1671095854183684
0.037375,0.3082484468230143,0.3917069525280598
0.0375,0.06877545418957343,0.20491958040502475
0.037625,-0.3198489017632578,-0.29285170113635917
0.03775,-0.3327333424417445,-0.09962418561235221
0.037875,-0.2471373115001107,0.15047228145151628
0.038,-0.04873830774105319,0.3548487208230702
0.038125,0.5850331731709476,0.19091755466556776
0.03825,0.24921210602076566,0.17725720002007894
0.038375,-0.3515901198509074,-0.01647623489999071
0.0385,-0.49333032219185646,-0.24676447990995598
0.038625,0.09670049239462282,-0.09532408657018704
0.03875,0.14125128676196602,0.31466153850740597
0.038875,-0.12778975849079505,0.1543296627427088
0.039,-0.2000473262985414,-0.3164104056461989
0.039125,-0.2151995552276592,-0.1261313474219415
0.03925,-0.19427387285021622,0.1955209538040536
0.039375,-0.00022889184361420898,0.24130675178311184
0.0395,0.6031980029255175,0.0015642892019079818
0.039625,0.3932651241844849,-0.14953382753392447
0.03975,-0.6237788428733071,-0.19166525867212938
0.039875,-0.5596047643973414,-0.30432506542470494
0.04,-0.010358701226802802,-0.04656622362561845
0.040125,0.2164406501960033,0.3029755513658203
0.04025,0.19907684625252914,0.22426396748857588
0.040375,-0.26925146787116455,-0.21164425003665321
0.0405,-0.3273405894044639,-0.3978740327839974
0.040625,-0.20148302985804958,0.07860697601168021
0.04075,-0.12599190631412358,0.2873481467623392
0.040875,0.12948480258328912,-0.06932517522992164
0.041,0.05709885253894,-0.34828340363657145
0.041125,-0.28934945221777025,-0.07506795840001862
0.04125,-0.5539261736770086,-0.135158689345575
0.041375,0.08341495530022468,-0.0744003969557209
0.0415,0.6004545870783181,0.39921474051786504
0.041625,0.17167245437781134,0.4372125525722958
0.04175,-0.32758915733872795,-0.45880442106707403
0.041875,-0.0499541046398045,-0.6641238770918172
0.042,0.05462151291060241,-0.09029296141228918
0.042125,0.23879531803725199,0.19635335845712568
0.04225,0.4099074007906747,-0.04295565917865112
0.042375,0.1949600161887763,-0.3883085319496754
0.0425,-0.20981735009711527,-0.314275675266555
0.042625,-0.22028980801486064,-0.17770373120915273
0.04275,0.35361922983103466,-0.12194969901514385
0.042875,0.7532562610266497,0.10613627416703181
0.043,0.24720750715710194,0.03048072698530359
0.043125,-0.18588701282436154,-0.45462662832118406
0.04325,-0.09712881016792839,-0.5590949614140599
0.043375,0.15538972156467662,0.16399493367574217
0.0435,-0.09718247719205474,0.4780503755013473
0.043625,0.22741122627624724,0.09272289782044359
0.04375,0.4887768394671409,-0.2983129167623925
0.043875,-0.07548834086519011,-0.07808321764467775
0.044,-0.6250312772405935,0.08862440916285332
0.044125,-0.07108173279276997,-0.016310877172346624
0.04425,0.564424013719863,0.2555979122947876
0.044375,0.5548365746475465,0.23124799774980775
0.0445,-0.11253913336419578,-0.17927821486331338
0.044625,-0.28258754865774394,-0.2715546861120729
0.04475,-0.15097410050314627,0.24760733652224398
0.044875,0.13577152651250174,0.5134964870205877
0.045,0.14360242150344799,0.3273153018460419
0.045125,0.11401626457930794,-0.1737306809125666
0.04525,-0.4202338094500312,0.018785330840474682
0.045375,-0.42224067186052977,0.05160849026646427
0.0455,0.02845205457607304,0.045813999061744395
0.045625,0.7355198018681183,0.2687018994013245
0.04575,0.22798609601970418,0.3865214170877669
0.045875,-0.2775528424046183,-0.1500217545916483
0.046,-0.6272107958763398,-0.5431784728403904
0.046125,-0.2076736036794299,-0.10585226937073171
0.04625,0.06459028377717099,0.47585677824534184
0.046375,0.2476131173532707,0.49235983568292085
0.0465,0.20861546874058204,-0.014434749376517302
0.046625,-0.2544580552050697,-0.24855414592089975
0.04675,-0.4629139583485285,0.10572050510941927
0.046875,-0.30314861012052424,-0.007910715525182894
0.047,0.4692515574154016,0.16275141342198246
0.047125,0.5002843258392278,0.21143816643541713
0.04725,0.04551980174976121,-0.28456641630452584
0.047375,-0.36557681221387606,-0.31314720937314194
0.0475,-0.022044438068088222,0.03652815696608614
0.047625,0.2946698613714245,0.5246676539841814
0.04775,0.1347458914996465,0.26832735639408795
0.047875,0.367695692717423,-0.3930731459321525
0.048,-0.20840700557974032,-0.5486618925564202
0.048125,-0.6264814159028406,-0.03751954142221313
0.04825,-0.3849825026005015,0.07546347034133472
0.048375,0.36651125269099355,0.035784854874160645
0.0485,0.44888375625734006,0.28213563860252083
0.048625,-0.15783612277419357,-0.066779747971522
0.04875,-0.6370581544413354,-0.5833953345460927
0.048875,-0.46639214042346705,-0.11014456850367702
0.049,0.10948144192084884,0.3109170520140121
0.049125,-0.22615222705362156,0.25826401378380276
0.04925,-0.07640344184031508,-0.24734383216096598
0.049375,-0.08657159863937124,-0.4587692775877654
0.0495,-0.40808691640152184,-0.14120512667986063
0.049625,-0.1845530316534892,0.006632758207577201
0.04975,0.2505273821456611,0.2854856207319807
0.049875,0.2049009413530562,0.13171387007108468
0.05,-0.20775595775086544,-0.011268513296872356
0.050125,-0.5984163723025646,-0.6955514491261584
0.05025,-0.07507374831681539,-0.35752061715632394
0.050375,0.30082272989122216,0.3281694998147126
0.0505,0.15156832125563344,0.5554109226389441
0.050625,0.24320251306506238,-0.12850146167404405
0.05075,0.22884160698037925,-0.6101672517963573
0.050875,-0.2622980928074679,-0.3469451075220744
0.051,-0.23824129952359374,-0.2199327931172845
0.051125,0.4143744267701539,-0.037198296947215305
0.05125,0.6854961290925143,0.009509287542559834
0.051375,0.09596387507963199,-0.16094572896975878
0.0515,-0.18275125915574264,-0.6285077341399593
0.051625,-0.1066807552181733,-0.14049202771564612
0.05175,0.32463888890188236,0.21718824941702194
0.051875,0.23711147756200085,0.20132505950332108
0.052,0.16285468807912098,-0.30832225166049415
0.052125,0.06650361121255124,-0.3185565473371111
0.05225,-0.18818590145114408,-0.011760621130631194
0.052375,-0.05864092735024021,0.30474014476580724
0.0525,0.38897425196725666,0.25134641922763695
0.052625,0.7418386036106235,0.42704830287622625
0.05275,0.050800513589100385,0.17448756543637423
0.052875,-0.4038722670529326,-0.35915358430820016
0.053,-0.2678489326754194,-0.3483629408640845
0.053125,0.11048491561132977,0.22188318672434032
0.05325,-0.004879789461035913,0.6699846274813217
0.053375,-0.3044161434486523,0.046372396807585814
0.0535,-0.1711923941306335,-0.2792296220684327
0.053625,-0.02016008457816394,-0.1006148573399896
0.05375,-0.24943962603637893,0.3939337355581188
0.053875,0.16115934310847782,0.1109227286305418
0.054,0.6239278895230455,-0.004777058875749275
0.054125,0.06814994814091732,0.29795577030776405
0.05425,-0.655995202372214,-0.14060983163326932
0.054375,-0.4495950523547249,-0.11948377424102835
0.0545,0.21784455029262623,0.49696484938904856
0.054625,0.273518484147127,0.792823463219821
0.05475,0.13768831546328023,0.17626987918894874
0.054875,0.02400222592220969,-0.3324897313641824
0.055,-0.04942627725436864,-0.1776134442507429
0.055125,-0.1464856855760613,0.15342056612255503
0.05525,0.16545838362977325,0.1102749595604941
0.055375,0.7182101018705451,-0.16344689538070517
0.0555,0.07587863102280602,-0.13178726443252095
0.055625,-0.7133795704380425,-0.0281331793232901
0.05575,-0.38693357225327074,-0.16483617093018835
0.055875,0.15739169305207443,0.1524204661402202
0.056,0.2177603054773062,0.5827578070513083
0.056125,-0.0005201093589336862,0.0454050808864929
0.05625,-0.08352362102318217,-0.5813314421933536
0.056375,-0.25352235150866564,-0.3765883733224709
0.0565,-0.4643342226948253,0.10031767463724042
0.056625,-0.30733101909321686,0.2927906624332562
0.05675,0.3720453751207301,0.1812773407015531
0.056875,0.26418768399938064,0.0010708007709179543
0.057,-0.25584443217808217,-0.06659724299136092
0.057125,-0.4007665549099786,-0.23988487985617532
0.05725,-0.05944122162788108,0.2657865633518273
0.057375,0.04124751609899806,0.48415334248722547
0.0575,-0.12303829205231025,0.021065319506398106
0.057625,-0.19272468347583593,-0.6301706931661278
0.05775,-0.08955402828301406,-0.3499746460462017
0.057875,-0.2357141001530209,0.017151798327875417
0.058,-0.057064589923054736,0.13580634076256137
0.058125,0.3791884306578474,0.16002246825824085
0.05825,0.24846507936241416,-0.31045481682106874
0.058375,-0.5335765675587603,-0.3882391449568578
0.0585,-0.3837815460682256,-0.47046006906614923
0.058625,0.36259319067851936,-0.23007129427864317
0.05875,0.8202237333421187,0.3205891181441272
0.058875,0.46965196649929397,0.15364676063184346
0.059,0.10778290406811376,-0.3581936205120759
0.059125,-0.047135189908742964,-0.44645082862174174
0.05925,-0.36109783048540056,-0.1038319524957546
0.059375,-0.14690543386543586,0.06845096751011283
0.0595,0.45883353653125736,-0.1725494820605241
0.059625,0.2730609339696699,-0.27226243089985325
0.05975,-0.5209819096249843,-0.09049496391513134
0.059875,-0.5501491037757896,-0.2608409428025529
0.06,0.12596540192107414,-0.15758268877128395
0.060125,0.4015717332951382,0.2091281564674274
0.06025,0.5424039387236498,0.1981464068747672
0.060375,0.16828765536686077,-0.35387641282683474
0.0605,0.16562097090530511,-0.4123273481158627
0.060625,0.025438252061155936,0.26843629394862234
0.06075,0.17934397427001902,0.6474696661066425
0.060875,0.2501569011873913,0.31030237735192984
0.061,0.4059710033008402,0.17169122156798156
0.061125,-0.2819317586064547,-0.0796706793892319
0.06125,-0.4009499964754378,-0.1644247920115003
0.061375,0.0008870075447040066,0.05185946432731077
0.0615,0.5898129584452455,0.5048770912435477
0.061625,0.1030489897833319,0.3764769495956083
0.06175,-0.2213168699575625,-0.29179704128494655
0.061875,-0.419585486129643,-0.5004696021834137
0.062,-0.021171454727211696,0.0959015225754563
0.062125,0.08548288318224866,0.6352883854445777
0.06225,0.49167785315720064,0.3614787652635153
0.062375,0.30245075950293543,0.0940882771464153
0.0625,-0.23796731380655745,0.06156087797422415
0.062625,-0.746256575132587,0.06467494204582526
0.06275,-0.024350827833765874,0.031738305784939
0.062875,0.6376924768522835,0.2710588541771853
0.063,0.2513836140975352,0.25500296943629347
0.063125,-0.25044194689405314,-0.2767260235604574
0.06325,-0.2501786779978029,-0.3558718737121736
0.063375,-0.10259241312137886,0.04975251147399124
0.0635,-0.24759142053213892,0.6106217438291963
0.063625,0.22423143872064816,-0.013763934759160214
0.06375,0.3269671540311597,-0.30296358962270625
0.063875,-0.1941968662408227,-0.21833898840571542
0.064,-0.6387321085016252,-0.13389128353125448
0.064125,0.08380952772218013,0.015495133800590838
0.06425,0.5830668550579665,0.3469881679296118
0.064375,-0.02852707129527955,0.3125248137293835
0.0645,-0.4628774525699048,-0.16259106601793888
0.064625,-0.5891347268511062,-0.45768482427724544
0.06475,-0.12003559881491724,-0.01292961408476863
0.064875,0.05323429874089475,0.3115362561641194
0.065,0.12759793047759324,0.06582201105475224
0.065125,0.021863852057711526,-0.14608846946950477
0.06525,-0.6093105055539004,-0.25785504112797103
0.065375,-0.7707066087282844,-0.0783851951547241
0.0655,-0.3801514328303518,-0.13407349795662343
0.065625,0.5420943117452767,0.14944579772008532
0.06575,0.2190812403156577,0.3382070321273568
0.065875,-0.33619660667462714,-0.37360461063156075
0.066,-0.35187487424638814,-0.544310579170399
0.066125,-0.2972876341203835,0.12133957095392427
0.06625,0.03802564635665188,0.48786974590027127
0.066375,0.15120208219587392,0.12387063322656974
0.0665,0.26356011909516314,-0.4708325734576676
0.066625,-0.058024703782737046,-0.44758167292827006
0.06675,-0.3067041606877413,-0.2613884870033286
0.066875,-0.20547521950531436,0.008634094350210375
0.067,0.5473053370627746,0.09646592829558479
0.067125,0.21773092205067088,0.10276175423655914
0.06725,-0.15111123040402896,-0.4478835955955056
0.067375,-0.2972626963585647,-0.7055839858941697
0.0675,0.11333249942657576,-0.21217237999287186
0.067625,0.38104962872238934,0.4704088813383637
0.06775,0.32377683486981595,0.19476877739175602
0.067875,0.4119816306331616,-0.05827128559193471
0.068,0.21270416893792737,-0.3080850813350783
0.068125,-0.2775953606012349,-0.20914454136643212
0.06825,-0.23461490894524242,-0.15185796170684768
0.068375,0.5331564049702917,0.1329581663634667
0.0685,0.6847338123542684,0.288575290345152
0.068625,-0.0073958255926329375,-0.09048378181430963
0.06875,-0.17151900551648214,-0.5624533116532879
0.068875,0.08391235128017052,-0.21837899712201553
0.069,0.1566260353125595,0.5118338900716644
0.069125,0.01221930842097837,0.3416928334785273
0.06925,-0.059821701776627,-0.25967174574057716
0.069375,-0.16182890723110308,-0.15003379945506462
0.0695,-0.2759495625983902,-0.030647668331266645
0.069625,-0.022534061229951448,0.33354749852117843
0.06975,0.49019998235807677,0.1841607241729427
0.069875,0.6255756430361279,0.10969370134714894
0.07,0.02004832581169649,-0.05421345222126651
0.070125,-0.38526532073883885,-0.17479202307218222
0.07025,-0.1108681492850157,-0.026118156874684953
0.070375,0.10935531994723247,0.38475693518432175
0.0705,0.11531594910836536,0.3863896962927787
0.070625,0.10339598668363503,0.05423429424293218
0.07075,-0.09510064950773832,-0.07383598060579492
0.070875,-0.29495141099397243,0.03013543444791832
0.071,-0.14563545102563144,0.21293131274415245
0.071125,0.42497331256855675,-0.08367203944623923
0.07125,0.2640372062032942,-0.17575153389393144
0.071375,-0.22885526835339273,0.051652865389436815
0.0715,-0.5649750177125457,-0.27863448089686593
0.071625,-0.009259380342511269,-0.11211110143146018
0.07175,0.3010689538469805,0.591236571920939
0.071875,0.16778944876367552,0.5510436187155862
0.072,-0.09908721442592065,0.18297953355508548
0.072125,-0.09514520230077596,-0.22279051803239586
0.07225,-0.31427067234131606,-0.11044283914016825
0.072375,-0.17831705116419921,0.12590381596057793
0.0725,0.3269992180555573,0.16270199459400844
0.072625,0.24912530379646605,0.03241207187125081
0.07275,-0.21097987638913912,-0.05726514263487791
0.072875,-0.688952525679836,-0.2900304103374241
0.073,-0.2736048731766567,-0.05668600352002184
0.073125,0.09893263866090321,0.41776282259446706
0.07325,0.19244685145831877,0.35582277812698554
0.073375,-0.1326528746638433,-0.21310647280959774
0.0735,-0.08245847104965219,-0.36883536358460867
0.073625,-0.40859112984857354,-0.016249521429096407
0.07375,-0.5734317150813447,0.14331110276799913
0.073875,-0.10937321759432025,0.12463121721205021
0.074,0.5678610767461897,-0.1335248365925213
0.074125,0.23687751979954766,0.02632064196867387
0.07425,-0.4827436650218428,-0.3406944740850846
0.074375,-0.2507881974459566,-0.2839422913598336
0.0745,0.01746206837882718,0.22246742813390175
0.074625,0.22433198014222425,0.2620381957303737
0.07475,0.08158211655447987,-0.08016363311475529
0.074875,0.06651318278315492,-0.3607935413982562
0.075,0.011720710457084848,-0.3888214175210208
0.075125,-0.19281120579463065,0.07535230883271032
0.07525,0.17608432158110196,0.1785407310849843
0.075375,0.4552771471262315,0.08309093919543502
0.0755,0.06522099648300997,-0.3436812245394586
0.075625,-0.3108798962529643,-0.26040309627317626
0.07575,-0.1695721438989681,-0.5496915036877673
0.075875,0.5610380089135975,0.00266361820940741
0.076,0.42204159921465356,0.3613601456761878
0.076125,0.05351328228233275,0.3331493836554302
0.07625,-0.09786337095635546,-0.5389879389486277
0.076375,0.0890602372446994,-0.2779174452988501
0.0765,0.08524467896414843,0.007024829147994915
0.076625,0.4055596402200094,0.14627275694181285
0.07675,0.4086671761278385,0.07203105486899489
0.076875,0.13944452618495748,-0.06651527573337186
0.077,-0.5162212442676958,0.014060350161134402
0.077125,-0.408091762435125,-0.1800594034941146
0.07725,0.3877309266840632,0.09331714532043996
0.077375,0.3838058642656504,0.5745769696988409
0.0775,0.2861431696061036,0.12947473200792953
0.077625,-0.00688013710662301,-0.2049260341790107
0.07775,-0.19647624861085963,-0.11544007888961669
0.077875,-0.11271029292782435,0.4959819669422993
0.078,-0.0593742906109687,0.4834955226954973
0.078125,0.27247308783556634,-0.07380646282062867
0.07825,0.4204508611409874,-0.16979056605829612
0.078375,-0.3794863419180689,-0.1321813549482368
0.0785,-0.38316369395788497,0.16566893099938362
0.078625,0.2554100676118973,0.3598591127273097
0.07875,0.47962780997179005,0.46388128754312496
0.078875,-0.07268260694522483,-0.018303768127414913
0.079,-0.0888972024714797,-0.2944043405560579
0.079125,-0.17083187986551782,-0.19303579728466683
0.07925,-0.1798287954827532,0.5356011503606711
0.079375,0.058736563387962674,0.5960737768974097
0.0795,0.4911564914018555,0.24868604194989097
0.079625,0.5859855661223909,-0.2502607161433684
0.07975,-0.22851743398185131,-0.09876022348857372
0.079875,-0.34634934708594367,-0.22312544749106733
0.08,0.006693656085170828,-0.1388416275980598
0.080125,0.39449945113920354,0.34965428214100974
0.08025,0.04867160569589766,0.19751220114718063
0.080375,-0.09231445750859493,-0.3613955054998009
0.0805,-0.01796512547261067,-0.45855133545618276
0.080625,0.03658224768765044,0.17503877077986404
0.08075,0.014061055423154525,0.453219350589446
0.080875,0.19209104644377867,0.03594243242384451
0.081,0.22207906824728074,-0.2993538743881899
0.081125,-0.44294906089892544,-0.20548554850485273
0.08125,-0.5001191062229229,-0.20084020918769932
0.081375,-0.04166230233131248,0.14379671709162137
0.0815,0.6046128846573363,0.583866991332127
0.081625,0.17193185633103913,0.40204249725927504
0.08175,-0.3355519628020732,-0.25925521850937266
0.081875,-0.4151363372737314,-0.3325839734449843
0.082,-0.13870167293937882,0.0053670376715415635
0.082125,-0.08324958103647846,0.23038764426185454
0.08225,0.11377050374611763,-0.0552180842044988
0.082375,0.02522056930082867,-0.16783726615840747
0.0825,-0.4290877205978126,-0.15621204061781055
0.082625,-0.6831926884904326,-0.16141654933911145
0.08275,-0.1673258925112506,0.08193003475757826
0.082875,0.19028249452011775,0.1135531330087151
0.083,0.02520174112536043,0.21618153043075533
0.083125,-0.43782378508806324,-0.4707192961141642
0.08325,-0.22782718434627403,-0.5610012480554634
0.083375,0.12046110842642231,-0.0299306734548786
0.0835,0.14357571615958398,0.4601120771870646
0.083625,0.15594724573817106,0.16259765493534115
0.08375,0.3214889002122376,-0.3337931113764676
0.083875,-0.1349307350876767,-0.3141587597145594
0.084,-0.32115819994844996,-0.2003277053962021
0.084125,0.07021983625783244,-0.0998065953068748
0.08425,0.42324935218891574,0.10788002298990143
0.084375,0.24240300057393582,0.09227409742881096
0.0845,-0.0913655975805085,-0.5003712779838039
0.084625,0.07939689288136698,-0.3852422940085749
0.08475,0.23529323318695947,-0.18208451029999984
0.084875,0.17154694607150042,0.2242598459740582
0.085,0.2229516444751335,-0.04802487955585905
0.085125,0.34444472037262625,-0.5018827776900083
0.08525,0.17280689732530832,-0.2173708948684894
0.085375,-0.30856313272516767,0.0559214518286201
0.0855,-0.10638177959459902,0.03171604034615443
0.085625,0.531394571499328,0.3208780911764948
0.08575,0.15318699229974034,0.2142215707927651
0.085875,-0.12849442384564944,-0.21207804592230206
0.086,-0.33891358081076894,-0.31593291399788537
0.086125,-0.21340570882723006,0.11094626417574367
0.08625,-0.22307112528915624,0.6061356024575897
0.086375,0.2235558346429269,0.3274201849026456
0.0865,0.5558547339946781,-0.03070845819005759
0.086625,-0.22402535860077527,-0.014512100463029044
0.08675,-0.6035512726391226,0.2262157058580093
0.086875,-0.17201450134375684,0.18872253364529154
0.087,0.48499212294935606,0.13783791099339635
0.087125,0.6863081626285188,0.21641628024351714
0.08725,-0.060227518801739995,0.02708227229592287
0.087375,-0.012184089387688257,-0.27018666177774614
0.0875,-0.06171328148791563,-0.14928464965326022
0.087625,0.06674097773138586,0.49955766160939263
0.08775,-0.154588068140317,0.26923187029820506
0.087875,0.18196948214283595,-0.2366526606861686
0.088,-0.039225659011367646,-0.29100151809338537
0.088125,-0.5255203723448771,-0.19500283106045763
0.08825,-0.19929630215657895,-0.016489915285766044
0.088375,0.3902035039889047,0.2607223871956504
0.0885,0.43538355610813506,0.38073840976671813
0.088625,-0.1995421833465652,-0.030862164951995442
0.08875,-0.5641377820989135,-0.4471643968110432
0.088875,-0.055951341037061786,-0.16914140806200736
0.089,0.2748960141584599,0.5331335859467048
0.089125,0.2060718134449171,0.6238248586559634
0.08925,0.30712525941006313,0.10272819657225192
0.089375,0.09636561627740696,-0.10039600246499086
0.0895,-0.4431207371601046,-0.17404269736922073
0.089625,-0.5202216992324322,-0.013327713158144119
0.08975,0.2885587568928804,0.11139160101970037
0.089875,0.29857474206924584,0.06584884053966429
0.09,-0.13685493547503327,-0.13633886441897192
0.090125,-0.5088225914957306,-0.40978939940282844
0.09025,-0.4045766566775683,-0.1611523736303184
0.090375,0.14491828429709402,0.3177890938959628
0.0905,-0.007695666257967256,0.2905434465468644
0.090625,0.022114257050460228,-0.05812169101279436
0.09075,-0.12381507222528775,-0.5295424033876274
0.090875,-0.5804982281069246,-0.06927121897727177
0.091,-0.35565504031206713,0.17675913217446748
0.091125,0.327372262732858,0.28338859083261875
0.09125,0.5381576199141821,0.11842831800518829
0.091375,-0.07674140932494239,0.06927389432078512
0.0915,-0.5071010633176548,-0.47023184524063527
0.091625,-0.0008563306324195565,-0.33672314215344545
0.09175,0.17738937059692447,0.1399542975437099
0.091875,0.1684285091803397,0.2073893771087746
0.092,0.0707192596696828,-0.13476438408455482
0.092125,-0.14004424679587127,-0.5308630949080799
0.09225,-0.3497250603969684,-0.18517734386080015
0.092375,-0.21509529699726612,0.010264137734617205
0.0925,0.26282641488725234,0.16659302099341866
0.092625,0.5461489683857919,0.08001367238779335
0.09275,0.10124741851044451,-0.16410686737135594
0.092875,-0.35042092693193855,-0.44358401842512224
0.093,-0.11561090439208108,-0.30738960832951756
0.093125,0.6332858277232989,0.3511781444725141
0.09325,0.44176365987632976,0.2602614439870669
0.093375,0.27091271062735817,-0.1377473527938268
0.0935,0.26319990011435435,-0.3509477454745914
0.093625,0.007875208934628133,-0.10861143708348325
0.09375,-0.06468887044636801,0.15356377148125466
0.093875,0.38737313978244625,-0.1537812451759308
0.094,0.5619836112124589,0.17366117393379588
0.094125,0.08885439227805102,-0.07328230813111218
0.09425,-0.35901749306020037,-0.20470667703590356
0.094375,0.03498032865755334,-0.0311209914320722
0.0945,0.1892648422851289,0.3691764533070205
0.094625,0.3326645555685533,0.4722688236308694
0.09475,0.1308944103363844,-0.021922926254541963
0.094875,-0.13339158736430082,-0.33648184326362296
0.095,-0.05995837733140403,-0.06727288085512428
0.095125,-0.20830881061524342,0.39001867379792793
0.09525,-0.19222039732671453,0.30203256685757573
0.095375,0.3092141732584601,0.17225078186602036
0.0955,0.20126088957183963,0.14079865842843292
0.095625,-0.3500995970264199,-0.09695565377469122
0.09575,-0.29125009808213986,-0.10427376140000176
0.095875,0.35373894817615825,0.2941081548690422
0.096,0.27517225185942795,0.596381449215771
0.096125,0.04460656268737718,0.02506944247810205
0.09625,-0.015095538833059984,-0.3402713543865311
0.096375,-0.28617650598443534,-0.05937979289499765
0.0965,-0.17689766499412957,0.3188321077716824
0.096625,-0.044399066559975435,0.24259124993456463
0.09675,0.2578928234185419,0.17515925330022816
0.096875,0.11997340724257853,0.007597285229950029
0.097,-0.593636660052719,0.02197883646622278
0.097125,-0.49868148313118377,-0.05467476971339098
0.09725,0.1521784025558027,-0.08294245058707822
0.097375,0.3132562249057319,0.29396482836877935
0.0975,-0.18845116012598223,-0.06894571634696171
0.097625,-0.21040039086055964,-0.2965595435302537
0.09775,-0.07142991174027777,0.002337027045006714
0.097875,-0.22129053073299199,0.25631207732584427
0.098,-0.045693768262914054,0.24471802821707184
0.098125,0.3032270588036964,-0.05652222982705178
0.09825,0.2124584917850251,-0.09691350683416916
0.098375,-0.3656686062905981,-0.2666348409552401
0.0985,-0.4679254398512484,-0.026730401017124428
0.098625,0.10886206941221194,0.13442423181127378
0.09875,0.32297994189230644,0.3311211001257091
0.098875,0.029877344618830994,-0.07076959437590416
0.099,-0.39702570630794043,-0.5347340027689593
0.099125,-0.24004177606540247,-0.37570453828235634
0.09925,-0.2077756110881676,0.1987896761775669
0.099375,0.08669612924398853,0.27714455165166674
0.0995,0.29587900864991823,-0.20265361920021482
0.099625,0.028160536874759886,-0.17589420855081803
0.09975,-0.5393058213590822,-0.13156514778653952
0.099875,-0.5099409388570423,-0.15121829771998635
0.1,-0.006351297926891451,0.0012293086282717878
0.100125,0.5843864167957994,0.29449274615779575
0.10025,0.20232059063795457,0.08937915347358526
0.100375,-0.25108368286472854,-0.19309034378532539
0.1005,-0.23380848191313805,-0.43656460624883703
0.100625,-0.11229339572320152,0.03932740463936291
0.10075,-0.012877686991865403,0.39197555437258896
0.100875,0.5158718238626064,-0.013714887812224498
0.101,0.5923543876168321,-0.29377016485371704
0.101125,0.05205506251813102,-0.27800522242608783
0.10125,-0.33862801147051547,-0.061401364423274894
0.101375,0.1074322435189367,-0.0007130943662734914
0.1015,0.5987201744020698,0.20855129278227977
0.101625,0.511662288595144,0.011414346186158473
0.10175,-0.0346776790908324,-0.45645172817270335
0.101875,-0.07752651813177906,-0.3115648222761212
0.102,-0.22168471616299787,-0.012021195705737864
0.102125,0.0937692505450059,0.41847972551162416
0.10225,0.24545345600400278,0.20814209843417505
0.102375,0.26781653563781804,-0.11277574977803895
0.1025,-0.022657154443771973,-0.11074779065775271
0.102625,-0.37322514070070817,-0.11878089415135727
0.10275,-0.11721132207168751,-0.09900369746948692
0.102875,0.44429281324525915,0.5260535166224399
0.103,0.14295022074802327,0.5077478770184354
0.103125,-0.09002671452301919,0.025276832300876177
0.10325,-0.04087821767513105,-0.2073312068022737
0.103375,-0.047894109082657337,0.16580114451945013
0.1035,0.022584863075053044,0.48732122103486303
0.103625,0.018575959576178174,0.3091307266286663
0.10375,0.29796039222704174,-0.055705931822501276
0.103875,-0.22835861811336963,-0.1251135321680998
0.104,-0.5156996070120923,-0.07080477779396278
0.104125,-0.25015497187395386,0.047467760894150064
0.10425,0.17898954741398934,0.22337860434429305
0.104375,0.24858816239765122,0.23770117648447342
0.1045,0.019172456023959887,-0.059826992165225024
0.104625,-0.12970349040689952,-0.22048008555154078
0.10475,-0.08105145491648116,0.035312346302847346
0.104875,0.22661751169610214,0.463257732866234
0.105,0.10857396634010483,0.18966679869029568
0.105125,0.09810189016930884,-0.22070953403248653
0.10525,-0.30493966447436355,-0.03024057263357602
0.105375,-0.32944509079550066,0.05319285893318665
0.1055,-0.05807002550243894,-0.1287768892735121
0.105625,0.5767781972109687,0.015826555879985774
0.10575,0.18135807700388523,0.19034602059329273
0.105875,-0.10003945851928292,-0.12643331087848958
0.106,-0.3251370763219017,-0.4377647476348471
0.106125,0.04144126408343958,-0.29772760793572095
0.10625,0.03945729071999006,0.26867366168480294
0.106375,0.05180791405782921,0.18835410726656798
0.1065,-0.09385526887194567,-0.18767228495651025
0.106625,-0.355584062672389,-0.12296309353451931
0.10675,-0.40346170018365585,-0.01448866401041924
0.106875,-0.29603846508574977,0.2229383884364757
0.107,-0.09238316212054067,0.19250657150930536
0.107125,0.11064888242805776,0.07743607815269986
0.10725,-0.28118906031199725,-0.26194792125271166
0.107375,-0.4212573633504737,-0.5192071383323987
0.1075,-0.11905030607724887,-0.08645990361783037
0.107625,-0.2139641879780107,0.39398745111031475
0.10775,-0.059634545854876,0.25645093903283467
0.107875,-0.06723285133451333,-0.2748219936402381
0.108,-0.11956837153116666,-0.45403535982184395
0.108125,-0.27789727354073573,0.025151932660235417
0.10825,-0.14253376032662185,0.09458827211376473
0.108375,0.2941534709524713,0.070891672798405
0.1085,0.38134499349649026,-0.13078017679498666
0.108625,-0.026999602109392243,-0.061108063362747066
0.10875,-0.22522766053316776,-0.3801665547658979
0.108875,0.021019362304690484,-0.1748136031123017
0.109,0.22133288638647142,0.0035506845514471346
0.109125,0.28517231084520617,0.040034625160013146
0.10925,0.4915225368909698,-0.26845659790564663
0.109375,0.37106979628983594,-0.27992837304047
0.1095,-0.03608304119213328,-0.08937527704759855
0.109625,-0.057944905938084115,-0.13201371786403718
0.10975,0.24875192984395558,-0.039100256952951565
0.109875,0.36570753643252146,0.1874572827098083
0.11,-0.0689989531817518,-0.07003784727219203
0.110125,-0.4437659765097808,-0.11486079841681054
0.11025,-0.02065624644267726,-0.11500872150873165
0.110375,0.21095994166866947,0.35506982792832203
0.1105,0.10244294841806237,0.30736899400033496
0.110625,0.1575945761654507,0.023815938136493513
0.11075,0.11434300041980108,-0.20370559093032742
0.110875,-0.3072807927164188,0.012559193418123657
0.111,-0.1485129703007602,0.09439780899471019
0.111125,0.25241440580894203,0.3723443016938377
0.11125,0.4344539642691104,0.41314720394926213
0.111375,-0.0013161246791556745,0.35796961578639896
0.1115,-0.33922392365062237,0.019342099102271894
0.111625,-0.15708619227592618,0.0001873990175791396
0.11175,0.07575489556912941,0.22510037901120422
0.111875,0.1929257479754187,0.4228927002499363
0.112,0.22530745792196438,-0.12298948253706432
0.112125,0.23325498915612447,-0.15367802298533553
0.11225,-0.1614915437955608,-0.09374537958062816
0.112375,-0.40810373256984583,0.03676300120304286
0.1125,-0.12127785957786483,0.06374516859057404
0.112625,0.24446962529876198,0.027313838677848656
0.11275,0.06584893629544587,-0.009688996409464405
0.112875,-0.2938007218424538,-0.2742204040847322
0.113,-0.22784150000971845,-0.2037683381007824
0.113125,0.22801207909414486,0.32860748877359786
0.11325,0.0016170379146501605,0.4440378997025418
0.113375,-0.10365015880120883,0.14905857732587155
0.1135,-0.08368380095387433,-0.20991322541976284
0.113625,-0.3194176652577416,-0.11400316840458809
0.11375,-0.13737948197564853,0.07335077166935444
0.113875,0.33491704595458494,0.08958815440344212
0.114,0.46346037568690446,0.27169797841393367
0.114125,0.2578150833278679,0.12026060777783629
0.11425,-0.3124221728428924,-0.20803966844116126
0.114375,-0.17618486533022848,-0.39514673788155963
0.1145,-0.06350091208045164,-0.10084704765459905
0.114625,0.05394996867690225,0.18471536969623562
0.11475,0.029629959713114086,0.029036800435659427
0.114875,-0.23212487641261131,-0.27265711388751857
0.115,-0.134552722113548,-0.19957504570785717
0.115125,-0.3064627646038183,0.09311135455419561
0.11525,-0.06307054631896113,-0.009048740387000532
0.115375,0.23568767938209512,0.13025053672953016
0.1155,0.03231853972915156,-0.06807455904594861
0.115625,-0.4789141541230145,-0.11794263351803645
0.11575,-0.4901116114923147,-0.22658418726071858
0.115875,-0.11185435633520979,0.42279521145394994
0.116,0.043847952049429775,0.577856927256017
0.116125,-0.11688503182291181,0.03182962043316209
0.11625,-0.014034202663335216,-0.30528160365702
0.116375,-0.17992841483489455,-0.13102784114341273
0.1165,-0.1027425453298257,0.028735825597202898
0.116625,0.16605884582600017,0.15707920054786267
0.11675,0.34958876178944065,-0.1532599701284693
0.116875,0.238872005380564,-0.19360283503347026
0.117,-0.41324750229070617,-0.1542044823892696
0.117125,-0.414067512268379,-0.16277983553287587
0.11725,0.03142270991097151,-0.061913543862601166
0.117375,0.33300144328227543,0.16562141388944027
0.1175,0.057038352625128894,-0.07271114081700163
0.117625,0.28838746635607765,-0.5006950926767497
0.11775,-0.07503569904830691,-0.5004255079596808
0.117875,-0.26849950636587955,-0.12451634063299097
0.118,-0.18262941024402038,0.05767329824329923
0.118125,0.3896781741883166,-0.2000199027695957
0.11825,0.3035239574859178,-0.16096548136244893
0.118375,0.047558887653955065,-0.07421674915545014
0.1185,-0.1176721066227706,-0.04156727870550403
0.118625,0.5051225949895939,0.08678270864398516
0.11875,0.5479863387887653,0.4026009943201535
0.118875,0.07454704375299877,0.033413043041480815
0.119,-0.14811516474208902,-0.27569678820822563
0.119125,-0.11237852595281901,-0.2666213736916951
0.11925,-0.07240226677415078,0.07644456218839507
0.119375,0.04765464894403194,0.3862316076648786
0.1195,0.34106387379946534,0.13439545444073495
0.119625,0.27451225655877814,0.1524887986211567
0.11975,-0.4446546900580925,-0.028746895873204056
0.119875,-0.3234040461773763,-0.0962502341022709
0.12,0.071626730083235,-0.07002358085544191
0.120125,0.3380247501095828,0.33470997449191503
0.12025,0.06158415672103524,0.3688251315451215
0.120375,-0.31372937125132766,0.10818733106958853
0.1205,-0.2589679529147099,0.06789704018333062
0.120625,-0.20302670718672547,0.18547882767222507
0.12075,-0.07554959552435074,0.5108747451542452
0.120875,0.22058419163522364,0.07755916506984115
0.121,0.052343009447651336,-0.13673049134671839
0.121125,-0.09970117144799079,-0.23895244632512902
0.12125,-0.23364654991605807,-0.008421615415777956
0.121375,-0.15792834054184668,0.16154465144040467
0.1215,0.26840584705049025,0.4372920132844148
0.121625,0.023639151704034685,0.23304164705319438
0.12175,-0.23115564669042002,-0.3009091125124889
0.121875,-0.11157442234860886,-0.23488978535480445
0.122,-0.08150130863042333,0.22253591967799904
0.122125,-0.14892554407096636,0.36034246522673036
0.12225,-0.026932552381234903,0.01769901835750099
0.122375,0.14766645869805453,-0.2524860977022894
0.1225,-0.08765037535924285,-0.16158016006318496
0.122625,-0.2503471764356972,-0.04259046890772815
0.12275,0.05510355699073597,0.005163500777786703
0.122875,0.022782030216076915,0.05181838101540185
0.123,0.2645149209689978,0.07549022785546794
0.123125,-0.21824419770786538,-0.2686842970458437
0.12325,-0.08814856336307163,-0.30424012168183395
0.123375,-0.1079588809705285,0.10262587589069955
0.1235,-0.042366203346218885,0.2647775304109149
0.123625,0.06528340611962911,0.06717388234288423
0.12375,0.09609158297369237,-0.1364538539132952
0.123875,-0.31506912760838185,0.01667533676965965
0.124,-0.5581948434098359,0.07850276548303058
0.124125,-0.30352139904859243,-0.043095215211968824
0.12425,0.2422793038148805,0.03226604003851449
0.124375,0.1225332396261687,0.21214584219603896
0.1245,-0.31009906660997655,-0.19632329996090983
0.124625,-0.3028107321186613,-0.17189793415787386
0.12475,-0.10977596835735098,-0.030654787537942346
0.124875,-0.18224299902170574,0.14137751943304858
0.125,0.04850025370830302,0.08074710507276613
0.125125,0.26512590829788213,-0.12679489052483045
0.12525,-0.11037238516647363,-0.05629143558273955
0.125375,-0.008146944408788041,0.010411611996063445
0.1255,0.02250398368103742,0.10438776085249694
0.125625,0.2218780513378381,-0.19804176605089066
0.12575,-0.008665080411563438,0.02690466212201543
0.125875,-0.09493389073372181,-0.19974375723771157
0.126,-0.2846881227262231,-0.5974808805777879
0.126125,0.2157164341087966,-0.15002678697030572
0.12625,0.3524829088383745,0.22289970654480853
0.126375,0.18931782407465073,0.08526510135505719
0.1265,0.32550283027608856,-0.0921563497439153
0.126625,0.0737323420703948,-0.27907466903214506
0.12675,-0.2186803601650596,-0.1283611959977787
0.126875,0.0071307277757241124,-0.07629741083812522
0.127,0.4099398632797595,0.09553242357264881
0.127125,0.2617146267752672,0.12581832333177354
0.12725,-0.06334751036665606,-0.12048602386946522
0.127375,-0.06013784296901949,-0.13301824081005734
0.1275,0.17456992653286824,0.02441832076432391
0.127625,0.15406442727875555,0.24444952880830564
0.12775,0.0467166936933944,0.02907079778086718
0.127875,0.04349249043593609,-0.1530451955822021
0.128,0.009131336780869019,-0.02339034889741545
0.128125,-0.23277688986151499,0.08173789127377475
0.12825,-0.05607974873698959,0.13864201710165644
0.128375,0.21147187973315848,0.21914702230086347
0.1285,0.4012290026403914,0.2484149197572676
0.128625,-0.19469347892836925,0.08265593150190617
0.12875,-0.07903755201093204,-0.10590158444536484
0.128875,0.19107188204202818,0.0011578109832438234
0.129,0.19782888715215655,0.24598315413239846
0.129125,-0.056307060223419136,0.4143470386869478
0.12925,-0.13032925823063976,-0.1482837916840956
0.129375,-0.00041693754859043874,-0.16017457608526878
0.1295,-0.38481931053757973,0.0781772204801428
0.129625,-0.13134063569854362,0.18488180917605657
0.12975,0.31828362887912925,0.05784693169611289
0.129875,0.28345963427833937,-0.048733929884709766
0.13,-0.16492192524469984,-0.20792746279678787
0.130125,-0.4949951882179477,-0.19395775890843314
0.13025,-0.3300848797953267,-0.084898936944318
0.130375,0.033811332393250904,0.1881651512204761
0.1305,0.20512764195801472,0.24112096901022184
0.130625,0.2923242861541827,0.019616061876006518
0.13075,0.1576701819045715,-0.12818600574179842
0.130875,-0.03125941299243409,0.023533818190665273
0.131,-0.12272241402297622,0.11745503040778804
0.131125,0.23224511417009433,0.04270871586888283
0.13125,0.31639724242938233,0.09692325950170944
0.131375,-0.2737710437161986,-0.05663776507448408
0.1315,-0.557237699081301,-0.17382599707210078
0.131625,-0.40438892531270076,-0.09772397296306341
0.13175,-0.11572184946511302,0.34235299076771974
0.131875,-0.07275234334127839,0.29772525056390925
0.132,-0.1121580975854507,-0.11608648026903792
0.132125,-0.3242282535333668,-0.4222478664712127
0.13225,-0.397538693097957,-0.2671439886962338
0.132375,-0.3554444097700578,0.0990141764053146
0.1325,0.13011011774095832,0.07147773199659449
0.132625,0.29859034548721153,0.1836249711049414
0.13275,-0.12765788329203293,0.031300178159686685
0.132875,-0.41432639612807287,-0.193989840677065
0.133,-0.18651300322538233,-0.12201785336245673
0.133125,0.17691513856048788,0.23901949607445783
0.13325,0.4142019899660162,0.25142126194857944
0.133375,0.26337619226208275,-0.1479971843144857
0.1335,0.13193556208924972,-0.42718247891475625
0.133625,-0.006923575037085755,-0.3005117314698825
0.13375,0.008091066426619178,-0.08385992422004382
0.133875,0.4111899122035021,0.00013700642494068622
0.134,0.4562055873621642,-0.1713561507317165
0.134125,0.3241823694850612,-0.18902238658874548
0.13425,-0.09634440890579439,-0.2945986568201238
0.134375,-0.011503524746156176,-0.473679770728703
0.1345,0.27568888616999687,-0.0015879523707419882
0.134625,0.2979441106023435,0.13279822685924192
0.13475,-0.013905363449567327,-0.24857479290925777
0.134875,-0.27328533161332846,-0.4187734597104647
0.135,-0.08719122804822785,-0.11470311894087298
0.135125,-0.09417733142391148,0.10961402731049415
0.13525,0.09337835255400696,0.34635979261459215
0.135375,0.39146538143817944,0.009658614424081096
0.1355,0.1564660681096707,-0.022061204476932005
0.135625,-0.2519548014274314,0.11987815486602676
0.13575,-0.41111674074696214,-0.0695176759883531
0.135875,0.11613706842616366,0.14615952268924126
0.136,0.31939614737765504,0.341608802163988
0.136125,0.24032018525106819,0.05450518776760753
0.13625,0.23065747643643553,0.08415707241036423
0.136375,0.0371601930589937,-0.017360813981850312
0.1365,-0.10745586683529612,0.1470424362343229
0.136625,0.0546314491624198,0.2801349225444345
0.13675,0.3843743491735921,-0.054553709271013995
0.136875,0.3240656829128341,-0.07347291024361177
0.137,-0.10034759063294162,-0.1627790730042333
0.137125,-0.0708379622489499,-0.12327228430967163
0.13725,0.2287264266306423,0.26132301682014836
0.137375,0.11226911385226747,0.2564887739605797
0.1375,-0.047811508329498355,0.09766808448757121
0.137625,-0.0790572332814451,-0.3408537951510198
0.13775,0.021575150679855448,-0.20247978724608548
0.137875,0.01429006246463281,0.16507900111714005
0.138,0.030073045584478753,0.30595552834933826
0.138125,0.15499698702967776,0.26384130308165815
0.13825,-0.0039754180536456084,0.26141245198024465
0.138375,-0.3576729830976993,0.12117233018030682
0.1385,-0.35759083890832793,-0.157512636995992
0.138625,0.3239522241773344,0.018638998025733385
0.13875,0.4517493491156075,0.3092101368993978
0.138875,0.06523156706952449,0.1778959434924917
0.139,-0.24930298448568464,-0.17030101354080213
0.139125,-0.18794280968126256,-0.13282695764098534
0.13925,-0.19409595771532526,0.12757391172365187
0.139375,-0.3358585134850436,0.13294839368345798
0.1395,0.10995414280832227,0.008546948738075632
0.139625,0.08712487575906408,-0.11217121604697781
0.13975,-0.2987795974591482,-0.12639351869720705
0.139875,-0.39489274121363593,-0.2286167233292145
0.14,-0.06800981521469189,-0.09873358126070925
0.140125,-0.06868269144190642,0.1157041858580907
0.14025,-0.10257693844686289,-0.03980372797566569
0.140375,-0.14426787159443127,-0.3682324247330953
0.1405,-0.32092034102893413,-0.2563426603091029
0.140625,-0.36458434804926665,0.2738151652688954
0.14075,-0.23422415618173492,0.30111275024942585
0.140875,0.17401339931492693,-0.12123094292602427
0.141,0.16637255583988156,-0.35587270993071374
0.141125,-0.03980429852104338,-0.20542046909241402
0.14125,-0.23983506470145186,-0.12227704023986843
0.141375,-0.20732571511429226,-0.09969283063652212
0.1415,0.34533157252360075,0.12596711446267866
0.141625,0.13266933143605594,-0.01884989605472286
0.14175,-0.1261582596993582,-0.174053177241815
0.141875,-0.16635749674514652,-0.33442592286464995
0.142,0.036962721257715006,0.019603093478428094
0.142125,0.23818045113032035,-0.042130509700931025
0.14225,0.3456227551235979,-0.01975961688702351
0.142375,0.19031581932155123,-0.1525891402376048
0.1425,-0.0450378879326262,-0.24174907312754237
0.142625,0.09905533991890116,-0.3285117636493477
0.14275,0.22052142283853138,-0.21404933846327492
0.142875,0.512488531242663,0.04992318812516606
0.143,0.3752278921540877,0.1625795971302652
0.143125,-0.005764479165735932,-0.08656509951332927
0.14325,-0.2613002512634052,-0.2966141959411258
0.143375,0.2728190824089977,0.0789813903883996
0.1435,0.3086043966686171,0.24999937076828713
0.143625,0.40695210668271464,0.02336162689037739
0.14375,0.17063791689112365,-0.35192778488201604
0.143875,0.041959571317912475,-0.09947766225108788
0.144,-0.10825823926969066,-0.05069178861876669
0.144125,-0.12379358504573847,0.2543803804120156
0.14425,0.11785195332218372,0.33095249748649463
0.144375,-0.16955416957936875,0.1611099312965612
0.1445,-0.2452829417803321,0.01427738037374361
0.144625,-0.10053206115304371,-0.06439595619022354
0.14475,0.11820449989524695,0.27293711590469855
0.144875,-0.14469084408032573,0.38247447774452115
0.145,0.016481615182359067,0.1479685717205425
0.145125,0.09977939319599917,-0.02062254565636198
0.14525,0.05831760751724898,-0.1999162511047552
0.145375,-0.24162689789445385,0.1817470611454049
0.1455,0.184611062973865,0.14212849235213673
0.145625,0.3990795124920474,0.35002278312525964
0.14575,0.263759354316648,0.12135507267661447
0.145875,-0.13677719051358483,0.011398644670011455
0.146,-0.3819419799070099,-0.2584327708837133
0.146125,-0.0794397699021041,0.020000557810359178
0.14625,-0.03174867852928437,0.24004886750532928
0.146375,-0.09767596758352069,-0.12209046507738151
0.1465,0.19888031956604887,-0.33664174652954804
0.146625,-0.1736035687369525,0.0745240251600057
0.14675,-0.3202408737899159,0.07245808572983839
0.146875,-0.25747012580278794,0.0399786402460009
0.147,0.23808869220531342,-0.16637291797222245
0.147125,0.20753998053844971,0.06669456798441376
0.14725,-0.2658889223244079,-0.09593218490533229
0.147375,-0.243887374470267,-0.15594824475781788
0.1475,-0.06477207980513118,-0.04871112847821815
0.147625,-0.1011689110905752,0.44993425534366965
0.14775,-0.0069726930552880565,0.3363241206608891
0.147875,-0.016080193238745228,-0.07329846551206858
0.148,-0.11805810121346026,-0.4037785898640532
0.148125,-0.13822724294591715,-0.15600985609550658
0.14825,-0.10379740204050797,-0.059094576589952055
0.148375,0.1078189993168379,-0.021909346094624596
0.1485,0.04528943438752315,0.15501043631716285
0.148625,-0.42143866813558656,-0.0876047243330631
0.14875,-0.45835886797838893,-0.2810649257842249
0.148875,-0.3612987458471133,0.06354863525188677
0.149,-0.3038010862454954,0.33389904671933485
0.149125,-0.19324306383819365,0.22739139457906202
0.14925,-0.06540760662286214,-0.16702250861531898
0.149375,-0.12660850964497036,-0.12198898263651471
0.1495,-0.4344803558996313,0.03178803318316677
0.149625,-0.21713587980767401,0.1531686730867763
0.14975,0.11964857771137458,-0.004339647841838059
0.149875,0.07426059302970608,-0.04757129619324843
0.15,-0.1802401690223071,-0.033610912373380104
0.150125,-0.2585930212258676,-0.1488251718640212
0.15025,0.0819676165409465,-0.051666400106948805
0.150375,0.10013264398023157,0.0493429040994182
0.1505,0.28665946239269025,-0.006090193074752623
0.150625,0.1374676447219648,-0.21360682685381538
0.15075,0.17116197048724935,-0.39844130720548
0.150875,0.15256520224548212,-0.10930352567808287
0.151,0.252013207568217,-0.17621536679684413
0.151125,0.40498354095608713,-0.026317080771779824
0.15125,0.4368042818857941,-0.10469090648261357
0.151375,0.09873392332788204,-0.24770030481324426
0.1515,-0.1365853247906521,-0.09315761603758706
0.151625,0.15161118510509228,-0.12225871194217196
0.15175,0.1880759262200066,0.15963912697018917
0.151875,0.14744864264139124,0.17585671282134147
0.152,0.37990662338690856,-0.09700901848782056
0.152125,0.39399985603964965,-0.3193921203897394
0.15225,0.08592277858343704,0.03619050258044574
0.152375,-0.2242216004309406,0.24667820604006058
0.1525,0.05203846663907799,0.19155864717145105
0.152625,0.33264963942403303,0.09710935293423059
0.15275,0.11343350565992262,0.2065678642305102
0.152875,-0.1864640147594054,0.03004758516545408
0.153,-0.15586540497936952,0.0562789006816266
0.153125,0.332592452813688,0.23791827423378278
0.15325,0.27773954008317886,0.3827211733034202
0.153375,0.15822933988154433,-0.02437435745087454
0.1535,0.005048146982264184,-0.3585550480582836
0.153625,-0.07790350876049498,0.010328649449527867
0.15375,-0.3201557865526707,0.08130742853692328
0.153875,-0.015633491160225915,0.1382304055909293
0.154,0.21025679466815114,-0.01914819848358622
0.154125,0.028402089577822517,0.13649818259701146
0.15425,-0.2817834218359824,0.10931399922923478
0.154375,-0.22813278277357804,-0.09336051000659489
0.1545,0.06872633713169904,0.05618990386493119
0.154625,0.04908525911745735,0.31662751359255953
0.15475,-0.04713114315344632,-0.007855214603583972
0.154875,-0.21625436858873032,-0.3304007945495329
0.155,-0.1019652566363014,-0.13428869580486263
0.155125,-0.1279532120560709,0.2904645662508553
0.15525,0.07214245288977256,0.4201798455570721
0.155375,0.058207164490471044,0.07730011623049353
0.1555,0.08245643201917117,0.051964908774512465
0.155625,-0.374345801079714,-0.14900135309883
0.15575,-0.3221675975035267,-0.22736867730039176
0.155875,0.09889491867222777,-0.01654193962409932
0.156,0.13568779464992328,0.215431745618759
0.156125,0.0483576914942817,0.012514240982579626
0.15625,-0.04802464106030987,-0.2487423151667317
0.156375,0.09272423558419728,0.053216304909131366
0.1565,-0.13871311303100003,0.08968000874372997
0.156625,0.0411325603896679,0.15138141997593993
0.15675,0.14310785725960837,-0.016247796689237464
0.156875,0.00755851290099396,-0.09686765236798517
0.157,-0.4660608559385662,-0.19755789459426354
0.157125,-0.5762396674589747,-0.15395930868927316
0.15725,-0.18554774237400146,-0.005629960097914778
0.157375,-0.00164178259145312,0.22776267467152395
0.1575,0.18897827320991406,0.10655396389442037
0.157625,-0.05514317454396526,-0.2743828163188776
0.15775,-0.39723197864952925,-0.4143638869747989
0.157875,-0.328745195703795,0.016250726711236813
0.158,-0.016943387903208495,0.2531083995371323
0.158125,0.29120885657510337,-0.032848873803458606
0.15825,0.004775113357399414,-0.06701197964968708
0.158375,-0.335651687762641,-0.15735140913097712
0.1585,-0.35265830551579314,-0.09213116440271088
0.158625,0.2868671029847683,0.10680377043422877
0.15875,0.6202299701674223,0.24143617432097253
0.158875,0.28689291500027575,0.035274376113261764
0.159,0.0005981765623523724,-0.3470525301707192
0.159125,-0.18344917642228087,-0.22546413617363367
0.15925,0.052446825503481974,-0.06176342418208625
0.159375,0.4091555277595729,0.05166329127397692
0.1595,0.40513773891715443,-0.016216176016758323
0.159625,0.14327278362011867,-0.18008261763202466
0.15975,-0.0831231709566815,-0.1706744477592136
0.159875,-0.2983999488785619,-0.20056122840325133
0.16,0.2693883972613046,-0.13713747385014005
0.160125,0.6411984905750221,0.22735960262961716
0.16025,0.28636221699029124,0.11402518217963269
0.160375,0.0857403544857395,-0.28014410719627686
0.1605,-0.130171540433403,-0.29421483339986576
0.160625,-0.16038240759633113,0.3349060193864677
0.16075,0.09446447069260604,0.43178635023820683
0.160875,0.15490112165260198,0.23087941513078097
0.161,0.21127829908395934,-0.13198550854979207
0.161125,-0.1574534401933112,0.003262065421608032
0.16125,-0.33563130094767396,0.003993324191475675
0.161375,-0.01520620079049178,0.3556269593847959
0.1615,0.12065476232388837,0.45136257145349684
0.161625,0.06015546903006924,0.23118009088940494
0.16175,-0.02236953703092376,-0.2013635143426237
0.161875,-0.03786078285763028,-0.16645109983813458
0.162,-0.05224902595594333,0.3128964495550183
0.162125,-0.029182021235505617,0.4792616873907636
0.16225,0.11551721042659117,0.18058868017252394
0.162375,0.14879490172964663,0.007781764787404777
0.1625,0.13608123225056715,-0.03761721456974146
0.162625,-0.12214412847197202,-0.21192300539709782
0.16275,0.0002550462655039739,0.08070817083753462
0.162875,0.22167713532588826,0.21461090576695885
0.163,0.05971093627047378,0.14221195451016094
0.163125,-0.31135210878513336,-0.29584612133745375
0.16325,-0.1925065284812977,-0.453049062822444
0.163375,-0.14392691329909044,0.027841730863163293
0.1635,-0.08453966407572171,0.1954658648146959
0.163625,0.11668922419240496,0.08581562215068866
0.16375,0.040003438441645264,-0.16234592199371406
0.163875,-0.2156188551013916,-0.05965402530339039
0.164,-0.16635919481633096,0.08997652635505542
0.164125,0.01831866770110461,-0.05544639719858705
0.16425,0.3862591597270073,0.1474288147204263
0.164375,0.00026485648599272794,0.24413986947529165
0.1645,-0.1331199941828922,-0.003722783389617714
0.164625,-0.06849081897675525,-0.30070216917823295
0.16475,0.22125861458528395,-0.01162678503876316
0.164875,-0.08384023482555267,0.1399663250806225
0.165,-0.13162824735226697,-0.014069532030066901
0.165125,0.0006915890623505509,-0.19719712614497809
0.16525,-0.020557364315144017,-0.3386990600932067
0.165375,-0.3090129106283042,-0.36825600668275227
0.1655,-0.247816269057795,-0.028218005959909295
0.165625,0.10802624557492926,0.07282265728868366
0.16575,-0.03058191936511795,-0.13668311220384433
0.165875,-0.35194497591020263,-0.19683847846078265
0.166,-0.3855860230452403,-0.30221877272129327
0.166125,-0.2499037393491336,0.04360666483085591
0.16625,-0.2480498965619467,0.3495459088789062
0.166375,-0.10201649526860627,-0.02563415692077517
0.1665,0.014263250028229282,-0.11485852577960803
0.166625,-0.14912748493349676,-0.11481715017076075
0.16675,-0.42367246134448744,0.20189996681332206
0.166875,-0.33189068138841515,0.024337998363438435
0.167,0.2668616508387713,0.03475194968232294
0.167125,0.5630833832555365,0.06306537383391692
0.16725,0.05206726632503022,0.01220845336482378
0.167375,-0.06110233270199706,-0.47434871957272645
0.1675,0.1771513937324474,-0.26274840863043314
0.167625,0.3084867576969054,0.11359815397581303
0.16775,0.31976024937671427,0.002388540217424956
0.167875,0.28792911396544807,-0.27839339537481134
0.168,0.25687278626925697,-0.3835636856154988
0.168125,-0.2329682959973326,-0.34028439629590074
0.16825,0.10576975305703151,-0.21562772538635439
0.168375,0.5760516429749218,-0.016802766107663798
0.1685,0.5383298790197175,0.17649270059809585
0.168625,-0.23392789614097703,-0.010863060840096977
0.16875,-0.36817966297985627,-0.3606417266748321
0.168875,-0.15214542530585085,0.017278598683352235
0.169,0.2261829308485654,0.37771669692417115
0.169125,0.23353913737987186,0.41442526587132417
0.16925,0.4463566542996017,-0.06907888798158932
0.169375,-0.0380545003956962,0.037650967441744274
0.1695,-0.26911844016028147,0.042175076871125344
0.169625,-0.09487514799778336,0.2209116143048362
0.16975,0.36716485349419237,0.2756975899876437
0.169875,0.298038007991609,0.3753692425178256
0.17,0.03895462325065775,0.16739001932125572
0.170125,-0.27322491024960516,-0.23386869364117524
0.17025,-0.22540567383115656,-0.19905129114208076
0.170375,0.12177772792661727,0.38892845461884007
0.1705,-0.045151558535795853,0.328379534481812
0.170625,-0.19391683852615668,-0.16842151117739435
0.17075,-0.038801283652783916,-0.513010184302215
0.170875,-0.12420663801226461,-0.2010839908952654
0.171,0.021249571808007663,0.23069528023066932
0.171125,0.3112831032772384,0.30571587227639124
0.17125,0.3141380938069309,0.24898795512860647
0.171375,-0.10717826171937482,0.05989952415857236
0.1715,-0.3353168545734468,-0.2452566978079882
0.171625,-0.06675031747115814,-0.03784448731449363
0.17175,0.17457194828890665,0.36553647833561753
0.171875,0.054738680814258804,0.426295932447468
0.172,-0.0400975879247844,-0.02874333846066381
0.172125,0.12468470421181327,-0.17902031685689468
0.17225,-0.14158546433914185,-0.054053810839335255
0.172375,-0.14245648344841721,0.15795302238190462
0.1725,-0.04702719470240608,-0.048745851616169386
0.172625,0.19988233423615762,-0.07689788626346493
0.17275,-0.02074784907165518,-0.11134381731818242
0.172875,-0.39285360214534487,-0.22399254673534907
0.173,-0.28192937874247637,0.026792667521668753
0.173125,-0.03395616973150619,0.3004587481916052
0.17325,0.059834560385680885,0.39887162184710534
0.173375,-0.13341233545216655,-0.10234775840239556
0.1735,-0.03979640778181576,-0.2560171588189221
0.173625,-0.07818431301858672,-0.07793575848381726
0.17375,0.005888833685338513,0.05214964834581906
0.173875,0.07084798023672575,0.16562756802018758
0.174,0.197993084016566,0.04197134161030644
0.174125,-0.1459682951637336,0.09874723998289692
0.17425,-0.3561690869245152,-0.12440967930275083
0.174375,-0.07956029754303671,-0.12160852967703528
0.1745,0.17866853989393824,-0.08220712593606717
0.174625,-0.08679782690368139,0.16510211142314168
0.17475,-0.07403695342677268,-0.11727246001905973
0.174875,-0.008190134630721659,-0.2902217580469707
0.175,0.16209489134971589,-0.17838662094405444
0.175125,-0.20792296300610102,-0.01300289188827212
0.17525,0.07295351859727404,-0.1586034702287572
0.175375,0.36541557958880927,-0.10825042273987612
0.1755,0.15565357510531297,-0.05085969063770456
0.175625,-0.2626145927729606,-0.07060473874496198
0.17575,-0.06957706475490949,-0.27196915121802756
0.175875,0.42309758173736506,0.05490555413798855
0.176,0.41810514217404654,0.1668078874916403
0.176125,0.0814029128425567,-0.2211823690107333
0.17625,-0.0023061177419101504,-0.376975423431577
0.176375,-0.08614368955925943,-0.19036788129500726
0.1765,0.07451864100489267,-0.07108846649131866
0.176625,0.4467238549869328,0.023560019993083634
0.17675,0.42716410991668763,-0.14082615859645123
0.176875,0.14043676730547267,0.11125895970413656
0.177,-0.28195657024862736,0.08473739554499081
0.177125,-0.12042184941886598,-0.03254654188989273
0.17725,0.08277438456960785,0.05183914846678823
0.177375,0.12713700071086706,0.3873018893732526
0.1775,0.0905692689376017,0.2412844670814305
0.177625,-0.09917459118146793,-0.27177543408768157
0.17775,0.07461200813266268,-0.04014019160882038
0.177875,0.14955113988539426,0.17816920700224761
0.178,0.26661434992768757,0.3140696958520409
0.178125,0.3492016876085302,0.19611278074654426
0.17825,0.05974799813586815,0.05086540838101734
0.178375,-0.3284821148338498,-0.09261678510482378
0.1785,-0.16685775854143042,0.064679935189172
0.178625,0.1929447964334783,0.2849061964915613
0.17875,0.2817668999137078,0.2244015606071116
0.178875,-0.08921234422979822,0.12225269840355237
0.179,-0.19958552291820386,-0.279134516579025
0.179125,0.15396452899129826,-0.1321374507152229
0.17925,-0.20246223520148715,0.07319718527209061
0.179375,-0.13147491305603354,0.17980763967719973
0.1795,0.3053820067406413,0.09398210316894452
0.179625,0.24514411161789562,0.0796709600969366
0.17975,-0.35929912177547235,-0.04679007559265851
0.179875,-0.1777826506047413,0.06871294238912669
0.18,0.0630621550461998,0.19628463567401017
0.180125,0.2627638209295556,0.40038345897465916
0.18025,-0.10901199921027686,0.1257391268330744
0.180375,-0.07124327778486933,-0.3740510982999001
0.1805,-0.09810597156995657,-0.27423121653167226
0.180625,-0.11511280874857642,-0.018117570709834437
0.18075,-0.22561802314287363,0.21769514563921788
0.180875,0.14029253009414105,0.07225181774165296
0.181,0.18263828293730447,-0.22939035892660023
0.181125,-0.15073277215258007,-0.13219425892683775
0.18125,-0.4692059474602812,-0.02108523898750557
0.181375,-0.05366005314634231,-0.14087027795814605
0.1815,0.3467488041755065,0.03720721386381528
0.181625,0.05490610368124017,0.2995191361736736
0.18175,-0.19299339214095804,-0.09104182047073589
0.181875,-0.3084684615645337,-0.2836372792376604
0.182,-0.27784953316192385,0.03275057326228246
0.182125,-0.30248256402056134,0.1593422021525686
0.18225,-0.13299612427114085,-0.08181841085635881
0.182375,-0.07762205964464422,-0.2285554163289419
0.1825,-0.4101454937923873,-0.09941538350528717
0.182625,-0.4934361459062396,-0.1542423807283972
0.18275,-0.16744204861656534,-0.03619733378764479
0.182875,0.4172190567488566,0.20432742043181296
0.183,-0.14669693163900588,0.29747150260975064
0.183125,-0.41961290233201276,-0.12430248336501494
0.18325,-0.052030099107632725,-0.47301803438444606
0.183375,0.14065884079376012,-0.16951882021879625
0.1835,0.2497749980339885,0.278180926283582
0.183625,0.2535642512521488,0.16480609045689557
0.18375,0.41841601105736226,-0.0914002725998514
0.183875,-0.19944091647073794,-0.2506497132963695
0.184,-0.2697847176633125,-0.3216063600148582
0.184125,-0.1850171104065402,-0.2837807971244597
0.18425,0.3776117857094293,0.10803846955415185
0.184375,0.2926286653539109,-0.22833439848201897
0.1845,0.17682641448412081,-0.44765627418528176
0.184625,0.3060148358231693,-0.3406228056060231
0.18475,0.21209139875498761,0.0253950356630181
0.184875,0.17267396376474034,0.2615442716889785
0.185,0.012366128173048357,-0.027090244406548215
0.185125,0.1403738573990153,-0.29906705408301554
0.18525,-0.02496824283083664,-0.24130762065698744
0.185375,-0.25269460342518585,0.1454973834583206
0.1855,-0.15767615409413563,0.10743648983647232
0.185625,0.3486410597346629,0.3266306263614469
0.18575,0.2489144309654392,0.3853100440519624
0.185875,-0.3312234285096729,-0.22306776315350885
0.186,-0.18131513256901402,-0.45486019894887114
0.186125,-0.009631620991945193,-0.0437644402692152
0.18625,-0.07025947770960976,0.3295678670400287
0.186375,-0.09637088426909074,0.24650634654378448
0.1865,0.24452383896032642,0.0783740030249642
0.186625,0.32327934846655265,0.3282670699697469
0.18675,0.06845667972235067,0.34541369521722326
0.186875,0.03463460329663845,0.2539410089606288
0.187,0.2718179156101594,0.205768353876308
0.187125,0.15661045842570054,0.17694093897255594
0.18725,-0.083708707985873,0.08201394600113768
0.187375,-0.2817191396190347,-0.23661255849355708
0.1875,-0.11616419858392163,0.01291049106724767
0.187625,0.32331137478195066,0.2725192821232287
0.18775,0.03904177093868298,0.22736328539854367
0.187875,0.11839059192369975,-0.00867910280793947
0.188,-0.15466294095496097,-0.014244090655111525
0.188125,-0.3058384219409254,0.026271063576066872
0.18825,-0.16576729912623117,-0.1206577036833647
0.188375,0.37199119872773634,0.029739605550793864
0.1885,0.2308651222201266,0.25437262942457295
0.188625,-0.25418920648820753,0.20456036312285183
0.18875,-0.3832352468515661,-0.03304349984266434
0.188875,-0.17273544756929943,0.03232266725129807
0.189,0.06563610560949114,0.19486307820961682
0.189125,0.1275694844265371,0.12460471683412226
0.18925,0.10661980076227225,-0.09077835177667963
0.189375,0.015588265594430844,-0.13124655929979667
0.1895,-0.11748389396544555,0.04646732306053464
0.189625,-0.17308140602739142,0.09409527949248453
0.18975,0.15873083519067632,-0.0553998303488731
0.189875,0.3422806342523671,-0.07235588295272341
0.19,-0.301479610788038,0.050538353306739725
0.190125,-0.478552344795111,-0.2616389287286165
0.19025,-0.2690880338009877,-0.12247670544174238
0.190375,-0.13021817750221784,0.33205653116652234
0.1905,-0.10204604751093836,0.21598918461003655
0.190625,-0.0838414014385811,-0.18630954848925288
0.19075,-0.35513125314078353,-0.4631022309312907
0.190875,-0.4665182794478346,-0.2796060001172309
0.191,-0.41642581067958523,-0.10816001033339812
0.191125,0.3358198899702075,0.026722240004620694
0.19125,0.4813174541431205,0.2129691934493581
0.191375,0.03656808493543864,0.005127026833656408
0.1915,-0.3936648044685529,-0.17635906002737906
0.191625,-0.12839546477649483,-0.055674326561227346
0.19175,0.04431281781122892,0.1254469214978434
0.191875,0.11654408578340797,0.24877174920549858
0.192,0.04017423678401005,-0.2854897124335499
0.192125,0.08955794802491787,-0.3765266559302125
0.19225,0.003872968728526474,-0.28023063706810936
0.192375,0.10575589129632831,0.06647295872086434
0.1925,0.24025184544583664,-0.00955956844826686
0.192625,0.4517202941930828,0.06072790608184138
0.19275,0.17853583702079795,-0.2723135919161484
0.192875,-0.3214731194149085,-0.45038041512368243
0.193,0.015683868811768448,-0.3718020556311694
0.193125,0.29480723316793617,0.2714064608640495
0.19325,0.15759161810398073,0.3801785083097968
0.193375,0.019299949106737893,0.01954241161919413
0.1935,0.21044531549344278,-0.17755683797879165
0.193625,-0.09130389753054477,-0.3018574320532748
0.19375,-0.0006238755247974078,0.1551605490476602
0.193875,0.32883969879894775,0.13356824304028858
0.194,0.3806757794712026,0.10687337984781271
0.194125,0.10069169846019141,0.13440262195733035
0.19425,-0.1416564272907312,-0.028138223572076352
0.194375,0.022842490755739787,0.05602221153370465
0.1945,0.4356885836681589,0.14697623090218678
0.194625,0.17849698531077238,0.5073228204793854
0.19475,0.06688574966480218,0.15317738516202023
0.194875,-0.13773199900213318,-0.3263161827562619
0.195,-0.4197497784972561,-0.14492692776290722
0.195125,-0.3507600746238046,0.39236743644386074
0.19525,0.07123383172834294,0.15068139968829442
0.195375,0.5252440740079657,0.11481909687627238
0.1955,0.08602462095045638,0.19475395027472373
0.195625,-0.4552183081629892,-0.08635040363783344
0.19575,-0.11147289220502693,-0.1133627488608319
0.195875,0.23367401940572888,0.15541835047794209
0.196,0.35291076916092506,0.15333027659514034
0.196125,0.059066217460847434,-0.02527564530397075
0.19625,-0.23646250012314332,-0.2011736294267624
0.196375,-0.185410001183682,0.005649929316559262
0.1965,-0.12925247774704848,0.2538780110195609
0.196625,0.10100226871151478,0.35444989490107803
0.19675,0.49639003311077273,0.14039427261869683
0.196875,-0.04705301223098942,-0.23118243370058103
0.197,-0.33698816212895943,-0.25377828805458463
0.197125,-0.3909399218318599,-0.25751561888566155
0.19725,0.1792965684290981,0.07003278710922947
0.197375,0.12957771034433221,0.21393499455285564
0.1975,-0.3572320922435099,0.03864616319113458
0.197625,-0.20136961586802613,-0.30514077497854775
0.19775,-0.2111865172169508,-0.18800909547163533
0.197875,-0.1825677647284621,0.1719559392474468
0.198,-0.13849681463160998,0.28405724544099803
0.198125,0.288428620857813,0.14821594943098856
0.19825,0.14134646110827404,-0.19813314408166133
0.198375,-0.5079420088097832,-0.18772823595071028
0.1985,-0.47471783148586993,-0.17919765174343505
0.198625,0.17026090314916986,-0.0330682938838156
0.19875,0.38143655417004846,0.24644166633304057
0.198875,-0.07394872119052716,0.06332332573464838
0.199,-0.25167018353923765,-0.3260745608742366
0.199125,-0.13365445161864012,-0.3110631091908364
0.19925,-0.2636885442780852,0.13593482632131867
0.199375,-0.06175262811894105,0.17665869570449536
0.1995,0.29706205418800746,-0.07356024415297018
0.199625,0.18854416602938437,-0.16839456327613286
0.19975,-0.4728898350279425,-0.16047558223211364
0.199875,-0.387552786885755,-0.35670319680525625
0.2,-0.051813412574958334,-0.11975232863837933
0.200125,0.6341395690319178,0.334756029116989
0.20025,0.20930082755459367,0.1457158438965588
0.200375,-0.18085865569397894,-0.41067923703157955
0.2005,-0.26760429587645496,-0.30947663031732925
0.200625,-0.17137757214140228,0.14076231392709265
0.20075,0.19201633869881748,0.22212534490078398
0.200875,0.3232306761150595,-0.0983700100889477
0.201,0.5314775813368406,-0.2035023511616047
0.201125,-0.17994077471330724,-0.16369356067461197
0.20125,-0.4262393699681843,-0.16554884908921702
0.201375,0.0920444527423087,-0.15882968680589796
0.2015,0.3292704496676328,0.22216754208044937
0.201625,0.19884982444122293,0.08972848004537717
0.20175,-0.013056714132491551,-0.22206865074964285
0.201875,-0.02738746366794361,-0.44493897310388864
0.202,0.1793824287906024,0.11095605600430469
0.202125,0.14381486437843263,0.5317017726426823
0.20225,0.22926186343666002,0.0708526432033773
0.202375,0.16243903834508475,-0.2005736933485684
0.2025,-0.19433859108896875,-0.152616013287502
0.202625,-0.09281962860643486,-0.15037706216915878
0.20275,0.37639651905509763,-0.0024314441504376502
0.202875,0.5080507172271699,0.3505874682031968
0.203,0.10599900587058447,0.3504586770276158
0.203125,-0.2317231707833243,-0.1529140189384732
0.20325,-0.019367110331483358,-0.48925156810585246
0.203375,0.19523372940192654,0.08819090184252021
0.2035,0.24086559088692175,0.455824898836527
0.203625,0.44067906151318315,0.19540522117710143
0.20375,0.19648534357256164,-0.04259272573180036
0.203875,-0.2545839117014547,0.06634329587157577
0.204,-0.5742983624711017,0.10908544256633687
0.204125,-0.07764206658690967,-0.002238571297750406
0.20425,0.462920398856232,0.24011240682355006
0.204375,0.25948515855446824,0.04039322910367405
0.2045,-0.09450790124905423,-0.18888054199766813
0.204625,-0.42512490141509157,-0.11150926178532888
0.20475,-0.10989177590765921,0.16929329119926065
0.204875,-0.09220375336270256,0.44299805782985835
0.205,0.2681829201669161,0.17408697873902765
0.205125,0.24465685409636884,-0.15607338912317872
0.20525,-0.13637111573352426,-0.05437345384371166
0.205375,-0.42340232729747945,0.10086010761346921
0.2055,0.0006354711173502452,0.3792462749418792
0.205625,0.44913187075698346,0.2790858918188316
0.20575,0.3508114419809716,0.2683959096086651
0.205875,-0.1969589128067544,-0.1623937807486319
0.206,-0.3755822381494835,-0.615076886797278
0.206125,0.06081335314563735,-0.11909728191993668
0.20625,-0.07516895635907236,0.4049986148997027
0.206375,-0.11636693135624626,0.29452315276610347
0.2065,-0.013219109915086985,-0.288212894501913
0.206625,-0.2695918740136229,-0.26092043737342596
0.20675,-0.5906667026996439,-0.2004197121233034
0.206875,-0.10348222107919189,-0.013542580443720528
0.207,0.1643642680635259,0.3235660451707863
0.207125,0.01748789631780289,0.1443990289447327
0.20725,-0.5290547748223253,-0.027114944691386148
0.207375,-0.49578130912343604,-0.36085478391420195
0.2075,-0.17354546790668712,-0.11781262075232911
0.207625,0.08738251054901677,0.5038841470317741
0.20775,0.09580697741378036,0.3975567255176317
0.207875,0.22168256522291002,-0.4497330595521373
0.208,-0.07547537422798233,-0.22485714014608243
0.208125,-0.6325409886249923,-0.2311233132365489
0.20825,-0.2324681111914402,-0.10152825332455995
0.208375,0.685265532045501,0.037372598397720364
0.2085,0.7028984563151824,0.07066108781683375
0.208625,0.0264444299790304,-0.16547567465916388
0.20875,-0.09244115017327,-0.4571399527592383
0.208875,-0.045196059327086285,-0.2951837120627806
0.209,0.20154599317808564,0.1379262668428591
0.209125,0.10260483227888145,0.002731501058037825
0.20925,0.06413090483391387,-0.45109462146026214
0.209375,0.13623138962438391,-0.6460039364337924
0.2095,-0.2500993801479028,-0.1870887951060253
0.209625,-0.19580701271092335,-0.08198573718254638
0.20975,0.4495620070966174,0.043270258253367326
0.209875,0.6734391939996519,0.230287163076576
0.21,-0.32515683098047304,-0.15262009358915263
0.210125,-0.2981095455521494,-0.5577307765002649
0.21025,0.12865058366102192,-0.26894155371955514
0.210375,0.3290864679106997,0.5768514567317984
0.2105,0.20230435441603517,0.5833853983473762
0.210625,-0.010044808641712104,0.25079963676787526
0.21075,0.028601042221267622,-0.17921161869032007
0.210875,-0.16343124464840147,-0.06996724652531958
0.211,-0.2917888527976798,0.19446604529777056
0.211125,0.4728604757888362,0.21617419466599144
0.21125,0.4695664741136197,0.013209724414344919
0.211375,-0.01101830062304939,0.010748940582116461
0.2115,-0.37864775860522515,-0.22797770893504307
0.211625,0.021303353471504038,-0.17925265900218595
0.21175,0.2070745822164443,0.4797137613568045
0.211875,0.2699235907924032,0.4820512399209298
0.212,0.3009576783202076,-0.26557625054857203
0.212125,0.20720636262701544,-0.10553362720265166
0.21225,-0.140068430891589,-0.07568542274140849
0.212375,-0.1615658074721632,0.3178040702262239
0.2125,0.15635978378885773,0.13783283490188916
0.212625,0.3272731141206728,0.241948177651825
0.21275,-0.12863732812662285,0.11739557168579363
0.212875,-0.654449009661425,-0.20432804035193297
0.213,-0.5115494827030559,-0.16834097463692746
0.213125,0.08598894666871568,0.3803986764084645
0.21325,0.14577527259176185,0.5113352988597495
0.213375,0.010416631007271882,0.04026345363710256
0.2135,0.07427074209357155,-0.20156511469752497
0.213625,-0.007519691381208693,0.04068544077923803
0.21375,-0.14740777254757015,0.2365874067150783
0.213875,0.04716821132844626,0.16896192875110014
0.214,0.334464811196988,0.205798840586568
0.214125,0.11023872691639135,0.10479866413265755
0.21425,-0.42605149814531623,-0.12868989616435528
0.214375,-0.28632174992748527,-0.21205551585168972
0.2145,0.2151529588870237,0.1436420138946569
0.214625,0.12772800023050948,0.5700895054088441
0.21475,-0.16369545329423082,-0.24493398832764562
0.214875,-0.14737768463264567,-0.5418198319262972
0.215,-0.1945175725023206,-0.34108910726753033
0.215125,-0.3175979191495898,0.10372772432515777
0.21525,-0.07212330958422325,-0.001773968344516997
0.215375,0.3513638704340936,-0.12381115391949166
0.2155,-0.006993366429670103,-0.11520895545703962
0.215625,-0.7362895291674834,-0.19472020868008258
0.21575,-0.6368488242192214,-0.2222857709681198
0.215875,0.22344714632782736,0.017555305244866194
0.216,0.17773478556900954,0.3008417016855568
0.216125,-0.1079210728024952,-0.10910783215597054
0.21625,-0.4221084112268776,-0.2827007338397374
0.216375,-0.4468543795486073,-0.11002192273559058
0.2165,-0.5044108214160605,0.15441345439554674
0.216625,-0.06338669371119675,-0.000257521332349187
0.21675,0.5258892543739195,-0.00711589322520497
0.216875,0.25003931378350286,-0.1740623200648387
0.217,-0.5090297629813174,-0.3354584609745707
0.217125,-0.3990724441405937,-0.31303617146487733
0.21725,0.23103814736443457,0.010989589078780632
0.217375,0.4506967535060595,0.4428108478441033
0.2175,0.2927718117839504,-0.08282504875213625
0.217625,0.09801539312378592,-0.5915255214774666
0.21775,0.1468951250336639,-0.44767671093614336
0.217875,0.028275379895198523,0.03847238324279094
0.218,0.14385392225975202,0.38332135910646037
0.218125,0.5477545399405459,-0.17803728756211715
0.21825,0.387883079885844,-0.348528148955217
0.218375,-0.005280821913501284,-0.3806167694417198
0.2185,-0.3836903397232365,-0.38391933458247446
0.218625,0.23337135337594098,-0.06318836320289228
0.21875,0.4456002312508523,0.44662873344035176
0.218875,0.08528713766186301,0.2325660062001466
0.219,-0.0641842102465958,-0.4957558343127264
0.219125,0.022722080500072375,-0.31954877382118047
0.21925,0.012801334683170964,0.2082545544594107
0.219375,-0.07528259627994276,0.40884628492849134
0.2195,0.34555408085173267,0.37842624487052995
0.219625,0.1917642329525763,0.28516405207918777
0.21975,-0.24207206614267296,0.11083796037593456
0.219875,-0.5101036398736358,-0.014603484559484608
0.22,0.1501241605102152,0.09942183853008105
0.220125,0.3527136946127514,0.5504896056129417
0.22025,0.3637946040842934,0.4344452133953055
0.220375,-0.20830390635324178,-0.06215592151212821
0.2205,-0.2001598865936377,-0.3424745403777153
0.220625,-0.1978075903138355,0.24509487398152674
0.22075,-0.0977565965994116,0.4030498866605356
0.220875,0.413453152805659,0.09538696691209268
0.221,0.3030861721474415,-0.16189492073043737
0.221125,-0.32143182360018674,-0.13272160839249367
0.22125,-0.5081333426524112,-0.09763668188975612
0.221375,0.017360394503732775,0.02723586437334496
0.2215,0.30191560253180233,0.3820967566790611
0.221625,0.16527396255780072,0.31602647083251084
0.22175,-0.38958728418239946,-0.22266843879142117
0.221875,-0.1758374526615935,-0.37614284037100376
0.222,-0.18290068240549467,0.28212082638586317
0.222125,-0.06750802477626021,0.3982705646392424
0.22225,0.3614037833001324,0.22887139953970817
0.222375,0.4468894022641205,-0.054277181614469476
0.2225,-0.22602389777893075,-0.24082333462437483
0.222625,-0.5224244821940864,-0.10703432605453368
0.22275,-0.1373861364748626,0.09843345376551998
0.222875,0.36935490225920514,0.2689876194971897
0.223,0.06217336281018296,0.2797429845386414
0.223125,-0.1532636736364802,-0.35495050940316314
0.22325,-0.2872094294230092,-0.46770243878150514
0.223375,-0.14737275157870625,-0.3152746039119485
0.2235,-0.1266360445948295,0.20557671966842758
0.223625,0.030529571006139695,0.0573666265032682
0.22375,-0.014672040240649956,-0.13821219765750584
0.223875,-0.47727459305967457,-0.15160905069269617
0.224,-0.8307678357950542,-0.014559266585596364
0.224125,-0.507679244275975,0.11221616866232932
0.22425,0.2893257482389902,0.3374173622091942
0.224375,0.1823363025031394,0.36917805342239796
0.2245,-0.18750920443177962,-0.1380768303338035
0.224625,-0.4026313732288737,-0.42778636254983143
0.22475,0.027564710536428665,-0.14049628118459942
0.224875,-0.10911025197036442,0.47923766167805965
0.225,0.13273251991526133,0.19951058117029058
0.225125,0.1598134688342026,-0.08635853614520017
0.22525,-0.10103752888950714,-0.27180299491177035
0.225375,-0.3247392538044289,-0.10333903390045682
0.2255,0.2937248240701013,-0.09791109981780491
0.225625,0.5797658650739015,-0.07193117279779702
0.22575,0.3467249611509255,-0.004344310196223968
0.225875,-0.33685360873678705,-0.6082013530280294
0.226,-0.1276294041100593,-0.6339339788969038
0.226125,0.3896233563513217,-0.2910292288809089
0.22625,0.4751746126446134,0.2853340505273602
0.226375,0.24154960225688202,0.16557874934372696
0.2265,0.4010196211360867,-0.30217759590432414
0.226625,0.18671195598098672,-0.1789075078543011
0.22675,-0.3031693695272331,0.011458794674805385
0.226875,0.027968256795748714,0.09100607869218398
0.227,0.4884357683219851,0.14338526109368313
0.227125,0.3191552961297603,0.20448006830601226
0.22725,-0.22809707432059226,-0.27465259857915525
0.227375,-0.540128461446238,-0.05008146218220019
0.2275,-0.08191806657580834,0.22914293635399427
0.227625,0.1094160000486773,0.6602697619881842
0.22775,0.038395196656470065,0.350971244580303
0.227875,0.1992926651118945,-0.0980965533535034
0.228,0.10059421017244047,-0.004179669993043354
0.228125,-0.3090211281274051,0.4473930878023521
0.22825,-0.20665675861915925,0.5207850221728083
0.228375,0.5012741811473349,0.45009983924350033
0.2285,0.6209271781730621,0.252401665860647
0.228625,-0.2258704565032476,0.08774487370150323
0.22875,-0.2913754138908955,-0.2521207416698046
0.228875,-0.2366140112084804,0.10115986098789989
0.229,0.2103413952423303,0.47280127296793734
0.229125,0.1234972491489558,0.27658243284086803
0.22925,0.16549266871459217,-0.34910111660221577
0.229375,-0.056810983241528,-0.4400379606267759
0.2295,-0.5445296345151297,0.011888532002396033
0.229625,-0.5163521562537332,0.10266548694669406
0.22975,0.39781991502790426,0.2263674850362707
0.229875,0.49297316947960895,0.3025347159982714
0.23,-0.2274277509603768,0.03875743032614964
0.230125,-0.6146699095915316,-0.27781989675137986
0.23025,-0.23756724317740882,-0.1603295924982141
0.230375,0.32158558864492826,0.47217785570241694
0.2305,0.2735869300133787,0.45363446541770475
0.230625,0.11400476781210576,-0.12097901474287971
0.23075,-0.014238468212626707,-0.3744766087287587
0.230875,-0.41968762147340744,-0.04163258593393837
0.231,-0.3919148056214313,0.15452375508671717
0.231125,0.19762866269860638,0.2000247129176809
0.23125,0.6273209575661257,0.09805142628724837
0.231375,-0.3623148083000071,-0.13377994675801255
0.2315,-0.5684748418538157,-0.4674683141597071
0.231625,-0.26605314930287055,-0.4105320055154922
0.23175,0.0980511012666555,0.23939707224926185
0.231875,0.1582262174639814,0.2950006993380308
0.232,-0.10616343828023019,-0.16610700384492674
0.232125,-0.16109591038403145,-0.4991736204012082
0.23225,-0.304495343635503,-0.28877707255219726
0.232375,-0.27911805976307724,0.17300698134277867
0.2325,0.2189476731819686,0.20752040031257166
0.232625,0.22925048127535191,0.027640111219239913
0.23275,-0.029762705962022105,-0.03745942834495348
0.232875,-0.6554502189217281,-0.31715056244805034
0.233,-0.276118322543751,-0.3698712512786949
0.233125,0.2044861084050055,0.31581541818450043
0.23325,0.13278867284679263,0.22895733912994967
0.233375,0.021778560950377612,-0.23426407932860796
0.2335,-0.0886618247522838,-0.6165838470539902
0.233625,-0.4255061034832323,-0.30054504279396127
0.23375,-0.2884553715251511,0.11249990620998046
0.233875,0.2612426383244729,0.19584783750584142
0.234,0.7716702137060972,-0.09650297206696451
0.234125,0.36345011462656035,-0.019664862983646038
0.23425,-0.26865090177591394,-0.163779723558685
0.234375,-0.13152585998160646,-0.42826412335519837
0.2345,0.5776082914083936,0.09660490550464329
0.234625,0.6430115911937248,0.24690931300147806
0.23475,0.3963904641194419,-0.19998343696892257
0.234875,-0.021062651102531506,-0.42077206436059655
0.235,-0.283452709289318,-0.32176590330381305
0.235125,-0.3504869288812798,0.1002844790465077
0.23525,0.17777054720665325,0.1801202340268073
0.235375,0.6321236392031201,-0.001854839372133793
0.2355,0.15465366016142063,-0.17346256915394584
0.235625,-0.5999515887731945,-0.36747277387410926
0.23575,-0.5022069437014782,-0.24929855243070748
0.235875,0.3246147492702673,0.3607140729906193
0.236,0.46206991331014047,0.8508106932342719
0.236125,0.17522137236459595,0.3212432886104282
0.23625,0.02524230228970019,-0.33169681004398005
0.236375,-0.02763345569346459,-0.15727528968178567
0.2365,-0.25459781720381575,0.5461987949899361
0.236625,0.058712266075348164,0.5038052451066577
0.23675,0.5297508425007139,-0.0768908491658042
0.236875,0.1984195074231993,-0.15319131881179074
0.237,-0.5324533394989073,-0.15590065435540618
0.237125,-0.2276132997259369,-0.34813442398277256
0.23725,0.4997096186731121,0.27084262030435036
0.237375,0.4956380108818968,0.6751061640472453
0.2375,0.14079392410696967,0.36609728871173386
0.237625,0.025275254612517704,-0.5013049906251487
0.23775,-0.03688241947660768,-0.44309674185624814
0.237875,-0.31363491158033663,0.24259533405142353
0.238,0.09075150681657017,0.6220097233453106
0.238125,0.33764807896619775,0.14571511622671382
0.23825,0.12949416319325657,0.08477136927683328
0.238375,-0.37018249043755685,-0.14669080260418269
0.2385,-0.666763412956556,-0.37277879583066864
0.238625,0.016390368936311663,0.010885446198011994
0.23875,0.357472018227841,0.4919146220808771
0.238875,0.025268128018233024,0.17810821274653107
0.239,-0.2231398524341277,-0.5014667108604232
0.239125,-0.2731313195595373,-0.36162961694157925
0.23925,-0.28637488367657976,0.2657702180646471
0.239375,-0.08463158244049589,0.40169510335488956
0.2395,0.39332673881644836,0.0390937456788312
0.239625,0.3896739129858946,-0.02199809591145004
0.23975,-0.35273950479755406,-0.19004670477364355
0.239875,-0.5553864489163416,-0.28571658977782777
0.24,-0.0771512741472995,0.04458679201623313
0.240125,0.19814636154537169,0.5466967047154259
0.24025,-0.12153816271981027,0.20677697792300823
0.240375,-0.3976852708893009,-0.44058397291601464
0.2405,-0.28940536948265927,-0.541973559050393
0.240625,-0.40322385164265245,0.09954821400155767
0.24075,-0.3953390848616764,0.5321193436711167
0.240875,0.2920651661396834,0.051152867836020834
0.241,0.13262802000935306,-0.19602838875971731
0.241125,-0.2564670371973942,-0.16987695055488986
0.24125,-0.25402670830932067,-0.29760905299776536
0.241375,0.19710098458884284,-0.20668929020132423
0.2415,0.3820961214942116,0.1857727467990973
0.241625,0.014290027073487805,0.2754848935299013
0.24175,-0.24804787736410894,-0.19631443742355992
0.241875,0.02013994175429609,-0.5831412644367581
0.242,0.16998391015299133,0.02092305742315131
0.242125,0.10741273808042133,0.1703960504389435
0.24225,0.5457490293484125,0.03466231232063282
0.242375,0.3559476179947522,-0.24530329316510616
0.2425,-0.4704351277446335,-0.26909976588897144
0.242625,-0.6725343323875143,-0.28212295119072506
0.24275,0.07885846030264788,-0.3361401039072772
0.242875,0.753362405845893,0.2193530702640199
0.243,0.4117469609767423,0.256752725460446
0.243125,-0.1649993517332314,-0.22322455442355793
0.24325,-0.2163951280914045,-0.34686021515223897
0.243375,-0.09256375641057435,0.08171718654188197
0.2435,0.21386243207565964,0.3236821313548999
0.243625,0.3181775389917692,0.09390386394582677
0.24375,0.2488899411407762,-0.29225068701692086
0.243875,-0.12380193656464872,-0.1605988817395902
0.244,-0.4194104780324135,0.16383620257733952
0.244125,0.08885034880792687,0.2464948675103162
0.24425,0.5316516513862263,0.5207773110576364
0.244375,0.4850329183395412,0.3270957075971962
0.2445,-0.0116031867118372,-0.18030077376505993
0.244625,-0.1502065654726964,-0.4801107719807703
0.24475,-0.04281438555192965,0.06328801401916978
0.244875,0.12010833260445386,0.5027909490698298
0.245,0.2603849366364005,0.31207032680774877
0.245125,0.36481789351592026,-0.19662111273756544
0.24525,0.025023478263240022,-0.22441913529919136
0.245375,-0.644058888644409,-0.0541584304810047
0.2455,-0.18420654189219002,0.16633913059573513
0.245625,0.46590156066330296,0.33157750981180595
0.24575,0.3648522063235368,0.2594771310166133
0.245875,-0.11652554464088478,-0.05443711433720699
0.246,-0.007003731951275213,-0.4609454287371047
0.246125,0.0822483254864414,0.11355741525111583
0.24625,0.14579908548392395,0.5466985317748616
0.246375,0.052132053708642656,0.28010984877827166
0.2465,0.2988866165982993,-0.27785465755752264
0.246625,-0.12392918908595565,0.015280517670522045
0.24675,-0.5659953132774487,0.07850158594667485
0.246875,-0.31860246929308716,-0.04364941916686658
0.247,0.29173720750978455,0.21809196204817888
0.247125,0.2461441604673406,0.1976905329391418
0.24725,-0.37649777478826696,-0.025008274359810012
0.247375,-0.6308872788823908,-0.4565755387294639
0.2475,-0.15367909344285802,-0.19805159541115597
0.247625,0.1564388313699581,0.474869648650929
0.24775,0.010889040045595313,0.46001117809576725
0.247875,0.1607315545725918,-0.11317321816406659
0.248,0.06593079602208522,-0.014908691594910348
0.248125,-0.4008171232791293,0.10549573260187874
0.24825,-0.4972521932671458,0.13130984185206265
0.248375,0.43509372517005623,0.10771352877939601
0.2485,0.32406126950281716,0.134897804088723
0.248625,-0.34666402959830755,-0.13515152033419453
0.24875,-0.7627484021904569,-0.33283030184432016
0.248875,-0.2588926520277648,-0.3802369803747894
0.249,-0.11316969749477267,0.25235670667692306
0.249125,0.1358083191676279,0.231604930971547
0.24925,-0.1464844357698265,-0.24670400238202986
0.249375,-0.30259330102440957,-0.5303929722885506
0.2495,-0.41961490416009284,-0.044528419643250376
0.249625,-0.17972550122648334,0.17379381293478793
0.24975,0.3326301564932213,-0.06237190636952092
0.249875,0.3416307919512167,0.3261281327784307
0.25,-0.19132590086518408,0.004475774345878286
0.250125,-0.40604900189506765,-0.3744897106232075
0.25025,-0.18131249169067581,-0.27009661918385186
0.250375,0.4548552626590942,0.38661481553245924
0.2505,0.4548971162306475,0.42316215837161286
0.250625,0.341774161883995,-0.297365618060972
0.25075,0.2960113699067588,-0.5391412943332822
0.250875,-0.28014799848896876,-0.42077723239029113
0.251,0.08141169940053332,-0.2572839252477901
0.251125,0.5232089974596941,0.05105196446675417
0.25125,0.6425441875689947,0.06617642688466974
0.251375,0.18657855996920328,-0.3094881489242516
0.2515,-0.13974175384171808,-0.3391452857395915
0.251625,0.06685446039595781,-0.17751914681551684
0.25175,0.3870726578003628,0.2637370585961688
0.251875,0.1849542381960822,0.29182340205666224
0.252,0.019161873662365398,-0.16757357549148724
0.252125,-0.03045554706918389,-0.49066491280769275
0.25225,-0.3103154214342021,-0.10593412566381591
0.252375,-0.3214473461622367,0.38484882315780594
0.2525,0.12685309070009387,0.2755522810331024
0.252625,0.44766267284292105,0.22420426084782982
0.25275,-0.2399238606054388,0.028537109988782932
0.252875,-0.7268739614575975,-0.23266741678493968
0.253,-0.27452741323974855,-0.018820872488062357
0.253125,0.3566051491792201,0.5243539446226162
0.25325,0.3151959399613839,0.4422067247622925
0.253375,0.02563286451539275,0.17900010603820637
0.2535,0.03940144580731955,-0.3425486551080562
0.253625,-0.21212955525179877,0.08337240905943728
0.25375,-0.37278410798922845,0.21505807818016623
0.253875,0.14736405930890892,0.21267084911721632
0.254,0.6164128823154806,0.0595484937314779
0.254125,-0.022669426884865087,0.02072472895156541
0.25425,-0.5380573160598259,-0.29831831747388754
0.254375,-0.20064479219259512,-0.34089771581847755
0.2545,0.0931580298641574,0.13008743985693189
0.254625,0.38674302140847927,0.2932233498529024
0.25475,0.22464401085750837,-0.14740031219625954
0.254875,0.024989917681776764,-0.4735006382379799
0.255,-0.22331451374047026,0.04059320959887938
0.255125,-0.437215512536027,0.368777367880293
0.25525,0.12780459026959123,0.2554666909888492
0.255375,0.4537916115508008,0.10413600449192364
0.2555,0.010101759027530731,-0.081376599964464
0.255625,-0.6168703625597474,-0.10533323570875452
0.25575,-0.40535527167572244,-0.23974602099436315
0.255875,0.27498640879023906,0.15909061331782762
0.256,0.36500167051483995,0.5864089216474994
0.256125,-0.04165507789593397,-0.014709220873099588
0.25625,0.026626394949491546,-0.32563051160838136
0.256375,-0.25998952579862233,-0.20513277637174876
0.2565,-0.24773969570324236,0.3942916203307993
0.256625,-0.046787256133709314,0.31213222016523723
0.25675,0.48216385108351,0.1173784003939002
0.256875,-0.023955617439650533,-0.027634385843069573
0.257,-0.48338259056008553,-0.20677410668565768
0.257125,-0.532058111658985,-0.14615390912869208
0.25725,0.08997399997046548,0.012029632978869458
0.257375,0.2505472235533875,0.17631597682540937
0.2575,-0.2690736501387468,-0.020473128961731663
0.257625,-0.42555671189947836,-0.5372716380683823
0.25775,-0.26579913020665075,-0.5043771749209436
0.257875,-0.2428391683529462,0.22957140147254293
0.258,0.05382937573356924,0.2106168473649352
0.258125,0.3174260186618844,-0.09607852840177147
0.25825,0.29034137238172153,0.049432066200736285
0.258375,-0.2742461289748046,-0.22834781803556128
0.2585,-0.4369319633581525,-0.3372750390461869
0.258625,0.48876163108217885,0.050637431351231756
0.25875,0.5028903799292921,0.33155716572178806
0.258875,0.22296928863787321,0.0063080849209649625
0.259,-0.030399071533201434,-0.5684058267641596
0.259125,-0.06181828496869113,-0.49035643989665745
0.25925,-0.06642531890929089,0.10870047762249783
0.259375,-0.028420633224994597,0.16112169663078646
0.2595,0.6524708101671841,-0.14104720644583504
0.259625,0.4400845589314808,-0.41119740940957955
0.25975,-0.3102022741821423,-0.27072216284308903
0.259875,-0.5105041333515208,-0.15576052652999497
0.26,0.09190119232857773,0.08905845455288713
0.260125,0.47221467172874415,0.41192653048044436
0.26025,0.2596916043951388,0.22356342049197891
0.260375,-0.14768262199663232,-0.26847074834863777
0.2605,-0.16478025208578428,-0.2163584423045557
0.260625,0.07086445195950167,0.2741766412718718
0.26075,0.05486250385911929,0.5424610686114895
0.260875,0.3389361567655587,0.2835865075158841
0.261,0.24404487626510468,0.027198730623611018
0.261125,-0.1764423359485923,-0.08799988401910881
0.26125,-0.32040152936752203,-0.043602090760696474
0.261375,0.24060212383357987,0.05888858524283909
0.2615,0.6157877071488381,0.5453622325662882
0.261625,0.019737467547810857,0.3715788041374007
0.26175,-0.09769068043439033,-0.26823081373991237
0.261875,-0.11549418201992734,-0.4651372484816856
0.262,-0.013772627207417117,-0.005811110867582745
0.262125,-0.09173161294164664,0.5150815766803317
0.26225,0.19954817505909223,0.2194659727609001
0.262375,0.22147177220328668,-0.06800188283990986
0.2625,-0.23848381753638254,-0.027079719236619462
0.262625,-0.398092287836741,-0.0595953474178442
0.26275,-0.16772527942872406,0.08610995927715621
0.262875,0.16522714024323593,0.22407126305614652
0.263,0.0994152547601073,0.23746818097562272
0.263125,-0.29374656460797227,-0.1462099320738208
0.26325,-0.09939450375565936,-0.487667310446833
0.263375,-0.08634887348910976,0.1432653938663825
0.2635,-0.2172411032633962,0.4212075152226653
0.263625,0.17033631377324956,0.11411712163603044
0.26375,0.3066461518436115,-0.09452925872613346
0.263875,-0.29040959360593205,-0.11882257579059961
0.264,-0.6842484049254729,-0.02346252824029146
0.264125,0.08712852119527202,-0.06602517063561718
0.26425,0.4212473926854019,0.23613099575867344
0.264375,0.20165917811855397,0.050124606938410414
0.2645,-0.09652291608834385,-0.2990039099393149
0.264625,-0.5846099195111889,-0.5355604339139094
0.26475,-0.21360582970241973,-0.11027560129102314
0.264875,-0.17719293933722985,0.3706246082722157
0.265,0.11393819678018176,0.11929147004773479
0.265125,0.24283254347599265,-0.3069314167252613
0.26525,-0.2402614563016711,-0.20519739457106712
0.265375,-0.778649642298615,0.0493751169501388
0.2655,-0.42127195364463227,-0.05917576005827932
0.265625,0.2767161340871987,0.17778791288885287
0.26575,0.08840656846228642,0.20758734589767733
0.265875,-0.3605799155212177,-0.08978696977177598
0.266,-0.44589195822546746,-0.3406762908188223
0.266125,-0.11992650896717845,0.008483336449194533
0.26625,-0.14225078488263104,0.4778605134800017
0.266375,0.2998562831437476,0.35088693305719376
0.2665,0.3364389234674344,-0.38460004806338655
0.266625,-0.1276620593330071,-0.4270017482904272
0.26675,-0.592823837127002,-0.11868391415718087
0.266875,-0.15318307664895534,-0.11903498946050656
0.267,0.2374508515099372,0.13846959220902208
0.267125,0.5332361958430133,0.2303137245987543
0.26725,0.0057134481603911685,-0.3788081690843793
0.267375,-0.22442877524425517,-0.6517514087493783
0.2675,0.1888891722070047,-0.3644780689123307
0.267625,0.07726451784773514,0.13527058910557074
0.26775,0.22329839231578286,0.015322377457099117
0.267875,0.5288078553438881,-0.46943312030079887
0.268,0.1976247800713099,-0.2592590271823506
0.268125,-0.11260735555485496,-0.0851460542027111
0.26825,-0.08843836266100315,0.020772253533476934
0.268375,0.6518160746863745,0.2697065569900812
0.2685,0.6456833592459781,0.4311566262048084
0.268625,-0.036617686728862966,-0.14995937195865974
0.26875,-0.45788983014266776,-0.6490811823051652
0.268875,-0.13032043354885173,-0.32764789329872623
0.269,0.024754651867677932,0.34595208385918097
0.269125,0.04369953506084727,0.29747845134401085
0.26925,0.47014798640180416,-0.16444259911543527
0.269375,0.1256217318185011,-0.2054813880032708
0.2695,-0.1908763980902871,-0.0605321097184091
0.269625,-0.18432688828181945,0.17359034863381811
0.26975,0.42745783972451123,0.11347969514034296
0.269875,0.398788921951156,0.290301104175403
0.27,-0.23110400378990725,0.30449415876482827
0.270125,-0.48830800015400805,-0.03247440225089005
0.27025,-0.2403076782043051,0.12956788309979939
0.270375,0.18588402886795838,0.527660442626491
0.2705,0.27233919267774903,0.5700393762423286
0.270625,0.2429003333094753,-0.04187197959316993
0.27075,-0.02346080721172693,-0.48062420611951856
0.270875,-0.4406108131152821,0.0032532728899001065
0.271,-0.47492521194878684,0.0288691293201088
0.271125,0.2853691204604384,0.0686977484876243
0.27125,0.5648332481091327,0.29940614131500937
0.271375,0.21258734508839783,0.04737087477032116
0.2715,-0.4727125882888563,-0.1944079910082109
0.271625,-0.15566427273638037,-0.14795660890719103
0.27175,0.11878352577694927,0.38358777055069787
0.271875,0.03933612672172977,0.38119589388544217
0.272,-0.14133825908344233,-0.1887404336781759
0.272125,-0.05317201083308125,-0.44822503844797695
0.27225,-0.26054678211040694,0.012583858307135662
0.272375,-0.3320175584871988,0.273118514666584
0.2725,-0.01724266595018055,0.14959856193678314
0.272625,0.2806035910722751,0.20738499390438384
0.27275,-0.08782382820499704,-0.06524393415843639
0.272875,-0.5712706698500739,-0.2746604264905018
0.273,-0.13085095995911747,-0.19100765044951615
0.273125,0.22554698562915435,0.14461937796266147
0.27325,0.12141788865821206,0.6386700496149856
0.273375,-0.21496352810983455,-0.01851396441190759
0.2735,0.049062439381851106,-0.4138980906837995
0.273625,-0.2731130453267453,-0.37026471692852025
0.27375,-0.37487090339165374,0.08839119516056114
0.273875,-0.09369028340212648,0.052129282101316655
0.274,0.2960510842682774,-0.037490401839221706
0.274125,-0.17356148897406112,0.09356746702643816
0.27425,-0.7082779862957778,-0.24704889385950804
0.274375,-0.6049899349946685,-0.35170445064526884
0.2745,0.1438534336722493,0.1511100983542865
0.274625,0.257850850665788,0.31363087056602695
0.27475,0.04525275669199048,-0.02839035048647985
0.274875,-0.23038812832525513,-0.41538050579125785
0.275,-0.36902668295555296,-0.05114003582675465
0.275125,-0.27481540112346947,0.20825984320287516
0.27525,0.39468973408698416,0.08616823358632253
0.275375,0.6455584793671106,0.15959041790361223
0.2755,0.2717752942108804,-0.015785507284290186
0.275625,-0.29555462030191837,-0.3642851099332677
0.27575,-0.12572453047272686,-0.32930932289767906
0.275875,0.42358154909289614,0.018617439126413417
0.276,0.2971314490419875,0.24873863130254917
0.276125,0.2388520580260893,-0.0841219971978261
0.27625,0.05483492848133894,-0.7685845780568905
0.276375,0.013512884760235813,-0.3234259331816237
0.2765,0.003058306792704606,0.10033087704410647
0.276625,0.2600593100928257,0.25753039822315593
0.27675,0.6126978251322854,-0.07342373990028651
0.276875,0.19276661804304057,-0.20939453184116477
0.277,-0.6678643919855294,-0.3547469990858447
0.277125,-0.20033319603929375,-0.15252333516727837
0.27725,0.4034271163156749,0.1611797099610124
0.277375,0.5307141932990477,0.5508333561591825
0.2775,-0.02636194987672296,0.2864231093718222
0.277625,-0.11410817984931294,-0.21974566350365737
0.27775,-0.3059272875103172,-0.16198168082675268
0.277875,-0.20162096151382117,0.46660801782455497
0.278,0.1489801001274544,0.4312216093499503
0.278125,0.5890881912997813,0.10951664187175228
0.27825,0.23665667622846606,-0.08320638606385562
0.278375,-0.3466589047271324,-0.04953276038574179
0.2785,-0.2968237847754662,-0.04748809782218481
0.278625,0.05075287592530205,0.0839496108080502
0.27875,0.4560687928674628,0.5781464774622759
0.278875,0.3389788454208372,0.15058622137315764
0.279,-0.1558519076817008,-0.3907230966603977
0.279125,0.0059426003259036835,-0.22710515539844775
0.27925,-0.11524821054987777,0.518128495903926
0.279375,-0.08929311513810294,0.4684904529645444
0.2795,0.22650815573696648,0.17130935844574893
0.279625,0.02007160281476211,-0.07172174706340444
0.27975,-0.43475606751497253,-0.160525218932675
0.279875,-0.5423475471960884,-0.08933114481476798
0.28,-0.02275729238122523,0.028563881231177025
0.280125,0.2886762122365269,0.3834034799074985
0.28025,0.13737031042943879,0.1571222769754823
0.280375,-0.17347567613411924,-0.44331874025309137
0.2805,-0.04896392917512428,-0.46162611003825343
0.280625,-0.32626634411647754,0.1227668363670308
0.28075,-0.10821623701518222,0.6163664520795548
0.280875,0.30912504986021205,0.13236282467803823
0.281,0.17720209247008625,-0.23371281010320755
0.281125,-0.435956087160092,-0.06711350523979671
0.28125,-0.39367491269148924,-0.24102229447551474
0.281375,0.14556130302298628,-0.05875396009847175
0.2815,0.47194370466220625,0.2664818994944222
0.281625,0.11343198216541982,0.03877118201087851
0.28175,-0.04748248965750356,-0.4142977381875614
0.281875,-0.2696345555884065,-0.46968300000881275
0.282,-0.24188663104723196,0.006051971942273585
0.282125,-0.1583143386579254,0.33969506331262583
0.28225,0.18171408895234795,0.09265055344206607
0.282375,0.20260094010460283,-0.1854431767546142
0.2825,-0.39254458544365867,-0.25475106797331526
0.282625,-0.8271411227295741,-0.23750693594400293
0.28275,-0.11941640899104998,-0.12315021907603231
0.282875,0.3676971906167779,0.3402272449031088
0.283,0.23158401691002042,0.023913051404428082
0.283125,-0.3115763797569031,-0.37176408990467197
0.28325,-0.31109544673252354,-0.4908917365174843
0.283375,-0.035048622588395174,0.10928111998477297
0.2835,0.014494181600632108,0.391722741948161
0.283625,0.04340727749660246,0.16768630213895674
0.28375,-0.017434961228690163,-0.035479812963251
0.283875,0.010579875823504985,-0.3685076554929431
0.284,-0.10346611212048895,-0.12558396539283528
0.284125,0.2487493704656719,-0.13500783558608964
0.28425,0.665994763913401,0.12433166426617089
0.284375,0.49263678833792895,0.05082763292258723
0.2845,-0.16996186571837027,-0.3847082088353158
0.284625,-0.08665493477588415,-0.4016075742559906
0.28475,0.18670273038321197,0.099924453177529
0.284875,0.28660664901748606,0.30224826511938874
0.285,0.2249623509143849,0.11604158580080089
0.285125,0.4161938649172685,-0.15609824780142212
0.28525,0.011701439927359678,-0.30077099070857477
0.285375,-0.30348207878857014,-0.1980439631430292
0.2855,-0.012007935756414906,-0.1612583788901611
0.285625,0.40596465424238454,0.28469639327305474
0.28575,0.3465522672804608,0.22740859038205385
0.285875,0.002844006479920204,-0.2350282825021057
0.286,-0.1285041544765367,-0.1947352744625053
0.286125,0.15494536676408224,0.34424329634242684
0.28625,0.09623270183108636,0.651739348270187
0.286375,-0.03275014285642319,0.330864363000701
0.2865,0.007025233656594235,-0.14085422672173897
0.286625,-0.16696372439223575,-0.11340643428619462
0.28675,-0.4358855710910124,0.21706202596562307
0.286875,-0.25968853462964403,0.15271649600219772
0.287,0.2853763661717839,0.3660261380131128
0.287125,0.2142029220386665,0.34617279625557934
0.28725,-0.21716406780066028,-0.0193586262535185
0.287375,-0.2855516008766443,-0.26227499757840006
0.2875,-0.052617947369043266,-0.1446546127447015
0.287625,0.11592109535087114,0.3087201576948048
0.28775,0.2491784719883055,0.19565585639292657
0.287875,0.2981784656198276,-0.12219106139932094
0.288,0.07604238087741273,0.04071988221375408
0.288125,-0.2985007410653975,0.15255538668985824
0.28825,-0.15826661552665455,0.07653679069029261
0.288375,0.48930819851128166,0.020856336512358662
0.2885,0.20076440489612238,0.09650175956074006
0.288625,-0.40846621324902566,-0.020716948410638487
0.28875,-0.46898521709710583,-0.4464374095059663
0.288875,-0.042053004185734454,-0.37683972737767685
0.289,0.23019015860175462,0.2550069508833203
0.289125,0.34005762136226286,0.25780474493134364
0.28925,0.14879565527098595,-0.10821360719903514
0.289375,0.1221045233063602,-0.13743265483416017
0.2895,-0.4924006491264743,-0.006127427128409553
0.289625,-0.22994573492171694,-0.014370616847672123
0.28975,0.39746694052088705,0.1789736960285495
0.289875,0.2799186696389284,0.17888941190890484
0.29,-0.30437969234440326,-0.11034643895027386
0.290125,-0.4628260027476325,-0.09256366205256088
0.29025,-0.274891402631162,-0.13555882223334415
0.290375,0.03675687201654346,0.3526858009046911
0.2905,-0.15624265578394542,0.33849164441788643
0.290625,-0.11131130935501724,-0.3746555479985816
0.29075,-0.21824944309695585,-0.4171342531370605
0.290875,-0.41781060751812127,-0.07985074110599971
0.291,-0.18810251016419982,0.21221901440235605
0.291125,0.039116995357416515,0.2498648327662838
0.29125,0.3878480815335398,0.15143659991812486
0.291375,-0.06864988411211564,0.045254970941513435
0.2915,-0.4282561174710914,-0.2217321268914911
0.291625,-0.21145395999249095,-0.28707735385782834
0.29175,-0.024238861550283233,0.3522759881887892
0.291875,0.10744442875189053,0.17122238884720412
0.292,0.03067109875006775,-0.3488197520131819
0.292125,0.11205532733071699,-0.46009972286314665
0.29225,-0.07274783908464717,-0.12631909575939262
0.292375,-0.1390052526196285,-0.0447016619683474
0.2925,0.40015759965774755,-0.09408599272055362
0.292625,0.5488616779788008,0.016883116947170502
0.29275,0.10071726879930411,-0.2425686551360425
0.292875,-0.10864147827838935,-0.2897312365887077
0.293,-0.13307573349339558,-0.4024830218269655
0.293125,0.3392214094616853,0.06252283373736765
0.29325,0.4146776023454729,0.2787819977554976
0.293375,0.18470562589264175,-0.003808233057587167
0.2935,0.2403454735456269,-0.5079580746142546
0.293625,-0.2143681780162756,-0.10241776124864085
0.29375,-0.34224636993943686,0.10592933011726365
0.293875,0.0788492678580736,0.13406488832890595
0.294,0.651550505322489,0.15662329610611064
0.294125,0.2525882172808647,0.18898762219422877
0.29425,-0.4324532961019662,-0.16903846054664737
0.294375,-0.17595787180795702,0.01612781479001251
0.2945,0.2479750654914326,0.13462102059496026
0.294625,0.26517778426024624,0.6281515585991254
0.29475,0.029423053772560222,0.30161125566162333
0.294875,-0.07735923885564584,-0.36635609185881735
0.295,0.009575780097670572,-0.1433911127013062
0.295125,-0.009134304366405001,0.4575399884408657
0.29525,0.2333757805198914,0.3959676975580108
0.295375,0.5028226989371762,0.23307527527714117
0.2955,0.07574389842512864,-0.027436004890740693
0.295625,-0.46740162075850283,-0.21819335616070631
0.29575,-0.6021540765381218,-0.32724004984336463
0.295875,-0.008956900361142139,0.1973444184414801
0.296,0.3778906555588609,0.40799397038431956
0.296125,0.10754970748712203,0.2703648974940037
0.29625,-0.04076155275690696,-0.30713257611599426
0.296375,-0.016718089091772276,-0.13044786535882416
0.2965,-0.12798280238190135,0.2971668112095473
0.296625,-0.04433332330618018,0.2866977716490149
0.29675,0.16771191728472498,-0.050356175160853
0.296875,-0.026113643004491368,0.09507515814997097
0.297,-0.5858650658742989,0.06571399034839945
0.297125,-0.4896541938272176,0.017165869702916652
0.29725,0.338086262186267,0.3129014229047272
0.297375,0.2915534397307989,0.41614113125434854
0.2975,-0.047109563513051324,0.010108186627041585
0.297625,-0.13673732298885943,-0.4660766928230383
0.29775,-0.2251368594582963,-0.2916115335084206
0.297875,-0.3714264786138546,0.04141468834424218
0.298,0.07444144146242673,0.2089385466327739
0.298125,0.36910723706016996,0.07094923521932688
0.29825,0.1810415375995478,0.09290531280951278
0.298375,-0.42618521556331485,-0.10402091359499936
0.2985,-0.47229822405702576,-0.09738058546978023
0.298625,0.12466719830562628,-0.05387849587474214
0.29875,0.08587685504318553,0.12387710220414519
0.298875,-0.2709393419601723,-0.0019294146462675453
0.299,-0.3870044347603775,-0.4503280083138731
0.299125,-0.3664407356028888,-0.3154960085049882
0.29925,-0.09243302184924798,0.07836928712900354
0.299375,0.027790106255481492,0.26158610649515146
0.2995,0.4479352164201355,-0.14913933889819916
0.299625,0.13061412245418602,-0.14889932305505713
0.29975,-0.5282354273969445,-0.28516905173958773
0.299875,-0.5887714068236523,-0.2550501473880778
0.3,0.0018517264506471675,-0.00764483920292713
0.300125,0.18580100347767334,0.33977174434339613
0.30025,0.11521562702316614,0.18505224891838948
0.300375,-0.060797234251650865,-0.26375615063949376
0.3005,0.061346167752834135,-0.4055232669467213
0.300625,0.02796489328558878,0.0956888201964291
0.30075,0.07010533465507995,0.2676536639839094
0.300875,0.43109812731449515,0.002954992622594343
0.301,0.3890592926532629,-0.3864982690945158
0.301125,-0.15752874510760442,-0.27052530934731556
0.30125,-0.24148092715493885,-0.2239513838754956
0.301375,0.08641348880661204,-0.06889551217346504
0.3015,0.5484833561017235,0.31425764327141714
0.301625,0.39694063171036437,0.17350692272144597
0.30175,-0.11266352664975073,-0.47217865822328464
0.301875,-0.0940935636868617,-0.4576646508380614
0.302,0.10254808727581007,-0.13895040158764596
0.302125,0.14991933293739146,0.17672311539216898
0.30225,0.2914941873481202,0.01835684036341005
0.302375,0.35251393501436495,-0.057669359978342286
0.3025,-0.11157342566781789,-0.05034470277226601
0.302625,-0.6574117155650334,0.27023563607109485
0.30275,-0.11118940224035606,0.08583738384374971
0.302875,0.407187218954084,0.37026698448706197
0.303,0.36765906058218367,0.31233320684341176
0.303125,0.011318395594538738,-0.20341590377375765
0.30325,-0.10547314031068221,-0.4723269081180093
0.303375,-0.08667828924960445,0.11996515258662116
0.3035,-0.09616547116431674,0.3978814899586428
0.303625,0.07599425884521073,0.27778442967634726
0.30375,0.09422406902494769,-0.15507673507530384
0.303875,-0.05036250314260167,0.05436274117896019
0.304,-0.0558947981002235,0.04765637034917703
0.304125,0.23006310990860404,0.10041147842041868
0.30425,0.3358833974994564,0.46289824547190445
0.304375,0.06323374819792497,0.37547499801760853
0.3045,-0.24986762068593138,-0.1191145214048213
0.304625,-0.3430744844053617,-0.44115128560967537
0.30475,-0.015890851234682656,0.00631358628019698
0.304875,-0.026311973066768978,0.4392957982217215
0.305,-0.056349491996578134,0.22284097613159187
0.305125,0.08129915658019887,-0.014152613299637844
0.30525,-0.2340869996414334,-0.04908941685718922
0.305375,-0.37934536471015895,-0.11051835916564787
0.3055,-0.14438171921033693,0.010802150086254486
0.305625,0.24936614068076013,0.06698606905559472
0.30575,0.1475564542555676,0.23191791555250735
0.305875,-0.08022141459849938,-0.06471585167622346
0.306,-0.10340952286466126,-0.16909544708088764
0.306125,0.16034510067406257,0.06755067165125371
0.30625,0.07093668995638482,0.38357155049123554
0.306375,0.06794844354151026,0.05071162723382675
0.3065,0.09443907460390874,-0.3713530031749909
0.306625,-0.02953436903565115,-0.2570528464508839
0.30675,-0.521990057467499,-0.06929517648615646
0.306875,-0.2890328489855277,-0.14023333099801605
0.307,0.1441390328100681,0.19512514937202802
0.307125,0.026126937267897662,0.13729132775257835
0.30725,-0.39593331082688493,-0.17914334824214095
0.307375,-0.34878855495817535,-0.4071868380584231
0.3075,-0.08231304207486195,-0.16771760651522832
0.307625,-0.01832047206506629,0.15202860845968424
0.30775,0.10983837635346134,0.2929678950566776
0.307875,0.017062408835779756,-0.23867081164165885
0.308,-0.17922942332794617,-0.13063393511719143
0.308125,-0.43725328109127537,-0.014264397099481225
0.30825,-0.37096512737871,0.044536555127948914
0.308375,0.1544611238341643,-0.034739188647320625
0.3085,0.1429698149273296,0.13228660308618373
0.308625,-0.21915546870141114,-0.14842495305661071
0.30875,-0.18899062613211953,-0.2977529801286787
0.308875,0.15614012639416966,-0.2535368050286052
0.309,0.3689492699382737,0.08313173464551389
0.309125,0.17324234305436878,0.24902987493845885
0.30925,0.09159053288604409,-0.30668254284222307
0.309375,0.18980975345097467,-0.3639756588287418
0.3095,-0.13833017125133287,-0.026501561282794562
0.309625,-0.0037803942997879925,0.134358511491938
0.30975,0.3417324327443484,0.1334896175285095
0.309875,0.39606739249585,-0.07848098815017356
0.31,-0.1943726934598582,-0.11927781414947607
0.310125,-0.004187150768434557,-0.43951405415049183
0.31025,0.10388696884810532,-0.18368649953942698
0.310375,0.319756111467591,0.03280141324095524
0.3105,0.11206184677228045,0.22640604745487256
0.310625,0.08437273316655397,-0.0642759454761104
0.31075,0.09750176390568978,-0.09117742110414803
0.310875,-0.030698772588431927,0.31732777170369814
0.311,-0.1557981828998639,0.2589258458385309
0.311125,0.29564885345287056,0.11632675164320178
0.31125,0.44618369563843896,0.25840778175797635
0.311375,-0.09636847951086751,0.1990237518986397
0.3115,-0.18567504260256856,-0.21700609100243523
0.311625,-0.27207452531894766,-0.11551241980860656
0.31175,-0.031706070724000904,0.22704110401792155
0.311875,-0.030430907885057482,0.47462752256093277
0.312,0.07887918034131412,-0.029033271671509854
0.312125,0.18972924804017904,-0.04093657281840318
0.31225,-0.2256892247890808,0.1516803006217814
0.312375,-0.21266175407046037,0.13359084260678888
0.3125,0.13961142670962445,0.0456834062886026
0.312625,0.44990037865768373,0.09792176375162895
0.31275,0.14118582552406667,0.03740089417130436
0.312875,-0.21345431453067093,-0.09236411177800435
0.313,-0.15925687955118667,-0.19451255922747276
0.313125,0.013040297845835802,0.11464140987889103
0.31325,-0.0568536031287011,0.3742772886213491
0.313375,-0.07303356407992256,-0.13495278086105345
0.3135,-0.06030989870836645,-0.16497622979974771
0.313625,-0.3042824343209493,-0.03812514984794223
0.31375,-0.2820063814408456,0.1529882532237384
0.313875,0.1787947881850737,0.16688837692370798
0.314,0.12194878530446243,0.11019879545947314
0.314125,0.07056992030122242,0.2091572149175321
0.31425,-0.2838912255899308,-0.004328728698196985
0.314375,-0.0722610780547122,-0.24685664089224965
0.3145,0.30837283429357704,-0.04472922935238479
0.314625,0.24774770189313047,0.3720458720580179
0.31475,-0.17542449964655102,0.21645310467032117
0.314875,-0.2862471941561358,-0.12025889516949233
0.315,-0.32266607962172333,-0.03019812803215603
0.315125,-0.46261816604766004,0.040100595120946124
0.31525,-0.16868323531867702,0.06105238138578763
0.315375,0.2899219377411235,-0.010636037946523607
0.3155,-0.009075520339609913,-0.06184343805238304
0.315625,-0.5714029543429245,-0.07414282633748664
0.31575,-0.5362165909573666,-0.15934266494678462
0.315875,-0.14439856574077475,0.2001734311754052
0.316,0.012744160410384337,0.27256216094585123
0.316125,0.0757325971039478,0.0018573949392919735
0.31625,-0.23541738830110912,-0.29710506905860434
0.316375,-0.22926983355174307,-0.1829424697794422
0.3165,-0.1394511883853932,0.18414522793056556
0.316625,0.13070252269313795,0.04955970798192534
0.31675,0.4516312595408149,-0.18078230719117386
0.316875,0.17953646575606352,-0.10668183471713603
0.317,-0.2528386559996672,-0.170729984250479
0.317125,-0.23315184492589366,-0.41488895097786016
0.31725,0.2854103895187385,-0.17927367544461995
0.317375,0.42132889143966307,0.22595512003738233
0.3175,0.21672029901534043,-0.007447396423889926
0.317625,-0.01313386816153936,-0.45764915800055017
0.31775,-0.001686476219630382,-0.37333151033855644
0.317875,-0.015682965026517986,-0.04949918460887946
0.318,0.3591287422243721,0.05937311411122778
0.318125,0.6954880144733419,0.025425536201840973
0.31825,0.26766326574844457,-0.18001488968107743
0.318375,-0.24783542502885386,-0.1614256233713783
0.3185,-0.25027666511968927,-0.20424677079574452
0.318625,0.12048067383163476,0.2035595055825034
0.31875,0.33519858269155184,0.49071533020328045
0.318875,-0.08483239885366824,0.020770422823819284
0.319,-0.28408075295238505,-0.26434561982929394
0.319125,-0.21812829310202603,-0.2846921545821568
0.31925,-0.03961619940983864,0.2744167562495007
0.319375,0.12234217189332458,0.3769600416287032
0.3195,0.5979191816255693,0.25301485030433174
0.319625,0.3590193251091137,0.009767001963277221
0.31975,-0.36796930985146464,-0.0658894578554567
0.319875,-0.3219300219696271,0.04110225416560778
0.32,-0.03246590372866755,0.28907796927348334
0.320125,0.11118407874611781,0.5387286206027719
0.32025,0.07632869270874743,0.20504551374450056
0.320375,-0.008820736052924284,-0.14677965500102375
0.3205,0.10625055667410432,-0.34930345767810267
0.320625,-0.0053990294703746364,0.2907638838653466
0.32075,-0.056481171426691186,0.2868126552920167
0.320875,0.004992895758388786,-0.015368781218092133
0.321,0.08206502218926343,-0.14349519823226783
0.321125,-0.1099450992120426,-0.10493952520472957
0.32125,-0.3044810390621578,-0.12334975317488231
0.321375,-0.03544450947366032,0.17923798248195816
0.3215,0.2821322589057562,0.4150910224182101
0.321625,0.17408608531842257,0.15283042381392375
0.32175,-0.025987206034521145,-0.10841336017298271
0.321875,-0.24357320619485762,-0.2676465506943674
0.322,-0.33523572580851624,-0.2683800727823758
0.322125,-0.1007709566577685,-0.03177972540391436
0.32225,0.4108836915842358,0.008359231622099653
0.322375,0.3841125622701194,-0.020593069592498
0.3225,-0.23871072413371922,0.04031878935601018
0.322625,-0.3066345709041983,-0.011354009870410284
0.32275,-0.13659906089443216,-0.06646330747518141
0.322875,0.13688333210520706,0.023248064780730895
0.323,0.05272763441668006,0.09647858855369928
0.323125,-0.14700787642125143,-0.1590378229642965
0.32325,-0.05333509348448297,-0.24926613743767853
0.323375,-0.0599285905438045,-0.029425278313007532
0.3235,-0.22377624511307653,0.3770390524426035
0.323625,0.041879465498451694,0.12599071632170478
0.32375,0.11106114405619684,-0.019344209864711095
0.323875,-0.09428122958425413,-0.18114751440414611
0.324,-0.5011041739598198,-0.19126088311067
0.324125,-0.15892220139763252,-0.09871921943388527
0.32425,0.3576294517879649,0.3885632280773771
0.324375,0.19808906021211795,0.39184668051660526
0.3245,-0.2716594605482024,-0.12315885457499663
0.324625,-0.3102176976149021,-0.4261639764786564
0.32475,-0.10171069856945757,-0.1751013309149245
0.324875,-0.05381798263322588,0.2512488444831228
0.325,0.10837585157255773,0.045986365088147754
0.325125,0.17191119738317157,-0.13907142401256603
0.32525,-0.09583248854952423,-0.07973861592105672
0.325375,-0.20372735660675131,-0.019557232032054957
0.3255,-0.09857509959818264,-0.2502285241405717
0.325625,0.3642909105539205,-0.0026959900226699207
0.32575,0.19078736945513816,0.08249539363979155
0.325875,-0.22437115902240662,-0.1423352112943089
0.326,-0.2143079703664294,-0.42745052238723585
0.326125,-0.045174734996839466,-0.03135325165557436
0.32625,0.22241628815545855,0.1825070690402765
0.326375,0.23098292483094449,-0.027376908466270094
0.3265,0.33743022167113756,-0.22824026120465926
0.326625,0.05670234241047486,-0.40697500821500987
0.32675,-0.14945474332396044,-0.03515961636170193
0.326875,-0.08298592513976577,0.04627895223630025
0.327,0.62861235347785,0.0758439591135198
0.327125,0.6130858548023682,0.3053504110778311
0.32725,0.13138021388211482,0.02209310636709225
0.327375,-0.4408580076882389,-0.23232621644258536
0.3275,-0.18792864550682542,0.1424224922488374
0.327625,-0.046967892274013406,0.3120310956866988
0.32775,0.0317267256875861,0.22013972118896427
0.327875,0.36864422438789357,-0.19297095845306758
0.328,0.03518844898031621,-0.19929569750645137
0.328125,-0.27735169677363425,0.09925928501934693
0.32825,-0.31065916978177543,0.0822463798180726
0.328375,0.13169791033759654,0.16575908573454898
0.3285,0.2472089354586651,0.36197718810069596
0.328625,-0.04954089922962861,0.052785300485712096
0.32875,-0.19293712979334435,-0.22143542890771728
0.328875,0.007552443027421879,-0.06374649334152263
0.329,0.3879020429171209,0.47097758349564045
0.329125,0.2692158655366391,0.649931976506057
0.32925,0.022572822792458362,0.0064097159583327715
0.329375,-0.21430524511430382,-0.16881754104228533
0.3295,-0.36168746946957736,-0.2551461413431516
0.329625,-0.3458544018681979,-0.029281115907765668
0.32975,0.14679544663697164,0.05071025470624979
0.329875,0.34728022288303145,0.2273742567183665
0.33,-0.03353317092311669,0.07718993742499564
0.330125,-0.41766481344165995,-0.4343640316524815
0.33025,0.013168493733870034,-0.08202222815427221
0.330375,0.03383590974969488,0.11738067221542352
0.3305,0.19488396831605045,0.25553558358159356
0.330625,0.005330932178541468,-0.15220450697592022
0.33075,-0.17315404630099168,-0.15576804444577957
0.330875,-0.3385476406975284,0.18720355870787378
0.331,-0.17454651856625453,0.3662027038582052
0.331125,0.20027106762445554,0.3851695006607776
0.33125,0.3776748176187013,0.14759210042705692
0.331375,-0.20019718682417398,-0.1765375997780072
0.3315,-0.3003106820033148,-0.4328576952313866
0.331625,-0.14458555345881377,-0.32056704029884275
0.33175,0.06961957112591492,0.08274588678501724
0.331875,0.01118743642095838,0.3736071005335438
0.332,-0.18828211425231073,-0.1207297470902605
0.332125,-0.3154206862727751,-0.3245110878909352
0.33225,-0.2598406969791079,-0.06812491250950937
0.332375,-0.44200521802879794,0.15174384911926214
0.3325,0.0749060882721752,0.03434009919653529
0.332625,0.03049528198179862,0.06889112606676015
0.33275,-0.22308227822032323,-0.11297060029062517
0.332875,-0.3865932552730693,-0.3237247807094166
0.333,-0.09887032063071595,-0.16765699972253337
0.333125,0.0237447050836419,0.3060275627067783
0.33325,0.1571176202194269,0.33802983560820243
0.333375,-0.019554942081187302,-0.058490370831531704
0.3335,0.11796165060013748,-0.3822710241916592
0.333625,-0.09678087758803773,-0.23993085329171157
0.33375,-0.02743230245611307,0.09129862903491963
0.333875,0.2975676371004294,-0.00018635432646310764
0.334,0.48305249688074553,-0.027448115085616658
0.334125,0.09614632923138162,-0.17318904741760183
0.33425,-0.208031364825334,-0.16061528265084649
0.334375,-0.1979922419488043,-0.353485395797873
0.3345,0.27848066509881947,-0.14049237885534793
0.334625,0.1674943169151872,0.11690238656280466
0.33475,0.10487152360620239,-0.17542023159397352
0.334875,0.21184593517138545,-0.3362311019252883
0.335,-0.17763732454665804,-0.1554372613683103
0.335125,-0.1177672967756144,0.018325391615852817
0.33525,0.07272945366049309,-0.0257640293484467
0.335375,0.4399847544743792,0.10046365321712376
0.3355,0.13960550760604426,0.10079407754911338
0.335625,-0.1817372746998493,0.013875878233009559
0.33575,-0.0006020202040306769,0.04272653983459739
0.335875,0.26054704955869945,0.26898065069560395
0.336,0.32010927340535644,0.4418488730059782
0.336125,0.0007235182261580615,0.023212924494978117
0.33625,-0.04557895241812803,-0.26415668045263474
0.336375,-0.1371476599206371,-0.07472789538588684
0.3365,-0.22212734772510787,0.188796825326575
0.336625,0.16322201142995876,0.3457427651783233
0.33675,0.3299979114266664,0.28485227869669133
0.336875,0.12214878425726557,0.08263059721390632
0.337,-0.3158477171549335,-0.022982164285252817
0.337125,-0.06698653764548096,-0.21895529781130535
0.33725,0.3105586156562655,0.019592566121605082
0.337375,0.454593006897461,0.5043009606991331
0.3375,0.04182633289446695,0.35756574259973584
0.337625,-0.12916707543299585,-0.07433998029844031
0.33775,-0.05711370826476415,-0.08681259926973121
0.337875,-0.19713981069279934,0.18633663759356014
0.338,-0.2913469518151585,0.24395475348622
0.338125,0.0006437352599905276,0.06296954820814164
0.33825,0.15424620229692593,0.010684098498229403
0.338375,-0.22867806129839746,0.0009115687587010381
0.3385,-0.45734001311322725,-0.0665697432617851
0.338625,-0.14979649039645987,0.03446037211740563
0.33875,0.19659857133284991,0.49143258584791
0.338875,0.1731330442438058,0.05526153642422236
0.339,0.17163345402757613,-0.20971673700580104
0.339125,0.07554128010866842,0.008472858541504159
0.33925,-0.09076670021417144,0.2263498011110464
0.339375,-0.06671201785091731,0.47384108694370036
0.3395,0.383479059275726,0.0018673804858466239
0.339625,0.19418352054543764,0.03580489006064511
0.33975,-0.4035233003178094,-0.15526847212486397
0.339875,-0.45756999578652124,-0.1486737304656593
0.34,-0.15114199325103322,-0.19472532484555652
0.340125,0.15508628694983184,-0.055197318351447984
0.34025,-0.05193449603761279,-0.03507846456582251
0.340375,-0.3380895769419535,-0.1619648388812698
0.3405,-0.13968731739974574,-0.3536814290627544
0.340625,-0.44062904331107333,-0.1173495903879629
0.34075,-0.3169878837608235,0.21134405041639373
0.340875,-0.00787181978032608,0.268053475520854
0.341,0.05203131704038433,0.02011531779800097
0.341125,-0.39113893779078923,0.06018827708806019
0.34125,-0.16669416349205762,-0.4351366985322408
0.341375,0.22039899030305588,-0.1564842389297614
0.3415,0.31391947695892847,0.24774991745504735
0.341625,-0.06403864158769351,0.2508085829410947
0.34175,-0.18759622385531288,-0.2956767778891742
0.341875,-0.1758781377641768,-0.4265115240774902
0.342,0.03852799618702384,-0.2905073667004006
0.342125,0.2736473715422292,0.21251760392960703
0.34225,0.45702200880798927,0.03986549030965916
0.342375,0.3085696659277562,-0.33797095439706276
0.3425,0.047282768468719,-0.284049787690928
0.342625,-0.05038716499151233,-0.370693223472677
0.34275,0.00162961959445577,-0.303436764968797
0.342875,0.2630936005440341,-0.0008564085403258235
0.343,0.2790690869241546,0.03076721749941042
0.343125,0.16594026892080607,-0.3773897053775977
0.34325,0.037793718889918754,-0.14891243089701797
0.343375,-0.04003934342239525,0.21008365864783127
0.3435,0.1646316838739002,0.16222491378023254
0.343625,0.23384954089834087,0.02271444711751411
0.34375,0.21210624913164347,-0.21020422048484458
0.343875,-0.10979351162145763,-0.030160827549469554
0.344,-0.3779360979383619,0.08000364710933387
0.344125,0.11236874158686222,0.2635022655289481
0.34425,0.6528031915906024,0.36612854429873865
0.344375,0.34101008885837714,0.40304153478600807
0.3445,-0.11195295642690246,0.09775065061649708
0.344625,-0.24131557986001093,-0.25320324361708174
0.34475,-0.14655018490268423,0.05929415585620763
0.344875,-0.07947252404973014,0.29687855750538666
0.345,0.06231198221724025,0.21740973836227748
0.345125,0.2006775513680758,0.20779418693375784
0.34525,-0.05848042312086027,0.13184095219768827
0.345375,-0.204414312967123,-0.02904487614045592
0.3455,-0.20165483463075976,-0.01724057626629174
0.345625,0.22464687173562772,0.24782616733027793
0.34575,0.33376921696131917,0.1331586283159997
0.345875,0.2129249593848148,-0.10632314721289485
0.346,0.1251137698202447,-0.4532716545368478
0.346125,0.0008212302442837802,-0.0897111941580007
0.34625,0.24529056507365465,0.4507879378103551
0.346375,0.04090196127977056,0.3049975302541865
0.3465,0.21847319174663463,-0.17108966759361657
0.346625,-0.23562499069327672,-0.21236572165027756
0.34675,-0.5585602778793659,-0.1823859338773598
0.346875,-0.3788537484660514,-0.11199108036263263
0.347,0.22290800361481838,-0.0419199692169233
0.347125,0.33404188074472896,0.1276461919448912
0.34725,-0.04125444795165896,-0.021780445395663144
0.347375,-0.17233877026755737,-0.2804521310344734
0.3475,-0.14969488799489594,0.02998245301740393
0.347625,-0.14786895018791613,0.2997253084546509
0.34775,-0.2592410139820251,0.22279484279207412
0.347875,-0.2126391500825794,0.03972389107447567
0.348,-0.15864108643454747,0.1629439293285805
0.348125,-0.22784418913742846,0.18320297338313676
0.34825,-0.1435838823119422,0.051393816934546706
0.348375,0.2116225460304537,0.09993549364428385
0.3485,0.32898495108493975,-0.010422305878813938
0.348625,-0.123450474537411,-0.2174493371274403
0.34875,-0.2980995648270491,-0.42695201239829306
0.348875,-0.409419559137383,-0.14700294696092883
0.349,-0.07237043866795471,0.13654730799821022
0.349125,-0.10671308320876143,0.4137894460572438
0.34925,-0.0599275625072218,-0.19626555197005766
0.349375,-0.18631590435380757,-0.04427244385267557
0.3495,-0.28127395789564835,-0.27715068155314704
0.349625,-0.17782789605001906,-0.1981839883213422
0.34975,0.19547925732096005,-0.11700849306412514
0.349875,0.3356268689203361,-0.22501340996599428
0.35,0.05257165860631537,-0.059278711902072304
0.350125,-0.14747479154886756,-0.31606435214651424
0.35025,-0.15341402045792704,-0.08447448093950073
0.350375,0.05578331775929308,0.2279127045966739
0.3505,0.10667724127522417,0.36178561507528184
0.350625,0.08030839834533539,-0.14569225990740634
0.35075,0.2614112480844178,-0.4934551524152259
0.350875,0.04619350594813385,-0.2654468855113487
0.351,0.11073066843410552,-0.00046575209221785287
0.351125,0.2318207905972525,-0.09811585510174643
0.35125,0.2768841224457347,-0.10153889411341936
0.351375,0.2163147511396445,-0.2415054545134815
0.3515,-0.14276252429851094,-0.3154650633370327
0.351625,0.17029898639347507,-0.2104221866047975
0.35175,0.09338696109981034,0.21479156314925246
0.351875,0.2841852847721524,0.3223127034490625
0.352,0.27957106433495543,-0.09955740006788122
0.352125,0.0733388397662692,-0.11667781453594045
0.35225,0.037593714125689584,-0.03669891839086535
0.352375,-0.06885402401584209,0.1072107343478029
0.3525,0.3931163712008367,0.1644838866807915
0.352625,0.3457946505751159,0.3105036169693913
0.35275,0.13880454599838674,0.19213146099944706
0.352875,-0.2562080843965696,0.16716974677143193
0.353,-0.05411174505417411,0.10711334855768345
0.353125,-0.026227377500626425,0.2715547271467428
0.35325,0.19504318080794472,0.4875067177567112
0.353375,0.06344436499387722,0.08168105307160275
0.3535,0.21191673214452497,-0.10888581138773068
0.353625,0.02976007022304641,0.2337279330927585
0.35375,-0.023513022707933543,0.14964388830583453
0.353875,0.19157823473795657,0.21949916872577624
0.354,0.16490051870885925,0.07812959481571845
0.354125,-0.031448979305144585,0.009727417013615802
0.35425,-0.5397727143456649,-0.32220074376462265
0.354375,-0.39496995435022586,-0.07987663925547897
0.3545,0.13777598812480826,0.0867216779302769
0.354625,0.10976024416220458,0.286867225196199
0.35475,-0.1132791131190143,0.11170875185691198
0.354875,0.0410820837409745,-0.14874896060658185
0.355,-0.08357043486726631,-0.038918377977043825
0.355125,-0.2254953288399069,-0.05845885117682029
0.35525,-0.024649940500775725,0.05967340604397042
0.355375,0.08355560120336727,0.05238573393208135
0.3555,-0.10507579364097204,0.1479630548299549
0.355625,-0.38557717527531543,0.038385825872674584
0.35575,-0.14178821142025005,-0.0030149842174094646
0.355875,0.20188621645783086,0.15390978812541284
0.356,0.24215521494131578,0.11052696164281535
0.356125,0.0027955125438990135,-0.08370411929695595
0.35625,-0.0614441742097048,-0.24753875409342393
0.356375,-0.08501765099696765,-0.21552753663829205
0.3565,-0.08896836391827766,-0.02819917119803735
0.356625,-0.02941025745108227,0.10526068101663992
0.35675,0.21049934807977905,0.0500276574564164
0.356875,-0.09544729948497355,0.06198379907705178
0.357,-0.3046976771818693,-0.2870533998727635
0.357125,-0.27673578787625913,-0.03297989800936359
0.35725,-0.04099978061861786,-0.006376996477008547
0.357375,0.026240592923091794,0.22510938935470098
0.3575,-0.0790371726510944,0.04971874132988779
0.357625,-0.17815041370368317,-0.33095216757151885
0.35775,-0.29623806584384205,-0.1972381746557282
0.357875,-0.5395517424094483,0.11718154021213206
0.358,-0.36320720621333114,0.12768610127062482
0.358125,0.10519542918409645,0.07997095843155515
0.35825,0.19187077699404642,-0.11389027207140738
0.358375,-0.22394547535803866,-0.17071729667700763
0.3585,-0.3890509982873849,-0.193382524651939
0.358625,-0.09037471472154306,0.029058752358033013
0.35875,0.27203234959575373,0.09297293358698713
0.358875,0.2158831481056801,0.16883071458539128
0.359,0.25103227177341286,-0.2955833932783575
0.359125,0.12013653694379274,-0.21558503431568046
0.35925,0.17977277522676569,0.07536278569488056
0.359375,0.014420389473626706,0.03663012506521328
0.3595,0.30309589940802806,-0.12247110734278788
0.359625,0.30341540925589633,-0.13877014457384787
0.35975,0.08437994989816976,-0.17119440238682057
0.359875,-0.2584780468270192,-0.5237373103351917
0.36,0.1712766559569692,-0.3671450891346009
0.360125,0.2861460637863751,0.18304033609231657
0.36025,0.10128930518352995,0.05510425419404232
0.360375,-0.008822674777032097,-0.19146777683984628
0.3605,0.15014886671455183,-0.25385614286113717
0.360625,0.03968100643064585,0.043819931030513695
0.36075,0.02545245381274546,0.1323180979678625
0.360875,0.47952278994732733,0.15474596984734543
0.361,0.2926406961285337,0.09049792434132338
0.361125,0.013992097298425593,0.0833436346387356
0.36125,-0.027672927804470573,-0.1044417179625403
0.361375,0.34416248519895754,-0.06991541781786685
0.3615,0.5301240243533246,0.2621838358121938
0.361625,0.19685401808571748,0.18429846078916629
0.36175,0.013442378144316949,-0.0662562167684814
0.361875,-0.3139456779526216,-0.16587871867527587
0.362,-0.11587311729715342,0.1296759273995123
0.362125,0.10473431174364477,0.26135025544612617
0.36225,0.29415851077570265,0.13649563162073772
0.362375,0.4420095586260866,-0.009597271751528549
0.3625,-0.023982792568637525,0.008312687182875008
0.362625,-0.2609003753160441,0.1304998095369069
0.36275,0.012093569185743893,0.041033553253175134
0.362875,-0.13103315440429725,0.19451500919943043
0.363,-0.15942208167549118,0.15953945519741775
0.363125,-0.38157911182390547,0.03459424573777987
0.36325,-0.1315071584677881,-0.13863488888058978
0.363375,-0.06265592651057253,-0.023141118149408578
0.3635,-0.1111768020009127,0.39669835234628803
0.363625,0.16098996564125065,0.23614917838122623
0.36375,0.007629761825191161,-0.16811473251682418
0.363875,-0.17243011078289963,-0.23899047871345808
0.364,-0.3480323002570171,-0.09976586224342215
0.364125,0.12695570598494368,0.007585397527458466
0.36425,0.18110707955851021,0.2997637384623713
0.364375,0.08516376072944276,0.24717883514305752
0.3645,-0.09519023740309827,-0.06456409130027911
0.364625,0.03914412181192051,-0.16565481987928513
0.36475,-0.027157225555810946,0.00566904077971839
0.364875,0.14325390531448015,0.11219384458738206
0.365,0.30454369368830525,-0.23729397139822855
0.365125,0.13584885295207236,-0.47338269422504464
0.36525,-0.15987711152809586,-0.2632387232492171
0.365375,-0.3059298963649367,-0.052107636699628694
0.3655,-0.10199376336802254,-0.1094910269855182
0.365625,0.19591944507824482,0.14127148435505293
0.36575,0.08884794378143336,0.0944271530155228
0.365875,-0.4763967698962328,-0.10277410717715738
0.366,-0.4632911813829373,-0.2195130068853961
0.366125,-0.15454708722192806,0.10947066607658572
0.36625,-0.0634506332027125,0.05582912941692902
0.366375,0.12333629239241747,-0.02037999813273624
0.3665,-0.006465368301153818,-0.2334203287107528
0.366625,-0.16667687580245225,-0.20324798481188364
0.36675,-0.44463658924282484,-0.009676310892460767
0.366875,-0.1085276454687694,-0.04413502433351136
0.367,0.3572873048231585,0.0983415645759952
0.367125,0.2746109056278148,0.037474061810104084
0.36725,0.019488813608438894,-0.048194129864099385
0.367375,-0.1703135068770895,-0.3411840881621996
0.3675,0.19630774425938613,-0.05983998099153123
0.367625,0.23153954868740095,0.2014615703356821
0.36775,0.20307142294744265,0.023226650234573088
0.367875,0.27266302579376905,-0.4564682020636505
0.368,-0.062138959541057,-0.3804130873500391
0.368125,-0.3248534188660057,0.09830165299684095
0.36825,-0.022722206727831002,-0.051870863784835144
0.368375,0.3789358051643055,0.03322782719171181
0.3685,0.4104801978576184,0.12292969692546882
0.368625,0.22657395916414824,-0.33349411516413474
0.36875,0.1664206290812955,-0.42057174633624794
0.368875,0.04692742732108404,-0.019042427608703776
0.369,0.23129028811827895,0.3630622134958077
0.369125,0.17772594214316154,0.3158521810296529
0.36925,0.1515712561204359,-0.018246906173589032
0.369375,0.03667296224560796,-0.21141538211029126
0.3695,-0.13549296424221066,0.13715779458194338
0.369625,-0.1548016471527237,0.25300590282629126
0.36975,0.2450217041353685,0.42353077058359784
0.369875,0.24824460104644497,0.10861389505595657
0.37,-0.0714565010209722,0.0032643984241555596
0.370125,-0.47497540871873495,-0.33895420989599234
0.37025,-0.013822650837944185,-0.1514394083296919
0.370375,0.1837233463567032,0.411035925466221
0.3705,0.03476891801835414,0.45700174546742045
0.370625,0.2590359814496119,0.16096727336287545
0.37075,0.12262767235166022,-0.013378174429045368
0.370875,-0.19408947625269832,0.1654689408733557
0.371,-0.3793679905526594,0.016597141478858855
0.371125,-0.08922872125401231,0.21580980140981326
0.37125,0.1793682040899584,0.13707510939653061
0.371375,-0.010039557236036363,0.21310581801371373
0.3715,-0.34483878410685515,0.009756569640867093
0.371625,-0.0789185867452266,0.049031272192615855
0.37175,-0.042266093110701716,0.08494366123666203
0.371875,0.043306069793665705,0.09369084694840472
0.372,-0.035889997236043955,-0.27576990260914874
0.372125,-0.07684761730535701,-0.24195692025882426
0.37225,-0.03665873258750587,-0.07652742853292027
0.372375,-0.2146862692509914,0.10432337372896118
0.3725,-0.04126065659963824,0.09487512027272149
0.372625,0.23600658712496397,0.28648646470641664
0.37275,-0.030121804041278535,0.03461184012512136
0.372875,-0.27638430606318387,-0.392728803938782
0.373,0.31408614883206004,-0.28779897710354196
0.373125,0.2940201012414843,0.0856110913013886
0.37325,-0.09561449830011239,0.10287732985363374
0.373375,-0.1239345038047644,-0.06882427122457407
0.3735,-0.21568269728554162,-0.2703744030331968
0.373625,-0.3757861544363857,-0.17092216290380013
0.37375,-0.3230441568684305,-0.03599661016300146
0.373875,-0.29267732950263636,0.04137813327621967
0.374,-0.029175422905969396,-0.19673146037510209
0.374125,0.024616145055278572,-0.07034885953439864
0.37425,-0.167079775996781,-0.18205101257856693
0.374375,0.0070583339773629804,-0.13965508746082153
0.3745,0.29159291653421615,0.10963798438826407
0.374625,-0.006754821494684261,0.21597407647083722
0.37475,0.1556017139078706,-0.006001933683329207
0.374875,0.004866306191651119,-0.10625712539634147
0.375,-0.08064774909551398,-0.06045680109191365
0.375125,-0.20097966262105613,0.0404842114996061
0.37525,0.09389777060290237,0.09704591446985382
0.375375,0.32980627507549143,-0.18668622878476818
0.3755,0.15824612997373064,-0.04422722313018405
0.375625,-0.07387816253515993,-0.2158305121980744
0.37575,-0.00802525772209093,-0.4682530542890352
0.375875,0.20127082182687786,-0.2628044020634277
0.376,0.24057186714618878,-0.01219853619581353
0.376125,0.02434004086865837,-0.07947813264899581
0.37625,0.05015298951365465,-0.226802859484929
0.376375,0.08504444777692088,0.0028670677755070605
0.3765,-0.020703265474976876,0.18042905079988272
0.376625,0.19312081049301716,-0.0269740779393579
0.37675,0.3679541992139472,-0.11488880159230538
0.376875,0.25792663363070045,0.13798137319406664
0.377,-0.15201629586469703,-0.023342692748941053
0.377125,-0.08869965465111536,-0.10243045867105668
0.37725,0.20522846486739257,0.10231732437936249
0.377375,0.3040089187535457,0.31513323746579686
0.3775,-0.037280656306231785,0.2701712845759634
0.377625,-0.13599003274347882,-0.13818072853316848
0.37775,-0.1436184497803278,-0.08346822131971518
0.377875,-0.12316852010055301,0.24973399665648552
0.378,0.15078622894250146,0.2115236341935365
0.378125,0.34312313224948926,0.08983801727281569
0.37825,0.18740178233195476,0.0740750303049526
0.378375,-0.2332885881081272,0.046584902604124526
0.3785,-0.20927522139717203,-0.0326545972382092
0.378625,0.3848261292965206,0.0547329341141247
0.37875,0.32881055688321736,0.23434988414294747
0.378875,0.21408121948472525,0.2649524874529628
0.379,-0.08226733638284135,-0.13443449903922294
0.379125,-0.28261593488475106,-0.017233654155245127
0.37925,-0.09395347310541256,0.09017574188023088
0.379375,-0.09708219338010216,0.2897155651612395
0.3795,0.18078436062435538,-0.01191900040630058
0.379625,0.04679619275441872,-0.20326911890229013
0.37975,-0.052870096121652214,-0.14724053112504712
0.379875,-0.13602379880452703,-0.03496402388800744
0.38,0.29535446182431924,0.16710309743621568
0.380125,0.398267778491832,0.5376214039680689
0.38025,0.05911611270086966,0.3746482308858485
0.380375,-0.2561970029450604,-0.34211053841400274
0.3805,-0.2654387509660357,-0.3244747247816034
0.380625,-0.24295953208141716,0.14851633443217568
0.38075,0.04601900634005361,0.4083078202658972
0.380875,0.5679814294843982,0.13257939641765243
0.381,0.07776633109016315,-0.03990875078216287
0.381125,-0.6054438160633885,-0.12590865841234508
0.38125,-0.5820186938812548,-0.2920596553217869
0.381375,-0.046290107257967145,-0.13939580331769252
0.3815,0.5190783509357275,0.22173526423520465
0.381625,0.07163818745275047,0.04623662004617769
0.38175,-0.28453725981590433,-0.3262956692028278
0.381875,-0.4839001216180822,-0.0643355287993
0.382,-0.16817486590881686,0.09961369804793616
0.382125,-0.27420088155949796,0.3209615979149156
0.38225,0.05011907567573248,-0.00131605944976519
0.382375,0.022631759555129877,-0.2547724238216354
0.3825,-0.49617797068843755,-0.17713630328914584
0.382625,-0.4232866470238066,-0.33995335135840826
0.38275,-0.04998167355674883,0.02650441099684447
0.382875,0.13693438912926964,0.3915219330845598
0.383,-0.031167296450498906,0.15135872052251786
0.383125,-0.2713088114624222,-0.3376049140068025
0.38325,-0.031390499412570404,-0.3856756669437093
0.383375,0.29285302214482917,-0.09234264333675957
0.3835,0.3576700620199677,0.2212397626281944
0.383625,0.3690911307934741,-0.028863504168294543
0.38375,0.07295510833195959,-0.2811306908533298
0.383875,-0.08976801452690192,-0.29511442633349466
0.384,-0.39112710587910715,-0.19824913621692142
0.384125,0.18198974823686773,-0.1237234847741643
0.38425,0.6579487501199773,0.06108868116129484
0.384375,0.34620149139288714,-0.08809035536052683
0.3845,-0.0861029195763518,-0.3847355165350106
0.384625,-0.07008563356162033,-0.4193998359268797
0.38475,-0.024967723275694263,-0.2911622354650786
0.384875,0.08466833553284259,0.06092823639119012
0.385,0.330817683253573,-0.21937475061467077
0.385125,0.12768024249330817,-0.2794164438691804
0.38525,0.05132511431562421,-0.10584520956067878
0.385375,-0.10629300075791023,0.1693359832129127
0.3855,-0.16703926214475345,0.24235502493381889
0.385625,0.3217625418697044,0.37679507002838586
0.38575,0.16628551176453224,0.1840096983769211
0.385875,-0.4109051676652143,-0.042053965268870064
0.386,-0.31704640279776897,-0.35684996966686877
0.386125,0.12690071190269397,0.26922410143565334
0.38625,0.20447846304915443,0.6366967142512912
0.386375,0.21602595972603328,0.26424363495946207
0.3865,0.21371606564658988,-0.055667728260576296
0.386625,0.02277957711149244,-0.1782374487340898
0.38675,-0.14401940382969752,-0.0030992322928593205
0.386875,0.03769711611627281,0.015449397774938298
0.387,0.41250351420050924,0.03521675397752135
0.387125,0.18545322698555966,0.27338552318800974
0.38725,-0.21001681483883494,-0.023160420059909426
0.387375,-0.09997571897154679,-0.07665603787340287
0.3875,-0.07453310865768735,0.044186497691542405
0.387625,0.0974258224356603,0.27526534058688484
0.38775,-0.019757764631324105,0.18065584494748804
0.387875,-0.17183983344989126,-0.3773786295622313
0.388,-0.12096941264072834,-0.25541706827888233
0.388125,-0.3309634351176436,0.05136276169310691
0.38825,-0.05687053243404017,0.21378872286098205
0.388375,0.17138819073669054,0.21840218455023813
0.3885,0.2133321578417309,0.15250997137002467
0.388625,0.05674102713610293,0.052529897405429835
0.38875,-0.3271485203972849,-0.10380638226249263
0.388875,-0.18520595333882237,0.0805609580691947
0.389,-0.0562776137135594,0.33725270673236407
0.389125,0.11755043740899164,0.2461187305046871
0.38925,0.1423720730621884,-0.1220229803940037
0.389375,-0.03160659300634847,-0.22343643638510446
0.3895,-0.5735325985281615,-0.15415848626158038
0.389625,-0.6109232446898094,0.17945190397215352
0.38975,0.023329349868356913,-0.015574811520009228
0.389875,0.25473052983555694,-0.10298009740149078
0.39,-0.2770760512566216,0.04200076745492583
0.390125,-0.521151321674902,-0.15903078487195574
0.39025,-0.1274209912279764,-0.13069153794560673
0.390375,0.21154236562821163,0.28737028742892484
0.3905,0.1588682500006191,0.1995064876446824
0.390625,-0.1985188114180639,-0.1336323108610973
0.39075,-0.07621118844153481,-0.30824447440243236
0.390875,-0.7098684992751139,-0.13022358470702444
0.391,-0.40974635446411506,-0.05835407149715802
0.391125,-0.03826549290129183,0.01873970552956988
0.39125,0.15610901522472542,0.16886813639235462
0.391375,-0.027005640791909303,-0.15758666518282533
0.3915,-0.22661855590480484,-0.5043491886762176
0.391625,-0.012404547759816103,-0.4726481465652633
0.39175,0.2205546476493378,-0.01656581812365825
0.391875,0.17427093230269558,0.12544408131539314
0.392,-0.008301084508179244,-0.28124746597764383
0.392125,0.03136277212404195,-0.2731719519499387
0.39225,-0.2590968740177656,-0.04761721620716761
0.392375,-0.008625960107728283,0.051207328644560894
0.3925,0.39419693842770115,-0.05031399180793446
0.392625,0.7149111257274409,-0.2058275896443855
0.39275,0.4082655320577879,-0.2504724455199942
0.392875,-0.16601696733880741,-0.557162802820857
0.393,-0.1148843647394321,-0.3683530355024756
0.393125,0.20986044528707318,-0.06365081092683929
0.39325,0.275058860781642,0.21579156265306304
0.393375,0.1978021144757156,0.1048731509794085
0.3935,-0.01147283864355286,-0.26668741914632843
0.393625,-0.2500804730890194,0.009076451568904652
0.39375,-0.34290835748713644,0.18620224752195622
0.393875,0.06311469657977335,0.020580935028301092
0.394,0.33618105850972735,0.07593142718477852
0.394125,0.030420208168661655,0.119216069580739
0.39425,-0.32038427250180435,-0.14155129362993177
0.394375,-0.12579466572113568,-0.12271606234238049
0.3945,0.16229195571454094,0.3940339059929614
0.394625,0.22668688773792847,0.49508337749696846
0.39475,0.30985999283292487,0.340422787495803
0.394875,0.07875592544661177,-0.09250919288619219
0.395,0.07335705313075883,-0.06874612273793645
0.395125,0.04275786702593422,0.0674012200554939
0.39525,0.19913843103241324,0.2772117663036635
0.395375,0.4381566484649718,0.23153295571437668
0.3955,0.14998542870674186,-0.04889606730736874
0.395625,-0.37217122921285467,-0.1290680883847572
0.39575,-0.5578162125343308,-0.18446880810142208
0.395875,0.13249101062252824,0.10949740161470481
0.396,0.26464436190739893,0.3563475722158394
0.396125,0.20438826752454325,0.0482052319002324
0.39625,0.21162307372697312,-0.3796156094744611
0.396375,-0.14954641104012806,-0.0632382009624382
0.3965,-0.3185270881245002,0.14028887663862952
0.396625,-0.2513038061671632,0.32587463664251903
0.39675,0.2535307833631479,0.3253361850431917
0.396875,0.13006317947726617,0.1506067620256136
0.397,-0.3751384588611098,-0.05110996061970534
0.397125,-0.3316863626945231,-0.1789676603165785
0.39725,0.23307217552396398,0.22971708004548633
0.397375,0.16460563514345317,0.38120071847487624
0.3975,-0.0949952430632667,0.013207681652360066
0.397625,-0.1274409408462674,-0.5249062100104208
0.39775,-0.13672815343114986,-0.6420090026835932
0.397875,-0.5652692112406261,0.06966289825196972
0.398,-0.06511345794796143,0.271121801167208
0.398125,0.22722938616647062,0.09252038192999705
0.39825,0.2185189161769984,0.05187647295332584
0.398375,-0.06385750351841439,-0.0545689317502291
0.3985,-0.18869190948066536,-0.3681154155060376
0.398625,0.17731474915859438,-0.14713759937785387
0.39875,0.14121383935073029,0.090689426611811
0.398875,-0.05005060368472972,0.03801405041313506
0.399,-0.27751236957932957,-0.3534366557498605
0.399125,-0.2343402299287875,-0.30838025736517144
0.39925,-0.2518572514135971,-0.049632195882428023
0.399375,-0.18333054320459494,0.11973095931636629
0.3995,0.2474646861112418,-0.16776338239837818
0.399625,0.22008884255344643,-0.2003234150489478
0.39975,-0.284653562923223,-0.12019734381640254
0.399875,-0.4787186724177801,-0.28577401618243453
0.4,0.1373386923916476,-0.0875659551655938
0.400125,0.34671964974290465,0.224071555848281
0.40025,0.12232966987176257,0.1614509270437753
0.400375,-0.045128990384292196,-0.03414334750120287
0.4005,-0.1922502666057099,-0.3170182385275917
0.400625,-0.136962177356982,0.06174348030127211
0.40075,0.10995412961485539,0.1456773259857899
0.400875,0.4362195422291566,-0.1228231810054178
0.401,0.5088090238207942,-0.020804155587781925
0.401125,-0.04753895365151841,-0.3035642705938986
0.40125,-0.2758425691544191,-0.25019522637900315
0.401375,0.23933099554477585,-0.16795019264689154
0.4015,0.35161053210493287,0.2440164983953401
0.401625,0.10389672427502761,0.2733567833835028
0.40175,-0.19298340680956885,-0.21194794406374518
0.401875,0.0035512977816893544,-0.3686483841008224
0.402,0.08252992231690572,0.008197652579235605
0.402125,0.18855025132404835,0.4104914261692025
0.40225,0.5369604405184584,0.11939271847378208
0.402375,0.5114597499151323,-0.0648530427953635
0.4025,-0.14610782491420257,-0.03789309123556182
0.402625,-0.4827525999166265,-0.07381021774264528
0.40275,-0.10079511984012687,0.18638798414300553
0.402875,0.4406333116121271,0.4617792840334676
0.403,0.04160941603949742,0.5117517953314878
0.403125,-0.43832146573890624,-0.09900550603957464
0.40325,-0.26305114785377226,-0.15472997590688065
0.403375,-0.18053599279073407,0.12084063676971903
0.4035,0.16640128810038857,0.3140521227232568
0.403625,0.16258169693464394,0.15192045659623762
0.40375,0.09849768385110137,-0.15618016682776495
0.403875,-0.43725555352065115,-0.03948849089848139
0.404,-0.5688536260819126,0.07407800293152579
0.404125,0.08065876290129088,-0.0005908448024720981
0.40425,0.6025902938036016,0.3019492132901889
0.404375,0.17284239588869,0.47456720715836714
0.4045,-0.21567071948217437,-0.06724402144710596
0.404625,-0.09566251471243668,-0.40474047267304364
0.40475,-0.023238063512686934,0.018265638949778715
0.404875,-0.18545022273713355,0.3722028227727945
0.405,0.25831968013181933,0.030968285225378825
0.405125,0.662514312082795,-0.36200205970839244
0.40525,0.03038766791456594,-0.36074071593340346
0.405375,-0.41490183611675474,-0.1398006368979475
0.4055,-0.10633810695805539,0.22942957873301756
0.405625,0.25488233284431067,0.3099216074914142
0.40575,0.22803360239812848,0.23146235480226857
0.405875,-0.1991455056986733,-0.202264016946835
0.406,-0.22370755849731,-0.32425947234245694
0.406125,-0.08249766713526122,0.11402424179947308
0.40625,-0.10449278427641873,0.4997380943742955
0.406375,0.12285419133808555,0.24141562441230202
0.4065,0.1754405289263912,0.020470010676820735
0.406625,-0.28832033491981474,0.00683114021396578
0.40675,-0.53901276006045,-0.08372753334204677
0.406875,-0.435185321906291,-0.11111752366965116
0.407,0.21280682798410472,0.15943527475473318
0.407125,0.3519387135830186,0.47844927217837085
0.40725,-0.17759556525767795,-0.009901741923090823
0.407375,-0.49908870194813626,-0.37457468192096033
0.4075,-0.40093401792795164,-0.16284358824434902
0.407625,-0.22511712880703938,0.3029191632510193
0.40775,-0.14109058622945883,0.2474477189812028
0.407875,0.0605553752001619,-0.16931255834105668
0.408,-0.10670225068960269,-0.13460041478724674
0.408125,-0.31718391175012123,-0.05372302016793174
0.40825,0.024346857344920234,-0.0684073498018517
0.408375,0.1896238226517544,0.07383617309853668
0.4085,0.45392429535069373,0.13653209363707627
0.408625,-0.08952974000325761,-0.16649211582298504
0.40875,-0.22047753482633084,-0.5013728510386691
0.408875,0.25784551952429896,-0.3804013193613767
0.409,0.29987803237766436,0.11963091578921195
0.409125,0.23115233218564227,0.3477492718103776
0.40925,0.32432920845241014,-0.18675728062753316
0.409375,0.18070276054483142,-0.5073535422579898
0.4095,-0.24969594616957533,-0.20996534623494265
0.409625,-0.28427646831507253,-0.17655330736551691
0.40975,0.3354846960623355,0.03348912252360486
0.409875,0.5025074738552487,-0.0645217762626888
0.41,0.06724549423375163,-0.08557024571592178
0.410125,-0.2676018428856419,-0.2662442368629015
0.41025,0.17510242362228448,-0.11678968009391953
0.410375,0.3410993242513268,0.30024554017378297
0.4105,0.27091285231231216,0.3551346557658118
0.410625,0.1760386021964781,-0.12308517669053642
0.41075,0.160622264464879,-0.3078095831721471
0.410875,-0.13115090701496146,-0.03893055127653591
0.411,-0.24416145159579353,0.2842040976364104
0.411125,0.13591094379523247,0.2728779606119023
0.41125,0.4566693200732773,0.3443819409239408
0.411375,-0.049005979627159454,0.20160014098032017
0.4115,-0.5858416907995267,-0.23003775637954338
0.411625,-0.10846965753806,-0.16160436098861067
0.41175,0.2744298073072071,0.3338203306626361
0.411875,0.20889015979075795,0.45619236048849504
0.412,0.09654416264285508,-0.027244210567692002
0.412125,0.08163293731694676,-0.0500753507722109
0.41225,0.02071935792073164,-0.030100857285069862
0.412375,-0.24345611958497865,0.24552200825052675
0.4125,-0.007081370000124127,0.1671956036033884
0.412625,0.35205501396918193,0.25344489400889525
0.41275,0.013670217824158446,0.11533677243201289
0.412875,-0.2379500449031284,-0.309038546158808
0.413,-0.33952125869466954,-0.21008834890041492
0.413125,0.09935188376725285,0.1258796854838658
0.41325,0.0793249804657414,0.46391497107157853
0.413375,0.01684030800660245,-0.10535630894782112
0.4135,0.011555409398604725,-0.4289608700453391
0.413625,-0.1627964220643898,-0.12718339516501667
0.41375,-0.20774577553880083,0.22252866430935564
0.413875,0.19145208318412973,0.03307512766004772
0.414,0.6090611929056716,0.05527783956953692
0.414125,0.10995214094155889,0.14487073513503154
0.41425,-0.3513991216958015,-0.12120231359084174
0.414375,-0.134292279114176,-0.17554838070007792
0.4145,0.057223196742138084,0.016540970560985895
0.414625,0.09273700966897752,0.2793183536727027
0.41475,0.12264229063112538,0.13936207304936096
0.414875,-0.12408547554245249,-0.3577170535955764
0.415,-0.3116695795956768,-0.2703997235543583
0.415125,-0.538679781330044,0.008582229833929953
0.41525,-0.09089823211275962,0.05393672458175709
0.415375,0.3016806863549793,0.09163025308427249
0.4155,-0.2514770366139153,0.012551928964772124
0.415625,-0.6464175183462604,-0.2258307011896395
0.41575,-0.5793957800141728,-0.2638802301499129
0.415875,-0.13429975403009506,0.11867617562648435
0.416,0.03305850842142659,0.42032886446660644
0.416125,-0.04565955495482822,0.06745561192540091
0.41625,-0.015004135948430959,-0.2728214378330698
0.416375,-0.23588343180703458,-0.14464582741144671
0.4165,-0.3318424830285855,0.10861628776139996
0.416625,-0.08255091348972407,0.07840088531199275
0.41675,0.29888829489724905,0.06127184538903275
0.416875,0.2201235858245409,-0.013795266078340893
0.417,-0.013660324578177709,-0.3841194850134079
0.417125,-0.21159311786991455,-0.3467569036388059
0.41725,0.15222459988690037,-0.0775132467529469
0.417375,0.4916463481025356,0.3185247963469898
0.4175,0.1536879538306671,0.05305146338794464
0.417625,0.021859279565128596,-0.6764667659776783
0.41775,0.001726507788804227,-0.626978153349667
0.417875,0.15581856134901279,-0.049481851446571655
0.418,0.40453431561977565,0.0791613543706629
0.418125,0.8027539615777542,0.06340254698037899
0.41825,0.42547151505789543,-0.09069900365936301
0.418375,-0.27326037606378745,-0.12669511188462348
0.4185,-0.4159538411903543,-0.19352621341851803
0.418625,0.10320508860996672,0.05483460710461958
0.41875,0.3884150437416243,0.3823118946114585
0.418875,-0.09203637655261669,0.029220472926178725
0.419,-0.16370062590780599,-0.12824474821204787
0.419125,-0.033348757265071985,-0.20240095267400626
0.41925,0.08304778134775256,0.23158139264172165
0.419375,0.1613285824296554,0.4072504278535617
0.4195,0.3857375078778379,0.0764113411481807
0.419625,0.20756967564515452,-0.006633901380155113
0.41975,-0.2579513402103625,0.11705371224320045
0.419875,-0.06184635661448745,0.09228343537589412
0.42,0.28349189368253025,0.2839213897802068
0.420125,0.48921867445649886,0.5795576167375408
0.42025,0.2074820104596139,0.23284479836028046
0.420375,-0.23290093342525017,-0.28411276920676953
0.4205,-0.13558756553473672,-0.4531206376458032
0.420625,-0.003557500037518318,0.32054819589464484
0.42075,-0.016850272687020107,0.09489687584139407
0.420875,0.38716173346843474,-0.17906259973776845
0.421,0.26819675772932483,-0.11897863794666555
0.421125,-0.22267858544932434,0.046483296534112935
0.42125,-0.6733751329625287,0.035921264054121604
0.421375,0.3310650310831321,0.017949072789444607
0.4215,0.5250382207935218,0.4482055146979031
0.421625,0.19571814467555182,0.13333556035112615
0.42175,-0.3117801429794856,-0.2963596721718298
0.421875,-0.5742562182024264,-0.30926913575332954
0.422,-0.08832972809691687,0.2411562468121734
0.422125,0.24987052904452497,0.44478925996699736
0.42225,0.5657365434232842,0.07292782516185506
0.422375,0.6819181196587296,-0.31567124020137055
0.4225,-0.14965323638519273,-0.1339835455705057
0.422625,-0.7053894281227581,-0.045748995956246326
0.42275,-0.23345779656208043,-0.19273900173510355
0.422875,0.28800776279039736,0.418047669344341
0.423,0.010834218268034688,0.22988280294210547
0.423125,-0.406095050331843,-0.2291266280401365
0.42325,-0.34343083594123003,-0.4507347122721404
0.423375,-0.1521598949879855,0.005847061862385572
0.4235,0.09141713660012764,0.5559403611771713
0.423625,0.22432655947901656,0.16224433570375485
0.42375,0.3102041299688753,-0.2984579693418728
0.423875,-0.3940476491039132,-0.3605545592746564
0.424,-0.7754332003571055,-0.2343596241701493
0.424125,-0.3338782222450206,0.008874043805768759
0.42425,0.25211046935242304,0.4490559001503956
0.424375,-0.07120108904347218,0.3445517011409812
0.4245,-0.44920715008006495,-0.3385673339212554
0.424625,-0.5180680312038376,-0.5502221386613594
0.42475,-0.1442114644666038,-0.10063798520637389
0.424875,-0.09757522893628391,0.34722914864576654
0.425,0.2340399800230731,0.055005918364772886
0.425125,0.4029273202749908,-0.5138256886405135
0.42525,0.35240537691042206,-0.31291698663201645
0.425375,-0.19001444644799287,0.009889618404581312
0.4255,-0.05355026241997451,-0.09973034614545057
0.425625,0.46214873857409816,0.0817317981878801
0.42575,0.2645952124450652,0.24249340201873432
0.425875,-0.019762671256790584,-0.2756315041101834
0.426,0.006688267374142287,-0.6714574950161285
0.426125,0.27526853826120035,-0.25350055568633717
0.42625,0.1379226354904091,0.21025813793053127
0.426375,0.54365138156134,-0.010916145996351531
0.4265,0.4879484639605846,-0.5324682187740567
0.426625,0.09786515129870746,-0.40753922627535033
0.42675,-0.2892850914311404,-0.17547726090481117
0.426875,-0.45389464594330736,0.12427863116722038
0.427,0.3725512838088647,0.20521841937698637
0.427125,0.2945895146422541,0.4283900322180428
0.42725,-0.2188195425319043,0.17317802856643036
0.427375,-0.21543729792821012,-0.2049509293565993
0.4275,0.08473590485166893,-0.17747121699100882
0.427625,0.2403086571920838,0.24430480643921745
0.42775,0.21240779255220968,0.3357787961842318
0.427875,0.34925196214793824,0.04505946382211224
0.428,0.19314454046163562,0.15520860279751547
0.428125,-0.3686739113165912,0.26575588501568814
0.42825,-0.29543166422459083,0.34187888166429437
0.428375,0.3503719376760833,0.3725802500482726
0.4285,0.2849697065161024,0.45755561951329693
0.428625,-0.1750680048325934,0.28430883382140437
0.42875,-0.36298841041449686,-0.35375944936512754
0.428875,-0.0032781914050487677,-0.17065044485942382
0.429,0.24016100580462088,0.23188552949313485
0.429125,0.29372355595891175,0.1751179159572728
0.42925,0.17650063753382367,-0.13512294111378606
0.429375,-0.015002181444103466,-0.3622907008434407
0.4295,-0.5441889848931717,0.05317458811603831
0.429625,-0.39880996245440997,0.21084243139880865
0.42975,0.4958550648334326,0.2148175842743357
0.429875,0.6260173987264055,0.22561796904784612
0.43,-0.11535468772253814,0.0728410917524283
0.430125,-0.3972938476095143,-0.3628669792428712
0.43025,-0.13680118451728565,-0.25504115880552314
0.430375,0.01803790878814809,0.3715189060944128
0.4305,0.037937190010779324,0.25970992760725975
0.430625,-0.01871972766654608,-0.10200896971768698
0.43075,-0.0982999088508976,-0.290398062613078
0.430875,-0.4548194023683403,0.006245408303471465
0.431,-0.3666276752227071,0.1817062203473739
0.431125,0.03423404345785008,0.24212277216086547
0.43125,0.17984072446581412,0.2383495625414718
0.431375,-0.2806994238694597,-0.025957920304200296
0.4315,-0.6582488471295951,-0.47329562836413064
0.431625,-0.45501929742895225,-0.349094953109411
0.43175,-0.08135823548584328,0.32948960775676434
0.431875,-0.016903877297895088,0.5303130030383815
0.432,0.199513633709294,-0.18046447873998273
0.432125,-0.03931409636172003,-0.4146796317622425
0.43225,-0.2818812919786673,-0.060984861932747825
0.432375,-0.3896948066011582,0.06312915693547809
0.4325,-0.00520356989438356,-0.013306788929696674
0.432625,0.3814678203935151,-0.10658737131304435
0.43275,-0.03689801799165027,-0.0782226391204034
0.432875,-0.6247253633923082,-0.35745879399032804
0.433,-0.058153530681939423,-0.4851823291628951
0.433125,0.20548472006135096,0.03124843834354998
0.43325,0.27368865190821384,0.3503428603063808
0.433375,0.0682369863644486,-0.3066705539199929
0.4335,-0.1537324701112995,-0.5107185542599181
0.433625,-0.12575033625758408,-0.37752671814721345
0.43375,-0.12470232536725971,-0.03988327190729753
0.433875,0.034095970280226186,0.06929470635849956
0.434,0.4858974278887945,0.07542341062794806
0.434125,0.06719967480236719,-0.016210563352868423
0.43425,-0.38667518111069765,-0.42309167820636534
0.434375,0.06883685894888601,-0.4923706717630746
0.4345,0.6039131598640123,0.05203724704521408
0.434625,0.5707387890298099,0.4133360937250584
0.43475,0.30291210416485864,-0.17589123027988107
0.434875,0.055718245843850975,-0.5932689852668435
0.435,-0.32892334877723417,-0.14424093687496164
0.435125,-0.05319948512359726,0.2523545515651682
0.43525,0.3908145323839048,0.24057865141005563
0.435375,0.6032622780184868,0.1315112853975462
0.4355,0.3340128700288374,-0.008249645071285604
0.435625,-0.39211760506007287,-0.0980206098100488
0.43575,-0.3664518808367577,-0.18050724265835247
0.435875,0.2657828513890926,0.12599759314325532
0.436,0.3608301747825905,0.48491183967888846
0.436125,0.12106285550148546,0.012908037381785871
0.43625,0.04105779871207322,-0.3415115353434529
0.436375,-0.22464752378741862,0.033363932405141634
0.4365,-0.2909529027401589,0.5914535227200313
0.436625,-0.04218726952250621,0.5831370748182074
0.43675,0.3453586721894706,0.05070786007316741
0.436875,0.17864669329041175,-0.17223405351139465
0.437,-0.3700210063652025,-0.11483406802471004
0.437125,-0.30220447107555465,-0.0814328652864752
0.43725,0.050872298633236814,0.19950785803931226
0.437375,0.1550595078425906,0.6098217240580982
0.4375,-0.039743304948401885,0.19014210704667558
0.437625,-0.16423707841762514,-0.26218446863975137
0.43775,-0.1760324020897243,-0.17799785174908553
0.437875,-0.23609841103245774,0.20381624330879508
0.438,0.13184087029936623,0.34025749236877884
0.438125,0.5558001854597655,-0.035982835738373915
0.43825,0.4207712715739116,-0.08198549410439594
0.438375,-0.39884824102447547,-0.24679897456027639
0.4385,-0.4532113924975816,-0.49028121287070314
0.438625,0.24837090655829622,-0.09950189185911311
0.43875,0.4003156234908253,0.3002385571096853
0.438875,0.006540979249936262,0.15415892178132204
0.439,-0.20898742290888872,-0.39014058355307213
0.439125,-0.3348485237983755,-0.4721511145683929
0.43925,-0.2523234671033333,0.06786038151077975
0.439375,0.0801661140641799,0.510430320859995
0.4395,0.3149795943842385,-0.032902932364990825
0.439625,0.16438098113535213,-0.06025045429011997
0.43975,-0.31039579969028874,-0.10483770493025228
0.439875,-0.7494300994483749,-0.1482575370123951
0.44,0.1623842052436795,0.12674069801030718
0.440125,0.5381902720504669,0.46308816295759964
0.44025,0.023719041920124716,0.21973711135365076
0.440375,-0.381572459231319,-0.35437058667674975
0.4405,-0.29958205000299426,-0.3326538093415701
0.440625,-0.33089522552127915,0.048950726734622495
0.44075,-0.2650486293651715,0.22464675008273402
0.440875,0.14395038368561328,-0.03724028246611019
0.441,0.2042778325070224,-0.1878280862789775
0.441125,-0.5656493687876694,-0.24824419718222152
0.44125,-0.5404907173683807,-0.21213399814791328
0.441375,0.0944637063131041,0.18552090459837076
0.4415,0.1115725423380981,0.27314986005998265
0.441625,0.044906125136978864,0.22606295170230187
0.44175,-0.2007670461002059,-0.3104533952451414
0.441875,-0.005319174984015425,-0.5119923325573947
0.442,0.07556702317585574,0.1586818372222071
0.442125,-0.01129674904596094,0.48657816320394476
0.44225,0.35465446184952487,0.05572275723872919
0.442375,0.311940875199597,-0.4743753643603053
0.4425,-0.07104202126084133,-0.4071256143991748
0.442625,-0.2802660078571656,-0.47504627446981346
0.44275,0.2485165555997037,-0.32223415905243247
0.442875,0.6942090265613868,-0.008797512498806987
0.443,0.4527975994172403,0.15170143533455838
0.443125,0.0711999609777099,-0.4393729555671631
0.44325,0.11029296973551904,-0.4970667710658269
0.443375,-0.019349704282247696,0.07652727407304558
0.4435,-0.0949571788070387,0.33450283975863915
0.443625,0.10485511223419026,0.02311434595169491
0.44375,0.27232053105941656,-0.2502061789896918
0.443875,-0.08504071770282205,0.11815889590050464
0.444,-0.3367102093375353,0.003101185364591091
0.444125,0.026979714328964847,0.22239477230467863
0.44425,0.2839210805124274,0.3601117703901782
0.444375,0.31830919198050656,0.3571363781388729
0.4445,-0.29640683159617925,-0.1238124700041097
0.444625,-0.122343182494578,-0.42188835983692696
0.44475,0.2522411083299023,0.16725560368563197
0.444875,0.1908083950942364,0.642924704969976
0.445,0.3804201126960552,0.4442505621393206
0.445125,0.4651628185714456,0.11696655665664873
0.44525,-0.11877853145097352,0.08660917137633384
0.445375,-0.41437938242991024,-0.010382174017822049
0.4455,-0.17615662084480038,0.12549866421003833
0.445625,0.37809329442179945,0.10772629422408674
0.44575,0.35002740770935453,0.17952553756923606
0.445875,-0.26717047860213416,-0.14887164593765184
0.446,-0.39353521262885477,-0.34691346248722343
0.446125,0.0746336027001348,-0.07413391779791281
0.44625,-0.046330411837886824,0.4171198343806744
0.446375,0.014114796572309655,0.2566637896100617
0.4465,0.23915478615945762,-0.07729187773329782
0.446625,-0.0010432086399689434,-0.19044467024789935
0.44675,-0.5870566699162401,-0.019849580585176784
0.446875,-0.37986503135203337,0.11205016637116849
0.447,0.7142293651252465,0.40740812212833705
0.447125,0.5996988827158443,0.4191822093878419
0.44725,-0.3245784439795234,-0.04137072136240078
0.447375,-0.6484840255983061,-0.48814941637745735
0.4475,-0.4287856151707745,-0.15848208305341865
0.447625,-0.1210966973755497,0.33218273763016803
0.44775,0.16172547662255526,0.3280049230646464
0.447875,0.2540554131829608,-0.3035266619265345
0.448,-0.16324982863750964,-0.29400343671438456
0.448125,-0.5975450641645659,0.04683442170002569
0.44825,-0.38022776406926423,0.07173239626727067
0.448375,0.48855012199355885,-0.10390477640339378
0.4485,0.4484396108180294,0.22861829266222689
0.448625,-0.3058790438653258,-0.13821607030891642
0.44875,-0.904789558833891,-0.40502991928350873
0.448875,-0.04787681201067078,-0.30886490557382773
0.449,0.040952626937205104,0.3455147459412779
0.449125,0.013857596918402132,0.6046671552064834
0.44925,0.06244776394725462,-0.301317842528545
0.449375,-0.2684576768037672,-0.7603423093873294
0.4495,-0.5330599714173473,-0.36188049050698406
0.449625,-0.3206895242389113,-0.16050537350462765
0.44975,0.30463725774656086,-0.062014796984728164
0.449875,0.6224327573561869,0.2269142497934581
0.45,-0.011987108053343427,-0.2876755781696501
0.450125,-0.2824319612142787,-0.5940059141690845
0.45025,-0.007741479148907115,-0.31626693093698127
0.450375,0.26724481613039797,0.3910287881747159
0.4505,0.051466228512854775,0.4510765779579743
0.450625,0.3411969924592177,-0.24357742264151014
0.45075,0.15649156019953558,-0.5101562474322656
0.450875,-0.09279437176605755,-0.28391859643627376
0.451,-0.21077128119549146,0.025418202184829174
0.451125,0.20030675464835987,0.1562745754985783
0.45125,0.6493824859759152,0.10336345328584759
0.451375,0.17698971126839697,-0.2261407492883394
0.4515,-0.3065653333345523,-0.396813060903686
0.451625,-0.1097982262289847,-0.3241652519220133
0.45175,0.4952356375187358,0.2815949656931592
0.451875,0.2525881105321556,0.5582377633595214
0.452,0.0009964571598157846,-0.08676552232031644
0.452125,0.11132808983477054,-0.27765194665510523
0.45225,-0.23970542781851012,-0.051821137302477886
0.452375,-0.1672095021514268,0.26167802933785095
0.4525,0.05860445140141408,0.1565139043521449
0.452625,0.4398651886974599,0.2289573707089848
0.45275,0.011130439297728086,0.17103122301641563
0.452875,-0.35541545861482776,-0.1244644323242971
0.453,-0.16118751319566807,-0.19685744497147226
0.453125,0.21487038090662333,0.28580249751340103
0.45325,0.41221823289007903,0.7352126072889377
0.453375,0.02958756607488965,0.06464153071060477
0.4535,0.09605511772356419,-0.07355861727489232
0.453625,-0.0844514428856321,-0.05956599808218436
0.45375,-0.3542664220343824,0.3036458118651169
0.453875,0.05343075192758519,0.16701435053418395
0.454,0.3615050015913482,0.06595511776454194
0.454125,0.15341634149497693,0.1829583310297853
0.45425,-0.4358473490790883,-0.13177788366389143
0.454375,-0.16903100541071628,-0.3014833035413198
0.4545,0.3569761746520479,0.3064169589800894
0.454625,0.4335504183936961,0.4578434115734912
0.45475,0.164206542122564,0.157533643443619
0.454875,-0.12174426581282656,-0.37060861580946375
0.455,-0.21041262588253098,-0.08578475048688343
0.455125,-0.5458608171184964,0.18350654755158335
0.45525,-0.1964468325312143,0.21405987491788994
0.455375,0.4489102440903691,0.1325768148331421
0.4555,0.19084486810547238,-0.0027093815842791176
0.455625,-0.5079352593812703,-0.09216510961484263
0.45575,-0.45273261176917917,-0.25573503009594334
0.455875,0.3995210578972821,-0.0578492460876362
0.456,0.46848738225440056,0.3684411452478653
0.456125,0.09983759422465367,0.11646884780261468
0.45625,-0.06520320157066727,-0.320636900624038
0.456375,-0.09039953883859111,-0.08267936446474514
0.4565,-0.3796981864469435,0.4082940117627264
0.456625,0.025029021574896407,0.12301067650347516
0.45675,0.5846588150851588,0.1385354292387755
0.456875,0.2701902615329158,0.06529381438527106
0.457,-0.5062361325840811,-0.33104874549415453
0.457125,-0.6411506204202225,-0.5049290821772896
0.45725,0.17871273796411385,0.00732141621828444
0.457375,0.20411999019170934,0.28547492723484047
0.4575,-0.15227939282906314,0.12985503189884126
0.457625,-0.28570685677672397,-0.4579225159737593
0.45775,-0.28597024606499305,-0.5265396911649951
0.457875,-0.451259955309831,0.09634775231659523
0.458,-0.03990465721594486,0.26618333031932634
0.458125,0.3148222563758117,0.005319530917326915
0.45825,0.09724737950048341,-0.03536513153754058
0.458375,-0.5403620828435257,-0.08715170771923036
0.4585,-0.3665595846853693,-0.13338127081876022
0.458625,0.3215236784400701,-0.06102757068955378
0.45875,0.7336052833338227,0.455198191507168
0.458875,0.1283360424084991,0.24892936243050973
0.459,-0.2963274260601359,-0.5636297383299356
0.459125,0.08581927507325468,-0.3904117014642528
0.45925,-0.03213070241771669,0.14884772878116093
0.459375,0.09146492369814388,0.11263730672186058
0.4595,0.5948679168622888,-0.2495527065620963
0.459625,0.2377730120584089,-0.24596122262884654
0.45975,-0.1600261041171913,-0.27542881640980404
0.459875,-0.33044417233966955,-0.3099427100494522
0.46,0.2687815058482467,-0.05123444383142665
0.460125,0.740430953073232,0.22966099996659067
0.46025,0.3555403570449924,0.1604082282050718
0.460375,-0.13207332697058483,-0.3677522825865538
0.4605,-0.341463763024261,-0.23497087486886348
0.460625,-0.20443806543886897,0.24937237615061777
0.46075,-0.055274680034995874,0.406846818973139
0.460875,0.3267348797217765,0.12173071575136184
0.461,0.44139621385723815,0.006049672939720741
0.461125,-0.2266785817096122,-0.010532725059317941
0.46125,-0.2832267280111413,-0.08046580548653466
0.461375,0.0207210415776638,0.053385155906087944
0.4615,0.3907146494415348,0.5295425431668287
0.461625,0.10131821710525654,0.27247078626581345
0.46175,-0.0419556932987569,-0.20405827325899947
0.461875,-0.14581024025786,-0.2876215245285801
0.462,-0.07906872965887411,0.30887461681636486
0.462125,0.13875770831198128,0.5909066188153609
0.46225,0.22055530833694248,0.39952775713852356
0.462375,0.23307750169523933,-0.04035345422901486
0.4625,-0.05291434378594946,-0.07102411610557023
0.462625,-0.5201904430585192,-0.15629984012251374
0.46275,0.02721650997221295,-0.09428278110994867
0.462875,0.42214999856720004,0.3981624682703767
0.463,0.014320000760683928,0.41485034695612355
0.463125,-0.41672447434631527,-0.30177781337142606
0.46325,-0.0859072851653742,-0.3840357453219168
0.463375,-0.2187322152213466,-0.05440147392259519
0.4635,-0.03990942986559914,0.46444166736612713
0.463625,0.11720137547386682,0.17074406684411103
0.46375,0.18815752494369095,-0.17098985199227054
0.463875,-0.2467745734296028,-0.2044531098537298
0.464,-0.5949436846212921,-0.13219556359836737
0.464125,0.10490350940582185,-0.06804394247264953
0.46425,0.4329223561576145,0.195497499374715
0.464375,0.3435232596867691,0.3288013158528366
0.4645,-0.3164653401131956,-0.09445343630879631
0.464625,-0.37427063531491855,-0.45594697300712167
0.46475,-0.07718564395651344,0.0992782842406447
0.464875,-0.1747311439571845,0.2848730675986448
0.465,0.23239210486178924,0.08535449557720354
0.465125,0.3153535088060502,-0.21266175784853789
0.46525,-0.24666132136998367,-0.2741599745519732
0.465375,-0.6117773462981916,-0.046306992700241814
0.4655,-0.2989104232695223,-0.116058908455961
0.465625,0.26737488931820214,0.06850567531890235
0.46575,-0.08587461132604902,0.18705907804811087
0.465875,-0.6723638181879132,-0.28233016098821856
0.466,-0.4958254184752456,-0.4392794870458582
0.466125,-0.030051223523240404,0.13220513951382648
0.46625,0.12173439371937118,0.578739263323503
0.466375,0.0018420986824796144,0.18137651309893085
0.4665,0.3480106705015425,-0.3114569442119896
0.466625,0.013844570845346061,-0.32492178589181225
0.46675,-0.4042928229323863,-0.038689824296712715
0.466875,-0.1330317103367458,-3.895348765228427e-06
0.467,0.3614116319037678,0.18872135542520044
0.467125,0.32576601469332583,0.21637336201116325
0.46725,-0.35181484826365783,-0.36880941790694366
0.467375,-0.3954106998784678,-0.5504196924820431
0.4675,0.10601881822493263,-0.28117921510234845
0.467625,0.3377567621657516,0.11782296692128527
0.46775,0.3265760043890079,0.01006554544172951
0.467875,0.2738304979506157,-0.6565275012680298
0.468,0.09613896102732947,-0.4141988077863866
0.468125,-0.27256805713264703,0.22658329358542165
0.46825,0.13294479042867938,0.03904573489728362
0.468375,0.6308407264278898,0.020683180601889818
0.4685,0.6545670259573001,0.18875346715073418
0.468625,-0.10456984474597705,-0.12286957873663
0.46875,-0.4614304666648502,-0.4656778874459445
0.468875,0.15164316519522533,-0.11430282402220814
0.469,0.0972194648833335,0.38324715724278463
0.469125,0.14174950027625657,0.27458021001869587
0.46925,-0.03429303469484388,-0.15899821809341644
0.469375,0.15061078288568036,-0.4056686501119393
0.4695,-0.2853214151405047,0.06708909393666294
0.469625,-0.2428449701847692,0.2206721850964877
0.46975,0.1817089562304716,0.3417673640233624
0.469875,0.45946231256159376,0.2676177698427862
0.47,0.20818181363087365,0.22273183338603594
0.470125,-0.05187327596110668,-0.006235193411247178
0.47025,0.03337695283255171,0.013145697533742496
0.470375,0.046481403104811574,0.5809725390313702
0.4705,-0.04970701181403785,0.554836037821205
0.470625,0.08200881353067375,-0.14873628813959852
0.47075,-0.07363994246846944,-0.18348454291797422
0.470875,-0.3172260689440264,0.18278036441913767
0.471,-0.26840441105953106,0.2188551967832672
0.471125,0.26661114491561966,0.1573312690530283
0.47125,0.5805866495996579,0.09320069034604775
0.471375,-0.29141263469546036,-0.03895669154680913
0.4715,-0.6051322928118692,-0.20040803421475784
0.471625,-0.1741198708864846,-0.010064585334924724
0.47175,0.30564401622540405,0.3511157817149781
0.471875,0.25305366707332766,0.47484876740863136
0.472,-0.11225681480797119,0.03235083102583945
0.472125,-0.28342629675939796,-0.241711222800472
0.47225,-0.2886289127333441,-0.007509514363610595
0.472375,-0.1470903294986037,0.3055890526349523
0.4725,0.10498341163608915,-0.03140390498741023
0.472625,0.29203229055386654,0.2002365928037672
0.47275,-0.15527006468329352,0.011169605713446643
0.472875,-0.44371138272874683,-0.357667671889357
0.473,-0.08382574670345153,-0.2987762741295328
0.473125,0.1569919833221655,0.35197776159657435
0.47325,0.025689259088468447,0.3538187089339274
0.473375,-0.37347184513964155,-0.13011893854278003
0.4735,-0.24704872766405284,-0.54977634656993
0.473625,-0.25555253686143564,-0.23080907699873568
0.47375,-0.3525958192790586,0.3202410234259761
0.473875,0.1628388376911459,0.20487410996105077
0.474,0.21786370140757536,-0.008027334126283484
0.474125,-0.17957285866198494,-0.08626222469144733
0.47425,-0.6518723414428939,-0.19508087196634513
0.474375,-0.2620037166322488,-0.25580299239534143
0.4745,0.20002655722288387,0.2743575054566235
0.474625,0.3234407952179727,0.22783514611969888
0.47475,0.05641642252299923,-0.14112290263289415
0.474875,-0.11831040836915149,-0.33123008589261993
0.475,-0.30896282994744095,-0.018696204804743415
0.475125,-0.39882898927602334,0.22214580013580146
0.47525,0.2831982454681723,-0.03917430968180535
0.475375,0.7230613681694197,-0.2968968498754051
0.4755,0.3495936963038525,-0.1340194701044372
0.475625,-0.38959081684430513,-0.14720368651232618
0.47575,-0.3188172710911001,-0.10075669025367558
0.475875,0.22361304683779912,0.26209905613965195
0.476,0.3883870189557265,0.36997231173768425
0.476125,0.16252059579989486,-0.33086139415045435
0.47625,0.17143252050151364,-0.5858578043626442
0.476375,-0.06597857098237622,-0.4246729573672914
0.4765,-0.13046428907342056,0.12148215558443662
0.476625,0.15504575411087196,0.17669929184084682
0.47675,0.7016700734308144,0.04481333907662135
0.476875,0.49014701214343126,-0.1496608729707118
0.477,-0.3938447110617131,-0.4476820832441926
0.477125,-0.4531751342553008,-0.27063328458206815
0.47725,0.22424802954729106,0.34868269360911114
0.477375,0.38457143230138857,0.7862647903898229
0.4775,0.06854622348329158,0.22671651270785004
0.477625,0.048693882799872294,-0.3884845442316364
0.47775,-0.043205252817248026,-0.20570930272817614
0.477875,-0.12900109104406496,0.25548969386504444
0.478,0.19659877859280356,0.5496121970538912
0.478125,0.5546633622819565,0.30077240903207514
0.47825,0.3497291630111813,0.1582851466171922
0.478375,-0.35022142157216535,-0.10316474850418096
0.4785,-0.2081145420598454,-0.07724656453403114
0.478625,0.15674926795700345,0.3309944134577706
0.47875,0.43446358493270726,0.6403364964828867
0.478875,0.1004880999440437,0.4035602867934096
0.479,-0.2518934481104116,-0.43293594497761156
0.479125,-0.1540172671701245,-0.39079991529380254
0.47925,-0.10544480717796116,0.09928213986058555
0.479375,-0.05227301422134487,0.3774920112999115
0.4795,0.0621821810986587,0.03799860720512057
0.479625,0.11356699127578862,-0.06774476101469894
0.47975,-0.5331466798294696,-0.051589961747753696
0.479875,-0.48724891240941876,-0.24209042015254392
0.48,0.12107721539806203,0.06537550589759918
0.480125,0.4418293706337049,0.30859920186737644
0.48025,0.016290975279474908,0.2258026685876271
0.480375,-0.13294251460926787,-0.27887981730489153
0.4805,-0.25081602125261,-0.302755113583981
0.480625,0.019607515328859876,0.21858154596589632
0.48075,0.21611086145345423,0.4207884134371686
0.480875,0.36511378600843203,0.17887717977435086
0.481,0.014219443911878273,-0.27685093344693085
0.481125,-0.7409835883785693,-0.22567237524333864
0.48125,-0.7335388840419902,-0.18574549018435477
0.481375,0.17954714704632238,-0.123979947094647
0.4815,0.6288632686663385,0.10076677523546808
0.481625,0.23550924693663636,0.04928829867808168
0.48175,-0.21491734458944348,-0.34872245355667736
0.481875,-0.34199771515148475,-0.40553533779310674
0.482,0.03857909853931188,0.040840454001986805
0.482125,0.10221183370883814,0.41371077559859265
0.48225,0.07656005421931607,0.05053321661710708
0.482375,0.057991259552051526,-0.1390143697525848
0.4825,-0.3492113202170712,-0.2992455753074656
0.482625,-0.8019195931214801,-0.09353786609339974
0.48275,-0.08230044842516271,0.27619422931192716
0.482875,0.23607682623368323,0.24119450236624526
0.483,-0.02718820713351916,-0.08078049564593678
0.483125,-0.39775150208671417,-0.45862366985222885
0.48325,-0.11594134697464291,-0.5630199105602689
0.483375,-0.1682675544650614,0.0517857621827251
0.4835,0.33146970212616894,0.536807459925261
0.483625,0.3978989674379797,0.2553148792482583
0.48375,0.46507538572958435,-0.4325884073462568
0.483875,-0.06011716300489238,-0.22181929884134968
0.484,-0.5072919286474933,-0.17617967653095845
0.484125,0.035043608875944515,-0.06705250935364175
0.48425,0.5865761903420745,0.21695250078989445
0.484375,0.3173103926280139,0.17052290953598234
0.4845,-0.009250229924952278,-0.4355924586460545
0.484625,-0.1590113911403443,-0.5430730842928213
0.48475,0.10359895010155969,-0.11318714161916467
0.484875,0.21789990704202827,0.2776117607998926
0.485,0.22261638163317693,0.026996421945677605
0.485125,0.37901065880614415,-0.4621027031026662
0.48525,0.0655385694255772,-0.3361333500853605
0.485375,-0.333898284772326,-0.04649288937059128
0.4855,-0.08263364804149857,0.0865287202342116
0.485625,0.5273175916792391,0.4790317562721803
0.48575,0.221306154436224,0.3236645320199006
0.485875,-0.2027341624717161,-0.022396866817130972
0.486,-0.18453759721220597,-0.3882703852433873
0.486125,0.057975191512348145,-0.02432981096472255
0.48625,0.23435173662076347,0.4761904800504274
0.486375,0.24979433092289338,0.37330356297224077
0.4865,0.37182424546109744,-0.007075135405461698
0.486625,-0.15392251351089276,-0.16173291297016207
0.48675,-0.4426472136733988,-0.02979627304642123
0.486875,-0.13416777572159594,0.018781647645454907
0.487,0.5997866853413447,0.16790016188419565
0.487125,0.3221777539214437,0.4572698678642929
0.48725,-0.2481685473735653,0.0693991359627001
0.487375,-0.386265071952015,-0.24792279681478932
0.4875,0.1930130229679292,-0.0004905588652171283
0.487625,0.1673286513550447,0.6077273383959296
0.48775,-0.01547349326981873,0.21123218923587908
0.487875,-0.03251059238268883,-0.3488331303777948
0.488,-0.18430878355254793,-0.1665666691726439
0.488125,-0.38207906530093816,0.04939013686122445
0.48825,-0.1741193267956469,0.2479464666503411
0.488375,0.33832670798641545,0.16161446262689502
0.4885,0.49903723861899696,0.2369642719765558
0.488625,-0.007231583517173501,-0.06494950536353088
0.48875,-0.35299094042380985,-0.34852823791437043
0.488875,-0.1161813156636206,-0.03720095768338132
0.489,0.180803047258942,0.2595655504501626
0.489125,0.2192214382477273,0.23377802242361298
0.48925,0.18419148389333903,-0.18608688243166474
0.489375,-0.03371331850351328,-0.3540707053856741
0.4895,-0.5486177486919877,0.007161899053072697
0.489625,-0.4657801406586722,0.09293188721172736
0.48975,0.2077299556274681,0.08509687027891336
0.489875,0.15451596261167805,0.29127914849105085
0.49,-0.4043520819632986,-0.1453817619313306
0.490125,-0.5706733285797106,-0.20742813770819696
0.49025,-0.00134045703775685,-0.00357949747144785
0.490375,0.11158072994856505,0.37521792769150913
0.4905,-0.07863721795553366,0.32766548782893873
0.490625,0.1315875166762111,0.011847770625662852
0.49075,-0.10491939362792521,-0.3314356457309317
0.490875,-0.288370038867547,-0.11163952253463168
0.491,-0.3314744412110323,0.17629948165032722
0.491125,0.19070210098109835,0.1240312168692784
0.49125,0.30988360930729625,0.25265827721155804
0.491375,-0.2436906611065587,-0.09151243399445987
0.4915,-0.4854784891248642,-0.5616672283223538
0.491625,-0.15655633988718037,-0.3569758926421003
0.49175,0.23711237143704106,0.24883427867109087
0.491875,0.3633113889267385,0.174925232608623
0.492,0.2477786296193983,-0.2622640872414628
0.492125,0.006908501457355764,-0.4522136227901611
0.49225,0.05230715412230693,-0.20862349653479959
0.492375,-0.017249872917184095,0.10588395565189468
0.4925,0.6270664458120907,-0.1796161241168361
0.492625,0.592980465299951,-0.06894095661530594
0.49275,0.1842147056177135,0.0212926314208991
0.492875,-0.02359751626119143,-0.47556127227270173
0.493,0.10050221660191828,-0.29555458615660907
0.493125,0.42973169838608494,0.07593704485046938
0.49325,0.2438695976927888,0.14601650631146773
0.493375,0.010611667175945501,-0.22432979436337844
0.4935,0.1724501592428659,-0.46128387592278175
0.493625,-0.15422506571526307,-0.04796600379076293
0.49375,-0.2542962587016715,0.15273135750173866
0.493875,0.33990834034100753,0.2856503216592185
0.494,0.5282973342683996,0.0872024852638795
0.494125,0.12205067440172428,0.12009778913613874
0.49425,-0.6737609828123704,-0.12136160186900335
0.494375,-0.2724998872562977,0.017147068441864973
0.4945,0.2510358887023979,0.4962838013296994
0.494625,0.18152437930023343,0.6078868865976992
0.49475,0.016619957316359842,0.07899602969553528
0.494875,0.15945547316991113,-0.24779163881514152
0.495,-0.07838750495208423,0.04646672513008177
0.495125,-0.1323038289050379,0.46142643588449617
0.49525,0.040922827783375644,0.2693142186576385
0.495375,0.3297854043608012,0.08311664350522303
0.4955,0.010885424339133726,-0.030642006909538572
0.495625,-0.44722798990750556,-0.244434178936965
0.49575,-0.32668000596367325,-0.03625614688492128
0.495875,0.22083617682018453,0.05521383164017036
0.496,0.2783491839170255,0.5227860109102666
0.496125,0.32187469671827623,0.010016811811714611
0.49625,0.012062161134928674,-0.5046556760478595
0.496375,-0.17880949293896525,-0.21797021548591594
0.4965,-0.1869865227529451,0.1884534914578269
0.496625,0.04158996149859344,0.22461205319873156
0.49675,0.2157289435997518,0.05405199670284693
0.496875,0.09224412467987914,0.01612332666016474
0.497,-0.39182674686685515,-0.14887608464912078
0.497125,-0.37210105923619474,-0.10550940418985087
0.49725,0.2782942354470198,-0.04011139019854174
0.497375,0.3951709992816238,0.4449904290639338
0.4975,-0.08028963609324306,0.15984237091143827
0.497625,-0.18886654802136651,-0.47182158538321234
0.49775,-0.03598204172524558,-0.4092316532922818
0.497875,-0.24717530054455938,0.1199866535562512
0.498,-0.18794028114882205,0.37270392603234054
0.498125,-0.03312023342656362,0.2081519035153095
0.49825,0.20820535550951708,-0.013461815949932716
0.498375,-0.37773928713416977,-0.18825960595565402
0.4985,-0.5186658907916926,-0.015847303500125174
0.498625,0.014030201231625197,-0.08143441772520338
0.49875,-0.17518140166838028,0.3312063873112722
0.498875,-0.40891154655427897,0.15889562309048946
0.499,-0.37708241275158,-0.325180352810799
0.499125,-0.1824123689321586,-0.2925173945102371
0.49925,-0.2662218920856814,0.19003040207998198
0.499375,-0.03648089288929665,0.34535204750696713
0.4995,0.4248951434996699,0.020837397960319692
0.499625,0.2152252377707409,-0.13707047943405268
0.49975,-0.10074315275094277,-0.2532625424770936
0.499875,-0.3835655661735082,-0.3323487220100826
0.5,0.12387593337556929,-0.26637851892847797
0.500125,0.3086280909838988,-0.025372490948348574
0.50025,0.3261867151386001,-0.07783011298761493
0.500375,-0.023149665747934135,-0.27531815835498036
0.5005,-0.037698077212858734,-0.4261306983524574
0.500625,0.01979653707745464,0.05025886397004319
0.50075,0.2125377985319675,-0.03459034488595277
0.500875,0.6501246929270013,-0.30854497190437874
0.501,0.4306857355203497,-0.3078927848224311
0.501125,-0.09778593968602546,-0.27277265149714197
0.50125,-0.3063968614325954,-0.33761778000438025
0.501375,0.004219587669460063,0.03336639932984261
0.5015,0.17488678396991755,0.25671611915114173
0.501625,-0.07887185874892559,0.1709556741492581
0.50175,-0.06426687237563015,-0.21310744839359413
0.501875,0.04246626447141902,-0.3711246006315419
0.502,0.00622450681418287,-0.03924605797675591
0.502125,0.06594928125375536,0.45388345600078644
0.50225,0.2270883629053981,0.28667800046704905
0.502375,0.3770485421611201,-0.14430489167429641
0.5025,-0.3267864813587544,0.012467597521309345
0.502625,-0.30987082475528177,0.006024098367011081
0.50275,0.2769611587791937,0.1229080447525734
0.502875,0.4374381763557225,0.439798182340632
0.503,-0.07960367428739178,0.3843528226244906
0.503125,-0.3468963051704027,-0.06704544695232742
0.50325,-0.11817622754177569,-0.226735130599763
0.503375,0.15050837393018873,-0.099428446389133
0.5035,0.16295739119280453,0.3249874997227736
0.503625,0.09602486418351629,-0.10958438104943186
0.50375,0.12712509941665837,-0.15752316244279596
0.503875,-0.13359984223689989,0.1140181415818424
0.504,-0.2957523183453816,0.029846917795963046
0.504125,-0.16039266803845054,0.19926007158472703
0.50425,0.3843384994804467,0.312398844423872
0.504375,-0.011459005761563675,0.27019166394965566
0.5045,-0.0852689328786987,-0.036655517482868945
0.504625,-0.2938942371452954,-0.3142698219014196
0.50475,0.0017624007405660942,0.2164100480947055
0.504875,-0.1094015911454944,0.43894361999138615
0.505,0.09687929872128655,0.06333533741531167
0.505125,0.2703293721930216,-0.35584228917641997
0.50525,-0.20109405725964855,-0.06498635163781753
0.505375,-0.4101887492302591,0.17366136193508955
0.5055,-0.20565425841706989,0.2034629270727046
0.505625,0.29895392351678557,0.1052476102645592
0.50575,0.3306782238498005,0.31651575806834364
0.505875,-0.09844439556220791,-0.18801925394217042
0.506,-0.18715676497260603,-0.4360835975111927
0.506125,-0.1173477926517302,-0.1263263914685179
0.50625,0.05819823713876015,0.25460866614985866
0.506375,0.0839212850522148,0.0904805299253336
0.5065,0.2965342908750242,-0.27211948806079883
0.506625,-0.03867321718544805,-0.18088896290508027
0.50675,-0.37009820666773763,0.06700868416332298
0.506875,-0.46272140021735203,-0.15050355140392196
0.507,0.08374714053052068,0.14773462874278762
0.507125,-0.30164147058673735,0.30792983807228497
0.50725,-0.29602089569680834,-0.13323331687862167
0.507375,-0.5741874428333648,-0.48946912252280483
0.5075,-0.05111610073805385,-0.18080744070296667
0.507625,0.01991051265824731,0.10350621038574759
0.50775,-0.12269493627761305,0.23038103382311576
0.507875,0.15724599667272895,-0.03444855130747386
0.508,0.3945393142791362,-0.14397236912181277
0.508125,-0.06401930813252561,0.0667249286454623
0.50825,-0.18545086968278074,-0.05903339563117234
0.508375,0.16205888456100032,0.0063920150758688885
0.5085,0.2879235186237103,0.2380953318726049
0.508625,-0.17454625835153736,-0.014769020952002736
0.50875,0.07294631870386503,-0.2626177690335451
0.508875,0.10857774777417412,-0.3301660249349969
0.509,0.13777372123802947,-0.023123414821623948
0.509125,0.06139810694757846,-0.05781348456305996
0.50925,0.4627061015952376,-0.4595621172863693
0.509375,0.38266764716700385,-0.5352705492982349
0.5095,0.06970262108438405,-0.20397552452112264
0.509625,0.25394663319481275,-0.04760762749135204
0.50975,0.4647997312046228,-0.04891554912656662
0.509875,0.27243268800058457,0.15459580458698233
0.51,-0.2486028281021754,0.3034462071346364
0.510125,-0.4402471356876337,-0.15758020538603465
0.51025,0.17868667372475946,-0.04807470012146815
0.510375,0.534391894382088,0.08765392599076899
0.5105,0.2937964532742774,0.29532300934606487
0.510625,0.04449420214743811,-0.08962677231975942
0.51075,-0.3542260293012757,-0.01030219703436314
0.510875,-0.39508264160229,0.2352663537586445
0.511,-0.20649781905017497,0.11006492830351464
0.511125,0.27248063625829605,0.12924690962404498
0.51125,0.2616952306392626,0.3541529964054665
0.511375,-0.26602161661887547,0.19629814056649503
0.5115,-0.3575909956934756,0.0109688713388881
0.511625,-0.01610818298434943,0.11711890047216299
0.51175,0.34733567204255944,0.4989703828707908
0.511875,0.009433037760501192,0.17067501641626387
0.512,0.02758220733624627,-0.250625666938072
0.512125,-0.030254220499197473,-0.47122679054094246
0.51225,0.059408645166375125,0.2036760987905146
0.512375,0.09825165894693194,0.3863425412353391
0.5125,0.16121656399822448,0.3897991238465524
0.512625,0.12689326888403443,0.11397114933120824
0.51275,-0.23196051230882264,-0.13388242663459218
0.512875,-0.46141098175404266,-0.35221712019966794
0.513,-0.17991477819861604,-0.2784528369217302
0.513125,0.07386581922725331,0.2106096900992108
0.51325,0.19242967300795882,0.37397276781384825
0.513375,0.0033613212614187968,-0.038572732725947585
0.5135,0.20715208793248815,-0.37435837886827933
0.513625,0.01605120052929271,-0.04002694185456495
0.51375,-0.10765841145026818,0.30456919702022395
0.513875,0.2766820675771325,0.1517680384301745
0.514,0.5264159077900369,-0.02236511039898922
0.514125,0.012534703997847065,-0.04362876681999198
0.51425,-0.4574965086525433,0.05053325382534876
0.514375,-0.3492469111895742,0.0441967677514743
0.5145,0.025437210408885427,0.13026576951282703
0.514625,-0.054768698343420845,0.4068383520040438
0.51475,-0.07782299095841004,-0.301426287830066
0.514875,-0.3542805563017092,-0.39570834644448677
0.515,-0.26514654513164887,-0.22299652428752056
0.515125,-0.37801837904662594,-0.039944813351311906
0.51525,-0.07784874324518984,-0.020429671112143086
0.515375,0.1184266364781298,0.11739801089349211
0.5155,-0.19627381825783666,0.1793688851033641
0.515625,-0.4202268225407366,-0.04871146374592113
0.51575,-0.5440535955086508,-0.20234460222662592
0.515875,-0.10959620575133544,-0.010060328246972365
0.516,-0.06511966140939379,0.47107096023614375
0.516125,-0.016583933334753397,0.07259478735177075
0.51625,-0.14355721456060005,-0.30012282638592036
0.516375,-0.15043873388001608,-0.16526668430011945
0.5165,-0.15223230784308667,-0.0002574434136635454
0.516625,0.1140013450307351,0.05439570872131618
0.51675,0.35392770302531334,-0.24420845883291864
0.516875,0.07230335700372062,-0.24620793749950856
0.517,-0.2204266714871742,-0.31326906686954475
0.517125,-0.041828581957942555,-0.26979869633834236
0.51725,0.27276063639877834,0.009222409704567761
0.517375,0.20427690387851924,0.16118266449008314
0.5175,-0.04624940100414864,0.10594540869553944
0.517625,0.001794368456854587,-0.5022845513588632
0.51775,0.08098903210026306,-0.3811072950279386
0.517875,0.002178840968683748,-0.12822284345787727
0.518,0.26042648211131064,0.015605989205883262
0.518125,0.565177851400784,-0.10221923397255407
0.51825,0.36480845820882296,-0.09318344809776555
0.518375,-0.1778456614454722,-0.043584821365170084
0.5185,-0.32868864949704807,-0.09617789779458158
0.518625,0.14467015099323,0.1599165837499331
0.51875,0.18036264851499584,0.23076698930203685
0.518875,0.08145850088963572,0.12906834779722995
0.519,0.18371542023724305,-0.21383465299664156
0.519125,0.18390371228471666,0.02906808456377786
0.51925,0.09955342311024833,0.18456264882857482
0.519375,-0.06205259889302626,0.18219764527351998
0.5195,0.16800867306200182,-0.10230746277819157
0.519625,0.18167888866159868,0.09846301506119505
0.51975,-0.21378304101944431,0.1451759711682876
0.519875,-0.11793237110265038,0.034479007078165966
0.52,0.32217863061609014,0.19765662639353138
0.520125,0.44627699563994394,0.35715813654246936
0.52025,0.18005213092351627,0.3796262053667233
0.520375,-0.1938300058429565,-0.08447332094904134
0.5205,-0.24087848970816333,-0.20063598853510167
0.520625,-0.36699869159657467,0.13755301255105132
0.52075,-0.2194545903525831,0.1617924936223899
0.520875,-0.054857055317351335,0.2764902227953753
0.521,0.16653525698596958,0.2568612040315548
0.521125,-0.13871517624335783,0.15334825179054193
0.52125,-0.19935317804597494,0.027213741204344007
0.521375,0.0578085539964865,0.010094408602868294
0.5215,0.040138859315635156,0.35246041065091277
0.521625,0.0002029961913709666,0.2712201439925794
0.52175,-0.264559329444975,-0.2739082578220532
0.521875,-0.16567253082039973,0.030746940724198046
0.522,-0.18296305980778504,0.30176433744920395
0.522125,0.05664992605043852,0.4334043069282886
0.52225,0.20875891810167274,0.003354566851123222
0.522375,0.436461018286681,-0.2567288286082364
0.5225,-0.01624489934806456,-0.18538120868322172
0.522625,-0.6131779593706537,-0.27682498242574616
0.52275,-0.15324702952586147,-0.1955771205392035
0.522875,0.17076458701219904,0.12065844668236637
0.523,0.14528972042106683,0.15198899525177284
0.523125,-0.3516127939915006,0.04393965711565817
0.52325,-0.28492455813854656,-0.3101874475535397
0.523375,-0.3499945366693487,0.0686358403760695
0.5235,-0.0840881315775224,0.21005541761370494
0.523625,0.13901896991533738,-0.07409835721051435
0.52375,0.2002101217541179,-0.2307828779443697
0.523875,-0.14469860526167916,-0.1350568113822871
0.524,-0.46688201694282916,-0.061142224917186794
0.524125,-0.23764208209293528,0.07759193910428022
0.52425,-0.010340776842694771,0.2294864411826263
0.524375,0.026139120604492964,0.31347942192665923
0.5245,-0.3753519099454501,-0.08578905992607384
0.524625,-0.13383052414088586,-0.2311731029153037
0.52475,-0.15403138574362815,-0.13191651076370156
0.524875,-0.03753289337123639,0.1723924859354629
0.525,0.1579350967821413,0.0474993081753392
0.525125,0.28110082924015156,-0.0817341713734246
0.52525,-0.06135515357187751,-0.24186952540384163
0.525375,-0.1447124205704183,-0.16845730418953492
0.5255,-0.038657894529458,-0.11320210677196114
0.525625,0.3042439709463192,0.1472937253100876
0.52575,0.275846725965635,0.22397856892878554
0.525875,-0.18587561422294938,-0.16021960121733733
0.526,-0.2251871948926435,-0.46858042593359456
0.526125,0.12428074091394585,-0.2513501089095683
0.52625,0.15752742865727837,0.1301093084178344
0.526375,0.09701332954653619,-0.101591344854237
0.5265,0.15375373219559785,-0.25670334697101754
0.526625,-0.031268636678734564,-0.18359097099735203
0.52675,-0.12571507453185934,-0.21851946992304758
0.526875,-0.017790579800517386,-0.012553730338581778
0.527,0.389177135065615,0.07352266058375864
0.527125,0.2783492404841725,0.2358373359942257
0.52725,-0.05590653211289746,0.09964108940719085
0.527375,-0.19327747003497237,-0.18489990511386734
0.5275,0.213938648049512,-0.01838884279448785
0.527625,0.2373625350907115,0.36989083747517115
0.52775,0.3358080182646802,0.329350981859312
0.527875,0.3475407353988074,-0.04770734658719546
0.528,0.1140849712561769,-0.09594446967839515
0.528125,-0.21335610425337403,0.024269817041239337
0.52825,-0.031867738879078615,0.2964926607793857
0.528375,0.3163504549279632,-0.03392606642336538
0.5285,0.27107312004042294,0.21832881095400797
0.528625,-0.2299267727853412,-0.022952804132550735
0.52875,-0.5136918187537807,0.0001876977548348631
0.528875,-0.04393759717100777,0.08841970350396372
0.529,0.2747404093809218,0.4150349116586475
0.529125,0.22947092869026828,0.21334962911466343
0.52925,0.2386460917675101,-0.12660242076267028
0.529375,0.03774308285556296,-0.02318771522288351
0.5295,-0.5117672758669243,0.03834233490519805
0.529625,-0.4982845552187028,0.23038157836034392
0.52975,-0.26688344479098036,0.40694998402338745
0.529875,0.09291034294149027,0.40711587523904513
0.53,-0.19354715280153534,0.28697410567317533
0.530125,-0.5549276464600628,-0.022088291454564087
0.53025,-0.13132370274071192,0.04851145443998523
0.530375,0.14944260238403237,0.16638794322417322
0.5305,0.11401395330674138,0.42735935024274174
0.530625,0.06625859485425838,-0.1440240271842678
0.53075,-0.07330375723219998,-0.3118186448898243
0.530875,-0.32935393869399704,-0.2104403797401045
0.531,-0.43261589934020545,0.3203911333275619
0.531125,0.026054350817032706,0.27215285643707277
0.53125,0.28766260761450874,0.14074897546814594
0.531375,-0.04572566537577637,-0.043617882867074104
0.5315,-0.3184815460550065,-0.4982599958858227
0.531625,-0.05129757132276303,-0.478458751477896
0.53175,-0.016107900205317733,-0.25024169401980784
0.531875,0.15647111553661958,0.003567888184822324
0.532,0.15489342581387186,-0.26650130550331474
0.532125,-0.1026783876746771,-0.32493275256410364
0.53225,-0.27251115730531494,-0.02043453790771887
0.532375,-0.25825049010544876,0.20707696124275532
0.5325,0.08025920312403173,0.14233135376668324
0.532625,0.16367932621175393,0.09650501396626586
0.53275,-0.14392249747360789,-0.11634452460344974
0.532875,-0.506180417482415,-0.2555377338385836
0.533,-0.37828852676319785,-0.3293790365106035
0.533125,0.2069792727121733,0.06330587362445526
0.53325,0.19323005353953387,0.144586278737234
0.533375,0.06770172133760143,-0.04077069516836512
0.5335,0.1012892919035832,-0.11538103317777366
0.533625,-0.004898309206587415,-0.0772656829375075
0.53375,-0.2971878654734741,0.09884407927972172
0.533875,0.20591403952931567,0.022148285072575918
0.534,0.5001163238738571,0.04218516289722255
0.534125,-0.029140352403929776,-0.1220280291182067
0.53425,-0.2901986538219298,-0.28147738249178594
0.534375,-0.21504840379928117,-0.07327978440772351
0.5345,0.25642315971116714,0.04422186402220136
0.534625,0.40093523342785375,0.1939359741054429
0.53475,0.01214837474241577,-0.15748495048080136
0.534875,0.1807456306122307,-0.39886337205581673
0.535,-0.004487919523798667,-0.33425708063312365
0.535125,-0.018647542940871176,0.11404633532593661
0.53525,0.22360694756610672,0.1980725576822023
0.535375,0.5022315966690151,0.09468599850800176
0.5355,0.1677507852077448,0.06445257143855718
0.535625,-0.050224203253838993,-0.1518386543190704
0.53575,-0.14234266699719664,-0.2696009781367415
0.535875,0.09431627772792905,0.08314718028424044
0.536,0.23785906717862068,0.39331737682844153
0.536125,0.012614807913518763,0.07737497914752088
0.53625,-0.12977778693350156,-0.34108408005112595
0.536375,-0.23230730476719938,-0.0018971264942904253
0.5365,-0.23041394673724333,0.2639961701478606
0.536625,0.058472702935659114,0.26653926864974614
0.53675,0.2864523448143523,0.05428459781381585
0.536875,0.06331622315261963,0.22024316287656703
0.537,-0.373269257860573,0.09151637695443157
0.537125,-0.31717917140531443,-0.07365788200449798
0.53725,-0.13281416710826185,0.02753458721983416
0.537375,0.10617404763653991,0.3724902222246405
0.5375,-0.06291698360923006,0.3395491052884512
0.537625,-0.05317808051954854,-0.21685181222140562
0.53775,0.11682214534470843,-0.09846063144017893
0.537875,0.19321696648260236,0.10146544272238205
0.538,0.4403065555603885,0.3007673587074142
0.538125,0.18252120415984763,0.11513291337634951
0.53825,-0.16360216555659784,0.06076539932457025
0.538375,-0.5835033427353818,-0.03638116880139851
0.5385,-0.3522730797881474,-0.05938545278246521
0.538625,0.06558800155264713,0.08009289715286637
0.53875,0.4137931978710376,0.22127417046749662
0.538875,0.07095296179692685,0.140469561799116
0.539,-0.1489030287251,-0.3447202663164778
0.539125,-0.15440755822378865,-0.3243763414795894
0.53925,0.055377599842957,0.028856477990478524
0.539375,-0.005249477637822938,0.16106884425628806
0.5395,0.2401732802103454,0.009896419382657706
0.539625,0.022402441708431923,-0.17780625064836245
0.53975,-0.43663055781423904,0.0847709896900025
0.539875,-0.22649436113878407,0.19061589020505018
0.54,0.08131676000115624,0.24297902320156248
0.540125,0.16609853691157728,0.1475617756733479
0.54025,-0.14206122022521142,-0.0407259925029581
0.540375,-0.5168006497837216,-0.5802508979495653
0.5405,-0.3073120331424005,-0.24914914993536597
0.540625,-0.03549594097899595,0.2620721192897216
0.54075,-0.11925890265821307,0.4199661829702122
0.540875,-0.13087777808383275,0.09357919086331441
0.541,-0.18428731502933907,-0.1487139113614771
0.541125,-0.4428007771278995,-0.09022984671359591
0.54125,-0.4945387535929808,-0.032030816426580073
0.541375,0.06232026848026761,0.38708027617824364
0.5415,0.3827680383720509,0.13909963593351551
0.541625,0.1303053710200089,-0.04073432153127917
0.54175,-0.011277129361492423,-0.29707238175799233
0.541875,-0.0940633926475666,-0.3507838907701639
0.542,-0.03370118111595645,-0.053511288212292105
0.542125,-0.06419189298613065,0.05043177446427559
0.54225,0.26617117641883453,-0.010639540208695144
0.542375,0.5558205233585443,-0.30866611162279056
0.5425,0.03941494156021479,-0.27778008905770646
0.542625,-0.25758360163373467,-0.15567076836116023
0.54275,0.18786920447970334,0.15392618985480627
0.542875,0.5402479450439164,-0.048339650378789685
0.543,0.4937744451508318,-0.13065630875169304
0.543125,0.05244057634186095,-0.4281324460585985
0.54325,0.053325873869806466,-0.32730851670870664
0.543375,0.031055787900598437,0.08381373852998807
0.5435,-0.04072103389315449,0.29317053354724404
0.543625,0.07752460973222876,0.12377191331082601
0.54375,0.22143817849038366,-0.14035398115611775
0.543875,0.17311712545115562,-0.26404233347636497
0.544,-0.18796674842725228,-0.17481870131857447
0.544125,0.04412450077073378,0.0071303964397598325
0.54425,0.22696310869958108,0.2926210410644722
0.544375,0.14188990769513948,0.4718564449932402
0.5445,-0.16706605847897602,-0.12524347881651401
0.544625,0.007746186506393999,-0.16076860923142874
0.54475,-0.02854744220459159,0.12241131660455853
0.544875,0.009830193816782098,0.4783830856907435
0.545,0.25646309188059807,0.33580759046006875
0.545125,0.18206764569651784,-0.005631704985207044
0.54525,0.05399931768844886,-0.020952790789113957
0.545375,-0.22835863037888263,0.020844251237006062
0.5455,-0.08048936915378622,-0.002388268522237216
0.545625,0.09748308312920013,0.10526892620623154
0.54575,0.13243049272122526,0.07396482259110947
0.545875,-0.2050780506006296,0.17843023419837714
0.546,0.07444144534056735,-0.10883608314856624
0.546125,-0.026046864913719388,-0.06641917365146853
0.54625,0.14394822200321206,0.17927707643018642
0.546375,0.22436574241979798,0.10359678466739497
0.5465,0.0950811932459744,-0.0761657873608722
0.546625,-0.08463792873009479,-0.05774128221626715
0.54675,-0.27949664274570996,0.05392426094523674
0.546875,-0.255500853882637,0.07288270812260292
0.547,0.3024774757251491,0.10997895512306496
0.547125,0.3865675612320211,0.22943837468211412
0.54725,-0.1608955311769389,0.030719021262445488
0.547375,-0.22352426056515998,-0.29051846906847334
0.5475,-0.1013452277256056,-0.15075767082439945
0.547625,0.13886624602653694,0.3160720031768904
0.54775,-0.035584851817363934,4.984959096488826e-05
0.547875,-0.19123330672865438,-0.18059443269298747
0.548,-0.3205990264187593,-0.23845426188195368
0.548125,-0.25340368098255894,0.1201782397733835
0.54825,-0.2022841148447166,0.1598247939458343
0.548375,0.13647886566434245,0.28868887948229216
0.5485,0.09039115824068565,0.04243662223355402
0.548625,-0.24203463750702675,-0.19251505200531624
0.54875,-0.33654867414977235,-0.21253051910047513
0.548875,-0.3299769492283739,-0.015146147165222789
0.549,0.000514660613687526,0.3038829041004275
0.549125,0.015391028859952261,0.24285743025923381
0.54925,0.024521689547732168,-0.15329167941493826
0.549375,-0.15257642177679404,-0.2220499398085521
0.5495,-0.38349920084651884,-0.08723370419043693
0.549625,-0.20636749787302988,-0.014505929769329805
0.54975,0.15014866723205655,-0.08065830075620718
0.549875,0.3160109617229361,-0.0975715676570808
0.55,-0.10584352390090818,-0.21552431100886899
0.550125,-0.4282555695341904,-0.16504085358366066
0.55025,-0.15482610090861887,0.015087906234250822
0.550375,0.31287382133078073,0.09108669181016354
0.5505,0.2822232188854612,-0.08752773671731669
0.550625,0.10984257836491007,-0.14734453306499506
0.55075,0.04568522559608535,-0.19564323587885613
0.550875,0.05748923941268721,-0.1393571873766049
0.551,-0.14597811145047895,-0.024163226814140862
0.551125,0.46298316130714606,-0.0461524840830814
0.55125,0.4655334662087734,-0.006364586010874831
0.551375,0.1359639685060227,-0.2522585065603678
0.5515,-0.12670993242360382,-0.1864547006924379
0.551625,0.2740421265958449,-0.4006662878344747
0.55175,0.36100754631807713,0.04681729381135833
0.551875,0.33783462135784953,0.23644200715516503
0.552,0.3238688820584205,0.02878394530244184
0.552125,0.1728710953338814,-0.3403537525701244
0.55225,-0.0035384562358875124,-0.024061685289874624
0.552375,-0.24044828042270946,0.21916605143367895
0.5525,-0.023157509654592384,0.1901777868996365
0.552625,0.40733619786264297,0.09793046154242839
0.55275,0.11344987743834263,0.04188179010914416
0.552875,-0.15868777560320294,0.09045354919762653
0.553,-0.24583546574575674,0.06499349564123946
0.553125,0.15744404706908088,0.3517211156025333
0.55325,0.25461299510732627,0.3881584018384378
0.553375,0.1844317278968765,-0.02233943111620825
0.5535,-0.015591233794967334,-0.13885331090978711
0.553625,-0.18790858892964396,0.19606524449793836
0.55375,-0.2538356273699382,0.3944373890470046
0.553875,0.19012623149980395,0.3918085420924147
0.554,0.4372982077510601,0.14127359266749448
0.554125,0.1152738904617972,0.07767052329293192
0.55425,-0.21743646566309746,-0.0041625045311479685
0.554375,-0.07825679323725672,-0.21129079539145484
0.5545,0.3126680597394454,0.004674991713371498
0.554625,0.011147559994839037,0.21461521019932178
0.55475,-0.21288076576773163,0.02843896741019566
0.554875,-0.1905252849934553,-0.2946201447239975
0.555,-0.3644985926790634,-0.21401767155421383
0.555125,-0.23844851985070514,0.2611236440587066
0.55525,0.0276041543072394,0.22509636435437247
0.555375,0.20125190582260877,-0.04738832862484541
0.5555,0.04588266590854504,0.008386795850846795
0.555625,-0.43897188534942366,-0.3702331558103056
0.55575,-0.03569111071224706,-0.1301330723827075
0.555875,0.3192192647314589,0.2572511431701285
0.556,0.29432744861649013,0.1965866809891329
0.556125,-0.07577268926115492,0.16212784888751133
0.55625,-0.19084240194667093,-0.11347452249198603
0.556375,-0.2117576962210767,2.568750259799109e-05
0.5565,-0.39397575148312497,0.3405690288311554
0.556625,-0.13530143642436826,0.12419821171692964
0.55675,-0.03643199168691711,-0.24030682000631826
0.556875,0.08912438115283357,-0.3123156475217707
0.557,-0.1519537449361859,-0.2583213776692143
0.557125,-0.10569959913229916,-0.25942000147265126
0.55725,0.11092650346238046,0.036844863447222286
0.557375,0.06995575370454812,0.045052656229978325
0.5575,-0.17396188385153516,0.019097949812421612
0.557625,-0.244698035982056,-0.4177706239777071
0.55775,-0.3577781936207928,-0.14270611594478352
0.557875,-0.40071428961796735,0.2950129942966412
0.558,0.020976575474212243,0.12792300764146805
0.558125,0.3420061568794604,-0.041782111504842234
0.55825,0.15572012383461886,-0.14684216848827727
0.558375,-0.24245395086718366,-0.16158855554402024
0.5585,-0.2706370078376039,-0.2872593929441085
0.558625,0.18395878335876362,-0.15712263967511209
0.55875,0.4880546782160584,0.0019111593315595525
0.558875,0.1993721281680259,0.17681612125242435
0.559,0.13255409353914963,-0.3393272330018742
0.559125,0.05334903663148033,-0.3276142386472319
0.55925,0.01562488150765679,0.2131352552576983
0.559375,0.11781189609616541,0.1743052500289876
0.5595,0.400358453922666,-0.19386558722449107
0.559625,0.3170575647307673,-0.29408869696335305
0.55975,-0.03296609914468957,-0.13659625500918443
0.559875,-0.3504466937641074,-0.28180257126284347
0.56,0.133774292353725,-0.06361895481267776
0.560125,0.26778830294637784,0.35738850895413043
0.56025,0.10379296824031976,0.14426220091452124
0.560375,-0.15148011673314257,-0.21454933559299952
0.5605,-0.137602704759566,-0.2946859499946284
0.560625,-0.11558200878986895,0.030819062032365854
0.56075,0.13236256323911497,0.4238405829736951
0.560875,0.48770273919073015,0.2513438957075558
0.561,0.3685189685543826,0.024033238698228005
0.561125,-0.14179923510618797,-0.09862944488946597
0.56125,-0.4792534764786374,0.07962632365803499
0.561375,-0.07811621713187787,0.24721796151921188
0.5615,0.24783564374022574,0.16526826847512213
0.561625,0.07806996273319768,0.2388865336702308
0.56175,-0.05390339661948991,0.07153675040716861
0.561875,-0.0530116073057159,-0.23295125073863795
0.562,0.0800540721210454,0.14934196574370737
0.562125,-0.05781698844868158,0.17844236749354572
0.56225,0.3127370156555182,-6.432127558978838e-06
0.562375,0.35680162335133375,0.03535778234004501
0.5625,-0.11735990579626687,-0.010080468739668703
0.562625,-0.21646340849855392,-0.006975987342507935
0.56275,0.08225695547766074,0.034989190745094434
0.562875,0.21950106174514775,0.21375328385097675
0.563,0.034980398483193044,0.46443451220775256
0.563125,-0.08485251249936712,-0.25163763624069774
0.56325,-0.25775085846106244,-0.2751302236541457
0.563375,-0.1060902953220696,-0.18075955237902724
0.5635,0.1241534729610045,0.4241827769134644
0.563625,0.31445327523181676,0.0100054872955815
0.56375,0.18467078296967357,0.17334611394097849
0.563875,-0.14851878936033044,0.13016826786448027
0.564,-0.4632540454348497,-0.14402587095311273
0.564125,-0.16085071857682032,0.05295640816426166
0.56425,0.2731642824922783,0.23576445855870326
0.564375,0.05822000686339915,0.2767513856651052
0.5645,-0.2094757164206226,-0.09800662875244671
0.564625,-0.13548623580685468,-0.2944991804457925
0.56475,-0.10573468630969586,0.03735580748551582
0.564875,0.007938073529525568,0.31428276657049153
0.565,0.031024856129497243,0.07714193193962893
0.565125,-0.10106680861353716,-0.1924696342787672
0.56525,-0.406267108323174,-0.27823364539066603
0.565375,-0.4033843539985756,-0.06894494783439595
0.5655,-0.12620146005617822,0.17507810554463518
0.565625,-0.11208729969967131,0.19683002918415785
0.56575,-0.04730728483339614,0.24914221704936507
0.565875,-0.26071541837090184,-0.2506423604758407
0.566,-0.43612012710738524,-0.24717039066014082
0.566125,-0.23431225861342764,-0.08690000659767369
0.56625,0.05199262693379799,0.2182815723695005
0.566375,-0.1693131535642723,0.08521091515368662
0.5665,0.3003784393004159,-0.1910013295228003
0.566625,0.003786940155668462,-0.18670513928389748
0.56675,-0.20175779783234016,-0.10030763583256935
0.566875,-0.06892448086549761,0.05455218044374314
0.567,0.211841348067225,0.11609756232619443
0.567125,0.5709417271476922,-0.22244867419668612
0.56725,0.14050492122694164,-0.4818994356845714
0.567375,0.060849413639328186,-0.5332801531976836
0.5675,0.2889394007486748,-0.20180786995872682
0.567625,0.3612017395527656,-0.047108205206945
0.56775,0.4478215593284581,-0.12419266565238117
0.567875,0.4784084537059636,-0.3667033787539269
0.568,0.005513996196960089,-0.26717362825997715
0.568125,-0.29032569808290204,-0.06260017879515649
0.56825,-0.08999285563196573,-0.007154940256878413
0.568375,0.17478730480875823,-0.2295866080700619
0.5685,0.08649357575539493,0.08330064986407398
0.568625,-0.25974100113781634,-0.027592135660488636
0.56875,-0.31207684030283717,-0.12052153016451524
0.568875,0.14200550416335453,-0.02570323766235077
0.569,0.17577120272100727,0.30539057014525095
0.569125,0.20747078696793453,0.3695482004307857
0.56925,0.10220206124135607,0.1540145968958319
0.569375,-0.20450531747827205,0.056612183333906135
0.5695,-0.20945107544099398,0.29296253439432723
0.569625,-0.09943943458154861,0.35655686499322004
0.56975,0.238264556307206,0.3323260068007617
0.569875,0.5133290360609845,0.30506888690088696
0.57,-0.12766420616894728,0.09105488900018982
0.570125,-0.26696383282276404,-0.2183673973949792
0.57025,0.04884118851543915,-0.03127422972640614
0.570375,0.14585196566639055,0.2843312586467681
0.5705,0.34432131741304833,0.2573534867152323
0.570625,0.23969776527650594,-0.22058426216043875
0.57075,-0.19288370502004995,-0.2894528227270966
0.570875,-0.38202301183505266,-0.04607378725881678
0.571,-0.25057477209815615,0.16817137428827322
0.571125,0.36766490598742413,0.18240727455670627
0.57125,0.39366282966375804,-0.04777494483427595
0.571375,-0.040190273075814985,-0.0030224439530284176
0.5715,-0.3018196445730561,-0.20643154253259313
0.571625,-0.1825386468931268,-0.09855252565991351
0.57175,0.07029528657126838,0.34227241315548634
0.571875,0.05033853511340737,0.3479279363159942
0.572,0.15135985931176893,0.03793458297544341
0.572125,-0.23980172522407617,-0.27244519136319884
0.57225,-0.084411041944629,-0.023349944175972845
0.572375,-0.2670482747159428,0.1853711826573418
0.5725,0.2586576323799273,0.32021760995881193
0.572625,0.2521434614890879,0.2496291252284272
0.57275,-0.10983918716345187,-0.12325814587821499
0.572875,-0.39186058357304226,-0.21367553277143805
0.573,-0.2913600132409481,-0.146586040405777
0.573125,0.003798557280794184,0.22952107568443775
0.57325,-0.013715844624010586,0.3384518088909992
0.573375,-0.05778177110966921,-0.15154787312771717
0.5735,-0.3946370475433525,-0.3915795397271683
0.573625,-0.494369008870462,-0.03067321120554292
0.57375,-0.34696747886034024,-0.0023608396297764064
0.573875,-0.1087268944737043,0.06156640103568413
0.574,0.17647208304330814,0.009545856308731879
0.574125,-0.14343052444241305,-0.01867984691848022
0.57425,-0.5273297668591015,-0.17173644671823976
0.574375,-0.17465087380417502,-0.17339917109602895
0.5745,0.2583511714466312,0.05679569165253276
0.574625,0.195218505479888,0.1888907633872318
0.57475,-0.1343017736220854,-0.15233698116079591
0.574875,-0.21577717287283502,-0.3519657967812932
0.575,-0.08344168431832458,-0.3515482707228764
0.575125,-0.2553834077220136,0.0803346699096951
0.57525,0.2145791774703301,0.2108927863236566
0.575375,0.597941678596846,0.049724395834071976
0.5755,0.2313446579560519,-0.2635260824000576
0.575625,-0.015582952814664342,-0.32054753398487024
0.57575,-0.03861337436992164,-0.3438854692364513
0.575875,0.339337847846514,-0.06470159148685302
0.576,0.4117668269181169,0.20315090879654324
0.576125,0.12149697828378767,-0.19414335058803203
0.57625,0.08462931117910058,-0.46218023092152977
0.576375,0.10940800401088671,-0.30536095181157963
0.5765,-0.06117206914229365,0.20975224246947616
0.576625,0.0515760892828484,0.2155776503455665
0.57675,0.6187095263501892,0.15001667023086068
0.576875,0.17111415264414637,-0.14323941317856426
0.577,-0.5197373709851566,-0.2456120145156877
0.577125,-0.3827956782830072,-0.20959138519151904
0.57725,0.1318408468312195,0.11225736050711743
0.577375,0.22831479352665404,0.44777727225047903
0.5775,0.059112925304152374,0.36924709086024277
0.577625,0.02313490148275888,-0.1076170276773014
0.57775,0.058809966729258825,0.017582668601114092
0.577875,-0.20939873276975543,0.3107598224566739
0.578,0.03214783472627022,0.6220699853593417
0.578125,0.24467815081369593,0.3360436300673965
0.57825,0.006493461957199354,0.016324150795496758
0.578375,-0.3976531833995814,-0.03269949315766393
0.5785,-0.32629944567044955,-0.261484580411059
0.578625,0.2734244452334251,0.12365661958714486
0.57875,0.24605661167912019,0.4815124379350694
0.578875,0.22095911559260856,0.054290470731514814
0.579,-0.18041376326029512,-0.40725400668539136
0.579125,0.04291405130906864,-0.4265668239188762
0.57925,-0.19359159879441767,0.1731878083316017
0.579375,0.13934407769519017,0.14358735755407176
0.5795,0.21848671260336242,0.05378003318385068
0.579625,0.15874575136426436,0.03680534733340288
0.57975,-0.1177176050992848,0.059008279026087594
0.579875,-0.19233048738833744,0.009830194851480876
0.58,0.274951527123799,-0.013006549952799996
0.580125,0.3543413884193152,0.2892493254877571
0.58025,-0.0038304213214040194,-0.048544939701809814
0.580375,-0.320272272524381,-0.061396621092337574
0.5805,-0.17373969391145427,-0.25391461903105417
0.580625,-0.11908356565179568,0.26591134971800456
0.58075,0.011372443356989587,0.3700544003560011
0.580875,0.21454923743506596,0.19628441615368541
0.581,0.11702949824192431,0.03360034297756722
0.581125,-0.24303712362571422,-0.0723227631190555
0.58125,-0.21556204784776747,-0.018383132050483798
0.581375,-0.08635262354991888,0.13525414160499719
0.5815,0.337375651960836,0.17483814816829613
0.581625,0.054093171691036925,0.18249156653907006
0.58175,-0.2506254474584445,-0.17323883336720614
0.581875,-0.1256434180363036,-0.12463315711468627
0.582,0.03890768588175868,0.08377489031736697
0.582125,-0.27331480458599805,0.3456534465776992
0.58225,-0.04044239087980054,0.03664596041765547
0.582375,-0.05457038252330496,-0.16290414415391252
0.5825,-0.22586993414053272,-0.2826551283609156
0.582625,-0.5937363533084024,-0.12211208287230833
0.58275,-0.04040876888988055,-0.025985016153719075
0.582875,0.2071266087699392,0.1203021605003014
0.583,0.2960794781196076,0.03957787281379172
0.583125,-0.35030683194534873,-0.23271612564291813
0.58325,-0.17196997217700935,-0.5047013700313214
0.583375,-0.20941232825551842,-0.07687268384658483
0.5835,-0.13428836141212075,0.3515414711827847
0.583625,0.18044870787161135,-0.06205688252057136
0.58375,0.06123638251433281,-0.2183400518971163
0.583875,-0.06838905160120974,-0.15723429408498169
0.584,-0.16436816298861864,-0.02236056856438652
0.584125,0.1581790783791584,-0.27753601021519037
0.58425,0.5890876942479428,-0.22981047199293025
0.584375,0.4111023552885169,0.0011088135714720272
0.5845,-0.10617889047285456,-0.23315647651155846
0.584625,-0.1432927728347907,-0.4045178476923162
0.58475,-0.1426315792469927,-0.11597466427433523
0.584875,0.007398088088744409,0.34431509105687896
0.585,0.21376663433979948,0.13807326148905538
0.585125,0.3394178299994899,-0.12148977644646367
0.58525,0.05293882855887528,-0.22474319424338102
0.585375,-0.06936259846295177,-0.11502684249705598
0.5855,-0.1486977436163314,-0.051376415292814274
0.585625,0.463157455309112,0.17858039953713964
0.58575,0.2631408707536448,0.18952712314130415
0.585875,-0.09535864368617707,0.07094875066164809
0.586,-0.1371722854474081,-0.23910931998808507
0.586125,0.07698423328100576,-0.037080685247287117
0.58625,0.07260148448926194,0.5278640723315772
0.586375,0.2516719258225981,0.15643586410873128
0.5865,0.21048778617375882,-0.12136538819513966
0.586625,0.13635841033634682,0.0368893428361104
0.58675,-0.21906065410765868,0.00641146871614127
0.586875,-0.15794138534819238,0.03409459555821261
0.587,0.24319886082379494,0.16476127936490828
0.587125,0.30688918870616083,0.34850919530867897
0.58725,0.08036995871552619,0.11019829607802645
0.587375,-0.025352380876822025,-0.123374097264062
0.5875,0.020405249176382208,0.0012890897124654323
0.587625,-0.03266764004690943,0.2748367804601628
0.58775,-0.0997319720781627,0.2762623913566539
0.587875,-0.14896599460501192,-0.12924753239056233
0.588,-0.30899115281249956,-0.08170822469316426
0.588125,-0.36217567092459035,0.08725532707088339
0.58825,-0.17514904271501602,0.24507902345534882
0.588375,0.16946209656640823,0.19422368286649738
0.5885,0.363423996386562,0.2656636043661352
0.588625,-0.16131836419736717,-0.018663598204089124
0.58875,-0.22144604820273917,-0.2556499971163097
0.588875,0.028508910402459148,-0.04720261927973537
0.589,0.10191099680653,0.17705745307131632
0.589125,-0.002891050987254809,0.1678862270702149
0.58925,0.10119856243692817,0.08205045826310364
0.589375,-0.06539471636145217,-0.07297046229127026
0.5895,-0.2371166579169993,-0.07939119020585322
0.589625,-0.3251456889661717,0.015008268717256332
0.58975,0.20270595984634757,-0.17702082313723197
0.589875,0.3069871826547964,-0.17195728258657061
0.59,-0.07081541586714568,-0.2962858111865563
0.590125,-0.44758540846236344,-0.3064509876194544
0.59025,-0.43654124728265215,-0.09907811057594317
0.590375,-0.07698389911922936,0.392213089864615
0.5905,0.028532812534727583,0.4055544566118775
0.590625,-0.1531692755390501,-0.12406305000618728
0.59075,-0.2923719491229379,-0.10338054685009078
0.590875,-0.48731029027319794,-0.002432733759232921
0.591,-0.45745826519440197,0.25919097478878933
0.591125,0.08782527626172697,0.07177750187005645
0.59125,0.26697187574515313,0.165210810382356
0.591375,0.1289694548305163,-0.05930431885305305
0.5915,-0.19585063507718498,-0.3274362586021785
0.591625,0.015479648204196474,-0.34171529075881285
0.59175,0.20293465992617454,0.10422534014701602
0.591875,0.07424024371374476,0.3513709443028753
0.592,0.14366880976278307,-0.10131801719869575
0.592125,0.1956645316720928,-0.42317600659376997
0.59225,-0.023806674491766194,-0.2560568391490123
0.592375,-0.17736707508730198,-0.030214331452652822
0.5925,0.14690918827757937,0.10152256816358911
0.592625,0.40673541928077706,-0.16929558313394527
0.59275,0.2210952803932963,-0.17947746567902856
0.592875,-0.14028311262817683,-0.35435219093370474
0.593,0.2508578142406605,-0.40893754872367
0.593125,0.4237288776344544,0.09123099155047067
0.59325,0.23045111963857232,0.2801756959025799
0.593375,0.13442944828295625,-0.12394346548688871
0.5935,0.03201934199380176,-0.09281692332513247
0.593625,-0.31750119487521444,0.06570110552462856
0.59375,-0.2712608289226032,0.20188977477248607
0.593875,0.0676123661434222,-0.03227984983098012
0.594,0.7181471576796622,0.016354688703963883
0.594125,0.07389299538657887,-0.006285157516431031
0.59425,-0.36347565401308096,-0.1433311920469294
0.594375,-0.07117139830254252,-0.030075634690259943
0.5945,0.4400544484787818,0.09283702217292254
0.594625,-0.004359236119069532,0.45565515927145017
0.59475,-0.11043949328470573,0.16346247552312596
0.594875,0.03043218344030372,0.02681333669690846
0.595,-0.05839454376432263,0.21207361172728936
0.595125,-0.2442298403020031,0.4184601531529588
0.59525,0.19203629584304016,0.28839915498169366
0.595375,0.6877682581365944,-0.017223985509924388
0.5955,0.2843284017968397,-0.09688081270064307
0.595625,-0.20002360099757938,-0.18527993925151448
0.59575,-0.3481689078648848,-0.13726524648326816
0.595875,0.046211760981726316,0.25253771304994577
0.596,0.34387320536232907,0.5666758280144369
0.596125,0.16168626026898764,-0.09362535791979422
0.59625,0.25421675995531906,-0.228605766761868
0.596375,-0.04673418115973672,-0.23348115815699275
0.5965,-0.40670599258871915,0.1546797015964244
0.596625,-0.2389074367761722,0.0801250766236201
0.59675,0.15361221687248644,0.10817880752626503
0.596875,0.022034646488303174,-0.027024468423742655
0.597,-0.4526029770096682,-0.09262988505265214
0.597125,-0.42073519717359686,-0.17032001868603455
0.59725,0.049733734548048095,-0.02610497924461184
0.597375,0.27102367244776027,0.6134259635888583
0.5975,-0.007432750998179977,0.20640925119875383
0.597625,-0.0959031087410251,-0.10508925612375479
0.59775,-0.24891903030101736,-0.27718359789506897
0.597875,-0.4565242889325749,0.049905699475242385
0.598,0.09119074602457963,0.19445947807507977
0.598125,0.2267294324051053,0.20252845953827514
0.59825,0.3086898200082638,0.13889491261725814
0.598375,-0.25869559972528383,-0.22594272558946962
0.5985,-0.5348773474313177,-0.4166139030710896
0.598625,-0.038368514174204935,-0.19771840846488548
0.59875,0.32083752618324823,0.2173719273790301
0.598875,-0.21816443758824364,0.04313391965866093
0.599,-0.2390093965098195,-0.36212037736502745
0.599125,-0.22473456719733875,-0.27463272595389865
0.59925,-0.4792358080971278,0.11487649315099423
0.599375,-0.19035985387185156,0.3282738833969104
0.5995,0.33237083534776196,0.016908262169772578
0.599625,0.27137582511377056,-0.10342973832984294
0.59975,-0.08046266198884508,-0.24247241266527034
0.599875,-0.2979897374791588,-0.27569901947355974
0.6,0.18268562100215643,-0.10913310315766724
0.600125,0.40075991485798135,0.3033898928130078
0.60025,0.10027457923031857,0.2320352211904925
0.600375,-0.15978426044482694,-0.24356818336417954
0.6005,-0.024454796491851952,-0.49228366809894475
0.600625,-0.10202160206193424,-0.17944710034958333
0.60075,0.0830530315011662,0.15342046630314513
0.600875,0.4420100032979641,-0.10988625201615715
0.601,0.23458373104686636,-0.301839219986349
0.601125,-0.07479450162957543,-0.14758504750233653
0.60125,-0.36187921378034166,-0.4559953411812852
0.601375,0.36405257659770673,-0.1293250831001052
0.6015,0.3965392634122988,0.2761988326304324
0.601625,0.4383845168704659,0.23131099204459796
0.60175,0.012154962840960714,-0.15159699340005323
0.601875,-0.15857704897695307,-0.3380495135952535
0.602,0.019335969306857895,0.09787576274770401
0.602125,0.10695749276906355,0.2882500614351334
0.60225,0.389400350609016,0.17900345768943465
0.602375,0.2645039650765376,-0.2686545077257394
0.6025,-0.33432794341494454,-0.13688036240437865
0.602625,-0.18711614355472883,-0.07860679002035227
0.60275,0.026046272780934042,0.397799898078948
0.602875,0.4203165720470915,0.5961824714327303
0.603,0.0686455995069853,0.335246274137385
0.603125,-0.14503281795848844,-0.08304436462956528
0.60325,0.05561501220373812,-0.29499130708663845
0.603375,0.05949451769985972,0.13064596129212608
0.6035,-0.29214525416941206,0.40397799903826836
0.603625,0.01617672793232351,0.45830312678536256
0.60375,0.32184876732580525,0.09751978213103128
0.603875,-0.16731767594784336,-0.17210761612189066
0.604,-0.3258407234469131,0.007983465588254695
0.604125,-0.021833332266384262,0.11190264818122571
0.60425,0.22608197960703966,0.316581205395864
0.604375,0.18595438212555887,0.2833780767001904
0.6045,-0.15423724695880675,-0.12948103499745076
0.604625,0.1665148192653254,-0.2738439073307463
0.60475,-0.09643152607157435,0.11067552298160085
0.604875,0.07955885656837333,0.3562858191999756
0.605,0.2384442686005004,0.15273866034938038
0.605125,0.30862562798007903,0.016190525401130366
0.60525,-0.13430936541797772,0.021279703910212177
0.605375,-0.5539034420954987,-0.1409093047866325
0.6055,-0.17461709005662548,-0.17403607830145654
0.605625,0.43259234159689425,0.03321042327097648
0.60575,0.3432063036761941,0.19757934020295967
0.605875,-0.29179612740851335,0.06164585096462743
0.606,-0.6627984333760137,-0.2727517689171498
0.606125,-0.33440841065434657,-0.06823813551996451
0.60625,0.13600010730927145,0.18999996387298226
0.606375,0.25298937110533526,0.19846909036291052
0.6065,0.15497226757613788,-0.05081713344807855
0.606625,-0.13949139312454795,-0.16110452877675852
0.60675,-0.43523774716134545,0.0636750976466854
0.606875,-0.15571436720838558,-0.07201373077416043
0.607,0.310146532517528,0.22783352504242335
0.607125,0.17739281035934767,0.19292705925881617
0.60725,-0.39176120363423156,-0.13890257543230075
0.607375,-0.6428974200608985,-0.4549912871347446
0.6075,-0.3126233793924106,-0.26704089169389406
0.607625,0.034325140440842936,0.37263176332138487
0.60775,-0.2177418903590346,0.27392085026818036
0.607875,-0.026079890704230772,-0.36279825459681525
0.608,-0.1607739171643697,-0.4739038557335109
0.608125,-0.506697283697486,-0.25806861217472216
0.60825,-0.15122451581216223,-0.25291613715808225
0.608375,0.4374476805557738,0.1868940732496035
0.6085,0.47455459898999397,0.28631155729509994
0.608625,-0.1728723586719861,-0.24529019992418122
0.60875,-0.24661768161175257,-0.4668874839176566
0.608875,0.114233663224069,-0.1608074856036198
0.609,0.3399210469308331,0.23785358338287907
0.609125,0.157187069036415,0.2272262662472731
0.60925,0.46797600069242423,-0.5118806550198527
0.609375,0.4035760979322079,-0.6053615765062921
0.6095,-0.06590442972236855,-0.35844987310495247
0.609625,-0.18103359351818796,-0.06592873257243576
0.60975,0.2726382725008288,-0.11210476437309207
0.609875,0.3879177583923374,-0.18318819198302824
0.61,-0.06280125399870891,-0.397561676382759
0.610125,-0.34873945732207795,-0.3549549380056866
0.61025,-0.09394545196417545,-0.28586931302175805
0.610375,0.21544394495678793,0.3064061106218766
0.6105,0.2570987343507258,0.4275926499086528
0.610625,0.2118196799259878,-0.012749755128950756
0.61075,0.17246886009436074,-0.362721483100428
0.610875,-0.11320061898412166,-0.08275906881575658
0.611,-0.28894259598431615,0.3752522018472975
0.611125,0.25363286102733945,0.24053680472268923
0.61125,0.4922632660983463,0.3107408772557305
0.611375,-0.07564563000529216,0.32411294279207503
0.6115,-0.38305450997113083,0.0018576593300265207
0.611625,-0.23641623917052096,-0.14045013441591567
0.61175,0.10917465418558608,0.4013304485707645
0.611875,0.20328722690465661,0.3490875317835883
0.612,0.280723481366762,-0.044622603882307356
0.612125,-0.1503347026244014,-0.28666133882372047
0.61225,-0.4534617580173306,-0.02463064778613198
0.612375,-0.600460284698375,0.3566047489184215
0.6125,0.16790532496787333,0.27372484551341497
0.612625,0.603573004656555,0.3390139076231019
0.61275,0.192895308325506,0.16768871616373232
0.612875,-0.6926639588356727,-0.23582716057507064
0.613,-0.5584874692457557,-0.10113695426547184
0.613125,0.16366344896322638,0.28335172984227097
0.61325,0.3492391500217236,0.4299475639376887
0.613375,0.1942965938292164,0.067691004857555
0.6135,0.10426991316325271,-0.3605428994608917
0.613625,-0.19808125703655755,-0.1456247060359371
0.61375,-0.29363778835483306,0.19903107934133837
0.613875,0.09632234113199706,0.21895911167929216
0.614,0.3951807240072442,0.22555290916386064
0.614125,0.19682213574275645,-0.07569310855540813
0.61425,-0.2531350074972124,-0.5388606599959809
0.614375,-0.25041437404149886,-0.32635459030784575
0.6145,0.19387577076660936,0.17793548111067192
0.614625,0.1752738217477586,0.661522676346636
0.61475,0.013506835700947961,0.11222599233163606
0.614875,-0.12607026426731802,-0.42340415417957167
0.615,-0.2270486901423463,-0.4912144721417595
0.615125,-0.5375986540875852,0.18493329353004473
0.61525,-0.18765746733867703,0.11149446312753328
0.615375,0.20911645753374622,0.017742728389984305
0.6155,-0.14722309634561703,0.029450800684793096
0.615625,-0.6539591639519943,-0.2772514800292982
0.61575,-0.4790096659722147,-0.22084804735044153
0.615875,0.1920706577833331,0.09088062462823084
0.616,0.2626429836215212,0.4804648879951998
0.616125,-0.09620777253358688,0.07682451652460202
0.61625,-0.08892745295202147,-0.41549138880756903
0.616375,-0.2547187702756036,-0.1443284697882708
0.6165,-0.22353117667903755,0.23509436702631234
0.616625,0.08885283364220885,0.03289997903625135
0.61675,0.4514375627717788,-0.05300562551192993
0.616875,0.28000858010540997,-0.08605617859736162
0.617,-0.5108730615124883,-0.288667124014828
0.617125,-0.344539671293495,-0.4073081585249387
0.61725,0.3527998467725583,-0.060042548161739914
0.617375,0.561504985193109,0.062389445325463797
0.6175,0.28774746982498217,-0.1544277529133884
0.617625,0.09145862216163592,-0.6033754829459769
0.61775,0.06638260885318746,-0.5403894837725735
0.617875,0.08797382777988341,0.11940078456069149
0.618,0.24268541396099522,0.1897297371725326
0.618125,0.5990566793741613,-0.22722183324250872
0.61825,0.24572229365657475,-0.03369840582951479
0.618375,-0.4036913409206508,-0.18674833531770121
0.6185,-0.228657651167357,-0.32485373740379897
0.618625,0.2141095174964654,0.11690334900973194
0.61875,0.4647310167839863,0.3819822021161346
0.618875,0.23888498135368205,0.19188800373791076
0.619,-0.18681261211399405,-0.3062710550202861
0.619125,-0.15602238004794416,-0.30135920928541793
0.61925,-0.19595037500875181,0.34328314697006546
0.619375,-0.021876572618222692,0.42652035522724874
0.6195,0.6605727142159732,0.17112964070430722
0.619625,0.33856904833423673,0.10129372545640537
0.61975,-0.42266268109082356,0.07384972922152479
0.619875,-0.40548657776322156,0.032782281604929665
0.62,0.20327701439809398,0.3355098004501625
0.620125,0.6493033344038225,0.5918931350285725
0.62025,0.22428554810313447,0.2170481126116356
0.620375,-0.2941290524665403,-0.1904460081501986
0.6205,-0.3194938963791454,-0.15330241770084732
0.620625,-0.015020233237692901,0.220106743277245
0.62075,0.030524806605178877,0.3795566325574451
0.620875,0.3490726832897468,0.07698225832558467
0.621,0.2972929502123376,-0.1345297625532442
0.621125,-0.32170387963717434,-0.139389550043598
0.62125,-0.47716155349336864,0.057065401735467404
0.621375,0.0784460489938875,0.13029193195512973
0.6215,0.5108567032078113,0.43761892683144776
0.621625,0.16588760017741608,0.29554590998015284
0.62175,-0.19615235826329638,-0.2697277860745583
0.621875,-0.18123370939069072,-0.38470282899416336
0.622,-0.1295040378982797,0.2666632325135941
0.622125,0.032349004024325514,0.45001955849939584
0.62225,0.5090871090965453,0.04638840647136367
0.622375,0.237082110783983,-0.1460749713963905
0.6225,-0.211832593530273,-0.26018731303396175
0.622625,-0.47335721912744133,-0.0661625041934449
0.62275,-0.11383997863896049,-0.04977756235682994
0.622875,0.47032045556283303,0.3110870550088698
0.623,-0.05842506153015948,0.3924389530616408
0.623125,-0.4545486785333549,-0.2609757270216378
0.62325,-0.2651796323347593,-0.46476267053892156
0.623375,-0.27672214813332335,0.15355464746543035
0.6235,-0.13255599611893965,0.44630512161287234
0.623625,0.18019083459627716,-0.048357884544865545
0.62375,0.04368590491690619,-0.2205960035681339
0.623875,-0.3677053565086612,-0.34126679107386787
0.624,-0.5370557982337933,-0.26611284320230477
0.624125,-0.12403127341125607,-0.03062976105141704
0.62425,0.17069642733713897,0.09973853737395479
0.624375,-0.13769896317129648,0.43211516700417013
0.6245,-0.5197828794875015,-0.21901545870278755
0.624625,-0.3187440263959668,-0.5091235548737928
0.62475,0.17373674914370774,0.07444932688890336
0.624875,0.02876314727040241,0.3007618811426837
0.625,0.17016625363927557,-0.01570931169409315
0.625125,0.4399053049897733,-0.1881363400012963
0.62525,0.14024358094280726,-0.27447859270908675
0.625375,-0.367993301684631,-0.11601952384014737
0.6255,-0.06553709769040011,0.004669735198414163
0.625625,0.5420627318817245,0.01640255617043386
0.62575,0.2198618218964011,0.005044856503489118
0.625875,0.030552506520044875,-0.2577659568585601
0.626,-0.14040656227582474,-0.6069890257166385
0.626125,0.057697325323784084,-0.04655273774396013
0.62625,0.27967103867708065,0.25913309808489865
0.626375,0.32544312500192474,-0.09655713860047128
0.6265,0.29116528686270865,-0.3452009763682758
0.626625,0.16769421896468914,-0.21733817989106025
0.62675,-0.35489457480730685,0.032961662143069684
0.626875,-0.10118746575317135,0.10841436464266224
0.627,0.5068330719837826,0.21089515290208838
0.627125,0.36359645092103393,0.22799413031855278
0.62725,-0.33243555586078594,0.10994018298944726
0.627375,-0.3269739175487982,-0.2670122756279815
0.6275,0.2348640629637295,-0.09659957851625636
0.627625,0.27101027128516963,0.27668323113045307
0.62775,0.09807730625126673,0.10731401444693407
0.627875,-0.01439187439142226,-0.15882440053966174
0.628,0.048836671689624765,0.010411769235063461
0.628125,-0.43623962859413423,0.2539165815028358
0.62825,-0.0775641832813016,0.20685616751667774
0.628375,0.22466805933333267,0.1959349364919264
0.6285,0.3685338531912094,0.26828840733377346
0.628625,-0.2225950758223879,0.017278487971355557
0.62875,-0.28653646275103295,-0.17067062798530624
0.628875,0.022754449659737892,-0.1551877059666847
0.629,0.12760362684800652,0.47134097462864916
0.629125,0.35137389895842847,0.15525412001351274
0.62925,0.21120607188805338,-0.3171122863968453
0.629375,-0.057780110398173115,-0.24018408018454954
0.6295,-0.4312552136403525,0.1507075469153035
0.629625,-0.3462941726287944,0.18349660420857933
0.62975,0.32540384699686353,0.15707112773369483
0.629875,0.4316910797331758,-0.0013013606375029266
0.63,-0.0986231162530931,-0.04272619243668505
0.630125,-0.6382982179447162,-0.2690804257097485
0.63025,-0.30058262741117864,-0.051671395680593195
0.630375,-0.013061174637837082,0.3303685069793107
0.6305,0.160263038030089,0.3346119133836513
0.630625,0.19173055988292753,-0.22190591278654867
0.63075,-0.03266020875273516,-0.06410025464401667
0.630875,-0.2014946441443652,0.2865951783563786
0.631,-0.3162217463181544,0.19803877418417165
0.631125,0.385016418553396,0.17006080948520227
0.63125,0.258881042054164,0.03043949185530469
0.631375,-0.23638846881866776,-0.03679266312163223
0.6315,-0.8855569058691449,-0.47173950772442386
0.631625,-0.2839291652581415,-0.27907038665865397
0.63175,0.12344421129482445,0.21990366691409316
0.631875,0.15957578589006136,0.4514415835016155
0.632,-0.11724651509209101,-0.14590095689522561
0.632125,-0.2518890782555336,-0.5321921736757782
0.63225,-0.2540319912189108,-0.2718321426800919
0.632375,-0.36935780317985084,0.0689114307465041
0.6325,0.12231335823729061,0.058566845565622
0.632625,0.4883488301860311,0.05661362631224916
0.63275,-0.13328090677209398,0.08733882037562231
0.632875,-0.4991805693117078,-0.30675998848876146
0.633,-0.36583445687245747,-0.3952424140679908
0.633125,0.11634429409544007,0.22136493414310107
0.63325,0.19072543051658508,0.3471769147783624
0.633375,0.010120066264499112,-0.30111236977770056
0.6335,-0.12388545018366057,-0.7796573604331207
0.633625,-0.05194716295140649,-0.20892696815440806
0.63375,-0.3903660058949828,0.10344482751830134
0.633875,0.37153835272951696,0.10814033005981831
0.634,0.8685951482816612,-0.168211465862962
0.634125,0.19019286627359888,-0.07507129894312002
0.63425,-0.5256486115067336,-0.3004695824407468
0.634375,-0.12388127964203538,-0.4567410389242597
0.6345,0.2892433174278879,0.11455477127099939
0.634625,0.4809046971548974,0.45562945616000955
0.63475,0.267291002212223,0.012557110673291894
0.634875,0.05616108763583319,-0.5848392255605586
0.635,-0.25945708772003323,-0.3013242769777156
0.635125,-0.2674364367947398,0.039045272103101165
0.63525,0.15713656694961722,0.07205956194984856
0.635375,0.5874735433160928,0.16322662733579585
0.6355,0.0917539899644027,0.04552422353080709
0.635625,-0.44936494005244904,-0.2744958333411267
0.63575,-0.28613150375648694,-0.20746573091734705
0.635875,0.387052878822364,0.2869161470073448
0.636,0.41346689693451744,0.7428610857002574
0.636125,0.19503183090246157,0.24254654556718241
0.63625,-0.012397156375919594,-0.3826077336458501
0.636375,-0.07743639049482791,-0.23055488553487732
0.6365,-0.1751770707545135,0.20027986779311635
0.636625,0.040327947623397635,0.23418774247394872
0.63675,0.5950202646714184,0.13902449274726772
0.636875,0.2549816567769037,0.005456042168360834
0.637,-0.4038303066825442,-0.25513960856080714
0.637125,-0.48295813805135984,-0.23431725945363047
0.63725,0.12117844196554457,0.20307397092582402
0.637375,0.495296918255534,0.4879482853182985
0.6375,-0.02230316520715921,0.0600392713884433
0.637625,-0.1579351466409359,-0.3474911506651344
0.63775,-0.054345183779066455,-0.15710904898901748
0.637875,-0.014202996642715073,0.40062187114064995
0.638,0.24021335874761282,0.3147144262905517
0.638125,0.4587116745917913,0.0635021822949666
0.63825,0.27821732662841986,-0.015482843721559163
0.638375,-0.31430069966373114,-0.13261699503599544
0.6385,-0.4181786321080305,-0.3037393131366025
0.638625,0.1630657368150251,0.0009467971186869602
0.63875,0.4423984221332664,0.6084072275313943
0.638875,-0.236049375981193,0.4153235401360325
0.639,-0.31404550653829455,-0.4129848683530913
0.639125,-0.23077831763925216,-0.2818090848958595
0.63925,-0.15232370542869014,0.2650967276039413
0.639375,-0.33460277562844026,0.205101587906811
0.6395,0.27513444305336077,0.0013954661141967132
0.639625,0.025271936078159377,-0.2520216905714501
0.63975,-0.4721692411252554,-0.025555472086641162
0.639875,-0.3421492491079644,0.010501409026353999
0.64,0.1432317337119033,0.20137802578996172
0.640125,0.30991887649673333,0.3926072236085368
0.64025,0.0055315634036347825,0.13550068264020135
0.640375,-0.4549857230847542,-0.3705830747292873
0.6405,-0.3816228531522292,-0.5174569759734068
0.640625,-0.4546859862470749,0.07395012984691254
0.64075,-0.0558768801089472,0.311931722300704
0.640875,0.2050384677648605,-0.1467483909149495
0.641,0.13259885424407464,-0.31033178268552003
0.641125,-0.4398728498193295,-0.18484598687897846
0.64125,-0.4747504710406327,-0.3499075165994124
0.641375,-0.12003235241222358,0.014405164367109518
0.6415,0.4743700605157505,0.3422104418837422
0.641625,0.05789538600540178,0.010058066558679572
0.64175,-0.2809923732015168,-0.350652007408063
0.641875,-0.13321409211052654,-0.4435900971778158
0.642,-0.06809555878910377,-0.024062258521077948
0.642125,0.32705895037582955,0.32762734868442955
0.64225,0.48093472230157175,-0.02504561200040132
0.642375,0.462730538700931,-0.27496272952102785
0.6425,-0.05684675470231209,-0.3195337389814054
0.642625,-0.34848654871051493,-0.3578740145076194
0.64275,0.004963379760927368,-0.20546430937365848
0.642875,0.5417358018804562,0.30142501220973594
0.643,0.48718946843256294,0.24161592937486215
0.643125,-0.11935146406619633,-0.26389359727279943
0.64325,-0.1691665797289404,-0.5376029349413814
0.643375,-0.205632819574287,-0.042015804454457455
0.6435,0.02462542023220246,0.44572222138677575
0.643625,0.2977644209751021,0.02385477409104059
0.64375,0.4280110765596074,-0.07020972636601147
0.643875,-0.1908053751864543,-0.12380488877787572
0.644,-0.41502263937769845,-0.08207815224383509
0.644125,0.2351128388541523,0.18977173901871255
0.64425,0.5626939123964525,0.5033067797017247
0.644375,0.1836139343853782,0.45973971259050433
0.6445,-0.37998455270158976,-0.3162286898221269
0.644625,-0.14102545645331796,-0.37280449844676117
0.64475,0.04558323407660219,0.0800957514153119
0.644875,0.040303129996720304,0.7053316752174401
0.645,0.2680174634247953,0.38473984550310175
0.645125,0.23349508151516124,-0.07043297409378942
0.64525,-0.18530302154073144,-0.04757081169012951
0.645375,-0.3559962400539805,-0.0908539833515857
0.6455,0.24558688594779537,0.02001888710232949
0.645625,0.8462453413980561,0.1864081917291604
0.64575,0.437925706381393,0.3126678759633825
0.645875,-0.435507791208818,-0.0618711719390485
0.646,-0.5168240623983028,-0.4310620248127879
0.646125,-0.05065148334790518,0.2094611179738656
0.64625,0.08781832628452645,0.4922194283069567
0.646375,0.0321551498122377,0.15107236502523233
0.6465,0.4372543115494315,-0.20792087863787015
0.646625,0.0028556336675359577,-0.242992281162105
0.64675,-0.31234452831923026,0.0806733382404621
0.646875,-0.19170394738616858,0.19234083429171042
0.647,0.422562816675848,0.23306551304803194
0.647125,0.346951690286901,0.1368754951183541
0.64725,-0.37000910191484926,-0.21221032498325418
0.647375,-0.42032541726065037,-0.3319727411362693
0.6475,0.1529271543869212,0.12184813794734152
0.647625,0.15552398990140168,0.6647802533998359
0.64775,0.2521449742681885,0.39706039362297385
0.647875,0.28360693428669453,-0.4239953011765072
0.648,-0.0058724454606480046,-0.38755987462115477
0.648125,-0.6095306519870018,-0.24650442658332458
0.64825,-0.41344750940385,-0.07577966868758387
0.648375,0.31883885993044414,0.16287676642215101
0.6485,0.229403125467029,0.16510750478006186
0.648625,-0.4802493062314443,0.1002334535562903
0.64875,-0.634275093250208,-0.300024477136279
0.648875,-0.13721721787236876,-0.0895884095778991
0.649,-0.096922133266838,0.3152256340344481
0.649125,-0.3015607132460183,0.26862178142200493
0.64925,-0.016678177328417927,-0.33900816906877074
0.649375,-0.01554610769954242,-0.43134445239790375
0.6495,-0.4472066795639805,-0.013294233243650793
0.649625,-0.3708071917116564,0.03843615950225965
0.64975,0.20376190914313252,0.20515498024070347
0.649875,0.4283505109832761,0.13290138464598622
0.65,0.10312414900945825,-0.25912634968631615
0.650125,-0.11862810962373019,-0.5729439237035592
0.65025,0.17029001640013072,-0.33387358589212396
0.650375,0.40608169910050024,0.07945918422855464
0.6505,0.40420052589199024,0.2352633378178002
0.650625,0.3795212479053197,-0.436832126170574
0.65075,0.20421137587720978,-0.6017190890959665
0.650875,-0.3652403377660413,-0.17749729950492027
0.651,-0.015854258319782308,-0.03852146558231576
0.651125,0.76301553434868,-0.05704796026147465
0.65125,0.7112888632417745,-0.07033746498146053
0.651375,0.04114467827504318,-0.04509885724857094
0.6515,-0.6096535514068139,-0.4559164892986833
0.651625,-0.2326596385384845,-0.27352939009349597
0.65175,0.3473260414017465,0.09784233087519914
0.651875,0.030175038362422055,0.4638458649932808
0.652,-0.06339294214895101,-0.07402130855498906
0.652125,0.025678217193308945,-0.22622486540580453
0.65225,-0.32990094065010755,0.08101649987640597
0.652375,-0.17095862743100265,0.2484775777074191
0.6525,0.2075141921749018,0.4009567850710516
0.652625,0.455237693909888,0.23253525066616118
0.65275,-0.01427918986320622,0.054544933453324465
0.652875,-0.3941486987960717,-0.15530531164766068
0.653,0.142678450576655,0.043810769462813336
0.653125,0.32309457073291475,0.6728347745565691
0.65325,0.36549232632461676,0.7741532341374624
0.653375,0.044630922569998115,-0.033622089996823507
0.6535,0.013246329852817087,-0.5563268330937411
0.653625,-0.138071905112094,-0.2224168636255757
0.65375,-0.3523050435870516,0.3365374541696908
0.653875,0.14039367435900904,0.13436385685559932
0.654,0.36656404998140174,-0.014956036171182688
0.654125,-0.0809126267081438,0.17470596852765832
0.65425,-0.6666017721267689,-0.13146372614831914
0.654375,-0.20334075492461914,-0.22001753269839422
0.6545,0.421360890165372,0.2515080159551169
0.654625,0.4684518428551327,0.39453052449553655
0.65475,-0.11131153721089788,-0.05707597633722356
0.654875,-0.04168690192928919,-0.2592946169837153
0.655,-0.23332430872845294,-0.05870007248939707
0.655125,-0.35144491128027255,0.3126468414196207
0.65525,0.07630167590145022,0.2214868007250482
0.655375,0.3904651341069037,0.05444711270159464
0.6555,0.23763109358158274,0.03898218621667349
0.655625,-0.49699585499611454,0.029324916032561925
0.65575,-0.3885186064711651,-0.25330941617559216
0.655875,0.1767785689716185,0.1190349854357108
0.656,0.21618428766463743,0.3604537405521541
0.656125,0.04550983985406135,-0.22135573010396392
0.65625,-0.05309279827043887,-0.48823452559012265
0.656375,-0.25792507198355186,-0.37468091996888503
0.6565,-0.325700543608171,0.24868430153871324
0.656625,0.022384888389314146,0.23107280287157414
0.65675,0.3454916505968011,0.11789445034066873
0.656875,-0.1654646350379138,-0.0340325102399207
0.657,-0.40605728543745606,-0.1547235844435264
0.657125,-0.3583880250215182,-0.3477258741616174
0.65725,0.18056167600437623,0.07128412612296163
0.657375,0.2984759146488285,0.5123656624171284
0.6575,-0.1070884714049994,0.2833272475524211
0.657625,-0.3538639133044084,-0.5033959446886328
0.65775,-0.3120155489679378,-0.4471177809174349
0.657875,-0.060637151631351145,0.06947066003490354
0.658,0.022622041759794487,0.2234032232003866
0.658125,0.2753419007444689,-0.003514691887340653
0.65825,0.00800600817865725,-0.0033597977087286464
0.658375,-0.47943810125842523,-0.2733045195349168
0.6585,-0.2755995821890701,-0.3358477841973689
0.658625,0.31233240945180457,-0.10277133529892446
0.65875,0.5766972565156836,0.197154257376956
0.658875,0.3631984024773839,0.009771729941966564
0.659,-0.0017797776907549343,-0.5062584427727526
0.659125,0.13876710893297164,-0.3674150088617945
0.65925,-0.08647951683373567,0.095069276962366
0.659375,0.09746303471804145,0.09254835652100561
0.6595,0.5798306924101805,-0.35436400796381606
0.659625,0.48109845701600423,-0.36892922749596735
0.65975,-0.2225097123594171,-0.1507743562446014
0.659875,-0.37198976285750524,-0.2166323842762807
0.66,0.1339995487441917,-0.1651314950932768
0.660125,0.740039511774056,0.2544872936996267
0.66025,0.1920811781557502,0.13202106397037883
0.660375,-0.2259475196982406,-0.4227104875441058
0.6605,-0.05506009126925673,-0.4230490555415549
0.660625,-0.047246501575018855,0.3854656372259279
0.66075,0.023574212346153575,0.41305758473976306
0.660875,0.4131862698860723,0.2232629110322376
0.661,0.3729774088015577,-0.01766935707607115
0.661125,-0.3124878305251679,-0.13244373991545882
0.66125,-0.41901296414126377,-0.04740623364339016
0.661375,0.16160694668684564,0.21080236167887878
0.6615,0.5124621434581044,0.6264891740680261
0.661625,0.26051959021687393,0.413528710411879
0.66175,-0.27436610932176064,-0.338730004271833
0.661875,0.0305726876516505,-0.25524242479507075
0.662,-0.24596952558901677,0.3440544017044238
0.662125,-0.017599445403019554,0.5837126186499271
0.66225,0.1771692696577036,0.3443661243404449
0.662375,0.20182223626056553,-0.006468820975697475
0.6625,-0.4233889920309533,-0.16939096866095787
0.662625,-0.4972931109854841,-0.06787442109383351
0.66275,0.062406705937286214,-0.01311359102944215
0.662875,0.6145882993481876,0.27994414922532607
0.663,0.27997162421144006,0.3005123531833444
0.663125,-0.1485365084405853,-0.22724959789653387
0.66325,-0.4103409414226783,-0.5210696250678195
0.663375,-0.236078630020557,0.25210943749388065
0.6635,-0.06422580543063186,0.5108722858165886
0.663625,-0.06325626432198901,0.2353393595189876
0.66375,0.2608539095728547,-0.05197536644776773
0.663875,-0.08261348968753851,-0.09919103572613575
0.664,-0.41943166641996593,-0.2788634976097031
0.664125,-0.3503247931680658,-0.23261413112413729
0.66425,0.42912150648740505,0.14626626314428792
0.664375,0.36016285647930474,0.11547859474950661
0.6645,-0.2646412554053037,-0.357628719112468
0.664625,-0.2257831894362307,-0.38158158236791156
0.66475,0.1372119178215537,0.174373691864664
0.664875,0.10279206702228909,0.646061654041604
0.665,0.2669183985730226,0.2246889374539594
0.665125,0.18055509682032042,-0.21472700058964753
0.66525,-0.27366079224406237,-0.30151644678017436
0.665375,-0.7408386524552619,-0.14680840237916654
0.6655,-0.357955234140082,-0.015721577001003198
0.665625,0.32921104878758234,0.13295244751576166
0.66575,0.47106266511621203,0.11052137177074292
0.665875,-0.3199674864145489,-0.12110553992158415
0.666,-0.27754842969062105,-0.5166703034159603
0.666125,-0.09370943279841241,-0.2995437136190725
0.66625,-0.2915611603220174,0.5012521175524481
0.666375,-0.005008786521856803,0.15399022466771373
0.6665,0.38954156104273785,-0.3430844003500931
0.666625,0.01468728922805581,-0.2263405901184251
0.66675,-0.40521373654921383,-0.187014845661211
0.666875,-0.23326827781779869,0.13977139746157052
0.667,0.305559566093739,0.25320748389161185
0.667125,0.4526626933603286,0.30543108147684966
0.66725,-0.014227340306248032,-0.1762297526824279
0.667375,-0.3971562180812674,-0.64210929233257
0.6675,-0.008702546893715527,-0.2619618225048678
0.667625,0.19378690800659257,0.3741306807995235
0.66775,0.3400824142932722,0.20099840018320778
0.667875,0.5528364229579001,-0.36563835638081554
0.668,0.06613042038836037,-0.4255475491807176
0.668125,-0.42326945462113413,-0.07086188933281308
0.66825,-0.3966661176927875,-0.254229958432154
0.668375,0.5558564501947627,-0.03097959222229982
0.6685,0.686833578073673,0.26106481434174555
0.668625,-0.10572014270444771,-0.1285226381315115
0.66875,-0.25839669697231465,-0.4635584985038826
0.668875,0.07567031094804301,-0.31150498320092235
0.669,0.36950258076061093,0.5409254843636575
0.669125,0.36665357859291126,0.5321305071084602
0.66925,0.25866850795975094,-0.06218335920416925
0.669375,0.14333078140147912,-0.2616902210919722
0.6695,-0.22064517747495058,-0.043929798406866456
0.669625,-0.03971453780286731,0.16174120400569222
0.66975,0.2909486441643109,0.4700804623355393
0.669875,0.6095728519710295,0.43945365055112817
0.67,-0.11904048639768498,0.032881064345329024
0.670125,-0.5912997434146253,-0.46781352416963345
0.67025,0.07939576772169284,-0.30698771511713496
0.670375,0.4188224762605675,0.39471555140000525
0.6705,0.3612935059084892,0.5406178675823193
0.670625,0.168160486169941,0.027368970990626032
0.67075,-0.09944307292242398,-0.24156322054077972
0.670875,-0.5149044515257657,0.0672891454428695
0.671,-0.16609807535210616,0.16895003979377488
0.671125,0.31566483424367997,0.2256284235465732
0.67125,0.4702923981428503,0.3294949247692342
0.671375,-0.2870735558513549,0.2972045948976828
0.6715,-0.5153901805843839,-0.2710370948356817
0.671625,-0.16615229195799971,-0.13556549673271456
0.67175,0.26132937110390303,0.20479145353663158
0.671875,-0.07139607801025089,0.3919401920022493
0.672,0.00840835764967193,-0.17962771964126054
0.672125,-0.08643889391436221,-0.4203926498174122
0.67225,-0.2182649972570753,0.03206750702488975
0.672375,-0.27003271590643013,0.41029766144347085
0.6725,0.1831129474833096,0.20846910433187352
0.672625,0.29968543930497366,-0.02240575465177815
0.67275,-0.2611594586756185,-0.09172508505329448
0.672875,-0.5106164714712332,-0.36797241213997645
0.673,-0.24711773885496616,-0.21004911933565892
0.673125,0.039404010570094905,0.40199435071248235
0.67325,-0.1447377110866952,0.32749583669531224
0.673375,-0.2745595701056482,-0.3275561392297209
0.6735,-0.4506851771992088,-0.5313890127437687
0.673625,-0.42952577611517323,-0.14798069985094953
0.67375,-0.4656053457238568,0.08162750267580696
0.673875,0.08986521253889047,0.017475860429804025
0.674,0.5014634940413818,-0.04195317813757323
0.674125,0.03465604183509062,-0.06609714996854842
0.67425,-0.43559734201067263,-0.29714888526062855
0.674375,-0.36228785153752296,-0.1701878096917614
0.6745,0.1853247927945452,0.13989345848298043
0.674625,0.1527544776727922,0.3582458475415333
0.67475,0.2312371657730196,-0.11848792035109869
0.674875,0.08479071318169847,-0.41689320257254164
0.675,-0.2878718582810917,-0.12629523870792816
0.675125,-0.3666382561824246,0.13079643775370442
0.67525,0.636402025349998,0.0837195727209692
0.675375,0.6892946483326842,-0.16113402984186015
0.6755,0.4549358674194687,-0.2551890607124068
0.675625,-0.3501953866686993,-0.2688683797843474
0.67575,-0.14361958827977625,-0.4948872310940906
0.675875,0.33167025557756225,0.02704246346523642
0.676,0.48351432523653554,0.26385109934769146
0.676125,0.05942180310164836,-0.06238817081254614
0.67625,0.013287518839066642,-0.38618966096473833
0.676375,-0.19173652691168963,-0.14675733410988784
0.6765,-0.3882985417333882,0.137886854224567
0.676625,0.11437634767347647,0.1559074033050902
0.67675,0.36558364923845155,0.09458073970700676
0.676875,0.13784770236245683,0.05384784855612026
0.677,-0.26845124839880286,-0.3605202345558473
0.677125,-0.18623009652901432,-0.20685719353050286
0.67725,0.448330169789336,0.2805023813494986
0.677375,0.6357567063804159,0.6294274021432748
0.6775,0.1422188431805858,0.2295389021863156
0.677625,-0.15727048355493634,-0.34432105819224673
0.67775,-0.2952390803433361,-0.2846474113436451
0.677875,-0.22823311518722236,0.2978053544988293
0.678,0.08929023884307319,0.38948335311205057
0.678125,0.2688848554846717,-0.057483722235658334
0.67825,0.19274401678415376,-0.0653275883131611
0.678375,-0.2688484100840993,-0.07999816273901489
0.6785,-0.3477119422289921,-0.29838120327393103
0.678625,0.2642598150570711,0.045452874362762595
0.67875,0.3081918120088496,0.40634616749701874
0.678875,0.0004940551047083875,0.1273685408636063
0.679,0.044832414772746444,-0.2811708108727671
0.679125,-0.006093106556922003,-0.21868555435933626
0.67925,-0.2207511546048237,0.3129659809509833
0.679375,-0.14944204794668367,0.4455172246139154
0.6795,0.2502848668773747,0.17091830971347158
0.679625,0.5319829239367712,-0.11908003047513227
0.67975,-0.20991211545215263,-0.1888503764075696
0.679875,-0.65819551336025,-0.16585580021875485
0.68,-0.05494684802524002,0.18633593560140108
0.680125,0.3217039340545452,0.1848274533233696
0.68025,0.2514575815216297,0.22671487745303168
0.680375,-0.044314224818858675,-0.28977689091443615
0.6805,-0.19150806131260042,-0.36030780764854886
0.680625,-0.04067178289375204,0.01518185221767344
0.68075,-0.1789716131991497,0.25077735076916746
0.680875,0.11355341378151464,0.02535668556087701
0.681,0.197703248164297,-0.0596861393538544
0.681125,-0.5116630422634537,-0.16041798078169592
0.68125,-0.6354060086902482,-0.18125087253217745
0.681375,-0.05800367543699913,-0.10001247861717093
0.6815,0.4609986242562343,0.39250741144874524
0.681625,0.09398229843595679,0.4139427816488762
0.68175,-0.4377707650221772,-0.1297319558632651
0.681875,-0.5179095691494786,-0.3128595339366896
0.682,-0.3509762593136754,0.08373063710165807
0.682125,-0.00839975453594274,0.3234041101486941
0.68225,0.047790839342793795,0.18090919569915415
0.682375,0.25223879424192014,-0.13983323189667143
0.6825,-0.45147623297956746,-0.04769830846218384
0.682625,-0.4973389243412816,-0.06969930085015422
0.68275,-0.19969993240289094,-0.028853292057232676
0.682875,0.2259518546444812,-0.015193992272748062
0.683,0.19057135223201618,0.14372262269004205
0.683125,-0.32627242400453255,-0.4833599139804159
0.68325,-0.1957232554060818,-0.568931390458496
0.683375,-0.03513359460506318,-0.08666751348403462
0.6835,0.14836232909295866,0.405588734683674
0.683625,0.36783802980292857,0.030670281929077902
0.68375,0.33443339591601173,-0.2878669196988991
0.683875,-0.047515899338144346,-0.18276960444420212
0.684,-0.3246833248775065,-0.21911356956921307
0.684125,0.11119189875045375,0.05591558080016709
0.68425,0.7038346531549351,0.19542413071830614
0.684375,0.4349431760700961,0.22470485896867204
0.6845,-0.2516849202297793,-0.3437356923735196
0.684625,-0.19966614791136253,-0.5301297761572745
0.68475,-0.1135707085412802,-0.18641303206509247
0.684875,0.3112288090505264,0.1396566016754411
0.685,0.4501641647644728,0.037119616193635394
0.685125,0.42169760653561594,-0.18065684052211892
0.68525,-0.05922608897786308,-0.17541779785317577
0.685375,-0.3274878360844074,0.003491564637372359
0.6855,0.11413155872417925,-0.07101405343708066
0.685625,0.703028922727984,0.2834596155808228
0.68575,0.4588359319914281,0.24528801875954934
0.685875,-0.2040307285666149,-0.21121082996888052
0.686,-0.3522620782152143,-0.36334733888398396
0.686125,-0.03112590098285489,0.10239708873748238
0.68625,0.2694050170660144,0.59683852116007
0.686375,0.33849052833921917,0.313156004354291
0.6865,0.2641263848027776,0.11821565609838132
0.686625,0.1423202135205396,-0.18024136286388978
0.68675,-0.40204907643324495,0.039779898368874585
0.686875,-0.3818135899782244,0.30381238130923316
0.687,0.34341276671590487,0.3405211205774407
0.687125,0.3010516171685961,0.40992196285039295
0.68725,-0.19758103435242944,-0.0843362078551095
0.687375,-0.41354571361133763,-0.47258146446367244
0.6875,-0.20819051103216293,0.15928176096450675
0.687625,-0.14761208618848265,0.7302365154529561
0.68775,0.26056028441282314,0.41872335398720373
0.687875,0.2259539978338319,-0.18152081326531266
0.688,0.25180142990514115,-0.19352811238942563
0.688125,-0.14587473895149844,0.0018494400622854994
0.68825,-0.35844532165079246,0.22079282404824765
0.688375,0.3075293328723815,0.3353100333545112
0.6885,0.4792800629319786,0.32523943584679005
0.688625,-0.06135688418680933,0.0307078850720925
0.68875,-0.3742044487478438,-0.3675978479494126
0.688875,0.05907457178985371,-0.20222933387531902
0.689,0.13190057625968332,0.20467728342061575
0.689125,0.06757420830460921,0.10485197865459331
0.68925,0.11626552569994478,-0.288095821800611
0.689375,-0.14324941193363896,-0.36291115018954
0.6895,-0.38628238220145783,-0.3078285344699195
0.689625,-0.12238362080275436,0.0012398682847196288
0.68975,0.45287915470181844,0.21859690838222504
0.689875,0.44208994533939483,0.227018352187222
0.69,-0.17781907638731548,0.06818448281005365
0.690125,-0.5126444758564105,-0.19424427334378924
0.69025,-0.3123381676659338,-0.22721007196627316
0.690375,-0.13078091242175777,0.27085191295046096
0.6905,-0.22977006457884144,0.3985409984741425
0.690625,-0.11504601033709899,-0.13927259033823763
0.69075,-0.2566046849296201,-0.21135856803887051
0.690875,-0.501757994987889,0.061091712016673266
0.691,-0.5992732081541338,0.19881649920347014
0.691125,0.1880812778191267,0.09083406416130153
0.69125,0.30714821077339804,0.1858035352911253
0.691375,-0.10045967844551014,-0.034525698101766505
0.6915,-0.33961806647505194,-0.3326374273150022
0.691625,-0.06586359404804394,-0.3892962193756699
0.69175,0.30502117236241005,0.24481976393911367
0.691875,0.18739743050435279,0.4018111538649636
0.692,0.13249665130724358,-0.19156385095517847
0.692125,0.14969939075934144,-0.459198909824541
0.69225,-0.03588240137317137,-0.31347892211059186
0.692375,-0.16295106337874146,-0.04195089573377939
0.6925,0.19741268605155293,-0.14826738646268742
0.692625,0.49563932022562673,-0.33629736886718714
0.69275,0.23992747213855276,-0.22241062596775463
0.692875,-0.30157157133548085,-0.5625523813525599
0.693,0.023722473479294737,-0.28910038200277544
0.693125,0.42043607861513316,0.002230157569089339
0.69325,0.19393996175923,0.25282874907111436
0.693375,0.287424627941129,0.01700966052440545
0.6935,0.39004464126464516,-0.47073232198936665
0.693625,0.19288622272683045,-0.09230523149099433
0.69375,-0.06767135062758117,0.30767562593404973
0.693875,0.15679287595979163,0.002053611466330325
0.694,0.3604899830355535,0.23226720337608672
0.694125,0.022584708584299003,0.03429536854678605
0.69425,-0.21364987507475558,-0.05302578778697677
0.694375,-0.15094168577166994,-0.2111917415840343
0.6945,0.35048967279889176,0.23075244494384828
0.694625,0.2880410380749288,0.4883911910441595
0.69475,0.06339582081446923,0.0962230664673874
0.694875,-0.11613838525977015,-0.28269779202266565
0.695,-0.33207828546766044,-0.051220509262265165
0.695125,-0.30584033124430793,0.26563363540613083
0.69525,0.2166002557605486,0.203921265733367
0.695375,0.4516604752698305,0.18035864031912066
0.6955,0.03844111707547454,0.3609635269843484
0.695625,-0.5829064562341418,0.11690174501751034
0.69575,-0.23380350670944874,-0.12249233275518855
0.695875,0.2309523225377776,0.16455880313993904
0.696,0.39019646856998036,0.3055074284452723
0.696125,0.004999335814744062,-0.012192159138122027
0.69625,-0.1357562882468961,-0.3375677593868572
0.696375,-0.4708704860255071,-0.08412976968836995
0.6965,-0.2929213419010055,0.2802696898652713
0.696625,0.15238732090038734,0.30276825922738926
0.69675,0.41413055131151527,0.18458823123051474
0.696875,0.29572494875756405,-0.1564500065134561
0.697,-0.3582409365130504,-0.15442274870608516
0.697125,-0.23017205776084096,-0.32003331233038523
0.69725,0.033842802825966876,0.19568783861743416
0.697375,0.266689802000203,0.5093459080220176
0.6975,-0.05479967884464238,0.05967549387888871
0.697625,-0.10213805473272199,-0.7034269501394688
0.69775,-0.04918383894786645,-0.24885968272291872
0.697875,-0.1666169365358248,0.29788172255830886
0.698,-0.15143610421922063,0.28537417580224606
0.698125,0.10615085905548914,0.005505938695046913
0.69825,-0.05900700658347933,-0.24001596882775145
0.698375,-0.4759457068367726,-0.2734578459966863
0.6985,-0.3743742674299499,-0.29020089699641355
0.698625,0.10900791366393309,0.12183566815244926
0.69875,0.3155183084040155,0.3024113613183558
0.698875,-0.24184991731393324,0.09805340639575852
0.699,-0.29418847527226766,-0.14456328083316333
0.699125,-0.3405592564848871,-0.340059176541518
0.69925,-0.299943501570753,0.14741147889915565
0.699375,-0.12553597625976431,0.34151239666509786
0.6995,0.2933386840345018,-0.00298495205127474
0.699625,0.08888218001834405,-0.08215465898063046
0.69975,-0.34085656413772975,0.005842432776770128
0.699875,-0.38615585177369827,-0.1693851241429383
0.7,0.2447052489482148,-0.12569124987840477
0.700125,0.4389081379739959,-0.04182040941965008
0.70025,0.06150676849373338,-0.21123172085710112
0.700375,-0.13112478866971722,-0.44704347725931837
0.7005,0.12336188032978382,-0.41559010604579455
0.700625,-0.0222018111162255,0.16084830848497797
0.70075,0.237332101872862,0.27127247207989497
0.700875,0.49989626261059456,0.0057143269778098995
0.701,0.3975211377676584,-0.37103330860259603
0.701125,-0.17098780536114255,-0.2828369565737845
0.70125,-0.10640947774245484,-0.4004078244081412
0.701375,0.35056620197830224,-0.3479245728450846
0.7015,0.5269847504606461,0.20724256266535968
0.701625,0.3869209342130259,-0.012384894221339543
0.70175,-0.051521833916564154,-0.18568258538869806
0.701875,-0.04525815927465724,-0.12671800527891508
0.702,-0.05389032165461654,0.14748852473537044
0.702125,-0.1792614637621423,0.26238538227177516
0.70225,0.28500795154844566,0.15072452052139287
0.702375,0.0899854589539733,0.019933771438396423
0.7025,-0.45068450850873903,0.10914883614934602
0.702625,-0.6412291011070792,-0.0056660731412179486
0.70275,0.07768674899765288,0.1575460879875572
0.702875,0.47108551631313755,0.5616855942105998
0.703,0.28250776836066954,0.486691811894547
0.703125,-0.12851188735486146,-0.04990928824163096
0.70325,-0.44583932193095127,-0.10575000025587132
0.703375,-0.23834842024395161,0.33763076392086344
0.7035,-0.15592140828425685,0.6193077055714512
0.703625,0.29798757558066785,0.46518764527983975
0.70375,0.3147552099756058,0.07668232495530852
0.703875,-0.01736779695277619,0.13935252740787316
0.704,-0.35988254592166724,-0.08293629869317923
0.704125,0.11942313427367181,0.051241368515257436
0.70425,0.40617907713540646,0.24588531521711532
0.704375,0.43020222202835723,0.027880059537776794
0.7045,-0.012033183301569737,-0.35449104471542164
0.704625,-0.2263259325996308,-0.5456425879989952
0.70475,-0.051944656904395994,-0.08110987935876451
0.704875,-0.12038991747910993,0.6482123957118093
0.705,0.0329800801504075,0.22326617685347247
0.705125,0.07349263083435868,-0.1957107801713381
0.70525,-0.12917601378776766,-0.391017450195165
0.705375,-0.4204939027010893,-0.3053376141289805
0.7055,0.011608945315219868,-0.09557849506362186
0.705625,0.5342336443211805,0.33473408596076765
0.70575,-0.0456357369281119,0.4109563085003904
0.705875,-0.16112994853842974,0.025167672779596674
0.706,-0.331032258750277,-0.3986675620958353
0.706125,0.08450588996682099,0.0482580285058424
0.70625,0.2792310239407893,0.448664728609404
0.706375,0.46476098322396203,0.3588272556800724
0.7065,0.3922160028923052,0.00895289500942352
0.706625,0.07375152557815678,0.014974757912169305
0.70675,-0.4745003759720659,-0.007592968326439132
0.706875,-0.2031620882078095,-0.1533567073887733
0.707,0.11251712187548632,0.13006010690060046
0.707125,0.09280875815416688,0.03035230781421504
0.70725,-0.29904002232265003,-0.28809059178873053
0.707375,-0.5911431059883049,-0.45131942909899314
0.7075,-0.27014160396475256,0.021384997533435503
0.707625,-0.07830588656150238,0.24468767176060718
0.70775,0.17106249451573732,-0.02073954976864952
0.707875,0.1133597654629118,-0.3107477345720182
0.708,0.003968705753668422,-0.3661300835455111
0.708125,-0.30087586683588213,0.05116309907476762
0.70825,-0.20591509700847055,0.3798284318362659
0.708375,0.1873087392459726,0.40558658007309695
0.7085,0.16584115984394487,0.196774610085551
0.708625,-0.1916317884438079,-0.10737842553509404
0.70875,-0.17703862661627318,-0.4545501057261848
0.708875,0.010942206953377387,-0.27763142284028836
0.709,0.15527954595415716,0.12979125779301537
0.709125,0.22261758056432623,0.12442659161380469
0.70925,0.19794152405380924,-0.3370645797755074
0.709375,0.020937654065094832,-0.43494435236706047
0.7095,-0.05124669158292146,-0.29622754500900855
0.709625,0.26366941093797697,-0.22829401281739778
0.70975,0.5149213317784272,0.06413598333369872
0.709875,0.6785190785023464,0.09278280218019118
0.71,0.01916962756237186,-0.08171731395378816
0.710125,-0.4226768465470518,-0.23167575212836466
0.71025,-0.08980582238194164,-0.20322088280208356
0.710375,0.18581430473074897,0.27521442095397286
0.7105,0.17058519960155943,0.21451002623698287
0.710625,0.075572032578151,-0.17872406868563503
0.71075,-0.06975809872365994,-0.34944009578268836
0.710875,-0.12863865372243852,0.05717114787313427
0.711,0.002634898574727041,0.21082928130598758
0.711125,0.4944977877190169,0.3469232924425918
0.71125,0.29468510665987213,0.2106837566677009
0.711375,-0.09846922297277771,0.06391573806282037
0.7115,-0.5116591064156625,-0.11409259230697229
0.711625,-0.19870792185409905,0.15922364642469589
0.71175,0.27813084888424255,0.5072944232142861
0.711875,0.14462004688159627,0.6065647228926571
0.712,0.15405173773618802,-0.06166407409884764
0.712125,-0.03919740063424283,-0.42475056802806543
0.71225,-0.2045302775436213,-0.15590458224475232
0.712375,-0.278991632257398,0.2593522686367472
0.7125,0.07222367862745109,0.2064265382121883
0.712625,0.42285326319865163,0.10274871023313766
0.71275,-0.030795684053426798,0.05304296840588446
0.712875,-0.5099570472844541,-0.2195600310763443
0.713,-0.13793466596058743,0.06009545296800317
0.713125,0.09042506610450184,0.21934201941697956
0.71325,0.2701250770237914,0.3177721867108419
0.713375,0.08879379130659924,-0.254131666300869
0.7135,-0.10638388239738257,-0.35714110322595943
0.713625,-0.45720930242960806,-0.21522145155701097
0.71375,-0.5585514553843073,0.19998628136260904
0.713875,0.018329881981812773,0.2670866170966521
0.714,0.306656225336791,0.20355063030888765
0.714125,0.03555900348635543,-0.07582414205017582
0.71425,-0.35031401110187416,-0.2321804304639171
0.714375,-0.0692244299329385,-0.23467567886062504
0.7145,0.12659383587313325,0.21330470993664358
0.714625,0.11756731647593972,0.39352860668765144
0.71475,0.04989257197171318,-0.08929578649451433
0.714875,0.06852722901944243,-0.42067352098090716
0.715,-0.2870688293180772,-0.1917617604736008
0.715125,-0.4485081856511977,0.02220591625211602
0.71525,-0.018606729317876786,0.12040606694678475
0.715375,0.31719326733472064,-0.0024607405549509275
0.7155,-0.08103021227291791,-0.11519598709689881
0.715625,-0.41873820495949937,-0.2678693607890191
0.71575,-0.35015520208934736,-0.30100613337092474
0.715875,-0.06087891092547065,-0.01578431152625686
0.716,-0.07351715633288441,0.29268092938441537
0.716125,-0.21160667406544043,-0.019806628378318907
0.71625,-0.2437333537654173,-0.05020587289220632
0.716375,-0.08839833974928649,-0.062217636257451185
0.7165,-0.01894174105876566,0.00665391188113482
0.716625,0.20911370326406403,0.25927604542408755
0.71675,0.5424234638804228,0.13356488716906786
0.716875,0.34053879449610935,0.047883883639669826
0.717,-0.022668242017194234,-0.4315288873042142
0.717125,-0.09226170884037763,-0.5005479960208238
0.71725,0.38982375733391494,-0.18746420748349757
0.717375,0.3185489024786424,0.2410547759221463
0.7175,0.12289740680560349,-0.15272695377454815
0.717625,0.17197016604878385,-0.474782610791519
0.71775,0.44268326857262424,-0.2958070336927586
0.717875,0.11913471827002407,-0.046916060612497715
0.718,0.10397837914062096,-0.2380960719567505
0.718125,0.2781867828443434,-0.23857955663414826
0.71825,0.0582046063792272,-0.1939927412143618
0.718375,-0.15494793031346493,-0.04805567413581952
0.7185,-0.07857972166185974,-0.06053918695914379
0.718625,0.16848168106206168,0.051034166396936954
0.71875,0.3779318037295505,0.39845997401452893
0.718875,-0.015703421607540208,0.3177306322333665
0.719,-0.1773378806734102,-0.034285373095618896
0.719125,0.03407375313754256,-0.031106551081629956
0.71925,-0.0956681795825759,0.22656254935619696
0.719375,-0.12725520727518594,0.20214790022308063
0.7195,0.2783055390440718,0.05554132676939183
0.719625,0.21723466444139583,0.23877267666194507
0.71975,-0.18446146280369521,0.3235956733236517
0.719875,-0.32234533894005624,-0.06680973884944097
0.72,0.09538070068992986,-0.029573453772618562
0.720125,0.2622671184402829,0.38929190359228816
0.72025,-0.05809458266486934,0.16703704286022222
0.720375,-0.14950960976800812,-0.18651881011459948
0.7205,-0.1507907318969192,-0.07531823710634103
0.720625,-0.13672469989489303,0.31677838104741307
0.72075,-0.01614006734612474,0.26114881487767627
0.720875,0.5259404577239314,-0.05715045421796371
0.721,0.3375676262685413,-0.17286741506392028
0.721125,-0.2391321692834404,0.14578874099067382
0.72125,-0.4882383832494552,0.09271932888703126
0.721375,-0.13188848041839965,0.03334665859428011
0.7215,0.299205350188051,0.21500406893424867
0.721625,0.23034133988220482,0.09784960909700176
0.72175,0.033073310871369374,-0.11991018822629121
0.721875,0.08604136350341995,-0.32815900084327526
0.722,0.006641591760645655,0.01950039068631614
0.722125,-0.041045932502824414,0.2534315278467216
0.72225,0.32291520102805976,5.467477736052254e-05
0.722375,-0.002251102677005069,-0.19143302438920962
0.7225,-0.05598243671587521,-0.03365916850653543
0.722625,-0.25306722675050103,-0.05649384152569741
0.72275,-0.20220216540724897,-0.03137777476304409
0.722875,0.07683729279320727,0.30340836710507707
0.723,-0.09950086812827912,0.17288329104809996
0.723125,-0.30048864930964053,-0.18926013541470124
0.72325,-0.18163234877194026,-0.4189116371990316
0.723375,-0.08910446710029289,-0.11792417035546704
0.7235,0.027683058639987927,0.35619902325784664
0.723625,-0.027196940231727217,0.17403892503808951
0.72375,0.1449900641033964,-0.044181891508924445
0.723875,-0.17263552611151975,-0.005231393052656089
0.724,-0.5730788654109619,0.06014893882114197
0.724125,-0.08734979829967267,-0.028081551120921398
0.72425,0.06842065649962659,0.11805926339922229
0.724375,-0.07981119696174037,0.2714438753124644
0.7245,-0.38865695914067255,-0.07304590546482524
0.724625,-0.4703882832727639,-0.3103203792569933
0.72475,-0.16880755113117932,-0.15224525577767437
0.724875,-0.15882643905916186,-0.00713388103391364
0.725,0.0748643720602647,-0.10288191585974235
0.725125,0.37873009595273627,-0.29865774589904426
0.72525,0.22242516486645963,-0.09943152359315949
0.725375,-0.16139326250730984,-0.12703251166565305
0.7255,0.004680353089946299,0.09414191698714224
0.725625,0.2955990264950292,0.07454147182154769
0.72575,0.20766127077707744,0.10902980600694766
0.725875,-0.045861898703615,-0.1753929585030094
0.726,-0.06083364592505393,-0.5611183093848142
0.726125,0.06585773364123128,-0.1155261246246908
0.72625,0.25640165675178167,0.2290453176518264
0.726375,0.15707338121526795,-0.02402735510654457
0.7265,0.2292852479361379,-0.4789124097976893
0.726625,0.09920223522544198,-0.3104563494532153
0.72675,-0.2420116416782501,-0.1399026640540822
0.726875,-0.18974331579506856,-0.04664518798908187
0.727,0.341937641570455,0.01793803187616104
0.727125,0.5528201338684983,0.3223273457837876
0.72725,0.2087298340781729,0.09268253140320874
0.727375,-0.03835435041181107,-0.1410002406414669
0.7275,0.1619899447911413,-0.00924898798111576
0.727625,0.07396123620667107,0.14319678444016182
0.72775,0.10745023286888493,0.2141851739697054
0.727875,0.08773378976781038,0.06879170216897029
0.728,0.026866558385542333,-0.015275946705018171
0.728125,-0.19517218102798536,0.22287972164924386
0.72825,-0.17978662647293803,0.11151107612499465
0.728375,0.424886381170136,0.3491758689388368
0.7285,0.16078235114156128,0.25669078268356493
0.728625,-0.24556088804040335,-0.003773004540928543
0.72875,0.003184931604844125,-0.29463568595825307
0.728875,-0.11394671061696672,-0.23047448725737926
0.729,0.14962357076301944,0.38432728861755056
0.729125,0.11314514932681292,0.4129866761462247
0.72925,-0.11801906674574038,0.1192130356059477
0.729375,-0.1124112070285545,0.05744218471988537
0.7295,-0.10480474300452726,0.08377260541455814
0.729625,-0.18187668776496088,0.30275206307274743
0.72975,0.10686938074920337,0.10874221745577664
0.729875,0.08365166263751185,0.17830514695607158
0.73,-0.26129622731675867,0.13512067037574088
0.730125,-0.3259051153153057,-0.42283862337076106
0.73025,-0.15863077349727947,-0.04978401078401752
0.730375,0.030773854056963416,0.28188963792767924
0.7305,-0.06129598544791735,0.1382555708180119
0.730625,0.04170460232718028,-0.17807240235236232
0.73075,0.05432688752514362,-0.2074922822927776
0.730875,-0.012631337202953605,0.09095144259047509
0.731,0.022643105204825358,0.18821463845979763
0.731125,0.19741807294906352,0.05730779118987028
0.73125,0.22398540012577242,-0.04371569608642526
0.731375,-0.3359033064242823,-0.12749940892208045
0.7315,-0.3889701556705279,-0.1901352155508315
0.731625,-0.20373974124515856,-0.026171392788526336
0.73175,-0.03252224307889536,0.24242753464121478
0.731875,0.04535054467303342,0.0840280135302671
0.732,-0.25450091350604187,-0.3612173437744244
0.732125,-0.36795451169461185,-0.26350583555439255
0.73225,-0.31627147088254454,-0.2033928160483183
0.732375,-0.12477843209089336,0.1515907592335776
0.7325,-0.03457847395201123,0.012594615039315396
0.732625,0.06597214565776761,0.017472493259575752
0.73275,-0.18080289055707519,0.07184802979113908
0.732875,-0.5356006260478425,-0.24878727455448818
0.733,-0.2817343850744289,0.044847955005455166
0.733125,0.01555802017015802,0.2926969744765017
0.73325,-0.05968632026943051,0.17570925960529374
0.733375,0.033088258880069846,-0.26104059582429745
0.7335,0.010062984862336904,-0.3919541145978736
0.733625,0.1587908467458127,-0.16807999238836674
0.73375,-0.01734881788737826,0.04344501131915571
0.733875,0.506861172938128,-0.01047097618421047
0.734,0.6503525496596378,-0.15945409507757424
0.734125,0.15261425447301455,-0.2885248706864907
0.73425,-0.1847472820156403,-0.28911184662053624
0.734375,-0.06486578776282732,-0.05248903474479262
0.7345,0.2516868579106808,0.10280395587049358
0.734625,0.2078468571901675,0.12715808068940904
0.73475,0.09853775163039183,-0.3377433578030078
0.734875,-0.08524501969586501,-0.37545367667514534
0.735,-0.14816691897676773,-0.23206213445163895
0.735125,-0.2882740754261708,-0.03748885485996565
0.73525,0.1766903115990263,0.13460737992230046
0.735375,0.33702107242130014,-0.06843949114702495
0.7355,0.16907369642780545,0.17756076791660322
0.735625,-0.3296672725697077,0.03898643315320114
0.73575,-0.14298372261690917,0.0046886402604293075
0.735875,0.1442118686537298,0.3401751911974316
0.736,0.13408002436294475,0.5823137591196108
0.736125,-0.06384554416660711,0.2183134630511291
0.73625,-0.0007114157101445123,-0.03406818252487889
0.736375,0.10940477969401052,-0.03971089874442766
0.7365,-0.09550392714414348,0.3451125679331301
0.736625,0.03932214768540777,0.41461361522675777
0.73675,0.09222194717913747,0.19745424669308165
0.736875,0.253604382051681,-0.01172535188673533
0.737,-0.06962605019613757,-0.2291317140034429
0.737125,-0.10632105346054552,-0.07383354300310244
0.73725,0.29388268533509526,0.2289503282975507
0.737375,0.13163651930863343,0.38049850202592816
0.7375,-0.3198386492297222,0.24651489758987644
0.737625,-0.24335848181376218,-0.1713390497250174
0.73775,-0.16434323718594215,-0.2065877489848681
0.737875,0.01729060905004674,0.030311077801542803
0.738,0.037838374653827715,0.1950361845671391
0.738125,0.13735530882252767,0.013842631581957398
0.73825,0.00817048726431048,-0.1216283757222207
0.738375,-0.3575056510459281,0.0018315430171207256
0.7385,-0.08291361879050838,0.0385620395501393
0.738625,0.40799149424077713,0.12184995145948443
0.73875,0.4959397079258809,0.020376055948290693
0.738875,0.0645748643315936,0.3294133801859611
0.739,-0.03757631459826525,-0.049200633919334054
0.739125,-0.14605717256211173,0.06350107730470046
0.73925,-0.3149970836987549,0.3998983994774956
0.739375,-0.1615513124081484,0.10743319966276989
0.7395,0.24918606016841743,-0.15446021982671776
0.739625,0.1227927539780097,-0.235204018125809
0.73975,-0.197251214040462,-0.054177307495985844
0.739875,-0.6324573491080488,-0.05914634008139956
0.74,-0.20412670645423048,0.03671789394417225
0.740125,0.13332331991428606,0.09333257638166376
0.74025,-0.0071519328389784975,-0.021290852216789245
0.740375,-0.4490941183606999,-0.32685242329626
0.7405,-0.28255738810056086,-0.0695497547987046
0.740625,-0.22544110733750397,0.30827188869074923
0.74075,-0.11834635232421022,0.45870739962623663
0.740875,0.23238415362235476,0.18007674411135052
0.741,0.36781632129464487,-0.14804163583366847
0.741125,-0.4081372717084313,-0.11948336555450446
0.74125,-0.29211288605633656,-0.0974330333985631
0.741375,-0.015356686235588708,0.0581812984380761
0.7415,0.15780999905107537,0.36508805623165874
0.741625,0.23180690724673048,0.2206865795806166
0.74175,-0.1212320992950606,-0.2767368680862799
0.741875,-0.06851353127200237,-0.4473844698040463
0.742,-0.11986262656492,-0.01422968193720787
0.742125,0.010563878319986097,0.14727304560813848
0.74225,0.020878350764384733,0.023995689618671844
0.742375,0.42183550449933727,-0.3752408816493511
0.7425,0.27551123224132845,-0.2655825345776559
0.742625,0.044669646646532425,-0.1763984911776631
0.74275,0.4276652551526978,-0.004312891525010163
0.742875,0.6334225164249041,0.029574458536035502
0.743,0.401629723275348,0.10574777584347451
0.743125,-0.003385332170729262,-0.19135271375689272
0.74325,0.0827081813794289,-0.4697716492971337
0.743375,-0.13757992236489708,-0.029916360361028273
0.7435,-0.17037453815790457,0.17117324866873884
0.743625,-0.03333557405150542,0.04434710668298798
0.74375,0.2956147196476961,-0.08727827889942004
0.743875,0.042515747854599086,-0.14033590049742645
0.744,-0.1317945472412346,-0.05416532255694863
0.744125,-0.07870346088977356,0.01585499432884858
0.74425,0.28862195639724725,0.13279593006773419
0.744375,0.2819854178914942,0.3679548923375869
0.7445,0.1232574622447958,0.013605612307379897
0.744625,0.015559847149446181,0.18648260563883115
0.74475,0.06247528799368669,0.2771165833721061
0.744875,-0.06451144988728334,0.6227511760626796
0.745,-0.13230387083101086,0.41672321463541584
0.745125,-0.03819948214132036,0.19343719969385814
0.74525,-0.06619830296326006,-0.04128395821558767
0.745375,-0.2246154428542734,-0.036995174187628245
0.7455,0.18046166550148232,-0.07223110833818876
0.745625,0.17653056809544024,-0.08844300100900537
0.74575,-0.03690613455832966,0.15779215780863637
0.745875,-0.04656650115141688,-0.000582980339740915
0.746,-0.32118202968475257,-0.21789198928194697
0.746125,0.12686684138560123,-0.12612066782498174
0.74625,-0.12745975516178817,0.08071880727904507
0.746375,-0.011051102618071964,0.17210290771143485
0.7465,-0.0051304455406547,0.03154653783159615
0.746625,0.08575996106913918,-0.024458185157211022
0.74675,-0.04253880815131351,0.004888770229616143
0.746875,-0.04821293588323677,-0.15139743466520564
0.747,0.2192263586064286,0.10398226884557074
0.747125,0.21477407239164656,0.1801403900681491
0.74725,-0.3047254037261138,-0.13753602636097578
0.747375,-0.24199454431435902,-0.24976973375005657
0.7475,-0.06094573066260871,-0.01198595674233399
0.747625,-0.08469027628867568,0.27529784013049213
0.74775,0.06468921948745242,0.09037655122940357
0.747875,0.17522095476151905,-0.12594427217239604
0.748,-0.10283017820725734,-0.3102115336766593
0.748125,-0.34351505087649103,0.022301488141425407
0.74825,-0.07236074554769148,-0.09368269740871003
0.748375,0.09444240234825423,-0.07386028521854734
0.7485,0.3957390108588281,0.06394459624586715
0.748625,-0.06157430924381486,-0.1266298953976816
0.74875,-0.3663073966694659,-0.26206373670071914
0.748875,-0.06490851851135267,-0.14550991973504937
0.749,-0.008910438693388485,0.26307625196746415
0.749125,-0.06222094975721471,0.19618511023629828
0.74925,-0.2739596967953912,-0.08976150053842029
0.749375,-0.25679731809282175,-0.20564895459980362
0.7495,-0.35948946377283825,-0.16107781741692226
0.749625,-0.4140495044645222,-0.002309707382223443
0.74975,0.010097790769996017,0.1240136281434946
0.749875,0.28068007580819054,0.22807383966970082
0.75,0.1329679215692422,0.05327555798302482
0.750125,0.0008541096391209329,-0.24182540460576968
0.75025,-0.05185044774340326,-0.3154927875663067
0.750375,0.06857164395385,0.2531517938968345
0.7505,0.14583019396935168,0.07978741790653492
0.750625,0.2256575767571707,-0.15814961901864344
0.75075,0.2820035951070379,-0.29181374329683246
0.750875,-0.09506944618317416,-0.19176403922282792
0.751,-0.18580424204077245,-0.11033905690282557
0.751125,0.17598643779059828,0.056537639489507255
0.75125,0.4190653982474267,-0.190843132414909
0.751375,-0.06341469347895672,-0.2819110918915556
0.7515,-0.25763331032340836,-0.6163635654990687
0.751625,0.15029890442917107,-0.28584475640039936
0.75175,0.38361411374331567,0.17704215951737706
0.751875,0.35587419302288337,0.26481613426206646
0.752,0.12421731881599524,0.108015549340075
0.752125,0.1314715703441715,-0.09703872678983909
0.75225,-0.03009689259542118,-0.08284418030708403
0.752375,-0.27302406955359043,0.10875793041405252
0.7525,-0.1289525461567475,0.10670806904798447
0.752625,0.36398955120639753,0.19977058438820855
0.75275,-0.018853561617944502,0.15986325642058513
0.752875,-0.1519225909016817,0.027952563405236285
0.753,0.06090928233373957,-0.1867382363373883
0.753125,0.21812404549791553,0.22698807582251943
0.75325,0.21622374915694215,0.2113773118665832
0.753375,0.06805322690351329,0.0963063780111633
0.7535,0.08120088416177625,-0.20376380099219313
0.753625,-0.1186575671150277,0.06752117831840924
0.75375,0.0244079120215042,0.29837699835061876
0.753875,0.23899623470657053,0.23877847262842672
0.754,0.19703300457557404,0.039652097495861
0.754125,0.021273453029309528,-0.015652984023002327
0.75425,-0.27377984458610577,-0.07855017021616859
0.754375,-0.17024400225193892,-0.19295880764443388
0.7545,0.38296330372509874,0.08929811981286825
0.754625,0.13527055684406167,0.2381842768380195
0.75475,-0.1847884668151335,0.006327922176494862
0.754875,-0.3344488907070258,-0.12762094240556893
0.755,-0.19960499461105674,-0.00960614899331021
0.755125,-0.15064367601643364,0.2820121685040543
0.75525,0.15402907721120543,0.28173940367018147
0.755375,0.19053406549698976,0.0857121050900771
0.7555,0.13680889693817108,0.047346921289346235
0.755625,-0.19163101881238515,-0.09445799034683892
0.75575,-0.12125932433810874,0.03243106022392951
0.755875,-0.11682181284649687,0.17245446300811615
0.756,0.22410324079916746,0.13122460778338696
0.756125,0.23740517685837417,-0.07120864986015472
0.75625,-0.05829606488338096,-0.2631855518661831
0.756375,-0.14652928648601846,-0.05521067218366761
0.7565,-0.22221942652640597,0.180485964773223
0.756625,-0.15606132394013159,0.16718882167135582
0.75675,0.09649220855181297,-0.21905165821718528
0.756875,-0.13828852004133904,-0.23432373615324106
0.757,-0.5103602353779353,-0.28322485843667417
0.757125,-0.4295626920937314,-0.140320693897309
0.75725,-0.13761408180461224,0.18823037099184461
0.757375,0.09679286602451251,0.15516744269646837
0.7575,-0.0966245558347265,0.25210811397026917
0.757625,-0.1802043744069052,-0.16948857406916526
0.75775,-0.31629239116561086,-0.2493285264112377
0.757875,-0.29114959975456456,0.015428140284006693
0.758,-0.15629979369675417,0.19284425379980835
0.758125,0.09251983984491018,0.04171636408524002
0.75825,-0.014583681146932963,0.018257882133596776
0.758375,-0.21412643194693687,-0.11284750089131478
0.7585,-0.18056835447210903,-0.277288188218486
0.758625,0.08136913362996973,-0.2300831218296425
0.75875,0.2157225234732326,-0.08069716843618455
0.758875,0.14541285192943773,-0.03712958811521696
0.759,-0.11484841415268075,-0.35585378552576774
0.759125,0.10837678271670255,-0.22703724239262033
0.75925,0.050541874628333754,-0.13150629419856294
0.759375,0.22706870908416749,-0.014903070050656773
0.7595,0.31620922387210076,0.025747040031516077
0.759625,0.36274592059830346,-0.237454197452971
0.75975,0.14972647772113487,-0.037901295494346725
0.759875,0.06632784492607395,-0.1568783687742231
0.76,0.39025103804399414,-0.1106967303952218
0.760125,0.6696278341941362,0.15433200488510002
0.76025,0.20124172546230323,0.012742287145434428
0.760375,-0.06732344277747829,-0.21572018741059734
0.7605,-0.032515109612975775,-0.18670867817820355
0.760625,-0.016380242535372954,0.16313063469692068
0.76075,-0.0010238656292995336,0.23787933244127593
0.760875,0.2594287102723889,0.2113978929476615
0.761,0.05599917978913063,0.11221810054568097
0.761125,-0.3224568345116429,-0.055959683940768494
0.76125,-0.17430591945049542,0.1572409191501105
0.761375,0.09362796788706836,0.211778787575515
0.7615,0.25539955463184005,0.3454533714415489
0.761625,0.2973578375006046,0.3947591311469983
0.76175,-0.08661334058498199,0.10641473535134481
0.761875,0.07895021243325634,0.08338151730144688
0.762,-0.01577944956272429,0.3638281557692089
0.762125,-3.4547313104317545e-05,0.4838829710163114
0.76225,-0.0387029859248196,0.2317135964301635
0.762375,0.003632194859450268,-0.08752917996902496
0.7625,-0.09279565835545936,-0.19396880300305808
0.762625,-0.23326153138261277,-0.06969729217767387
0.76275,0.14663276838708642,0.023299787751952458
0.762875,0.4025209853325019,0.029093617632177698
0.763,0.036565866685644446,0.05714580778587493
0.763125,-0.1439351047309141,-0.31282554715657873
0.76325,-0.214980525684347,-0.30144517442471486
0.763375,-0.1732327108397803,0.09282451951432884
0.7635,-0.09876475089002386,0.21296393807178224
0.763625,0.13328470838110895,0.21235132681385083
0.76375,0.13668922108986767,-0.1544037809973863
0.763875,-0.24216589857152265,-0.08986234634097418
0.764,-0.2635341071990487,-0.016018381922920405
0.764125,0.07107858780822197,-0.09876827352275154
0.76425,0.37622901799234987,0.10960941624549347
0.764375,0.07897643081210853,0.02967453076423661
0.7645,-0.3456764809120488,-0.23977786116211747
0.764625,-0.5216775951030459,-0.06969036930495001
0.76475,-0.10603068622767572,0.2198093056290716
0.764875,-0.07894437331731687,0.23584276928059497
0.765,-0.04108340154204679,0.028422761433085243
0.765125,-0.10263007191487312,-0.03175005286424557
0.76525,-0.3321371016444052,-0.07976197161933035
0.765375,-0.6178356295010359,-0.13122507824911558
0.7655,-0.14428715935450934,-0.09684700697470161
0.765625,0.23343986870155572,0.1093787590605928
0.76575,0.22538365284686337,0.0011864563234130435
0.765875,-0.30352790016897047,-0.11446030065132316
0.766,-0.4032898619578163,-0.28882852787774177
0.766125,-0.34649695805186204,0.07489816252338083
0.76625,-0.15662672732622548,0.3940304531659378
0.766375,0.061537757004862886,0.19240762222655297
0.7665,0.2164803728698557,-0.15356724852642192
0.766625,0.07423810386460622,-0.3290875754433832
0.76675,-0.14708277969548297,-0.11197396788625626
0.766875,-0.14097584092759302,-0.002181651733853866
0.767,0.30466537999489,-0.04564961647262875
0.767125,0.319991773207443,-0.015932488483652082
0.76725,0.1381113817646929,-0.5417987268212914
0.767375,-0.1629306770104076,-0.6690973655250274
0.7675,0.2058037785969926,-0.17318711108114204
0.767625,0.22364189625293138,0.26127410516290295
0.76775,0.35102862578266086,0.030712728876474055
0.767875,0.38677052864790373,-0.17245971327038914
0.768,0.2553768909641473,-0.39275601255488957
0.768125,-0.04064444620479446,-0.2796180767904957
0.76825,-0.0202857628111993,-0.06626452251030905
0.768375,0.24476537880282848,0.003035275835999348
0.7685,0.37303868933658846,0.26655704872102776
0.768625,0.06141813049057184,0.06433671282610039
0.76875,-0.19249779477573856,-0.1421992790880324
0.768875,-0.026979367228200764,-0.022877771572199106
0.769,0.26980719104132694,0.2294655536913741
0.769125,0.12910763803200195,0.22750271115761578
0.76925,0.16453215011668737,0.06059588368530541
0.769375,0.11045193418056982,-0.07704236018127475
0.7695,-0.3484093786590575,0.1367941092251087
0.769625,-0.10677822694733223,0.2769021056481896
0.76975,0.1735251467939561,0.2692319540113794
0.769875,0.23940367911672558,0.22448893369647507
0.77,-0.03966769606814968,0.2710219212016869
0.770125,-0.13369213832896076,-0.03622769614344752
0.77025,0.0456794621789601,0.12968681495985623
0.770375,0.07001331048685222,0.19319930145631936
0.7705,0.20742723739985333,0.33056879199538525
0.770625,0.007091862969424757,-0.058379591448554834
0.77075,0.08137460342407893,-0.200806514915619
0.770875,-0.036744798066447884,-0.12100649661766369
0.771,-0.18074808964221245,0.3120182076348626
0.771125,0.15320475274659887,0.14300465146159802
0.77125,0.44995221101496824,0.2952256996792402
0.771375,-0.024020957906857075,0.03029064868374368
0.7715,-0.22774747761912406,-0.19027523947363462
0.771625,-0.2509214340110972,-0.05420184655123673
0.77175,0.013059039942156275,0.038596433382962536
0.771875,-0.00038410302963877603,0.3024325961977551
0.772,-0.1602908887690643,0.03162195181659874
0.772125,-0.13527286978440964,-0.008894423814671449
0.77225,-0.08005630830963811,-0.01169017613163527
0.772375,-0.22894291454914525,0.09853686872498454
0.7725,0.11259698151769355,0.007515714346802996
0.772625,0.29992533737377214,0.02591180224829501
0.77275,-0.1606648584397203,0.005933132438849098
0.772875,-0.5823080096011803,-0.26917532430578356
0.773,-0.28860991966869487,-0.22178262988155187
0.773125,0.18993183853432827,0.12884485901336107
0.77325,0.14879608398845892,0.24983078831031896
0.773375,-0.04859378997415529,0.017799112431400633
0.7735,-0.33471051278304836,-0.2103019971151055
0.773625,-0.254161850820273,-0.18616743948519113
0.77375,-0.16585227162036315,0.024364229130692635
0.773875,0.09287011959160862,-0.14140239285061806
0.774,0.3614334844261886,0.05436983002616523
0.774125,-0.11952547591969001,-0.100047926167774
0.77425,-0.5091712587910958,-0.09395757847234747
0.774375,-0.5236875887019129,-0.03661861777370181
0.7745,0.11138088147768234,0.09163492746125623
0.774625,0.09617031084548266,0.2664629251039045
0.77475,0.13896020301683715,-0.22035651976171802
0.774875,0.07172242694365252,-0.4326486099749125
0.775,-0.22236198815005404,-0.18735420867528
0.775125,-0.08241915221557682,0.19508867805662097
0.77525,0.1999140247601115,0.2667311112133115
0.775375,0.4294695399656207,-0.061395007802226
0.7755,0.12693256268460526,-0.3166274801879156
0.775625,-0.15434156061586563,-0.4580461478267379
0.77575,-0.022322920976475695,-0.3147168718805701
0.775875,0.4152707418933631,0.16786227368621243
0.776,0.23495726437002387,0.1951442172619125
0.776125,-0.040104385720415796,-0.049458293947605585
0.77625,-0.07146763334362304,-0.6408047536232295
0.776375,0.09842108017983647,-0.46603904475610763
0.7765,0.08419749764768775,-0.027727688665183263
0.776625,0.11786675014659939,0.21846661167597328
0.77675,0.4271057681866762,-0.009161989941100937
0.776875,0.17354271209625616,0.030612059473762485
0.777,-0.17885917680583208,-0.16205185069353276
0.777125,-0.3367091788680866,-0.10988829981635716
0.77725,0.222347985025835,0.11835019398181225
0.777375,0.32599763624804945,0.37642304597172327
0.7775,0.1332108026124004,0.21304612318176233
0.777625,0.02634275023634009,-0.07473174513427285
0.77775,-0.13913750076879042,-0.018842838385862388
0.777875,-0.1110745906098769,0.4342126816436647
0.778,0.029410531960654365,0.19331150180436524
0.778125,0.38624390275307835,0.03101053389625196
0.77825,0.11615043406091777,-0.05960136346850923
0.778375,-0.46184655798673463,-0.012352079280618773
0.7785,-0.30933956966484405,-0.1326796182476656
0.778625,0.057322914399240046,0.16901046987325566
0.77875,0.4834726723857045,0.4034170892901803
0.778875,0.05138948481061687,0.2329663502482985
0.779,-0.04593306153261921,-0.11556050032167242
0.779125,-0.19618028205299773,-0.1489724816048147
0.77925,-0.09790551815455376,0.18395183195322276
0.779375,0.15997736092181752,0.42276245360645415
0.7795,0.6821216974995314,0.20543790994223293
0.779625,0.21848566701379932,-0.0676364212282752
0.77975,-0.2794393283892905,-0.12924265161150228
0.779875,-0.3840644935296684,-0.01424928829026295
0.78,0.12265532136094064,-0.11240560731249338
0.780125,0.350813692981511,0.11624864905143203
0.78025,-0.01668251172593636,0.17912036362225378
0.780375,-0.20729298367519283,-0.35505263722418895
0.7805,-0.1979537301326635,-0.3366165810207314
0.780625,-0.23474405677778956,0.2015864688646828
0.78075,-0.19020720334427804,0.3550314419933908
0.780875,0.1519278467327467,0.10345871073541586
0.781,0.18641398454329525,-0.04342965065516794
0.781125,-0.21647011266776364,-0.10955158846419823
0.78125,-0.4687365727621332,-0.07332031790711376
0.781375,-0.07447484603885453,0.05425203408371492
0.7815,0.17035556845671054,0.4126666568065883
0.781625,-0.024928399974758684,0.2125073559899041
0.78175,-0.5307634228607411,-0.38175021351854826
0.781875,-0.3109096608105766,-0.37155969610112244
0.782,-0.1818309593806883,-0.0030973196388849955
0.782125,0.19189437182487412,0.3027172723954596
0.78225,0.1486857810768397,0.17193356747930819
0.782375,0.10050027209918556,-0.1404186674087575
0.7825,-0.2267952288509345,-0.1243456141566318
0.782625,-0.4174234989040183,-0.23664559968881832
0.78275,-0.041137335201240764,-0.1756383657919983
0.782875,0.2319862779518538,0.2924233582912194
0.783,-0.10742527339984408,0.10963309132928535
0.783125,-0.4016212733666786,-0.28121081019300526
0.78325,-0.2583588141812686,-0.3754421760221897
0.783375,0.08090113980418656,0.12099469584370046
0.7835,0.181874239371487,0.32502326392526537
0.783625,0.20845615888343014,-0.11545847117377565
0.78375,0.30534392026915785,-0.29494900078447334
0.783875,-0.04973517690410182,-0.41087390813175223
0.784,-0.2056475244872811,-0.03409066858388119
0.784125,0.2077338999784168,0.021606856464390804
0.78425,0.36649315518969533,0.10854262545274516
0.784375,0.2818299080504775,0.23628111921682782
0.7845,0.019207123650106926,-0.3670883758373913
0.784625,0.018480670153139943,-0.3962570586740814
0.78475,0.14733406544172897,-0.13147128667410826
0.784875,0.17635294171392338,0.11684444174857203
0.785,0.381957727531117,-0.11833595276999867
0.785125,0.4426958161340845,-0.38744596288454514
0.78525,0.07917843709206626,0.01663514366441266
0.785375,-0.17602591911060592,0.22411751008204733
0.7855,-0.09617337536418742,0.10960933062785803
0.785625,0.12278975149805593,0.08520831534186986
0.78575,0.06504872516865595,0.0883512130658017
0.785875,-0.16222158693756672,0.08953179648758659
0.786,-0.20320500702070485,-0.024995719985981383
0.786125,0.04814798327963885,0.15708098447809324
0.78625,0.0789533498417396,0.40848304114160816
0.786375,0.10065959736133304,0.2522105656119477
0.7865,0.18517081599756294,-0.09896874128563059
0.786625,-0.06212558859424459,0.05338065611583117
0.78675,-0.3739138178640518,0.05965235896586342
0.786875,-0.11808203886599268,0.12397881268485553
0.787,0.5241821341262947,0.19255393711094082
0.787125,0.31830450915436054,0.31677127393435783
0.78725,-0.14033102797656408,-0.07018893946251674
0.787375,-0.34254102825558774,-0.16032170639170082
0.7875,-0.20054590973838746,-0.02689901464303294
0.787625,-0.031333271423118536,0.18527190867261967
0.78775,0.11291035440679559,0.1294041329358927
0.787875,0.2868724308213308,-0.18396396738755405
0.788,0.03445024968667224,-0.22551043055360762
0.788125,-0.3220298661882904,-0.0014503849744182207
0.78825,-0.2765244204611643,0.10274315112950758
0.788375,0.4166298881910493,0.32180891734348993
0.7885,0.2857084271461873,0.245655290486174
0.788625,-0.2558593860672627,-0.047279146415401783
0.78875,-0.4154559780152379,-0.18184158979101997
0.788875,0.0068420436008851246,-0.06571531901580402
0.789,0.18070086313816636,0.29158816882159927
0.789125,0.02127947328216282,0.16587668229871833
0.78925,0.01010645084074167,-0.0888238113048959
0.789375,-0.2995104205610352,-0.2629486255023885
0.7895,-0.5628579057065539,-0.08677614962346071
0.789625,-0.3456142115206935,0.13986733410794525
0.78975,0.09152724281373616,0.2667381337225938
0.789875,0.48294389191783826,0.24843716308168257
0.79,-0.26422252624746523,0.07010333241002178
0.790125,-0.4303481201747273,-0.13382570706927835
0.79025,-0.20690973897449783,-0.08617928327444449
0.790375,-0.046267288084659894,0.3131052205177752
0.7905,-0.026295481875652255,0.24911879754982963
0.790625,0.11696818118034924,-0.15316097584395785
0.79075,-0.07963090666207664,-0.3481394721995832
0.790875,-0.4450604863294696,-0.02721626341650797
0.791,-0.5301519433264457,0.1503958010857867
0.791125,-0.07048618146913027,0.08516424519450837
0.79125,0.2059025556923077,-0.026704408794343146
0.791375,-0.4443309016813005,-0.2584685393909517
0.7915,-0.5522518272165942,-0.3973318389396873
0.791625,0.01490863768197381,-0.18836182627752096
0.79175,0.24523754806589107,0.05362414136645484
0.791875,0.42123530875028675,0.3311587786737796
0.792,0.18896810111112636,0.05928859504796942
0.792125,0.0021119956537628847,-0.3717740124728904
0.79225,-0.09555749129900624,-0.27296870642559695
0.792375,0.03522804255957421,0.060069174162007105
0.7925,0.35926457565208664,0.02669154842083043
0.792625,0.6065147504958256,0.07153074924407485
0.79275,0.19774841154582506,-0.18468408663884547
0.792875,-0.05954726479105775,-0.42157749745925166
0.793,0.02242536160341618,-0.456313242944759
0.793125,0.2643998969132995,-0.02236371990679017
0.79325,0.15152192763433944,0.33492001719433856
0.793375,0.04335874184345109,-0.23064885684228778
0.7935,0.18939888795652676,-0.3559979218554596
0.793625,-0.020014639905161318,-0.07047807733883653
0.79375,0.07157821276509835,0.3695368818105195
0.793875,0.09973939502195713,0.39953500376995116
0.794,0.37611307233654373,0.2999481880951059
0.794125,-0.15990562087208327,0.09118451167656719
0.79425,-0.5215320588278409,-0.004359289481557584
0.794375,-0.16077999885230707,-0.030108024856383028
0.7945,0.23383268139460442,0.264450818485368
0.794625,0.3538512925145594,0.599395937461071
0.79475,0.29675965984382374,0.25234105399922613
0.794875,-0.1482986741307282,-0.06574970906236124
0.795,-0.1209764295733568,0.08786524065085609
0.795125,-0.15225033652767012,0.14939810450529595
0.79525,-0.01629577664801874,0.05743478563169192
0.795375,0.5310863190038042,0.08144176497072739
0.7955,0.2245119156199807,-0.09192596365430401
0.795625,-0.3740950626723583,-0.03174754497433126
0.79575,-0.27143151372972435,-0.08358857270158292
0.795875,0.3770679503863753,0.13741752577620664
0.796,0.34371543208960226,0.2792823300007049
0.796125,0.11472757456812419,-0.2894821436847497
0.79625,-0.07336453226966713,-0.4325437914745167
0.796375,-0.10291258247853662,-0.23797565135046236
0.7965,-0.25402731728769423,0.1571915440553479
0.796625,0.10188643543407543,0.23283315895409173
0.79675,0.35090159679123223,-0.006637851863914263
0.796875,0.14775362354050556,0.13483338168178793
0.797,-0.35683527776351276,-0.10138547536882067
0.797125,-0.3053088325980785,-0.021078899691313546
0.79725,0.015104637913951622,0.21292561182829117
0.797375,0.24834357474699742,0.3744932608028947
0.7975,0.02469886521428179,0.15267720777415425
0.797625,0.020539601631741455,-0.2572620962866777
0.79775,0.07739297240345618,-0.32873329133428364
0.797875,0.06966024479773934,0.2119776960756733
0.798,0.030924850101055126,0.19875524638093128
0.798125,0.008500341342210753,0.06376892485263573
0.79825,-0.1786330491665189,-0.16028409468414093
0.798375,-0.6253660420903995,-0.18933901152296007
0.7985,-0.3825624494043465,-0.1622638496070319
0.798625,0.30644731214735704,-0.0930005833608696
0.79875,0.4838324953934188,0.31911470870484154
0.798875,-0.1448462977347409,0.07482021577639897
0.799,-0.4995033323809903,-0.4613222301422785
0.799125,-0.37644611413644885,-0.33754075568022457
0.79925,-0.36966494329911515,0.19437994282900387
0.799375,-0.13388680985568216,0.06307479567464565
0.7995,0.2441960215257427,-0.018103371170091233
0.799625,0.18498905111273592,-0.05854782258498
0.79975,-0.3860709392530677,0.03747599219923732
0.799875,-0.6171991645622535,-0.15756194475484944
0.8,0.1584555744360657,-0.23116439468553962
0.800125,0.3646268960053335,0.06875036094891306
0.80025,-0.0839399466695423,0.05847149069965333
0.800375,-0.21407529867901975,-0.3697738487246103
0.8005,-0.27566570556307984,-0.37133095072654
0.800625,-0.027179292509346146,0.12432939177258004
0.80075,0.14208463755431985,0.16758432899074516
0.800875,0.3198935368496659,-0.059107558197238175
0.801,0.31298245204275027,-0.40348006244335083
0.801125,-0.1896999856201188,-0.17538022850380014
0.80125,-0.2512126596133995,-0.31710773151467797
0.801375,0.09326731251226446,-0.08640046303301692
0.8015,0.7093885776290857,0.23859715188924416
0.801625,0.3541386568756685,0.2390681043349479
0.80175,-0.014227191713912032,-0.4049014249069067
0.801875,0.09351266434224383,-0.4626400266186973
0.802,-0.07384333041158729,0.1901753672126741
0.802125,-0.26489023672669715,0.39505427846323016
0.80225,0.15958849007038653,0.18347996434681282
0.802375,0.3984128312973964,-0.28888826627045927
0.8025,0.056508194306521486,0.04779017250391988
0.802625,-0.3823698121517916,-0.01681684488004133
0.80275,-0.027630947860201156,0.16129426878071107
0.802875,0.25705549355993007,0.3947650470303981
0.803,0.19298172237951366,0.3043986550251194
0.803125,-0.16533979073798305,-0.10257282975433187
0.80325,-0.06398942568230438,-0.3955735975608228
0.803375,0.015869840969950803,0.2500565195488046
0.8035,0.15745577157057813,0.6628453849669489
0.803625,0.24373715539145588,0.46102856082639454
0.80375,0.05484728478167945,0.0037403966712420407
0.803875,-0.16965827678879233,-0.09047753277953902
0.804,-0.29562822405103845,-0.18428862297608498
0.804125,0.020549636504472533,-0.18449708725130834
0.80425,0.29215862065037274,0.20084930263540215
0.804375,-0.03069636395386789,0.2573636042086709
0.8045,-0.25734854826921555,-0.05856328722654937
0.804625,-0.22043506344658906,-0.24585141356519988
0.80475,0.02253675872261143,-0.09095932266926904
0.804875,0.04647482125695829,0.24675343889611495
0.805,0.0229839549878519,0.28743914061704756
0.805125,0.19229967660011593,0.23133212529397956
0.80525,-0.0111530659168854,-0.024949775020112776
0.805375,-0.4132717172356461,0.22095759651275096
0.8055,-0.2467227945575078,0.20913525218313048
0.805625,0.35587253821911163,0.19383476535210642
0.80575,0.3572477310294222,0.26030969691420947
0.805875,-0.2940480007838076,-0.17470502299238283
0.806,-0.3902804505349265,-0.27438224439108777
0.806125,-0.18157835904097053,0.019592248742307243
0.80625,0.1596299589813757,0.28407615693510735
0.806375,0.10498092527216846,0.002772422365329282
0.8065,0.24204101668987332,-0.3242896824484559
0.806625,-0.13391849051891347,-0.0905955904615331
0.80675,-0.5212761048074054,0.12019548299062517
0.806875,-0.3053826160606785,0.2504626774030462
0.807,0.22107185426017095,0.24617876913246617
0.807125,0.1625586184086231,0.2877581852357376
0.80725,-0.301479282380279,0.07856392907598095
0.807375,-0.5641289179636919,-0.4455715634565001
0.8075,-0.04787945363208076,-0.15669627603210004
0.807625,0.13243189062922267,0.31804881943357294
0.80775,0.13841113004956007,0.15794243335393326
0.807875,0.26502005701582443,-0.15975129746622793
0.808,0.04584547916375514,-0.4066560991508211
0.808125,-0.2240647314310852,-0.3138204321748056
0.80825,-0.03976211843621392,-0.041706298473378554
0.808375,0.3483989818232423,0.21370839912197534
0.8085,0.2889326553794003,0.3210881502147764
0.808625,0.016473780925512157,-0.15770843547921015
0.80875,-0.15693352459111085,-0.5585951694118212
0.808875,-0.07114992286144983,-0.27992645598417215
0.809,0.05482530530254764,0.1069976234910296
0.809125,0.3577580411382204,0.26589554509894425
0.80925,0.26492273797311083,-0.23238216692440178
0.809375,0.09442833664878396,-0.5500502382403873
0.8095,-0.2563834721937559,-0.1932623780311475
0.809625,-0.13631611149063091,-0.05823289711503718
0.80975,0.2488934632641741,0.0923879842551604
0.809875,0.48951595175297,0.2120506179898479
0.81,-0.04901756896605788,0.06235470191834702
0.810125,-0.34933156642444246,-0.3056136709400024
0.81025,0.06859181652862474,-0.2197023652667577
0.810375,0.41058644101668834,0.22277781790092627
0.8105,0.4181829320195923,0.31632928946902417
0.810625,0.19916570901673442,-0.014721554477165184
0.81075,0.010412747536591287,-0.18904253145913028
0.810875,-0.40668354002662,-0.07882738425832035
0.811,-0.27742476842753605,0.2176772580070798
0.811125,0.07961676940482303,0.23402112331108366
0.81125,0.4787896550540891,0.1815831641916342
0.811375,0.027987604202404405,0.09708876831414356
0.8115,-0.20204807780982698,-0.17309888641081886
0.811625,0.044334332660746996,-0.20447478388999396
0.81175,0.47843012621356484,0.3612631491163387
0.811875,0.43593323618309315,0.3781939034672621
0.812,0.2286970306042423,-0.05308481449199094
0.812125,0.17806941016249866,-0.3488469833453265
0.81225,-0.12212808887566862,0.04437120010761959
0.812375,-0.4272071606239077,0.20768763651715816
0.8125,0.1595524307936002,0.21292653048610383
0.812625,0.6097590977416812,0.16140272843759532
0.81275,-0.104027364121272,0.07643535305178557
0.812875,-0.5881018972352701,-0.3855798164464591
0.813,-0.2803591733805229,-0.24228166098304194
0.813125,0.011369501367182655,0.2303041205258477
0.81325,0.08340431305477389,0.2861366506435645
0.813375,0.12245036322973116,-0.1060214453169521
0.8135,-0.104860578854862,-0.3358277117683268
0.813625,-0.3389578456233457,0.07906686205888769
0.81375,-0.18031093159875372,0.3881779660465242
0.813875,0.36291531656629805,0.3066613812698993
0.814,0.6430851552177959,0.2541639287517869
0.814125,-0.06539820787673517,0.10532520993723826
0.81425,-0.5851560626401457,-0.025931470003715637
0.814375,-0.3722420254359871,-0.2320933066555414
0.8145,0.3137728629353913,0.13458685586610647
0.814625,0.24735333532569811,0.5404459176346872
0.81475,-0.07423101913730763,0.03776040281450016
0.814875,-0.16650055228386706,-0.5462225479155299
0.815,-0.38198748310308883,-0.45081021787499864
0.815125,-0.4969043737155293,-0.0010280935714530204
0.81525,-0.2950376582938815,0.021152999271543023
0.815375,0.2321784420473955,0.11310205430094872
0.8155,0.026332279213868933,-0.0683959187216391
0.815625,-0.6017220400600609,-0.4336818199776127
0.81575,-0.5374157844108567,-0.16030124571029075
0.815875,-0.1871972068623493,0.3071993857316637
0.816,0.14504335594603962,0.5287027110231525
0.816125,-0.13534523381938549,0.13367697577446902
0.81625,-0.19024913379152328,-0.5709036871402694
0.816375,-0.11170196102855252,-0.34411820036710367
0.8165,-0.2918134891038208,0.10608321226612305
0.816625,0.004313837073334882,0.13360802379523176
0.81675,0.44121006955899217,-0.026813754606015285
0.816875,0.25934728185133965,-0.12205705100574617
0.817,-0.3498213453678742,-0.27602797898562065
0.817125,-0.16952949162808448,-0.32743141257065944
0.81725,0.5365043658390978,-0.1586759691510166
0.817375,0.5762338080648325,0.2594412416757314
0.8175,0.23004811776871678,0.060829061381170293
0.817625,0.15243309702306942,-0.6156844033752903
0.81775,0.2497605654052874,-0.4897937485474437
0.817875,-0.056481868505672064,-0.08702825784015263
0.818,0.30096449128086294,0.020503382291990127
0.818125,0.5612634046770989,-0.052077426393352715
0.81825,0.35805601952029015,-0.08779611463599848
0.818375,-0.33760210311038696,-0.17110447446571253
0.8185,-0.3332571441397193,-0.17320440502601497
0.818625,0.2525552474625954,-0.030861998224675516
0.81875,0.3649126717956415,0.4197313093095455
0.818875,0.1027145013611459,0.024173467430503488
0.819,-0.20895754963927593,-0.28104601468101487
0.819125,-0.05277686014752366,-0.15691745004920674
0.81925,-0.15075802596084606,0.44320273381453956
0.819375,-0.1414371025786871,0.3633016594257256
0.8195,0.21525441435945647,0.1665062766218995
0.819625,0.16330575868395455,0.06300115970386116
0.81975,-0.3065608990045018,0.2750169408306619
0.819875,-0.07837392299366942,0.10572490883570698
0.82,0.4191914227287605,0.134353217823439
0.820125,0.8047407194911383,0.6305860271522661
0.82025,0.2658964877696941,0.25769932966863673
0.820375,-0.21000742028100705,-0.3548156718112565
0.8205,-0.21318265501574143,-0.1560639443688329
0.820625,-0.15278243983874717,0.17117217217583694
0.82075,0.09446858256363125,0.4316344674898181
0.820875,0.3908105676875702,0.046187555409470206
0.821,0.009335713986404476,-0.2936949451529744
0.821125,-0.4724483023038619,-0.13678960735156748
0.82125,-0.5022392734024476,-0.17501637792903782
0.821375,-0.038040764950661755,-0.07753969405917764
0.8215,0.35037266536155953,0.23898868295811093
0.821625,0.08308180992811351,0.08291460822033786
0.82175,-0.21030889323342117,-0.2769048616903226
0.821875,-0.15228468358850833,-0.09690580188284764
0.822,-0.11870885159634409,0.3482277067532073
0.822125,-0.21274448833389012,0.5930352251635477
0.82225,0.23686425467506594,0.018315388194648192
0.822375,0.29390157530111705,-0.27356278855617827
0.8225,0.0912144902177249,-0.19175393209947564
0.822625,-0.24805556367533,-0.15658122104538025
0.82275,0.11744805539799703,0.1423131188916657
0.822875,0.16651191458562722,0.412852423280745
0.823,-0.03899886567049037,0.13631184949343803
0.823125,-0.5491121524875912,-0.37654687116458896
0.82325,-0.32903933829826976,-0.4112290548109138
0.823375,-0.20208501839005985,0.0303328551410732
0.8235,-0.14850729033756624,0.2512865938513579
0.823625,0.17102791604946455,0.06171187331803497
0.82375,0.1390954358079516,-0.1714050007291211
0.823875,-0.2764231298755357,-0.01728948352507484
0.824,-0.6817537821583781,-0.15720745684309867
0.824125,-0.2538922194904208,-0.2570899549444744
0.82425,0.37327439269968055,0.09101335042215944
0.824375,-0.010686032500788908,0.28755804405681284
0.8245,-0.3075503850954467,-0.12038587802446922
0.824625,-0.17502622488055672,-0.27586574615942533
0.82475,-0.1681474424101112,-0.018943008325407566
0.824875,0.19731505696714843,0.38697089758046715
0.825,0.49734940156834806,0.1316259643292122
0.825125,0.5191868257126115,-0.3930697470853575
0.82525,0.1016989565699545,-0.44099655615391553
0.825375,-0.5515103834758547,-0.14526497693826337
0.8255,-0.008785858912742382,0.07212687942950818
0.825625,0.43115626263274615,0.07096197202087938
0.82575,0.6726049218284803,0.2541970060627736
0.825875,0.003456621754069276,-0.2034469839803764
0.826,-0.2436213082709162,-0.48372383185280154
0.826125,-0.05926151991186095,-0.1911826456355033
0.82625,0.2175746829499553,0.27960816878772043
0.826375,0.2659105843274422,-0.1564935534286653
0.8265,0.1949152608200208,-0.4086443956346987
0.826625,0.12454015922214305,-0.3647607981536388
0.82675,-0.4432574063648432,-0.1043404378499549
0.826875,-0.06808146275163758,0.16960957068398058
0.827,0.49962175525212527,0.55050152424302
0.827125,0.5809837512171467,0.4826736203295737
0.82725,-0.26937124377728205,-0.08344813893305666
0.827375,-0.0492767579210836,-0.43918877138460505
0.8275,0.05102263771263499,-0.10861615882421174
0.827625,0.23817684967354155,0.4923200051162145
0.82775,0.19871571006182082,0.5276607707990632
0.827875,0.11391968864121842,-0.045840197016543946
0.828,-0.007999389944035165,-0.21404434646087908
0.828125,-0.21347384080623688,0.14566928990493858
0.82825,-0.24146307328742084,0.1736942609883834
0.828375,0.30604686804473286,0.23325323441068513
0.8285,0.30590087828851314,0.39342357168550934
0.828625,-0.165541535098835,0.015449397091921144
0.82875,-0.3020439950631499,-0.42559510711194043
0.828875,-0.058574468411922195,-0.06036646975096425
0.829,0.28669308692092876,0.44058564065325695
0.829125,0.2397260768484199,0.2673488849775681
0.82925,0.36093478220334324,-0.24623637360027908
0.829375,-0.09113189859815912,-0.17695156121447558
0.8295,-0.5507320942864925,-0.021986212856299286
0.829625,-0.3828956633422954,0.22365350253608587
0.82975,0.18561737034666315,0.14587693163232462
0.829875,0.37989742682512967,0.02109919435130104
0.83,0.08812905864089962,0.12846502775773153
0.830125,-0.3443582673174702,-0.2312213451114052
0.83025,-0.04719418844413338,-0.12074849991041196
0.830375,0.11018404717216024,0.10315493354456935
0.8305,-0.024456494118623506,0.3778935171169829
0.830625,-0.018452244291504542,-0.078359906923358
0.83075,-0.14752927287509976,-0.3879731351103213
0.830875,-0.395959628413052,0.10684019005156635
0.831,-0.24998978578306133,0.10829840051046713
0.831125,0.26724314090749807,0.18149964789351056
0.83125,0.5535152586063969,0.2880525326479792
0.831375,-0.19382268163764782,0.0074969773700280734
0.8315,-0.8238207316451501,-0.37613580163993177
0.831625,-0.7001504285675257,-0.20452591471175313
0.83175,-0.12535089315195286,0.2372610378583126
0.831875,0.06428683424527519,0.26184953995812554
0.832,-0.05894793690973533,-0.09524328490302739
0.832125,-0.2096876994784589,-0.2808519284055522
0.83225,-0.40069037283171455,-0.040148404966156244
0.832375,-0.5847389761922576,0.10064206278521426
0.8325,0.20247069452993852,0.1851074397705304
0.832625,0.398440101200614,0.10077214005037487
0.83275,-0.2093910983920889,0.054098145395652074
0.832875,-0.4875243439506765,-0.18019526161131538
0.833,-0.2412682723025707,-0.22059334429689817
0.833125,0.4613297450902373,0.25567262402889224
0.83325,0.4958158111797587,0.34817193435195826
0.833375,0.005693525717152833,-0.19657909206790844
0.8335,0.09247811576569394,-0.6975358282797475
0.833625,-0.18712291927435767,-0.5825360212858632
0.83375,-0.20702782839426412,-0.05547579365636748
0.833875,0.32240309796596694,0.12718847032394726
0.834,0.6650277395601069,0.008123518815995445
0.834125,0.13260261852030913,-0.14354671644717268
0.83425,-0.3319255785697745,-0.46506670356972735
0.834375,-0.18010069274202367,-0.47248983296952884
0.8345,0.37909283613223527,0.06637622013778431
0.834625,0.5092808324181702,0.29177200470562625
0.83475,0.14326705192817113,-0.11083416822115047
0.834875,0.16408776554247842,-0.4887749078170806
0.835,0.2797106429967685,-0.1613725259714507
0.835125,-0.08247926477572293,0.3730330875508713
0.83525,0.03676804421703623,0.29295392814011867
0.835375,0.18171326904252635,0.1745872626710541
0.8355,-0.019487091837973987,0.15960485128321425
0.835625,-0.48904410129701625,-0.007038868461280873
0.83575,-0.18099547984812647,-0.17669389140052044
0.835875,0.22525290265206518,0.422154641020908
0.836,0.2522940624001345,0.45854615008255695
0.836125,-0.07981160497109745,0.10619543599870579
0.83625,-0.185685352293104,-0.44966617018827026
0.836375,-0.14533998810281676,-0.17314311442011932
0.8365,-0.17386323062899964,0.5257381119919026
0.836625,0.2101271904639411,0.4265805401763113
0.83675,0.655816061626807,0.17092284711070738
0.836875,0.5145511115378868,0.09467291875280472
0.837,-0.41105720498712256,0.11947511909977941
0.837125,-0.35005851620348505,-0.10711898317974716
0.83725,0.40111805240175136,0.060014151264328526
0.837375,0.4241314868015462,0.2793781184605608
0.8375,0.16774480163522956,0.11249933629951799
0.837625,-0.20084101961740608,-0.5141129161034759
0.83775,-0.3376431619722035,-0.14746086346800233
0.837875,-0.36433045638346157,0.03154941719354847
0.838,-0.11245850227204841,0.18391653507233188
0.838125,0.29605444536755876,0.04902142685487181
0.83825,0.38292159453051483,-0.14445974254608748
0.838375,-0.2900227300303197,-0.22267273323136685
0.8385,-0.5358721374024263,-0.26559878230121525
0.838625,-0.007212722101375128,0.20089937830987625
0.83875,0.369175394312505,0.5538351762260466
0.838875,0.1436898704471082,0.41547587798791297
0.839,-0.28132313532978,-0.31172811598688566
0.839125,-0.36183775610056124,-0.2790328855059426
0.83925,-0.20515148230695715,0.20317768231155175
0.839375,-0.024667291733271455,0.481014571207275
0.8395,0.4078912912329391,-0.0682453286913754
0.839625,0.3882453453592583,-0.15221919925148394
0.83975,-0.38955641262816854,-0.3392502000606051
0.839875,-0.6295791330143616,-0.4045930741786846
0.84,0.01625021179959506,-0.1779535733611647
0.840125,0.3630843482140756,0.368660648529757
0.84025,-0.22295275779419002,0.266198938297551
0.840375,-0.40650295394522523,-0.33126651366189924
0.8405,-0.48517546550685886,-0.5184558042833082
0.840625,-0.289825088960937,0.12147409680403527
0.84075,-0.2181446885281858,0.2907428958027699
0.840875,0.07159381590695446,0.028177353838356962
0.841,0.2338208935598262,-0.20326565024828688
0.841125,-0.49462378275695523,-0.14181199118708265
0.84125,-0.5820215163746971,-0.21615462116266546
0.841375,-0.032798049156324505,-0.06863766952208089
0.8415,0.6831495663517717,0.3153930647459532
0.841625,0.37927007596950524,0.22338710899925374
0.84175,-0.2703905469040498,-0.4101769361475841
0.841875,-0.22314547755481975,-0.5505523476342085
0.842,-0.033382540985536654,0.04425349866767808
0.842125,0.2388477351954262,0.36251569751873397
0.84225,0.560494848939185,-0.15117600171556642
0.842375,0.4581227318548837,-0.3559573039698891
0.8425,-0.1529054100362324,-0.15045315474805332
0.842625,-0.3139566008101975,-0.16715267843123977
0.84275,0.28234595051945743,-0.2815525121881587
0.842875,0.7985425911644468,0.04011368926119226
0.843,0.27171273657767914,0.1700634147538953
0.843125,-0.1682294590633323,-0.4221156308439191
0.84325,-0.16594952057275175,-0.5399676219590086
0.843375,0.21379827253805744,-0.04964179361979379
0.8435,0.3171247644581908,0.42918063474371826
0.843625,0.514611422791979,0.2044116675903857
0.84375,0.5499946363385217,-0.15099915613925582
0.843875,-0.2306520125082058,-0.07059690956063933
0.844,-0.7895290652891414,0.03217547667273294
0.844125,-0.23476052164948844,0.1700226287668938
0.84425,0.31755126911601445,0.39084652639110334
0.844375,0.36522460387324607,0.3555527223748433
0.8445,-0.14492588912773965,0.06733463463097941
0.844625,-0.1927628303055791,-0.26346788178541924
0.84475,-0.08634479404905644,0.16644123358046764
0.844875,-0.11708015188644808,0.537013475306541
0.845,0.21415523653490023,0.34942705344341174
0.845125,0.38169877706180183,-0.14305975898239628
0.84525,-0.08156407097910802,-0.18064850996500154
0.845375,-0.40524708308463514,0.08189180961160107
0.8455,-0.10392963256163897,0.2544502177750993
0.845625,0.463226384287602,0.31398128826664407
0.84575,0.2942234506076933,0.1893968019979714
0.845875,-0.26621893219777615,-0.1908694138934964
0.846,-0.3742051033418068,-0.7090501534948914
0.846125,-0.10640057699103937,-0.3286929246415243
0.84625,0.07177907697660062,0.2948921792065163
0.846375,0.3199035052546944,0.36584382442998553
0.8465,0.3011848154668224,0.005927196800681044
0.846625,-0.15955299813679055,-0.16404242260090413
0.84675,-0.6384492355199493,0.00816332561568466
0.846875,-0.2568617436329968,-0.16651539142832886
0.847,0.5582739946735034,0.19440817781756048
0.847125,0.29093580926452794,0.39113022989091795
0.84725,-0.480085770448895,0.06945960863362383
0.847375,-0.5006359106950714,-0.4036421648051756
0.8475,-0.07396811652443155,-0.08336438581601545
0.847625,0.27499731618156553,0.49440580980843113
0.84775,0.2711630513661018,0.1603514727109529
0.847875,0.09569077695326506,-0.36571294179383373
0.848,-0.31823902289664985,-0.27691214259624436
0.848125,-0.4910061472276026,0.02285186693992586
0.84825,-0.18601734291176716,0.27143180086283003
0.848375,0.31281825099043475,0.1984624954217175
0.8485,0.3217195242095801,0.3611965487772641
0.848625,-0.4094262383211312,-0.16907214818415273
0.84875,-0.5985033007246434,-0.5142310907195233
0.848875,-0.1908758060318328,-0.07600062561281282
0.849,0.0017940337546210505,0.44835639248574666
0.849125,0.11049890265336208,0.4920644704327653
0.84925,-0.010568490528170233,-0.4868822076202074
0.849375,0.11655322946862433,-0.5021523953123643
0.8495,-0.42382393355377407,-0.1032801309142502
0.849625,-0.4749471897724472,0.11111534957119061
0.84975,0.21856139789957332,0.2873639761117231
0.849875,0.28326631724008194,-0.07610894079956475
0.85,-0.3086951730978463,-0.3425933619642475
0.850125,-0.5444582340656664,-0.502684614395778
0.85025,0.10914596477585387,-0.2139892835603764
0.850375,0.26557761733510454,0.16221880525590307
0.8505,0.46393673310749844,0.43353425322332534
0.850625,0.1907599560728442,-0.22895720111474707
0.85075,0.031066233181089826,-0.42895897067787153
0.850875,-0.20451593333187165,-0.279015631751875
0.851,-0.007511512463983025,0.013968257268755354
0.851125,0.5519703223760182,0.09175164721913996
0.85125,0.6544260705999886,0.011273730987541393
0.851375,0.06382992697510582,-0.13687429397269082
0.8515,-0.3538411256968703,-0.4650357824208665
0.851625,0.017281556573956178,-0.36055523118881877
0.85175,0.43598673097373675,0.28159099175560826
0.851875,0.28211314351582717,0.25949813625970974
0.852,0.17149104133769594,-0.25365925787556126
0.852125,0.10737528375922693,-0.5582255094694978
0.85225,-0.19621354809647412,-0.03795793914065487
0.852375,-0.2649777752801575,0.5155918510321801
0.8525,0.22834182342350717,0.4577859130205496
0.852625,0.5940035430703284,0.28560651359488864
0.85275,0.2721903054327943,0.10557927449535408
0.852875,-0.12583271349163963,-0.028970329749574336
0.853,0.2743424628258731,-0.21132440055988813
0.853125,0.47950443700442313,0.44963898113959866
0.85325,0.39818954962885367,0.4286604316328796
0.853375,0.16237479962946608,0.011934261224400111
0.8535,-0.11988560748208005,-0.4449880033571343
0.853625,-0.3177785357207191,-0.2612282282921778
0.85375,-0.3960645034525414,0.37858635783279604
0.853875,0.3292644264933479,0.40760472965446537
0.854,0.3988477968356008,0.3201841112519963
0.854125,-0.12461525178209773,0.25804965215046827
0.85425,-0.41000981303547945,-0.10230009757013753
0.854375,-0.2025093750746303,-0.20906879275089207
0.8545,0.22679177624468477,0.290114116832697
0.854625,-0.05902292269612863,0.4165939740200062
0.85475,-0.28442822192123646,0.09282021315892602
0.854875,-0.32528387101715944,-0.16533010645858026
0.855,-0.31091785724385207,0.01762179383870591
0.855125,-0.464717767777163,0.3668712281936217
0.85525,0.10368924065037408,0.27326001824094637
0.855375,0.40854985583686115,0.005667043958916462
0.8555,0.2195281968950935,-0.042922785249937666
0.855625,-0.5509276680267355,-0.5446355729510967
0.85575,-0.4896029591539682,-0.28761067152592307
0.855875,0.26556496182554,0.05847716399074798
0.856,0.42421483047983694,0.4831519781393012
0.856125,0.19606415735610058,-0.07165472270357279
0.85625,-0.01652778735096817,-0.5004122828072699
0.856375,-0.19248366478315346,-0.2789281626437469
0.8565,-0.3228723242754178,0.08557234797088654
0.856625,-0.16102884739070683,0.20312164466097216
0.85675,0.42168155950854497,-0.27040394085926406
0.856875,0.2371003912653297,-0.17793909900229882
0.857,-0.6407622242145076,-0.34222684911043133
0.857125,-0.5055879713502206,-0.22306307706214487
0.85725,0.20714847056183955,-0.17649875485398467
0.857375,0.2706575595591325,0.3525721054042928
0.8575,-0.11087771794429756,0.07436187514168809
0.857625,-0.3329035407031878,-0.3290194743865657
0.85775,-0.22827135561561793,-0.3184957482411833
0.857875,-0.28687457574359976,0.2620635958127241
0.858,0.21458839024361473,0.25488889280611554
0.858125,0.5357687594362176,0.10269551474180792
0.85825,0.06944790255383798,-0.08751635978396621
0.858375,-0.5491921112054722,-0.16663571553286866
0.8585,-0.5469398738613325,-0.42787439094412866
0.858625,0.234422429288944,-0.16823996816729792
0.85875,0.5150541178857698,0.35488406905937897
0.858875,0.18626141893960635,0.14842215432339034
0.859,-0.2210287812846295,-0.5099040587422067
0.859125,0.09388841897575717,-0.4427099533610031
0.85925,0.2061684955289203,0.03652454231980005
0.859375,0.38678743384711217,0.09571447083362405
0.8595,0.5939419471310101,-0.2015198608533732
0.859625,0.4628018281339113,-0.33096636571074267
0.85975,-0.2599034266648396,-0.17775095379197883
0.859875,-0.41610376132905763,-0.22537878896907984
0.86,0.27698506332877576,0.016651245865935506
0.860125,0.5157476706381537,0.3715816664850451
0.86025,-0.0018663013916729104,0.14760031266543178
0.860375,-0.10994225846113083,-0.4264005816938456
0.8605,-0.08371753314877109,-0.5246549863796085
0.860625,-0.24913176851649563,0.20565495350510168
0.86075,0.09678009872623355,0.5416024441743541
0.860875,0.25054031953687883,-0.08963311946902051
0.861,0.08566418853385066,-0.25228858479827565
0.861125,-0.4131598370476049,0.008143690512000338
0.86125,-0.6207525725166436,0.06655481308898827
0.861375,0.005077193681195745,0.45720086695807033
0.8615,0.2501272950645961,0.7079104769401494
0.861625,0.1851653138328167,0.4210234960125127
0.86175,0.03645846701808886,-0.26362593944770984
0.861875,0.027688288632273416,-0.3701445019495081
0.862,0.18911435840341612,0.3519195993336771
0.862125,0.05085872764027419,0.48174396464390473
0.86225,0.27604348127893025,0.013992288516211718
0.862375,0.33266122159503553,-0.0963593587707618
0.8625,-0.2720812743867164,-0.17537425429204953
0.862625,-0.559737637057374,-0.27148078173285617
0.86275,-0.023903012568399874,0.01896721643844061
0.862875,0.28990594549191684,0.40814311344993726
0.863,0.13216881540379413,0.17059952840896012
0.863125,-0.20634449320111597,-0.33292273995906796
0.86325,-0.02816907148279139,-0.45012155825762523
0.863375,-0.13997985464275328,-0.03300402186218284
0.8635,-0.11356041743439362,0.2799238073493078
0.863625,-0.02121057586067734,0.14997702733487792
0.86375,-0.026241563468068278,-0.17525068880987554
0.863875,-0.26270617856970013,-0.05847725966143961
0.864,-0.49956549526248034,0.040363908999434865
0.864125,-0.025813671942644705,0.009060315113342267
0.86425,0.40298582576111647,0.23800931693590116
0.864375,0.31744170436334185,0.33557048588585847
0.8645,-0.24970359378594092,-0.20174732209399882
0.864625,-0.13296668892531088,-0.5215890944873639
0.86475,-0.008424955813030124,0.04097521859078915
0.864875,0.036660297355061905,0.309128201510589
0.865,0.11099206401308022,0.17982636801608337
0.865125,0.091235974428019,-0.20782308862395976
0.86525,-0.14067237782263592,-0.03565258580147326
0.865375,-0.6869219647816613,-0.07225163341912436
0.8655,-0.3079956627023177,-0.13522427570705225
0.865625,0.3016999717149675,-0.13065420993656826
0.86575,0.24341153699682244,0.2585082803187698
0.865875,-0.4769509454636624,-0.32836892783256205
0.866,-0.33009555170069166,-0.5416398033190583
0.866125,-0.14266825377588316,-0.13437855815177252
0.86625,0.10274696176916245,0.20812437096346523
0.866375,-0.04708771386503947,0.36541163619843453
0.8665,-0.06433523746337287,-0.15200432942467432
0.866625,-0.06286438472048418,-0.04219031561122312
0.86675,-0.5573293066305148,0.04468235087799927
0.866875,-0.24557761831096955,-0.09932633535658823
0.867,0.464681624236459,0.013849931927033241
0.867125,0.5064059978630169,0.00880752825396138
0.86725,-0.05457394789748953,-0.11429373008727263
0.867375,-0.26920820958364794,-0.5337735920169989
0.8675,0.21850530106384883,-0.30958077834780345
0.867625,0.4219591828737742,0.363657567636046
0.86775,0.26667493306249995,0.07293865169148037
0.867875,0.3830393338113009,-0.32183439871126623
0.868,0.08176076494226223,-0.5274129813110916
0.868125,-0.3738329080738575,-0.2506248206799516
0.86825,0.016481023159244948,0.04977334112686867
0.868375,0.5772702624028014,-0.10063018118568053
0.8685,0.6918800364106105,0.1756298389738515
0.868625,0.11724856170231901,-0.06414553435772756
0.86875,-0.06798685984784003,-0.3402027038237952
0.868875,0.11119237689128403,-0.14619734538022605
0.869,0.15135587908463669,0.4574863975731074
0.869125,0.12332131963845205,0.4731317714272909
0.86925,0.10752075718894531,-0.04687751725018297
0.869375,-0.0651940888466433,-0.19521112046853686
0.8695,-0.4804219114928435,0.2983776098243445
0.869625,-0.4352966562358334,0.40499206339421157
0.86975,0.31722366155710635,0.205612013366485
0.869875,0.6456838360681185,0.370394872285553
0.87,-0.10704857485085909,0.20330342958635356
0.870125,-0.6196409751961283,-0.4129687673618245
0.87025,-0.39675746919136873,-0.18163935990701308
0.870375,0.1504043088243797,0.6591876940475927
0.8705,0.35018541590395846,0.5173813020077717
0.870625,0.48440571099126034,-0.06820391519278379
0.87075,0.3138832956866648,-0.1363772690536501
0.870875,-0.241400602511179,0.13666094847428115
0.871,-0.48521883908919683,0.12515813459282074
0.871125,0.03389686398464151,-0.054689713493340716
0.87125,0.5008245338146844,0.27989575139442285
0.871375,-0.14083374105803673,-0.012770158016556307
0.8715,-0.5536413543000516,-0.4885129233308261
0.871625,-0.19839218218935234,-0.4003806106983353
0.87175,0.16282813467569182,0.15872043734851904
0.871875,0.14368065104011882,0.39567257983834964
0.872,0.21334981423314517,-0.0636451797835781
0.872125,0.1918817906225598,-0.4258099958678767
0.87225,-0.1776471508708015,-0.25916942857026715
0.872375,-0.4700720156784699,0.044482368297296494
0.8725,0.05303267480486359,0.155635625692657
0.872625,0.3736083541956238,0.32167445214282503
0.87275,-0.10144330898661545,0.38462999746808163
0.872875,-0.6334192667390509,-0.1485662484512659
0.873,-0.4675967201243606,-0.4542482336514838
0.873125,0.22180209101345466,0.15467481657349197
0.87325,0.3310942747678507,0.49465460889638385
0.873375,0.062294221064424164,0.07330799683971634
0.8735,0.03735195339838846,-0.37034962019912626
0.873625,-0.469446408052338,-0.27337432008137524
0.87375,-0.4733553034077326,0.06288489853109457
0.873875,0.17838986305163151,0.13461106589764338
0.874,0.39866349715888677,0.1431317965220004
0.874125,-0.24977977311391425,0.05365894289592697
0.87425,-0.983354926269018,-0.24888766891298486
0.874375,-0.5967167865412228,-0.25431190358995476
0.8745,0.18148372052039652,-0.027015927584421683
0.874625,0.3453192091240535,0.37579983483135354
0.87475,0.026078975330517742,-0.04947921950930799
0.874875,0.01286148350393272,-0.6047113026392578
0.875,-0.2605483328523156,-0.2513440364093354
0.875125,-0.36983221316670145,0.025101147426184012
0.87525,0.15446331066330052,0.11363217872612706
0.875375,0.6681964754285405,-0.013773175761115914
0.8755,0.3026109817919325,-0.13584677330223638
0.875625,-0.3877504935784644,-0.3871595381040608
0.87575,-0.26141097678303926,-0.41133771527569446
0.875875,0.307677448742715,0.08239968432557879
0.876,0.38494445202477445,0.48029674416406243
0.876125,0.2468897817771136,-0.4052006196562582
0.87625,-0.027276321406895537,-0.6794190883785076
0.876375,0.13146044272277088,-0.4926330039807841
0.8765,-0.044727960536407055,0.02330459769056836
0.876625,0.03430568133402833,0.3572359181995237
0.87675,0.4101875473998466,0.0725184016131168
0.876875,0.24943473770557062,-0.005747370388319123
0.877,-0.43579809191220054,-0.13488660594495633
0.877125,-0.4078060333712068,-0.3317206387974611
0.87725,0.3793052715330699,0.3404999294303294
0.877375,0.3876742504253137,0.5206290839850432
0.8775,0.32549469503614664,-0.030021954811485337
0.877625,-0.035636104582706295,-0.42475784849321785
0.87775,-0.06456556255963788,-0.29022386580857257
0.877875,-0.12157937506857441,0.19330203433275114
0.878,-0.0015046328670523118,0.2802832947823632
0.878125,0.30064588248870755,0.23492062434780075
0.87825,0.22161420255648226,0.13058213600081953
0.878375,-0.40085611646014785,0.022242225702818492
0.8785,-0.3666320090136714,0.07017735675164008
0.878625,0.2008754147189086,0.15980806300411965
0.87875,0.2820101254353469,0.6682389688789756
0.878875,-0.0031705263694330383,0.26922155240223
0.879,-0.2242218237296069,-0.37927461909148685
0.879125,-0.18891456622375644,-0.2433916913806624
0.87925,-0.14755205316314823,0.15678072978295723
0.879375,0.048700670536753594,0.31459777078515067
0.8795,0.36190517038188785,0.20019919764074132
0.879625,0.28419122257885887,0.08105264927365369
0.87975,-0.1998898201457755,-0.04933446062719034
0.879875,-0.6093297099457368,-0.17123447352474092
0.88,-0.011491503981954405,0.031212211235371903
0.880125,0.4143103505854084,0.3994244630496237
0.88025,0.22896484246624,0.10869706802237782
0.880375,-0.19597469619604616,-0.1945253269623434
0.8805,-0.2076141391076056,-0.5206988284193286
0.880625,-0.17781968659181602,0.17948260911333275
0.88075,0.15918249619023614,0.1741597391714287
0.880875,0.4523777363204561,-0.028298677313577672
0.881,0.1381681117585439,0.08213876798131886
0.881125,-0.4490777281178352,-0.2505231012064447
0.88125,-0.633163854212319,-0.03477319717520053
0.881375,0.17400669281758663,0.047457911391369005
0.8815,0.4156829474072818,0.2023449164018801
0.881625,0.08079780321051137,0.20910816881486474
0.88175,-0.45794759321163664,-0.25747526789352654
0.881875,-0.5450709351804066,-0.45324863564667117
0.882,-0.07396167980855207,0.0982034486254954
0.882125,0.1295072978509627,0.426347485472979
0.88225,0.2548022124938381,0.1301193939875421
0.882375,-0.012252926646946117,-0.33179059239497716
0.8825,-0.4081121915902589,-0.18300833060522753
0.882625,-0.7744659546462564,-0.12844981232619995
0.88275,-0.06789709085986392,0.0938200900284677
0.882875,0.2547996320983997,0.34492644994405985
0.883,0.1544052100032295,0.22859637916892406
0.883125,-0.2528982540976807,-0.48612164915258865
0.88325,-0.320186312677247,-0.3653912856897564
0.883375,-0.18599376817565752,-0.03396764354404127
0.8835,0.15114913014271947,0.4299542267637601
0.883625,0.401054334756066,0.03942298898088421
0.88375,0.5569346780853037,-0.42164475770762916
0.883875,-0.28622067983890986,-0.42673952710136365
0.884,-0.7325771003992171,-0.21639418927745246
0.884125,-0.11001170209794227,0.11424485759425616
0.88425,0.6401481646478444,0.2784963288977545
0.884375,0.5167754822832631,0.020433885797175762
0.8845,0.07805805571629247,-0.40711838985747745
0.884625,0.013749733399851168,-0.5926519906478428
0.88475,0.14576793232328225,-0.1794571636810074
0.884875,0.13068277610998993,0.3044742378155431
0.885,0.37374627845099756,0.21519914006561358
0.885125,0.45481354747578495,-0.3663413738151556
0.88525,-0.01664655859632244,-0.32909733896686394
0.885375,-0.27578051021043454,-0.09068967266219582
0.8855,-0.03495026822356137,-0.029192641855541074
0.885625,0.17422011215515332,0.28263869889218546
0.88575,0.3533894482034377,0.2779113508659519
0.885875,-0.05952663116030195,-0.18833069885847833
0.886,-0.12148909756892479,-0.3793497177282131
0.886125,0.11473187502428418,0.0030188473000777416
0.88625,0.07264752360885836,0.6113662857730965
0.886375,0.1255587632141955,0.3896920292459681
0.8865,0.21528971951326903,0.028875430869412338
0.886625,0.007434666828152633,-0.12445179012183695
0.88675,-0.42700694133828127,0.0807163739631956
0.886875,-0.10457564159827115,0.01749332024772401
0.887,0.3562257817467252,0.29260446656459677
0.887125,0.17910833610179253,0.4009056845650468
0.88725,-0.38423986507107555,-0.0802245206920633
0.887375,-0.26941778835096264,-0.40894878605929336
0.8875,0.06058811071724307,-0.06599090972079852
0.887625,0.4551105531685612,0.299446181393862
0.88775,0.3480147185511269,0.2635045459904481
0.887875,0.19548453326241574,-0.10034197504080407
0.888,-0.11985006590977314,-0.30068661495807936
0.888125,-0.44416131255301505,0.13116357265754094
0.88825,-0.2651430488302805,0.10846133324198622
0.888375,0.23461205405798247,0.14365311325751243
0.8885,0.015448141339790094,0.20700981043158867
0.888625,-0.418826263675768,0.01097807131852033
0.88875,-0.4813296365572136,-0.34464711950801835
0.888875,-0.11379879419866366,-0.07385120604624025
0.889,0.15419646073703477,0.41279797558319264
0.889125,0.24036095035853502,0.2517448046995921
0.88925,0.09147759365360035,-0.2060038787811608
0.889375,-0.027473517604435334,-0.2592763656342017
0.8895,-0.40238050094666755,0.025153712287091075
0.889625,-0.37717376851698536,0.2894905868428671
0.88975,0.20046867898732157,0.1653210781124985
0.889875,0.5213395425970873,0.1706329872637424
0.89,0.19128900432505785,0.09416503510384495
0.890125,-0.4530289082276617,-0.3440547132043747
0.89025,-0.29966737972395274,-0.03649169601306317
0.890375,-0.23331235589379976,0.21437208607467428
0.8905,-0.10238466996600962,0.23593521062086928
0.890625,-0.07930648798628527,-0.3163795771075349
0.89075,-0.2518274802274937,-0.5130493077787034
0.890875,-0.4620836450845159,-0.07974181557689182
0.891,-0.6347935297632381,0.28352889793316277
0.891125,-0.0021022769275758427,0.0210435115973629
0.89125,0.3204166088160231,0.2011434994225445
0.891375,-0.07711506206432392,-0.04530106139753592
0.8915,-0.30589811195250105,-0.2831258120911602
0.891625,-0.010720796495605603,-0.4589543626186581
0.89175,0.4018071758945217,0.20543203301940235
0.891875,0.1674733046851303,0.5808890296382974
0.892,0.14690086335653113,-0.06029927121387799
0.892125,0.1020246889612784,-0.3734788138204943
0.89225,-0.05468010227679961,-0.1771221595857294
0.892375,-0.25292842240555985,-0.08733502016929524
0.8925,0.275106946313007,-0.08505444780597662
0.892625,0.4290121250016275,-0.22669631941680105
0.89275,0.2287406697542558,-0.36329621292034064
0.892875,-0.19044888191556755,-0.5577950449201802
0.893,-0.10475856839496435,-0.5985344865769407
0.893125,0.3138123712429229,0.12416666121240522
0.89325,0.3873198496694196,0.44041002298147514
0.893375,0.33174057208358493,-0.12338507849773843
0.8935,0.3676004611525067,-0.3653710884277566
0.893625,0.15809360397988723,0.07741627850861856
0.89375,-0.1652561329886214,0.30346668643612246
0.893875,0.009459196809839435,0.11330872642269298
0.894,0.37031723846685577,0.15888496192014542
0.894125,0.12028634022557852,0.06650682197064936
0.89425,-0.43094098395635794,-0.0039435016434927325
0.894375,-0.41434459719343114,0.0020098196575222757
0.8945,0.12879517295405768,0.3020648585633827
0.894625,0.12376976328175528,0.48003488664345473
0.89475,0.10863642636321143,0.12085988401448525
0.894875,0.1926763487727662,-0.17379502661803814
0.895,-0.08178006986262583,0.09157030698526958
0.895125,-0.36263791486539226,0.3078860140908299
0.89525,-0.06269197600755891,0.24091832537301222
0.895375,0.5117522436352653,0.3261145545223036
0.8955,-0.006103834098037606,0.3433606032499907
0.895625,-0.6654006177688104,0.21091983724351873
0.89575,-0.20146941801383514,-0.21256701303312098
0.895875,0.30976794883515235,-0.07276245361849473
0.896,0.19701208149382965,0.570766673454081
0.896125,-0.3556571862194296,0.19042178340889268
0.89625,-0.17670922047022217,-0.4681967011213398
0.896375,-0.10666278147422693,-0.3254600056920042
0.8965,-0.014232324758976787,0.024453815386765887
0.896625,0.29289622354039563,0.102066416494656
0.89675,0.4500201992970212,0.2534798562322541
0.896875,0.08398675756540555,0.15750460669661978
0.897,-0.31166895625815927,-0.15279360875335654
0.897125,-0.29213833628034586,-0.24635883660916597
0.89725,0.1569971932398706,0.05578050966689547
0.897375,0.12359890377923471,0.14407188118247657
0.8975,0.029268834203357862,-0.028219187624772105
0.897625,-0.23122345096641622,-0.4007605695964485
0.89775,-0.13360697341544372,-0.1331417236605621
0.897875,-0.20211289897530657,0.1834679152073557
0.898,0.04411576896354502,0.31561585378428236
0.898125,0.22576919916712712,-0.10554844352420507
0.89825,0.2577007847345079,-0.1434636620152681
0.898375,-0.31384893726423835,-0.24347621961767874
0.8985,-0.5361867431910365,-0.025015902518285504
0.898625,0.10891886801590478,0.08321611868911749
0.89875,0.2706023073663638,0.27639907287849674
0.898875,-0.19370471224103758,0.10884751540478624
0.899,-0.5308408647794763,-0.3216016234961743
0.899125,-0.4861931202418806,-0.28428910870586943
0.89925,-0.3774434930138236,0.17759133311377986
0.899375,-0.09170097378614499,0.24773890419631525
0.8995,0.2755142426284584,-0.06267552497932319
0.899625,0.004465529295302319,-0.20752591515657
0.89975,-0.44607006815984185,-0.09272784689778005
0.899875,-0.5938141077686272,-0.2383506726192427
0.9,0.23362913658212064,-0.030345770700001457
0.900125,0.3454305799558292,0.17944866124707345
0.90025,0.12605759439218137,0.17831577511277055
0.900375,-0.22442294577154595,-0.3367964437952797
0.9005,-0.12894779893855382,-0.4033225695283848
0.900625,-0.006890539568297001,0.01146187679653727
0.90075,0.09305638855275913,0.2342766217841787
0.900875,0.2897580297218887,-0.08009680822870831
0.901,0.5297693984767109,-0.4378879751927872
0.901125,0.09389644971175845,-0.49300760250692205
0.90125,-0.4093350254505504,-0.3240371515139687
0.901375,0.15072377225237568,0.14712609936742502
0.9015,0.5423287828663097,0.2329933422231792
0.901625,0.18050013781149676,-0.09414560305799365
0.90175,-0.043113570345922385,-0.8355997129044899
0.901875,0.06335598636991743,-0.3816939320269001
0.902,0.05693827970685898,0.17543621241952634
0.902125,0.1308841075199091,0.560059115054677
0.90225,0.2581176635355349,0.05989019152346438
0.902375,0.3742988813152349,-0.10645413657617372
0.9025,-0.15218464394301884,-0.09249139944417968
0.902625,-0.36844310460096463,-0.19936810782706804
0.90275,0.03903813776945074,0.08967706576650576
0.902875,0.29053543841021284,0.38138857482068556
0.903,0.27418406924797906,0.5283473420089986
0.903125,-0.17428100752286393,0.06181641779955609
0.90325,-0.0078703557773171,-0.223713417882018
0.903375,-0.016668963138313567,0.030657708405537422
0.9035,-0.18981629685446508,0.3118111321403692
0.903625,0.13970478363315406,0.3067455305071144
0.90375,0.1254071196678858,-0.16099118002963597
0.903875,-0.21114388997135222,-0.06660082531692306
0.904,-0.2580641773007394,0.05740894258308451
0.904125,0.13360157285992993,0.1577004251916188
0.90425,0.17881192666160978,0.38634532681321504
0.904375,0.12676108637186292,0.40717039058088983
0.9045,-0.2717650338632216,-0.06158609804534266
0.904625,-0.33978027118667087,-0.36014401674412
0.90475,-0.1824219737081476,0.04809947032064312
0.904875,0.1699059556796993,0.343984750909221
0.905,0.27960027548014604,0.0019303773425321188
0.905125,0.267919650886974,-0.17991628345595695
0.90525,0.058445062827374855,0.08187422792049588
0.905375,-0.4884803092855729,0.0021770368675746174
0.9055,-0.08808031923952515,-0.06813596617353472
0.905625,0.5103292028216755,0.19028144371959746
0.90575,0.35587027837943264,0.03305160138398537
0.905875,-0.01572961569287236,-0.1542003422143895
0.906,-0.3056113620859838,-0.2080661929120611
0.906125,0.11124798045305613,-0.11241497503237596
0.90625,0.06151236544978831,0.3435511450768169
0.906375,-0.029082255642137393,0.2951334658125163
0.9065,-0.05573409409105426,-0.18649987354498915
0.906625,-0.24485112887914198,-0.36643918937788206
0.90675,-0.6169707187276078,-0.20449022824364768
0.906875,-0.28820180834448594,-0.11127923064959756
0.907,-0.016544201852073896,0.16089850692643826
0.907125,0.054442746408588,0.2905018136910069
0.90725,-0.2644523699931769,-0.10594577488838805
0.907375,-0.5373527416589485,-0.3037042432541214
0.9075,-0.024453044884376843,-0.05935229644836761
0.907625,-0.1267789873036584,0.4938428388923607
0.90775,0.09277086876066828,0.4088919752400583
0.907875,0.089183884291793,-0.017365563666359093
0.908,0.11417667095655298,-0.11916346403042244
0.908125,-0.366399624439765,0.02647267265031349
0.90825,-0.3745903246794863,0.04599935322369747
0.908375,0.2690105163820784,0.12081014020418875
0.9085,0.22670265056112746,-0.01309144644743471
0.908625,-0.021552202066160302,-0.24674817296752596
0.90875,-0.3832656939941572,-0.4334456130010291
0.908875,-0.02398959510674015,-0.38061057949040017
0.909,0.3645064973973916,0.008856612711543914
0.909125,0.35362853214019824,0.15705871870498078
0.90925,0.08013720890033524,-0.4761620636422215
0.909375,-0.13421761990276485,-0.5030832938322909
0.9095,-0.24955815924166927,-0.08919176446501721
0.909625,0.13780492628189897,0.019802060687365924
0.90975,0.5298920110783607,0.04611469605577496
0.909875,0.48546431460864253,0.2130760399224749
0.91,0.1497856621158782,-0.029253228601238947
0.910125,-0.19233355876899208,-0.16958445096020602
0.91025,-0.01289332428768762,-0.13459023335284942
0.910375,0.19660669720221435,0.16608409925692402
0.9105,0.01736387564252193,0.31835626994005095
0.910625,0.08134694635530137,-0.04603311064266199
0.91075,0.006822387514588026,-0.2564338486229008
0.910875,-0.0630038527953963,0.20667078584714516
0.911,-0.20032298302186977,0.3493907903136596
0.911125,0.19840395848616715,0.22036820648636782
0.91125,0.3034471376225638,0.054491159239763935
0.911375,-0.023488160681741952,0.1745391283454133
0.9115,-0.1766320678008397,-0.30746149580438553
0.911625,-0.02648155579197606,0.027329945721389547
0.91175,0.1265574113019379,0.3621194977741011
0.911875,0.21309792512353648,0.4946145226395172
0.912,-0.015951531421808496,0.13037812562056517
0.912125,0.15317248746618578,-0.13143037610695307
0.91225,-0.26712328638990324,0.009721134459449157
0.912375,-0.16349993828553547,0.23069455346311973
0.9125,0.15265891769946596,0.016344016886283015
0.912625,0.15754342823330925,0.11309998081993995
0.91275,-0.07936212061631512,0.06923502570119339
0.912875,-0.44309933307492905,-0.12848842876803618
0.913,-0.0997364385443206,-0.20729824620774676
0.913125,0.36308632555629616,0.05649004726178057
0.91325,0.05711540660725246,0.2646872737066235
0.913375,0.040489146675143195,0.04520913651175715
0.9135,-0.015338222527556181,-0.16256761114759322
0.913625,-0.14986611265400196,-0.014115886263703322
0.91375,-0.15614559602629224,-0.06315735435335325
0.913875,0.20830177779392586,0.17529032178547785
0.914,0.4716210767074987,-0.03377801285281486
0.914125,0.08123690952550656,0.019570529901898705
0.91425,-0.5084435258449099,-0.1999711457379217
0.914375,-0.3556828264210697,-0.028298513971655982
0.9145,0.08172988683518821,0.1458750466213433
0.914625,0.20045349820839767,0.2695906345672281
0.91475,0.02632740875865263,-0.05317798553965233
0.914875,-0.22031254556553811,-0.4180949810020402
0.915,-0.39342061695868,-0.15147029511767604
0.915125,-0.183847879967086,0.1122164107002792
0.91525,0.03463659180218448,0.017580016594231918
0.915375,0.2898728127277151,-0.06898351623576394
0.9155,-0.011110579515567858,-0.14337816500181774
0.915625,-0.6339747187355624,-0.13501048333341098
0.91575,-0.5308044091736174,-0.11988426405177992
0.915875,0.09635490952293299,0.32602229954643175
0.916,0.08874768625139315,0.35801562732052433
0.916125,-0.040323039170997804,-0.08627537052562156
0.91625,-0.03596583964748715,-0.4952963278046429
0.916375,-0.1688354553423412,-0.3883196860620215
0.9165,-0.32074778602944176,0.20220934996697323
0.916625,0.05458970525360472,0.14251601584858528
0.91675,0.40387166820432613,0.066153330134287
0.916875,0.29549541580179084,-0.3185529871013887
0.917,-0.34715828421193917,-0.26876874878602997
0.917125,-0.08033915307550539,-0.2356154817950412
0.91725,0.129681685071221,0.1258324765136873
0.917375,0.4500460928277112,0.1734936773895127
0.9175,0.20712963218736444,0.029944683112936035
0.917625,0.01319824983825958,-0.4951198430104311
0.91775,-0.10971440136459643,-0.396582628551275
0.917875,-0.08888468784572638,-0.15951091372158757
0.918,0.04824329442688327,0.09592685342781603
0.918125,0.6084437767120857,-0.041815090259469445
0.91825,0.459326463274189,-0.17690600002316265
0.918375,-0.13551592944906393,-0.2714562034397308
0.9185,-0.24390546421763387,-0.30987843162715506
0.918625,0.28772812044769625,-0.04347770347487654
0.91875,0.6354252694769869,0.3790672294575738
0.918875,0.2340496145755763,0.2236217483913155
0.919,-0.28560820833775924,-0.3867683867294189
0.919125,-0.2384086069390637,0.029081832469811525
0.91925,-0.07295033822760531,0.20853590019466234
0.919375,0.26130082730079646,0.38736131070110524
0.9195,0.47071609125920916,0.10743493520066556
0.919625,0.04329197720087785,-0.06812365759748501
0.91975,-0.0902011280466191,-0.005997982345550829
0.919875,-0.4349006007387461,0.0019288642765894523
0.92,0.010191323369611432,0.2140168221282926
0.920125,0.26285698432911386,0.4492483578695376
0.92025,0.10013984352711765,0.3579391595696669
0.920375,0.04731517296603781,-0.14335058278916976
0.9205,0.13023822568613386,-0.24316948778241382
0.920625,0.029309017717629622,0.1200011064716517
0.92075,-0.035556969603336416,0.4375766005485467
0.920875,0.08568013463856369,0.010786663488406694
0.921,-0.1809408137693752,-0.1940741002748932
0.921125,-0.24972591572357555,-0.08970275917524302
0.92125,-0.36238007645378134,-0.15404704460372054
0.921375,-0.07734634454729522,0.19597463598881731
0.9215,0.19496702469998356,0.4248766212698646
0.921625,0.06983776183292942,0.30797567193389364
0.92175,-0.14223770619578519,-0.18913447311061343
0.921875,-0.09190756980617554,-0.43800843502371606
0.922,-0.09521835729068184,-0.11985062943938274
0.922125,0.09707337592974984,0.2533389988617702
0.92225,0.3186497427340155,0.01027801881396892
0.922375,0.36884500660317626,0.051265656622954986
0.9225,-0.002761918727410058,0.0756838794084653
0.922625,-0.3006370514706581,0.0029109457137119293
0.92275,-0.15546494761137056,-0.005309516066660327
0.922875,0.40251740670363495,-0.1078615585170465
0.923,0.12107784786545651,-0.26419192424190163
0.923125,-0.5097055974776732,-0.41616901822653257
0.92325,-0.42887078755347496,-0.3474558903561289
0.923375,-0.19650697227879085,-0.056531125120959314
0.9235,0.16218600884177128,0.3755779598893719
0.923625,0.21680349634043458,0.06595560203622988
0.92375,-0.04941861738962909,-0.08049392875419233
0.923875,-0.6328495988330207,0.024962525511341108
0.924,-0.5623940799041078,0.004751689112395108
0.924125,-0.2813802213176505,0.019115336683744266
0.92425,0.49826540897078747,0.2818454402564518
0.924375,0.21616049287500752,0.2529042155431676
0.9245,-0.2210558137885528,-0.1282825487979123
0.924625,-0.37225098121850747,-0.48586009948454606
0.92475,-0.253563482088583,-0.10466984468847336
0.924875,-0.16536921168365593,0.2112499774053356
0.925,-0.037808185706161825,-0.011543707672731114
0.925125,0.11177402205693529,-0.3508856778923837
0.92525,-0.292693047748814,-0.4410118371809079
0.925375,-0.39643256527989446,-0.037877838161671014
0.9255,0.07110477894035716,0.10744753575184152
0.925625,0.42611343286058656,0.26630481164763137
0.92575,0.30088187771581504,-0.13090573494673038
0.925875,-0.22858632499544881,-0.486439938583683
0.926,-0.11420398280771726,-0.6538516194148034
0.926125,0.06171675026356507,-0.04081985488650124
0.92625,0.37627280501442845,0.30786848392226873
0.926375,0.26261842401611857,0.12283698627024983
0.9265,0.32296975924905863,-0.1865247459003853
0.926625,-0.03950788012519461,-0.3167605153722641
0.92675,-0.1356610589538274,-0.07510492884967036
0.926875,0.16602016884792214,-0.06475299481553769
0.927,0.6177593222308151,0.061988393022870014
0.927125,0.35667842185474974,0.17390696729434693
0.92725,-0.23680049264062877,-0.05439977948528072
0.927375,-0.12421198664842362,-0.33483523518222813
0.9275,-0.18640261789833465,-0.009862603591110833
0.927625,0.03494064866925522,0.21986151524258316
0.92775,0.22520545939129982,0.106404255552558
0.927875,0.24169236115675902,-0.2569764052302308
0.928,-0.08994145163217324,-0.23689557043779455
0.928125,-0.23558387964467212,0.14214981050135256
0.92825,-0.223069115161162,0.3323742342708217
0.928375,0.22412186408670434,0.2553494403933375
0.9285,0.22984528013557803,0.19887601815188657
0.928625,-0.10396853688484037,0.03968621523191797
0.92875,-0.20581672529637815,-0.15950024239098698
0.928875,0.04343901224972021,0.18760051502708328
0.929,0.21319329066950563,0.6130480336293525
0.929125,0.14602624228305394,0.4723315139718139
0.92925,0.2715306480045407,-0.020504483741419496
0.929375,0.20604095869221556,-0.046350181895716845
0.9295,-0.2147297575019229,-0.07531007936968113
0.929625,-0.44190337736867935,-0.005003489797661582
0.92975,0.11088983616357623,0.1964302022938384
0.929875,0.4058337669044469,0.2514461426729053
0.93,0.17038212351605422,-0.08228271151287884
0.930125,-0.26510714203099295,-0.11272356671405658
0.93025,-0.1322523005566179,-0.05706359557892363
0.930375,-0.2152951367396405,0.307317705125138
0.9305,-0.10903829218271674,0.33073501844407155
0.930625,-0.12725470233330402,-0.23428511030127355
0.93075,-0.16674846302148152,-0.2506689268492418
0.930875,-0.45635698651425255,0.1307990176244996
0.931,-0.3661731892065862,0.1427756108110917
0.931125,0.04947288412808382,0.31858263294271183
0.93125,0.2763717257246784,0.08605340046568426
0.931375,0.02549256239122453,-0.016564258302461336
0.9315,-0.20694234163958258,-0.2297654802891634
0.931625,-0.13014995776216634,-0.08773148678300527
0.93175,0.09350674354260323,0.14906444278012387
0.931875,-0.049206286542092005,0.34660172212587276
0.932,-0.20492241463893493,0.07335338291213712
0.932125,-0.11302291067621595,-0.3702428103074099
0.93225,-0.31675017591801946,-0.1281052656307591
0.932375,-0.33948629726781954,-0.0758894111173848
0.9325,0.0999208816299267,-0.08971052430826686
0.932625,0.1695901100761201,0.07219902706758273
0.93275,-0.2302417715129384,-0.1369663886968186
0.932875,-0.25698398019311974,-0.3932731038323767
0.933,-0.02650629206669717,-0.3212123167355945
0.933125,0.1327181480078028,-0.03327642249650874
0.93325,0.101007448371016,0.2138855505542959
0.933375,-0.12175199812765373,0.03442830065203166
0.9335,-0.25803916888137246,-0.20341575819493846
0.933625,-0.3318756627095119,-0.04374680381073988
0.93375,-0.1470058693997433,0.05359899301174806
0.933875,0.19583150701351415,-0.10730854212514492
0.934,0.6010496131244465,0.006197868554359254
0.934125,0.26023344137089993,-0.04562216343697369
0.93425,-0.0967112693948675,-0.21357502875548356
0.934375,-0.026245037862114386,-0.3193325775644474
0.9345,0.40117036619899543,0.15111588491291458
0.934625,0.4447006820319663,0.13904033041750524
0.93475,0.06667598776772804,-0.1729115597821903
0.934875,0.07264955614539774,-0.3754527593243446
0.935,-0.017178550476064647,-0.1497238582726586
0.935125,0.01741600008529808,0.16232749129999244
0.93525,0.2028567327114738,0.28085053954472333
0.935375,0.5432145941191779,0.10419764074834818
0.9355,0.06278383383636821,-0.06751972330235483
0.935625,-0.31054641000704264,-0.1927043722029523
0.93575,-0.16145162781640282,-0.11545011692613448
0.935875,0.24240316104207432,0.2513111939876683
0.936,0.18871364337484528,0.6002903819903644
0.936125,-0.05385046291925574,0.25653426553959924
0.93625,-0.3285413212983746,-0.16285825507809945
0.936375,-0.17791055380815665,-0.07111600739145593
0.9365,-0.0016336619298334876,0.3379679522762478
0.936625,0.22987729717681724,0.30457643437582593
0.93675,0.19705730466613697,0.09243728727629442
0.936875,0.04480892716081602,0.01801006979735353
0.937,-0.2957584615393832,-0.06415276495034415
0.937125,-0.44647164393093514,-0.09242308437161209
0.93725,-0.11987754775778259,0.1968180773023744
0.937375,0.12617225999641063,0.44651584619198875
0.9375,0.20651962429613346,0.0564228306801228
0.937625,-0.032959036311137835,-0.3573530448044332
0.93775,-0.13490494131821487,-0.169355458308766
0.937875,-0.34427695000396835,0.2714564614504171
0.938,-0.2530364319336659,0.23944099439826125
0.938125,0.09295611087446416,-0.0992293763235486
0.93825,0.12273565353916592,-0.3981724112279979
0.938375,-0.2727550808023145,-0.20786895061142968
0.9385,-0.057627682857031605,-0.08935463479765138
0.938625,0.07755357586429022,0.22372278302247173
0.93875,0.4871304287585239,0.12403470441558492
0.938875,0.0017003002145187947,0.1309591414020101
0.939,-0.28208224252749625,-0.35309374951845196
0.939125,-0.29112302132953527,-0.417678989364324
0.93925,-0.23638699337560942,0.030123625855379407
0.939375,-0.14406809414632543,0.22216051955616758
0.9395,0.14766721759153936,0.1715577623941969
0.939625,0.03704673120308988,0.059691756686252574
0.93975,-0.19866593120433465,-0.10461873934069478
0.939875,-0.2815944141450113,-0.2946063963851343
0.94,0.07014540319293133,-0.14193792929581894
0.940125,0.26830072352232204,0.1522212897809082
0.94025,-0.08458685483422554,0.1731810526104303
0.940375,-0.1842664954210853,-0.22534965402705945
0.9405,-0.21932620908143566,-0.3419912424746812
0.940625,-0.07146438885657252,0.1719347882168356
0.94075,-0.3435558993200905,0.24739770794219884
0.940875,-0.14335313150864443,-0.00013997101043156871
0.941,-0.17216614340882466,-0.17389269341874197
0.941125,-0.31442591336619047,-0.13768101190925158
0.94125,-0.41100344897963287,-0.2240235771011487
0.941375,0.12577237297559213,-0.10456229117054615
0.9415,0.28676759670998686,0.1708889748230653
0.941625,0.1321344230391001,0.1074583272082565
0.94175,-0.06860626750546232,-0.12585328488324568
0.941875,-0.0705398036082838,-0.34217677929144363
0.942,0.10390043105925109,0.0874634439898109
0.942125,0.1604299735191255,0.11869993155787345
0.94225,0.18701177657895995,-0.02377601062738538
0.942375,0.32010142630583094,-0.1604162982167326
0.9425,-0.023124778744324635,-0.20671252052170416
0.942625,-0.2955952792749742,-0.23402383861979842
0.94275,0.0649832962034858,-0.17203199302325015
0.942875,0.4258564671393855,-0.12482968274104742
0.943,0.26551973210428365,-0.10144541409253817
0.943125,-0.04198300701006806,-0.3718409818360324
0.94325,-0.0918547994866273,-0.43787936605879474
0.943375,-0.11251074307315201,-0.07989502165934093
0.9435,0.08339410920649004,0.358252235669641
0.943625,0.3569190073942046,0.02538265204594806
0.94375,0.3649716746846802,0.05462079248907337
0.943875,0.013004226706589,0.006773509712356904
0.944,0.023124628762610205,0.14077151193542461
0.944125,0.027170222047934522,-0.15176744886836185
0.94425,0.4384354199057595,0.12093784056548626
0.944375,0.13293144956276076,0.2857341475485691
0.9445,-0.13170422023053857,-0.0033586226827287875
0.944625,-0.10483892989323695,-0.20752243662721445
0.94475,0.058446844681818114,0.14378981718015113
0.944875,0.03375036209063138,0.44492348020267264
0.945,0.05681295208866615,0.20965750091938612
0.945125,0.06058233515918439,-0.21281911097929462
0.94525,-0.05355201584372741,-0.17864019707402432
0.945375,-0.19528163804275162,-0.06011813849409683
0.9455,-0.014992877789198469,0.08580621287511231
0.945625,0.08450420165579342,0.3222552912513877
0.94575,-0.10202767966691786,0.4392459699184937
0.945875,-0.2579326822306224,0.08316772997289205
0.946,-0.05796773520426826,-0.08365418406192783
0.946125,0.09506403200024204,0.07219825811316645
0.94625,0.10406697029709214,0.24661136234551695
0.946375,-0.03665469182037517,0.10531183804930482
0.9465,0.1065305064588545,-0.09529765980903827
0.946625,-0.05904280216898258,0.0751327092779802
0.94675,-0.21338397904347953,0.006805578664576054
0.946875,0.09554544721823109,0.1621835538367361
0.947,0.19918462192412462,0.025295705324621838
0.947125,0.07961630618041361,0.05003806023774461
0.94725,-0.1797311283767369,-0.13911685872001933
0.947375,-0.128535799708474,-0.2683840447665517
0.9475,0.017104691153600207,0.02987732069665658
0.947625,0.19269738185510507,0.07102050250674337
0.94775,0.00485368984049358,0.005457426200986987
0.947875,0.11492954797897373,-0.20122554904743897
0.948,-0.12126861229795831,-0.16188885586071228
0.948125,-0.15077420838831493,0.03727059207628808
0.94825,-0.5658198728593921,0.0831382358063723
0.948375,-0.18518931228444374,-0.008547738739147827
0.9485,0.10363194276387452,-0.011873144338537894
0.948625,-0.1385083982310354,-0.05083769889588179
0.94875,-0.23126585843684794,-0.2768818230080956
0.948875,-0.20307507113335388,-0.06494069580574906
0.949,-0.1895961800383492,0.18248789457662717
0.949125,-0.1775299930479064,0.0660036970417706
0.94925,-0.13166684824423858,-0.05912522110118551
0.949375,-0.16964861558414857,-0.07357766173428157
0.9495,-0.4372772805577474,0.08793707805672059
0.949625,-0.17649005750222813,0.22443137736675564
0.94975,0.16553097898468805,0.15726620516358483
0.949875,0.2524202149072878,0.031060668547987846
0.95,-0.18834933584142036,0.02854775662295191
0.950125,-0.11976628437103834,-0.2114096562997821
0.95025,-0.10423170837466046,-0.3358775950438985
0.950375,0.2871907856252281,-0.18071655676532022
0.9505,0.2887437661911818,-0.015790810645190494
0.950625,0.37272806300452443,-0.16506977087184926
0.95075,0.2591010930164511,-0.23614828259590637
0.950875,0.01536314960552368,-0.26668612836427424
0.951,0.009894795655504354,-0.06903529770556995
0.951125,0.26311360973225256,-0.06436478815230115
0.95125,0.27876634165426417,-0.12836603909049185
0.951375,0.0259089030448113,-0.2103313733667926
0.9515,0.027147283981747754,-0.339151631068702
0.951625,0.1482065243757051,-0.1993926423559594
0.95175,0.09593721883630915,0.17993440466897478
0.951875,0.14193576046801573,0.19601493764989408
0.952,0.16256005216907707,-0.09744927968673658
0.952125,-0.04294523521748398,-0.3276772389232412
0.95225,-0.3534477371061692,-0.13064198786953504
0.952375,-0.2688196942114601,0.2208159047871416
0.9525,0.008479329563729938,0.3063972121615682
0.952625,0.04954777791985814,0.3531885174915539
0.95275,-0.10096480314174405,0.3444406274210295
0.952875,-0.2167784378855457,0.17472745410594587
0.953,-0.1518238242920279,-0.00853178085997445
0.953125,0.22478652777314054,0.24769471590669223
0.95325,0.22578866042201876,0.2645490114610813
0.953375,0.22882568914314128,0.006201899567578182
0.9535,0.013988047589481542,-0.06055788516751369
0.953625,-0.09217297758785878,0.07862248162041766
0.95375,-0.0070877748909208334,0.19056111971896642
0.953875,0.350167698464236,0.16911909621215745
0.954,0.4142932299938432,0.10249025726740434
0.954125,0.07714290678083917,0.08577162706443878
0.95425,-0.14084939677915637,-0.03299251249828044
0.954375,-0.24198983097448687,-0.26485520753066427
0.9545,0.16794102734343597,0.019403951256846817
0.954625,0.17838087922610502,0.1610459392212711
0.95475,0.03527346966813783,-0.10269977242899497
0.954875,-0.09088317863107072,-0.16438173191678881
0.955,-0.17790970331776684,-0.2262131174783021
0.955125,-0.1858937908121869,0.32089985501165796
0.95525,-0.06444594226868085,0.151208138128589
0.955375,0.16622787259903998,0.11044901305144043
0.9555,0.1222184823092639,0.0413316362959134
0.955625,-0.3298756463868227,-0.11679607488662258
0.95575,-0.38078626356116013,-0.004303519061244814
0.955875,0.033401111661629776,0.29237781153419035
0.956,0.001202772682452747,0.3461224970920065
0.956125,-0.14498285755114884,0.11006388272163252
0.95625,-0.11211716337706537,-0.19152129169694102
0.956375,-0.25353009942879834,-0.07978441883195181
0.9565,-0.14627613912497642,0.1064890079446718
0.956625,-0.0020795412224634447,0.09687727620772432
0.95675,0.1321118012041895,-0.10606024824152188
0.956875,-0.06741957074651317,0.0023381296792937094
0.957,-0.39537274582960175,0.03323150493269591
0.957125,-0.23437025464059222,-0.1735837264796019
0.95725,-0.018624770086158007,0.18834219892744997
0.957375,0.07265872936651427,0.06290223085515628
0.9575,-0.1265929281167833,-0.022805321169738667
0.957625,-0.26910017963371907,-0.29495260640785126
0.95775,-0.252806410905849,-0.3566758748825548
0.957875,-0.19198972270460668,-0.1645086436233007
0.958,-0.04947683470907495,0.10860153754671847
0.958125,0.1763758958502183,0.00027029842321887843
0.95825,-0.0029152971788048545,0.023794084025125818
0.958375,-0.28523493928928795,-0.3313802297631237
0.9585,-0.17155433239288756,-0.08174280584118232
0.958625,0.22803204588951606,-0.10695822580301331
0.95875,0.4498025618223001,0.2393685482067293
0.958875,0.22031149207295497,-0.012112011117420362
0.959,0.017699412039597063,-0.28740936495989283
0.959125,0.18705346730623706,-0.4852122211486568
0.95925,-0.008253183060544757,0.045010929503729535
0.959375,0.29328867386085,-0.10552992521332914
0.9595,0.6287187990979919,-0.09767130718884084
0.959625,0.38385277101203613,-0.35233618856258486
0.95975,-0.11395221615761303,-0.24544156029925812
0.959875,-0.35599765044406434,-0.12770331087909947
0.96,0.06080749345902271,-0.11660177413813073
0.960125,0.3803366660190817,0.31670402748133847
0.96025,0.23907919778977513,0.07272173062983468
0.960375,-0.12030895837566098,-0.21793924303084103
0.9605,-0.15880684103141954,-0.08919969614388201
0.960625,-0.16191871889337073,0.2180674451054154
0.96075,-0.08718955865275335,0.3885186266925118
0.960875,0.018182411121706533,0.06947383937804404
0.961,0.29047661281828296,0.029500760843329126
0.961125,-0.08937943812911625,0.09457278298511652
0.96125,-0.296564491640013,0.1501811100141392
0.961375,0.1706987372821201,0.29706365181150324
0.9615,0.41851513734081314,0.5948200087941936
0.961625,0.20955529196705394,0.4038736914230602
0.96175,-0.05462143130166583,-0.1534257949365025
0.961875,-0.1000905062088361,-0.367675544636617
0.962,-0.019075702332650043,0.1336480404358911
0.962125,0.19325280783456272,0.31748582641101575
0.96225,0.31141469118160153,0.2514729585580936
0.962375,0.28279662589120974,-0.1780786804464937
0.9625,-0.14878757606984838,-0.2065867035983394
0.962625,-0.5401497997828675,-0.21133824752395267
0.96275,-0.2149386707351937,-0.011618786330102894
0.962875,0.2284298556569483,0.04417541415604673
0.963,0.06375088243252809,0.08296419124198588
0.963125,-0.37294176353169367,-0.11613503783079886
0.96325,-0.34997401460401933,-0.07930847097026653
0.963375,-0.20287818878811648,0.006703070175075127
0.9635,0.05420623593347538,0.3411207794538361
0.963625,0.29584587448969035,0.19747373528237697
0.96375,0.3229650144101279,-0.07855949832856873
0.963875,0.00864499417912525,-0.16448462522082719
0.964,-0.4284891100152698,0.010437176151533039
0.964125,-0.07247825593991371,0.2220300796349
0.96425,0.17017813468032975,0.3468262096643879
0.964375,0.19884756206285642,0.30493226440804694
0.9645,-0.1304246056591751,-0.3236626887702715
0.964625,-0.2974253942715006,-0.5135106066079235
0.96475,0.022884214639773852,-0.058860718091957726
0.964875,-0.016295122622085132,0.11931552542014866
0.965,-0.1331487428382524,0.057721782438477746
0.965125,0.06448832455418675,-0.32821160011593664
0.96525,-0.3112824924060706,-0.16501195327672577
0.965375,-0.5515389991894664,-0.26626184468233427
0.9655,-0.21126294349952485,-0.14120058306527297
0.965625,0.18318475411222288,0.2344354145543257
0.96575,0.04794427400663221,0.2940269999890603
0.965875,-0.32989244610662166,-0.07435022812762451
0.966,-0.2661610504370492,-0.46679614402125535
0.966125,-0.13829054201309654,-0.11461150863093175
0.96625,-0.07308415245107479,0.3437087983482339
0.966375,0.1257200393281348,0.3464884445665396
0.9665,-0.052441517925503695,-0.055260677007559364
0.966625,-0.11662558819306498,-0.08105821361766151
0.96675,-0.35067280441894383,-0.12679647654464365
0.966875,-0.0009122226823497335,0.005260695481913407
0.967,0.46719647042089,0.01178518693107807
0.967125,0.301444358764041,-0.07500697743067283
0.96725,-0.04108570213026557,-0.3302718172978861
0.967375,-0.04857514751560628,-0.4443640559977157
0.9675,0.17706663173587334,-0.08569321202250091
0.967625,0.350772181863755,0.11889192734572787
0.96775,0.30077374539734686,-0.05564857161420978
0.967875,0.16283937622776695,-0.2657148489421594
0.968,0.03556505998097186,-0.3104555123295992
0.968125,-0.15029293347557798,-0.04168647634649499
0.96825,0.04045825944234145,-0.22989694545909337
0.968375,0.4145423942148531,0.15544895675424925
0.9685,0.5025264922073819,0.08207501233562754
0.968625,0.04757842848078161,0.10197229003459216
0.96875,-0.32720590081455714,-0.4439840850244213
0.968875,-0.33631707020158236,-0.04031629343596969
0.969,-0.03894668691858549,0.32611936021679067
0.969125,0.12233885959709571,0.3375504124408593
0.96925,0.18383706584674558,0.06672480275258405
0.969375,0.1989008492619048,0.0208591697324523
0.9695,-0.24438581361478337,0.2096683061303329
0.969625,-0.054615863394646726,0.1880813528477331
0.96975,0.29358993323079025,0.3795866639624591
0.969875,0.3946073834042436,0.18232956708031225
0.97,-0.030996723769867188,0.17072976334518314
0.970125,-0.4212036919669205,-0.19224517177151498
0.97025,0.03667573201122278,-0.06403979599019337
0.970375,0.3594885808768283,0.3085846026998387
0.9705,0.24458112671764703,0.2587014472673136
0.970625,0.14313523639367295,-0.02605420370754552
0.97075,0.03594623115329244,-0.3282059935901049
0.970875,-0.35568424429716927,-0.1487070931462253
0.971,-0.2513744411588736,-0.024165624561557155
0.971125,0.2591279692081212,0.09869803572954655
0.97125,0.32637754792870804,0.0335900467645381
0.971375,-0.22363302911868865,0.05320515750502073
0.9715,-0.49247025851899645,-0.17029297430854373
0.971625,-0.2998388699565321,0.004257938574057209
0.97175,0.0001515586309210214,0.4406673367963588
0.971875,0.18614042420483007,0.31474808446581215
0.972,-0.0032026555587501794,0.02680018054423911
0.972125,0.043098259902616474,-0.24392020135393414
0.97225,-0.08431029496649568,-0.01854281014400988
0.972375,-0.25440272192664876,0.2705553422227659
0.9725,-0.042569253975851505,0.3748477958786506
0.972625,0.4741076358165598,0.19586862674695532
0.97275,0.1792406843756681,0.0008733003458572768
0.972875,-0.19254080292333992,-0.3400731273272438
0.973,-0.21415309622589085,-0.3703166228580558
0.973125,-0.07838199898469705,-0.006348775006915255
0.97325,-0.17458534838094156,0.23398681757138015
0.973375,-0.2473304301550684,-0.10927316327267556
0.9735,-0.19832352651195073,-0.5137526290612706
0.973625,-0.26588916983690436,-0.14457853329411527
0.97375,-0.5000687726937154,0.1451311094109295
0.973875,-0.16326370262401158,0.3147076260934392
0.974,0.22982708600162882,0.17733023364767325
0.974125,0.06498688408278891,0.035536682100167506
0.97425,-0.46453167013011304,-0.24120850862897156
0.974375,-0.2786344709262139,-0.24546482641574202
0.9745,0.14035989936993593,0.13776721672016842
0.974625,0.18909592984277823,0.34980115161701486
0.97475,0.050759351081076334,0.036854383414225575
0.974875,-0.17958604374486295,-0.3412133685499167
0.975,-0.23930065761546637,-0.20400516163917845
0.975125,-0.2650104195808742,-0.05602393721753385
0.97525,0.13913384756366642,-0.18683256464204595
0.975375,0.38381920697764205,-0.04967982371491004
0.9755,-0.05367792188213064,-0.21968403887241564
0.975625,-0.3554755675096168,-0.3979918115644272
0.97575,-0.05941410581758359,-0.48121477711220323
0.975875,0.40332307086881364,-0.17697143444345037
0.976,0.4589921460214055,0.17591786381090072
0.976125,0.14838667889513094,-0.05022042616623843
0.97625,0.36812205226796857,-0.40405945669622706
0.976375,0.22041326577729542,-0.23998870017791044
0.9765,0.00965848092728946,0.19174886325856969
0.976625,0.11969809709208917,0.35398263463609353
0.97675,0.44760130230365774,-0.13536988184762805
0.976875,0.1687117716320671,-0.027407672798494064
0.977,-0.09753382757124507,-0.30767525345867597
0.977125,-0.22143806933628205,-0.14800382653514932
0.97725,0.2822887545106485,0.11912817016880603
0.977375,0.19557968236576906,0.2811228836012162
0.9775,0.11709233827816594,0.22994279817006127
0.977625,-0.1459360099963286,-0.19313573847874507
0.97775,0.07010757796465644,-0.11781813413818569
0.977875,0.12347413494058801,0.3731862984180396
0.978,0.03593986334353059,0.1071509949212809
0.978125,0.35800361112358065,0.2571310180585333
0.97825,0.11684291453740742,0.37944387303756794
0.978375,-0.15871712688629838,0.1912670365782782
0.9785,-0.30499443720533614,0.01841724716525467
0.978625,0.19112774858734358,0.2640019752809868
0.97875,0.21313472423517288,0.36617927939966827
0.978875,-0.020145512002853187,0.25189053931850036
0.979,0.0713642812262355,-0.20209706927979476
0.979125,-0.09123617461063636,-0.1367257887943848
0.97925,-0.11075329925415918,0.22638007640641902
0.979375,-0.042551729024415126,0.05844006700317071
0.9795,0.00817019474663545,-0.0074174106600492905
0.979625,-0.07542330482602971,-0.14180083240515337
0.97975,-0.2571063647834918,0.06616652461798396
0.979875,-0.491560778358173,0.06875149407567359
0.98,0.16003487196024185,0.21159629892155546
0.980125,0.32941909109460416,0.26758850337840334
0.98025,0.15400053564715052,0.04955162748589483
0.980375,0.04365024040735656,-0.26952497842185136
0.9805,-0.10706840139441332,-0.029372165313937413
0.980625,-0.03625372241648736,0.13398422883946512
0.98075,0.030717040901755154,0.26791622538417315
0.980875,0.22633858304274884,-0.07823918649420981
0.981,0.1217416720997274,-0.27489632284005056
0.981125,-0.11039054219264985,-0.12218109257982333
0.98125,-0.3832842821936988,-0.05104509551923004
0.981375,-0.029513712512327577,-0.13065419203342385
0.9815,0.31351821845359923,0.1559241379761362
0.981625,0.1746132504967964,0.0008031397649060541
0.98175,-0.11543444405506545,-0.39517904505794427
0.981875,-0.21801956718747395,-0.35526321756861956
0.982,-0.09822498735581194,-0.01852121907340753
0.982125,-0.15403187848804928,0.21930007042435817
0.98225,-0.10071293699690963,0.1346875146572893
0.982375,-0.12337354279474817,-0.10194813650316802
0.9825,-0.433029495302085,-0.03460290393304487
0.982625,-0.6644026399661158,-0.11682027378375755
0.98275,-0.30112117813633477,-0.02775492300808376
0.982875,0.33391044237347356,0.08265783009552435
0.983,-0.008416336213261714,0.19871680166839653
0.983125,-0.3625471404648781,-0.10953348450287498
0.98325,-0.22275132067730857,-0.15394271809200147
0.983375,-0.13940646137859522,0.036926506799493865
0.9835,0.19930625172409816,0.3224346513868515
0.983625,0.39809223737858523,0.05599946733754701
0.98375,0.49357548195387785,-0.14217881349753514
0.983875,0.12181891424351905,-0.04888003649760154
0.984,-0.07462532478374093,-0.2362420803277319
0.984125,0.3934915496831582,-0.273736901059815
0.98425,0.336740923570813,0.09249670941513308
0.984375,0.2821740387837128,-0.07397170694986703
0.9845,0.0210224543765518,-0.4586147948731252
0.984625,0.0011169229503918082,-0.6987331215114865
0.98475,0.11291460550863086,-0.20737366964899157
0.984875,0.28604303165783357,0.2573593494866208
0.985,0.1896066483194548,0.08635653335713624
0.985125,0.2967244929952894,-0.30398872795591003
0.98525,0.040086149609638744,-0.19150005230830508
0.985375,-0.36317236599620445,-0.27477411016614217
0.9855,0.05438726634671569,0.06603689006038771
0.985625,0.29095503791205396,0.3993060698681983
0.98575,0.10862625949802418,0.5029190381474079
0.985875,-0.10668720100047102,0.08851655447866784
0.986,-0.2482850744103163,-0.13949237629330627
0.986125,-0.025957823414854142,0.14309283210484813
0.98625,-0.023571083554418615,0.34648178482463815
0.986375,-0.022843605004237395,0.13611175969960168
0.9865,0.408176752223611,0.13158898365245747
0.986625,0.18814369883744517,0.05273692461243798
0.98675,-0.012638023189637136,0.15497759486391782
0.986875,-0.08293222658556422,0.17237686299717903
0.987,0.27841954844384603,0.33274709580615053
0.987125,0.36535168336577484,0.17293834372032688
0.98725,-0.141841304439309,-0.011330547296934786
0.987375,-0.23742853209142195,-0.2989668019183301
0.9875,0.17655460560920183,-0.0604152822231609
0.987625,0.10482621631344374,0.19800729968697497
0.98775,0.08097700572655021,0.2241864855928134
0.987875,0.2180988898956946,-0.08767938107983111
0.988,-0.07816853293479817,-0.16269856404541788
0.988125,-0.4014344209421273,0.021870140723917585
0.98825,-0.2140367734088985,-0.07953449073978976
0.988375,0.35748655181914685,0.0357454218233014
0.9885,0.12037571512134689,0.2698258673385037
0.988625,-0.06818517080197296,0.011318283979073668
0.98875,-0.30073232087411234,-0.20008918015843663
0.988875,-0.05897375992275051,0.027496453124128555
0.989,0.08378657943228923,0.29231945103367013
0.989125,0.16427820090650086,0.3002943970290892
0.98925,0.06372791875074518,-0.19045553493010725
0.989375,-0.1276376578750224,-0.33175459751439057
0.9895,-0.385568471893615,0.21229690435899023
0.989625,-0.25676803251963565,0.14335362984830588
0.98975,0.16104655015107894,0.12191934648627031
0.989875,0.1727746849430007,-0.05473497056640388
0.99,-0.23209502286440528,-0.05894464576536704
0.990125,-0.43213523455005404,-0.39081622605203337
0.99025,-0.07590709961809139,-0.1551808516232692
0.990375,0.08636675362216197,0.402601256378271
0.9905,-0.12714602938804923,0.227569398960083
0.990625,-0.2240686950865166,-0.03092022920584108
0.99075,-0.29184664570458074,-0.26982713437045913
0.990875,-0.6117401957190279,-0.10348045825169544
0.991,-0.3826041062030084,0.20975074240204655
0.991125,0.10580184438791787,0.24578514966487544
0.99125,0.475055613112473,0.11432674467347037
0.991375,-0.05065193922539895,-0.03288508247116135
0.9915,-0.45083340456528603,-0.3471085046877147
0.991625,-0.21487499063841828,-0.19254280523148617
0.99175,0.40456135102049307,0.12304816717846216
0.991875,0.2801082592958835,0.0917713083598865
0.992,0.173462466890956,-0.34994721768741077
0.992125,-0.05005576907630946,-0.42835636867624904
0.99225,0.07103849398319688,-0.09404951754424307
0.992375,-0.05526128123803214,0.1412719565191907
0.9925,0.3083061212758397,0.07642021688565799
0.992625,0.7400867974657545,-0.24767907940203215
0.99275,0.2658611711607076,-0.29364980532266083
0.992875,-0.15374536792443008,-0.5111366673983909
0.993,-0.021930864159420513,-0.3244429616259002
0.993125,0.43178372344744975,0.04809993598234625
0.99325,0.30898577670072347,0.2882746501999071
0.993375,0.10936953004413597,-0.1657357680982979
0.9935,0.1433421821053782,-0.3354257844754538
0.993625,0.030418258739679092,-0.1610166247621606
0.99375,-0.3852877336029006,0.2358420479672588
0.993875,0.005948609165874988,0.30147400546175124
0.994,0.34559361677036077,0.18772606417590007
0.994125,-0.17916822523805082,0.08077576051777322
0.99425,-0.3102743208753267,-0.1798263018709475
0.994375,-0.12938594702576411,0.0773492494230419
0.9945,0.3261375347474098,0.44289133146035153
0.994625,0.10322697244169542,0.6260750733129723
0.99475,-0.3074116876743731,0.1855550962535146
0.994875,-0.12310886731146797,-0.12729821202895578
0.995,-0.03422106655972182,-0.056891168156773995
0.995125,-0.18443882780146278,0.33807890291349485
0.99525,0.06985168479406295,0.4569006741803689
0.995375,0.415488937094767,0.1777337050990246
0.9955,0.2796410540934976,0.03334663566495793
0.995625,-0.0880316795592512,-0.08172387864737678
0.99575,-0.2823770240629661,-0.29118450437171134
0.995875,0.05329323001505978,0.09302447398073974
0.996,0.2831988649763905,0.2350019891644975
0.996125,0.014301033413973343,0.030914868017339888
0.99625,-0.0913177091645423,-0.33101189431654543
0.996375,-0.40781702776204326,-0.1507961036680599
0.9965,-0.2651486695812692,0.1995437653286567
0.996625,0.054627118561141476,0.2055734515001639
0.99675,0.41863950545980916,-0.19816191462339003
0.996875,0.24621547081683964,-0.12564256004202193
0.997,-0.1629272276250627,-0.15549685791107548
0.997125,-0.3245702393597412,-0.10463386661252047
0.99725,0.22082309745038836,0.017487242941376945
0.997375,0.24677571199762757,0.42270806592631377
0.9975,-0.09457722956500639,0.14197048917137364
0.997625,-0.08029003337840197,-0.08134053428922217
0.99775,-0.30248688742106,-0.1323010945925075
0.997875,-0.21380811552951537,0.14944187305548193
0.998,-0.019761518332673655,0.38721620434838183
0.998125,0.2829938089654542,0.12389954097867968
0.99825,0.057762823893041666,-0.13822312145383356
0.998375,-0.33698955530723007,-0.20781310026585703
0.9985,-0.4010586141761279,-0.302200573740681
0.998625,-0.24737518049557566,0.019450717740927156
0.99875,0.017994353430498992,0.4486664592830653
0.998875,-0.05745725796356982,0.20798608319012832
0.999,-0.29906883196536954,-0.23069036578417604
0.999125,-0.36869735145573024,-0.34390533521880556
0.99925,-0.30729553115970265,-0.0029343808491349597
0.999375,-0.07302651689603527,0.17239268964127394
0.9995,0.2075073934437138,0.07497075896945235
0.999625,0.29404749310635653,-0.1860833653677682
0.99975,-0.3673071455219319,-0.34146536613159123
0.999875,-0.053780130779293035,-0.43082107664868424
1.0,0.3418472323349225,-0.027871474990962895
1.000125,0.39327283037723526,0.18943114858127308
1.00025,0.12766798480257757,0.11933907255158663
1.000375,0.13910329109893002,-0.21719008849988064
1.0005,0.03414671872770386,-0.521698665941106
1.000625,0.1832126592314076,-0.15806240116912446
1.00075,0.17740022347141995,0.07118171749528215
1.000875,0.40861641892960293,-0.06521423388857228
1.001,0.537675513534465,-0.34692240195584306
1.001125,0.2094882726476934,-0.19746732215797955
1.00125,-0.31973271077662707,-0.2825365060057242
1.001375,0.08322652308990902,-0.04865920924507289
1.0015,0.41774849287950117,0.12292839966866237
1.001625,0.18549341958804427,0.056965589996206295
1.00175,-0.030064626455368136,-0.14603198787077115
1.001875,-0.053507778891936524,-0.13931669309625724
1.002,-0.1612676988492175,0.2996174621748215
1.002125,-0.15903583294676477,0.3517191137748916
1.00225,0.10276085603343983,0.16411447273882201
1.002375,0.06635753815328219,-0.12359680590079777
1.0025,-0.2684365926762114,-0.04059201440886268
1.002625,-0.5238321449016045,0.04701115198314983
1.00275,-0.08620257395759813,0.13441136279522709
1.002875,0.2894727839484207,0.4799122109777787
1.003,-0.11007186405041947,0.44377883658626094
1.003125,-0.23991735938083839,0.04499018926048037
1.00325,-0.23989092247112315,-0.3225925484769765
1.003375,-0.03311789552269914,0.08312282297407061
1.0035,0.08192165635022049,0.4285747900310327
1.003625,0.18589021490390903,0.27782203036727976
1.00375,0.4098601110169904,-0.0637228223278924
1.003875,-0.016845939267422713,0.06273759340440277
1.004,-0.31994005022085265,0.058598681991176106
1.004125,0.09475585738394816,-0.03763091225699583
1.00425,0.7581963115956359,0.12703185350414203
1.004375,0.45112100799914073,0.2218057454015268
1.0045,-0.3699979434279538,-0.1987052111464739
1.004625,-0.18313793471515832,-0.43100427646755846
1.00475,0.041134598686402325,-0.017680789960896958
1.004875,0.2851629822831554,0.23658625631421923
1.005,0.32546553944494516,0.1980373335777461
1.005125,0.2467953762456292,-0.13183867975419666
1.00525,-0.3007822956822814,-0.19903426832662774
1.005375,-0.760528354971128,-0.09799175336369725
1.0055,-0.42865030473884197,0.09931130932771652
1.005625,0.3087771780546649,0.031951735475328535
1.00575,0.2389614764628885,0.20823772621018294
1.005875,-0.3172451496793396,0.03282419456519305
1.006,-0.35684168870331495,-0.2567174206718252
1.006125,-0.1535916626610847,0.022776074594786547
1.00625,0.16833782725258117,0.5192361770880072
1.006375,0.10535033070568037,0.23451058513138637
1.0065,0.20230637051537192,-0.23525858573793393
1.006625,-0.1671225462626013,-0.2191874286487789
1.00675,-0.6289263877090974,0.14686279729780946
1.006875,-0.252098485026541,-0.0386887543582871
1.007,0.20354409515887187,0.20157115270000206
1.007125,0.18793619891306937,0.23395193435965855
1.00725,0.012136613508116172,-0.24804652020241408
1.007375,-0.3595891774261155,-0.5329514922070278
1.0075,-0.12468266190896503,-0.42455698491238364
1.007625,-0.06226487544921176,0.2295775879481271
1.00775,-0.2311168724807909,0.10363330552403571
1.007875,-0.035886510370701806,-0.09055086865417296
1.008,-0.23854660236211248,-0.34296886279678485
1.008125,-0.4846516747809996,-0.023833094133965695
1.00825,-0.24340406980614016,-0.044870658791469696
1.008375,0.3039576438414258,0.1927793800175535
1.0085,0.3263972113733894,0.23905085987689945
1.008625,-0.22525979800146412,-0.27853416042814283
1.00875,-0.48231347739753505,-0.46002512510298993
1.008875,0.10938388688021891,-0.19284054849101057
1.009,0.31351825415913964,0.2725791059595684
1.009125,0.377902029653126,0.1475691762411703
1.00925,0.40236769496327224,-0.08432004169602147
1.009375,0.18494459988187611,-0.23075080554821206
1.0095,-0.12516860631013593,-0.1112110158501561
1.009625,0.018699927052502605,-0.17636253222013898
1.00975,0.48109276005654694,-0.038945441673451896
1.009875,0.4393763540670715,-0.07831320784817154
1.01,-0.010746474800494604,-0.03015321577143895
1.010125,-0.5578418309624336,-0.2480249919137589
1.01025,-0.20954728511629286,-0.2595453583800061
1.010375,0.3625132453624239,0.34922828452604926
1.0105,0.4787022779008608,0.27873367796457216
1.010625,0.31130562687314217,-0.2520153699842833
1.01075,0.054509126789308124,-0.4144229730549903
1.010875,-0.5168665591567871,0.16671992433851435
1.011,-0.20082335705843,0.29410357866208275
1.011125,0.6001773266831726,0.3622667870528974
1.01125,0.6061508297188318,0.20315680317679669
1.011375,-0.09755986843605868,0.14830219965852123
1.0115,-0.5328489930996542,-0.24875066961219336
1.011625,-0.060761904540605774,0.10538200531048042
1.01175,0.3042020964712902,0.5790239804657252
1.011875,0.45652890971137533,0.38212433186367833
1.012,0.2655958431783377,-0.04189050095208059
1.012125,0.04230232937966229,-0.43046217849235413
1.01225,-0.4246984031386544,-0.1635028448136305
1.012375,-0.19089543262944986,0.4079326511962494
1.0125,0.10114447402380816,0.3193266119644588
1.012625,0.05734472104627269,0.10649247221222542
1.01275,-0.02457488224032322,-0.06477895239872201
1.012875,-0.3091847108936183,-0.24971917399729296
1.013,-0.07025629764347642,-0.32217800764155285
1.013125,0.2931137067052243,0.2830994506654048
1.01325,0.2148940653422298,0.48082745033401497
1.013375,-0.12614867175823166,-0.06428283973434655
1.0135,-0.013053746234570559,-0.3557272733369175
1.013625,-0.2045927476470134,-0.1733484454187283
1.01375,-0.2936394882566472,0.3759864617648531
1.013875,0.2596727856458418,0.24425782027867357
1.014,0.46121803929077193,-0.0028128974732575017
1.014125,0.2887319089924106,-0.18147593386251382
1.01425,-0.31813289482399815,-0.24439124386708183
1.014375,-0.012009057775513856,-0.23017280827141984
1.0145,0.29049735107383645,0.23631497127441645
1.014625,0.21304802215220905,0.20093596953977247
1.01475,-0.18213178664678023,-0.10100620581471612
1.014875,-0.06845427379331025,-0.206484934932744
1.015,-0.48145852801350797,-0.0035580019359124416
1.015125,-0.5609195831058974,0.19129909049357274
1.01525,-0.1727739927220856,0.2635423069833374
1.015375,0.3743405371118849,-0.04588970966365254
1.0155,0.04513510724100144,-0.1663789019388512
1.015625,-0.5643676683930884,-0.2575502142075476
1.01575,-0.5311833204226918,-0.20451810843566062
1.015875,0.20306787589175113,0.06305464752629314
1.016,0.26355597069245923,0.38294219698667686
1.016125,-0.02744773779780109,0.23138925579712716
1.01625,-0.18166408491750732,-0.2592906414239001
1.016375,-0.3270103854765617,-0.2244409874337041
1.0165,-0.3367517523682839,0.15090916831579132
1.016625,0.12714453404322906,0.15441224994863914
1.01675,0.5817795340048678,-0.09158334371325935
1.016875,0.20101149352986078,-0.24326842376194974
1.017,-0.30706674096405606,-0.4318104200731142
1.017125,-0.2774730257922281,-0.4855698734058852
1.01725,0.42052288755792133,-0.10299254511965984
1.017375,0.6639194688847896,0.1547777027593339
1.0175,0.308641945015483,-0.06020127117169391
1.017625,0.14323239916867658,-0.31702990545781773
1.01775,0.07508950055590033,-0.28924348011646195
1.017875,-0.08356434076183382,0.050577061993196316
1.018,0.22493900443093653,0.021906780521810054
1.018125,0.6461132417939458,-0.06346159578320763
1.01825,0.5151839058491522,-0.2750203782142028
1.018375,-0.3552445660856285,-0.33411348252944545
1.0185,-0.3950332869018821,-0.3261230587249069
1.018625,-0.08622316718670768,0.01845928475689751
1.01875,0.22517470899174535,0.5075711266104833
1.018875,0.12825817976970147,0.24185270594508318
1.019,-0.018219371954887167,-0.39285465627156374
1.019125,-0.25725050592100573,-0.29847595671395183
1.01925,-0.26669883871605815,0.2714541270896696
1.019375,0.1367290556995736,0.5945831801059708
1.0195,0.5187984223793572,0.3651385069913581
1.019625,0.40043257420566836,0.20675835379841406
1.01975,-0.48030445980544373,0.0534616108907218
1.019875,-0.35502182598180937,0.02698229461027664
1.02,0.1107009239647562,0.15936007436548072
1.020125,0.48332639810513406,0.5463325262143611
1.02025,0.018300788068051525,0.2921693092276809
1.020375,-0.2620071140138206,-0.11679105158590183
1.0205,-0.33353140665108333,-0.4383689607215442
1.020625,-0.13904480481834944,-0.02150332745062369
1.02075,-0.08038882670974877,0.2896811260238802
1.020875,0.1877096892709172,0.21095494706363735
1.021,0.2961946803553529,0.015048289372068226
1.021125,-0.02807923975577795,-0.20591767257451013
1.02125,-0.33706453107564094,-0.17871452272838279
1.021375,0.11875882714349578,0.006310716345834476
1.0215,0.22588456719608216,0.38540486092869775
1.021625,0.09918753220501879,0.31781557640540165
1.02175,-0.5529615539069214,-0.29610806554950375
1.021875,-0.26310996569369705,-0.30681804574199145
1.022,-0.17592703344713695,0.09908599881314599
1.022125,-0.20007806161791755,0.4961800038676276
1.02225,0.32836814024641364,0.22959921057763455
1.022375,0.23984862790669517,-0.17618684660219913
1.0225,-0.2987315119766318,-0.13455480191489244
1.022625,-0.6568551522568993,-0.04539831050504846
1.02275,-0.11542169965059706,0.14661532325507945
1.022875,0.3679884716530771,0.19904959824026716
1.023,0.2279715550857464,0.20715295093996342
1.023125,-0.1663230703305324,-0.23491737903484747
1.02325,-0.18282855764091277,-0.4149976883625949
1.023375,-0.212811426528921,-0.09109062685941537
1.0235,-0.2235150665088941,0.388227262744356
1.023625,0.24936195885293125,-0.05146549781384249
1.02375,0.19951784637034367,-0.23825884857306817
1.023875,-0.1861199720123457,-0.29628283207051637
1.024,-0.7118536258475903,-0.20177809897655286
1.024125,-0.3796640255228929,-0.21516034084851796
1.02425,0.29577504614321204,0.07248452407576308
1.024375,0.07921476477993539,0.24324223452407953
1.0245,-0.0862856969286353,-0.14502563394732326
1.024625,-0.3086435334537262,-0.5231196139083313
1.02475,-0.1437277256965758,-0.1000486561854984
1.024875,-0.0823860462316173,0.23533504189184093
1.025,-0.037808730053301084,0.32104325179402055
1.025125,0.23805056104455705,-0.11867350852931781
1.02525,-0.09564662681210469,-0.05077431787342878
1.025375,-0.2897097724412506,-0.1482665415983728
1.0255,0.19788846178968017,-0.24665141475220154
1.025625,0.7078047591638862,0.07634610874314074
1.02575,0.402655205046673,-0.004147266620377651
1.025875,0.08600081096385992,-0.30121771076427395
1.026,-0.006593298626870613,-0.640581598837743
1.026125,0.137939284851444,-0.26418660397186033
1.02625,0.031570034431457096,0.28963501942456477
1.026375,-0.014943326433919126,0.06083781950169574
1.0265,0.2070772766662776,-0.1982017553867272
1.026625,0.08193741535016781,-0.3347079631020488
1.02675,-0.2230233587701361,-0.20574402815100884
1.026875,-0.09086458970098425,-0.1232444747331445
1.027,0.5081717752763403,-0.004499796711115851
1.027125,0.36773029707164645,0.22364371956850418
1.02725,-0.2241819881923123,0.10200971900034086
1.027375,-0.37371389959469903,-0.22851655596523085
1.0275,0.005274096121351912,0.1874029315781928
1.027625,0.15730971864631646,0.5375069500954713
1.02775,0.28288315340853154,0.3603677645717104
1.027875,0.4581355394995202,0.053570838064661654
1.028,0.12010297435504587,-0.11056852014840536
1.028125,-0.4233414562420774,0.04701997346148627
1.02825,-0.15357007359727448,-0.14181793594831651
1.028375,0.3421320028748099,-0.10381933265090695
1.0285,0.5326290657725092,0.1880880295544696
1.028625,-0.15356529501613644,0.06577186260167732
1.02875,-0.35788703712895564,-0.09931138691671586
1.028875,-0.2789379144011459,0.09023330479232508
1.029,0.024319663243706782,0.3588443184871965
1.029125,0.2618329425744519,0.39368332299298187
1.02925,0.4323040747315622,-0.12315725144288535
1.029375,0.04467432593169293,-0.09158184746594657
1.0295,-0.33672657103151427,-0.09079382921410559
1.029625,-0.28868933840695327,0.26178796770958535
1.02975,0.37028044550178557,0.08324493329335106
1.029875,0.4493272897571107,0.22570591419738534
1.03,-0.16338578595209136,0.12465075774645487
1.030125,-0.5567608274037739,-0.3571226818769462
1.03025,-0.2859664144749319,-0.1449910902183912
1.030375,-0.005856953663446645,0.36081341930726885
1.0305,0.09660131728790064,0.3929465435815076
1.030625,0.27379069107371395,-0.2052725961033352
1.03075,0.1136595629871216,-0.35802085395158173
1.030875,-0.4334153475755692,-0.20566617818873156
1.031,-0.4853744109439418,0.05504011655615682
1.031125,0.1237955880602391,0.1890120135224262
1.03125,0.49307738007214846,0.1358237939947598
1.031375,0.11080291922995784,0.0617862911423985
1.0315,-0.16228321467050805,-0.29138118320151285
1.031625,0.04959816657897982,-0.18326025298117662
1.03175,0.23416257882198085,0.29770785674091765
1.031875,-0.19723189254160486,0.4136176294705201
1.032,-0.14383254929913922,-0.062203507231229714
1.032125,-0.12321058495683479,-0.46767415099943954
1.03225,-0.22516697982421127,-0.2221981944858804
1.032375,-0.6537651230420769,0.15738622667404967
1.0325,0.16244471975343783,-0.004306700288249372
1.032625,0.45135564710106885,0.17151383053772423
1.03275,-0.08838212054075911,-0.09726817109251071
1.032875,-0.7236593853966033,-0.37494828880475556
1.033,-0.4577388262895748,-0.4609105981962743
1.033125,0.09799835889979767,0.21004864222983374
1.03325,0.18651545124986635,0.5337317857954047
1.033375,-0.060312214327022766,0.136975618269656
1.0335,-0.03757038722461631,-0.22619376332129237
1.033625,-0.08877262004925388,-0.16630428849967654
1.03375,-0.3349058178145243,0.004245052675828284
1.033875,0.5165322607586543,-0.03652492363561231
1.034,0.7097789488077243,-0.0890174228864852
1.034125,0.0724210953557991,-0.01956623264889195
1.03425,-0.2565262620054068,-0.2977444028947347
1.034375,-0.09132538723622868,-0.6395697223127942
1.0345,0.3191824047576113,0.0010084705165724617
1.034625,0.23326262923723753,0.364320545021012
1.03475,0.28059355170073724,-0.3070868937711355
1.034875,0.25745580896552916,-0.7157213991032794
1.035,0.051196807327186344,-0.5237186698409063
1.035125,-0.2863646125892516,0.03273010042354981
1.03525,0.10978403052959186,0.2042441737980281
1.035375,0.6787879584706589,0.11582051225213161
1.0355,0.27618952132609975,0.08502680288487478
1.035625,-0.3261938370360838,-0.061097761880060254
1.03575,-0.2914135334294323,-0.122217420046763
1.035875,0.10012442821732612,0.34941373896625505
1.036,0.3200505228801374,0.6328124436619527
1.036125,0.03322354302788187,0.4058838851142419
1.03625,0.22925986020714334,-0.1235719640885345
1.036375,0.09794879994754295,-0.04202908298317473
1.0365,-0.21901489386104112,0.3934906068156749
1.036625,-0.09770514507247789,0.43706917612704593
1.03675,0.25161307801291566,0.23604771665139868
1.036875,0.05984022942111284,0.12859216487026884
1.037,-0.28332230160776617,-0.05481880555590403
1.037125,-0.25463341386600846,-0.3118497712646848
1.03725,0.24923045778898503,-0.025548856987553572
1.037375,0.42902924274381704,0.531217857023205
1.0375,0.1381222123306466,0.30585908256764777
1.037625,0.18071349784413931,-0.1848379105707973
1.03775,0.09279768050613309,-0.23338229096756116
1.037875,-0.04249594987112788,0.19998253766334464
1.038,0.0014868186096860159,0.20188368203044238
1.038125,0.2115950661036994,0.10931643393305175
1.03825,0.19375977741344005,0.05296898237470931
1.038375,-0.5751117204506027,-0.045644986748671845
1.0385,-0.3764550087927196,-0.24155949436868657
1.038625,0.30957040193359064,-0.11305793632360525
1.03875,0.4225974659434836,0.12882939290916479
1.038875,0.006972254426522575,0.10781242526844678
1.039,-0.2838923468737539,-0.30794403028713574
1.039125,-0.2727616641068614,-0.13431687553622249
1.03925,-0.35374224896315154,0.40299453942837216
1.039375,-0.06575974201065617,0.3784959471955593
1.0395,0.1592664250291044,0.06714462909154909
1.039625,0.04712483288607309,0.16152235935725404
1.03975,-0.6024654402054149,-0.009575302719391937
1.039875,-0.5014460794329638,-0.01798695756485549
1.04,0.09080509893065637,0.09188971007012975
1.040125,0.4379087866137062,0.213233485399868
1.04025,0.08692720001479967,0.18179675094217843
1.040375,-0.5450829206583399,-0.27320609850675565
1.0405,-0.6313989573391873,-0.45441021346058424
1.040625,-0.4340751600866061,0.15116234204887632
1.04075,-0.11317149344312692,0.3581903000285177
1.040875,0.2950525191225817,-0.17910655379625978
1.041,0.3399187784853654,-0.3634763981837032
1.041125,-0.3392265118360567,-0.3405059712432921
1.04125,-0.7439443679000072,-0.1691951224625117
1.041375,-0.11628864477125073,0.08055772307111714
1.0415,0.5176877031785316,0.23717267397887926
1.041625,0.28433162867667977,0.1671713635892619
1.04175,-0.15375495769274158,-0.44968422138812897
1.041875,-0.050657816340208744,-0.5714472101615938
1.042,0.2503285182607134,0.16041427450663315
1.042125,0.07868450810436328,0.40339413641547095
1.04225,0.5942767212473454,0.19519861612863548
1.042375,0.5533051928251196,-0.4540202396269643
1.0425,-0.28612008202452144,-0.4569691084765454
1.042625,-0.4335547443405074,-0.4102250631251632
1.04275,0.16205288520981984,-0.159913678156895
1.042875,0.7188960722028207,0.16248321921371794
1.043,0.15586996620378868,0.27538304748073983
1.043125,-0.10980012500537764,-0.3495261053392276
1.04325,-0.20092451692644034,-0.6216125484625955
1.043375,0.10344202498701956,0.022708739839460996
1.0435,0.09099072881196224,0.4885409520087827
1.043625,0.3056386617691049,0.2603678097035271
1.04375,0.25714926905256963,-0.2219501346518384
1.043875,-0.22589580931327652,0.06565068571280298
1.044,-0.39881714802780577,0.11209944728756512
1.044125,0.04092090688748622,0.1701953475586408
1.04425,0.3773153245395095,0.35732918998634144
1.044375,0.24467142258977387,0.47033372954245517
1.0445,-0.27246494814869826,-0.2760053562193735
1.044625,-0.13482895335254255,-0.2581804200038722
1.04475,0.17735464893316272,0.18545954420621444
1.044875,0.09878032790878459,0.6070664155768412
1.045,0.12291429800284387,0.10090972486192204
1.045125,0.31910698863986264,-0.1566227344398329
1.04525,-0.14908425877565748,-0.08430451161103532
1.045375,-0.6251439752490181,0.16054813800755102
1.0455,-0.1405723043634873,0.09727120233087701
1.045625,0.5355643858382437,0.18890101201926932
1.04575,0.17680095224878564,0.18886639315513704
1.045875,-0.2620633345682828,-0.11727916442647446
1.046,-0.4007171983055119,-0.35450722381576666
1.046125,-0.053834237049764894,0.007957752979254551
1.04625,0.19002231056762267,0.377361403747106
1.046375,0.2319014372552606,0.1373074922901437
1.0465,0.2896086224591164,-0.0604798363738803
1.046625,-0.2611580436709888,-0.2328715161465476
1.04675,-0.7536708622986049,0.0140666664143331
1.046875,-0.33293080183151885,0.2767342493636735
1.047,0.3682798660548995,0.1395234499464849
1.047125,0.5106007517783159,0.23380934609248372
1.04725,-0.25305512849387474,-0.29680620966934723
1.047375,-0.3067286880894349,-0.6593016199864548
1.0475,0.001032086392455599,-0.17754680009798837
1.047625,-0.23271918194071028,0.5089896030937339
1.04775,0.13057273140364323,0.2511623043109837
1.047875,0.1812352095094209,-0.3342857733840406
1.048,0.060821204260957426,-0.3995432689033909
1.048125,-0.46645635246761963,-0.11058929216818382
1.04825,-0.39430535266630934,0.2614584815085103
1.048375,0.026134039267636473,0.25174077494742436
1.0485,0.18041721856772158,0.46653908330038296
1.048625,-0.5276858383497335,-0.11254893048559507
1.04875,-0.5735829406459297,-0.6353447331805013
1.048875,-0.34306477648404904,-0.25454218231981884
1.049,0.08100369169048058,0.4106695712167001
1.049125,0.02388701231313166,0.4501097653820123
1.04925,0.18290465213667553,-0.03500868837823827
1.049375,-0.0661349111953171,-0.3091056374642972
1.0495,-0.5696204615518918,-0.007175190988383031
1.049625,-0.37568153210648425,0.005465681728656972
1.04975,0.3050002406969901,0.18856646572575636
1.049875,0.5602729927630961,0.3339354862405109
1.05,-0.1501362278493272,-0.04279207698726168
1.050125,-0.40032029275416325,-0.4513099481537188
1.05025,-0.14078358646898867,-0.548757748833016
1.050375,0.05022025263655781,0.27439127223865795
1.0505,0.18704360817948024,0.2635485243204057
1.050625,0.1748284769321183,-0.4197543728022349
1.05075,0.07365895889874992,-0.4335437150567698
1.050875,-0.2509655090060613,-0.2764259501309326
1.051,-0.3551543184162445,0.0118576906696363
1.051125,0.4020917703390177,-0.019782610018437636
1.05125,0.6215398409432451,0.13876764937008967
1.051375,0.12373139946047827,-0.033226218841789015
1.0515,-0.36201825214790145,-0.43143296348784355
1.051625,0.10316575865319419,-0.3491844770848771
1.05175,0.3902426647244649,0.10934634048094934
1.051875,0.3840269401999597,0.3853131368475767
1.052,0.3583103417333812,-0.0629606691330538
1.052125,0.18993310637830954,-0.4830580049183095
1.05225,-0.19547086518867354,-0.10779958648065878
1.052375,-0.21015300614659385,0.11528047903875281
1.0525,0.3996887167517806,-0.03695215396747132
1.052625,0.5925465704312242,0.04085613142633476
1.05275,-0.048489706105964064,0.1797495995054877
1.052875,-0.600873440342877,-0.20573179731440613
1.053,-0.23925447098614275,-0.25527650730411666
1.053125,0.3520198718457411,0.2724837643418413
1.05325,0.3057817945997727,0.39476425695210415
1.053375,0.22245165734902156,0.1422446172664878
1.0535,-0.10741396098555477,-0.305907009765803
1.053625,-0.22417414732273014,-0.07122255528863344
1.05375,-0.30448811822724237,0.2635827119593946
1.053875,0.2079756090144071,0.42587278417007607
1.054,0.39303366362653636,0.276386254058135
1.054125,0.3267403785000935,0.15070895453255723
1.05425,-0.5602039600775297,-0.15849381226855827
1.054375,-0.33794763599583183,-0.35803204396447524
1.0545,0.4054106350967636,0.2794402359629245
1.054625,0.5311968752664324,0.5283615350386164
1.05475,0.10213013387705444,0.0070555698577932325
1.054875,-0.12241459367785887,-0.5406075421409727
1.055,-0.16696545633170087,-0.24119894501139036
1.055125,-0.2655933528033146,0.1857601551040479
1.05525,-0.0012328275354677014,0.24619031368272387
1.055375,0.2669141528833196,0.11643305700561712
1.0555,-0.08703139069754494,-0.14163135546779318
1.055625,-0.5257731628364495,-0.43666679713004763
1.05575,-0.3834295472096582,-0.22893902476286582
1.055875,0.3807129456185698,0.09966149860424711
1.056,0.24792654572909867,0.28923671157216885
1.056125,-0.18295460551725176,0.03375768051964114
1.05625,-0.36771097389633767,-0.3626002868925341
1.056375,-0.2642850433338708,-0.11561133356235388
1.0565,-0.21814045805462373,0.2263249785320619
1.056625,0.1727294599149999,0.2925879030096118
1.05675,0.740436876353164,0.08362557132195084
1.056875,0.3568676707010114,-0.032168056147581836
1.057,-0.41689819028380803,-0.32366086990368576
1.057125,-0.37192112427176544,-0.3780536893031553
1.05725,0.13809766458906694,0.006065175454847236
1.057375,0.14941213014424432,0.171766555848703
1.0575,-0.22071666377941002,-0.01895232344859781
1.057625,-0.3757358868868553,-0.4196451769155644
1.05775,-0.27455621018579085,-0.42598586024728824
1.057875,-0.41447751656433124,0.25040626189902193
1.058,0.04650083335415051,0.39079107377203287
1.058125,0.3714443818738413,-0.23561994760237878
1.05825,0.35137224397386774,-0.3102384702053911
1.058375,-0.3549358208569425,-0.22901412194109827
1.0585,-0.3912394617510668,-0.20673426129236644
1.058625,0.3911997782149771,0.07581213698442944
1.05875,0.5223706579453385,0.5487799905462312
1.058875,-0.0277746345695399,0.35529589396292616
1.059,-0.14352908018584412,-0.437371477153555
1.059125,-0.14318530354336687,-0.3867180340053476
1.05925,-0.26834419343551547,0.0097860862616764
1.059375,-0.05420502926543261,0.09396891347006649
1.0595,0.6189579737608037,-0.14095987044784689
1.059625,0.663013944106627,-0.4112395823878042
1.05975,-0.16731770120312858,-0.2887433659420051
1.059875,-0.37306833231025605,-0.17583164904119272
1.06,0.15330501924846318,-0.033528416118599136
1.060125,0.6839462557646933,0.3330779377894936
1.06025,0.28929370446391084,0.32137885821482254
1.060375,-0.04199957835796001,-0.19138704613821908
1.0605,-0.09790059685117056,-0.0945897760174191
1.060625,-0.013346175140155061,0.1873046684413984
1.06075,0.18022754247174588,0.4771008958384971
1.060875,0.42928326428560376,-0.004352113087709057
1.061,0.322352883055705,-0.10743659817921629
1.061125,-0.1888357531017558,-0.06731947009461409
1.06125,-0.4954947697200126,-0.21118875750003854
1.061375,0.06830672269013809,-0.008212592874494632
1.0615,0.6516568649531803,0.4359723408516885
1.061625,0.09460705703677091,0.5656564847622283
1.06175,-0.2841240831915837,-0.1653197746146506
1.061875,-0.21624007997639655,-0.5954348919122446
1.062,-0.19453949670848308,0.16072033968108457
1.062125,-0.25457242523124235,0.5514090028312602
1.06225,0.20793740210658493,0.29204812339452424
1.062375,0.34043644439179727,0.061227875174016434
1.0625,-0.2963228854199671,-0.017966580898129893
1.062625,-0.462547458071661,-0.053795630065352144
1.06275,-0.07434877066501629,0.10400057517958261
1.062875,0.34074750355296435,0.35729300499952193
1.063,0.3153791648974833,0.35097610357359366
1.063125,-0.00168208052022382,-0.31620247884276564
1.06325,-0.09063203668147518,-0.42558880748204614
1.063375,-0.10713723203150906,0.14074958164055343
1.0635,-0.0936469280976224,0.49941449550907024
1.063625,-0.15284520586815936,0.27576144787637447
1.06375,0.015769494542599394,-0.15467835324176737
1.063875,-0.0014195959425791166,0.010715969353646286
1.064,-0.43956025833392287,-0.11888160502033232
1.064125,-0.1227700689404067,-0.10501718617324607
1.06425,0.36902549147998015,0.20873048812988992
1.064375,0.019848022401712243,0.2797194159346585
1.0645,-0.4315629722284806,-0.21706456546107683
1.064625,-0.28749149849471706,-0.5635749288127618
1.06475,-0.2947522753814209,0.07333065772068106
1.064875,-0.16277384123893893,0.46169996683032943
1.065,0.2868688410864663,0.3716975121628
1.065125,0.24942845557713833,0.07058447687643152
1.06525,-0.13622068432949297,-0.09793167517271362
1.065375,-0.6429468256476856,-0.02240360407719619
1.0655,-0.18416782100869036,-0.07503490659059127
1.065625,0.42796017645477685,0.027642329956170688
1.06575,0.08914262484459859,-0.022743223555635184
1.065875,-0.3045708126769325,-0.16073339723817695
1.066,-0.35849662756338513,-0.40018172410339803
1.066125,0.18489621215722407,-0.1645929888744986
1.06625,0.1337503066480092,0.38323652544318976
1.066375,0.21331675049617446,-0.02038047884439303
1.0665,0.11470237262905955,-0.42717296350549416
1.066625,-0.0030338734060367466,-0.28664233309369685
1.06675,-0.36319146223872795,-0.16661523762646333
1.066875,-0.3040850567222439,-0.19008505323695535
1.067,0.31444922654674606,0.11101859470366351
1.067125,0.32850492648258045,0.3471010958282175
1.06725,-0.16212070108572396,-0.13900059781304122
1.067375,0.002179465653633778,-0.5587575226420367
1.0675,0.269619984229022,-0.20377134851964201
1.067625,0.24645185572330894,0.176352835430286
1.06775,0.31488787116573397,0.24075038972123908
1.067875,0.3988401845430834,-0.36273718267898647
1.068,0.10147340198157355,-0.41991512354987753
1.068125,-0.4098702091990536,0.04111782659111157
1.06825,-0.12779257602102567,0.05232100641975786
1.068375,0.512054123791365,0.23443432788570176
1.0685,0.5497075803581707,0.0637676892835361
1.068625,-0.15033806323551052,-0.08322799362135887
1.06875,-0.3502432696811184,-0.3625858467731798
1.068875,0.003514243357167293,-0.12158009241577931
1.069,-0.006570028560219874,0.2760134953538634
1.069125,0.0907365294095767,0.28662061619715273
1.06925,0.32224278551867686,-0.2569291489223883
1.069375,0.0940322321617342,-0.08058775883609046
1.0695,-0.22841149202740318,0.16433019975402807
1.069625,-0.20451472806769597,0.33516106202080453
1.06975,0.5768731468355818,0.19120648306317645
1.069875,0.6117728737243171,0.21459210130460943
1.07,-0.04114696178985324,0.059122687925540825
1.070125,-0.45938483110368594,-0.33990734195414074
1.07025,-0.23220041710869252,-0.0857795175974228
1.070375,0.048514210462714966,0.6546020532586971
1.0705,0.2817007637078686,0.6989256518864387
1.070625,0.24123897440383457,-0.13417556115851945
1.07075,-0.05984631651173811,-0.35940264052658116
1.070875,-0.2815800122343651,-0.011302949789542192
1.071,-0.10513073510962068,0.11473129935332944
1.071125,0.6977493135541493,0.1483510991444694
1.07125,0.6261528154095413,0.17912530086249395
1.071375,0.04632610450274039,0.18341735332507053
1.0715,-0.5079625615194153,-0.19424291351130504
1.071625,-0.3923751742005661,-0.12069439025337277
1.07175,0.04329917364103376,0.4360461031135847
1.071875,0.187242740616773,0.4824248834451411
1.072,0.051879816172286826,-0.21041490508173233
1.072125,-0.1167753809455292,-0.4256402811476203
1.07225,-0.35535291742921704,-0.24604541770183533
1.072375,-0.32846169103931977,-0.03917658027311846
1.0725,0.20471773734923618,0.10153982505689337
1.072625,0.5275243116279713,0.3054522740026234
1.07275,-0.17476653057888053,0.01791270309118517
1.072875,-0.8380720352403215,-0.22704339361489873
1.073,-0.5956555698354041,-0.28522221450944435
1.073125,0.2386360174251434,0.5543506212157261
1.07325,0.21778297829520823,0.6396753689417188
1.073375,0.2454888481708735,0.0071940563153817146
1.0735,-0.046503079130830335,-0.4234294062874541
1.073625,-0.5872139017103298,-0.43443029303094155
1.07375,-0.5327164477146143,-0.0017719826894283992
1.073875,-0.005403884018439267,0.23791120020263667
1.074,0.43340535232670174,0.11728346279013083
1.074125,-0.02506430923423205,-0.039976498343966445
1.07425,-0.4666838924498536,-0.40187452358123554
1.074375,-0.1269960510045704,-0.38640946547594107
1.0745,0.5095205555321228,0.24365544812836845
1.074625,0.2499587973473552,0.593134003136347
1.07475,-0.004798364279409074,-0.07580643239338308
1.074875,-0.0873456590215115,-0.8389080127239635
1.075,-0.27807115671971877,-0.591027471438166
1.075125,-0.45846217223387253,-0.04510348722497519
1.07525,0.07776221340235082,0.13670443258168496
1.075375,0.44518875104314914,0.06111876871976197
1.0755,-0.02555660451318099,-0.04861958233054598
1.075625,-0.4516202615329847,-0.3849484383534907
1.07575,-0.2373045536841017,-0.4016998165377944
1.075875,0.38328581532421874,0.06873167426400459
1.076,0.44281215673476965,0.27312872001195465
1.076125,0.13219765533111838,-0.018090639405068082
1.07625,0.18565599803202318,-0.5263949719076261
1.076375,0.1275494942259329,-0.312332329282104
1.0765,-0.2357408410205305,0.27739620813833565
1.076625,0.058638358682209464,0.28888253223883126
1.07675,0.6006328769455196,0.05886536217147614
1.076875,0.2675051122862715,-0.053827666419712206
1.077,-0.22244108130486084,-0.09908801649225622
1.077125,-0.33563131312255773,-0.23494963823273615
1.07725,0.024106887605458566,0.15441735763737047
1.077375,0.3222587477275757,0.2493206076391994
1.0775,-0.14107090315917806,0.03152667473013854
1.077625,0.18970843494762538,-0.38982050304965277
1.07775,0.16608953523409348,-0.20676958683511415
1.077875,-0.20540065205604596,0.13816631326326895
1.078,-0.18547960979208702,0.5410220564958819
1.078125,0.4419714211529463,0.2738808666549242
1.07825,0.2462555239192262,0.09165422917697628
1.078375,-0.16956055577690685,0.11520104438720634
1.0785,-0.24316119483553028,-0.06796028124937915
1.078625,0.31024674509870176,0.025303474304449604
1.07875,0.4752665380264547,0.44435176714983643
1.078875,-0.2211459971340037,0.4087316162825892
1.079,-0.3347868591468641,-0.23832149037669614
1.079125,-0.2372623794152835,-0.21718445481318321
1.07925,-0.19001565388934705,-0.005194016881441805
1.079375,-0.20863416919219757,0.2072832060682488
1.0795,0.47669927527359,0.08477480291382233
1.079625,0.47352667716190716,0.051627104190816515
1.07975,-0.06988854794173859,0.08139449410568542
1.079875,-0.35123346422663454,-0.15242153578302786
1.08,0.009708968044790212,0.10933155935249968
1.080125,0.30018041218138336,0.45951235707168947
1.08025,0.10541048239309,0.37481148852916574
1.080375,-0.045256648866508244,-0.247018533684678
1.0805,-0.16458737500699414,-0.2762253608596658
1.080625,-0.2869895985528775,0.27501773543614255
1.08075,-0.29900922195863155,0.3721067384577206
1.080875,0.16047849014638071,-0.09900331686964053
1.081,0.21295644262844127,-0.3342850748393594
1.081125,-0.2862364391714198,-0.2804108931872018
1.08125,-0.5149461087958367,-0.19182558934698324
1.081375,0.07971109297473529,0.013245354436642804
1.0815,0.391641548002663,0.34221446305552217
1.081625,-0.07264155985644277,0.2870942403591575
1.08175,-0.22623455295919123,-0.13510783162297732
1.081875,-0.2451288562700798,-0.4105652048004123
1.082,-0.403473308500121,0.03264604263061466
1.082125,-0.3186984860971573,0.3485944756549393
1.08225,0.05301690132941931,-0.0684002731889295
1.082375,0.2932793804996494,0.0891253614875963
1.0825,-0.4223829045513946,-0.06533181345696337
1.082625,-0.6415847321920041,-0.27085117414089105
1.08275,-0.15267805920041116,-0.01817240312622852
1.082875,0.3288476235850862,0.20459067671170245
1.083,0.18073998789808826,0.2955794145498243
1.083125,-0.15533612436292335,-0.3738089561612312
1.08325,-0.14136772387327307,-0.545759567446472
1.083375,-0.07071407323630141,0.09896873911250686
1.0835,-0.03497049561208769,0.22451401940580892
1.083625,0.20704151858196396,-0.01711628204540702
1.08375,0.4961832344924143,-0.22882826504124051
1.083875,-0.043317475756621364,-0.25993861820406144
1.084,-0.3882256060870548,-0.20290414961797915
1.084125,0.08401379936721604,-0.08367506622280675
1.08425,0.7458695196906572,0.0784418933325303
1.084375,0.36584246652979346,0.18479144845199988
1.0845,-0.12592875870061396,-0.39010299444570823
1.084625,-0.40631804059405835,-0.5416014883928817
1.08475,0.012602059750246976,-0.024095842336421258
1.084875,0.47035600978606407,0.25231824038309764
1.085,0.40327411422550263,0.1641406186754874
1.085125,0.3059669240532331,-0.1171350798837594
1.08525,-0.3091636883070185,-0.2273576163766333
1.085375,-0.4770052002872381,-0.026339491408976283
1.0855,0.009596111309282895,-0.07667623267838938
1.085625,0.3676095217320506,0.2863954635359152
1.08575,0.32292191921811436,0.3771672832349717
1.085875,-0.2605281737624842,0.04102043977333772
1.086,-0.2574618563686766,-0.2409960353396273
1.086125,-0.11204533475730094,0.11915442242719082
1.08625,0.08463723713847936,0.5993143642952331
1.086375,0.03650842751953187,0.398205744730849
1.0865,0.22368996692518073,0.03668345257624815
1.086625,-0.22665503314259852,-0.2638710708715398
1.08675,-0.4986229548214673,0.04555167940351808
1.086875,-0.2612677111272086,0.4620401694441709
1.087,0.32777285436491976,0.2645779025835496
1.087125,0.3966453069716227,0.19425980295641931
1.08725,-0.17444663164394178,-0.2849754014694104
1.087375,-0.23936404736425612,-0.5171326734344569
1.0875,0.0043832879115257815,-0.09368861328516903
1.087625,-0.05472826192729255,0.47771913588774184
1.08775,-0.0407912386419457,0.4983433026364593
1.087875,0.07737906428535216,0.010712255534430023
1.088,-0.05602608311227968,-0.23193396648822787
1.088125,-0.27642930156435097,-0.06330834466726197
1.08825,-0.13608192830674246,0.02468790838977688
1.088375,0.3738565353487425,0.19005216455180268
1.0885,0.3972519252932137,0.12660656396994555
1.088625,-0.19486750006490075,-0.07875567700856068
1.08875,-0.15959425409030276,-0.292240619536093
1.088875,0.09268911544191145,-0.06498310073116113
1.089,0.20673177516402874,0.4656607576825987
1.089125,-0.05662174864300526,0.3825477353560677
1.08925,-0.08373128498809516,0.02869165146137725
1.089375,-0.26989836496263336,-0.1077304433085289
1.0895,-0.515461936247417,0.04347500530841021
1.089625,-0.2583188960189868,-0.06333015430963129
1.08975,0.2984019189229748,-0.028901038912227013
1.089875,0.20256216503042515,0.04968796536915412
1.09,-0.23482572051203313,-0.11539246224712664
1.090125,-0.4584979684080965,-0.41604285106324884
1.09025,-0.19356836070731473,-0.08656381610505126
1.090375,0.004744349230731969,0.34494665808899433
1.0905,-0.00023738515480079743,0.47130116141479733
1.090625,-0.0474555498000722,0.016704891116424394
1.09075,-0.12610909157046746,-0.2728107570553342
1.090875,-0.28727139964989384,-0.15030807803540236
1.091,-0.45595912605066663,0.08491362418449219
1.091125,0.07523309581546887,0.02979797054978335
1.09125,0.35743604920748123,0.049395029530775736
1.091375,-0.11484399037234388,-0.3131986565159213
1.0915,-0.47720583790190546,-0.29442161390472454
1.091625,0.13825693492765523,-0.15027340369566436
1.09175,0.11716225353167702,0.23819004409843444
1.091875,0.33241188508174574,0.24217495960984373
1.092,0.4291845328164683,-0.2057473347641142
1.092125,0.16838185952033316,-0.5224153144301643
1.09225,0.02662725009978417,-0.1058323810055326
1.092375,-0.042822571780819295,-0.03915928833975812
1.0925,0.29473837083918825,-0.03453833984154052
1.092625,0.5890179360464908,0.05708615850638817
1.09275,0.21039321445581857,-0.15359350052260945
1.092875,-0.20183408312528175,-0.24077096275650922
1.093,-0.002982900640067352,-0.2064045597729248
1.093125,0.285173615867343,0.07360076811522039
1.09325,0.23794460303512202,0.21664702374365027
1.093375,0.18022275911126842,-0.3173693161637135
1.0935,0.03687007637124425,-0.38304943154189347
1.093625,0.09417311752284628,-0.05166748358474889
1.09375,-0.05799847679394656,0.09618866396793023
1.093875,0.3335078006071813,0.27994578284632315
1.094,0.28247203763080897,0.29343734373401165
1.094125,-0.004694606104047564,0.07494587472050161
1.09425,-0.4095362443295907,0.015388658626216557
1.094375,-0.40849466610238544,-0.27194780138912217
1.0945,0.12575927608918044,0.3036721843145499
1.094625,0.06861907259738745,0.44823129637754294
1.09475,0.11373832237231099,0.32262387050344465
1.094875,0.020001112941325897,-0.24548372434930724
1.095,-0.08366920223150473,-0.00012338266368072784
1.095125,-0.3205430285915721,0.3934570799135811
1.09525,0.023264663162090825,0.2043053777399246
1.095375,0.38705237900438083,0.0016788854465086558
1.0955,0.10049028255273895,0.07585927530546582
1.095625,-0.2849823709078802,-0.08646530920620935
1.09575,-0.18050168165969235,-0.0857157602050573
1.095875,0.19218888913103033,0.3723338585761514
1.096,0.1730545477261843,0.5662867736092194
1.096125,-0.12246632916165401,-0.015047625472266506
1.09625,-0.018378527659321128,-0.5302314965394987
1.096375,0.050253678955682196,-0.2403721692161768
1.0965,-0.09989654660940525,0.03811422936368636
1.096625,0.03063506093214611,0.21246041640977012
1.09675,0.22041502291528428,0.0081437344481449
1.096875,-0.06371097335006351,-0.08158322881783289
1.097,-0.6117272546869387,-0.08897514962927673
1.097125,-0.38576360618392025,-0.1901965216072531
1.09725,0.14787822382307966,0.21857801997074772
1.097375,0.3133453702494094,0.21814444106174025
1.0975,0.13634781441486224,0.18034538813530832
1.097625,0.12736482745662825,-0.1789901276587527
1.09775,-0.33284589088416505,-0.08657120380103223
1.097875,-0.26454986456302004,0.17900165236910434
1.098,0.06554272778544414,0.23172587991091306
1.098125,0.38227300108109374,0.028458282220525835
1.09825,0.3378548225767186,-0.04343027318579649
1.098375,-0.46093770158757824,-0.1396273689374457
1.0985,-0.44984790816474735,-0.13603475857856231
1.098625,-0.02608281257101529,0.09780319776973141
1.09875,0.13650722687201422,0.38435383091022574
1.098875,0.0786425515522199,-0.030858961937267247
1.099,-0.38439273383750416,-0.6190247396881368
1.099125,-0.6387142794807277,-0.4447559445346031
1.09925,-0.4461075115378135,0.13094734571417918
1.099375,-0.298177538668745,0.2819746933550029
1.0995,0.31432288129726393,0.08845599526329392
1.099625,0.08137594653613599,-0.2269525581496527
1.09975,-0.30117620190688527,-0.17663264680393465
1.099875,-0.40071903130552605,-0.24902482610964116
1.1,0.23626491058355964,0.03921977329027398
1.100125,0.42388540112910805,0.3984592406298783
1.10025,0.01126088099358908,0.3693628152018271
1.100375,-0.22298208846452053,-0.2787796209487593
1.1005,-0.08084717642403046,-0.5940356571414066
1.100625,0.06507281376738853,-0.07936705381212017
1.10075,0.26372016744021415,0.27238250582808254
1.100875,0.3016584803271166,-0.08889484762693357
1.101,0.17747670519097192,-0.47043574979101127
1.101125,0.05100247679795843,-0.4308981485866399
1.10125,-0.11871348688047886,-0.4086579631703105
1.101375,0.21528522130931588,-0.19657610892639812
1.1015,0.6806464150866857,0.01809974476016587
1.101625,0.22683420091708287,0.18831196448883517
1.10175,-0.1013692966955713,-0.3627087972458698
1.101875,0.015014213019305512,-0.3404216431024413
1.102,0.0509815503556669,0.212162281719787
1.102125,0.1448805129933689,0.35470966040370633
1.10225,0.272774670619113,-0.10947627363064404
1.102375,0.1598182765720322,-0.1973323438386687
1.1025,-0.21199673925261286,-0.004748755025851662
1.102625,-0.442737268968484,0.15485733859898848
1.10275,0.05786347018434106,0.287906682307473
1.102875,0.4877725277904913,0.2643149405112871
1.103,0.03673352874773261,0.2374926881346192
1.103125,-0.2408075918449181,0.06852892339012918
1.10325,-0.31010148596661585,-0.21613554371621682
1.103375,-0.04025871030134959,0.30637844529450214
1.1035,0.17132565592011223,0.3602557587077149
1.103625,0.41908232708699505,0.12632999484566038
1.10375,0.3894498318015075,0.012836563281330064
1.103875,-0.21721316475070304,-0.08039827045455283
1.104,-0.4604784521562004,0.043947139381577204
1.104125,-0.13170941851694984,0.09525255500646439
1.10425,0.47180316552486834,0.3577688181291464
1.104375,0.09092696766219835,0.08997989257847128
1.1045,0.013150497259172528,-0.25995136615179293
1.104625,-0.4162560119487177,-0.33793515770478383
1.10475,-0.28719933632343836,0.005257581139637459
1.104875,-0.053073426230963894,0.5580238068711594
1.105,0.19413808911739028,0.197698990549073
1.105125,0.2418656640003465,-0.2002133900803149
1.10525,-0.063186851512898,-0.21334651307429142
1.105375,-0.41360265978977023,0.11147628986180984
1.1055,-0.3363891971283578,0.019492639284730766
1.105625,0.19727594944121443,0.3633633165685628
1.10575,0.2933676201361714,0.2556838639909031
1.105875,-0.32428901460675935,-0.1000950414325189
1.106,-0.3586557975707165,-0.1585912561062163
1.106125,-0.13861916488738288,-0.017485935349803264
1.10625,0.20194158549871202,0.33280888307209966
1.106375,0.13549930134253935,0.3415556360355031
1.1065,0.026538583282540117,-0.1963636494481216
1.106625,-0.05164677277055771,-0.36676544096975655
1.10675,-0.5965571968964999,-0.252608169906795
1.106875,-0.39292132197113006,-0.11059236236478903
1.107,0.27315842829050657,0.12070086837165259
1.107125,0.15510261433251823,0.39834720844841265
1.10725,-0.1733228194643312,0.021756146327829094
1.107375,-0.25081833023401795,-0.4625299704033629
1.1075,-0.1886347109215046,-0.20255077421723408
1.107625,-0.21002815464757935,0.1170113650169316
1.10775,-0.2879213761633062,0.19205855222401333
1.107875,-0.09734971088491567,-0.3197619668390474
1.108,-0.25291858774768905,-0.38285142513729686
1.108125,-0.2808248621816805,-0.12122765839439786
1.10825,-0.23143048893300128,0.17591518542515563
1.108375,0.47623416291432336,0.21064054633212084
1.1085,0.7076132316770896,0.1609728382165373
1.108625,0.08566611992296655,-0.2881763865644947
1.10875,-0.08945481258501808,-0.6644975609668218
1.108875,-0.07896134045589552,-0.31183933087317534
1.109,0.022221230699181103,0.1433171632686912
1.109125,0.0035999427344663723,0.3309908718119644
1.10925,0.2767125603515283,0.039652229509772915
1.109375,0.1379548041340841,-0.27095299702725784
1.1095,-0.09033888634025246,-0.17050042737338544
1.109625,-0.010434033170344137,-0.15307047803229348
1.10975,0.45189999794190455,-0.2577290143928073
1.109875,0.4228645028332346,-0.08106200213739427
1.11,-0.15343147773089658,-0.11337028409005531
1.110125,-0.24624918752551883,-0.24265452516073366
1.11025,-0.0935381341246468,-0.16345379668230992
1.110375,0.21664987574710484,0.2987000203926133
1.1105,0.38085634233094684,0.6492501742297154
1.110625,0.048854233026388146,0.1584835992134887
1.11075,-0.1651634685828853,-0.14849214647611111
1.110875,-0.18784372783280895,0.11490502328243167
1.111,-0.43588903872497503,0.0032453668796823586
1.111125,-0.027730848401501303,-0.08358449998099449
1.11125,0.31578317483950485,0.14575686708714553
1.111375,-0.015495010494116366,0.06450981082098463
1.1115,-0.214285857239778,-0.14729911214350325
1.111625,0.2103370648872316,0.004035385106016561
1.11175,0.46523721824771663,0.3414292826022195
1.111875,0.19940601193188762,0.11346886447382762
1.112,0.2561214314387992,-0.28680945589655954
1.112125,0.10549831791540158,-0.20555571301735007
1.11225,-0.08589617194996826,0.013437333888636566
1.112375,-0.13641377798334495,0.1618781564512608
1.1125,0.23540111917077558,0.4101787400460167
1.112625,0.5546948167053072,0.21690871324808828
1.11275,-0.05800373005562253,0.08390023385104141
1.112875,-0.5760308761652252,-0.1851075822247887
1.113,-0.131455787165076,-0.36682875757652983
1.113125,0.13566771753079657,0.12379419553377738
1.11325,-0.043054635662639756,0.29737351337539275
1.113375,-0.059380233995799246,-0.039295237027006095
1.1135,-0.019787503596273986,-0.1825252212084554
1.113625,-0.14884864059026928,-0.010326091140541662
1.11375,-0.37552920050063177,0.29611270374938037
1.113875,0.060354249377043055,0.22626974877920428
1.114,0.3099150534952439,0.19169204258206532
1.114125,-0.14380894373662567,0.03850654571947939
1.11425,-0.5331254833716823,-0.0007314975609165662
1.114375,-0.25849621114697574,-0.18440473868531945
1.1145,0.19760366960403186,0.18384903246229686
1.114625,0.2374019969215297,0.35308653090955905
1.11475,-0.04162676171048385,-0.004817485668092058
1.114875,-0.25786513084929763,-0.40446494260251054
1.115,-0.3285158913713876,-0.08142894743459915
1.115125,-0.4746004313176736,0.0013977959109700469
1.11525,-0.2796065071413373,0.0450733251416132
1.115375,0.1658087959698999,-0.07740120011477508
1.1155,0.08778277525258801,-0.1163220424054875
1.115625,-0.32138711498377553,-0.22349930589973255
1.11575,-0.34934094916859765,-0.2753845149293244
1.115875,-0.2008855216999635,0.02354000204989612
1.116,0.17942451289058461,0.09835234931765179
1.116125,-0.034934955173366644,-0.017909717629987252
1.11625,-0.09634859805940083,-0.37627460156433334
1.116375,-0.20543925239349306,-0.26054297170356533
1.1165,-0.15376865908475826,-0.02167951731026356
1.116625,0.15829905139877415,0.1270422220304657
1.11675,0.4388484532505857,0.11138765806112667
1.116875,0.17131809155429645,-0.067895869728868
1.117,-0.43107892062946157,-0.36384551320086295
1.117125,-0.20353016211165412,-0.4614194667820944
1.11725,0.29394866964714694,-0.13024487582322586
1.117375,0.468182897568265,0.133431567122475
1.1175,0.49135100524640574,0.006335648512758808
1.117625,0.13602859787631663,-0.32214457804254576
1.11775,-0.0005741886920844537,-0.3903508674502795
1.117875,-0.10001601816805555,-0.022517494804011433
1.118,0.23379434890510623,0.08583547562778622
1.118125,0.4015043223256921,-0.004247152744078072
1.11825,0.28439753849088784,-0.18313784891143758
1.118375,-0.02419960589818079,-0.229113025963227
1.1185,-0.13005021063658226,-0.1449412166857472
1.118625,0.24262175791476168,0.14027617610529358
1.11875,0.2891925364138952,0.4416746052020642
1.118875,0.3920462899084581,0.18301744590523894
1.119,-0.09013842264772502,-0.33219528562895584
1.119125,0.09017192839766892,-0.26956134533033527
1.11925,-0.14332733455711746,0.07990738810113009
1.119375,0.12719054624815576,0.4223986140882748
1.1195,0.314300353827101,0.3045660757652367
1.119625,0.1347141145163546,0.20899866230716624
1.11975,-0.19598151546033177,-0.05098261375448668
1.119875,-0.34170123917868345,-0.0206414174167335
1.12,-0.0827464971171999,0.09501843163413641
1.120125,0.3013640094878703,0.21997113480274708
1.12025,0.24900866095045376,0.4248327848257932
1.120375,0.10173422113876468,-0.025549820555626702
1.1205,0.01420185753082485,-0.15039925699215614
1.120625,-0.14759022866503207,0.02592805462112842
1.12075,0.02399418016623313,0.1730739262100234
1.120875,0.07382498562565969,0.11039443512230394
1.121,0.1575130583755612,-0.08919588818700093
1.121125,-0.36255400735319815,-0.13388416632590144
1.12125,-0.28586050356547243,-0.21477841365801584
1.121375,-0.04532813885661022,0.13031161210662048
1.1215,0.2430190148324693,0.457589531344902
1.121625,0.08243752812838409,0.4166564095439384
1.12175,-0.13185848839166087,-0.3118949793576652
1.121875,-0.16165061758375346,-0.2682292194093303
1.122,-0.011516356251750817,0.0607556613283137
1.122125,0.03600779486860211,0.3425103669353082
1.12225,0.020519140481924915,0.23429710726435615
1.122375,0.18157760403924347,0.06040375813048166
1.1225,-0.15123372569654916,0.0699757903947855
1.122625,-0.5438705735651894,-0.16062977425635538
1.12275,-0.04437605500042919,-0.11142696108545662
1.122875,0.2800076594340386,0.18860447040082992
1.123,-0.054459237104727456,-0.009240536992176957
1.123125,-0.2521488899717969,-0.1882296991645099
1.12325,-0.49071848672942187,-0.4324660598502394
1.123375,-0.301662167949724,0.12744933630427524
1.1235,0.0602663140111343,0.21097616696746002
1.123625,0.12291343380614313,-0.023461092099761934
1.12375,0.09998724787616883,-0.2641371917969922
1.123875,-0.34363548463207616,-0.1681597617639146
1.124,-0.6214504126989072,0.029895326615700386
1.124125,-0.10992635903530695,0.16013097047162844
1.12425,0.1436320666967909,0.25465542412625186
1.124375,0.04792492397713612,0.08205485335547098
1.1245,-0.28958826262072507,-0.19315937758989846
1.124625,-0.3079620649804392,-0.5124682974906866
1.12475,0.01786413526899954,-0.19772083855960174
1.124875,-0.01038665355268739,0.24876935427618607
1.125,0.2484748683300904,0.11852709068216605
1.125125,0.45141222353595784,-0.30283967391634115
1.12525,0.27094826859184334,-0.45643214694839
1.125375,-0.31649602442737157,-0.17099579226104109
1.1255,-0.06911966175559942,0.028322281970533474
1.125625,0.27386944041134953,0.17034562807578177
1.12575,0.35846748068911827,0.05916109090865263
1.125875,0.003858847921205471,-0.2869624785026769
1.126,0.2136288379099981,-0.614356875394786
1.126125,0.30360865706199247,-0.21504496951945537
1.12625,0.22426241142856404,0.06910492390624252
1.126375,0.05644209986950671,-0.1130485197073369
1.1265,0.2514135328448495,-0.43275015985657284
1.126625,0.23907902314314053,-0.05562592464655374
1.12675,-0.30219940524430206,0.035323853128382154
1.126875,-0.23352340659910173,0.06326136374754911
1.127,0.31394673464924716,0.09833248646094281
1.127125,0.2205046524001654,0.22851282145737756
1.12725,-0.1139972073419294,0.007226416203931984
1.127375,-0.32307847970784986,-0.0866058440530941
1.1275,-0.1058653382403858,0.032475853472876966
1.127625,0.19430264009782205,0.25203629377798703
1.12775,0.08076850148757951,0.2727721363251317
1.127875,0.25839103937000824,0.03995203084055074
1.128,0.2562721198942681,0.05366359441285085
1.128125,-0.2350394920108368,0.16000702562034097
1.12825,-0.002986432830780514,0.04508811035637575
1.128375,0.27430894983648496,-0.04535054660328938
1.1285,0.24224087813528752,0.3713484730518712
1.128625,0.009704648459128839,-0.02740963349668847
1.12875,-0.18837669984072009,-0.29386628418319627
1.128875,-0.052062630331444454,-0.16105054199666183
1.129,0.13766833496723924,0.11558783423001735
1.129125,0.13555340391865497,0.3314702704582266
1.12925,0.2208907168232426,-0.19949843238243603
1.129375,0.10192061853309252,-0.31946647663228533
1.1295,-0.23757199492308176,-0.18136428841950342
1.129625,-0.3179961404319868,0.1709470755660124
1.12975,-0.00369403554386175,0.27368221648376834
1.129875,0.07102576350808282,0.052561020875811
1.13,-0.1656993500494648,0.027041499771427085
1.130125,-0.30286248772622043,-0.21563933086360515
1.13025,-0.04303243532006347,0.00694446169309561
1.130375,0.10554881347029688,0.3554841518295814
1.1305,0.06789578339353888,0.4374313400808174
1.130625,0.10150358190502091,-0.051400136986259885
1.13075,-0.017790132806560752,-0.11101575419919328
1.130875,-0.3343415637775162,-0.019120328313283766
1.131,-0.1149028596600638,0.26851129488066
1.131125,0.04464364424131559,0.001967136553084097
1.13125,0.17239977551212005,-0.01081034503453157
1.131375,-0.17818148195335531,-0.10015216718711188
1.1315,-0.4633114831883028,-0.29220176268255965
1.131625,-0.2992050800190222,-0.24831517060799757
1.13175,-0.10101415252484358,0.07322741627423107
1.131875,-0.1435092275955658,0.2528693692819264
1.132,-0.0006204141789802075,-0.0035199243971074682
1.132125,-0.00806166354215647,-0.3591127015853081
1.13225,-0.39006876087059067,-0.11940934889389278
1.132375,-0.5194662606318016,0.02385166757636136
1.1325,-0.21740178919173983,-0.025597851102552117
1.132625,-0.01775089061815102,-0.05493960792802768
1.13275,-0.15595809030038946,-0.10400237863260337
1.132875,-0.1053469462905687,-0.304087095834925
1.133,-0.03231513556540393,-0.3391623015426743
1.133125,0.10040002385784629,0.129268207172571
1.13325,0.10090681952087306,0.15551000787160152
1.133375,0.06552710070301536,-0.10661661939856243
1.1335,-0.006774391151249745,-0.3926164759550651
1.133625,0.007628503003309987,-0.36379647550295136
1.13375,-0.08275534379304945,-0.10303489184474103
1.133875,0.3354602386204146,-0.01683516684628153
1.134,0.5760849279348254,0.0022013487933152816
1.134125,0.14937759818882246,0.05651697992337462
1.13425,-0.15357411265009493,-0.2607607166604584
1.134375,0.1077666528707555,-0.4928572481244333
1.1345,0.5666548047784395,-0.09485427967417302
1.134625,0.5225740975170727,0.09047703758147284
1.13475,0.07055785320653447,-0.04822866086085486
1.134875,0.13499384905130937,-0.03657022995045296
1.135,-0.021104364918802635,-0.09322818047725993
1.135125,-0.28609053407193347,0.11107138063798519
1.13525,0.09868865010454866,0.02296220158242473
1.135375,0.36798259194115723,-0.061463089329855135
1.1355,0.05230547789515067,-0.05672007282160945
1.135625,-0.4613276734997698,0.015830081644721737
1.13575,-0.16215146273122905,0.0592387918351178
1.135875,0.2870877322200111,0.27506221998433683
1.136,0.5429463641446369,0.4841298138358248
1.136125,0.25713238889034645,0.22558978785152967
1.13625,0.041752454041606935,-0.12368617933179551
1.136375,-0.24346308773115885,-0.04663531248713694
1.1365,-0.23868584169954565,0.4319084957106917
1.136625,-0.08201478058028687,0.35814142591885184
1.13675,0.18122940578824454,0.19184939988072236
1.136875,0.09698864433958164,0.013703437039784203
1.137,-0.12895193571910094,-0.09785679992713213
1.137125,-0.020489707350118045,0.027902281119475795
1.13725,0.24307500996671438,0.0889108647062082
1.137375,0.1424376247932662,0.37738448194678165
1.1375,-0.03541438496154563,-0.060947987292816565
1.137625,-0.0009562207211045141,-0.41085315277164886
1.13775,-0.21070562294885933,-0.244862482892459
1.137875,-0.2036155072010747,0.2442162427161399
1.138,-0.27468004935328055,0.3872256102963332
1.138125,0.2973448910750399,0.532263378168762
1.13825,0.15225306214017179,-0.0022465113615451034
1.138375,-0.3469658317247695,-0.15417351550051953
1.1385,-0.20269567648951467,-0.20027801415080473
1.138625,0.039250753612762763,-0.08508266985879492
1.13875,0.00741788172699348,0.14365672466255022
1.138875,-0.023073680692502367,-0.01367836036353784
1.139,-0.15112454244641213,-0.19582696518568676
1.139125,-0.0534323708234214,-0.0571549650370323
1.13925,-0.07021767697284602,0.23301057253108776
1.139375,0.26552683407176897,0.2017138478643192
1.1395,0.28878142894206,0.09287622435737597
1.139625,0.12072546790625417,-0.14507889200229962
1.13975,-0.4889837759330392,-0.13731143063490234
1.139875,-0.36586643857219225,-0.271255914836235
1.14,-0.15400072349298552,-0.09244253462843036
1.140125,0.06472144853853634,0.21400111154808735
1.14025,-0.023494351066176197,0.055942945851078923
1.140375,-0.27090163213160473,-0.22747502825457863
1.1405,-0.3210294399404985,-0.04991496966918002
1.140625,-0.13233061760996745,0.16623331635379524
1.14075,0.18153540739018528,0.060880586305182643
1.140875,0.10665988103204885,-0.07621254217806026
1.141,-0.04603455135884176,-0.08588246299149303
1.141125,-0.15228965601345387,-0.038898847427120804
1.14125,-0.3779428604978889,0.08101310351814482
1.141375,0.17938811574834562,0.02204425452581057
1.1415,0.12715166285036272,0.19798172955680493
1.141625,0.010134473844647973,0.010208909082440352
1.14175,-0.18695454573832485,-0.38253184208418556
1.141875,0.029958319300245423,-0.4565326864703207
1.142,-0.05062659223781878,-0.02992656307604204
1.142125,-0.15618720438010536,0.1497960789381579
1.14225,0.1274887553158545,-0.07083234171824795
1.142375,0.2238286634128342,-0.3074560354325022
1.1425,0.13764134693524804,-0.23912841388877284
1.142625,-0.06898472425006025,-0.1215032641156762
1.14275,0.2316998176516749,-0.04849243690806594
1.142875,0.4212156729501696,0.20086477729130986
1.143,0.09947870332767311,0.10743584265461203
1.143125,-0.2024191891756935,-0.17427989735145621
1.14325,-0.012075897781004027,-0.23405402900344044
1.143375,0.0653749234084141,0.03652241342520421
1.1435,0.12033798899154798,0.31655073099612874
1.143625,0.20004356421216818,0.14343898919924775
1.14375,0.2561271864371295,-0.13559055677286194
1.143875,-0.10280025163242894,0.0033010000109997017
1.144,-0.2529073805021118,-0.033260262751348274
1.144125,-0.11957137696404309,-0.08401046617272612
1.14425,0.27301869303017645,0.035276080798620255
1.144375,0.33246414002286817,0.33575717010617806
1.1445,-0.2856074342477886,0.1180732174819466
1.144625,-0.26571844446179543,-0.02322837757913309
1.14475,-0.14611193011180504,0.4512749218721498
1.144875,0.11927077053357418,0.22097550145213388
1.145,0.46377072452733503,0.05611541868993689
1.145125,0.5145343713387994,-0.18749228352134045
1.14525,0.18373242898555528,0.028903849651444484
1.145375,-0.28387904716319906,0.12632717703092847
1.1455,-0.16562817035977545,0.10761411458247158
1.145625,0.18611364410748113,0.02938107070945538
1.14575,0.07307755311650511,0.10489992610616239
1.145875,-0.23035153669450212,-0.19747193229389726
1.146,-0.03619357862925811,-0.33899668119211335
1.146125,0.13724750561323779,-0.05448000921524191
1.14625,0.4790941840575387,0.3290270708085466
1.146375,0.23177135982236377,0.18727798744293975
1.1465,0.0727499012396683,-0.21820169008674792
1.146625,-0.25898720928413477,-0.3207501180782016
1.14675,-0.36136193918203585,-0.14921425796255586
1.146875,-0.1656447454406619,0.15639613684100082
1.147,0.31128120059069897,0.41683071214663947
1.147125,0.2706333452472693,0.3786835710281158
1.14725,-0.22893940686357608,0.028507676750528406
1.147375,-0.31864027639573156,-0.21129650833564975
1.1475,-0.219713487930482,-0.08152204758035575
1.147625,-0.12668467155653534,0.08791170497687623
1.14775,-0.13286801659689693,0.0053650531753161755
1.147875,0.10975734701893275,-0.1064235720772366
1.148,0.007860553196936853,-0.06802636074558537
1.148125,-0.19580362878775107,0.16901839207779482
1.14825,-0.23679069392017768,0.2723479314536386
1.148375,0.01203860745390586,0.16523598554255997
1.1485,-0.1671480930760605,0.0752280115957507
1.148625,-0.4543288599302916,-0.17201195979451953
1.14875,-0.3970256952177316,-0.2850454910698891
1.148875,-0.09413340708792911,-0.14467566888425662
1.149,-0.13155438611513864,0.43080558735959623
1.149125,-0.16540177441526255,0.23599448819215174
1.14925,0.05760593951108129,-0.15471833716525749
1.149375,-0.3292471216430695,-0.33315756095474686
1.1495,-0.4024034068748994,-0.18027912995154582
1.149625,-0.24800987798704097,-0.03586461425466324
1.14975,0.13861203718558487,-0.010493247327183784
1.149875,0.19649991169985057,0.022094732988811466
1.15,-0.11657593438732923,-0.08359530720773048
1.150125,-0.38685378572404044,-0.08088232806627067
1.15025,0.14284020878694312,-0.0597498297024397
1.150375,0.20590538365595437,0.08146871539497133
1.1505,0.4005493131022687,0.05884559124444174
1.150625,0.3873114677219287,-0.4163816934499972
1.15075,0.2372071657943516,-0.4173881828382185
1.150875,-0.27322532060906607,-0.16403620492333515
1.151,0.03278780474212738,-0.18337477225842863
1.151125,0.44988151115426644,-0.10681674499590893
1.15125,0.5726667825946582,-0.012212098731442413
1.151375,0.005735592725919719,-0.14158093332469682
1.1515,-0.169629068924041,-0.38796032046173223
1.151625,0.3137214136783572,-0.26005107523790644
1.15175,0.19190165082919952,0.07171454473039125
1.151875,0.1299458731307937,0.16210793225819684
1.152,-0.012251870982893268,-0.0776283231068433
1.152125,0.05910218010319507,-0.2662142536414932
1.15225,-0.07749083398700085,-0.013495677586361223
1.152375,-0.08380760907317576,0.33989263937898834
1.1525,0.18656530609203234,0.3969649594122926
1.152625,0.4858666021264984,0.1872145138362346
1.15275,0.07605456007491479,0.1927216240314426
1.152875,-0.37295549795070515,-0.046402808281818794
1.153,-0.2906105234293464,-0.10099369153270646
1.153125,0.16145223094409353,0.4520934339849527
1.15325,0.12776605749136866,0.29033610496901907
1.153375,0.10881379560735678,0.1481084719760035
1.1535,0.19511966764123914,-0.18406914175597028
1.153625,-0.11922681753044446,-0.05526175140336679
1.15375,-0.2093269440338748,0.09265376366339868
1.153875,0.12735706366060406,0.1503084396928614
1.154,0.344950794877754,0.16546410424982286
1.154125,-0.09858310335999812,0.16300815875666355
1.15425,-0.2458276062086252,-0.14433143941664026
1.154375,-0.11010174941130581,-0.06210450790833761
1.1545,0.1735722419214653,0.24098651864337087
1.154625,0.036055414981457846,0.4231108059419892
1.15475,-0.05510032747255648,0.0237037236188765
1.154875,-0.07217863951186466,-0.21902923245870248
1.155,-0.17902562943130185,-0.11639764802372717
1.155125,-0.21623734010604753,0.1422997435521541
1.15525,0.1149994801186446,0.12283864443827956
1.155375,0.18794548489417245,0.08401521461695978
1.1555,0.10571096584088426,-0.017267851277954032
1.155625,-0.21344577109755503,-0.02010951840278678
1.15575,-0.16607055414322303,-0.19340673820835266
1.155875,0.11739797296874799,0.11633919457162865
1.156,0.14746305942651458,0.26526040750712865
1.156125,0.0019883922146746963,-0.022400576713623336
1.15625,-0.10772392940212308,-0.2922259354916636
1.156375,-0.1497259045019879,-0.18355022796105588
1.1565,-0.33592554161117105,0.20571987784748838
1.156625,0.11972940998040245,0.22249309753516514
1.15675,0.3919242064051455,0.025446160190501776
1.156875,0.06340911251071847,-0.09859981020059581
1.157,-0.44156437825862,-0.26585562339801694
1.157125,-0.5446347837553671,-0.2658366622377486
1.15725,-0.15295897272631184,-0.04782941775190985
1.157375,-0.1381504757220494,0.27186514784576676
1.1575,-0.20199526888396643,0.1701821956213986
1.157625,-0.31432195244711036,-0.25863038963978097
1.15775,-0.5390558483671286,-0.02831294639473287
1.157875,-0.41968450330440976,-0.026419012523841403
1.158,-0.040119235667764964,0.12084880960300863
1.158125,0.43780080659078063,-0.1657505783685245
1.15825,0.16743458962333024,-0.20373082998142175
1.158375,-0.21985529029714096,-0.18953306802149752
1.1585,-0.3963507441401012,-0.2893398737175474
1.158625,0.1949427390045621,0.06361657252548643
1.15875,0.4602609818305947,0.2365885274290468
1.158875,0.3175945827422815,0.08554688567859679
1.159,0.11358047190408274,-0.48053102580821416
1.159125,0.11739503730042208,-0.3897912323424327
1.15925,0.12031340109162605,-0.10714525104785927
1.159375,0.3117718669575616,0.017187058194708615
1.1595,0.3638614042898612,-0.05061739390216624
1.159625,0.09248522596718273,-0.23451922912397336
1.15975,-0.3775610983573903,-0.40434789906356455
1.159875,-0.3193854097385428,-0.28603498985756276
1.16,0.07453983467973088,-0.12709981825534528
1.160125,0.40155013239556747,0.2970424819423188
1.16025,0.4075118771051419,0.1655713294798492
1.160375,0.04302710282017641,-0.12333036073821643
1.1605,-0.12628813189570054,-0.28697269127193753
1.160625,-0.05359536757883157,0.23130921551293013
1.16075,0.2451548763783469,0.4382852208757468
1.160875,0.2859025419821709,0.3652722324332959
1.161,0.31311901259127894,0.15313226228506757
1.161125,-0.02345874590894224,0.13063475098200178
1.16125,-0.27649400902947924,-0.07386054158726758
1.161375,0.15750070752323136,0.33642737129129885
1.1615,0.2254885971485732,0.36142233911524363
1.161625,-0.04062643824983589,0.1349572223527939
1.16175,-0.0078072532702996005,-0.13825019407155975
1.161875,0.07089616548847548,-0.22717307246828028
1.162,0.08533865006341575,0.07359766490520672
1.162125,-0.05373954529951366,0.29716395039684207
1.16225,0.02727866268021895,0.1869002382073338
1.162375,0.1859067511414939,-0.0028418117141136056
1.1625,-0.16461174466228987,-0.21449985544399308
1.162625,-0.2514755493105158,0.016336138051944827
1.16275,0.09715390569446139,0.1339982750420412
1.162875,0.3225775857172362,0.260117506620709
1.163,0.24729453646781063,0.22144317679429903
1.163125,-0.2056130768250164,-0.2842823106675269
1.16325,-0.30273153685648113,-0.33318304123959747
1.163375,-0.05956637193585131,-0.04459775753049434
1.1635,0.09864704966254634,0.12825082638754504
1.163625,0.1707359556459082,0.020981445572774687
1.16375,0.06805068881931459,-0.13479068945342276
1.163875,-0.09438688360102418,0.036278371381044124
1.164,-0.33378166453292973,0.1655375726170704
1.164125,-0.07339567926687855,0.0436750026158969
1.16425,0.28961970374855417,-0.05384624187032962
1.164375,0.2049547185003855,0.09949462284885695
1.1645,-0.07345411147815518,-0.19672578051177103
1.164625,-0.2974608104431242,-0.2315565986495616
1.16475,-0.1505287422875774,0.07891702838761805
1.164875,-0.14180144133844735,0.22253589606807905
1.165,0.014877650777142867,0.31096198355976257
1.165125,0.06834105750844367,-0.18165011837264275
1.16525,-0.3231831588736172,-0.08336323269550379
1.165375,-0.6330243596115281,-0.12129193930456607
1.1655,-0.24311335412092985,-0.015807303314867408
1.165625,0.0809256963755693,0.2481933981272037
1.16575,-0.008464122749637435,-0.04330588748402924
1.165875,-0.20887647151772304,-0.14106912351358575
1.166,-0.33975344122726847,-0.24877171862386782
1.166125,-0.13556381996247954,-0.14145308427945263
1.16625,0.07763153308010443,0.15444249661049472
1.166375,0.04551903128250299,0.22182627224304485
1.1665,0.09031395834310711,-0.09213918006577151
1.166625,-0.33693584390610903,-0.23644903038705334
1.16675,-0.5003470890907954,-0.26022489923583125
1.166875,-0.032520423201765854,-0.2354411351869293
1.167,0.3892037122785068,0.003322572646441995
1.167125,0.15396076029364159,0.10846775969464748
1.16725,0.00919318094058957,-0.1764412283474867
1.167375,-0.0055746159693374755,-0.599440948459085
1.1675,0.13363282918511726,-0.09298013704939555
1.167625,0.16642860129798473,0.0001816475026594677
1.16775,0.27503155769277754,0.018030341503246186
1.167875,0.3327219941734074,-0.17115415914318066
1.168,0.24400672678997293,-0.09178551550675117
1.168125,0.05313212401648075,-0.20653338829735182
1.16825,0.034698977352921295,-0.05165888671725858
1.168375,0.19760430828808165,0.06818050808797729
1.1685,0.23456455687312172,0.05884496341969341
1.168625,0.09363890773349619,-0.0766483543274322
1.16875,-0.0030599054046805637,-0.3066506649401979
1.168875,-0.058157122213234325,-0.1180128603270369
1.169,0.06997284302569584,0.3145049817977369
1.169125,0.09359811244927109,0.27276112758087045
1.16925,0.2761213446872131,0.08676459928420019
1.169375,0.20278450486440786,-0.10107506151418093
1.1695,-0.31729506108341926,0.09638393530099508
1.169625,-0.25116347130569844,0.22353083755410944
1.16975,0.1049422179567913,0.3065821093229176
1.169875,0.37781134104512104,0.20453822144589687
1.17,-0.2982302177095646,0.2833208580586985
1.170125,-0.3951615237682603,0.01608006255347146
1.17025,-0.2019889318358464,-0.0897214154817956
1.170375,0.1525957997908359,0.11556250435694258
1.1705,0.3678630124587916,0.36453693152583705
1.170625,0.30901358441825255,-0.08701973396398893
1.17075,0.13433794940632493,-0.10016220894290896
1.170875,-0.17360172816202146,-0.0016441576108473625
1.171,-0.22991747737693957,0.16087471703086753
1.171125,0.05415476848164478,0.10493036366825982
1.17125,0.0750597018770235,0.24911626076371632
1.171375,-0.04661508369463632,0.0101621078758518
1.1715,-0.17797503957023889,-0.18323317613205048
1.171625,-0.09690751794834959,-0.17108225135330687
1.17175,0.0019167747446064444,0.22440739880259075
1.171875,0.0014632340157565695,0.16776509812825943
1.172,0.0005685785339938277,-0.05673712888858634
1.172125,-0.14786431750522214,-0.286660579357143
1.17225,-0.09834232009640577,-0.10480279876578787
1.172375,-0.17662096173051164,0.2613736483695376
1.1725,-0.08787180098824436,0.14177532604953105
1.172625,0.18976459832942125,0.27218865571469564
1.17275,-0.12981770629567743,0.0853061755902527
1.172875,-0.32025514739368516,-0.3670249876245616
1.173,-0.2833780259515206,-0.1743207643703584
1.173125,-0.19598665885856986,-0.11612915735460322
1.17325,-0.01864307324382131,0.016289185985219418
1.173375,-0.11433837918781586,-0.05680220781330232
1.1735,-0.1860661578134119,-0.22294312032734073
1.173625,-0.21444607877948507,-0.12968106236583146
1.17375,-0.42037751055746725,0.07554454904768129
1.173875,-0.019018004974553915,-0.16445259240887924
1.174,0.146005775206065,-0.10743175010454356
1.174125,-0.13167070212460788,-0.20492423388101516
1.17425,-0.3433944163426826,-0.08735803084271822
1.174375,-0.3502113527739459,-0.1550296164137151
1.1745,0.08718425642283457,0.03616967114839705
1.174625,0.12484385500367015,0.1929586302669617
1.17475,0.06608509631245238,0.000356729290738967
1.174875,0.010650668572750072,-0.27368679038375776
1.175,-0.027449608843658012,-0.36381007816702193
1.175125,-0.06004107327805655,0.06892907800059803
1.17525,0.11589637869342169,-0.09152304361424407
1.175375,0.3308090423675666,-0.054605930877782455
1.1755,-0.052874442854443995,0.01920341595519442
1.175625,-0.2056574006261401,-0.200920541818877
1.17575,-0.008398667692511151,-0.46177347396007756
1.175875,0.2519449289449094,-0.21756016650741158
1.176,0.32604528274270445,0.024586316071616213
1.176125,0.16644674519685407,-0.02550926806170478
1.17625,0.07041665810252866,-0.3967015423314758
1.176375,-0.22336286715915324,-0.26007770970626387
1.1765,-0.04348610702632123,-0.1602619701140574
1.176625,0.2645468479078701,0.11095370987122596
1.17675,0.7364854557457642,0.06313222227146478
1.176875,0.14275687820780833,0.09223963252801684
1.177,-0.23940293698877874,0.047630557972054025
1.177125,-0.2740193718289078,-0.0439503072988595
1.17725,-0.04386083482342543,0.06499628325699433
1.177375,0.16976174596405255,0.37943418672697615
1.1775,0.11923607355924286,0.013079385201309562
1.177625,-0.03967480533916023,-0.37830556228678847
1.17775,-0.07527481673229715,-0.19319542151804375
1.177875,-0.21450314480395222,0.1840874870572965
1.178,0.04536677883537073,0.43668562447341314
1.178125,0.25567271600845093,0.26345910782742415
1.17825,0.0906884429309511,0.03577433374052146
1.178375,-0.4115061965771661,-0.09955127998351648
1.1785,-0.23673713054259962,-0.06828682690543696
1.178625,0.025120489570745155,0.2787436792650616
1.17875,0.33109018163461224,0.32972210885209596
1.178875,0.28989695247602837,0.2639417673076159
1.179,-0.01147039414533608,-0.21766110790421506
1.179125,0.042949790488561804,-0.40891488092604056
1.17925,-0.2938948992040676,0.1005051606813685
1.179375,-0.2111005989127887,0.3481842312051205
1.1795,0.37528996330969777,-0.031814604324411265
1.179625,0.42110828564316044,0.02488037672304208
1.17975,-0.17000315275568997,-0.1408671897372495
1.179875,-0.30315197233673596,0.060835431160116075
1.18,0.0749586201007666,0.2486120629377636
1.180125,0.3128301521302417,0.31851838286682277
1.18025,0.1164940515736489,0.08158074071021325
1.180375,-0.23317179450093473,-0.39717399237242923
1.1805,-0.2535087318890792,-0.33408965426507853
1.180625,-0.21443248488985525,0.19094023586451944
1.18075,-0.03576053756459719,0.1924389386559757
1.180875,0.15109292370223304,0.12382594303459052
1.181,0.20417080934584525,-0.05673926609870357
1.181125,-0.10179111863435959,-0.0008084564182433289
1.18125,-0.43442530957793457,-0.36828307592382364
1.181375,-0.12217770376608206,-0.1652370827247768
1.1815,0.19850380630626546,0.2547369784130601
1.181625,-0.10160788942514831,0.29928809887820346
1.18175,-0.32241038475484485,-0.09636406507691665
1.181875,-0.1760215800848459,-0.27217944807747535
1.182,-0.32180669003623613,0.1914001199033462
1.182125,-0.25853138972457146,0.14897825955298377
1.18225,0.07068217758594524,-0.02474357235786893
1.182375,0.13698589159807972,-0.21967794558810824
1.1825,-0.2275315642756868,-0.23645190027712373
1.182625,-0.5087831736713546,-0.1301660651335744
1.18275,-0.1216450416070577,-0.023020221899599447
1.182875,0.07072003422784126,0.1818677790796151
1.183,0.08872273973075684,0.19235135284662527
1.183125,-0.1623188777101079,-0.14884302016924694
1.18325,0.008657136093735184,-0.36937810988077074
1.183375,0.007124293954018146,0.08693021433006777
1.1835,0.08562436991092917,0.14902110048698963
1.183625,0.2727980807189278,0.05043221334116845
1.18375,0.44440689949316126,-0.1599479658051733
1.183875,0.08526308952844303,-0.1685584019832514
1.184,-0.4594640967221349,-0.1283093327954388
1.184125,0.12903759917644594,-0.2090523403958575
1.18425,0.22420134926146076,0.04327332241199629
1.184375,0.35687502616308003,0.03813708474832607
1.1845,0.07714721111522521,-0.3443894911191854
1.184625,-0.07253949745915188,-0.5114428660842695
1.18475,-0.007241949638798355,-0.3854193079805864
1.184875,0.016985034709397176,0.06262749164866378
1.185,0.14363764262970488,0.057016123512275446
1.185125,0.08433921634014509,0.07603030171008025
1.18525,-0.12414255386589972,0.054100488332028664
1.185375,-0.392099166154996,0.0037248830025791856
1.1855,0.3737302669455799,-0.02010179651315049
1.185625,0.622505624884232,0.3009611713131714
1.18575,0.35143160428492864,0.31815008802432043
1.185875,-0.12881791833688283,-0.007333991367977603
1.186,-0.15254652258785195,-0.20654268302726853
1.186125,0.1721263464663313,0.025818706975279007
1.18625,0.15240678453536155,0.27698729027062496
1.186375,0.2962048788789853,0.2712387884335378
1.1865,0.33576071981710337,0.027791124467380583
1.186625,-0.094581526485422,-0.0032592552428781013
1.18675,-0.3251725212398134,0.07784272190619712
1.186875,-0.08101068130572377,0.05947901778329152
1.187,0.37218281159095945,0.17545193044357194
1.187125,0.18099962324167382,0.2575065149571145
1.18725,-0.06020513914908964,-0.160166507103175
1.187375,-0.09121204871122339,-0.4085450646681142
1.1875,-0.08496772097783444,0.2530291553871877
1.187625,0.017581025596863493,0.3693239457091466
1.18775,0.11153072014815978,0.3822718179506576
1.187875,0.20573674220193097,-0.13834132778393643
1.188,0.09966972330249833,-0.20253449920849184
1.188125,-0.3510633996069671,0.13039886700838688
1.18825,-0.3993224085436615,0.18133769038434575
1.188375,0.05393044879543334,0.18293844910381116
1.1885,0.22841806600284797,0.046186693750721756
1.188625,-0.019370862566240203,0.06556143138846705
1.18875,-0.3216679729379195,-0.08291338976994654
1.188875,-0.016397838313445642,-0.16097734259203353
1.189,-0.015454439730180698,0.3393719635230997
1.189125,0.16689504658282928,0.39057946800562104
1.18925,-0.09473200312638931,-0.15021470366192827
1.189375,-0.2131942989954531,-0.1050167159408798
1.1895,-0.36035176913832,-0.06265788370735334
1.189625,-0.0572585455517137,-0.021924804655182702
1.18975,0.00500522313257778,0.04407731678054552
1.189875,0.4232569145490512,0.22205915701893691
1.19,-0.056464663643816415,-0.024486693367091653
1.190125,-0.3124053091391938,-0.41159294849327976
1.19025,-0.1557162710283821,-0.1748232198304568
1.190375,-0.06298854898295059,0.22488026363217314
1.1905,-0.17129922101119233,0.23950743970443844
1.190625,0.019855205243821637,-0.18360755867856587
1.19075,-0.16896127240882777,-0.2704145065751117
1.190875,-0.34920205049920294,-0.03510128248754506
1.191,-0.3776242392763935,0.16004356353852262
1.191125,-0.005386420820394342,0.15563259894273887
1.19125,0.19611288086778705,0.01186099461787964
1.191375,-0.06078417611131066,-0.04054625546369424
1.1915,-0.2664583818006027,-0.3260245645437162
1.191625,-0.21648927737557724,-0.3666439048041652
1.19175,0.1551550441777126,0.00989665923616535
1.191875,0.025509179163636785,0.23656086299712908
1.192,0.31124078507742187,-0.18600124003225624
1.192125,0.24396041073230842,-0.2597297933525974
1.19225,-0.060704411900747296,-0.10046454729401767
1.192375,-0.18566322191606902,-0.0504759711417877
1.1925,0.19493567452804647,-0.046323530223656414
1.192625,0.5354859196611665,-0.1319842182794392
1.19275,0.12977753289691155,-0.19740337438761907
1.192875,-0.2230689374075089,-0.4321837986591695
1.193,-0.17662842254014877,-0.203177348241579
1.193125,0.4364966884701926,0.046701510477017386
1.19325,0.5506813723702593,0.23645389792676907
1.193375,0.258496821118025,0.14084105230920776
1.1935,0.1447494415941721,-0.246464205967063
1.193625,-0.18280345865504297,-0.19567770815467778
1.19375,-0.1713382507125279,0.20618233912270795
1.193875,0.37311122652610773,0.22605295420787525
1.194,0.41163449862360113,0.18038349714620885
1.194125,0.07033733273513483,0.0805766717994762
1.19425,-0.5311118597383566,-0.18334842370139293
1.194375,-0.4332807510548199,-0.11897824208800649
1.1945,0.24230346973607708,0.14209188173449738
1.194625,0.3964475617350581,0.5463613001353546
1.19475,0.21283585504903885,0.028653164453946018
1.194875,-0.25838645000276217,-0.1696550780903667
1.195,-0.1953833927451235,-0.07229023361261794
1.195125,-0.17443644287097115,0.37829708913015614
1.19525,0.38967928371151206,0.4095437799468262
1.195375,0.5703073554903968,0.3869659966623537
1.1955,0.23659935818515626,0.17013383557372844
1.195625,-0.5094243821446804,-0.21112344455080326
1.19575,-0.1721605189839051,-0.1925364528508937
1.195875,0.3485744769068162,0.33675887624127837
1.196,0.33993953784176323,0.2513819125705905
1.196125,-0.1549220606507958,-0.0290510035498279
1.19625,-0.18912754730028253,-0.543189030023444
1.196375,-0.522956497710553,-0.2920208462553202
1.1965,-0.2914970085675657,0.31345395107041485
1.196625,0.061384426450333165,0.3337422282969849
1.19675,0.25937903669722934,0.04621964656711024
1.196875,0.07995098867577363,-0.17448384149445748
1.197,-0.26764930238961243,-0.1971300821802969
1.197125,-0.3017703230612447,-0.02307243268551782
1.19725,0.16709980675008812,0.06846986250612679
1.197375,0.15563482793164762,0.4796530517700346
1.1975,0.0583247180846337,0.19429078003496594
1.197625,-0.041598750168992185,-0.23209315942879985
1.19775,0.09272861081841491,-0.06368111367689881
1.197875,-0.025193070055261887,0.3280034540662273
1.198,-0.15446244334572176,0.2595395732211538
1.198125,0.22284398339403835,0.012734958385112431
1.19825,-0.034853445607938696,-0.2983100618280979
1.198375,-0.4186158392782658,-0.24717877401545915
1.1985,-0.48142971469320067,-0.23686911192349658
1.198625,-0.1008027840773589,0.01631491388131134
1.19875,0.055174327215439904,0.3190515781603438
1.198875,-0.2744301161107248,0.16377286500858923
1.199,-0.2479803649220426,-0.2816293431440406
1.199125,-0.24491463792745322,-0.2856214515764496
1.19925,-0.1575300672984887,0.01329429090253221
1.199375,-0.2105684719091446,0.18395888794744578
1.1995,-0.0020979308333043214,-0.17944319797246358
1.199625,0.24917732842671764,-0.1388427643600538
1.19975,-0.17844641350197857,0.039829639353696364
1.199875,-0.16406221609602595,-0.13353114829621765
1.2,0.030739886131020636,0.010424401201361275
1.200125,0.1962780217684269,0.043704237848699985
1.20025,0.1964745837193052,-0.10591291953140997
1.200375,0.06127796982163587,-0.5237222117214575
1.2005,-0.1276920759475425,-0.4462567465745593
1.200625,-0.15672873257724185,-0.06817641426800417
1.20075,-0.08653734106498816,0.13675212660421113
1.200875,0.2794306650675283,-0.31670437026245973
1.201,0.45427363375942853,-0.22996702079768355
1.201125,0.047737052794353356,-0.08976704916358588
1.20125,-0.0921583670933431,-0.22410148687260145
1.201375,0.27981922456213215,-0.16793297008707384
1.2015,0.6446730252568293,0.02060580248107395
1.201625,0.4083937250875827,0.0651842027152456
1.20175,-0.053818768932829816,-0.23150817442748364
1.201875,-0.10398781420477711,-0.136111121307093
1.202,0.01599292421736718,0.16704453479088027
1.202125,-0.013797620891733538,0.2790824887773156
1.20225,0.25799454903570146,0.13571978065846602
1.202375,0.2252707042028321,0.24512557736374552
1.2025,-0.16317765303293466,0.09009447441251171
1.202625,-0.37024017247673996,-0.11788981091142588
1.20275,0.11961410083537954,-0.05284786769034242
1.202875,0.25881189802934346,0.21387371027471502
1.203,0.04398985998767672,0.45851504836839685
1.203125,-0.24688866683311872,0.10254262807294205
1.20325,-0.0400150614037524,-0.3346141691276179
1.203375,-0.16944229712478887,0.2473517826285149
1.2035,0.06803906109720019,0.6480319763438888
1.203625,0.20561095964116788,0.349365099955729
1.20375,0.3709100224918044,-0.015739752983147913
1.203875,-0.17547373685015677,0.0063095063082376016
1.204,-0.33315382428805396,0.07215176078520696
1.204125,-0.04268103428340273,-0.016856251212529167
1.20425,0.514602620641558,0.21613136545026831
1.204375,0.2969957161554204,0.4402759252518909
1.2045,-0.2860633413045852,-0.09903499644971654
1.204625,-0.6320167225146431,-0.2016186518970648
1.20475,-0.30459058203158024,0.16294437806451179
1.204875,-0.07245616446441583,0.380214357174639
1.205,0.3821365899915807,0.14951177581484584
1.205125,0.3888430719872556,-0.35562435760723743
1.20525,-0.18611086408348942,-0.14817200839262526
1.205375,-0.46466454502614907,0.005857364664368669
1.2055,-0.3627125713650971,0.14420977869186344
1.205625,0.06584734929201858,0.2035901991317121
1.20575,0.09706637758078232,0.3143641194575859
1.205875,-0.15085385137225146,-0.0954814412591234
1.206,-0.18765783274876074,-0.43052197155366123
1.206125,-0.07543833805084084,-0.10936977609890428
1.20625,0.02637929601688819,0.5290318471493
1.206375,0.13635224038040877,0.2612530052603725
1.2065,0.06573945162657063,-0.20797918005502747
1.206625,-0.24407564285580402,-0.5607727246377039
1.20675,-0.41848984557156016,-0.3840389597498854
1.206875,-0.30154086862148194,0.019702093215940086
1.207,0.12051801006121916,0.1958754797463265
1.207125,0.17286551052816085,0.20330462399129975
1.20725,-0.3554215971918652,-3.0446116906730806e-05
1.207375,-0.5858493644282964,-0.5010883682241789
1.2075,-0.3001055109614237,-0.15469559967127544
1.207625,-0.08575777294704723,0.02438502142428795
1.20775,-0.08008776793633811,0.12044665177212327
1.207875,0.03607259135557409,-0.20089574819451422
1.208,-0.005034899294430672,-0.18158389875646322
1.208125,-0.3452932142181777,0.11187419095470592
1.20825,-0.15468285477982255,0.11962946610302833
1.208375,0.30868717686448327,0.06987694218858062
1.2085,0.38963114602131393,0.013436258682517339
1.208625,-0.2552682715439513,-0.17712317722672188
1.20875,-0.2988546118715301,-0.3487664224668812
1.208875,0.09177509915427488,-0.2640125893080473
1.209,0.366564783261035,0.08713863620754977
1.209125,0.3502851511614306,0.2888017022521556
1.20925,0.2594048158932254,-0.2219034794948396
1.209375,0.09743098744033665,-0.47270073242929694
1.2095,-0.31169562950154045,-0.18268153519688626
1.209625,-0.07743309039256992,-0.246411757467963
1.20975,0.3558869526015805,-0.005717340155711491
1.209875,0.5037039599050838,0.14801947217799183
1.21,-0.3311884808856415,-0.0402344908746697
1.210125,-0.5311050868933175,-0.27198170619495265
1.21025,0.07558112650874618,-0.0822425126281507
1.210375,0.3389466092613168,0.3739245610908614
1.2105,0.4828809878074069,0.3811472925564848
1.210625,0.05826956608871361,-0.16876818794493792
1.21075,-0.01952664376123965,-0.274232200268795
1.210875,-0.3546452822468433,0.10544233198692153
1.211,-0.4052255353734734,0.2061778505387595
1.211125,0.2476524847239747,0.19773073964630528
1.21125,0.2843831722446682,0.4259986665385513
1.211375,-0.15291390103889904,0.07181049866009458
1.2115,-0.32074228320919845,-0.27891510590804947
1.211625,-0.01356230056714848,0.019383505354850877
1.21175,0.19846077313196853,0.6301475696053105
1.211875,0.2834940284884577,0.2842104629713516
1.212,0.19028373460146772,-0.20876688114022282
1.212125,0.009567589217777072,-0.3868040918732001
1.21225,-0.27789176723293363,0.0073116644473335945
1.212375,-0.28073507173139284,0.3556201857842043
1.2125,0.2828420769557434,0.339499444243907
1.212625,0.2556971769182902,0.13507546273678528
1.21275,-0.10005951726269112,-0.05369899218984828
1.212875,-0.6136543214778352,-0.2884288768469144
1.213,-0.2521824686219922,-0.24221568019118675
1.213125,0.29241079581170887,0.36199426706659904
1.21325,0.30262206597340224,0.2906756231869862
1.213375,0.013149862871664525,-0.06523100629192537
1.2135,-0.16449960655309498,-0.37829128355795666
1.213625,-0.26464259281240093,-0.1436766180797846
1.21375,-0.2736358734718322,0.19258860220064886
1.213875,0.14941130988750317,0.19761045376434738
1.214,0.5354939876005327,0.030720377543873457
1.214125,-0.0037332928734179183,0.0015972756937703435
1.21425,-0.5852983773072256,-0.19801901437594246
1.214375,-0.19366578214908783,-0.2912082447865141
1.2145,0.3321100775139463,0.08580009102887055
1.214625,0.22668677402318962,0.42535392739060157
1.21475,-0.11153841345628342,-0.016809438101996227
1.214875,-0.28070117516880516,-0.6436666102944866
1.215,-0.2029430040784154,-0.3016440769064861
1.215125,-0.07457033361935922,0.20626159655554585
1.21525,0.01569969574662542,0.32394720345397116
1.215375,0.4060452118303954,0.09118552698242303
1.2155,-0.03278335768559963,-0.18122227574685842
1.215625,-0.5748912521214288,-0.1973168122120505
1.21575,-0.5404347084055977,-0.2333321470047076
1.215875,0.2658621344338574,0.10233991542516323
1.216,0.3445149877620234,0.3114362433818701
1.216125,-0.012180164513247013,-0.042235697746046554
1.21625,-0.1834513686781408,-0.49899363472650105
1.216375,-0.3058274290911664,-0.23102529316260315
1.2165,-0.3657138977181763,0.09177200818556268
1.216625,0.03578364778740289,0.14443543339357642
1.21675,0.31993507488515877,-0.10415490731884644
1.216875,0.23249864255798972,-0.12776456459060698
1.217,-0.31639007754237664,-0.2868893675505022
1.217125,-0.3843924494123994,-0.1571307304621721
1.21725,0.0805537679884231,0.1580046351488104
1.217375,0.6585955562497314,0.10343009976343344
1.2175,0.1993180894183028,0.09678353027895722
1.217625,0.2257093843314852,-0.5260832331881452
1.21775,-0.06627849514685417,-0.40308522654350804
1.217875,-0.23637515442286156,-0.03228970719572677
1.218,0.031188128987563807,0.1712678899230845
1.218125,0.6241726789616856,-0.1471621668332469
1.21825,0.5221605284338626,-0.058860427505075676
1.218375,-0.1629876164808757,-0.2598817831465198
1.2185,-0.46594000975080047,-0.25396213792929
1.218625,0.16770425120964638,-0.10312816196867024
1.21875,0.6466610950189667,0.3226670218776273
1.218875,0.44177019722648475,0.2688140301853699
1.219,0.059050695086991165,-0.4100702700003572
1.219125,0.03813534548370809,-0.3479049607799828
1.21925,-0.20865157497690365,0.23709581710909916
1.219375,0.073599893039398,0.6798135234509349
1.2195,0.41018259224500464,0.340044620787068
1.219625,0.19486192628210566,0.00943017484512923
1.21975,-0.36489967477035223,-0.2278330725889738
1.219875,-0.4421534006788235,-0.21345444112862666
1.22,0.18901370080496718,0.030567482367065378
1.220125,0.32617603324450856,0.49940828496408146
1.22025,0.2388297768905517,0.5423345949805355
1.220375,-0.07260621759959285,-0.0775193796323655
1.2205,0.024400156459037575,-0.4162929860919087
1.220625,0.03776540278232735,0.03505861171191587
1.22075,0.13390059005441787,0.37920379790962266
1.220875,0.2938049955060461,0.37091652693759014
1.221,0.1142727039133234,0.07725158680329561
1.221125,-0.46364422137856004,-0.004528677806835136
1.22125,-0.7289455917410198,-0.05556873314740409
1.221375,-0.269238076736454,0.10581228645070312
1.2215,0.31393083798331933,0.48624840565913163
1.221625,0.2972883251491235,0.2927116982421545
1.22175,-0.006725344784212707,-0.17868395251009847
1.221875,-0.1924500641408862,-0.36692233975276084
1.222,-0.08663329853231487,0.2244537429415979
1.222125,-0.05655580536167295,0.35918323845964534
1.22225,0.004900852633258521,0.09554715988317959
1.222375,0.01754721199766601,-0.05274482054447236
1.2225,-0.3996790906565932,0.06893067334442343
1.222625,-0.5259325317363832,0.058965031314734975
1.22275,-0.07036037183464777,0.15026146338170587
1.222875,0.5117861544851665,0.15201896328199974
1.223,0.19124108610623775,0.30838478154899446
1.223125,-0.3813108637027032,-0.37190811744600794
1.22325,-0.2915218662664685,-0.5444792219000056
1.223375,-0.1604339280138814,-0.4217064892384541
1.2235,-0.22681459771857482,0.3733522484312634
1.223625,0.11176498291926198,0.15759789531929974
1.22375,0.11450012411315136,-0.04341898352514442
1.223875,-0.24683060670485124,-0.15094824942499568
1.224,-0.6137425098878534,0.04167477024264422
1.224125,-0.11629021845612018,-0.14244747670610974
1.22425,0.4523623869321633,-0.1013829268047453
1.224375,0.003935426867408824,-0.09467772393847591
1.2245,-0.5140991057447752,-0.3281951067838268
1.224625,-0.3719191483799,-0.43961545362026794
1.22475,-0.22799750100577132,0.028162103468780682
1.224875,0.024546369563561304,0.47521969524586055
1.225,0.2553823627005927,0.27636948478323103
1.225125,0.49175873716405505,-0.2118199412531039
1.22525,0.2391554287441809,-0.2587709916092178
1.225375,-0.1656569731582258,-0.1035048082436358
1.2255,-0.05740574773019074,-0.1392354929000246
1.225625,0.6182429631426719,0.022819594938424413
1.22575,0.09009740110452776,0.15207264840024473
1.225875,-0.2000687276408019,-0.3442009753046807
1.226,-0.14494103884886916,-0.5859586739449582
1.226125,0.2520804471879262,-0.23059686309504335
1.22625,0.38397782332465935,0.2624031013141955
1.226375,0.508341239370557,0.13291433055677343
1.2265,0.3892789525322463,-0.3721062633486841
1.226625,0.001179597715564526,-0.38562105379817857
1.22675,-0.33480085750362193,-0.1138580192393889
1.226875,-0.11832639529449103,0.002985413186094987
1.227,0.2422668600189009,0.3824725428546142
1.227125,0.25514014839541505,0.49351027271411674
1.22725,-0.16817461784005483,0.38830490819464736
1.227375,-0.19981598358728894,-0.32033413137289113
1.2275,0.12690789144947034,-0.07491870282889065
1.227625,0.14429440119242168,0.578656607726457
1.22775,0.15888419436271217,0.4083556463983936
1.227875,0.08795362198225946,-0.2799705668311632
1.228,-0.016083108256536985,-0.14955093746945167
1.228125,-0.6662050490729496,0.1541187821523139
1.22825,-0.4635420535654427,0.21097903837875348
1.228375,0.38687275289500883,0.32758236292024284
1.2285,0.5037410626840766,0.3640070446325786
1.228625,0.0398978931203881,0.03672994236068887
1.22875,-0.3433234746824713,-0.259786797346735
1.228875,-0.14204802510265857,-0.151470686428926
1.229,0.382650011647487,0.24986968996531037
1.229125,0.10590865624583067,0.2353831958254181
1.22925,0.20607045801049234,-0.20894343695329348
1.229375,-0.002303240717223599,-0.11801627240834202
1.2295,-0.25006023993950116,-0.1397059582577825
1.229625,-0.32601512038392233,0.30075708447015476
1.22975,0.5146261813326062,0.22671398370727325
1.229875,0.6901719823089691,0.11981322614093284
1.23,-0.10288848130614141,0.04701438171993663
1.230125,-0.5588349936346991,-0.5123764597012371
1.23025,-0.14629204881417227,-0.2420194395473051
1.230375,0.11301910410380116,0.43992070129075395
1.2305,0.1399818713728709,0.5348968951162444
1.230625,0.1809185637551461,-0.11029619656646568
1.23075,0.009732195089918303,-0.32812783763579373
1.230875,-0.4475132672346844,-0.20903480114993872
1.231,-0.4108509271664159,0.016359985032382868
1.231125,0.21598135895088608,0.276669447312133
1.23125,0.23105207156707855,0.0025453833550927027
1.231375,-0.08145594059048472,-0.09848135002495345
1.2315,-0.5284068364125103,-0.28320511676781907
1.231625,-0.29314560342709084,-0.1673258441530753
1.23175,0.014776477110058719,0.44111650552271725
1.231875,-0.035865106292288694,0.4669936107571783
1.232,-0.08102707827481016,-0.21757027914567287
1.232125,0.009173970532352825,-0.5418164401112177
1.23225,-0.29354840585315406,-0.13099849059759033
1.232375,-0.22964802939583984,0.21828933840845297
1.2325,0.0011616557233048253,0.29811515012204615
1.232625,0.4062253960526521,0.12566614506595752
1.23275,-0.03216352818055872,-0.14097089455337733
1.232875,-0.5379817836932363,-0.2617946020213924
1.233,-0.2515585853283047,-0.4267734195695998
1.233125,0.27656213858899825,-0.0028303434906554233
1.23325,0.1590353373486603,0.382129414370279
1.233375,0.21142656315022493,-0.24761092497635853
1.2335,0.10844918313485806,-0.41626102029984685
1.233625,-0.24918648939994006,-0.16335231256712263
1.23375,-0.35761728761280115,0.08178712135493983
1.233875,0.029783742371600277,0.01952966926396242
1.234,0.5688246096389581,-0.051714603912706346
1.234125,0.30678843562264313,-0.016179301596492005
1.23425,-0.30436165006925314,-0.24047791941941815
1.234375,-0.09542480725434871,-0.31240191754186597
1.2345,0.21304727126429346,-0.073236111657065
1.234625,0.4838328002764582,0.3123731088509522
1.23475,0.09264172424101513,-0.11790683675990948
1.234875,0.0006555637405419222,-0.6490886880501432
1.235,-0.09245270999286623,-0.32820494436379277
1.235125,-0.29409539563976284,0.04810573080842181
1.23525,0.042297808376804545,0.3524132861445613
1.235375,0.45972986514637537,0.06162001536384562
1.2355,0.333812159091131,0.1890293135897797
1.235625,-0.19915311884375847,-0.13104035960656094
1.23575,-0.1723032018227956,-0.3988049600380757
1.235875,0.19550785366838064,0.035687686965357346
1.236,0.22577102861156517,0.5173100959529708
1.236125,0.2063813512075582,0.06165043666462278
1.23625,0.03299410506297679,-0.408897165276405
1.236375,-0.18609479650418426,-0.16581681115210273
1.2365,-0.19657974611744866,0.24114204898865277
1.236625,-0.1020342841964681,0.28079554473650636
1.23675,0.38369611084290184,0.1339006240087288
1.236875,0.41011829258456994,0.09197005306469143
1.237,-0.4763867353162668,-0.07617330874635558
1.237125,-0.17485945929996685,-0.19063979602038575
1.23725,0.31355787669182894,-0.09182969188765558
1.237375,0.488212802209078,0.348954205656421
1.2375,0.16925858799601698,-0.03307329868017662
1.237625,-0.11235813301494887,-0.22688709606263763
1.23775,-0.07411375676203338,-0.12744610934356232
1.237875,-0.2854477993503629,0.20526285078258819
1.238,-0.12672311656375804,0.3743074927119945
1.238125,0.2933195722946897,0.06537880301043263
1.23825,0.3013451094645751,-0.05526054640073856
1.238375,-0.2990263986919289,-0.1586523782487054
1.2385,-0.30896391731187495,-0.31993079803943936
1.238625,0.27024144517627174,0.14031957079938046
1.23875,0.5989636231332199,0.5748801829984196
1.238875,-0.05126776711863987,0.1813586637809754
1.239,-0.35663090048255325,-0.478891349699169
1.239125,-0.4714761064590388,-0.1732617923906494
1.23925,-0.2380931801395788,0.2458422037404563
1.239375,-0.10509014970712871,0.4471709021441644
1.2395,0.3903202887807179,0.04516577962299684
1.239625,0.2728887444374395,-0.1585486587848041
1.23975,-0.4753159970167784,-0.17899917827724482
1.239875,-0.671847411917078,-0.238226453953704
1.24,-0.20358637583829595,-0.18818998359573122
1.240125,0.21457615352662043,0.2831209359701052
1.24025,0.2558548996396966,0.24601788684230425
1.240375,-0.3177377363275738,-0.2371814895588121
1.2405,-0.20143601065867942,-0.284249854578045
1.240625,-0.27693292500245736,0.10995184640037413
1.24075,-0.2714622422236366,0.4979059007787517
1.240875,0.15908122218920975,0.04749690717468983
1.241,0.12975084565827005,-0.34681223607226497
1.241125,-0.5294823993870149,-0.4275185728088383
1.24125,-0.80162894303571,-0.40789695618678457
1.241375,-0.046809324589743566,-0.15264225326218125
1.2415,0.2814449734702777,0.43919258746593565
1.241625,0.1840628842286403,0.3512874074493252
1.24175,-0.027035848962604643,-0.38986957331911126
1.241875,-0.31763561939855306,-0.5567544737283432
1.242,-0.14910169633836695,-0.04349980225795375
1.242125,0.25652827537114725,0.2802813587593187
1.24225,0.8234990901208149,0.1169206013773856
1.242375,0.5682742403304425,-0.3416538813800631
1.2425,0.08595452409509345,-0.2934567592494027
1.242625,-0.3532654620735827,-0.267564367119852
1.24275,0.15608064598638174,-0.16630154652925114
1.242875,0.8016137007132483,0.027120277732483634
1.243,0.38167461868947516,-0.04180091271200402
1.243125,-0.3277148245816453,-0.37996552427495606
1.24325,-0.25627067802113135,-0.6771408259401226
1.243375,0.01961911360913119,-0.08245995093914985
1.2435,-0.04773841545327355,0.3787371750492531
1.243625,0.2338663628059106,0.15579343158837677
1.24375,0.2955377181990701,-0.08817653942692942
1.243875,-0.10413442065970725,-0.1120896574289014
1.244,-0.4879566023108862,-0.14361081770644277
1.244125,0.09178797498420405,0.185733380095839
1.24425,0.6733580552296032,0.4399128468791228
1.244375,0.42948656448472156,0.47872775951295304
1.2445,-0.2486235913535712,0.023206790407625116
1.244625,-0.15193990503117313,-0.4367750009805154
1.24475,-0.04896410591603367,0.1686653396305615
1.244875,0.10831183162682803,0.6699131728466245
1.245,0.21108168351296422,0.3194485888163074
1.245125,0.32106394854864395,-0.16594948107454263
1.24525,-0.28831110498432444,0.03777606837900747
1.245375,-0.7879691718975,0.08057592806827608
1.2455,-0.08982370869921757,0.0028882301226245324
1.245625,0.6279573943568241,0.22659678056531662
1.24575,0.3397353339532921,0.24218672241370617
1.245875,-0.11726335595983915,-0.048908703903705664
1.246,-0.08595807847563242,-0.35572282917405673
1.246125,-0.051990525288685044,-0.10942125657275445
1.24625,0.16196823059487064,0.53140191867954
1.246375,0.25369020855853347,0.2967551075261079
1.2465,0.2730384870594373,-0.1874625305047857
1.246625,-0.20278942531721403,-0.2077117991024557
1.24675,-0.5866577999212013,0.04214637029262615
1.246875,-0.06489008628897064,0.21269118897412942
1.247,0.3772395564769066,0.2659857140259073
1.247125,0.21737471755982482,0.0523906245967907
1.24725,-0.35513207312434464,-0.1585633075327982
1.247375,-0.4394150716978693,-0.46196239265825784
1.2475,-0.22906088834896532,-0.16186902662447378
1.247625,0.2090634635889817,0.43921857650727597
1.24775,-0.05511695867655998,0.39171584027169587
1.247875,0.02657631665882456,-0.1291632412234477
1.248,-0.18954605588878287,-0.22829910017754806
1.248125,-0.5058144133286118,0.08969677751412766
1.24825,-0.2223161888800697,0.10361082247593116
1.248375,0.3695856001905599,0.39050369349028136
1.2485,0.31988624406570654,0.30560405255857864
1.248625,-0.47935807663402147,-0.07281289187405238
1.24875,-0.68020989468077,-0.248108362322589
1.248875,-0.08579395286942337,-0.22429030942923409
1.249,0.16563639913840716,0.30273237992852864
1.249125,0.16837980226390814,0.21956590609200075
1.24925,-0.0007742861024903988,-0.2466141232958793
1.249375,-0.2695824594252893,-0.49739519093183276
1.2495,-0.6871605140689867,-0.15838207824348194
1.249625,-0.47300889099923743,0.13893979682226398
1.24975,0.3345059298673876,0.02998598699993831
1.249875,0.7463780974116291,0.012229709694099639
1.25,0.002949187638346129,-0.16778460146827467
1.250125,-0.5420658922690385,-0.33720508018024015
1.25025,-0.009856391837727192,-0.062472719738080044
1.250375,0.2143943630984389,0.38188214395560627
1.2505,0.2716496044347643,0.24517645373917238
1.250625,0.215910229521369,-0.44132713396555245
1.25075,0.12044585905363916,-0.5286329516322535
1.250875,-0.24758340395287648,-0.21665856128540684
1.251,-0.18474194852426065,0.09471728750218104
1.251125,0.42366210749073435,0.21848791579417917
1.25125,0.6565024131049859,0.051340699610891063
1.251375,0.09508795278871857,-0.28378283196084897
1.2515,-0.3121647879791136,-0.6469739072815771
1.251625,-0.006271122117781437,-0.28268790849699543
1.25175,0.38131801506768914,0.44795518541054496
1.251875,0.30560986840129667,0.5292615003956955
1.252,0.2771807019339769,0.053689855131658054
1.252125,0.1198326152147173,-0.4184610468374022
1.25225,-0.1585434306718712,-0.01405785850121552
1.252375,-0.3616878394072896,0.3407819539764161
1.2525,0.05564593841791401,0.34618350733686154
1.252625,0.5622899816495669,0.30135195280860366
1.25275,0.1252335054236282,0.03408687773888931
1.252875,-0.28544508856514345,-0.34960242651401136
1.253,-0.2387531882266433,-0.13213694679297952
1.253125,0.35850878648478723,0.3700698382863635
1.25325,0.43761509826272277,0.4217214907637368
1.253375,-0.04908376098522918,0.03105668350795021
1.2535,-0.27876289563637063,-0.27407011558879507
1.253625,-0.4205742088681375,-0.032465692647323616
1.25375,-0.21870153232621586,0.3551078114221121
1.253875,0.6680325109869305,0.226998019816359
1.254,0.7680931152382011,0.12835124427837158
1.254125,0.2462397260608207,-0.021447119213958747
1.25425,-0.5259575918811408,-0.13194310332966888
1.254375,-0.28843751918596156,-0.3831827136238645
1.2545,0.09421375042504886,0.06086178829631055
1.254625,0.222295972917223,0.5464977269226124
1.25475,-0.06126306681311494,0.1439535043159546
1.254875,-0.15748611802609747,-0.34827001658320156
1.255,-0.4109189629897626,-0.08705812767591506
1.255125,-0.3426005662323749,0.20090269559271204
1.25525,-0.018360705573754386,0.3538726760184418
1.255375,0.4199528819539049,-0.058691990834938625
1.2555,0.16106285530411427,-0.10656922348139643
1.255625,-0.5001325910860811,-0.30530802396445983
1.25575,-0.3674697173861655,-0.2660470578327245
1.255875,0.11459028495048315,0.36949719541703263
1.256,0.1943454995851404,0.6863961657258039
1.256125,0.17789270874314464,0.27378164290715823
1.25625,-0.05912341173734598,-0.5258192161745031
1.256375,-0.046802948020899314,-0.3175512605649333
1.2565,-0.2402210200164071,0.27702349916745966
1.256625,-0.21314357443402207,0.10621015590463775
1.25675,0.46342992989833753,-0.1268095052977295
1.256875,0.13014119196554672,-0.1740341084504495
1.257,-0.621981713060516,-0.36436346715916024
1.257125,-0.36565769574061646,-0.3975499762710053
1.25725,0.06690631299275691,-0.07906472661373859
1.257375,0.23286299073553138,0.318127829656256
1.2575,0.019917994255605257,0.18116202331015813
1.257625,-0.13866865684844235,-0.29148346186511837
1.25775,-0.29537695633406397,-0.2975302699697175
1.257875,-0.3598768427833587,0.1131687356712993
1.258,-0.020406019729782763,0.13575798568710917
1.258125,0.2366802670287635,0.11787716098128961
1.25825,0.2995707745216442,-0.012419317394094964
1.258375,-0.531889407925338,-0.015008364135021804
1.2585,-0.49816533158736503,-0.4340287614821227
1.258625,0.18555314746061377,-0.08623779613322195
1.25875,0.33362003038595756,0.32924060532569277
1.258875,0.25620677251282525,-0.07606678390276225
1.259,-0.0028036309637128913,-0.5737465912711172
1.259125,-0.02392397151415205,-0.46269880633783367
1.25925,0.0546478740478816,-0.05306595972161386
1.259375,0.3653813687751567,0.19448447010862993
1.2595,0.5920973498723059,-0.05025310950807327
1.259625,0.6478365606519724,-0.23808498159261163
1.25975,-0.1897091548200619,-0.294401041549237
1.259875,-0.34261256526849826,-0.21550829444937475
1.26,0.33236459797665424,-0.11178470148614889
1.260125,0.3747900832763879,0.22081794854295406
1.26025,0.21599054102974094,0.09551403001212061
1.260375,0.0568075187868589,-0.37965809027059055
1.2605,-0.18706571458431887,-0.4660796580209169
1.260625,-0.1618830822388395,0.17719855139437407
1.26075,0.0758775828700658,0.4418165901448061
1.260875,0.26659693336827883,0.2332906504322846
1.261,0.3971169763696892,0.12063384488740025
1.261125,-0.16862508336105822,0.14309821720921295
1.26125,-0.44039822361064634,0.057056504898460154
1.261375,0.0768106665516054,0.29150080987820165
1.2615,0.4474900286655683,0.5754978613870012
1.261625,0.29049923344148953,0.33529737831007067
1.26175,-0.19995701041604358,-0.18303649538040934
1.261875,-0.16328951222425303,-0.34524801573257036
1.262,0.024836260995235584,0.17262986716940204
1.262125,0.06871657597614998,0.40120845094462015
1.26225,0.10125738291826843,0.06287373920380634
1.262375,0.21305162678480902,0.09403893352748822
1.2625,-0.4770333353958691,-0.12236880974106176
1.262625,-0.791893251984044,-0.1749414932659405
1.26275,0.03274824527705067,0.045726527102785054
1.262875,0.6158496052922988,0.2393987830691327
1.263,0.22802885054388264,0.31632008530861283
1.263125,-0.33927227891500683,-0.051530387501423296
1.26325,-0.18908853821854665,-0.17060285983955353
1.263375,-0.02270238736210929,0.15588496333662916
1.2635,-0.035256325460615356,0.4852190615200508
1.263625,0.24377280399893017,0.22510623034511995
1.26375,0.2155697887222696,0.06333332617860221
1.263875,-0.25222194642995033,-0.34281779761990916
1.264,-0.6083628235476498,-0.18422538009698966
1.264125,-0.2981904026748079,-0.007583443381815157
1.26425,0.27263691306136767,0.2808161201481498
1.264375,0.17239608007252147,0.1527972984809615
1.2645,-0.197474866206513,-0.4101479495212696
1.264625,-0.3062587863183073,-0.5866466810176831
1.26475,-0.04245286640891805,0.013856669323550092
1.264875,0.04455681709298604,0.5298935961328161
1.265,0.22152163314971723,0.23401014886653207
1.265125,0.2665824045004126,-0.3812040518960918
1.26525,-0.4742946012197944,-0.16902894374125943
1.265375,-0.8599183634922588,-0.0325930740279593
1.2655,-0.20935688999309884,0.02549932437227037
1.265625,0.5007360339138264,0.21949614316092478
1.26575,0.2381168540469202,0.19754288478509108
1.265875,-0.38337644772592133,-0.16359498924330326
1.266,-0.30185554332712683,-0.6400021035782507
1.266125,0.23697466065667025,-0.209006571771603
1.26625,0.04632842981663674,0.2929194357641476
1.266375,-0.005493364041322155,0.2017121574428771
1.2665,0.39210935747248,-0.33624337142854854
1.266625,-0.0334417091674582,-0.4136866631938011
1.26675,-0.28144596253536786,-0.036392063104106226
1.266875,0.11011723929517153,0.0863295013705849
1.267,0.5628298868621008,0.14043165390256077
1.267125,0.37930472477810745,-0.12617706328544406
1.26725,-0.05492455052651021,-0.3572214450328271
1.267375,-0.3528517995185692,-0.7476475503694004
1.2675,-0.14540979017204575,-0.26852501975027443
1.267625,0.08794493522368059,0.35171502916328523
1.26775,0.21638878772057546,0.034690156780264374
1.267875,0.6058870632849027,-0.3043594441729303
1.268,0.02211236695363435,-0.27031001429177043
1.268125,-0.5015777595921554,0.1929657791093382
1.26825,-0.29038495281990145,0.06200905499229465
1.268375,0.6125504186131782,0.15286205729410415
1.2685,0.5518712956336882,0.05043420772405714
1.268625,-0.09704410169248467,-0.06042475220218747
1.26875,-0.456137089033054,-0.48312545951225194
1.268875,-0.05930536853910191,0.08301355302702647
1.269,0.012809449257224305,0.4825178018258803
1.269125,0.11757602480412115,0.31573260934802994
1.26925,-0.05144849242538193,-0.12918825834002212
1.269375,0.041459414097259235,-0.09339794297516255
1.2695,-0.22395030513423758,-0.030586159559328262
1.269625,-0.26311689887125583,0.054917840848857424
1.26975,0.3263556882603139,0.21661927052824315
1.269875,0.504720658435453,0.3563300159639187
1.27,-0.02242010256898131,0.25419772897898474
1.270125,-0.2975654631276504,-0.41500711950039015
1.27025,0.06045672396373436,-0.1972441997198311
1.270375,0.37783674364816106,0.4451572847187576
1.2705,0.2993749152314635,0.47933586389053295
1.270625,0.22257184204069458,-0.022202126364537045
1.27075,0.10564067337885531,-0.2831074677987732
1.270875,-0.29074129763137707,0.15797290640655154
1.271,-0.39847941446738544,0.03714429187442114
1.271125,0.3601891388343865,0.027673462219223746
1.27125,0.5756302620076124,0.11043469924266841
1.271375,0.12766358879920725,-0.07066477379756633
1.2715,-0.5727824537198791,-0.24142067826475241
1.271625,-0.3078726953572257,-0.22079300920247233
1.27175,-0.038245946470333726,0.27826252316096506
1.271875,0.10615176946493855,0.32206403750600743
1.272,0.036981755643444705,-0.10467848574187641
1.272125,-0.16639429046036436,-0.3223807018771269
1.27225,-0.2850355558095385,0.035031395205078864
1.272375,-0.23733745929253502,0.28272494015492267
1.2725,0.27526387538817726,0.19291094413832788
1.272625,0.14040428434222152,0.13762954157058194
1.27275,-0.21770698077735443,-0.08519391704237667
1.272875,-0.60935974914167,-0.18459960446698323
1.273,-0.238688534913271,-0.17346958986206934
1.273125,0.1976893764212378,0.2540809547866571
1.27325,0.17067780023214943,0.445797963286179
1.273375,-0.09181999246945029,-0.061020028350611676
1.2735,-0.3244990211309154,-0.4989238578830561
1.273625,-0.2305836953221112,-0.2478672003415988
1.27375,-0.37025693798537535,0.11563221544919661
1.273875,0.10251983826644664,0.10512018129698025
1.274,0.274562947541465,0.16295642110451672
1.274125,-0.08834344155984375,-0.02042484090636384
1.27425,-0.5583184210065484,-0.36773831841686977
1.274375,-0.32844813296573827,-0.28665334019368865
1.2745,0.16405009125624903,0.1991733466306427
1.274625,0.024775216889868865,0.28986594065426746
1.27475,-0.147253661906121,-0.23261636667565228
1.274875,-0.11401069557244999,-0.5453326705066099
1.275,-0.24352927789715773,-0.17539075503201684
1.275125,-0.18273487641423544,0.2296312915528255
1.27525,0.12918607291777093,0.07881226236198502
1.275375,0.8656305308131402,-0.022032458247724894
1.2755,0.3390292482776483,-0.150076085165325
1.275625,-0.21778839822677315,-0.2476752158630107
1.27575,-0.35385394216271276,-0.3293764057977556
1.275875,0.26513195181873667,-0.06768655512274614
1.276,0.3368998987375266,0.38036752218532505
1.276125,0.2273508115830016,0.0031945783048698806
1.27625,0.059637658201783066,-0.5633118700539425
1.276375,-0.04989781382514612,-0.3302796784429112
1.2765,-0.17723194637634773,0.024729831737658674
1.276625,0.09343038584244104,-0.07089913048749834
1.27675,0.5995270245403284,-0.21409316816121965
1.276875,0.34332626366303487,-0.09935229582340678
1.277,-0.3816448278613976,-0.1358733354273336
1.277125,-0.3574491018998011,-0.1223568056382413
1.27725,0.26767543574581826,0.199240434538563
1.277375,0.3146818047536805,0.6937069717208793
1.2775,-0.04730246319041575,0.2814740046065021
1.277625,-0.24157206743755158,-0.3270710592157717
1.27775,-0.27664444559120943,-0.3408771949665981
1.277875,-0.0874842578469394,0.16778643537370352
1.278,0.2570541508084705,0.26110089049044255
1.278125,0.5283148064243176,0.3507351594370477
1.27825,0.21737268995097261,0.09100908639499045
1.278375,-0.483613738264867,-0.01859826132615349
1.2785,-0.5372233664532889,-0.1051533590423064
1.278625,0.23249896592521613,0.1347039844722153
1.27875,0.571449009168184,0.6612055872996425
1.278875,0.0632528357275795,0.36808437571958763
1.279,-0.1679316104018743,-0.4353021470124342
1.279125,-0.19660808473805091,-0.25822229912554534
1.27925,-0.06458117309495609,0.2866543076674797
1.279375,0.05753233746578327,0.3919911786005676
1.2795,0.05978403043383382,-0.0036696584988407995
1.279625,0.015299516356532577,-0.07769051968233193
1.27975,-0.5433686910036524,-0.061293591822867706
1.279875,-0.39269958814923117,-0.19903877581482524
1.28,0.14084824477503693,0.24615068152317565
1.280125,0.2882428757712571,0.6469768661409661
1.28025,0.005965639564934465,0.20411467507408873
1.280375,-0.3505319020062465,-0.613048242861459
1.2805,-0.1854260003737142,-0.4922776403679193
1.280625,0.13410012923183193,0.19716544005978867
1.28075,0.20716181751098872,0.3875091909146643
1.280875,0.038118304326453856,0.11491739164900723
1.281,0.14743192224403445,-0.00718934310622807
1.281125,-0.6334986937916037,-0.1277629770160482
1.28125,-0.6445708562066563,-0.1794966584043969
1.281375,0.035711620627377906,-0.11350767699936268
1.2815,0.4841111780991065,0.3089146590108434
1.281625,0.27479134702036956,0.052675955250618606
1.28175,-0.2730607357882422,-0.39556403145227703
1.281875,-0.4557664840256565,-0.47254346492104027
1.282,-0.19478887680492615,0.17191165796502464
1.282125,-0.11643777195008169,0.21664155972582472
1.28225,0.034783892729162616,-0.0260051163684899
1.282375,0.1483669979152658,-0.28542116452604255
1.2825,-0.4563835472957483,0.062078988886485664
1.282625,-0.6785028722054752,0.06270322872135005
1.28275,0.01097048600844197,0.08545292404606955
1.282875,0.4893817789940762,0.266779012749742
1.283,0.028488430391296282,0.022754202047208724
1.283125,-0.31178030253447,-0.5349434965938703
1.28325,-0.32008263261543596,-0.5866485877045176
1.283375,-0.009848697735719768,0.04042018532831905
1.2835,0.2460463197052925,0.5109718203550904
1.283625,0.40917242775840645,0.015308120254077465
1.28375,0.34411546029633244,-0.3942201967801259
1.283875,-0.04603065612526979,-0.4205634444953785
1.284,-0.25956870889193123,-0.20970299681582255
1.284125,0.309136352341806,-0.1514895824355911
1.28425,0.7420203643847381,-0.027803223842347607
1.284375,0.4279623779515753,0.16610368520833954
1.2845,-0.20408175825927874,-0.35024534635060084
1.284625,-0.042837859692463426,-0.5000201470921248
1.28475,0.0032889796957588785,-0.12452300628732155
1.284875,0.18306529048337075,0.24321469822193742
1.285,0.21640230579299113,0.09044853184919144
1.285125,0.3122188342479038,-0.4620316141544314
1.28525,0.0932969371223509,-0.3143089003437652
1.285375,-0.26339307557932123,-0.16352096936190577
1.2855,0.03105884942631015,0.2683343329499529
1.285625,0.47574301595968804,0.23168750655488984
1.28575,0.2502580671138781,0.42138205520830513
1.285875,-0.16198362974188493,-0.01585933357011291
1.286,-0.054725590083598175,-0.21155236208821898
1.286125,-0.013759134551782078,0.21308794008203866
1.28625,-0.319040737443977,0.6554874275878909
1.286375,0.09809387089607828,0.5533551816528284
1.2865,0.3592952503372063,-0.06794071588599598
1.286625,0.06106357947712625,-0.16297666048246404
1.28675,-0.3817335230167312,-0.0813956874632722
1.286875,-0.29164057240680874,-0.022283523612615097
1.287,0.20004466786401415,0.24468213994911922
1.287125,0.32770256373511636,0.27722962233079884
1.28725,-0.1619020753964844,-0.059647784097146335
1.287375,-0.19568623528738777,-0.18892647149295508
1.2875,0.2249198227127794,-0.05602538901171759
1.287625,0.2986575024541866,0.36828858454530033
1.28775,0.3357340660535092,0.2797357107968079
1.287875,0.620260656204237,-0.020448433028095955
1.288,0.04483301401836814,-0.14508046612812167
1.288125,-0.5070355738108676,-0.14175316400169322
1.28825,-0.39736394564562466,-0.13061619049747994
1.288375,-0.012161830417301218,0.038841190691320096
1.2885,0.27972507149283143,0.20979617823628874
1.288625,-0.1653095738248093,0.14100842123309648
1.28875,-0.34598074863866296,-0.3721185500149651
1.288875,-0.20414418725442882,-0.2531459171900732
1.289,-0.009472997508202685,0.19299494088763366
1.289125,-0.05545109256403659,0.12307774622667653
1.28925,0.17115320495905853,-0.041923496291125836
1.289375,0.04134452892766622,-0.1387592756736704
1.2895,-0.2225044513367093,0.2057051966254264
1.289625,-0.4621312369066497,0.30204676065791025
1.28975,0.2945005202937386,0.4413199768533102
1.289875,0.04400243842438011,0.475702498413749
1.29,-0.27404165234768735,0.1123832907595529
1.290125,-0.44132577856616956,-0.46337753031939666
1.29025,-0.054887631619952575,-0.22878925314242726
1.290375,0.1637337412663634,0.21245483784719524
1.2905,0.11146756539655263,0.26455299462093207
1.290625,0.20818066739474744,-0.13685356516169736
1.29075,-0.16186063827683667,-0.32101451075525833
1.290875,-0.6286795323359783,-0.09340034691190169
1.291,-0.5443374205939677,-0.24041299511390465
1.291125,0.12856072661893084,-0.04654439192599334
1.29125,0.16179558708706074,0.1095303317051563
1.291375,-0.10034038988493556,0.06495152201323967
1.2915,-0.360750182902501,-0.31603275874371817
1.291625,-0.09366790352665114,-0.3027148272566256
1.29175,0.2203543304211959,0.1979521338782539
1.291875,0.4441751996015023,0.05222935163785506
1.292,0.282338975406604,-0.23281066799499997
1.292125,0.1435697662673299,-0.4262466988213948
1.29225,-0.22237673888066803,-0.09053831032195916
1.292375,-0.39316497112795706,0.14048085818236714
1.2925,0.2308049045487683,0.24641710608238437
1.292625,0.4896316641321897,0.12103369313927419
1.29275,0.24459424726646034,-0.08201975301277459
1.292875,-0.30328224523213043,-0.5141325870963164
1.293,0.08212716135882075,-0.3747750781853392
1.293125,0.4007908780338689,0.04880226869229944
1.29325,0.3306199110498165,0.29680637077685146
1.293375,0.22691632422346628,0.01769216914090544
1.2935,0.07872968547060538,-0.42105077954551884
1.293625,-0.18398332091872424,0.03579865610842545
1.29375,-0.2925763440375579,0.28784455116317853
1.293875,0.07019897497936538,0.21981140911988065
1.294,0.3347396198321141,0.07579819597063162
1.294125,0.06613452254963073,0.02738585930714467
1.29425,-0.48333753088022846,-0.015381275887185929
1.294375,-0.1579733532080495,-0.1871510347939653
1.2945,0.3135707892305956,0.31925279481519514
1.294625,0.205098462217457,0.6475279369855563
1.29475,0.08048132353988403,0.00706883112851971
1.294875,0.1605574034704485,-0.19150660600147584
1.295,-0.12306394488267924,0.17996994743908842
1.295125,-0.17716445908529752,0.4441951824647496
1.29525,0.03136439118928628,0.33065024957454614
1.295375,0.30630274965292376,0.2265104158359494
1.2955,-0.10479550719859979,0.06895423538375521
1.295625,-0.7636104838579815,-0.24387339468674063
1.29575,-0.451446142672797,-0.316173671223672
1.295875,0.17893970890722236,0.10250856039920331
1.296,0.36698639108346176,0.344927839265632
1.296125,0.068244098748785,0.007630871878279691
1.29625,-0.09085236416277655,-0.47971718353265375
1.296375,-0.034350970792376145,0.06285294767016612
1.2965,-0.18494845313237554,0.3080150883889815
1.296625,0.20980472843551728,0.24354137045358604
1.29675,0.44634349043806526,0.14178771415876917
1.296875,0.23587314960764982,0.10285358461414552
1.297,-0.2764306854165374,-0.05450747744809913
1.297125,-0.3889471059140421,-0.2015708124646269
1.29725,0.2361238900097023,-0.05265092972523251
1.297375,0.4825315714940422,0.28848740894893954
1.2975,0.18160204277922612,-0.15335474079253633
1.297625,0.019380116941745174,-0.6023790680404832
1.29775,-0.2776612765625345,-0.4096481257132929
1.297875,-0.4606266670230644,0.24908383246767454
1.298,-0.23888132243475724,0.24953832386683045
1.298125,0.14725083611097775,0.15552675203861036
1.29825,0.21601828612060645,-0.10390260387227528
1.298375,-0.40162949713992696,-0.0883193040528227
1.2985,-0.3574207852297911,-0.1034166071654805
1.298625,0.05146495792656415,0.011756260198495202
1.29875,0.2058021618417441,0.3896159496558612
1.298875,-0.22040865605684412,0.2909270393818423
1.299,-0.5027529000031571,-0.2549639285743228
1.299125,-0.4927756731880948,-0.3401813862844372
1.29925,-0.3608881765909863,0.1769509392202412
1.299375,0.11922874220671652,0.48313811142029817
1.2995,0.18596101020755698,0.201579538596892
1.299625,-0.03490050564190449,-0.05530016624844543
1.29975,-0.5845136378082011,-0.24332364251928806
1.299875,-0.5128983429768242,-0.24461859024183463
1.3,0.0171303888560709,-0.2750049705580176
1.300125,0.523238774585992,0.03446694682579965
1.30025,0.3318759292179475,0.08024061724126551
1.300375,-0.08418406893901434,-0.3526277159317882
1.3005,0.12570963185918935,-0.3133626730444739
1.300625,0.189932755553426,0.20584653442980833
1.30075,0.2513139263875815,0.08930463461313662
1.300875,0.3890752855223657,-0.432698319946439
1.301,0.1919148535487803,-0.5147066299676952
1.301125,0.12922735007737832,-0.37864117672393355
1.30125,-0.08763713587387346,-0.19694899918405495
1.301375,0.25303313233522884,-0.04516698843973149
1.3015,0.5280326862494493,0.20099146134521112
1.301625,0.1501464142249648,0.08583244362839013
1.30175,-0.18180530706188866,-0.4218623496445745
1.301875,-0.11227445222891844,-0.3553480327961703
1.302,0.14399286971937592,0.1633311329750112
1.302125,0.22649161874545884,0.3815281461127301
1.30225,0.3937780832334505,0.23379967856082468
1.302375,0.39622010326605517,0.02264709951817683
1.3025,-0.04229683227306525,0.19708787068780065
1.302625,-0.2560295289454259,0.11923491114631278
1.30275,0.007819547758356898,0.24458209566858224
1.302875,0.43000726256598315,0.3004994380622823
1.303,0.16113446857289349,0.3382404871811969
1.303125,-0.43781121216590746,-0.0504965980504296
1.30325,-0.18260414147863072,-0.15033053857093653
1.303375,-0.036715483887588975,0.2750046679102496
1.3035,0.030188084638276755,0.42211074119881975
1.303625,0.10738971267835355,0.08022121445794027
1.30375,0.14494139406699574,-0.13886801243074215
1.303875,-0.30415096921686263,0.04687592155133352
1.304,-0.37618448403443744,0.17275742361333127
1.304125,-0.04913905803566611,0.15590906506718286
1.30425,0.4729869349476787,0.4662302774382904
1.304375,0.3334117580800225,0.45817686041530187
1.3045,-0.11123011838006604,0.020937189683490037
1.304625,-0.11169743424633587,-0.3214807694250252
1.30475,0.11769252520708476,-0.060555100410233716
1.304875,0.20095005992320994,0.2859547636349698
1.305,0.06582932743831017,0.12485911662455482
1.305125,0.17874375817577315,-0.28486075981267406
1.30525,-0.3007844822747322,-0.1980469366766433
1.305375,-0.5115194393670301,-0.1622750554179633
1.3055,-0.26078621523337014,-0.13896224182427425
1.305625,0.11618921091354006,0.12697141634950956
1.30575,0.17726504172747196,0.38803193433385164
1.305875,-0.2812008836753273,-0.22299475566788457
1.306,-0.3478212600593385,-0.45638430206902325
1.306125,0.0892143292146305,-0.05844821201939602
1.30625,-0.06941672494114683,0.4530169874423796
1.306375,0.21667945213171294,0.3611156541291051
1.3065,0.17147050904966202,-0.30990192492459123
1.306625,-0.3279064460162112,-0.08218857107293676
1.30675,-0.44982196209615494,0.0995546720454505
1.306875,-0.3086785120457827,0.011874374024660222
1.307,0.16782670668881186,0.1862178078489385
1.307125,0.04396310505293705,0.04510752231899
1.30725,-0.22590851145201776,-0.35354539493690007
1.307375,-0.41097334223599996,-0.66759355874913
1.3075,-0.19105835663413792,-0.2557107026019971
1.307625,0.06410710118764722,0.25507044116877126
1.30775,0.09105951235650579,0.24479802355603555
1.307875,0.14522615113390047,-0.09468835164852434
1.308,-0.13297629439563788,-0.4071610411668763
1.308125,-0.509500605211189,-0.05015599051950147
1.30825,-0.32095116695409076,0.11828282966950582
1.308375,0.1948246504332086,0.008278355626101715
1.3085,0.33680440933564876,0.03794038744651177
1.308625,-0.1955505797185581,-0.23722691358561443
1.30875,-0.23236161322629756,-0.5055243607115111
1.308875,0.10637731299380247,-0.22620123104948064
1.309,0.3368838469986804,0.05415391334091904
1.309125,0.5133034375411241,0.12364096029378409
1.30925,0.5279106774735611,-0.1908733644014755
1.309375,0.09737973256453211,-0.426267432598675
1.3095,-0.1514611862241696,-0.13205113921336328
1.309625,-0.037643942009087335,-0.02272698736592712
1.30975,0.4223465801322447,0.14467873040118448
1.309875,0.39392568665284533,0.10182094538716507
1.31,-0.025240446723111026,-0.15549758636030508
1.310125,-0.19108930940405017,-0.4590898055435599
1.31025,-0.009957462561567482,-0.2638474190784475
1.310375,0.2266750083354052,0.17874650777824072
1.3105,0.1573760375251625,0.20802900652458903
1.310625,0.07671045742448647,-0.12950966160077643
1.31075,0.2863245362126408,-0.19734387980929416
1.310875,-0.21288445714548684,0.14913767453275115
1.311,-0.09273182047301563,0.18097110486644785
1.311125,0.1890415630292699,0.32096032395350127
1.31125,0.18335337938440527,0.28262530268484715
1.311375,-0.12117032751695071,0.13828243375172353
1.3115,-0.3337003921481506,-0.16827048681399823
1.311625,-0.15396457753055937,-0.1524562508038002
1.31175,0.1851018387299989,0.36316700686634973
1.311875,0.1609569381429282,0.46051132341577666
1.312,0.14401077865640677,-0.048774930968630746
1.312125,-0.047228351176394394,-0.36597041113859746
1.31225,-0.1560793192515857,-0.025007945867452586
1.312375,-0.15989510693970851,0.1980153361864896
1.3125,0.31976650560334885,0.252290483587715
1.312625,0.5232434851040585,0.1936618358178768
1.31275,-0.003327851645164077,0.17380794619273085
1.312875,-0.40626540767683544,-0.03704662083260275
1.313,-0.2661429449775076,-0.15453746635465038
1.313125,0.020564552274028928,0.1726225852547053
1.31325,-0.0028161282688872347,0.2601265916769548
1.313375,-0.08499536318129448,-0.4196235936635124
1.3135,-0.14673414393933681,-0.2650975993101566
1.313625,-0.2717526474303933,-0.1326789285346312
1.31375,-0.23244894673459815,0.22235760257671847
1.313875,0.046399125292314776,0.21086994676784357
1.314,0.2161392361371218,0.11173132488622173
1.314125,-0.10339601171280764,-0.02925363002241099
1.31425,-0.4262053233125017,-0.20780638034187113
1.314375,-0.3019705227058958,-0.058674417777903255
1.3145,0.276567698814343,0.3913158892447859
1.314625,0.08525046384602997,0.6531130604637831
1.31475,-0.09414579694537778,-0.016230398391251736
1.314875,-0.04323262221838972,-0.41685428176130945
1.315,-0.18426843704651688,-0.4123085338172399
1.315125,-0.16860045690543143,-0.029867784159427892
1.31525,-0.009126213502260103,-0.004149415615939736
1.315375,0.29302525327545803,-0.09124254513767376
1.3155,0.06755535310736034,-0.1542772536842422
1.315625,-0.38875451218465007,-0.18336245797258746
1.31575,-0.5606925063723465,-0.15013431420478432
1.315875,-0.05251395243495988,0.056163112600864706
1.316,-0.02252588396458145,0.2644220308366493
1.316125,-0.05667944337031215,-0.008228871404447094
1.31625,-0.08572835728294713,-0.41956195388756806
1.316375,0.04125018162191898,-0.17120726863242933
1.3165,-0.32592825185003726,0.05413537437136905
1.316625,-0.11621548411373017,0.0279562567943208
1.31675,0.2005780159131316,-0.05295121144768032
1.316875,0.3433570735061681,0.04371855431334932
1.317,-0.12479905581734918,-0.20201869069905026
1.317125,-0.005840778632854993,-0.21356524269888708
1.31725,0.2877597755580664,0.009664278720938847
1.317375,0.26503167185216536,-0.032255250383681856
1.3175,0.12272357498767009,0.03380427399403713
1.317625,0.059745349484540924,-0.5134527793981868
1.31775,-0.05062545361929909,-0.29190533740622576
1.317875,-0.02590508947121945,-0.1230123798587024
1.318,0.2478062703433447,-0.1457018941439923
1.318125,0.4301577933646432,-0.0032415389367290723
1.31825,0.16843684054184363,-0.11684590194313366
1.318375,-0.44967240838841943,0.039534893867668466
1.3185,-0.4458671616908349,-0.1932180107171736
1.318625,0.200729541828722,-0.03857303675555003
1.31875,0.27575802890164813,0.22563733118176052
1.318875,0.1317093730116076,0.19175834299860775
1.319,-0.05796297100184376,-0.05894572720778456
1.319125,0.20632297427116228,-0.2214513646810576
1.31925,-0.09718151128074742,0.20538593533433414
1.319375,0.17372537713765254,0.4554899473009598
1.3195,0.5143726326359108,-0.01211601710889225
1.319625,0.26548306168503566,0.1841112251955463
1.31975,-0.2707653098105332,-0.04953754500846988
1.319875,-0.3758092512889005,0.11836592665243184
1.32,0.06862989386345689,0.2750823051516501
1.320125,0.5337684280247168,0.501853566576573
1.32025,0.20992991658329102,0.1307670358512412
1.320375,-0.16788420121537934,-0.1544194691811255
1.3205,-0.11381778875230944,-0.37704713799375217
1.320625,-0.31478325043858885,0.260908699892808
1.32075,0.062461002436335324,0.3065561929792441
1.320875,0.25012596902587053,0.14189094516583775
1.321,0.0599699367435022,-0.04689820909258443
1.321125,-0.14510647486758452,-0.0894941472643675
1.32125,-0.18380871320901615,-0.08480109064533921
1.321375,0.2493419334891007,0.14365669110478269
1.3215,0.1821261725173824,0.22468016519862885
1.321625,0.06304178493884473,0.3025673882980039
1.32175,-0.2682056897693234,-0.1474480620478068
1.321875,-0.21063106864049316,-0.35462821137731076
1.322,-0.3094058746483129,0.04099268308486188
1.322125,-0.09568170256468392,0.34196597992457406
1.32225,0.15233383290617863,0.18626517622869487
1.322375,0.26885036630974046,-0.16939044795916008
1.3225,0.016938799995712156,-0.2881051027676849
1.322625,-0.19568855981444416,-0.23038995395120274
1.32275,0.052449396008846814,-0.19205892736515803
1.322875,0.39301379677756976,0.18033336415472134
1.323,0.4314662613428515,0.13270034003803777
1.323125,-0.14986883341245427,-0.17460201418494173
1.32325,-0.252398663872987,-0.024079361538084848
1.323375,-0.2150040963631854,0.18557821129780447
1.3235,-0.3278551143572648,0.24329530916346812
1.323625,0.037839281980446886,-0.046715463677649484
1.32375,0.1340924904220142,-0.24701135473836872
1.323875,-0.13978177328170804,-0.37317893698767696
1.324,-0.37870633178844487,-0.15231641593314063
1.324125,-0.2522104253506949,-0.14286544723667505
1.32425,0.07276892781404336,0.08697436964804922
1.324375,-0.08829298268788227,0.2194078200293321
1.3245,-0.3313609609187681,-0.10687106258479281
1.324625,-0.562689749276196,-0.2834897543548708
1.32475,-0.3982416676721749,-0.13635567017042557
1.324875,-0.16001442785662134,0.2971295592814843
1.325,-0.0012668938619586395,0.26308374890998604
1.325125,0.18646255196209133,-0.0659912105750284
1.32525,0.14660749771095083,-0.25674130171140097
1.325375,-0.1958686027909753,-0.2342202780816044
1.3255,0.0064984282601665225,-0.16437307128205678
1.325625,0.5435988191867069,0.032008218419975316
1.32575,0.3180336437854846,0.2330946116476646
1.325875,-0.06526622302355159,0.021182527713773762
1.326,0.04051827890782677,-0.348262485478755
1.326125,0.04798549835255452,-0.23809845294468518
1.32625,0.19757786805231625,0.1291004252876795
1.326375,0.1671977102190728,0.009069165312486051
1.3265,0.6043286420980221,-0.46074264063382514
1.326625,0.11848501483709019,-0.35046876260614435
1.32675,-0.27678402468463603,-0.252137757646563
1.326875,-0.2538138968829721,-0.22899491921382897
1.327,0.5674573352662416,-0.020034660031474676
1.327125,0.5525397446462373,0.3082036696062084
1.32725,-0.16105134844322072,0.18755187390567285
1.327375,-0.374509003942228,0.016185452588643578
1.3275,-0.0878306942169367,0.07886465995930377
1.327625,0.1408931033982976,0.31533601803194694
1.32775,0.22686047966337403,0.3483414692550741
1.327875,-0.010759880307539106,0.10551252459055972
1.328,-0.13100906713231525,-0.010605959302849766
1.328125,-0.36259229840262175,0.09493721946034063
1.32825,-0.16332832980546966,0.23687512999308633
1.328375,0.3068557011670181,0.2721623396722938
1.3285,0.13645339977273066,0.2403151658857115
1.328625,-0.2868358190818934,0.1031019891537598
1.32875,-0.2846930905433034,-0.18498119804463067
1.328875,0.09605272326888895,-0.029666305982117225
1.329,0.3703197382801937,0.5091886317173995
1.329125,0.33677242708597255,0.5190333208700723
1.32925,0.1406046102919115,-0.029701941442823544
1.329375,-0.07725712133204528,-0.3486732407021547
1.3295,-0.27971999712080536,-0.07334107856774111
1.329625,-0.190857190765003,0.12136635283250984
1.32975,0.3163398950748907,0.18336287208706198
1.329875,0.08234622401788642,0.33283137193674445
1.33,0.016711932985780782,-0.05573560792035093
1.330125,-0.5734402559420715,-0.3902899712063558
1.33025,-0.1097235450950005,-0.4542587194695848
1.330375,-0.04639313636504567,0.21430240246083565
1.3305,-0.04434633147261953,0.14092164795492276
1.330625,-0.03312688345888808,-0.22936431466841817
1.33075,-0.08924477665173766,-0.22695363912703762
1.330875,-0.28467350107873435,0.08821882980684365
1.331,-0.19997514051450327,0.208782723273104
1.331125,0.26729801532618336,0.2147381976064664
1.33125,0.2373883429055503,0.09321947946232118
1.331375,-0.12566864395647537,-0.04441694756499548
1.3315,-0.42099439525850274,-0.2540407137348811
1.331625,-0.3272271159635802,-0.2143133808080429
1.33175,0.16772255418782184,0.0869459358951335
1.331875,-0.05251131946286135,0.3310747245124641
1.332,-0.04307032592352579,-0.10386975743281286
1.332125,-0.06528375704383765,-0.3671799812103782
1.33225,-0.017432237662024352,-0.10299360109967809
1.332375,-0.02227128024173845,0.014720123803713805
1.3325,0.2884019195728529,0.08332823625724844
1.332625,0.22980921033770116,-0.058655794704988974
1.33275,-0.19138137939724115,-0.0631020298563942
1.332875,-0.6175243457224948,-0.21614515899229286
1.333,-0.23196201443803852,-0.22256579286611772
1.333125,0.23977550216719995,0.07667721333791162
1.33325,0.1916014616689615,0.24853426943898502
1.333375,0.17211613999033146,-0.22654443052152398
1.3335,0.005482790268820655,-0.4453805724393192
1.333625,-0.021887317134268926,-0.24299201613295351
1.33375,-0.05681193091527353,-0.07563970303845338
1.333875,0.17765447480140575,-0.030814526986552897
1.334,0.25920455616486476,0.025569792899873867
1.334125,0.028807830260829476,-0.13993939541222417
1.33425,-0.23242853560339777,-0.12345949157718787
1.334375,0.022274415679616688,0.04206091311402624
1.3345,0.3527050675263106,0.20258381081110485
1.334625,0.3789621420772988,0.35703064384633076
1.33475,0.1943569091984028,-0.12892772698214344
1.334875,0.21011145543171547,-0.48282850885195316
1.335,-0.0618459321994941,-0.07733562493844316
1.335125,-0.10417714291231213,0.04560321326118078
1.33525,0.06853897785468532,0.27705768831632444
1.335375,0.2602019799989352,0.10706242683976153
1.3355,-0.07111807250116395,-0.09184427190294053
1.335625,-0.3561004588642345,-0.0350491769193052
1.33575,-0.16265259364625034,-0.00436471552231447
1.335875,0.2049735871138377,0.10940962214991384
1.336,0.187840318861011,0.13515844003646577
1.336125,0.06949680076560517,0.08213274234443539
1.33625,0.02592471770869748,-0.21515489001299953
1.336375,0.0562987106841715,0.03173465239698552
1.3365,0.14549775466479212,0.345599343636981
1.336625,0.19865270345442754,0.2516085110024086
1.33675,0.27818147974213214,0.252231135772294
1.336875,0.11718267839471525,0.18322823680482153
1.337,-0.2596918253347053,-0.07020544842399618
1.337125,-0.13668624896161088,-0.08478943204293896
1.33725,0.0709626980176066,0.027229830537636533
1.337375,0.30097662924446406,0.2090099233391654
1.3375,0.25863106759061255,-0.013379366266352374
1.337625,-0.11438504972890362,-0.3249595385529219
1.33775,-0.3111703416999296,-0.06653810358692609
1.337875,-0.3881605649924152,0.1660768900538611
1.338,-0.020325684747572063,0.3601666748816637
1.338125,0.4858622218992442,-0.003313718869707804
1.33825,0.04081266108360035,0.04841979955702601
1.338375,-0.27247289405460284,0.08469260144440938
1.3385,-0.48252627685991495,-0.023503468563279627
1.338625,-0.024341512077103618,0.2119449771279237
1.33875,0.21298591118334836,0.3602306538304746
1.338875,0.005853243980617366,0.1205564366837137
1.339,-0.07228246857486922,-0.11172699643945473
1.339125,-0.03828629618462572,0.03942234206019749
1.33925,0.03708575650946284,0.2670235371568462
1.339375,0.018220783020125263,0.21778103339391136
1.3395,0.03239591051017132,0.08455982874640332
1.339625,0.020707218726760825,-0.10577699309321709
1.33975,-0.2528031043620959,-0.11014508845505278
1.339875,-0.5019460255150814,-0.2505039662522641
1.34,0.0008254120875330102,0.022568258991554166
1.340125,0.15568758427787527,0.24685887006479204
1.34025,-0.06295868895056357,0.041287046123492425
1.340375,-0.10504260612558827,-0.30200448929689067
1.3405,-0.36794166101529935,-0.28802081901608756
1.340625,-0.3306998084716716,-0.06908665159135818
1.34075,-0.23626694392006523,0.18588612992323358
1.340875,-0.09559441260110721,0.07627962011295007
1.341,0.14064287931237632,-0.07507772228566802
1.341125,0.0615997371547778,-0.05541937599973325
1.34125,-0.21667216817929943,-0.0216501130320629
1.341375,-0.06669752458868276,-0.13455488068632446
1.3415,0.19453399869967286,0.1139392432858655
1.341625,-0.13853707344373004,-0.02397651773770682
1.34175,0.02786806701638238,-0.3138989082589441
1.341875,0.021076054110613467,-0.32294909540271804
1.342,0.08658186135137824,-0.007948247888109234
1.342125,0.033050450888564266,0.20926173498092915
1.34225,0.22092355896439542,0.015270131161473285
1.342375,0.1984238011432102,-0.045135525784067196
1.3425,0.07617201505613763,-0.21234582441652336
1.342625,-0.23514386577932178,-0.27116866711910437
1.34275,0.03747683235025202,-0.366706168891398
1.342875,0.33946610923232867,0.056297606774923285
1.343,0.161008684813602,0.15607730397415573
1.343125,0.014378418280232954,-0.11236634950395721
1.34325,0.1151675810505453,-0.22851368989706833
1.343375,0.03771899653978526,0.016718717424806913
1.3435,0.09717907699072126,0.007978426792175617
1.343625,0.2784889706062644,0.22109285311157878
1.34375,0.4569403621000762,-0.0897793227846441
1.343875,0.061642843159623914,0.02273030613473947
1.344,-0.4364080129075808,-0.07301674015901019
1.344125,-0.04803684697860743,0.14241895420187134
1.34425,0.3287481543028456,0.1147693575486661
1.344375,0.10153691029442997,0.2308602685561361
1.3445,-0.024157030295271855,-0.06922216024197982
1.344625,0.09725613740801106,-0.2918024187007831
1.34475,0.11883546050095838,-0.0011729483585475647
1.344875,-0.12696562215540816,0.3683836798715571
1.345,0.003513194742557482,0.11459098024668306
1.345125,0.11212670129489367,0.07570268166890537
1.34525,-0.10428155831707096,0.051110361538877505
1.345375,-0.3070607296922377,0.022084986104939478
1.3455,0.09957400738443321,0.07710088399915296
1.345625,0.2836838722981229,0.3915232866783434
1.34575,0.2048993668974748,0.4209731407517929
1.345875,-0.30390877460008564,0.09024071217745708
1.346,-0.2629585606924414,-0.09870732184852495
1.346125,-0.06545280502209877,-0.03383902534243119
1.34625,0.31501195892222283,0.2684738413736368
1.346375,0.14058175467576517,0.3051984518180582
1.3465,0.2258504363453372,-0.23663661451413978
1.346625,-0.2148516067577336,0.18671763946588235
1.34675,-0.2811184988806162,0.1860175435302985
1.346875,-0.05030896725383471,-0.11442734456391661
1.347,0.15636035407181056,-0.004980568201422298
1.347125,0.23118576507080413,-0.033742340797028376
1.34725,-0.13165187481785678,0.016787209059349696
1.347375,-0.10591358215744297,-0.14427495777948293
1.3475,0.09333566196265,-0.03022284905601988
1.347625,0.12945559924326616,0.35341919757369433
1.34775,0.1507371587887806,0.014190810082307301
1.347875,-0.004290857117515871,-0.4020214950702342
1.348,0.05708015166217237,-0.24625732260914115
1.348125,-0.17479447488557384,0.12614122345480222
1.34825,-0.29336926190326873,0.061626151452029494
1.348375,-0.18690557836457816,0.06323559082685101
1.3485,0.13239669187002534,0.17096321207529586
1.348625,-0.29616706960863093,-0.15422301000151922
1.34875,-0.37762591349318286,-0.4544468549467913
1.348875,0.08708489355051031,-0.17675168050520962
1.349,0.07852353766560505,0.19465362641442613
1.349125,-0.04002886815276359,0.1707284994083666
1.34925,-0.010326647470675217,0.009305990420955864
1.349375,-0.08891314310020569,-0.08822767662172154
1.3495,-0.3968151098636712,0.14211681846553656
1.349625,-0.38676631510229,0.036847571449969856
1.34975,-0.01256894908596141,0.15178270865194557
1.349875,0.28625023536614297,0.06718145847455352
1.35,-0.0030669066893216665,-0.18858143067103983
1.350125,-0.40553267431220924,-0.25980813772431144
1.35025,-0.16615453790742152,-0.35288719390869006
1.350375,0.018177192202441423,-0.12039253625715626
1.3505,0.3237721880235776,0.02699694272071461
1.350625,0.21161083226825447,-0.28135441479092904
1.35075,0.2274169024312254,-0.1502888365677751
1.350875,-0.0596507753402697,-0.08956978288005966
1.351,-0.02229888142524413,-0.012618324095828495
1.351125,0.4947550292224012,-0.05361307509486121
1.35125,0.41760021388442137,-0.13520724853299274
1.351375,0.03714302877554082,-0.21371390418896707
1.3515,0.06428347381853072,-0.38691530107023525
1.351625,0.01779272286079141,-0.3202358077680568
1.35175,0.29849330720667655,0.12676509297492608
1.351875,0.2338535971342448,0.30840679513642916
1.352,-0.003138364944859679,-0.055763899169714665
1.352125,0.20029627373566203,-0.2921095139144282
1.35225,-0.08466481686140716,-0.10256814230343361
1.352375,-0.12974539074058244,-0.14752603760207042
1.3525,0.2671658054235572,0.27033844430373133
1.352625,0.33071058486084987,0.27277427804498866
1.35275,0.22817993159268363,0.07808209153979496
1.352875,-0.3657257617037092,-0.0025537773308847334
1.353,-0.2966700747403955,0.024764611481192193
1.353125,-0.035525895943689635,0.35906412552258626
1.35325,0.23924881049258512,0.31534344792901015
1.353375,0.195990054877787,0.059114219237612224
1.3535,0.220786799378674,-0.08715947150083654
1.353625,0.1555848965718263,0.038386488562159864
1.35375,-0.17396196498114186,0.24191230976587366
1.353875,0.18572661531173584,0.12667956311877146
1.354,0.1562016471982846,0.2851762162700316
1.354125,0.003721927374571492,0.0860425425283811
1.35425,-0.23005400687370162,-0.07977922208031503
1.354375,-0.014436322733256098,-0.26226631310751775
1.3545,0.07494024536172156,0.24627920022301286
1.354625,-0.18420838794600392,0.5912260620647346
1.35475,-0.13982654228291544,0.10602158105904372
1.354875,-0.20418104408610968,-0.37102674881378633
1.355,-0.05609238230514524,-0.15358313628995793
1.355125,0.02516191489656192,0.14686365654987898
1.35525,0.19294313668242477,0.23396595815433655
1.355375,0.24183378723207746,0.2728374735454326
1.3555,0.10123791859763019,0.16253002347290801
1.355625,-0.21360373448531786,0.038904334408413184
1.35575,-0.26144084442403875,-0.11305757352923364
1.355875,-0.26048960155204515,0.017228540334231428
1.356,-0.07905115071336025,0.26611216890911477
1.356125,0.11138348034481656,0.0917495000919695
1.35625,-0.030102403280823687,-0.2777469820100229
1.356375,-0.03998524112810572,-0.16473102968833456
1.3565,-0.2554059220288473,-0.0030518383950793654
1.356625,0.013476483560644218,-0.1438316593824339
1.35675,0.06999422236231856,-0.19828767392382543
1.356875,-0.08619649832208809,-0.12421193054763648
1.357,-0.5387631085117763,-0.016577829367952684
1.357125,-0.49501538836531284,-0.16666082393031967
1.35725,0.07559200356994161,0.14803407798214013
1.357375,0.10506899358874579,0.5282401064306305
1.3575,-0.18852344035006716,0.1259156233459545
1.357625,-0.21155276246084148,-0.19171275556495282
1.35775,-0.20915419064428642,-0.26332546861997064
1.357875,-0.3680413781638494,-0.2319628220308533
1.358,-0.16149879510211945,-0.010673725865487713
1.358125,0.1035044727000206,0.06532629919516211
1.35825,0.30158117610470897,0.12634464269932089
1.358375,-0.23458879025329551,0.07760132980642354
1.3585,-0.1985039130163849,-0.18721225901604563
1.358625,0.14161985248498207,0.002077289524249272
1.35875,0.1917675608326974,0.18829673703598404
1.358875,0.05625401911304462,-0.07823852682145534
1.359,-0.06585105921449497,-0.4197642598011592
1.359125,-0.038042060390726,-0.2764231924564335
1.35925,0.11708577247470578,0.010068354496309263
1.359375,0.3237370871797914,0.143725216795975
1.3595,0.48574679592295106,-0.031255765300485065
1.359625,0.26432960132846545,-0.2319312878123126
1.35975,0.05423532923070251,-0.4057392607296464
1.359875,-0.02962232368445668,-0.1987395380755032
1.36,0.37273917962565145,-0.14071290311456078
1.360125,0.43338453691048995,0.13960277244275945
1.36025,0.21135133325533537,0.19242516687707145
1.360375,-0.19613083136818293,-0.07709345997120055
1.3605,-0.06830246148015079,-0.29137087072595674
1.360625,-0.07598653923065887,0.3648319861863735
1.36075,0.09706631831908621,0.32904094825768165
1.360875,0.4676597235694969,0.06394295825030138
1.361,0.3691354293144753,0.008079893612143906
1.361125,-0.009420354218316761,0.015244826874345162
1.36125,-0.3308178177224343,0.1810231178646407
1.361375,-0.03893807070287597,0.19381780424503417
1.3615,0.1261634895978008,0.27640068554477665
1.361625,0.022464620133563987,0.2025417836896755
1.36175,-0.2334549680960316,-0.2249757447773443
1.361875,-0.19182114636359116,-0.09007584948132562
1.362,-0.14244887909465778,0.24864508228447438
1.362125,0.034325379991418846,0.29746338434684877
1.36225,0.1981269149257166,0.0781087144276928
1.362375,0.271284347164393,-0.23204019181476876
1.3625,-0.20663911065914903,-0.1014560994410021
1.362625,-0.5011877224141642,-0.13339496228958309
1.36275,-0.16839670672864585,0.18249299064602423
1.362875,0.46147205812506603,0.3615107575042079
1.363,0.438447959255126,0.2115253784177601
1.363125,0.028128875702786865,-0.03124602716861846
1.36325,-0.17954193867067111,-0.21037237911343457
1.363375,-0.12796604164940079,-0.06788645488582219
1.3635,-0.1173835373170956,0.06465845872887625
1.363625,0.008082502872081792,0.04736472436609867
1.36375,0.19694007693206964,-0.28854864575894684
1.363875,-0.16417382796297506,-0.19090019275818207
1.364,-0.5542291398658662,-0.12412952470809874
1.364125,-0.12633470531556973,-0.0568190109291858
1.36425,0.0629974491146028,0.22319940670093108
1.364375,0.24650591507650654,0.2995346476128741
1.3645,-0.002177090710622244,-0.2355691234898525
1.364625,-0.0864246808183051,-0.25227579221081836
1.36475,-0.05839221030840962,-0.08809158055768024
1.364875,-0.012049722160070803,0.3145374258799482
1.365,0.2358872612652731,0.2621551368501778
1.365125,0.05348268342791774,-0.03721969678157071
1.36525,-0.34504151308282116,-0.09905690990418926
1.365375,-0.641370914334297,-0.00747350005133831
1.3655,-0.24080867791325808,-0.08443205032181701
1.365625,0.11101656634807339,0.06846998942576529
1.36575,-0.01545717390851323,0.23554322483595982
1.365875,-0.2526506319664162,-0.1709516316692095
1.366,-0.19309896543085373,-0.44516848285964555
1.366125,-0.32770740441865337,-0.09545060617014381
1.36625,-0.2537770331224911,0.14461059802105353
1.366375,0.06380263062024039,0.11282607440103541
1.3665,0.33421014566101664,-0.12427990792438565
1.366625,0.2770733803040007,-0.04174109781891154
1.36675,-0.2691216818025182,-0.14321274782815138
1.366875,-0.21958852261498824,0.08289523008253027
1.367,0.2739604872257549,0.15076894000731983
1.367125,0.37289300896425914,0.08060430421750343
1.36725,0.05066889449411434,-0.11097951050907683
1.367375,-0.17757576942773826,-0.45259426518849577
1.3675,0.28385372272836207,-0.2372046701457331
1.367625,0.4267877235160507,0.1693410134396577
1.36775,0.502640563159744,0.005841146115362905
1.367875,0.3416277469261554,-0.38650861581729584
1.368,0.018116850341138895,-0.4262944251206606
1.368125,-0.2181567206662597,-0.33281710629067474
1.36825,0.19714516620960765,-0.14721305665061446
1.368375,0.4050137623661763,0.051924891417217046
1.3685,0.3055514571719279,0.17693398127958598
1.368625,-0.2506680308032418,0.1785323128759193
1.36875,-0.39429258574975506,-0.16961643042383373
1.368875,0.1411459423619797,-0.1443607937524649
1.369,0.17040981670869537,0.23995452193075112
1.369125,0.2930692995113329,0.28968979365505737
1.36925,0.32610198262683465,0.12160144069206515
1.369375,0.14691243489111167,-0.04074368751291221
1.3695,-0.049446839178614276,0.24798600176665897
1.369625,0.08220860928013836,0.3718030201499508
1.36975,0.40754028209996285,0.41989305182555564
1.369875,0.22530234585902362,0.36140206203316355
1.37,0.05262205419803885,0.20985280212890242
1.370125,-0.26905414060025296,-0.13354602763777895
1.37025,-0.11687657435183105,0.008333122524442734
1.370375,0.12398635699412369,0.40014916360330816
1.3705,0.2869887273497722,0.22412709200395847
1.370625,0.3051802817664533,-0.1794441078831695
1.37075,0.1547627993472203,-0.2402295490758531
1.370875,-0.29428843416900347,-0.06016003203794531
1.371,-0.3200667889373665,0.25552876722204243
1.371125,0.11519185354421586,0.295726882698236
1.37125,0.3702460185160721,0.40062672203337113
1.371375,-0.08508226834387578,0.09005604855767885
1.3715,-0.523618742578566,-0.008225872750108767
1.371625,-0.39618781039156165,-0.04399956688425354
1.37175,0.07592305994603347,0.26693659721447843
1.371875,0.13890582635719836,0.29908272323266977
1.372,0.26316825870180705,-0.08459615648919601
1.372125,0.07862636376566097,-0.34092776359245514
1.37225,-0.3462362041314827,-0.12385176518604567
1.372375,-0.35177950668301644,-0.0021600866202361804
1.3725,0.1621300759127764,-0.020981647485419138
1.372625,0.236613056503732,-0.0574608180979693
1.37275,0.05892671579564032,-0.0543977197609836
1.372875,-0.2589184558780012,-0.2542787422107147
1.373,-0.42595722156426286,-0.2851642539936618
1.373125,0.2417268711380046,0.16577807159729488
1.37325,0.0697631336005975,0.2958435982052624
1.373375,-0.039657074217937995,-0.10942659067257514
1.3735,-0.1724467368667553,-0.42585131255977016
1.373625,-0.39520566422793385,-0.16360598280699937
1.37375,-0.35082485313524514,-0.012893577796415869
1.373875,-0.019900725319336416,0.13129824256886655
1.374,0.086015263842529,0.2373921494601586
1.374125,-0.3449280769697889,0.1442817352706639
1.37425,-0.27638035519382725,-0.25655903196520086
1.374375,-0.42790545504836913,-0.18243422405290383
1.3745,-0.13366561275545366,0.1384267615287176
1.374625,0.2592525351330059,0.38086951288765875
1.37475,0.14702461246316453,0.040119450742574336
1.374875,0.03790422367801331,-0.5305286636297659
1.375,-0.13629061232950426,-0.16063235910007165
1.375125,-0.0928417589561501,0.21184389535612203
1.37525,-0.05012599671226984,0.07908859551620138
1.375375,0.2436090890397014,-0.07809433377214747
1.3755,0.40595904312634257,-0.19835149985738196
1.375625,-0.12249589939834353,-0.31496398542315646
1.37575,-0.08155316845196368,-0.30596627402288923
1.375875,0.030996729340747417,0.004088503506482986
1.376,0.29064319806900235,0.0652172337012686
1.376125,0.24618181817902332,-0.29638859618862623
1.37625,0.2509996435054792,-0.3591289476598162
1.376375,0.08882595956983402,-0.12601745510382054
1.3765,-0.07211598661641368,0.04044794858928562
1.376625,0.03210032734709455,0.15107969393564724
1.37675,0.5230282632242895,0.030144948960549613
1.376875,0.1359444418547387,0.06202346700317318
1.377,-0.1275826984537505,-0.0719633603752984
1.377125,-0.26427082812034813,-0.18422815896818817
1.37725,-0.12607701287361545,-0.062175077971316974
1.377375,0.22576329770405973,0.2529320759691951
1.3775,0.26281446419782356,0.13817813496811707
1.377625,0.020914510994867384,-0.06393205344269104
1.37775,-0.07560344749025888,-0.10291926595729856
1.377875,-0.06971912787153735,0.1509266994967087
1.378,0.06360747129870374,0.11352504718603913
1.378125,0.17220702437542798,0.08276495142296618
1.37825,0.2526161103266785,0.047960396190153534
1.378375,-0.19093466957979313,-0.08016646857052749
1.3785,-0.3839922971644347,-0.038240441253467775
1.378625,0.06035028538159606,0.26196446748384866
1.37875,0.2987648361324008,0.319113828366628
1.378875,0.24072184530027457,0.2063429780587608
1.379,0.09903748129869688,-0.19390363970185895
1.379125,0.019358942569637116,-0.1534304370316206
1.37925,-0.18554177393361038,0.11937602639037592
1.379375,0.07976294884348585,0.038111231671833716
1.3795,0.21297235705298312,0.20921221173335164
1.379625,0.04455955234465816,0.12149398351517546
1.37975,-0.17993803429148367,0.14301243339143868
1.379875,-0.5759189627933098,-0.24616456944093412
1.38,-0.13699401669505554,-0.09651952923120441
1.380125,0.27800190738845165,0.13983950201903927
1.38025,0.19800216786509273,0.18481690047876584
1.380375,-0.005716764185806412,-0.321777548588471
1.3805,0.2118305728905374,-0.3239697346525048
1.380625,-0.055285066348085624,0.007951904592884397
1.38075,0.008133494744698395,0.21720665232218583
1.380875,0.21855460997412096,0.1370925511802765
1.381,0.12160832369621002,0.07868175567830958
1.381125,-0.3040991160596251,-0.20464741187874372
1.38125,-0.4409705111941178,-0.013304805302692915
1.381375,0.0222543546362016,-0.08168727736845167
1.3815,0.397737928015163,0.2574975821727029
1.381625,0.004979974839247284,-0.0240578243555735
1.38175,-0.41864159990236754,-0.3845085425199257
1.381875,-0.277536054428293,-0.35293157852373896
1.382,-0.1758248798631291,-0.20727562051648332
1.382125,-0.12271079975847919,0.15001546641683552
1.38225,0.1568709185726978,0.1408960895285744
1.382375,0.08557128573950255,-0.12473978756615725
1.3825,-0.41559174900902984,0.03553488500438629
1.382625,-0.6339936567053767,-0.11623498383127821
1.38275,-0.22007508000959403,0.09505779161194544
1.382875,0.1845259723983446,0.18514325284260533
1.383,-0.009337532800776649,0.060723961570925404
1.383125,-0.21444513176069716,-0.2573031683149407
1.38325,-0.23066672095820634,-0.3930578814364996
1.383375,-0.04483606350475255,-0.025744988981566963
1.3835,0.11513626352329709,0.2604623282116172
1.383625,0.38777122808107395,0.08869658887740693
1.38375,0.48416029235079394,-0.34044235252908545
1.383875,0.18620802272122294,-0.34346201395812176
1.384,-0.20451968411603927,-0.14444573162434518
1.384125,0.12399302525700853,-0.041835015984677384
1.38425,0.34269701757422194,0.19418101012153777
1.384375,0.30582758247601216,0.13027208648153402
1.3845,-0.15855956002882998,-0.36831924300295005
1.384625,-0.10964654427952175,-0.48247362564490803
1.38475,0.0005167091365064641,-0.10065336398227433
1.384875,0.02968677535644296,0.07680987136957652
1.385,0.24064859429200092,0.12038528719559961
1.385125,0.22986877296857272,-0.18850121693979144
1.38525,0.03778973640064457,-0.157513911254968
1.385375,-0.33143818273252823,-0.059492368338229
1.3855,-0.0714626629879515,0.10873378973115883
1.385625,0.4513997630830194,0.21060437651517488
1.38575,0.311325780347668,0.3511672862990102
1.385875,-0.050426529050375576,0.0198295709810856
1.386,-0.07615021889944142,-0.08924956282154618
1.386125,-0.037161688770794475,0.16924943645010185
1.38625,-0.11331594816424331,0.42942377452419694
1.386375,0.10121973891919725,0.29623101488802106
1.3865,0.23145626954693913,-0.08138720667610064
1.386625,0.42091210307881727,-0.04901763129331573
1.38675,-0.3232225805610681,0.13228050001805802
1.386875,-0.27378475631090365,0.18551946877233527
1.387,0.1578108183994454,0.3472540027992693
1.387125,0.25862680671393284,0.41966740313949086
1.38725,-0.0946576092070531,-0.06667205025302628
1.387375,-0.23580007808527612,-0.2463118526529532
1.3875,-0.13013505987913268,0.07220407799129162
1.387625,0.30800453134827976,0.38805780756020003
1.38775,0.2796414259670402,0.39373248023847013
1.387875,0.21838528354728015,-0.051241636317377916
1.388,-0.13037229376204992,-0.26624511310464455
1.388125,-0.21582604928920504,-0.08090421982775639
1.38825,0.052902387781829235,-0.00156269394005025
1.388375,0.3916263466454149,0.17129894867165704
1.3885,0.22285212321353623,0.2681876387792619
1.388625,-0.3562984210672395,0.07087199009911659
1.38875,-0.3466382513824626,-0.2620256770937437
1.388875,-0.10592747824129511,-0.32859015380632284
1.389,-0.06507720666924595,0.06016945834591378
1.389125,-0.03909911070413047,0.1289091170536668
1.38925,0.08496355425586122,-0.1297682108327943
1.389375,0.00766538211435957,-0.2748941886284078
1.3895,-0.3497977544956186,0.04949942770481047
1.389625,-0.3420672272229841,0.14749393793054721
1.38975,-0.010688632119631265,0.10166718880511902
1.389875,0.32658988368612984,-0.02863738889388675
1.39,-0.021173399428046778,-0.1273627048594918
1.390125,-0.3730410926548569,-0.10921079861120919
1.39025,-0.3607822712880685,0.1553622242805049
1.390375,-0.1087783149855949,0.3646346198959483
1.3905,-0.08962543829177416,0.07890500773784788
1.390625,-0.1534842170489514,-0.17821811719923442
1.39075,-0.11380189522773615,-0.20282698386639553
1.390875,-0.39573284914916534,-0.13815730085709282
1.391,-0.24979415217400816,-0.025381905433990146
1.391125,0.08581642331808384,-0.005729727431928573
1.39125,0.16862029270344553,0.20378413958352748
1.391375,-0.19528106556928032,-0.09054816038389435
1.3915,-0.5129782653579065,-0.21906774482577587
1.391625,0.0104931763568891,-0.3267564715034658
1.39175,0.398251970096098,-0.10917506010771114
1.391875,0.22772207391838942,0.20177727654694033
1.392,0.10093562131981869,-0.14175117604787787
1.392125,-0.08758225611564639,-0.4184361753740374
1.39225,-0.15733972465401475,-0.21256094937112954
1.392375,-0.10122383868108913,-0.22830673717958538
1.3925,0.5001026041578386,0.024371312587072928
1.392625,0.5489141770630107,-0.052006604380883135
1.39275,0.32206799137180964,-0.07874143849370638
1.392875,-0.156022468561621,-0.30140371792518206
1.393,-0.06912007243468796,-0.24161671126230344
1.393125,0.22781933538946356,0.08535540722367503
1.39325,0.0999200716636163,0.1456237197884969
1.393375,0.08920786097789608,-0.214421637909322
1.3935,0.20410364363724467,-0.3515810296042103
1.393625,0.24418036406639076,0.02304341506133168
1.39375,-0.241904158380837,0.26582968022816034
1.393875,-0.061202538614617615,0.20722877954732816
1.394,0.4315473179126848,0.0029954349569917354
1.394125,0.00921417140478919,0.024717620835869043
1.39425,-0.44437159083443123,-0.13766542644971513
1.394375,-0.08776604436455071,-0.0759500345317182
1.3945,0.2625854296499971,0.3443478496336638
1.394625,0.17933074460443008,0.6281240535536959
1.39475,-0.09371554541639045,0.24770551743501432
1.394875,0.0009487117228747414,-0.1592966741885474
1.395,-0.19404037514127392,-0.030775980942374354
1.395125,-0.3363292668039013,0.2027720115024885
1.39525,0.2121835023549089,0.29783171641025113
1.395375,0.4185631071719738,0.09924016032352151
1.3955,0.1386724946697005,0.1915036206844732
1.395625,-0.20937963006214488,-0.014837401845009474
1.39575,-0.12130140807065092,-0.10200011437829436
1.395875,0.29080427439630335,0.23238826636322396
1.396,0.42260761849005707,0.2369925619739176
1.396125,-0.024274817765583774,-0.05509623981686338
1.39625,-0.008936980066997946,-0.3470856303274409
1.396375,0.04437239566486092,-0.11624600940624263
1.3965,-0.20160723894961954,0.15594185976368946
1.396625,-0.05391773831353422,0.23011192441528233
1.39675,0.34231658822241134,0.06065554022408061
1.396875,-0.14840444908069603,-0.025582999590315736
1.397,-0.3632667409298153,-0.16733501826467456
1.397125,-0.264754521673666,-0.23890779114603047
1.39725,0.09910683338346293,0.09059341096927645
1.397375,0.08640858186298626,0.2784383792133679
1.3975,0.019594620506253425,0.09728679831110648
1.397625,-0.08483403695707026,-0.24653544700770963
1.39775,-0.15350515174071747,-0.10360242357571389
1.397875,-0.0695456357969014,0.2601286381243355
1.398,-0.1730330623210091,0.14642998686392222
1.398125,0.22555250645819377,0.19991604922707257
1.39825,0.011627726606929843,0.16334381647609914
1.398375,-0.5073571516483449,0.09809732298265034
1.3985,-0.6093630798679031,-0.14324002374508155
1.398625,-0.17615180000915479,-0.1139300731132392
1.39875,0.3994468613517784,0.05965740887061082
1.398875,0.33737411443267906,0.07866233375743552
1.399,-0.22553305597508855,-0.5947927299570204
1.399125,-0.27484633076608583,-0.21886338519996032
1.39925,-0.21094327130853582,-0.04851084602972812
1.399375,-0.19787518341815402,0.14899012915892698
1.3995,0.11011543918450345,0.0044647024182996355
1.399625,-0.0512487371260413,-0.2018545755165841
1.39975,-0.3978110882860963,0.048882150574649674
1.399875,-0.3847956003636888,-0.13318179605960295
1.4,0.2500809877173972,-0.16836191842462342
1.400125,0.40568111692459685,0.12988993321625045
1.40025,-0.05642681733309427,0.17384868246558127
1.400375,-0.152499624953881,-0.4443376834649258
1.4005,-0.16386992482467116,-0.6601162195412636
1.400625,-0.07857393552247824,-0.0005425586754620088
1.40075,0.2809809462506113,0.2559208965966162
1.400875,0.6076897778366611,0.17614157453306606
1.401,0.5361871567315043,-0.13779622666019534
1.401125,-0.19206827176685873,-0.20093877926196196
1.40125,-0.4440542146943892,-0.2578416009398307
1.401375,0.07387214242072214,-0.22679880943698988
1.4015,0.49612906862469336,0.020500103820494314
1.401625,0.17736926108959858,0.03427695195630385
1.40175,-0.18600759762226388,-0.33450630998505465
1.401875,0.036987982876925424,-0.37122943907536493
1.402,0.12829981966571177,0.13269204292534983
1.402125,0.15971591566228308,0.4946988368516143
1.40225,0.2868286594301117,0.18096502786075072
1.402375,0.3669598635881996,-0.2032789800115743
1.4025,-0.2051028825764906,-0.19944147807316034
1.402625,-0.33627697371635934,-0.02675089796082524
1.40275,0.07504873150881583,0.12104336843806211
1.402875,0.463365543171313,0.5732253904792194
1.403,0.23772861372172477,0.44120517539362336
1.403125,-0.1618995265281744,-0.19153699078514133
1.40325,-0.05621112807155461,-0.3952277794790705
1.403375,0.17169194851633385,0.24123031102763637
1.4035,0.15090504603686367,0.5434762172711611
1.403625,0.2162858177090065,0.3412670111536639
1.40375,0.2711550673669467,-0.06556077087624392
1.403875,-0.2621310253443339,-0.0168434881236064
1.404,-0.4596719486073415,0.06063905505253024
1.404125,-0.027430670065580202,0.07237885419852293
1.40425,0.3269485932282662,0.12704318767769895
1.404375,0.16748142916155775,0.19077876450138334
1.4045,-0.2453392692240301,-0.29217938789799325
1.404625,0.0008030657132908871,-0.27753057220603805
1.40475,0.01799215303501318,0.1715137693867239
1.404875,-0.07204232596223642,0.4291835884169139
1.405,0.08389242006847966,0.2723481678944447
1.405125,0.03597101436524087,-0.21003884979661494
1.40525,-0.24167762791381284,0.012543820804862374
1.405375,-0.6317401781555615,0.2483982389491886
1.4055,-0.24720141649875813,0.2927062487092992
1.405625,0.13332242791188098,0.22416951806462287
1.40575,0.2122345395220594,0.21948077424703807
1.405875,-0.14624720830505802,-0.35478594751880665
1.406,-0.3565021087283163,-0.46820853323846023
1.406125,0.10188359700438107,-0.11155449958950592
1.40625,0.3608206437089653,0.2200402772142072
1.406375,0.19337147833229687,0.005420466248703875
1.4065,0.25712738041065186,-0.11494427677571906
1.406625,-0.09928543611026552,-0.0567414819433465
1.40675,-0.4698229655496095,0.13990301476100508
1.406875,-0.19564553474523902,-0.020918405633487097
1.407,0.2507699528416166,0.06058277657163716
1.407125,0.12948366161819205,0.08142312620392318
1.40725,-0.38489020407636176,-0.12883056532330045
1.407375,-0.36806859671137565,-0.5812471376143098
1.4075,-0.2225473854513131,-0.23906882868964305
1.407625,-0.14781548265660482,0.24991306966340043
1.40775,0.12212959831335816,0.09280784437244387
1.407875,0.25049591995315484,-0.1282134178900613
1.408,-0.2194877481813372,-0.161956923865393
1.408125,-0.7694832160664514,0.026555427731954805
1.40825,-0.3497406434286648,0.07335641776852796
1.408375,0.33938487926251926,0.036745953926362276
1.4085,0.40642481672763947,0.16107204039248416
1.408625,-0.06830271321240716,-0.26233647698783324
1.40875,-0.22477545783570488,-0.3641290963481815
1.408875,-0.005372543160538495,-0.09849198639258319
1.409,0.14787257686394684,0.30570820963380696
1.409125,0.2906937808121922,-0.010549427918227812
1.40925,0.20428412444588667,-0.20667935228862475
1.409375,0.17738013965816082,-0.335719369665388
1.4095,-0.1472099621253328,-0.1230978747590866
1.409625,-0.2129765383509245,0.07109923943647191
1.40975,0.5018822544065603,0.03793470646309629
1.409875,0.4397129299603382,0.08378951977468446
1.41,-0.09086255922216485,-0.13445601193615006
1.410125,-0.13815251791044947,-0.5612512772276105
1.41025,0.05716729874497188,-0.2969471663940391
1.410375,0.2202511160690137,0.27188966995184655
1.4105,0.19838290540623052,0.37575520892452613
1.410625,0.32479890081676743,-0.06756259506449482
1.41075,0.004930387273427225,-0.20436248277308677
1.410875,-0.09360935007401122,0.0021145180053339
1.411,-0.024390187016846903,0.13835496138734665
1.411125,0.27348953535530524,0.24084140037871601
1.41125,0.4025946373351637,0.3027327926797925
1.411375,-0.11804713928741951,0.21249825032927247
1.4115,-0.5509310458685998,-0.022173898754784056
1.411625,-0.3328505345972649,-0.04607719401112087
1.41175,0.2331593772074199,0.31039992467529676
1.411875,0.32574552936744844,0.3116403748216974
1.412,0.20227186468762112,-0.09394239955865777
1.412125,0.034346271415174906,-0.08672969368390074
1.41225,-0.3099473631398567,0.08132839063541002
1.412375,-0.4457560961091891,0.25576926755895185
1.4125,-0.0034288218005129644,0.07596373511228637
1.412625,0.5625666685433692,0.14424635440758393
1.41275,-0.007402087134712675,0.04973221609121335
1.412875,-0.42042024527814015,-0.10129257711069364
1.413,-0.16079797292422446,-0.05625195947772626
1.413125,0.1783091722591092,0.3322653863328651
1.41325,0.21285118116699053,0.3968993255072309
1.413375,0.22942325654528034,-0.08768368512719871
1.4135,-0.09346094107975428,-0.4250719928548662
1.413625,-0.25286934572713354,-0.2560957281887205
1.41375,-0.5668856006222024,0.3234204158206902
1.413875,-0.022946179927416394,0.337369718724747
1.414,0.5405482057232759,0.17714690404296943
1.414125,0.09934311054978613,-0.03931271821000814
1.41425,-0.5437360080524991,-0.32120703191547556
1.414375,-0.2860453366427724,-0.31804122459279865
1.4145,0.08411574195279414,0.09436440903010061
1.414625,-0.10370327080673326,0.4483768041758257
1.41475,-0.0880539039135571,-0.09407952645861963
1.414875,-0.3169436042809305,-0.47051825979078993
1.415,-0.1970498038548021,-0.1269318638804444
1.415125,-0.13289157603244917,0.017612745925612346
1.41525,0.17250380340351448,0.08296631649978652
1.415375,0.40705654991073104,0.1773671791807755
1.4155,0.24002121219236672,0.06760255032617556
1.415625,-0.427337477979521,-0.22545603541486936
1.41575,-0.20958765385081748,-0.27704034119694393
1.415875,-0.006404986486174935,-0.05696328370188329
1.416,0.018540766960219827,0.3693883969277963
1.416125,-0.044341441706846715,0.08715459528767494
1.41625,-0.1807294484421655,-0.5649841418733375
1.416375,-0.4133153270014841,-0.26587595865600183
1.4165,-0.32842868267559827,-0.03344454568200167
1.416625,0.11503153635828632,-0.012521053064929268
1.41675,0.3766422863741923,-0.13285444033410776
1.416875,0.16692069989820135,-0.1725242621271423
1.417,-0.3601865520770201,-0.2104787380113846
1.417125,-0.3246763740863158,-0.16887781199609841
1.41725,0.3043582316699261,0.11116558181996877
1.417375,0.38324135265660286,0.5736302517099315
1.4175,0.16818890576963444,0.16290288170924463
1.417625,0.1028956903903502,-0.38839972740343126
1.41775,0.2754184972142407,-0.22490338928456058
1.417875,-0.11878610903699802,-0.056760435035501905
1.418,0.28248675596707534,0.18514270929125212
1.418125,0.3558511170529027,-0.07195527152588428
1.41825,0.21496053645430657,-0.16289260077385487
1.418375,-0.23327392835603591,-0.48164581216977437
1.4185,-0.3147944745820991,-0.2626689562800617
1.418625,0.26238573495022893,0.072107484353594
1.41875,0.7051264353815727,0.2824397984937221
1.418875,0.36299687982341605,-0.01335571822677404
1.419,0.008736066030938057,-0.2691165246624201
1.419125,-0.2707382674360742,-0.31527763908260537
1.41925,-0.377588156073322,0.1708639505954524
1.419375,0.007132982352757956,0.41946209727199024
1.4195,0.3211884457585885,-0.029204742456892346
1.419625,0.1475775178741495,0.1509855907333659
1.41975,-0.3639074025237102,0.17925880509806075
1.419875,-0.37140573655300707,-0.06231735474816243
1.42,0.21392860653372806,0.19564387389722082
1.420125,0.3839536653440794,0.42224353089986705
1.42025,0.07467190655192339,0.1966544878608939
1.420375,-0.14405453895901518,-0.26841820351437884
1.4205,-0.16547659302088535,-0.1742895860816506
1.420625,-0.0030517447985807895,0.29851967425009684
1.42075,-0.0666468281260924,0.7482629411358851
1.420875,0.12874925041149599,0.15990788223680208
1.421,0.13666598362724963,-0.17620967892925157
1.421125,-0.2867014175598115,-0.35586702857201274
1.42125,-0.5170420180473131,-0.34800866798704605
1.421375,0.0788744515070862,0.0015219857436842483
1.4215,0.3825845859132977,0.3575878680982192
1.421625,0.08154333230657732,0.17630400144182157
1.42175,-0.1416739532860239,-0.16019216668452102
1.421875,-0.09981598602100641,-0.24678870355929303
1.422,-0.03839218367315253,0.08703592957777896
1.422125,0.012819403937062527,0.4518980771247835
1.42225,0.1260855823869323,0.0719756362013638
1.422375,0.21223801867678266,0.10843884093804868
1.4225,-0.19471740695836112,0.13743387190994683
1.422625,-0.4816102333183074,-0.1040428780432075
1.42275,-0.04781133316329195,0.036274851309439846
1.422875,0.4019709425956907,0.18220629612443742
1.423,0.09649251932289385,0.17798468327907327
1.423125,-0.31438295395629545,-0.3290928321244505
1.42325,-0.45796251145999084,-0.3624216843458052
1.423375,-0.1510457901785777,0.13652986123889613
1.4235,-0.1831354519441282,0.308009018816148
1.423625,0.06518625974871747,-0.07789943020741008
1.42375,0.2641839300482352,-0.2152003294955032
1.423875,-0.39297852864124516,-0.21446876547808819
1.424,-0.8738001915504168,-0.09793456632911761
1.424125,-0.4016607911032539,-0.08760534223124444
1.42425,0.41236890107586793,0.15688280446655536
1.424375,0.10524746034871592,0.2004771137129276
1.4245,-0.2943865211350636,-0.033019914560304085
1.424625,-0.3430642907312476,-0.3112104759812882
1.42475,-0.030210324820707804,0.09693409730805204
1.424875,0.2683681295292245,0.40973521642078126
1.425,0.3379496497248899,0.13865919797554613
1.425125,0.36886778190950775,-0.30754792573957535
1.42525,-0.06043163217106782,-0.10936964728252194
1.425375,-0.32391191265358166,-0.17355605652712228
1.4255,0.05432514950244203,-0.13165673080037016
1.425625,0.5498618577097933,0.05743604138145996
1.42575,0.4822468267500145,0.15300204787993976
1.425875,-0.21145551890657985,-0.42683141393412943
1.426,-0.4233980006597241,-0.9010188957214473
1.426125,-0.03660308284718643,-0.25033710716437213
1.42625,0.028786769796995185,0.4625702057968672
1.426375,0.23367445582431046,0.19492727220450753
1.4265,0.26872714718938745,-0.28849271391361864
1.426625,0.14592725560807646,-0.25951049801776066
1.42675,-0.18592098810809654,0.06494475907157196
1.426875,0.05143091870221174,0.21106832402920353
1.427,0.5801857019891521,0.3210251949347313
1.427125,0.4732619362967654,0.3061853583963426
1.42725,-0.292199954949402,0.023010120895416524
1.427375,-0.3266925014104819,-0.39844980599328395
1.4275,-0.06658270696618585,-0.10379514411186322
1.427625,0.32760770696976044,0.6069801504500693
1.42775,0.29517875485608547,0.4036797946969202
1.427875,0.42251845362781265,-0.2589200090657745
1.428,-0.025190417636499648,-0.2813234245639969
1.428125,-0.36275214761074115,-0.044866952720730345
1.42825,-0.23299687917225248,0.033813543439594064
1.428375,0.46226159300694514,0.2722315701339502
1.4285,0.5582902395345842,0.3233737374166828
1.428625,-0.11427292096704492,-0.03716192524837177
1.42875,-0.3802852982362395,-0.3199273547799856
1.428875,0.07684768832202331,0.017126348213911596
1.429,0.24431800684393815,0.6425388083674696
1.429125,0.33535230422234413,0.30406295299284236
1.42925,0.17708523080706906,-0.12099954756748961
1.429375,0.0505333903106123,-0.341551135805617
1.4295,-0.5158146417948627,-0.03472287250261548
1.429625,-0.42088719367688704,0.10690433580851538
1.42975,0.4046870340603886,0.31447063633163524
1.429875,0.35807475576717923,0.4297652330371894
1.43,-0.27679777744375966,0.09590714572733991
1.430125,-0.46416416725707876,-0.345965366620106
1.43025,-0.2995277402197829,-0.2512302816490281
1.430375,0.12946286285067438,0.4878360511023983
1.4305,0.1689209139029189,0.5347438033628246
1.430625,0.10158544388686394,0.06144292889168305
1.43075,-0.07890435122862936,-0.4871861323424831
1.430875,-0.28569041981895554,0.007151106198999068
1.431,-0.36297519383084276,0.08638058953823644
1.431125,0.2685056045803606,0.1289442212467628
1.43125,0.38667256946613343,0.09196264045470022
1.431375,-0.09613079333746095,-0.142592853129257
1.4315,-0.4843845285585093,-0.509399710192801
1.431625,-0.44953798403096024,-0.3190214681712476
1.43175,0.18439425939983903,0.2997546898291749
1.431875,-0.06272513545986468,0.2810823050293775
1.432,0.045184584371821414,-0.11443058550793601
1.432125,-0.060117856472087505,-0.5970537058328658
1.43225,-0.4660080857838851,-0.26184125036792577
1.432375,-0.33951700394765005,0.17130992648125584
1.4325,0.009537657710779045,0.15133117963338366
1.432625,0.31196524393694774,0.2033221734115629
1.43275,-0.1311259319879325,-0.14966319053922894
1.432875,-0.7193461744897962,-0.24706494714089994
1.433,-0.36890219534624313,-0.2843327804583263
1.433125,0.23467774213050435,0.048333215949448456
1.43325,0.39903147252128524,0.3347028821939273
1.433375,0.0586499403822991,-0.04612529033458818
1.4335,0.03924155866676926,-0.5829881435732482
1.433625,-0.08937870065158689,-0.25287659260787126
1.43375,-0.307319860542475,0.06051957739423268
1.433875,-0.020131630489007856,0.17827143034174084
1.434,0.44356204065695837,0.12524696778000036
1.434125,0.37532237821235437,-0.08687710727805426
1.43425,-0.23569778433544264,-0.36417123056386064
1.434375,0.10624071071036587,-0.4638337158984223
1.4345,0.586795636176857,0.017239028245749796
1.434625,0.38409653161489193,0.26660411895820935
1.43475,0.057861499304291485,-0.27587681600461844
1.434875,0.14968557380250178,-0.56309589617613
1.435,-0.040292961542899214,-0.2672810272485348
1.435125,-0.10585497776488044,0.28507808985098126
1.43525,0.17121634063918892,0.24098378642704246
1.435375,0.4687609804107626,0.17967548205754438
1.4355,0.21971192824752378,0.09979084903206262
1.435625,-0.5237492788299346,-0.2475152157768706
1.43575,-0.48196493439894905,-0.2501034520352892
1.435875,0.2149243787194639,0.03051151919506147
1.436,0.4091913317068843,0.4506455071675831
1.436125,0.2251424837773791,0.1835325647356496
1.43625,0.05665645362879089,-0.17501688199406318
1.436375,-0.07686867132903792,0.09109386486143557
1.4365,-0.06571353216559386,0.48678340498649314
1.436625,-0.09011089364293497,0.40119377221766656
1.43675,0.515915351909186,0.16126559129808193
1.436875,0.3533248801742531,0.07856203474632378
1.437,-0.3324661298288365,-0.018692165625535443
1.437125,-0.3110020369502277,-0.09817844602924548
1.43725,0.003934633597362721,0.20026968624977765
1.437375,0.3013159917017398,0.6253682673638763
1.4375,-0.08627672604542039,0.10509400230627411
1.437625,-0.04516726848127265,-0.4397955851890495
1.43775,-0.3235677998677296,-0.4293637827086817
1.437875,-0.12711167526110972,0.27183972072214885
1.438,-0.005237392464250402,0.40464705543105123
1.438125,0.24900546041401722,0.23556411020019258
1.43825,0.1479600173004163,0.14329223975799502
1.438375,-0.5489797155485244,0.02590809520181276
1.4385,-0.752413208184353,-0.27043347992734035
1.438625,0.08796726220596136,0.054469922047540226
1.43875,0.5552303209135625,0.43034818663725
1.438875,0.10389376555144202,0.28103180671712047
1.439,-0.3824151113882441,-0.2628843267946235
1.439125,-0.183380520862904,-0.3296877263401329
1.43925,-0.18418335588841495,0.08743966262970058
1.439375,0.013382887689850402,0.21016254212153632
1.4395,0.7390467376327133,0.02488014902181836
1.439625,0.2164800165672064,-0.21086245694102929
1.43975,-0.444319780363145,-0.12333739785920436
1.439875,-0.7467899102047159,-0.22551683802969327
1.44,-0.1198896510981952,0.06774463148345095
1.440125,0.2874759784057765,0.46019673829680446
1.44025,-0.053570383395775995,0.0867129755011209
1.440375,-0.20285087635526342,-0.5625515783729599
1.4405,-0.32740470950316924,-0.6350657920239673
1.440625,-0.20173195522674803,0.15978654489649097
1.44075,-0.0286194118373056,0.3790349308885709
1.440875,0.1993751639420183,-0.030631424030128796
1.441,0.2483691087786343,-0.03917228848740585
1.441125,-0.4018448811590673,-0.028386087307760818
1.44125,-0.77377887543696,-0.1825104619739499
1.441375,-0.12679542426184556,0.009184155355994816
1.4415,0.3326217899253907,0.33627785948730976
1.441625,0.2511085123842117,0.46016059359312916
1.44175,-0.027934807488691104,-0.40136213707463797
1.441875,-0.15577458261144447,-0.6201846491509637
1.442,-0.30024465606620976,-0.07695051159035546
1.442125,0.012364644655299715,0.22712791138375302
1.44225,0.33178510889547913,0.028704081880131783
1.442375,0.26951816737358214,-0.16685674321748795
1.4425,-0.21663292263182196,-0.23527771199609818
1.442625,-0.4014716999412232,-0.09385233821511453
1.44275,0.09114544818762346,-0.035862629800807455
1.442875,0.5582550999671597,0.21976398006094275
1.443,0.25302959781260953,0.3159626789791608
1.443125,-0.12023461439373269,-0.2772502949700142
1.44325,-8.721553841862981e-05,-0.6270632652997608
1.443375,-0.12652095953815792,-0.12235287685931975
1.4435,-0.038773582385782934,0.34908088658203695
1.443625,0.04229830180227854,0.01222163787863904
1.44375,0.12728063881623614,-0.07341718272861338
1.443875,-0.07470504414454482,-0.15976879445514577
1.444,-0.320027226030388,-0.20882910795226625
1.444125,0.009721088001970725,-0.029055981874386086
1.44425,0.5028274889149502,0.3473074382965701
1.444375,0.3226767562899059,0.36889782079506267
1.4445,-0.13255202279662975,-0.23206853143638545
1.444625,-0.2617991500749769,-0.3528577076132843
1.44475,0.007460825441233653,0.06436653779808797
1.444875,0.072907331451441,0.5059853444484893
1.445,-0.05709277266800906,0.23009676218727143
1.445125,0.3014647491707197,-0.09608854036902399
1.44525,-0.11906025211313773,-0.10407216281487111
1.445375,-0.5207072204692177,-0.014642451529928812
1.4455,-0.09366519992228871,-0.09190093053372661
1.445625,0.6771536888184254,0.0897246300753249
1.44575,0.5214366558597113,0.2503743086451838
1.445875,-0.07053540486461239,-0.05141475830920094
1.446,-0.32500035430725177,-0.3827558078342386
1.446125,-0.05268247928256854,0.04472829527269982
1.44625,0.21729316144495409,0.5664346582227262
1.446375,0.18166350073834087,0.3597040071500451
1.4465,0.17703830891178196,-0.17364612331539564
1.446625,-0.12715682957754304,0.09751078128974355
1.44675,-0.5328175436101938,0.08978633347762628
1.446875,-0.2155544626898899,0.054994179935103985
1.447,0.31463161335960593,0.038212459436334584
1.447125,0.15055828241223235,0.31833011312100884
1.44725,-0.5192024736799236,-0.08083838179582571
1.447375,-0.5174411590069163,-0.4967740881462666
1.4475,-0.02028146509116146,-0.2140641784884605
1.447625,0.05567448942786199,0.583856834232443
1.44775,0.18496017176221033,0.5170089186034252
1.447875,0.3720956736914089,-0.12949200545369546
1.448,0.03939418570673419,-0.2550937944513546
1.448125,-0.5716898281892918,0.025845133496382507
1.44825,-0.4526203172388939,-0.054928690649860584
1.448375,0.24209566939511562,0.17155668409797828
1.4485,0.3832892996597031,0.01492789393344945
1.448625,-0.5249502576004549,-0.1674429103488248
1.44875,-0.7783002428032256,-0.4251218795086067
1.448875,-0.29394907519400854,-0.13732190303973102
1.449,0.01280736352498175,0.2175102183965024
1.449125,0.05935754710347876,0.3012713516860539
1.44925,0.06055936813555801,-0.29834475042332587
1.449375,-0.023792531523532296,-0.40947438647796
1.4495,-0.5956465558476308,-0.10319741455858082
1.449625,-0.3058560393155635,-0.08316003696828993
1.44975,0.5477080362881244,0.2712443844878389
1.449875,0.5261247347010873,0.21771974577146097
1.45,-0.2482241209912017,0.023112820626824675
1.450125,-0.5745383478506639,-0.6314363200344754
1.45025,-0.06294634972544394,-0.2913913035829239
1.450375,0.3009801952691187,0.3191554018740706
1.4505,0.2089535095960327,0.08250348636265546
1.450625,0.34598329688578083,-0.35821966029957836
1.45075,0.30743212136396425,-0.7185350996283102
1.450875,0.0234098209081057,-0.2018656800213632
1.451,-0.0996875781865532,0.02124238974248791
1.451125,0.5408651325704972,-0.2410173471498128
1.45125,0.8809434622913498,0.09338718795522792
1.451375,0.05249728399744313,-0.08083529244466464
1.4515,-0.41753789876004077,-0.5375924759423276
1.451625,-0.1816687952310865,-0.2264978481094481
1.45175,0.15376660120395252,0.46816707359843546
1.451875,0.060951120498338084,0.42354615001340734
1.452,0.1665620846595219,-0.19820360581673274
1.452125,0.15776748039660152,-0.364260825803993
1.45225,0.005409353566475674,-0.09174986788264694
1.452375,-0.35708961440973674,0.3962000231800911
1.4525,0.24776471846626286,0.28974309018777017
1.452625,0.4963217921367461,0.40857351582682583
1.45275,0.03884510240459967,0.1988211186475461
1.452875,-0.5666491577770338,-0.08250025712793341
1.453,-0.03610171444819789,-0.12154766802596086
1.453125,0.17862572347138422,0.5044799560397345
1.45325,0.1307560715012832,0.5602067342068898
1.453375,0.21821169178103264,0.12480818511941949
1.4535,-0.11550450801116625,-0.35124024547351845
1.453625,-0.4520476493257564,-0.06776151978939217
1.45375,-0.33310038248573237,0.22187867387548116
1.453875,0.19139321424603736,0.2675146843132731
1.454,0.5152548181437838,0.12338437820190189
1.454125,0.20721756474092612,0.016425146644468668
1.45425,-0.3548528151012618,-0.23521777571059985
1.454375,-0.14804022518282448,-0.30842061157810663
1.4545,0.44105648920945406,0.2926777605492749
1.454625,0.3118509621295658,0.4135483587507024
1.45475,-0.06428298144966536,0.013740906694749732
1.454875,-0.10074103381327831,-0.454267154434354
1.455,-0.19025121974553919,-0.07892808838245259
1.455125,-0.5048692294702796,0.13484214714184395
1.45525,-0.017347934648384203,0.23736148858894202
1.455375,0.342107497580231,0.13519756162624322
1.4555,0.09137493639230065,-0.03934228340939742
1.455625,-0.5133472164224909,-0.3738226670485386
1.45575,-0.2523426743081743,-0.42881994403126317
1.455875,0.3485065426889858,0.007364699001595008
1.456,0.24473833719323815,0.4880363258949493
1.456125,-0.093305174924858,0.21805043507006244
1.45625,-0.018883933331886673,-0.4127553435721849
1.456375,0.11809227488186753,-0.3071579615368925
1.4565,-0.370374339864771,0.3172566773733672
1.456625,-0.0527277394402721,0.2194590166733237
1.45675,0.1423278497938701,0.04169453959501108
1.456875,-0.1308758859960646,-0.1729269117810077
1.457,-0.4911445936963243,-0.21048162783377025
1.457125,-0.3802840193199488,-0.29686647495473534
1.45725,0.04723401562302104,-0.058661845832505624
1.457375,0.18368002259816885,0.4840628492987719
1.4575,-0.4154227003558068,-0.14117293878917234
1.457625,-0.21722504511321344,-0.5305309337708362
1.45775,-0.10964926526400334,-0.20408268429849666
1.457875,-0.1830142686400156,0.23485670522519397
1.458,-0.04917459417433346,0.1630001243499543
1.458125,0.22910911682262772,-0.20545321242389397
1.45825,0.18467946517789754,-0.1256812311119993
1.458375,-0.431796914553697,-0.10096465497771592
1.4585,-0.39515148989370424,-0.20950513878542165
1.458625,0.3412601768259407,-0.09970393720368541
1.45875,0.6368988077980534,0.20844791731265047
1.458875,0.3155652818644241,0.10158451760694567
1.459,0.14096983807699812,-0.5944443934359139
1.459125,0.17674758394648005,-0.4861851243359468
1.45925,-0.03091972091879943,-0.059231845142727516
1.459375,0.15336657479072716,0.035238480300140304
1.4595,0.5178392324590406,-0.2899162075789585
1.459625,0.49100710212589477,-0.3170303428892782
1.45975,-0.4325719426524289,-0.0014248795088960644
1.459875,-0.49145681056583956,-0.12285613642345658
1.46,0.31031395826728086,-0.14756367152628355
1.460125,0.6416702316707129,0.3195632378616273
1.46025,0.09399152038564096,0.05201344545066618
1.460375,-0.1784539451761514,-0.45198063971410396
1.4605,-0.030235207073558805,-0.5502561940980245
1.460625,-0.13874498367394922,0.32212900161644153
1.46075,0.03608435327257503,0.48052822110377946
1.460875,0.47815660451072584,0.20349413268216993
1.461,0.48417132590170997,0.1815267658932464
1.461125,-0.22817027238937093,0.18261777779943147
1.46125,-0.5300114871585293,0.05637201674403002
1.461375,0.14132281463630297,-0.01971053419051406
1.4615,0.5320575744543867,0.4366708001934655
1.461625,0.20076538260216328,0.3217545711048019
1.46175,-0.15856442027839746,-0.2675203312008326
1.461875,-0.13254492580765487,-0.4111497685803771
1.462,0.0020814967708782804,0.2035411128579435
1.462125,0.09090372108646735,0.4742520396732902
1.46225,0.23981653235245065,0.17395659862649523
1.462375,0.12287247734001107,-0.17155409918842363
1.4625,-0.25751231275601333,-0.1565078664368942
1.462625,-0.7379343234174371,-0.07495724661217884
1.46275,0.03969261698877983,0.07253670394212326
1.462875,0.7407774458730201,0.3383100393012511
1.463,0.18523794149752731,0.4195725658640646
1.463125,-0.2583984699205819,-0.18557973312632634
1.46325,-0.37430813330201745,-0.4313739002286494
1.463375,-0.3262399620604306,-0.015448054444226995
1.4635,-0.09323496522133481,0.4515270321073172
1.463625,0.2727270769502063,0.060116000699877555
1.46375,0.14926612122278785,-0.21403634945846106
1.463875,-0.43383979153645325,-0.16584150891196098
1.464,-0.49138587964026453,0.03668021163644432
1.464125,0.05148659763546067,0.143501561924398
1.46425,0.7635298663909,0.20348878897357542
1.464375,0.32727401619872526,0.2729285735626115
1.4645,-0.38798993386000286,-0.29528014515701295
1.464625,-0.5241847337932048,-0.5501995440059009
1.46475,-0.24777919535540133,0.08948195455665243
1.464875,-0.09208351851423957,0.5712080632234336
1.465,0.46721560743005314,0.3467593790199712
1.465125,0.3432739967786511,-0.2965223871206983
1.46525,-0.3484868517545297,-0.45647775190938733
1.465375,-0.9271054586155977,-0.37058523077646194
1.4655,-0.2976121345298126,0.01842675698660966
1.465625,0.4568863173078305,0.187117810851181
1.46575,0.2043109834790742,0.17984972344927702
1.465875,-0.5359164651802517,-0.3620199795902873
1.466,-0.4992529898199426,-0.5585602604799113
1.466125,-0.2679349540633353,0.07477907350783675
1.46625,-0.17676685823303062,0.5446097187638067
1.466375,-0.028395254777002832,0.3313915749350332
1.4665,0.24070511862697375,-0.22971175538974217
1.466625,-0.3263405098681241,-0.4124465699728853
1.46675,-0.6361283302128727,-0.0467322514996527
1.466875,-0.1857820291674348,0.015429218494873203
1.467,0.5756381551277707,0.41868185403562536
1.467125,0.3320220392705242,0.25533773865132614
1.46725,0.052332915330347,-0.34527509245552507
1.467375,-0.3957234965839417,-0.6277361112563122
1.4675,-0.06150358311079556,-0.36212113356052056
1.467625,0.07101555032802345,0.31541092487378064
1.46775,0.5998969003335468,0.13734176369121093
1.467875,0.43359357743639426,-0.49424747734351254
1.468,-0.009398088249204593,-0.4525103937315461
1.468125,-0.283053659921624,-0.022649448139782806
1.46825,-0.20589021351720574,0.08529962540293007
1.468375,0.5610120117467648,0.21790066477002765
1.4685,0.7097927861096848,0.27972827223929014
1.468625,-0.010194462095769566,-0.009385803183072795
1.46875,-0.29043972400394974,-0.6491926241393032
1.468875,-0.18177572424355387,-0.14264347145815942
1.469,0.13123775966053494,0.44787847084812077
1.469125,0.14130006423073233,0.5100870782169052
1.46925,0.2809373971183343,-0.09216920671569319
1.469375,0.015862068293042486,-0.1621380712295123
1.4695,-0.44838988815614744,0.15298353461969685
1.469625,-0.3077650081879613,0.38323824493618613
1.46975,0.31024938485856923,0.46354358009764096
1.469875,0.2831111930113238,0.3670251085811482
1.47,-0.14152477586905549,-0.10614543674676942
1.470125,-0.4570781226129386,-0.4825459735146801
1.47025,-0.03662977386819101,-0.18364359730838908
1.470375,0.3119978149518792,0.5671677428132235
1.4705,0.38492380068131826,0.6064681818268924
1.470625,0.24393189091327375,0.10304693202389205
1.47075,0.09965304897967522,-0.3335881260795194
1.470875,-0.39962029601076376,-0.1090689329821013
1.471,-0.4807220847129776,0.24355163076164435
1.471125,0.2366000770882,0.18365703408812176
1.47125,0.3678156705366557,0.25525901693850195
1.471375,-0.03357647811721225,-0.13192651951735113
1.4715,-0.6305132886278437,-0.3579592419124964
1.471625,-0.07327447655989255,-0.2859206242193024
1.47175,0.3837692477442712,0.03827463770605482
1.471875,0.09799144489402667,0.19988928911751078
1.472,-0.14959927914412324,-0.06858994284322578
1.472125,-0.018946865556083,-0.23806713464487342
1.47225,-0.16911242060971737,-0.18338313935433184
1.472375,-0.19979439774445487,0.33385050453424464
1.4725,0.2796966201226808,0.17199983467367722
1.472625,0.3344814543254298,0.12813591216060488
1.47275,-0.19977397112358455,-0.03754605952556401
1.472875,-0.556793239878757,-0.4534806952238124
1.473,-0.5235974707498949,-0.3500929410282698
1.473125,0.21781367561045054,0.22532946939313675
1.47325,0.32029170133663465,0.5213933974992873
1.473375,-0.04932277372546236,-0.11785039468897077
1.4735,-0.23447472347209966,-0.3010675293058899
1.473625,-0.292326653251907,-0.09602938986512974
1.47375,-0.46886186803041136,0.2562093005994165
1.473875,-0.02946127727676754,0.08048387711893909
1.474,0.17390572240454755,0.0965633595659532
1.474125,-0.19771936894061745,0.09463692455884766
1.47425,-0.5976076712305409,-0.34245115535482257
1.474375,-0.35163754351411736,-0.3372226080185152
1.4745,0.2572459961252101,-0.015866499043197854
1.474625,0.2312032035783849,0.32980293095486524
1.47475,0.11188446651510318,-0.38138677108137614
1.474875,-0.009298721099641267,-0.526496693375241
1.475,-0.11808893267840107,-0.3257393634826771
1.475125,-0.11810534398175608,0.200592414668746
1.47525,0.2499228809411371,0.07905698407704174
1.475375,0.5155868457582008,0.10625772078707761
1.4755,0.42063818811032727,-0.015593530756245587
1.475625,-0.20159904368855175,-0.39828386726481635
1.47575,-0.13443949808178493,-0.3188390039652955
1.475875,0.26468106213085624,0.03852905106634901
1.476,0.3714610229625295,0.17437846047235178
1.476125,0.026885004055931166,-0.2576971637296582
1.47625,-0.015432726675934424,-0.6583928826284347
1.476375,-0.08195429128758483,-0.35305358524924063
1.4765,-0.1990507500598306,0.23580217464687944
1.476625,0.10019413883945155,0.14609834442005845
1.47675,0.4963217492531669,0.09638933878741761
1.476875,0.16361469059458286,-0.1133163231865527
1.477,-0.5023664172410979,-0.10951033477484705
1.477125,-0.1371057936376634,-0.1647116087579144
1.47725,0.49948764106877297,0.31205406408250985
1.477375,0.5093696294177547,0.6655931791908138
1.4775,0.18403096231471255,0.11147763438144696
1.477625,-0.02894862412028748,-0.18524022930919457
1.47775,-0.44398601762143625,-0.30949828168957966
1.477875,-0.35407374928720087,0.2898750098955704
1.478,0.03415696991048923,0.3699686717112926
1.478125,0.44825556152637447,0.16994377849583786
1.47825,0.3493291879691608,-0.1480179106860088
1.478375,-0.27078757315320207,-0.15705038085586215
1.4785,-0.3964580157137319,-0.14967088882516766
1.478625,0.2260046431397434,0.05243713829378591
1.47875,0.4630854741279366,0.3909409556495851
1.478875,0.3513185129160337,0.15935986230869528
1.479,-0.023957748602682873,-0.2681963246440131
1.479125,-0.25094589115907184,-0.03281127219097708
1.47925,-0.2539315641742558,0.46707725486375434
1.479375,-0.07336434781924131,0.37598512272966056
1.4795,0.38655292263167806,0.05117671806947321
1.479625,0.14985142846380278,-0.032424307882322284
1.47975,-0.4308060261687905,-0.4631396084189934
1.479875,-0.44342832825792033,-0.19325545778929776
1.48,0.0715673884559435,-0.09060769807265026
1.480125,0.32394763265857573,0.48513100332432635
1.48025,0.15850866358686155,0.45832439453036405
1.480375,-0.08311221325014806,-0.12111354685926418
1.4805,-0.3361075522379928,-0.3008236744370016
1.480625,-0.23012926502663744,0.3363584581054054
1.48075,-0.07098708464777638,0.523454771229121
1.480875,0.27511846658675926,0.2102664993360931
1.481,0.19427013067272353,-0.1323998168784972
1.481125,-0.2428800320894915,-0.10688321946241706
1.48125,-0.6556899109284138,-0.27995899814671077
1.481375,0.08777421546034153,-0.2134056185134842
1.4815,0.587514855925623,0.322910983506836
1.481625,0.17128936887729776,0.17892433425827114
1.48175,-0.3888832458822635,-0.4411572462640987
1.481875,-0.381000684742779,-0.49890697618324914
1.482,-0.27494970756992987,0.017475713102676756
1.482125,-0.13631397820174246,0.3144503690585842
1.48225,0.17377652677909788,0.1518793607956793
1.482375,0.1952031104328798,-0.32288890319127184
1.4825,-0.5155520288114314,-0.13960922970856948
1.482625,-0.6810817892759042,-0.20449237234870624
1.48275,-0.19888087669912166,-0.17341117491695238
1.482875,0.43608886857523704,0.046163560331311936
1.483,0.297270062779435,0.2078835276033547
1.483125,-0.2935473694939846,-0.31485555863052545
1.48325,-0.15501029689701823,-0.5168529689335212
1.483375,-0.0780091565722585,0.15808974169830506
1.4835,-0.13179090914948982,0.35555925788314474
1.483625,0.3973263688768617,0.1674222686964122
1.48375,0.47581556765286614,-0.2071466157238141
1.483875,0.06064092039525929,-0.3837902730705201
1.484,-0.25162445022442653,-0.14450893853652877
1.484125,-0.017688457594600075,-0.23855983104683867
1.48425,0.5407211664757547,0.2755215436565718
1.484375,0.3169427304252692,0.15386233441044253
1.4845,0.07055718004620208,-0.37962365193894243
1.484625,0.0721085349319289,-0.5679597126576871
1.48475,-0.11473511328060888,-0.09804128080609496
1.484875,0.08314180051622315,0.3419592955288783
1.485,0.4992427156203073,0.230811566852971
1.485125,0.4466335932532602,-0.154623122349598
1.48525,0.11479111809167517,-0.36071188835625007
1.485375,-0.5447553193410273,-0.05018548156951477
1.4855,-0.23441743449662042,0.17770502688174644
1.485625,0.4851542623523282,0.45671428585945295
1.48575,0.47522572466822244,0.38996743670096834
1.485875,0.0033100356681584806,0.05987662826393585
1.486,-0.2404865110098785,-0.28459299163109086
1.486125,-0.030174130634242374,-0.0043860261054216665
1.48625,-0.06350743066929954,0.5934147096246563
1.486375,0.343041670203753,0.1671916965833063
1.4865,0.3972317853436543,-0.11925303060781188
1.486625,0.19401592464982478,-0.05281253913555844
1.48675,-0.3180198092342495,-0.027282133697668777
1.486875,-0.21445566909128874,0.18237268303836054
1.487,0.40710000395918106,0.3703366557426207
1.487125,0.31363837941261563,0.5106512159819055
1.48725,-0.1360202847958914,-0.08492355479353532
1.487375,-0.17157111471430844,-0.5463521573520923
1.4875,0.08376005156700085,-0.2327096969001475
1.487625,0.16059384220348946,0.4631265758322428
1.48775,0.13021489015232585,0.3676576670478703
1.487875,0.1444048013597545,-0.11328557820287394
1.488,0.027930588014230782,-0.21435343336645832
1.488125,-0.3582399716724155,0.04871400076542996
1.48825,-0.3110282419223222,0.03925732266099423
1.488375,0.1659856420377736,0.24341099113674006
1.4885,0.4370079567308128,0.481015649438755
1.488625,-0.22997591244930501,0.03903552594565056
1.48875,-0.39019563125836343,-0.34907893482148883
1.488875,-0.13949800999515627,-0.3671371550919544
1.489,0.18849921219990076,0.3882357758446945
1.489125,0.04360645585153281,0.3508104389574263
1.48925,0.021613140357394322,-0.14501211598841715
1.489375,0.03555233781591188,-0.3035220599866334
1.4895,-0.5355825230739693,0.08728347049851365
1.489625,-0.4933113089282601,0.11073823354782157
1.48975,0.2191605917931129,0.25360048906822835
1.489875,0.1646514566212353,0.23347600178938616
1.49,-0.42222768741557626,0.04048250045341661
1.490125,-0.42276157821318616,-0.34328241737828075
1.49025,-0.24847926983393448,-0.2255177367947041
1.490375,-0.009192693789372347,0.20500360948762877
1.4905,-0.045254858181193694,0.2517292176267449
1.490625,0.07286505466436428,-0.22481529027038744
1.49075,-0.14273887386056583,-0.37710962225969213
1.490875,-0.32413334096306773,-0.11214938815400564
1.491,-0.4309445637728523,0.19347019341526955
1.491125,0.16887040735603787,0.04265459078920458
1.49125,0.4747284735738904,-0.0557236667905125
1.491375,-0.17259268754121543,-0.018997663081023186
1.4915,-0.5657767775150768,-0.4756589571651533
1.491625,-0.3148797460565682,-0.2916094821718192
1.49175,0.17731309639490256,0.149119119269929
1.491875,0.2450692445134453,0.08873740654040091
1.492,0.3495543246203608,-0.17431732562604982
1.492125,0.2658678252511309,-0.4514237575023546
1.49225,0.0043074614136522586,-0.18141415454391663
1.492375,-0.15489681449982431,-0.010530060017099475
1.4925,0.35955162305701033,0.021057254383992984
1.492625,0.5130439929465774,-0.1274346421745035
1.49275,0.11629003240828371,-0.1019431458562739
1.492875,-0.34405844564484306,-0.3169135901487155
1.493,-0.0832165152293089,-0.41893801185703106
1.493125,0.5467339815913388,0.016896364100397535
1.49325,0.2803589911221499,0.4157762039649043
1.493375,0.2801831824758477,0.05214271008148723
1.4935,0.13559696873475258,-0.5544244210178431
1.493625,-0.2857766583237198,-0.34875074010493234
1.49375,-0.29518858314422036,0.05831928875648869
1.493875,0.06013774281495933,0.15073422809826273
1.494,0.4074686419860223,0.38352445633246424
1.494125,0.16118959838986657,0.15892696874148893
1.49425,-0.21926589085097434,-0.050918061085142435
1.494375,-0.1774771018760752,-0.10229983643222887
1.4945,0.11052866422990812,0.3223361447337832
1.494625,0.4098607765765635,0.5745271243165564
1.49475,0.155702030791247,0.2611235767329396
1.494875,0.20917682580217453,-0.22572773397966814
1.495,-0.054983057478462535,0.010738912945066783
1.495125,-0.16166437199617512,0.29945002083452094
1.49525,0.11451394303184174,0.3764719436527247
1.495375,0.49025393191115485,0.28990425720745916
1.4955,0.11850207439775202,-0.07593944944977107
1.495625,-0.42196210605720796,-0.23583404698487045
1.49575,-0.20843178456192807,-0.15777795386917678
1.495875,0.32067886151584496,-0.012461243701070598
1.496,0.1448477484438792,0.32561333747670623
1.496125,-0.07506726317698145,0.11282402834649972
1.49625,-0.20763204337455096,-0.2002394299910896
1.496375,-0.24678093295268191,-0.13922912895717382
1.4965,-0.3132355339922493,0.14918782048145937
1.496625,-0.015476782997512378,0.24496927072704877
1.49675,0.4905049718559576,0.2779916747613867
1.496875,0.3506092402698619,0.08368104006943608
1.497,-0.33559680991070834,-0.21599287474401316
1.497125,-0.23063929247204365,-0.11486366361253157
1.49725,0.2784286605076317,0.06871201143400449
1.497375,0.5098107954831149,0.38924889100645915
1.4975,0.024951299256683233,0.16968196060324636
1.497625,-0.15216879481867068,-0.24593676024977837
1.49775,-0.3642445159537852,-0.23937316128687708
1.497875,-0.24033434554546668,0.09990615943826815
1.498,0.08744208188324111,0.20597248411335223
1.498125,0.395341940951236,-0.10907632171088648
1.49825,0.13527624425704354,-0.2976630011575077
1.498375,-0.5363791620376513,-0.2639116740677043
1.4985,-0.46892640299319194,-0.23745307264952997
1.498625,-0.0984030387218992,-0.11381087449809889
1.49875,0.28569472247535327,0.2827201076290321
1.498875,-0.14702364939005208,0.38708779818948275
1.499,-0.2867890485366545,-0.3177301200764063
1.499125,-0.22062126036106602,-0.3112116395691528
1.49925,-0.14196881697012265,0.1898822332700008
1.499375,0.057963206314067935,0.12351241486345788
1.4995,0.1719569711013322,-0.027909677868364263
1.499625,0.15673731964932922,-0.173378188302409
1.49975,-0.3784121372367753,-0.3735371868935851
1.499875,-0.4766273923115852,-0.09955811324245428
1.5,-0.058983213637051196,0.09438104420536765
1.500125,-0.02022971234378002,0.37750484623647496
1.50025,0.033291806602945694,-0.026434108758566815
1.500375,-0.12109220637580385,-0.5438611303527356
1.5005,0.24721868717855128,-0.4818412981740018
1.500625,0.3855312771250892,-0.006079242517615311
1.50075,-0.06589755100866337,0.25015881580753374
1.500875,0.22335644187215098,-0.32000240208693603
1.501,0.1706728963119903,-0.154310897145868
1.501125,-0.23492677337864082,-0.16565110627233715
1.50125,-0.4750032478446498,-0.05130107467944382
1.501375,0.09986864829759119,-0.006147036234643019
1.5015,0.46585616167407506,0.189695964405102
1.501625,0.2232044563758493,0.18008682776510668
1.50175,-0.06449664678163994,-0.25974126569398887
1.501875,-0.005910141102119269,-0.4950134997327167
1.502,0.04119918472017037,0.050858450231128484
1.502125,0.3912629449929658,0.18530961835866044
1.50225,0.36350354779548233,-0.012123877687537999
1.502375,0.2891044402853719,-0.08567931580915505
1.5025,-0.21615713583734572,0.14452007059707933
1.502625,-0.3541778711660703,0.14021124400311874
1.50275,0.07087236377443903,0.002580507199143836
1.502875,0.444106769060802,0.16004405263547372
1.503,0.12741646848671898,0.15922250803118296
1.503125,-0.2743520498952273,-0.20467863118812632
1.50325,-0.16449503207056088,-0.44550418021008154
1.503375,0.17346588144188246,0.07679712103214024
1.5035,0.1749108387206103,0.29129613249865943
1.503625,0.2958377891126245,0.33810461425275495
1.50375,0.2387879477180933,0.0863592976989107
1.503875,-0.18759725386094184,0.027719429741261167
1.504,-0.22525265613654666,0.04075886054965216
1.504125,-0.1325658077732436,0.2780427717472348
1.50425,0.3763441370530167,0.27350014336601014
1.504375,0.0648345777862034,0.2473598946506572
1.5045,-0.21850640644728248,-0.37739297443795017
1.504625,-0.11819756919540099,-0.39498987966941934
1.50475,-0.09599271702952372,0.014672535606781726
1.504875,0.09553250722758945,0.30319355926353125
1.505,0.04382731005896597,0.07206877397679945
1.505125,0.049151704464400585,-0.2341837517910936
1.50525,-0.3497712501408701,-0.14608682202992823
1.505375,-0.5478991105793799,0.17566409053904314
1.5055,-0.1231742433056525,0.16667121394672338
1.505625,0.5849365760593184,0.27547609080906
1.50575,0.1938013800192365,0.16750542348755354
1.505875,-0.2933164633361649,-0.04841671530284328
1.506,-0.35054265271037716,-0.365109786446811
1.506125,0.08919456229676974,0.1338970193589386
1.50625,0.05573141110676337,0.35136519481107464
1.506375,0.05742829908355449,0.12371117839391862
1.5065,0.06012221761771841,-0.2457268003409828
1.506625,-0.3178330923917869,-0.019101841031762462
1.50675,-0.5349183900428138,-0.05158872327001431
1.506875,-0.288983769462923,0.07781298807955336
1.507,0.44095398425345,0.12712371958561175
1.507125,-0.007577404065401721,-0.09640830806774658
1.50725,-0.2915588137680956,-0.1973689065645692
1.507375,-0.3723987338945917,-0.5060903571992358
1.5075,0.09291438954432729,-0.1381783464296361
1.507625,0.10085246063988153,0.43741463758278853
1.50775,0.0052011856577043785,0.30280889862393146
1.507875,-0.1252668147237131,-0.2684068597954575
1.508,-0.013785285018367408,-0.2948223037252397
1.508125,-0.32076676477522165,-0.0643864790068087
1.50825,-0.02390959983036574,0.23471260454767076
1.508375,0.2584576311019169,-0.10375586655412923
1.5085,0.2612268166974046,0.004790337099722064
1.508625,-0.36294480643861987,-0.33231060304632903
1.50875,-0.4558159428250399,-0.5611243091088355
1.508875,0.17048799298715114,-0.0508149521878649
1.509,0.296676456979448,0.19361430813655345
1.509125,0.38279325083687643,0.059105605493505846
1.50925,0.12131788449593618,-0.3134675631950607
1.509375,-0.02944968559407111,-0.1252164927059401
1.5095,-0.3407133330935184,-0.05315135848747628
1.509625,-0.011588820804197274,0.06156231489802502
1.50975,0.48024461800671575,0.0734553217763523
1.509875,0.4391508128277145,-0.03997813745924635
1.51,0.07989562066218675,0.014228471404304844
1.510125,-0.4054308864205843,-0.18826541835404437
1.51025,0.09305724464032514,-0.11658248092889635
1.510375,0.3379186901247874,0.3965720947424285
1.5105,0.6122827272275547,0.23549464287116068
1.510625,0.3618787387088797,-0.130428099566077
1.51075,0.1384793896725476,-0.38236624978500183
1.510875,-0.05948346079769808,-0.12423699033533425
1.511,-0.21258846925932726,0.3181924040044801
1.511125,0.2541734541449488,0.2957115084550319
1.51125,0.4606455820468096,0.18316875805937705
1.511375,-0.05802737131149371,0.07904152771321843
1.5115,-0.2364401042860265,-0.23528832524379412
1.511625,-0.21144875915858133,-0.04772232765823605
1.51175,0.3879296753009101,0.28872461046625575
1.511875,0.1335035760372448,0.3856005879542965
1.512,0.1509056279096046,-0.048698213099014016
1.512125,0.11952392221180741,-0.32335545200209737
1.51225,-0.26371172853415004,0.03991664252752594
1.512375,-0.18389636325022765,0.31808533198369987
1.5125,0.16540370443832128,0.39134354782935754
1.512625,0.43141787066018117,0.2731878389620292
1.51275,-0.12595373181671876,0.27095603023162607
1.512875,-0.37287206681460816,0.031330668813115255
1.513,-0.34666604594190675,-0.21544330429080125
1.513125,0.2802132566767475,0.030816417233650178
1.51325,0.03431777029540267,0.2226465141548556
1.513375,-0.02361869431024576,0.008170493355838955
1.5135,-0.17628164360495477,-0.45520305970147945
1.513625,-0.020486271510018497,-0.07264667057936354
1.51375,-0.20126778541652926,0.18799817718346376
1.513875,0.2375698065207251,0.14431621750995532
1.514,0.2775758963309919,0.09517976377008541
1.514125,0.0036813538809493205,-0.12726334544703194
1.51425,-0.47132280487862455,-0.20442535323635586
1.514375,-0.4677466202737957,-0.2160815542432026
1.5145,-0.12276460122530504,0.1241816357242804
1.514625,0.05258587732348765,0.43398597694967284
1.51475,-0.1448982268069503,-0.0781196610321822
1.514875,-0.11522997072957462,-0.46423388844339303
1.515,-0.0837997784852479,-0.2995312423906738
1.515125,-0.1767739087904493,0.11745142943464157
1.51525,-0.105660491377422,0.06827353262370321
1.515375,0.36267595733604785,0.02609599720660385
1.5155,0.0805035515668818,0.0023623838665276387
1.515625,-0.2551371996488797,-0.016460788956166934
1.51575,-0.2367992228458679,-0.17169355323853175
1.515875,-0.12869596385533222,0.24286626214520748
1.516,-0.016258191273892875,0.38122728022818425
1.516125,-0.18828218359492085,0.037081721659516384
1.51625,0.021193680563717555,-0.3832053799925354
1.516375,-0.22241364031618366,-0.3131636958534551
1.5165,-0.317403749477726,-0.15968212357719436
1.516625,-0.1580158473978609,-0.07244910014851295
1.51675,0.1772551694959336,-0.26343215247312934
1.516875,0.06918891183739041,0.07913153958522331
1.517,-0.4611564938375164,0.07803699755656293
1.517125,-0.4267723404304296,-0.13000961211470594
1.51725,-0.035608710967843606,-0.12663992141037383
1.517375,0.39405981408444607,-0.0002769051200780078
1.5175,0.20867266484619923,0.03765284883597291
1.517625,0.29334892162259585,-0.19628626902761726
1.51775,0.028242511900734634,-0.31814413686257326
1.517875,0.006995197315434951,0.043317580834124486
1.518,-0.011950278868521139,0.1009685975732979
1.518125,0.38157726786455926,0.01672277873125524
1.51825,0.2631811458950704,0.001904900905908967
1.518375,-0.2831306209209061,-0.21995622292830244
1.5185,-0.17783973693262556,-0.4634439447640644
1.518625,0.04180788183847296,-0.036519172813612916
1.51875,0.28169769183096777,0.2613779243662278
1.518875,0.18683781277513398,0.11455558054499325
1.519,-0.09716625122673793,-0.29426064205508795
1.519125,-0.03810691491456739,-0.32281603026807754
1.51925,-0.08917357610881527,0.06530854769228
1.519375,0.1729302015822742,0.26854792067259287
1.5195,0.26425556511213416,0.32586915327211474
1.519625,0.19698899324869115,0.23973353691880303
1.51975,-0.04244549087348961,-0.08577969550711481
1.519875,-0.18511370221464812,-0.27060569000893486
1.52,0.26657351342515095,0.13585188070336304
1.520125,0.2738235089932459,0.27871208263207636
1.52025,0.22471117317522402,0.32749428250522034
1.520375,-0.1646428347609447,-0.06477158476024424
1.5205,-0.05077328009210484,-0.22729881068632607
1.520625,0.008068999545008943,0.2847205327003173
1.52075,0.20102676435461847,0.45750667614207524
1.520875,0.2942357698248509,0.059620888075513766
1.521,-0.0028610821638761935,-0.11604603466129877
1.521125,-0.10546492746750503,-0.14411576412883548
1.52125,-0.3817937968582449,-0.03726579006219428
1.521375,-0.12554826542417807,0.03267096666415527
1.5215,0.45502958430629836,0.22163826424561311
1.521625,-0.11637526217638361,0.13702364656774818
1.52175,-0.38222726330293244,-0.16597213232029534
1.521875,-0.23183533187155977,-0.260626550327796
1.522,-0.4578125561576071,0.08325067140957475
1.522125,0.12170914775372897,0.1417311167995958
1.52225,0.08669348029984252,-0.10990308087006988
1.522375,0.17360768235690213,-0.025537935091951944
1.5225,-0.19257721776683437,0.09538347747323378
1.522625,-0.4574506329875629,0.1782090798275412
1.52275,-0.09188671919113711,0.3066819668242101
1.522875,0.19965588303378015,0.32278530053640236
1.523,0.045302013603501355,0.07969351451389943
1.523125,-0.12498453897261022,-0.37492130258211886
1.52325,-0.27921368138933106,-0.32278472984598877
1.523375,-0.25076211757311034,0.11126584715487628
1.5235,-0.16000329873216054,0.21547719856382397
1.523625,0.06302126781285598,0.0024325534286708346
1.52375,0.22348463741832364,-0.3240502137975289
1.523875,-0.121525857997209,-0.30984126314206495
1.524,-0.6040277988670356,-0.2513313182587095
1.524125,-0.3182764263725858,-0.003387137055708803
1.52425,0.14958067122882382,0.13264478630766052
1.524375,0.06764833137683623,0.1607966498797435
1.5245,-0.12567348440391143,-0.2313598077908546
1.524625,-0.16635988532467688,-0.4250056640177105
1.52475,-0.07937070553712836,-0.03543948111013123
1.524875,0.12130919668547202,0.1516963879629318
1.525,-0.08054995332974266,0.08787701247215775
1.525125,0.1555558579826407,0.019283249601549667
1.52525,-0.05025576137881486,-0.24796768117792453
1.525375,-0.26785038522393634,-0.12826902910146923
1.5255,0.1136856631748564,-0.018890187621266544
1.525625,0.6440803567174276,0.16319123290289686
1.52575,0.4481266097173789,0.11956868722809404
1.525875,-0.009062645797985288,-0.12801487923183602
1.526,0.055291872338987726,-0.36921510346670927
1.526125,0.27947858131957504,-0.34251586428681596
1.52625,0.3585784880454632,0.006788748485228184
1.526375,0.1229892436882211,-0.018929263763787885
1.5265,0.20544800618751446,-0.12455969294859637
1.526625,-0.08602094423517591,-0.36982483810452405
1.52675,-0.3865807137202851,-0.09080982502164628
1.526875,-0.13971616072048285,-0.04473938981814599
1.527,0.527568476298778,0.07359660862161116
1.527125,0.32592265558344985,-0.02903421995598817
1.52725,-0.08116832087307117,-0.228554770383348
1.527375,-0.34762827090448134,-0.24952715007640455
1.5275,-0.002642752383270644,0.23672353443579863
1.527625,-0.03989376556427749,0.625379733031948
1.52775,0.12349766204315646,0.16372544594019386
1.527875,0.23744768929734994,-0.16132980311003342
1.528,0.14248139024949194,-0.06389531724239077
1.528125,-0.07035573458075242,0.1450406830037277
1.52825,0.2287052706965414,0.38652268821818675
1.528375,0.2844027869466661,0.18714123778717826
1.5285,0.44607789939302833,0.25792291556388913
1.528625,-0.14274766296355026,0.018650083268330984
1.52875,-0.41216281052103076,-0.18164253430237234
1.528875,-0.059044476202862406,-0.13049844167192146
1.529,0.31662082367925737,0.39002767860573684
1.529125,0.12999937875571785,0.29506307322104147
1.52925,0.18978144782718603,-0.2133207477338045
1.529375,0.2921375190674417,-0.33245544821486045
1.5295,-0.3597660644541867,-0.35005325416443545
1.529625,-0.1786096785644084,0.1051223021977082
1.52975,0.2439004284145387,-0.008867037154451071
1.529875,0.2222567503004606,0.0646891284098183
1.53,-0.1798690944219873,0.03768768015363067
1.530125,-0.26497280188791716,-0.02188272993062848
1.53025,-0.2607474636716025,0.08459958873901184
1.530375,-0.08676322856900703,0.2831516796061068
1.5305,0.12905492042536826,0.37860529098168444
1.530625,0.41289222095804184,-0.0742881046047037
1.53075,0.14030099087526027,-0.19464974295274767
1.530875,-0.12618361789524363,-0.16568183795497946
1.531,-0.3618180418408495,0.1947045905520954
1.531125,0.15927010603210504,0.13889346910407877
1.53125,0.26185613206324637,0.1695959615478089
1.531375,0.05770925075057974,0.12024421344078505
1.5315,-0.3006489834979019,-0.2737653871016691
1.531625,0.009467096572688669,-0.3144292608942116
1.53175,0.2742927309914347,0.0777363132293374
1.531875,0.12502468977404893,0.20156093020201862
1.532,-0.10175267700960239,-0.17485598978445646
1.532125,-0.15266416208625616,-0.32340947745425197
1.53225,-0.3020432177323803,-0.08483202206995608
1.532375,-0.5848803209664383,-0.1263545056058077
1.5325,-0.17534257357047914,0.06199062512647049
1.532625,0.008924357927122853,0.236280969531485
1.53275,-0.08098534990007351,0.13669440777581213
1.532875,-0.4152554025006807,-0.22299533843451064
1.533,-0.13899500178973742,-0.287119431935438
1.533125,0.22548638458548617,0.2432993377151203
1.53325,0.18283944145047157,0.16365394597086094
1.533375,0.22989092753732218,-0.12113106876667917
1.5335,-0.0807682096844061,-0.25951348441493494
1.533625,0.05402745436602015,-0.19169667823787342
1.53375,-0.37003929610710523,0.07263726444592632
1.533875,0.006199344021255848,0.13555305271187063
1.534,0.540182365451854,-0.17397392930857114
1.534125,0.11025013980944556,-0.22581807841336413
1.53425,-0.21193691985660415,-0.3538932941018395
1.534375,0.023429640487109826,-0.40146614289062466
1.5345,0.4401158875353904,-0.18188339127782482
1.534625,0.48445620953074525,0.013058491656372111
1.53475,0.2604009662504577,0.009113180623275867
1.534875,0.03380467837014037,-0.30928692724907714
1.535,0.023662095511012192,-0.23353078583970563
1.535125,0.01984296535473011,0.09512311095079183
1.53525,0.2628687706552383,0.2623143537124927
1.535375,0.4129641467173294,-0.1381932372380154
1.5355,0.17528281351161457,-0.14895054314736067
1.535625,-0.19682777982152158,-0.07836472850943611
1.53575,-0.31131646471913166,-0.1256199963970924
1.535875,0.0426778703473501,0.12961393261869208
1.536,0.12196712011891252,0.4174461271796209
1.536125,0.03323529617336434,0.21687181808996825
1.53625,-0.2917893337998561,-0.03839785887706241
1.536375,-0.07872621949416903,0.10908364185514861
1.5365,-0.17815799936816543,0.31222095401943223
1.536625,0.06079355814856808,0.33191793362130834
1.53675,0.466792066007492,0.26846109765653015
1.536875,0.15218988982225273,0.06716523681073731
1.537,-0.3414346765081028,-0.003716492649841121
1.537125,-0.17492924190776651,0.04645691984248993
1.53725,0.20229191803567279,0.37409435103983474
1.537375,0.3361411824228576,0.4776203969511919
1.5375,-0.07176053840492091,0.16185104777813442
1.537625,-0.17674003048835318,-0.25306893369069533
1.53775,-0.12371463707776048,-0.13189726436325994
1.537875,-0.34259540700255997,-0.02650825395528388
1.538,0.09292561215122065,0.11586989574713336
1.538125,0.14023610399439002,0.008626892435732376
1.53825,0.1247629956212794,-0.03578557373790089
1.538375,-0.4437473846498827,-0.12993047709597633
1.5385,-0.3075917697151101,-0.12425289352682486
1.538625,0.20564458769692465,0.22947415314389108
1.53875,0.453841044168652,0.32700256073069084
1.538875,0.08955510763866834,0.06341678938728956
1.539,-0.05398837495309307,-0.3216008271417721
1.539125,-0.13142473894135642,-0.20479533154954324
1.53925,-0.014539787367564953,0.15748555076805887
1.539375,-0.08479204925690248,0.3103838607018382
1.5395,0.17606515936101272,-0.16577451879331762
1.539625,0.18218909801527974,-0.1870854175415389
1.53975,-0.17033458026440712,-0.15148372806485105
1.539875,-0.11747043479635731,-0.28515766039177415
1.54,-0.04383120601663318,0.06492262504213979
1.540125,0.11944135884136986,0.09355856216269455
1.54025,-0.11176655711842733,-0.0008081994797143853
1.540375,-0.4531197397266729,-0.39804158989022576
1.5405,-0.5149194101207333,-0.24012333531459834
1.540625,-0.21542415833616874,0.20334815477187063
1.54075,-0.04907606691938364,0.39681430253539074
1.540875,0.06945284036814976,-0.005601057353971358
1.541,0.13653429969836128,-0.07033108283556858
1.541125,-0.36314398907669365,-0.23772143356069889
1.54125,-0.30039268502609806,-0.04437222649709874
1.541375,-0.00010711676440380923,-0.07242815803009801
1.5415,0.2356092951473405,0.09549976037485412
1.541625,0.09756578927226289,0.05178073290235468
1.54175,-0.15610599468934772,-0.08602038680817825
1.541875,-0.021492642532941753,-0.3221412085040442
1.542,-0.18404110203484317,0.2476787819277313
1.542125,-0.06499095722247845,0.20386367787632115
1.54225,0.33032487217095446,-0.19351907546708422
1.542375,0.4563214254414448,-0.2475700485687919
1.5425,0.027523214629810965,-0.34730193606836846
1.542625,-0.3043456768415839,-0.16739018243807802
1.54275,0.11409977164896362,-0.12238647738976328
1.542875,0.4910750448986665,0.2399461206773589
1.543,0.30690796156468875,-0.003159762614579357
1.543125,-0.02337542129537616,-0.2881728451171493
1.54325,0.010728573422939825,-0.40673447095140214
1.543375,0.19397349904684213,-0.03854709664287147
1.5435,0.30885401727340317,0.21885812596390167
1.543625,0.17633801316589945,0.05464524758477199
1.54375,0.12995294731996104,-0.12334847100854227
1.543875,-0.05434216607529436,-0.20961448413251282
1.544,-0.056237600817811595,-0.1436271146057357
1.544125,-0.06084839262990306,-0.013971322165929195
1.54425,0.35280664714835663,0.38321510144716125
1.544375,0.3007456988105061,0.491231232838148
1.5445,0.06551879469663976,0.1691579128032607
1.544625,0.06845472676517826,-0.27864790308641785
1.54475,0.35612003430902395,-0.0401906289272263
1.544875,0.21554534456815685,0.3597122429508086
1.545,0.164563556869723,0.20843918586321816
1.545125,0.060581828405738614,-0.21277079471307625
1.54525,-0.06840900452081136,-0.17631237819502443
1.545375,-0.0648512278767441,0.19135528562893087
1.5455,-0.03766630452901597,0.14381210560666688
1.545625,0.1776500090166267,0.21056012623926382
1.54575,-0.04715116052289079,0.23809905060147057
1.545875,-0.14904028363918995,-0.23824914157211133
1.546,0.0033775216851626884,-0.022948194573828008
1.546125,0.23584630464125103,0.1623075075571906
1.54625,0.1358557475975571,0.23033224572712002
1.546375,0.08956107311689417,-0.009886965120830822
1.5465,0.13294903613095543,-0.05455352519976381
1.546625,-0.21211768949185159,0.15720914282183385
1.54675,-0.4296800732591279,0.178335314871254
1.546875,-0.185829824531846,0.2259926139081345
1.547,0.07725686191085329,0.11403215165786466
1.547125,0.16014453360900904,0.13728238817957336
1.54725,-0.07197105793465004,0.022581103976536863
1.547375,-0.16433954064004283,-0.06409600176492627
1.5475,0.023266998964455502,0.1453565516261212
1.547625,0.01733582775777478,0.16511248036108245
1.54775,-0.053053313694250294,0.15530793334448814
1.547875,0.01949732307260043,-0.20402077035710622
1.548,-0.07439482262057825,-0.14223137679317555
1.548125,-0.4529431678530345,-0.09654936909384018
1.54825,-0.1810807073195201,0.10805029460178424
1.548375,0.08086241113652969,0.09497357527663743
1.5485,0.1413203358902134,0.02392338985132568
1.548625,-0.2033335281812556,-0.1985107446658233
1.54875,-0.24628253539097217,-0.3342898792896033
1.548875,-0.12444284092504494,-0.5527907196686085
1.549,-0.05991507426535502,0.04016891775940109
1.549125,0.08087093859869326,0.07075647259871895
1.54925,0.18129606565213124,-0.09136471352128135
1.549375,-0.13211224930674687,-0.1250767728231844
1.5495,-0.4379586772152263,0.04558957894974722
1.549625,-0.22495835864888147,0.021471921745087795
1.54975,0.3207581424101372,0.019441674586739486
1.549875,0.3296945176292025,-0.14546677421430892
1.55,0.05193270537917651,-0.13128496216006474
1.550125,-0.335286416280336,-0.5168618377294582
1.55025,-0.051624398297352034,-0.3870392678034584
1.550375,0.17516620746316564,-0.040240057350678045
1.5505,0.15763847415997975,-0.01462690925576818
1.550625,0.43511455273989985,-0.09094038804649966
1.55075,0.14457545658117843,-0.24352796600840734
1.550875,-0.10951028996010022,-0.25506505665961643
1.551,-0.13297613739013162,-0.1500033923641025
1.551125,0.1908277093528113,0.047038846084840005
1.55125,0.2750220167294565,0.0246139507835756
1.551375,-0.07477360972809369,-0.0766123197645123
1.5515,-0.17934969847813875,-0.2388181806861023
1.551625,0.05310496534108614,-0.37343170514554097
1.55175,0.334580884518695,0.2408170357154373
1.551875,0.20256137075061578,0.3814617720300097
1.552,0.059416994782993456,0.06456174498591091
1.552125,0.07952491871259126,-0.13280318420261214
1.55225,0.01530661452807081,-0.02809259629643642
1.552375,-0.14242746915322382,0.19272695913651677
1.5525,0.20104997610185144,0.30941668110038345
1.552625,0.27891920699795675,0.4029425700373195
1.55275,-0.029872476219790108,0.2565471150616732
1.552875,-0.04034154590366551,-0.09219526845036646
1.553,-0.20903625068007903,-0.1256811274237553
1.553125,0.18358032834020307,0.19776135834030448
1.55325,0.2610815115761414,0.274083565361435
1.553375,0.12311946454834381,0.05971714459416715
1.5535,-0.06096163013447816,-0.12807229684415125
1.553625,-0.25928565199806375,0.15163782597100378
1.55375,-0.13432331924650365,0.3057121070662106
1.553875,0.19400353896520703,0.1307802041734025
1.554,0.32043011000241706,0.17398733366279034
1.554125,0.01669750910051262,-0.0313644795816886
1.55425,-0.3997157685117765,0.11971421692612157
1.554375,-0.25794347934374234,-0.04013464882885647
1.5545,-0.040751816559545365,4.501226383786933e-05
1.554625,0.04875372971448787,0.18035748751958877
1.55475,-0.13951926550992588,0.03555989362585627
1.554875,-0.15895225640067537,-0.2860954382839177
1.555,-0.2689408679293405,-0.19175935532326388
1.555125,-0.19306561408258605,0.0003359734542209866
1.55525,0.07245838801328507,0.288261948929042
1.555375,0.21362531964249756,0.20232977569443478
1.5555,-0.14509595787529192,-0.07420523116300952
1.555625,-0.49112009462185635,-0.08168887410795454
1.55575,-0.30510735219616064,-0.12330182778538837
1.555875,0.22052662688322752,0.2170890595548992
1.556,0.3838266919475103,0.2763018016834773
1.556125,0.12142219500466683,0.050718280158922824
1.55625,0.10392694448120002,-0.35072163954542623
1.556375,0.00021733521627858893,-0.19738645885483738
1.5565,-0.05700049865903835,0.016524928920731582
1.556625,-0.08995139168562685,-0.0190766755153525
1.55675,0.20639763788786789,-0.14143922135827236
1.556875,0.3312512679554438,-0.14941457168966626
1.557,-0.3746028691806793,-0.09479499544421932
1.557125,-0.451940642484303,-0.1320613154091735
1.55725,-0.08024747333442273,-0.030497369908643407
1.557375,0.11460988489078623,0.103969532841836
1.5575,-0.11636618744415247,-0.1487739224793371
1.557625,-0.13312713483085264,-0.349920668514107
1.55775,-0.001315921369509249,-0.24029439094426866
1.557875,-0.09405068473063628,0.18254349675715142
1.558,0.04458108851354624,0.30976911186618994
1.558125,0.09545595138514208,0.17436413014651853
1.55825,0.004383701415198429,0.13168509474015458
1.558375,-0.3528631371733847,-0.005620937888157232
1.5585,-0.2338181258299062,-0.1634263279100216
1.558625,0.22316003969048911,0.03468709853409384
1.55875,0.05888778849518409,0.2736342952078535
1.558875,-0.11260025807897499,0.12219438265765371
1.559,-0.08069440277412414,-0.4256583632468987
1.559125,-0.04629480795010033,-0.26789172080715856
1.55925,0.18701459281246685,-0.02920196230592502
1.559375,0.32221942079910104,-0.01704977517593144
1.5595,0.3247002843666422,0.03819004606323042
1.559625,0.1380627787847173,-0.20448204073690357
1.55975,-0.0963732195506221,-0.08384757743498847
1.559875,-0.24638529767892128,0.09290613117717056
1.56,0.24414528369085367,-0.08451751411372828
1.560125,0.32147595283254493,0.11748791830851463
1.56025,0.011490329322333808,-0.022493302682927423
1.560375,0.10170763214378833,-0.35207815056365604
1.5605,0.19859018818325808,-0.1886362128989405
1.560625,0.1728312379032793,-0.014655027180805724
1.56075,0.26790328271977765,0.2813126185096811
1.560875,0.25354985931351387,-0.004769986088303829
1.561,0.2646535467323238,-0.2006104194512785
1.561125,-0.40299921991704696,-0.09282097327806231
1.56125,-0.24752450907463724,0.1321872997068403
1.561375,0.11713534661143256,0.24247160364954592
1.5615,0.6029886489400167,0.3437781673359776
1.561625,0.24062281466320562,0.12277173168504311
1.56175,-0.03527197856245027,-0.08511772657289333
1.561875,-0.10141159991489974,-0.2573298404811993
1.562,-0.07993670621049313,0.07595384952910082
1.562125,-0.20556338402401136,0.2916486903243912
1.56225,0.023359351130740284,0.26216445498961266
1.562375,0.24830195081736978,0.1006833011192961
1.5625,-0.08965518969031393,0.10656009681913486
1.562625,-0.28641784505469564,0.14271687760198107
1.56275,-0.04727723639422979,0.014574537192308386
1.562875,0.20007379176689094,0.2836387045969179
1.563,0.2233230373733999,0.17452509986245027
1.563125,-0.0841634616399564,-0.2173981614811552
1.56325,-0.027330322178675814,-0.17530219965786256
1.563375,0.11496247782943476,0.09598495566323205
1.5635,0.03597873957408257,0.44551565987888175
1.563625,0.2571097870078703,0.14894757771212014
1.56375,0.36055906020168693,-0.1527662562227273
1.563875,-0.02455350210951653,-0.1568119023214105
1.564,-0.3798409053936669,0.022901728000199722
1.564125,-0.31248722338016405,-0.10904952367458748
1.56425,0.1628047891203793,0.08738183100044983
1.564375,0.2060913033780932,0.15952659398581892
1.5645,-0.14638204502505317,-0.025066390509790114
1.564625,-0.1020130418518078,-0.3251326443020564
1.56475,-0.05177283596329214,-0.23871543154517164
1.564875,-0.1708279056780134,0.19001970005231997
1.565,-0.1137874059879341,0.04931850897077098
1.565125,-0.002600466563616634,-0.0030666945848487528
1.56525,-0.24234007493138016,-0.023781158079904892
1.565375,-0.6458938949589387,-0.06092997191529357
1.5655,-0.19980958780410873,-0.030278750976545806
1.565625,0.043925851118675655,0.15508498493815756
1.56575,-0.1795671420172564,0.21206943338676737
1.565875,-0.2848063232128865,-0.11436067643354707
1.566,-0.1904853737706116,-0.4668193808679368
1.566125,-0.06441976957110747,-0.2645341254897857
1.56625,-0.05831120157214784,0.20661643506111074
1.566375,-0.009274906477243668,0.19227191844306096
1.5665,-0.03717523366455593,-0.11611446281689922
1.566625,-0.17201579007390555,-0.13732533709237518
1.56675,-0.24500260729547405,-0.14852525304027336
1.566875,-0.27510632541628,0.01621095774299512
1.567,0.24849277958667879,-0.02981098460421642
1.567125,0.33301530841739196,0.09819569335274879
1.56725,0.015223229791121593,-0.14278815136297313
1.567375,-0.14252263876081564,-0.3658819584704515
1.5675,0.13222759469201795,-0.1021017827965634
1.567625,0.29955763728326634,-0.02986809680945266
1.56775,0.2545068340399309,-0.02735050364140479
1.567875,0.45965218008535397,-0.2887337033293264
1.568,0.2627612377890607,-0.19488405300363665
1.568125,-0.13873225157327007,0.01045207422114392
1.56825,0.040445524207738635,-0.12043396788825504
1.568375,0.22332087383698573,-0.08421809734040658
1.5685,0.21906997156141264,-0.10735813525399657
1.568625,0.11461613683036859,-0.032850549943052795
1.56875,0.13371425262595607,-0.45137355524407186
1.568875,0.0018448116930401682,-0.13604011346359007
1.569,0.1852843722675827,0.1982111446935286
1.569125,0.1064203654680643,0.4856062835634779
1.56925,0.13355749236403008,0.0003640720514105166
1.569375,0.014609305582087274,-0.1161045254006039
1.5695,-0.2925091183737118,0.03672269056680142
1.569625,0.04523378430150918,0.21758294930623892
1.56975,0.16792485607857213,0.30386482477023685
1.569875,0.27194501270871074,0.4480056829759552
1.57,-0.07624098879244386,0.13382574347029597
1.570125,-0.19677422038223566,-0.043949085808380604
1.57025,-0.07862523653505318,-0.05701635994880423
1.570375,0.09319503525616162,0.41484090685309766
1.5705,0.18708634914948946,0.23219014888567996
1.570625,-0.06319889183160038,-0.003896452856873293
1.57075,0.0855426301907189,-0.0661352022722337
1.570875,-0.08502707141332656,-0.05260947296289382
1.571,-0.1102532900322501,0.04148419708545538
1.571125,0.15877363572483308,0.014547743924688862
1.57125,0.26468864523933217,0.0770029714618747
1.571375,-0.030840461100774652,0.06948157178605938
1.5715,-0.4772747469299154,0.02818000445421534
1.571625,-0.28966414528664924,-0.14291458747207011
1.57175,0.02901312828347572,0.11842448198326573
1.571875,0.05059130560579038,0.3773585567985157
1.572,0.1858624852515527,-0.14028358747441463
1.572125,0.1609577019677833,-0.28704546893008714
1.57225,-0.2312946863229691,-0.007820252792650851
1.572375,-0.3024378656556472,-0.044118122929976716
1.5725,0.18708518664709006,-0.039236932812079676
1.572625,0.43319755583688,-0.12145118935178459
1.57275,-0.09109488832659526,0.031844946899022064
1.572875,-0.4728788700154105,-0.18114591938306765
1.573,-0.3093897058950919,-0.2663470761584726
1.573125,0.06486443533496963,0.13045739240638332
1.57325,0.003582684586613608,0.1906548478603245
1.573375,0.027918442306777806,-0.06740087908280115
1.5735,-0.05031348154190273,-0.34771744630164136
1.573625,-0.320588589227104,-0.1677195040838369
1.57375,-0.22416087272961926,0.010106048893397983
1.573875,0.2134066957830485,0.0356237044152646
1.574,0.22435501158003335,0.06841532243840286
1.574125,-0.3261904740881695,0.05693957547007468
1.57425,-0.6023621422954459,-0.1987650340698387
1.574375,-0.18819572574429472,-0.16249354308523808
1.5745,0.12626490091849654,0.07584564170877825
1.574625,0.1790417125151893,0.13246894664920184
1.57475,0.06105391617675007,0.03310724551769223
1.574875,0.042839378721335614,-0.3654960532753855
1.575,-0.18911364412764173,-0.2120317856326789
1.575125,-0.2920929381595797,0.07616598493638484
1.57525,0.1641428120513151,0.13017194856117628
1.575375,0.3015155129410405,0.07321384449032944
1.5755,0.06704862238149296,-0.016858897273314265
1.575625,-0.3198238572279221,-0.3122896885320637
1.57575,-0.3513525315868499,-0.14935492124372043
1.575875,0.40591963448965585,0.040172597974505106
1.576,0.5473930546910853,0.02570235614295505
1.576125,0.3869533034956441,-0.15762474171979382
1.57625,0.40261524223916656,-0.3812223710834782
1.576375,0.17572589504548433,-0.1238780883840643
1.5765,-0.20995881453754867,0.0873923146120737
1.576625,-0.04559372210543828,0.11508190788448697
1.57675,0.2195164508054865,0.019940209325565617
1.576875,0.08810436736048903,-0.125586215015953
1.577,-0.05852143512755502,-0.13839121748879182
1.577125,-0.11645968413809393,-0.1916513866227459
1.57725,0.28203694870497675,0.03055324979281715
1.577375,0.22659760697638878,0.18755774952065551
1.5775,0.1885326251527178,0.1123741371687165
1.577625,-0.06604808346164492,-0.32636628129606415
1.57775,-0.061950523462217945,-0.24688148553268324
1.577875,0.10267439720389702,0.284262518487859
1.578,0.05981312386043978,0.5065318210547258
1.578125,0.2396104730655833,0.4597234600040171
1.57825,0.03743721108136292,0.28863198379990823
1.578375,-0.15198932655369493,0.12551550233841183
1.5785,-0.18226740405903677,-0.17501105053631874
1.578625,0.3808805134700235,-0.02638554659584527
1.57875,0.3448340989474745,0.2458099784942185
1.578875,0.008463406148538341,-0.0033936867101313265
1.579,-0.03174069823201006,-0.24946021483834693
1.579125,0.10669514000933532,-0.19195708070267345
1.57925,0.19775034314832685,0.19390357265697483
1.579375,0.18342433200998834,0.158606176438366
1.5795,0.2685797720424555,-0.08143817975169035
1.579625,0.009535521548801506,-0.05805363030628227
1.57975,-0.34171623520239014,0.08920992067221534
1.579875,-0.6144274591176926,0.07385094098180933
1.58,-0.2847300546385264,0.23897128547691487
1.580125,0.010532080712955545,0.3809879803868986
1.58025,0.002483156172013144,-0.03835941193335879
1.580375,0.1369287794593875,-0.07082218019719087
1.5805,-0.06196815579139667,-0.12434086213167095
1.580625,-0.04132104136455542,0.16042708039308307
1.58075,-0.06043710450747343,0.1700970846183113
1.580875,0.2130261206637536,-0.061553303364840245
1.581,0.2782856536759099,-0.026062784633438283
1.581125,-0.4199443777675668,0.027274760526030284
1.58125,-0.6437694108436337,0.09356692678080011
1.581375,-0.077492851732574,0.058811530648612886
1.5815,0.33598362191670705,0.41166838364109604
1.581625,0.16010814239279925,0.08058466843043274
1.58175,-0.4660329819722016,-0.35020841625380983
1.581875,-0.2190954097164167,-0.4977491932313123
1.582,-0.10606101702828948,-0.2231393441327861
1.582125,-0.12349061245617084,0.20925246554976937
1.58225,-0.16758375934420774,0.18935252880153147
1.582375,0.03391154681446023,0.045675834132772174
1.5825,-0.30590972056635773,-0.10290337976888572
1.582625,-0.471719211083052,-0.11815197776933645
1.58275,-0.11971622202076995,0.11667231073496649
1.582875,0.2995592792986969,0.281319323801959
1.583,0.10068551468599059,0.2315484487454056
1.583125,-0.2925378811449903,-0.29395260777318655
1.58325,-0.07343244540644434,-0.5665708457236038
1.583375,0.20672499373488912,-0.03043190430523293
1.5835,0.2594988383375698,0.32001786343621136
1.583625,0.25523134130505887,-0.0007490840798570157
1.58375,0.24195923248412546,-0.19676685740697808
1.583875,-0.018035987272436216,-0.2677117269759391
1.584,-0.30317495681329615,-0.10039134068809927
1.584125,0.11129049575918316,-0.021213481809701108
1.58425,0.7752625064914381,0.045510767894341934
1.584375,0.3932141687270801,0.07058891687599123
1.5845,-0.011901352116000536,-0.21999751181650287
1.584625,-0.19377621649100957,-0.5563615738294331
1.58475,-0.2249810717004824,-0.0186049465783459
1.584875,0.10070038033412741,0.41822440388534393
1.585,0.13438076573787,-0.08593088622639058
1.585125,0.2952045341187807,-0.28202700516813795
1.58525,0.2091529300349845,-0.15183695780326126
1.585375,-0.1847016894974069,0.238117422137148
1.5855,0.06567337135164793,0.24208208734461026
1.585625,0.2988732311673871,0.3339636196654374
1.58575,0.3162033334934581,0.29798006147456474
1.585875,0.019146625204074775,0.01716208020737764
1.586,0.00701968816785597,-0.2475996004079249
1.586125,-0.0640090031731064,0.02698559461416315
1.58625,0.1369243094555678,0.40771100922344544
1.586375,0.10458715144612662,0.2806008714246758
1.5865,0.16853776823065533,0.012426840842325506
1.586625,-0.1564525270904528,-0.21567618129006538
1.58675,-0.20325462395247226,-0.12345722021020189
1.586875,-0.08341833283244102,-0.052206969597366905
1.587,0.524638048382896,0.020857968934380806
1.587125,0.36976087341477126,0.1811770780429941
1.58725,-0.07766924522750031,0.14875318175099841
1.587375,-0.3003991454712211,0.06985888908365574
1.5875,-0.078524334659889,-0.02994985353110254
1.587625,0.15431103539846955,0.20006987422038083
1.58775,0.09496280267139408,0.2763845070489143
1.587875,0.08895091729217018,-0.22206898068964334
1.588,0.276804078546691,-0.22782933611607015
1.588125,-0.12085280308523447,-0.13188422125477162
1.58825,-0.11767700084456789,0.19963329348219996
1.588375,0.1414863140729612,0.23527140686861833
1.5885,0.08251646572719258,0.08576681308217075
1.588625,-0.24982544346344174,-0.0942462455615112
1.58875,-0.10135330199635789,-0.29007736886538343
1.588875,-0.07282441885608895,0.004456282421271123
1.589,0.04346149161362258,0.413339567488934
1.589125,-0.1574942237979336,0.28935904646142535
1.58925,0.054723888252420985,-0.15225355360753878
1.589375,-0.22132049524685546,-0.3367107555406669
1.5895,-0.41716593096757426,-0.023602197939331996
1.589625,-0.3287291009959343,0.11344946752225755
1.58975,-0.006340227000888642,0.12644468311176912
1.589875,0.3527987705866489,0.14656300157373914
1.59,-0.08836016122192666,0.07613987207810739
1.590125,-0.28626200325578355,-0.09554630685199254
1.59025,-0.20336805952840895,-0.14760666238372971
1.590375,0.09456567586590786,0.10845093302230717
1.5905,-0.049974981888051745,0.059183711242833156
1.590625,-0.1413333959885874,-0.17627466580889076
1.59075,-0.1449475807518638,-0.12886043476547493
1.590875,-0.5359775824854235,-0.18824355132968745
1.591,-0.4183843845090623,-0.07047815113393
1.591125,0.06317732346690624,0.006049197235411086
1.59125,0.36658322881142336,0.07708743373966986
1.591375,0.03442114827702228,-0.1217302671315449
1.5915,-0.17888015580066366,-0.3376738411023734
1.591625,0.013170629408421338,-0.3787558127612535
1.59175,0.3866353988600711,0.06018305623653017
1.591875,0.19000100595029829,0.49932459596019796
1.592,0.13615064924331124,-0.11390101322610502
1.592125,0.1528136214886398,-0.2913695721698652
1.59225,-0.05137487022161326,-0.19160258644036007
1.592375,-0.0465516681099725,-0.07450538047368069
1.5925,0.20795638125188515,-0.16828186880808355
1.592625,0.3594957879573945,-0.006426321356588789
1.59275,0.06943121285832703,-0.17334475162906718
1.592875,-0.076179471707426,-0.24369173372703926
1.593,0.07776554292935278,-0.29417251695072194
1.593125,0.40126067651196984,-0.013865062325268414
1.59325,0.1647503793485239,0.30834837583815256
1.593375,0.12552712375757322,0.04447389919387638
1.5935,0.22487064366160633,-0.2270906907066548
1.593625,0.069769280348273,-0.14644568924519236
1.59375,-0.03181036086077486,0.29584968294209035
1.593875,0.17818592468903982,0.07242790226317554
1.594,0.32699875710740023,0.19377162357109498
1.594125,-0.004409271189666279,0.09808201864731042
1.59425,-0.3252547896211756,0.053343695996117574
1.594375,-0.19253100408608587,-0.027605989480546985
1.5945,0.2448586678840023,0.16995743746656203
1.594625,0.08614215011613875,0.3924385852731669
1.59475,-0.0067913105523790315,0.1671362394038483
1.594875,0.07370016377312016,-0.09123639232188946
1.595,0.014716516338064086,-0.01055485156936143
1.595125,-0.20739323857455944,0.27535283632739593
1.59525,-0.055222431965542294,0.15964417993353594
1.595375,0.2932686231534964,0.13321510921309074
1.5955,0.15487652012265463,0.2265996658163786
1.595625,-0.38084919919534543,-0.01083017894459553
1.59575,-0.4208575326860996,-0.19112961942417958
1.595875,0.12436761622887808,0.18434045409316352
1.596,0.307262939416264,0.31067812566183
1.596125,0.37731239183055404,-0.05536169012341983
1.59625,0.10273914167865657,-0.34408511022510985
1.596375,-0.038203750098652,-0.0004732663889331546
1.5965,-0.192518028633583,0.3269872264516049
1.596625,-0.17995590048271404,0.06370888253913481
1.59675,0.21052003056157875,-0.0023681929209412073
1.596875,-0.04014091780899095,0.0559521454954138
1.597,-0.3461314116427486,-0.061473296629620915
1.597125,-0.49861135035505005,-0.12936842575732896
1.59725,0.061549862450793164,0.21852628153230297
1.597375,0.35382897947640607,0.3220226170193646
1.5975,0.10323213702378176,-0.09159610046538752
1.597625,-0.13314984634748045,-0.41215397949779
1.59775,-0.3104314446259263,-0.28023945964998914
1.597875,-0.2533348468831857,0.005529065370055447
1.598,0.09478226900619736,0.3119500012621291
1.598125,0.5025619855621559,0.2009088309058196
1.59825,0.21935225079096138,0.0034959859268971585
1.598375,-0.3713647933470018,0.03938004997547695
1.5985,-0.39686296154025424,-0.2368006285518444
1.598625,0.10226828460812641,-0.2349251568009378
1.59875,0.4501350518122555,0.18134994810821922
1.598875,-0.0878270750268647,0.037433228908754904
1.599,-0.26840380781298057,-0.4196988777618234
1.599125,-0.3044921248435488,-0.3331611942687769
1.59925,-0.38320242011801586,-0.035190263247947856
1.599375,-0.25832091835237114,0.3043992431983006
1.5995,-0.02778413947158659,0.1608773012446396
1.599625,0.06000815730786529,-0.17875790601062197
1.59975,-0.46466664740072516,-0.1092995451580251
1.599875,-0.2830028909478389,-0.21356146544462992
1.6,0.2503904358771461,-0.059319822306209614
1.600125,0.2755973379057749,0.219223215400489
1.60025,0.03520626516549069,0.11642669924859349
1.600375,-0.09082026336796299,-0.3383995915416094
1.6005,-0.08362138656174403,-0.31192995371750826
1.600625,-0.057635093464101526,0.2350370709617427
1.60075,0.19104494176680334,0.3726375509033248
1.600875,0.42391359347130647,0.13885309980478958
1.601,0.4007436343706103,-0.40528170292383997
1.601125,-0.27933981626845567,-0.32788016133520786
1.60125,-0.21790074845585372,-0.3439447806610215
1.601375,0.27281824483221795,-0.19807281679126362
1.6015,0.5179789740020979,0.028775396842261936
1.601625,0.35645128006052323,-0.03580216593052826
1.60175,-0.02840287407472769,-0.49310992847125323
1.601875,0.15318096111306687,-0.29642139461163797
1.602,0.009345795044161538,0.11254343187494768
1.602125,0.11483132730606088,0.2374512048510044
1.60225,0.3454486155467748,-0.09154668086946437
1.602375,0.4025697525043259,-0.28046175042411264
1.6025,-0.344538484501808,-0.03743942068658847
1.602625,-0.22703668162360627,-0.056986658625441
1.60275,0.08469546868932659,0.09550156587468348
1.602875,0.4467081888400836,0.5065069939387074
1.603,-0.027778768881572474,0.33381823096616836
1.603125,-0.041908828767498914,-0.08922024493515918
1.60325,-0.11942870471031299,-0.235179566534524
1.603375,-0.022356194415011982,0.32599072480300517
1.6035,-0.19582593779459206,0.5950379984107236
1.603625,-0.06600111727264853,0.32093153387431694
1.60375,0.07038325529303993,0.07492023235347842
1.603875,-0.0614229156688709,0.15617430635651364
1.604,-0.2805917971819961,0.08044586001227885
1.604125,-0.12431046986897967,0.03319747639141295
1.60425,0.30651116763825126,0.29218069402112307
1.604375,0.36548497846541506,0.34992147471291857
1.6045,-0.0672062162458669,-0.05158922559630219
1.604625,-0.17061259081172758,-0.3739060484341259
1.60475,-0.008873112309608477,-0.10337558470365145
1.604875,0.11703706013094627,0.33330353965644205
1.605,0.302618245985962,0.16753130379673584
1.605125,0.3595822323880228,-0.1589750974276693
1.60525,-0.08432435145002064,-0.222671733439049
1.605375,-0.282518957091063,-0.11739398805946678
1.6055,-0.037255048949016295,-0.08378957909381371
1.605625,0.21459776744366962,0.07898545101426965
1.60575,0.13337396611771485,0.2588086663968852
1.605875,-0.3845637054434762,-0.15926705764833463
1.606,-0.23466448514724958,-0.28449872638993196
1.606125,-0.10680302422899282,-0.06122554241348243
1.60625,0.04991819516797868,0.4056907676935103
1.606375,0.08251172894341666,0.2697819459496022
1.6065,-0.078874857459821,-0.16435242934360633
1.606625,-0.24900299343267807,-0.2136218788577971
1.60675,-0.8147257842282596,0.0011135145358796223
1.606875,-0.41816942873513396,0.09792916238644032
1.607,0.012189877072566614,0.33072316936060087
1.607125,0.10619169409734106,0.28166234471392215
1.60725,-0.3730887592183259,-0.07641140004279383
1.607375,-0.4102163392607183,-0.5170123985933072
1.6075,-0.1287418482668433,-0.10923918228357102
1.607625,-0.0171297153570739,0.2234612216565686
1.60775,-0.10728124810086762,0.14347755971812487
1.607875,0.11240080888657057,-0.15768003520043553
1.608,0.030370556812650357,-0.342226957384391
1.608125,-0.2485517984171888,-0.0942421215173442
1.60825,-0.06953640710953976,0.020120014037332438
1.608375,0.4917833769225123,0.02345740305805239
1.6085,0.31474626361739894,-0.05005553478636538
1.608625,-0.15783864692528157,-0.2564836814878072
1.60875,-0.3419204729328957,-0.6121605467164813
1.608875,0.1443301507584995,-0.46791631624067886
1.609,0.38956374891547696,-0.0468473442425972
1.609125,0.43635401880717317,0.215081557477003
1.60925,0.41619733974884077,-0.3604726089390982
1.609375,0.24060779533099683,-0.19287462176452852
1.6095,-0.11456272810804437,-0.010794156785042825
1.609625,0.08866736443856428,-0.14079566972730326
1.60975,0.3415378702211426,-0.016364735927423088
1.609875,0.6020796052222731,0.039068203592222864
1.61,-0.05656827812404371,-0.21029370546324574
1.610125,-0.2092378928632753,-0.3059906384610454
1.61025,0.06836409063069036,-0.21358221312307618
1.610375,0.040714808549251844,0.2676277565357118
1.6105,0.11508223205320237,0.3589778899104494
1.610625,0.31115538037257745,-0.06191937747839359
1.61075,0.07161734927412046,-0.0705722868179807
1.610875,-0.055251099547539685,0.07027706090994072
1.611,-0.174451549863861,0.3149894433680074
1.611125,-0.03110841776361333,0.3246678828283328
1.61125,0.10785941092348716,0.3546332660111531
1.611375,-0.2115512420876207,0.3430290236962707
1.6115,-0.2820369196331307,-0.10296521175890576
1.611625,-0.05936512674427145,-0.04697829163241235
1.61175,0.32025607908449655,0.3912296996318092
1.611875,0.2441671658651481,0.5120071792844132
1.612,0.0335395961835255,-0.0885855111180682
1.612125,-0.1225806734326065,-0.21113765947131286
1.61225,-0.5557266345284596,0.09768737745976167
1.612375,-0.28868086660414755,0.16726509036976334
1.6125,0.2693886261508218,0.14959577747555336
1.612625,0.5323460337651791,0.2264960305620167
1.61275,-0.023204951431805607,0.20229477664956905
1.612875,-0.6415214361685485,-0.022828528247041926
1.613,-0.051783317250405955,-0.16757026490945343
1.613125,0.39984908178107287,0.015703174829741772
1.61325,0.3435159151663913,0.22651651898549666
1.613375,0.18683598423122294,-0.19154585238477115
1.6135,-0.0748226569581398,-0.41050263376855656
1.613625,-0.3849049432472847,-0.004664374081426002
1.61375,-0.4769813186366457,0.30136046206062606
1.613875,-0.0007648809502404383,0.14417985570618222
1.614,0.6427655308697933,-0.020932853280101315
1.614125,0.09174976013976839,-0.17426142776830017
1.61425,-0.4841376415134223,-0.295690323165148
1.614375,-0.37683936107970206,-0.2613261444836083
1.6145,0.3835509522360708,0.1325659420987772
1.614625,0.5067680312541445,0.5144504294345751
1.61475,0.009216980143206153,0.07160420217815587
1.614875,-0.012519240655484981,-0.5110325597246524
1.615,-0.4039925405881402,-0.16236692475754233
1.615125,-0.5093828175043289,0.3335073907564235
1.61525,-0.12584470791017366,0.4368943764333523
1.615375,0.35051064935205306,0.12792317507267595
1.6155,0.09921387380676067,0.02243278859917606
1.615625,-0.3919785448363809,-0.4120208107917852
1.61575,-0.4276112215582249,-0.461265252159014
1.615875,0.12228160681196791,0.13907040436966733
1.616,-0.004369279502365084,0.5497930017866461
1.616125,-0.15389814479201702,0.1009122743022323
1.61625,-0.2552736956517514,-0.4379902052050992
1.616375,-0.2138473264804359,-0.08153601593938638
1.6165,-0.31458901553860075,0.2546101965239756
1.616625,-0.004179087533053762,0.23914992063180987
1.61675,0.24564491017009407,0.02112385080494239
1.616875,0.22989071366323185,-0.10116589220922675
1.617,-0.2422696840927501,-0.2700150656340942
1.617125,-0.2981777689931785,-0.4703251423862055
1.61725,0.39494549722319705,-0.054871722107807004
1.617375,0.6159974677422551,0.18214015010214918
1.6175,0.15756032691505245,-0.050965489341766534
1.617625,0.0670779329396486,-0.4149370992405417
1.61775,0.02199098278906024,-0.415320688777318
1.617875,0.05480030231061392,0.23910755504978484
1.618,0.21519888129543588,0.04178761255089614
1.618125,0.40208394930446917,-0.10835849781684578
1.61825,0.3756257181404918,-0.3086069986614338
1.618375,-0.2611160769032431,-0.2690933279838849
1.6185,-0.3044658199148824,-0.32729858109402027
1.618625,0.24168707332343894,-0.06446610338855593
1.61875,0.42105663812026234,0.2250317356030177
1.618875,0.11361024071261985,0.23132020332174572
1.619,-0.327634696462678,-0.3046652596073875
1.619125,-0.15300571185947492,-0.23935468922454403
1.61925,0.15489644289951385,0.36368073461004974
1.619375,0.41442738350064906,0.3601226940020257
1.6195,0.3847655206706163,0.09795748534311588
1.619625,0.38070250704117736,0.03404365577334602
1.61975,-0.27132611488983055,0.02150907192951893
1.619875,-0.5547675131140986,-0.056214898581603154
1.62,0.18656407254139415,0.08965374377992454
1.620125,0.3075860497885521,0.33998513161158994
1.62025,0.13348849256697035,0.15605428750841263
1.620375,-0.17657079509819362,-0.2673944084536272
1.6205,0.03883297415937094,-0.19463289183761542
1.620625,-0.04421029924938981,0.140234253379499
1.62075,-0.0712868928881959,0.45552970413733895
1.620875,0.14156986295752594,0.01395392391628389
1.621,0.34842376563019123,-0.3238436888132959
1.621125,-0.06778039075174777,-0.11163674985792793
1.62125,-0.23586483487265014,0.2235597323917985
1.621375,0.18245409321839934,0.23790602264764843
1.6215,0.4131189947292662,0.5681098923047083
1.621625,-0.10513702763304397,0.34605570429613713
1.62175,-0.5035811235132235,-0.23245438234424948
1.621875,-0.04081420407896372,-0.4715975491373816
1.622,-0.05135902032010674,0.07962262894787478
1.622125,-0.1248519675524908,0.3353615804133851
1.62225,0.3492999402283787,0.14315323854321998
1.622375,0.2863386716447546,-0.03902907395035753
1.6225,-0.41369082274592617,-0.06985279077700146
1.622625,-0.44815652013040325,-0.008127955133096257
1.62275,0.02769170161379293,-0.015331523014336232
1.622875,0.5340267054872793,0.1972223793270445
1.623,0.12237554976054577,0.14966676134236132
1.623125,-0.2758356963904395,-0.21029469031091202
1.62325,-0.3795495663297166,-0.20973336994949426
1.623375,-0.23165819818586025,0.08685536830211553
1.6235,-0.2040287744968191,0.537918917960457
1.623625,-0.02197859000737955,-0.18044393886753954
1.62375,0.03278880184306544,-0.559688943178342
1.623875,-0.24334494527951792,-0.3260865301263618
1.624,-0.5040393560931906,-0.1951763268991253
1.624125,-0.12362930483695006,-0.11255479527240411
1.62425,0.39226411363189984,0.25857705209071014
1.624375,0.12603622103333784,0.2094578886403312
1.6245,-0.2750491013292642,-0.3444531307522493
1.624625,-0.23886601010573896,-0.44882723156808985
1.62475,-0.05467153448573355,-0.011774555933664586
1.624875,-0.0664284775970651,0.4128140451192852
1.625,0.03614056439752987,0.021149443981253603
1.625125,0.2144827036221923,-0.29115192718169186
1.62525,-0.19992201018506048,-0.36307477666249005
1.625375,-0.40721819132050374,-0.018753547946533677
1.6255,0.15390838108601582,-0.016446556029347116
1.625625,0.5628938042301332,-0.16098516868295012
1.62575,0.4283604617656792,-0.1687451030698478
1.625875,-0.16471562650095617,-0.3874526106798392
1.626,-0.2085588120979753,-0.3642618711316583
1.626125,0.22264120161713846,-0.15836889640202154
1.62625,0.5216522069583087,0.3075184008299472
1.626375,0.4280133385692338,0.1833447523928841
1.6265,0.2059701459903833,-0.4101864124391276
1.626625,0.027268475394013465,-0.20083757659526252
1.62675,-0.5258310516952073,0.00027505860633483207
1.626875,-0.1800401751963234,-0.0990616760114344
1.627,0.4088836887148351,0.031537750470476945
1.627125,0.4713028657226798,0.10119095267458338
1.62725,-0.3317112465231838,-0.1538427386342598
1.627375,-0.13581971532613582,-0.3580304790823099
1.6275,-0.15813437780767972,0.12041546210526781
1.627625,0.031737145845460224,0.5648427820993526
1.62775,0.006678169952141797,0.4072139352908729
1.627875,0.32745052413478876,-0.17469826068763292
1.628,-0.08671942103673098,-0.17067882960354563
1.628125,-0.40791601168548147,0.1385381443305002
1.62825,-0.1309064272463986,0.43193622142541793
1.628375,0.49792389021004146,0.2369432852087575
1.6285,0.5256662390998766,0.17398386691605408
1.628625,-0.2549337422779746,-0.010036387687135223
1.62875,-0.4327260241235748,-0.4285826951156678
1.628875,-0.19132101586253755,-0.15017881569096586
1.629,0.07142317257242646,0.5478395369657572
1.629125,0.2928537115276858,0.3744549219441034
1.62925,0.3821522652607991,0.002848286696861389
1.629375,0.04790334236470982,-0.08360370022878849
1.6295,-0.2319768115301982,-0.034853808686302765
1.629625,-0.30181884977928153,0.01952060823426079
1.62975,0.19638530441179933,0.0879365346006464
1.629875,0.3957306915375862,0.1799433203236375
1.63,-0.1514156870390634,-0.15547960041975503
1.630125,-0.4223591393268589,-0.2783586897768011
1.63025,-0.2184068637526049,0.026272636139844128
1.630375,0.12564654030146163,0.5111705757554176
1.6305,0.13023860237480359,0.48822472017171537
1.630625,0.16259571894373626,-0.31538581086312867
1.63075,-0.016563167467157636,-0.5732789645521447
1.630875,-0.5815240264323334,-0.46384070060450433
1.631,-0.4065820452894922,0.11428812388813478
1.631125,0.21977102038189297,0.14184625752245833
1.63125,0.590358800305753,0.36387998222246026
1.631375,-0.11159209595866615,0.14573355689983766
1.6315,-0.7002367272828899,-0.2602292620541164
1.631625,-0.2837265204495604,-0.3151804161835041
1.63175,0.05857432328218379,0.3191057546511558
1.631875,0.1164128884674963,0.33722941246976795
1.632,-0.08183116489979304,-0.08477478949650484
1.632125,-0.13291140729676454,-0.5367915872969695
1.63225,-0.33246131938311174,-0.21961816826466998
1.632375,-0.48454325493426764,0.1905255684774117
1.6325,0.11307779493326037,0.08978670016941348
1.632625,0.30978154539315733,0.14675691823399298
1.63275,-0.21089764225405064,-0.24176604388047934
1.632875,-0.5690208186678603,-0.4111667587141592
1.633,-0.15230158841801497,-0.4104767239150082
1.633125,0.23932291020857788,0.30300724650281213
1.63325,0.20828952880147172,0.4567028267288434
1.633375,0.17355002820269808,-0.11790843132615017
1.6335,0.017830919044792386,-0.7460712242023239
1.633625,-0.30556397990877704,-0.4030743831232398
1.63375,-0.24032852648532654,-0.04989701965180362
1.633875,0.2724489475684347,0.14756742234623257
1.634,0.93940266826179,-0.13602451992574363
1.634125,0.2891981193540221,-0.23219781915202567
1.63425,-0.2769971965371048,-0.3280181925188266
1.634375,-0.24877640365285011,-0.3116968731425514
1.6345,0.2683041451976418,0.14145227430648943
1.634625,0.33086752544192993,0.2519881027704823
1.63475,0.19089616990363503,-0.21064047432609215
1.634875,0.041082833689472076,-0.233107795547769
1.635,0.10352992825618267,-0.17314533369937582
1.635125,-0.08132512436659188,0.11061830227807326
1.63525,0.37680947452036967,0.33308806402698354
1.635375,0.622081560941236,0.1920015538681258
1.6355,0.026688766849176565,0.037986700989995306
1.635625,-0.5901884327756168,-0.2675155427552602
1.63575,-0.14539030199967112,-0.19726088191477784
1.635875,0.21596530474612027,0.45281262251960286
1.636,0.29554363840380626,0.774845365164628
1.636125,0.07011213090030985,0.25245878424338614
1.63625,-0.13562884887502033,-0.41526519012852453
1.636375,-0.11723157472071984,-0.1534405082678423
1.6365,-0.2831120021723,0.20722518319052308
1.636625,0.04381837983230303,0.29823427634540967
1.63675,0.3141055076255332,0.14233249921205016
1.636875,-0.050062143681793674,0.19178149453574836
1.637,-0.5685492639468713,-0.04524582993349384
1.637125,-0.4021803892485784,-0.15559740032398314
1.63725,0.47895238266614076,0.19096553903902397
1.637375,0.4250528940290398,0.6436230111980177
1.6375,-0.11522230766733495,0.1650455268107139
1.637625,-0.14566219675126843,-0.512957150614459
1.63775,-0.18715067624747103,-0.0531486351453128
1.637875,-0.06329940119544748,0.3960018572929298
1.638,-0.02936548100526355,0.21045647168856813
1.638125,0.3908661789086179,-0.045729741821002284
1.63825,0.017799553084291903,-0.18640648644414703
1.638375,-0.24953239970765803,-0.0456986560760622
1.6385,-0.40813757906076936,-0.1205506463596755
1.638625,0.10647193847754824,0.052171141792711095
1.63875,0.337103512864964,0.3806413234091317
1.638875,0.11273627304647417,0.022194064673352047
1.639,-0.07236584145185196,-0.4612955650399559
1.639125,0.03095089429931152,-0.3025727348181159
1.63925,-0.1755781677957403,0.33208408451468047
1.639375,0.04787561451929524,0.3268437227919656
1.6395,0.18415531509573796,-0.04908734069881043
1.639625,0.27015759705702475,-0.18315788245313194
1.63975,-0.5499252580544903,-0.07745486999936797
1.639875,-0.7790765087811354,-0.14148275380298483
1.64,-0.1157100175556443,-0.04476799727945615
1.640125,0.45029734043664493,0.2924842203459749
1.64025,0.14066356792776305,0.07519280673802102
1.640375,-0.42715269941339756,-0.42814431608210923
1.6405,-0.3865718425413391,-0.24835457084169543
1.640625,-0.3441935043417991,0.19690436062499225
1.64075,-0.3862450394825474,0.3880897584118838
1.640875,0.34628360646740414,0.059896503004402316
1.641,0.1399395290781453,0.05537560071889089
1.641125,-0.5810824828449481,0.028855661947235215
1.64125,-0.7637250854652313,-0.09156463636585192
1.641375,-0.060689378980790805,0.03778045967892362
1.6415,0.2574556033263264,0.4384376985996698
1.641625,0.18090337146699206,0.17974320343684014
1.64175,-0.3801239539789765,-0.5470964443917326
1.641875,-0.2230814109088342,-0.6013734810978091
1.642,0.045351337682611244,-0.01697586462038163
1.642125,0.03611368923777042,0.1669916207937983
1.64225,0.3681723416117265,0.1406089679838072
1.642375,0.4609847909368667,-0.2611809743451694
1.6425,-0.1912030241495837,-0.33933829703691676
1.642625,-0.21988476956718134,-0.37294928681617173
1.64275,0.2449237600583723,-0.13033535864888093
1.642875,0.8096732787321409,0.23423327800622998
1.643,0.4053278972756459,0.1607023767413538
1.643125,-0.03975718526515958,-0.4077451777956575
1.64325,-0.06690012301693253,-0.5242306044762728
1.643375,-0.005127847928954327,-0.10561815369227691
1.6435,0.2618510341491599,0.3063851196904573
1.643625,0.4125475409047007,0.010660559800483003
1.64375,0.36902200267815427,-0.2513217212573579
1.643875,-0.3004724378033179,-0.1620743879044806
1.644,-0.4756271529346501,-0.057868178238648704
1.644125,-0.08750932823134604,0.12914132479632337
1.64425,0.8267135170603568,0.4404338298863787
1.644375,0.32738700088358275,0.35505226079512153
1.6445,-0.2006265250492635,-0.20141877146810855
1.644625,-0.3014117011128407,-0.26008395626224423
1.64475,-0.06239569694486315,0.191861995372823
1.644875,-0.050198869471734464,0.6731344396107413
1.645,0.20784475985513934,0.4259230584486584
1.645125,0.08860496004358434,0.002101013137412741
1.64525,-0.12167783215409841,-0.16494945286510515
1.645375,-0.3309707189436183,-0.04269282859681758
1.6455,0.23454761082141914,0.06972354429422555
1.645625,0.6842222632143026,0.3657766177550839
1.64575,0.24343194076221478,0.3075766139646524
1.645875,-0.1828035066845279,-0.25339624534329647
1.646,-0.3001235533058529,-0.5981498489844778
1.646125,-0.04171595721998593,0.0012923569516156352
1.64625,-0.09149145215973252,0.4762429378943087
1.646375,-0.03445576192812397,0.43428309554763905
1.6465,0.09016909781889174,-0.14126089127120878
1.646625,-0.06687175433488882,-0.38472895323691014
1.64675,-0.554641452249346,-0.0018149591592148003
1.646875,-0.023783219387674883,0.12475109604948097
1.647,0.15158944652362163,0.04231599386612359
1.647125,0.12584944651408306,0.30269690251387243
1.64725,-0.2591719550113439,-0.1323521555148745
1.647375,-0.44084685727366146,-0.5230097610218131
1.6475,-0.02735501534705533,0.1619466552264216
1.647625,0.06959963285540714,0.6474495464296341
1.64775,0.1498766680591789,0.3142146832160735
1.647875,0.13668905677280457,-0.18678333949030967
1.648,0.0060185306785667,-0.16161936516330147
1.648125,-0.4445703464628275,-0.029765842239330847
1.64825,-0.26271419789710493,-0.0203926024357008
1.648375,0.21487187795205998,-0.00822225506913799
1.6485,0.27906119543040453,0.06578663878335267
1.648625,-0.4673080529646172,-0.23573619917902808
1.64875,-0.5618341607925041,-0.4006457286687585
1.648875,-0.35929000278914364,-0.18092663799037
1.649,0.07472652499263849,0.40008019846431403
1.649125,-0.042256241494760295,0.19033264995911706
1.64925,-0.17526551306046406,-0.2683469587964832
1.649375,-0.2918881825311326,-0.3406456023724214
1.6495,-0.5699118956396025,-0.007118656445627461
1.649625,-0.5241473651974423,0.2668793616730947
1.64975,0.2936096788937711,0.2615358016719744
1.649875,0.5326335641897095,0.3480577304647198
1.65,-0.053081719938346386,0.08382401886946948
1.650125,-0.30844915398569744,-0.450411344781863
1.65025,-0.12431082391056995,-0.3786535460308627
1.650375,-0.005066733580918666,0.29142183071489974
1.6505,0.09322854274936307,0.28479769762223733
1.650625,0.3069146920225159,-0.4645019695185704
1.65075,0.33670730447932545,-0.585615215676356
1.650875,0.06778903567649604,-0.3459261353033236
1.651,-0.11208364395822192,0.08201103410231475
1.651125,0.28447238631896754,-0.18264539896196946
1.65125,0.685566548892563,-0.03472598014455962
1.651375,-0.03673435876175457,-0.21457599175084777
1.6515,-0.44118478481063944,-0.47429981801971083
1.651625,-0.11523702905516897,-0.32693103918131633
1.65175,0.13823864093662327,0.2634047598654024
1.651875,0.3774885283234621,0.6318050631731452
1.652,0.4739729209048448,-0.21096985817136718
1.652125,0.21478421661432037,-0.2928500873107193
1.65225,-0.33023234758986525,-0.006895579393754268
1.652375,-0.360044827862654,0.12737166574461198
1.6525,0.33765994279844547,0.037805776570576405
1.652625,0.3891550862962906,0.2347505180496197
1.65275,0.06787928151523885,0.3163962422584911
1.652875,-0.48060514846760827,-0.0015054334642427105
1.653,-0.1969158998415362,-0.004260327720557619
1.653125,0.30234358952306867,0.3304896846333857
1.65325,0.25945156858623364,0.3891271184153342
1.653375,-0.007061195907891188,-0.23271609840840451
1.6535,-0.1405346364427483,-0.5205904429090347
1.653625,-0.292516518843992,-0.09097388816083564
1.65375,-0.39506974148395485,0.18857647803439115
1.653875,0.0778269986981037,0.3970443573640773
1.654,0.5837795643422247,0.30871371408240705
1.654125,0.08740630827450277,0.1912708514369132
1.65425,-0.5414306511001099,-0.3098919871797743
1.654375,-0.3331355959889817,-0.1897908942421372
1.6545,0.3199086742199785,0.07468064084207662
1.654625,0.4676195068809602,0.4159728766121698
1.65475,-0.013749960877118656,-0.0780770914019351
1.654875,-0.013257012103376986,-0.5076446516053216
1.655,-0.3556298613793054,-0.1372458838311334
1.655125,-0.40200842592986735,0.3276037636840476
1.65525,0.3622290476139596,0.3061368090383071
1.655375,0.5226800337389653,0.01869159991317664
1.6555,-0.08615526823873225,-0.05478467161420865
1.655625,-0.5610095750888158,-0.21436311562933677
1.65575,-0.28950998231079367,-0.33467143107748915
1.655875,0.10063665828748437,0.11953481230329707
1.656,0.2973174764291872,0.5507960462193322
1.656125,-0.25360373752282045,0.2333123164863648
1.65625,-0.2883199989028359,-0.48322382418420584
1.656375,-0.3666349302994417,-0.4177532820435705
1.6565,-0.24521553857914435,0.10352596982755904
1.656625,-0.007312221855789519,0.2922647683055425
1.65675,0.3832121886907114,-0.03719045463413054
1.656875,0.2075695287872294,0.06378383342784956
1.657,-0.6844880295534321,-0.14816551831514996
1.657125,-0.765945308591831,-0.24288227495811315
1.65725,0.04165413251988527,0.19842881339022142
1.657375,0.17116128519783927,0.5390850210155959
1.6575,-0.09709963073743119,-0.04290952290697609
1.657625,-0.03881314237139696,-0.5846324191442569
1.65775,-0.21879141980977962,-0.3732478553445
1.657875,-0.23994706767545876,0.01034648137235984
1.658,-0.07312378128828628,0.3243127681171007
1.658125,0.3411613044621704,-0.17379845723962298
1.65825,0.21994128230815937,-0.3684636066051954
1.658375,-0.38336348786948,-0.3982191635548171
1.6585,-0.3164626732103096,-0.40081283982838606
1.658625,0.17166370304992645,0.01603559364699568
1.65875,0.3316227031151509,0.4214535544372563
1.658875,0.3333836510267401,0.21856325064600884
1.659,0.24065056514048555,-0.5529543761740957
1.659125,-0.10419749499055737,-0.6168267167215679
1.65925,0.040308150385728735,0.06158601502893585
1.659375,0.164375131262647,0.0855111071057566
1.6595,0.5691662928042307,-0.09850307300778904
1.659625,0.290012421590708,-0.03129538846205542
1.65975,-0.5241805442743341,-0.2610831907822928
1.659875,-0.6742373090400321,-0.2988029702339125
1.66,0.3238344868414877,-0.07336204718139076
1.660125,0.8205505234798172,0.291354400779289
1.66025,0.19511931063359642,0.18601089679100025
1.660375,-0.2556091205284523,-0.26010522482415466
1.6605,-0.3956182782975038,-0.32003319435409844
1.660625,-0.3267805371092541,0.16602881880758574
1.66075,-0.1277692870003438,0.3734569804830516
1.660875,0.32042815589102774,0.1528955155541271
1.661,0.29884353371826133,0.14356043075823394
1.661125,-0.1975367776131542,-0.09279288759658483
1.66125,-0.36663066923367515,0.003628794924708825
1.661375,0.19428605318168712,0.10794417615404485
1.6615,0.5165034879814248,0.5992378192057493
1.661625,0.13568674485939713,0.46586198715566907
1.66175,-0.1534931135441565,-0.24846259283828123
1.661875,-0.2544919793277329,-0.45237214816907667
1.662,0.1640781377407634,0.24588361966413994
1.662125,0.10206421311798498,0.5784689367588857
1.66225,0.03636498666045984,0.20746998277570303
1.662375,0.23162895754112556,-0.14754468290738948
1.6625,-0.3637354564768203,-0.3320193873188571
1.662625,-0.6510768813182607,-0.1648799165269067
1.66275,0.04791176733552525,0.022809597693340095
1.662875,0.4843841751920411,0.25747122580759707
1.663,0.09798117676292967,0.35170768605526537
1.663125,-0.2172910457236437,-0.3528551768823135
1.66325,-0.3942310636277415,-0.3658384029294151
1.663375,-0.11807885178487393,0.2274966239904486
1.6635,0.12928708154166202,0.6659353917371661
1.663625,0.26180867790959667,0.11735472767354638
1.66375,0.14098725891032537,-0.17106213818951468
1.663875,-0.27971607379661717,-0.09927017672814684
1.664,-0.49251656299057894,-0.0949633364264358
1.664125,0.10450916547203198,0.11045821534342533
1.66425,0.5260517561737992,0.2446592645956569
1.664375,0.4122630145406181,0.19809836603726672
1.6645,-0.17388852554546155,-0.31874850896725204
1.664625,-0.13801782468707663,-0.4692742825902773
1.66475,0.06167279309111927,-0.006730637229359115
1.664875,0.052913030592538345,0.38300268932839454
1.665,-0.0755616112133648,0.10031540830188557
1.665125,0.15302871829467585,-0.15379946708103556
1.66525,-0.42430673350863185,-0.3961310121248154
1.665375,-0.8507507696328472,-0.13249244260609047
1.6655,-0.30957694537366454,0.1549660630163889
1.665625,0.23774426826743164,-0.008362535361895294
1.66575,0.14490126708550133,0.0980725728010757
1.665875,-0.38332391962491563,-0.24899570703656324
1.666,-0.38300757989391265,-0.3745757202421971
1.666125,-0.23962515555643774,0.11411155734680878
1.66625,0.0992026424655599,0.454542532993288
1.666375,0.2872335238537218,0.3410136130921517
1.6665,0.3532997023206708,-0.16257393471281226
1.666625,0.11358063155571105,-0.24221411721859495
1.66675,-0.29949921314624844,-0.026914224428698726
1.666875,-0.19618161983464658,-0.08212325764824246
1.667,0.23685623579441925,0.009816127322436814
1.667125,0.3785101907772849,-0.07059668180893207
1.66725,-0.007892082644471471,-0.4235588865736762
1.667375,0.019055495259619463,-0.5077048135387833
1.6675,0.07843177182518773,-0.3831312812967382
1.667625,0.1878367547309203,0.06873769460988521
1.66775,0.1832919023474235,0.05924837508802654
1.667875,0.3035406591488639,-0.4290172816322133
1.668,0.14108255887206958,-0.38787563941673703
1.668125,-0.28175284247485854,-0.27251134310766567
1.66825,-0.20321817955474894,-0.02878305444371403
1.668375,0.3686240607172237,0.15902539138897503
1.6685,0.5526972456584289,0.10369254399784088
1.668625,0.09030161788887418,-0.03624884866323723
1.66875,-0.049863304874321925,-0.32519078691674247
1.668875,-0.1289567598902092,-0.11002252385973718
1.669,0.13868253851264087,0.44342242207449273
1.669125,0.2120440676938233,0.36192259043975566
1.66925,0.25876500966169647,0.13708856591543855
1.669375,0.1849434414653335,-0.23342715569439704
1.6695,-0.2874018687688668,0.05735269844723984
1.669625,-0.10887060261482831,0.08908820323151843
1.66975,0.4500381932485,0.22065639407548152
1.669875,0.4417673704441535,0.45178149071226104
1.67,0.038574369913744105,0.07454814915401607
1.670125,-0.34882806081540463,-0.251626646106009
1.67025,-0.11698819060088525,-0.12437675873781119
1.670375,0.10348126913609614,0.28865811732306557
1.6705,-0.07795111808539214,0.4823505195723066
1.670625,0.04758972246504941,0.146948466501321
1.67075,-0.019893322628114714,-0.09644285952181987
1.670875,-0.06822456326629289,-0.06821808273573915
1.671,-0.11000655007033801,0.008682349963315005
1.671125,0.43528423323026627,0.23187242540071595
1.67125,0.49539736268797774,0.17945910120277161
1.671375,-0.20975120560276528,0.04916473450887903
1.6715,-0.27753915922199146,-0.28672772800422347
1.671625,-0.2165564019391258,0.02371896822683675
1.67175,0.08010744816278036,0.2897528414670337
1.671875,-0.050709797088306134,0.31328381856743814
1.672,-0.27383957933764996,-0.06617651248229289
1.672125,-0.057290193449804225,-0.4013304816916182
1.67225,-0.3620947586958403,-0.13021342615116677
1.672375,-0.26619499518652134,0.15793546831799243
1.6725,0.32758102434648534,-0.09145871855538348
1.672625,0.5650706281637817,0.1616038872150684
1.67275,-0.144288998498979,0.05197086674744106
1.672875,-0.5771908944609091,-0.10663222100155441
1.673,-0.34811549637789213,-0.20975523802345145
1.673125,0.14723044853300363,0.3275577488695846
1.67325,0.05688677336355498,0.46607861093734715
1.673375,-0.13280084896429203,-0.09038152628680719
1.6735,-0.22725669953809688,-0.4158036139956464
1.673625,-0.33556525255696085,-0.0004535912784717893
1.67375,-0.3058083513470292,0.14728273292928773
1.673875,0.09691006464339454,-0.033147074706495486
1.674,0.6044911015454447,-0.14093840829825544
1.674125,0.11732566682029184,-0.3356609942123085
1.67425,-0.6205175975542605,-0.4392121570394747
1.674375,-0.4303028041473593,-0.3456496100067599
1.6745,-0.028531595339292403,0.3557266049016154
1.674625,0.22814448190835548,0.40382650459810526
1.67475,0.13342261491918544,-0.03545025640525448
1.674875,0.07977898902307404,-0.4987412483447212
1.675,0.0783254036247766,-0.3698962364789777
1.675125,-0.25159389197819254,-0.044813973273541426
1.67525,0.3107463560194051,-0.018543775747390353
1.675375,0.7174975375229248,-0.3209979595814247
1.6755,0.1346125161588616,-0.3239333492604527
1.675625,-0.35143842536354936,-0.21268289564541967
1.67575,-0.17971370879339607,-0.23000224323123808
1.675875,0.2885426140177543,0.18345070537492913
1.676,0.36805906015224016,0.5345220091289483
1.676125,0.1990148547139446,0.002810513350894836
1.67625,0.16497361167110075,-0.6158410460386232
1.676375,0.1354746993959852,-0.38994207024254013
1.6765,0.04537746178810201,-0.023842915483972132
1.676625,0.18270115805344408,-0.019205434315485166
1.67675,0.6350069301484419,0.15618969123370904
1.676875,0.3428838387041466,0.026856857777420882
1.677,-0.261592324112534,-0.15111651477428248
1.677125,-0.3720275864874583,-0.025879355910891515
1.67725,0.20202930135020822,0.21239151008715354
1.677375,0.4520446661143188,0.5907417695523592
1.6775,0.17360949833148434,-0.004888394766787882
1.677625,-0.20221766612445424,-0.41955682484168694
1.67775,-0.25362688064701705,-0.1256091011440915
1.677875,-0.28476178443115235,0.372956796236512
1.678,-0.06429142659392643,0.40823369613707766
1.678125,0.23632033437002128,0.26094465867866096
1.67825,0.21800625641959626,0.14593560630949784
1.678375,-0.33163141544080466,-0.012322384103418823
1.6785,-0.45574355949459383,0.0010800736827721211
1.678625,0.34504939781034827,0.4354826278063932
1.67875,0.45626893042956573,0.5519011362050843
1.678875,0.1452058474398903,0.24916822192538987
1.679,-0.11909159309729216,-0.351841671009906
1.679125,-0.22968931280057278,-0.29978732666865626
1.67925,-0.18440273092968723,0.0910953240173651
1.679375,0.019976913656523772,0.2435320280726111
1.6795,0.47928409451842013,0.12911674746057905
1.679625,0.37084208730458657,-0.11748778206302696
1.67975,-0.4406617733925904,-0.1971270423201669
1.679875,-0.5579326993781079,-0.21260252908319452
1.68,0.26412835330347495,0.027008207029994676
1.680125,0.6455997863355134,0.13613549150079285
1.68025,0.3036584259820708,0.015905616547797083
1.680375,-0.3195166119792512,-0.27267279416658907
1.6805,-0.32181871852452987,-0.30069818737173354
1.680625,-0.1896906405658167,0.25444301012545534
1.68075,-0.2182959828976906,0.2262174200733738
1.680875,0.25689860830312555,0.003554116536702832
1.681,0.37146247001175736,-0.30910178033234914
1.681125,-0.16685321270419612,-0.18513165006927598
1.68125,-0.35364882621719507,-0.16328226306531943
1.681375,0.047585552824605394,0.07130414941032953
1.6815,0.5384880068845914,0.4250380015612806
1.681625,0.02632956524368242,0.37014795033573006
1.68175,-0.4283976164554087,-0.4073235701618049
1.681875,-0.5612071130075387,-0.36869582648367355
1.682,-0.0375749817513194,0.32087512690826675
1.682125,0.11015621036254114,0.4789241569747106
1.68225,0.14404183135433452,0.11408533991189661
1.682375,0.06912919010579067,-0.1630611152496562
1.6825,-0.1891875497960655,-0.2344384935595
1.682625,-0.33529865843943696,-0.25626561860626706
1.68275,-0.08549518358846778,-0.09934048072574368
1.682875,0.19391797330348812,0.00197935386617294
1.683,0.1455369014436177,0.1626244173453846
1.683125,-0.10202552580477252,-0.34983455971769745
1.68325,-0.21946092331380165,-0.35199898903940346
1.683375,-0.03145339186458624,0.13075549015552143
1.6835,-0.06782556661057247,0.4195507210172448
1.683625,0.2024508750960592,-0.15026398436038005
1.68375,0.41282040884166965,-0.5504846572509372
1.683875,-0.013389392773972658,-0.43804823118130337
1.684,-0.3830515107222002,-0.2334580052645541
1.684125,-0.09733766528448458,-0.043421527956519955
1.68425,0.5538339082606197,0.20695463314271323
1.684375,0.4811642441106855,0.0948078126075382
1.6845,-0.09301007231716471,-0.21900244795504628
1.684625,-0.11876464610204064,-0.4134425697399388
1.68475,0.2616790925148372,-0.16084246291570672
1.684875,0.18344331896511987,0.10340380544107708
1.685,0.37908921657484534,-0.019086473324772136
1.685125,0.18981879034733254,-0.2882911148517772
1.68525,-0.16458364888542829,-0.11861216535105538
1.685375,-0.2508660558546511,-0.17236432973999072
1.6855,0.1850404552069542,-0.19286797111483736
1.685625,0.6837477957764816,0.0327874186399486
1.68575,0.44832663257200067,0.3956138306978565
1.685875,-0.3098423473729772,0.024383718760120198
1.686,-0.3792391174057824,-0.4234861906172451
1.686125,-0.29227313145177836,-0.009174982408401219
1.68625,0.08160159710667839,0.37819232704348965
1.686375,0.023047563466378162,0.458578932158162
1.6865,0.316129780252255,-0.020687364687813018
1.686625,0.05543903107350019,-0.0805048076286184
1.68675,-0.4024839594346558,0.2561144310629654
1.686875,0.07925893699906134,0.2708330626830414
1.687,0.5073495632050032,0.26966206432094164
1.687125,0.3384257344268603,0.3406943548382336
1.68725,-0.2537750498593266,-0.08078681238800361
1.687375,-0.34733963994325806,-0.251233145658778
1.6875,0.017140933449154024,0.04657448762272247
1.687625,0.21057439724714233,0.6420023269411893
1.68775,0.09009578637768048,0.3898898712470778
1.687875,0.3635832182521871,-0.20514894635889835
1.688,-0.08619252981778175,-0.3934259919258122
1.688125,-0.6166001896771283,0.09313340690601314
1.68825,-0.3473866763470808,0.20473992965606522
1.688375,0.1550239214465154,0.2460207459356801
1.6885,0.46619733453437356,0.24442487876896168
1.688625,-0.3030880337591861,0.11673876804128908
1.68875,-0.36651615900274326,-0.19193955997367468
1.688875,-0.0966092045544991,0.050703625765276934
1.689,0.17293171708647925,0.4047797022692271
1.689125,0.06137409460068284,0.4216965248937241
1.68925,0.021505520958349976,-0.12179716061173206
1.689375,0.06975014257325177,-0.32531408300422293
1.6895,-0.20906870317354978,-0.048849920227813405
1.689625,-0.30938334830838565,0.054247944030203
1.68975,0.20264928413424627,0.24287780357467845
1.689875,0.34435785238826405,0.10313670126741398
1.69,-0.02161606924306646,-0.011128928731914059
1.690125,-0.5417676617635429,-0.46830418846344696
1.69025,-0.3096981126252117,-0.45363994028626436
1.690375,-0.19009529497747177,0.130640315548284
1.6905,0.06577178646712631,0.4090735467426217
1.690625,-0.13937209027362857,-0.1979385154548917
1.69075,-0.16645964621953221,-0.36370755523427506
1.690875,-0.6815736389715273,-0.12386453284572509
1.691,-0.40663228969122883,0.27378033109754457
1.691125,0.0035142645843664164,0.02262931372684307
1.69125,0.3733663239823993,0.18319494226033384
1.691375,-0.004788680426065544,-0.022543460081437122
1.6915,-0.6391463542221967,-0.23283239211487797
1.691625,-0.5327683118844153,-0.14740119157849516
1.69175,-0.015773631929511464,0.33709263205695583
1.691875,0.10567527580507166,0.4510191813494091
1.692,0.2511163267958684,-0.13474996477155401
1.692125,0.22408976899778568,-0.5213933862805699
1.69225,-0.06850414560695023,-0.1184911718240737
1.692375,0.004710805751214951,-0.09827175688415948
1.6925,0.34418551774607486,0.01423056106500647
1.692625,0.4388379550666063,0.07913058112632956
1.69275,0.06771991366538574,0.0037853670487936826
1.692875,-0.0756765354800429,-0.5203996847421523
1.693,0.21440598790045975,-0.4447989641587723
1.693125,0.3113747518125642,0.20196405228146555
1.69325,0.387746069236405,0.4324744674722236
1.693375,0.2006028057953304,0.015879741572522386
1.6935,0.19813146354566746,-0.4538013171803714
1.693625,-0.18623608479579576,-0.39349447700040807
1.69375,-0.2905974047804042,-0.13930912005636095
1.693875,0.2559575540398887,0.11910905378106104
1.694,0.6234242796409442,0.3119171308963889
1.694125,0.15642494060572154,0.18474329988936783
1.69425,-0.5210128969836968,0.19822542052658154
1.694375,-0.2653229445692255,0.08707687260309249
1.6945,0.2183228489357143,0.32230399214091415
1.694625,0.1936720065352531,0.46496545046117504
1.69475,0.05903052558829676,0.036057566692255606
1.694875,0.1570258521491591,-0.16596211531213384
1.695,-0.23200636363578522,0.21629046338357721
1.695125,-0.18732281742513227,0.2738790966182325
1.69525,-0.07525299498375157,0.23908041670058064
1.695375,0.2891568657473106,0.10943439118712053
1.6955,0.22137924256716476,0.0867439992821164
1.695625,-0.2253274578454884,-0.1602597836294696
1.69575,-0.2292360672673917,-0.24650044843448718
1.695875,0.12228067828322414,0.10261934199589623
1.696,0.3163863284440121,0.5882435482668944
1.696125,0.1829627708682408,0.1721779559321967
1.69625,-0.17369670128484319,-0.26043688555762484
1.696375,-0.35096338943786154,-0.24040441566916942
1.6965,-0.3898056931552301,0.12936739420807414
1.696625,0.008149944671245088,0.14605742472816774
1.69675,0.39819130233110434,0.09300328780864839
1.696875,0.39741934669859125,0.16231473749870673
1.697,-0.31034105238352455,-0.149592485926786
1.697125,-0.40895910056971274,-0.417984828994749
1.69725,-0.0913061424924018,-0.10894491498113053
1.697375,0.2610696466560482,0.23256889215920723
1.6975,0.179648933204978,0.13307739883267694
1.697625,-0.15296529476910484,-0.4036705476633125
1.69775,-0.27004650505983285,-0.0913838137630324
1.697875,-0.11209062379556103,0.0338269531329154
1.698,-0.011678094337589942,0.08522344609786207
1.698125,0.3185628959046297,0.15533711664342922
1.69825,-0.052134429343054976,-0.028327907071449526
1.698375,-0.6113110209385252,-0.24148038969502558
1.6985,-0.6393613733639982,-0.2111097122298584
1.698625,-0.046025800925533086,0.10060304057026763
1.69875,0.23254862394688447,0.4988569168995673
1.698875,-0.1331633730876065,0.20944168891007864
1.699,-0.5231141346898697,-0.37359341999501666
1.699125,-0.23379405162490843,-0.3760803920803379
1.69925,-0.1765020366742619,-0.08882784348204803
1.699375,-0.0334147031710642,0.1918076329073477
1.6995,0.22059047900729764,0.12452589027877957
1.699625,0.20501249620991457,-0.14745292628417223
1.69975,-0.4597390162087056,-0.12810648251292756
1.699875,-0.6284627668515684,-0.2093796489608441
1.7,0.019438391243572033,0.03652157549245745
1.700125,0.48050987460460554,0.3115878494485057
1.70025,0.12550437867765163,0.06848572986267579
1.700375,0.006077071844331695,-0.4937821537427104
1.7005,0.14728949298912164,-0.45441146524103765
1.700625,0.25374364976361513,-0.118073219551939
1.70075,0.5532647564899075,0.17803765110306272
1.700875,0.3646832328733531,-0.1466814329180498
1.701,0.3441331078402458,-0.27933199436169376
1.701125,-0.0643008555216632,-0.4192732827395779
1.70125,-0.3908722121714687,-0.10780035645841149
1.701375,0.016646972831095886,-0.01350633257089018
1.7015,0.5753082949257439,0.30594254586698627
1.701625,0.11566387891245185,0.11359178849817428
1.70175,-0.07601124830073476,-0.380857245934247
1.701875,-0.263839908088239,-0.6470285131892493
1.702,-0.141471640935806,0.13337601436363752
1.702125,0.0907086698838243,0.3186734472160941
1.70225,0.38909368065896455,0.10293379013839266
1.702375,0.324827205989396,0.008688141694395211
1.7025,-0.10803628180368297,0.14458956961106195
1.702625,-0.4289968641488821,0.3059596549736542
1.70275,-0.090458170946633,0.364673091922053
1.702875,0.26730688315918344,0.5003854415920505
1.703,0.21740522005491886,0.4545752638107989
1.703125,-0.31574321044868936,-0.18817763129395537
1.70325,0.01343127974598569,-0.3111948563859169
1.703375,-0.1313717271109758,0.08823668813993876
1.7035,0.026824663966945005,0.35396361485715944
1.703625,0.34203830133539415,0.11950745641112347
1.70375,0.22358466040842032,-0.04820648959157152
1.703875,-0.1213207580422682,-0.2466432037838626
1.704,-0.1262771497789448,-0.11413207365119564
1.704125,0.08560997077089538,0.04418152239569314
1.70425,0.3843005559577541,0.41912884508284765
1.704375,0.16928888985320228,0.33617569321917495
1.7045,-0.10521097306430005,-0.1740979775125292
1.704625,-0.0847266077369465,-0.49885784312569625
1.70475,-0.06503153908864409,0.014409808368033725
1.704875,-0.18113182044824833,0.24925558254953845
1.705,0.0109321463321602,0.0666021956234607
1.705125,0.11811613882297547,-0.09157066242564219
1.70525,-0.06001775317731123,-0.09443929921585588
1.705375,-0.3406583208318215,0.10428854278307492
1.7055,-0.1354424045203042,-0.07547038910606634
1.705625,0.25294430395455636,0.302269527028095
1.70575,0.3057594023456707,0.4772039053428958
1.705875,-0.3567230881597336,0.039553582862707694
1.706,-0.5525481146664616,-0.25242473265795223
1.706125,-0.23095543772908653,-0.045870521907275835
1.70625,-0.2895285016440264,0.40754419892260907
1.706375,0.06328014061393251,0.08814973841065664
1.7065,0.28890605984928647,-0.13397781944485163
1.706625,-0.029291626864292722,-0.09541154145305394
1.70675,-0.25063282849524826,0.008455687403920763
1.706875,-0.31688542252570295,-0.031327554514479626
1.707,0.12827478076854984,0.11068360683290387
1.707125,0.1691955504584291,0.1333296277433829
1.70725,-0.4661275058163792,-0.10579739697642461
1.707375,-0.3952803231760087,-0.42265795268640877
1.7075,-0.1223387276422232,-0.0607287774200495
1.707625,0.08230443250797237,0.2618957679111857
1.70775,0.031738789967492326,0.017252285626275926
1.707875,0.21031717662459895,-0.3493198379435406
1.708,0.1307549717649414,-0.43283677261290626
1.708125,-0.30352214994665005,-0.142450518837936
1.70825,-0.1410759506483493,-0.1067067322182467
1.708375,0.23579527700695946,0.0737997589627248
1.7085,0.21654597620661,0.24580963332824116
1.708625,-0.3224388913590496,-0.08468087856992987
1.70875,-0.44049163589118073,-0.37389269903380656
1.708875,-0.04878033541489737,-0.27981477700605906
1.709,0.06180678600113071,0.02541777163636438
1.709125,0.2413067884140598,0.08985908524806076
1.70925,0.34341427667108804,-0.28805498495158616
1.709375,0.16137841153021007,-0.4225278174525912
1.7095,-0.10938603647337325,-0.1482988523330913
1.709625,-0.020636742040159622,0.03893626237237738
1.70975,0.45381501918672,0.08452813888441761
1.709875,0.4688046644239676,0.2986510568086813
1.71,0.1958605829675664,0.06600408584886386
1.710125,0.14462264972468228,-0.3019125681720703
1.71025,0.21710893848369672,-0.028727844672551763
1.710375,0.3263450999501907,0.402257657424245
1.7105,0.03811392632526871,0.22455260575258054
1.710625,-0.15024166834676966,-0.32905947051327394
1.71075,0.028637010608812356,-0.2920094206043252
1.710875,-0.26517308424824326,-0.04471895366751942
1.711,-0.13810869808053916,0.22277557246599658
1.711125,0.35739846608378545,0.3201936000580187
1.71125,0.36664241288609445,0.17662531673867926
1.711375,-0.10379172604876526,0.08027884438440175
1.7115,-0.28132417023281114,-0.2964227474889359
1.711625,-0.2143504222457708,-0.11691401990905714
1.71175,0.08530180382684953,0.22184733572595072
1.711875,0.19096132960852466,0.38230522436324793
1.712,0.11473633494517121,-0.029938780135492653
1.712125,-0.01717735933260289,-0.0898000632790975
1.71225,-0.08546253732180614,0.11339301391227001
1.712375,-0.10719290953910748,0.29150735899753427
1.7125,0.22556968689342874,-0.036033170014476625
1.712625,0.4328539805793167,-0.05872750698835276
1.71275,-0.11547955329858518,0.13129105463980903
1.712875,-0.27896919452487007,-0.2224085440117233
1.713,-0.15562819859689683,-0.0009103320186819038
1.713125,0.43745295332380524,0.31883977082641524
1.71325,0.08372172142508365,0.30159295382071166
1.713375,-0.1599779774030147,0.04695945733151944
1.7135,-0.16616445642013938,-0.28059035326671106
1.713625,-0.18467004024919076,-0.06874282600757527
1.71375,-0.09853518055158111,0.1890974098880444
1.713875,-0.02985058863086545,0.15041088773912367
1.714,0.13393284145155762,0.07732352021309254
1.714125,-0.09822230898870105,0.10387225348917563
1.71425,-0.4122153931627538,-0.06503714021966564
1.714375,-0.260583977758793,-0.1390534643812519
1.7145,-0.0032679351648321787,0.18174455910964993
1.714625,0.16125132086752786,0.12705024938540713
1.71475,0.03137627907624592,0.17004574471211356
1.714875,-0.14532310847546498,-0.2583833314974162
1.715,-0.2662061043466121,-0.14701810212811708
1.715125,-0.3632358794855015,0.15455622236399671
1.71525,-0.26819507497498585,0.11858818552344902
1.715375,0.20010662681500274,-0.05122291148880914
1.7155,-0.18472063146581946,-0.12313058217863383
1.715625,-0.6994351526206298,-0.08636055944643337
1.71575,-0.3193058651537847,-0.16315010052507495
1.715875,0.08511577041134392,0.011884408179666133
1.716,0.3045749363344896,0.2597529404259585
1.716125,0.03471070725590861,-0.058143544123235726
1.71625,-0.1689754378114525,-0.4022389284756875
1.716375,-0.4186903440531886,-0.18196107979573828
1.7165,-0.3351553776594947,0.1351712835911437
1.716625,0.0015055995281122423,0.041291010402569835
1.71675,0.18499301025365206,0.06499705838867846
1.716875,0.08988837525137837,-0.0612549471596191
1.717,-0.2484693399662044,-0.15228887455822795
1.717125,-0.24685379775881763,-0.3792349761914718
1.71725,0.15806165814327677,-0.13133381522337303
1.717375,0.37962830837711253,0.2435518477701751
1.7175,0.27826162962585116,-0.007227887541648636
1.717625,0.06071087652291444,-0.4193382744259214
1.71775,0.056634691414263395,-0.2609168707565217
1.717875,0.0697438705916155,0.11903079773530831
1.718,0.29252450070508906,0.17108764295993706
1.718125,0.5243196409370117,-0.0497036155825251
1.71825,0.24689160627184148,-0.252085354747897
1.718375,-0.28298684854675604,-0.29517031893353013
1.7185,-0.2667224087216254,-0.30676187635872465
1.718625,0.05393970460649496,-0.08226074668569106
1.71875,0.5185163964910527,0.11601518228411553
1.718875,0.21092416291099164,0.1074028178548388
1.719,0.005673314464944552,-0.06760782422755708
1.719125,-0.17723637853786725,-0.12339129450332126
1.71925,-0.1479202503069586,0.19074052081245624
1.719375,0.09365584013649352,0.4070994261559063
1.7195,0.14508050464702757,0.09064676299116645
1.719625,0.26066525006389074,0.06710665061265791
1.71975,-0.18800329224401852,0.2008716196913434
1.719875,-0.032027339607363675,0.12837413826514488
1.72,0.3276676811843096,0.13667203904251787
1.720125,0.36544794669605724,0.15464844577413803
1.72025,0.04669061654652739,0.31139476049533876
1.720375,0.03787014644330093,-0.12953227679116028
1.7205,0.16964636580583076,-0.31160222943682286
1.720625,-0.04114614567687342,0.21926604792726145
1.72075,-0.006917380966582829,0.46144081145792887
1.720875,0.1025399188171327,0.1095204271253975
1.721,0.2759856763528038,-0.11802438824823715
1.721125,-0.21567900032181928,-0.11169985702774794
1.72125,-0.26519077497541693,-0.024410772018843608
1.721375,0.09774575684164576,-0.06997678571614742
1.7215,0.3445967230682869,0.26535849927400484
1.721625,0.07445149703461608,0.03932331557227406
1.72175,-0.1702261027189894,-0.30615018616179623
1.721875,-0.273385971228655,-0.22726694157210117
1.722,-0.19567416293431975,0.30279443816050783
1.722125,-0.16168037021794415,0.42399568515188424
1.72225,-0.10527938953424333,0.15975221620291918
1.722375,0.10390094613095016,-0.17266281329467345
1.7225,-0.09343112504120947,-0.004394233846108202
1.722625,-0.3754061191834624,-0.04020077949973651
1.72275,-0.07412702975069146,0.01587822920454556
1.722875,0.25968221585871787,0.09268903944106299
1.723,-0.04911233506184663,0.1111288992393324
1.723125,-0.15996184112511827,-0.15500787061614912
1.72325,-0.09314869248642325,-0.4224010657865488
1.723375,0.017156842018726186,0.06344890669516721
1.7235,-0.04341122668925045,0.2574678157994316
1.723625,0.010706191284684096,-0.047865688005197686
1.72375,0.04603547110301548,0.014423460327849106
1.723875,-0.3594919301240693,-0.2633692004425251
1.724,-0.46859614095099483,-0.2352127109586376
1.724125,-0.23947322845488098,-0.04939678109497797
1.72425,0.23089848483922615,0.12304318632043716
1.724375,-0.014447886659331992,0.2409626187184497
1.7245,-0.3640728383480238,-0.23884025571616202
1.724625,-0.4579713607184028,-0.33763654032900586
1.72475,-0.12240488947233526,-0.17155837509903377
1.724875,0.008388548569844,0.21052892508887322
1.725,0.14697111758295203,0.008049828774036113
1.725125,0.33064995947939624,-0.3043038427356512
1.72525,0.13945550356026137,-0.17698901508194903
1.725375,-0.11887385551109289,-0.03909380736701027
1.7255,0.0984840178939142,0.07818374491201618
1.725625,0.2855924246783775,-0.1426948145256118
1.72575,0.08282956330392828,-0.05307020974530339
1.725875,-0.07285755402978435,-0.31430003206163554
1.726,-0.17263470444159817,-0.44853979763421076
1.726125,0.11807579199323201,-0.1473304402989546
1.72625,0.2699539790372605,0.14457510057890735
1.726375,0.4843552409437783,-0.01849873380987926
1.7265,0.5687440960810359,-0.35639974668407964
1.726625,0.19869418046914394,-0.28215965992337466
1.72675,-0.27741866345742844,-0.11125821432166791
1.726875,-0.1178371230995426,0.03703487163597754
1.727,0.2879817411389608,0.19633933265893838
1.727125,0.38078884287545867,0.2342839085012141
1.72725,0.06200376872147503,0.055413810977353456
1.727375,-0.16214923258295902,0.006757693884722613
1.7275,-0.05398390586838017,0.06255407482979715
1.727625,-0.1082780865828176,0.24453738954142806
1.72775,-0.009094281565650236,0.12266769590278412
1.727875,0.12304917306428238,-0.0913470612648306
1.728,0.012477190106897611,-0.12265373408939635
1.728125,-0.21102233092479272,0.040220047172680434
1.72825,-0.2094322119851438,0.2890350617061963
1.728375,0.09045156016069444,0.37527435306667634
1.7285,0.0569435784055329,0.46092982148763445
1.728625,-0.20046228127462046,0.16436840817461443
1.72875,-0.220831382126144,-0.27346424787421
1.728875,0.08723246636713075,-0.17890743349567634
1.729,0.1867169937833907,0.28160228168115414
1.729125,0.13082274951403344,0.42673479623994326
1.72925,0.08310609087042227,0.08312758166066796
1.729375,-0.14869038381188132,-0.11059449155023804
1.7295,-0.31885418184071773,-0.22573979611977482
1.729625,-0.20412512610628997,-0.10928538936317841
1.72975,0.4600788947030234,-0.053337378482672705
1.729875,0.31083002510777785,0.2595393917185235
1.73,-0.06856877432660574,0.14976293643192548
1.730125,-0.25698530923167406,-0.22962969708175257
1.73025,-0.19288470480419062,-0.17062389915480866
1.730375,-0.016680586996431195,0.15662330898590102
1.7305,0.09135077761043672,0.21113998673908516
1.730625,0.012399384982035007,-0.1960350821166794
1.73075,0.1343641383399525,-0.15743455866371203
1.730875,-0.15294095571635835,0.08525726787844218
1.731,-0.1425585465404971,0.16038301695482973
1.731125,0.15377197809277032,0.12099449124037373
1.73125,0.20278961814694493,0.002973438391010305
1.731375,-0.08471089423306553,-0.06002428648115684
1.7315,-0.18149650764898648,-0.3839665209354636
1.731625,-0.08187519178724172,-0.16491632210055238
1.73175,0.16018364606764673,0.21043279516423585
1.731875,-0.04335499643734943,0.18459497264736058
1.732,-0.10401281014180735,-0.03067154970526178
1.732125,-0.3696211610571842,-0.24702999884683158
1.73225,-0.24678355488801823,-0.06650669011231446
1.732375,-0.28825723244305196,-0.029541422812488567
1.7325,0.044460903711660685,0.12060745810493212
1.732625,0.14320670546623876,0.06538903794577157
1.73275,-0.06833744169829314,0.013745031099509634
1.732875,-0.5197527088695164,-0.1117080469448899
1.733,-0.21371424881039353,-0.2566454369785546
1.733125,0.06031660067577629,0.23982059398782468
1.73325,0.2926153413766649,0.0956027663441022
1.733375,0.07943615269087256,0.04073002644923614
1.7335,-0.03755652867500158,-0.26638649467028935
1.733625,-0.3951379186795698,-0.13653605524024653
1.73375,-0.1857993054752935,0.07575728652858738
1.733875,0.07335901241581297,0.02993023826492099
1.734,0.62756909181701,-0.1320355758382086
1.734125,0.27475041371781544,-0.01667311086580307
1.73425,-0.14124330197572338,-0.35366497063426583
1.734375,-0.07918508137287404,-0.46246178785695186
1.7345,0.3045545688938116,-0.12714807332252437
1.734625,0.36173450370834537,0.1376566137736541
1.73475,0.33582378232564947,-0.10381841979924529
1.734875,0.19822315025081483,-0.44839638031139645
1.735,-0.15890994015226972,-0.13047314086777653
1.735125,-0.18367696817943313,0.030167268774115324
1.73525,0.02404656470936478,0.21084236341574136
1.735375,0.47383400546471033,0.11151418036750044
1.7355,0.06841463669682969,-0.026853103544705655
1.735625,-0.34386946910340194,-0.25547509634329424
1.73575,-0.1919657386908283,-0.1840276809624551
1.735875,0.2118165342323254,0.23745462618831548
1.736,0.3188438762510406,0.5706326281798246
1.736125,0.22165947937400315,0.1810786500664446
1.73625,0.2984782618407752,-0.19611103018479883
1.736375,0.260514036429942,0.07268908899436172
1.7365,0.15336977454405698,0.16977818256800797
1.736625,0.04786697030892194,0.23522292131490896
1.73675,0.2006220891120572,0.17286458185637182
1.736875,0.3173742818220694,-0.003512468552076704
1.737,-0.13943832413585372,-0.11066430338863358
1.737125,-0.351024195704994,-0.1032362090670229
1.73725,-0.00414125937449945,0.28477472443283897
1.737375,0.321997027408193,0.3954971177239322
1.7375,0.08832150499555338,0.06559245398823436
1.737625,-0.19603756243255688,-0.28132897122831624
1.73775,-0.17581886089824503,-0.3202473308169128
1.737875,-0.02865433001666507,0.13019280649615345
1.738,-0.013482571198987171,0.26611979187474427
1.738125,0.09511740286454567,-0.03604651263783387
1.73825,-0.006972602329154285,-0.05752398637966217
1.738375,-0.2578320101597322,-0.025797178095616186
1.7385,-0.28846000843024766,-0.03221557682721702
1.738625,0.20278254469371793,0.1778616586482523
1.73875,0.12353166962611849,0.35459569677232156
1.738875,-0.3426361490379292,0.27072210888766857
1.739,-0.21584054739018121,-0.15284372515619263
1.739125,-0.05378324766174859,-0.175515011135314
1.73925,0.03578967572960669,0.008438722488870528
1.739375,-0.17863397794511315,0.2040361140612066
1.7395,-0.047252651890895864,0.1922420408405457
1.739625,-0.0608400769328268,0.14499565035185322
1.73975,-0.16607585697942565,-0.3136870895377883
1.739875,-0.3058356679771849,-0.2740530926924181
1.74,0.019784799558426883,-0.036587274395101246
1.740125,0.10287870378029387,0.2233945749487159
1.74025,-0.05283789303593822,0.12427464622605787
1.740375,-0.27960769833276766,-0.3548210444194353
1.7405,-0.35594702302349446,-0.19956261732543756
1.740625,-0.4172040082596746,0.07769508294756647
1.74075,-0.1685871817331813,0.14738073223224066
1.740875,0.17716657814300482,-0.09187347060739937
1.741,0.04994325062768266,-0.08638216127950406
1.741125,-0.3846541158970815,0.08376962947746829
1.74125,-0.2689779613749924,-0.08858714297885921
1.741375,-0.1058446170137185,-0.13418937055655109
1.7415,0.1887635836172954,-0.002911266363067465
1.741625,0.17619751828121147,0.021297308845047186
1.74175,-0.13065445107670073,-0.15971757686849078
1.741875,-0.02374246563549073,-0.2825497330702889
1.742,0.11985519042076609,-0.013985821419525497
1.742125,0.08497009321085701,-0.04845819532910003
1.74225,0.4044621512015922,0.00859369016391522
1.742375,0.28727536364921213,-0.4478091391225809
1.7425,0.10358376117907968,-0.405348957158995
1.742625,-0.2893667308668249,-0.19676205131688787
1.74275,0.007331344374438802,-0.06647952638505798
1.742875,0.4146546303348014,-0.04076933185349895
1.743,0.3867653154182215,0.03213770432460798
1.743125,0.10883426954615442,-0.22605707748918064
1.74325,0.11323722046691657,-0.4865903938781838
1.743375,0.04746345065924471,-0.06347405306155714
1.7435,0.045250544071916386,0.13606657942146844
1.743625,0.10821412966236968,0.07406604130193499
1.74375,-0.014102273905235208,0.007303006169055989
1.743875,-0.05899905590071821,0.09048915795306946
1.744,-0.2345201979906917,0.24586782342119703
1.744125,0.07851994865364945,0.11738985803245376
1.74425,0.43801347996066403,0.29670315784262574
1.744375,0.37602494955565074,0.2489911005437796
1.7445,-0.08786557393971017,0.03765025369742803
1.744625,-0.048119986263656954,-0.26005494645842553
1.74475,0.2161252013651382,0.0004115204014134003
1.744875,0.20212936026150183,0.14992008589474498
1.745,0.12995490224008452,0.38875540280038495
1.745125,0.04231197636395643,0.022437875292097967
1.74525,-0.12009143901983237,0.07178287393255939
1.745375,-0.2319477727915623,0.030138129821227485
1.7455,-0.007349568268612686,-0.052178315133571365
1.745625,0.3815478275751231,0.11353428806970718
1.74575,0.2106823831658483,0.1005103359018216
1.745875,0.03637988366648768,-0.2048987854211543
1.746,-0.044289542354443504,-0.1709629043734428
1.746125,0.0562948529289874,-0.0796780412613947
1.74625,-0.02776728773048607,0.2720845534109217
1.746375,-0.03659544903652703,0.21991290058120394
1.7465,-0.08363635771033663,-0.056020765258484144
1.746625,-0.06127217211516488,-0.2040643137858371
1.74675,-0.17909305392619018,0.09236183025909109
1.746875,-0.07381134858540454,0.1760527143318846
1.747,0.23632293859826267,0.01697749388384111
1.747125,0.07192745491070883,0.09916277536481267
1.74725,-0.19963693455158454,-0.15388418253966774
1.747375,-0.29367670459975737,-0.2585137784707835
1.7475,-0.06346682392451598,-0.007139193158898517
1.747625,-0.05346980010693809,0.30833439605053226
1.74775,0.10935059732168481,0.3172432810191879
1.747875,0.01990940956141153,-0.1858825539399211
1.748,-0.12341526312819806,-0.04891415416220328
1.748125,-0.4097066790158264,0.1501718910396698
1.74825,-0.3621617078823545,-0.02324742641063924
1.748375,-0.10763674644099391,0.016646739463556024
1.7485,-0.21739739258538682,-0.07762208050021849
1.748625,-0.2643027975549724,-0.0012758910408225727
1.74875,-0.14390275014918108,-0.26769938405873417
1.748875,-0.09820791916087142,-0.22440706863989734
1.749,-0.12495127190086362,0.09479940052966929
1.749125,-0.03809970000672088,0.09719056619553032
1.74925,-0.09226895148865064,-0.267636289922901
1.749375,0.059499167129259935,-0.13616469951446764
1.7495,-0.09380937781258211,-0.06308610237662488
1.749625,-0.056157305009662796,0.01854532751392803
1.74975,0.007708514794810802,0.10425968069398349
1.749875,0.20357226448588803,0.14444950666624284
1.75,-0.18548394759967002,-0.09380786560412938
1.750125,-0.31423188847295064,-0.31818777545834326
1.75025,0.14302599908325833,-0.4476501561650298
1.750375,0.25447961337763475,-0.20429471173074132
1.7505,0.16746594468190432,-0.0880683030249759
1.750625,0.09975052507425515,-0.36389663633390407
1.75075,0.2064386272222239,-0.32117204826337603
1.750875,-0.14652585494871456,-0.05092023669797289
1.751,0.02312391483967882,-0.03162576893976496
1.751125,0.17740358956368715,-0.17212086852146835
1.75125,0.30925410463332415,-0.0162514777069643
1.751375,-0.11621246419851254,0.00320884991498973
1.7515,-0.013123192856345523,-0.10560393968836336
1.751625,-0.021743244359217425,-0.1069243980377999
1.75175,0.24505904293641287,0.24519369850910405
1.751875,0.22266269185562085,0.18652734204365173
1.752,0.10843570268663008,-0.029205620819478518
1.752125,-0.27618933148278446,-0.24119154700919962
1.75225,-0.263696012485866,-0.027453275755491436
1.752375,-0.1548025980119598,0.1717678922651102
1.7525,0.28287953609131705,0.18186473099236716
1.752625,0.32267718730476813,0.18511249844366615
1.75275,0.24354370318352692,0.1654728006738358
1.752875,-0.08484108739079571,-0.0607312117758145
1.753,-0.06503848568461473,0.07811673468515304
1.753125,0.20998627182484556,0.3008353670899489
1.75325,0.24112530845626026,0.28854976297001433
1.753375,-0.1104322591316271,0.09930453324997103
1.7535,-0.04322746309656703,-0.08000355898673508
1.753625,-0.13811191593837766,0.006090307045676735
1.75375,-0.07347728240251118,0.1880776111514382
1.753875,0.16970743459706586,0.06867102073700956
1.754,0.29125643703061804,-0.060368492757858654
1.754125,0.08410935238961392,-0.14314321747979036
1.75425,-0.1945215582463249,-0.23062742453772542
1.754375,-0.0660344429134149,-0.04316438225540326
1.7545,0.0614943226218202,0.12293098633825232
1.754625,0.03433960277431548,0.37871691727810836
1.75475,-0.058583870938515324,0.016209786600799202
1.754875,0.12556978671528107,-0.06983577410786597
1.755,0.01051882082794105,0.14293352212665375
1.755125,-0.2060283456273489,0.16173809630573113
1.75525,-0.1493477617355834,0.0638401794383164
1.755375,0.08496327162465935,0.05440817245328883
1.7555,-0.05890639330669827,-0.08505163911202566
1.755625,-0.30849894290091934,-0.07019204528534043
1.75575,-0.11850542660386508,-0.1563316356031382
1.755875,0.015907396149184242,0.1089431366375362
1.756,0.3101905382324752,0.29429371956780126
1.756125,0.20432295408422638,0.1357444351742585
1.75625,0.1294077781643942,-0.13730013576970282
1.756375,-0.03896582945935083,-0.1468945188209862
1.7565,-0.4785250780089432,0.12107480123048521
1.756625,-0.17154900458034844,0.14442035879362342
1.75675,0.2549924157003019,0.002369790348403305
1.756875,0.09047946586680984,0.13334374272068844
1.757,-0.21690929818090207,-0.2658703753943129
1.757125,-0.33807315323720366,-0.3080748195364782
1.75725,-0.07110920042025688,-0.07666594067590661
1.757375,0.06715707120216025,0.15241673711939757
1.7575,0.06843387478171384,-0.19926579675938913
1.757625,-0.15751665635216364,-0.2862553240869612
1.75775,-0.3182677407032257,-0.21651424478080375
1.757875,-0.3715784923822015,-0.07108110246807614
1.758,-0.006754556335975639,0.2454231797294535
1.758125,0.2617599026205702,-0.004819818496459316
1.75825,0.2406793554936654,0.028361542588973776
1.758375,-0.2851547417557484,-0.05344576085725105
1.7585,-0.32932096699837576,-0.2584105121514662
1.758625,0.18031095542053585,-0.09511015306764903
1.75875,0.3057683780496502,0.05409181899296826
1.758875,0.005366050572846088,0.16118239664255524
1.759,0.019034842931659513,-0.2669029730329117
1.759125,0.012190423322524508,-0.23799683166741276
1.75925,0.13970571828311515,-0.026299397785495532
1.759375,-0.08471864143049866,0.10208137502747842
1.7595,0.11388051523761687,0.17535680387682973
1.759625,0.23211739711103452,-0.2541161059767847
1.75975,0.057774718923838383,-0.3483865848809588
1.759875,0.19981583011573453,-0.25802934386160314
1.76,0.2984549880354382,-0.010125142751019337
1.760125,0.08346506257694628,0.27842065690080514
1.76025,-0.10878441368223477,0.147310003593837
1.760375,-0.11682058384267974,-0.30406872671143864
1.7605,0.1315073497941315,-0.2505732732616158
1.760625,0.06734097163144656,0.1423639723086176
1.76075,0.027711360890936638,0.28952983816810063
1.760875,0.4660811248039655,0.06752563653614198
1.761,0.4037644050276028,0.054192136127514653
1.761125,0.038956579311510184,0.07066713391746346
1.76125,-0.1996640987868504,0.08941509819537194
1.761375,-0.14037207203162455,0.1222490850635831
1.7615,0.14012219308897364,0.2167133566061198
1.761625,0.20291559736316286,0.2995083088287797
1.76175,-0.012421794577827546,0.07627759406025124
1.761875,0.03609811928340405,0.01491780053267866
1.762,-0.15723158778005747,0.12548613696607286
1.762125,0.00949686176483674,0.12940831122810995
1.76225,0.021348789948150548,-0.08119075077471914
1.762375,0.2559672619704859,-0.09052982190335467
1.7625,0.052552238462120815,0.11414796323002031
1.762625,0.04231445567822375,-0.011764449724940096
1.76275,-0.021570781112786555,0.09409633629258467
1.762875,-0.020252982287582263,0.23242860309825283
1.763,-0.16788535058627052,0.3912690672459423
1.763125,-0.054974625694888576,0.021744610670440485
1.76325,-0.21324238657960315,-0.24781785355110814
1.763375,-0.04769979281354248,-0.19279347616073145
1.7635,-0.28382724787666086,0.2761104241147222
1.763625,-0.15216777692945116,0.013167352684281267
1.76375,-0.05430808003212892,0.02957405922643313
1.763875,-0.054255015892378425,-0.07665321279314154
1.764,-0.3246097061950512,-0.07673029540648367
1.764125,0.16427217808304645,-0.13860343401222283
1.76425,0.3547050626322713,0.13376027709961502
1.764375,0.08290559370306667,0.37406559752465685
1.7645,-0.2320071216786407,0.05062134158665952
1.764625,-0.15355882791743167,-0.080178874100411
1.76475,0.018843555080016304,0.03726798256437981
1.764875,0.12742690271051732,0.01845969541659221
1.765,0.09074278071851705,-0.07125694417535823
1.765125,-0.1415426731456498,-0.06212385976771022
1.76525,-0.3329213528176601,-0.18769468076673745
1.765375,-0.5195562462600346,-0.06853689246679183
1.7655,-0.01310913184210589,-0.13043433651999609
1.765625,0.179356035275672,-0.1715534029860971
1.76575,-0.038464785718052376,-0.05868614395912315
1.765875,-0.5177117197606825,-0.14145601424256862
1.766,-0.26714164408879826,-0.014620869610091321
1.766125,0.046522958266030555,0.016149704166473364
1.76625,0.26573665341735153,0.3124335516984904
1.766375,0.1638936089388186,0.06803358593221807
1.7665,0.14965465196558234,-0.2568221766704958
1.766625,-0.1256089551736996,-0.13516501615594578
1.76675,-0.41101293841987213,0.12753260735432084
1.766875,-0.10313299279570443,0.11064370173334598
1.767,0.31501199959648346,0.04489868042344561
1.767125,0.3435987417449748,-0.13514812309794147
1.76725,0.06321104352640547,-0.29071285254550194
1.767375,-0.15926648765879303,-0.4675888144554007
1.7675,0.08989624734810281,-0.2183077652601492
1.767625,0.26407976149974927,0.08095083450717766
1.76775,0.3685079477865058,-0.038756100283356784
1.767875,0.21285735936026667,-0.3663151245144819
1.768,-0.0795286218014499,-0.2503743765511483
1.768125,-0.18155263421928264,0.0890890318954083
1.76825,-0.19705340499661586,0.3231773479205748
1.768375,0.39640716700529427,0.10531233243322742
1.7685,0.45551685144438187,0.0366555157166878
1.768625,0.17233124143816456,-0.10688086996644947
1.76875,-0.2017032129697612,-0.3885014332315755
1.768875,-0.1405717214887209,-0.07157494039291541
1.769,0.048543490210722066,0.21238395555858908
1.769125,0.12641664119581295,0.15387020003450583
1.76925,0.17146803963664903,0.06637358951124869
1.769375,0.13397806295451817,-0.04803585411448597
1.7695,-0.16039591833765557,0.0982722460628098
1.769625,-0.14227373309800534,0.16495704546820258
1.76975,0.24957052049693643,0.33865025901052703
1.769875,0.42653253743664427,0.26122275990705884
1.77,0.14703610965390568,0.0494026320154242
1.770125,-0.1637843334192758,-0.17053616932836888
1.77025,0.08590660317541554,0.010807144320520278
1.770375,-0.04629397609034645,0.3324175536045086
1.7705,0.07703740412595954,0.399368663269883
1.770625,0.09537012029438902,-0.011729430356116984
1.77075,0.07251793982559349,-0.15412400672293114
1.770875,-0.14606350737731588,-0.04501742017678631
1.771,-0.05213001280673833,-0.004917349807125204
1.771125,0.11468517819365708,0.0606307373525259
1.77125,0.18032760124134242,0.17443827237767376
1.771375,-0.2980572415755994,0.05196281740248813
1.7715,-0.3917075719874093,-0.13260825110103835
1.771625,-0.15134530072418736,-0.18391186220266809
1.77175,-0.013459965462219706,0.2729979942371234
1.771875,0.18623359889985064,0.49036717677588443
1.772,0.020279898827548996,0.1505985315414197
1.772125,0.010006351674966866,-0.010286994425920645
1.77225,-0.13362889872707276,-0.05799293409712743
1.772375,0.14838864903341165,-0.09056249806105215
1.7725,0.19377329955356123,0.1122404068228155
1.772625,0.2810339031791331,0.1128837998481745
1.77275,-0.1001582137261272,0.23460585536820705
1.772875,-0.4532576753787587,-0.03690999676155672
1.773,0.048943506897546646,-0.07537424343789906
1.773125,0.1064989179147229,0.010591935570641258
1.77325,0.18486755577022454,0.12353245566722376
1.773375,-0.15611276955862113,-0.1788421757621865
1.7735,-0.23326108698568326,-0.5155428854719134
1.773625,-0.21546107147059787,-0.3450664198481461
1.77375,-0.45793001989483484,0.046518370821766554
1.773875,-0.05511019298184657,0.109887666533865
1.774,0.1735494287238015,-0.10344710838248931
1.774125,-0.31051843764509607,-0.08694244866498985
1.77425,-0.5240068549440674,-0.013448360557813174
1.774375,-0.3692342120292101,0.06384199786647725
1.7745,0.12322413301683817,0.11838990495171808
1.774625,0.16803447492935494,0.32651412312285016
1.77475,-0.005954019075662162,0.01994635769257485
1.774875,-0.15696046563360733,-0.3547800220878518
1.775,0.03750049725140098,-0.15633139792069972
1.775125,0.08057898918399514,0.08571745958492683
1.77525,0.08446335093370916,0.19724803380277153
1.775375,0.26734204453704524,-0.08644470559364252
1.7755,0.25740377706657547,-0.1269147232124287
1.775625,-0.0578839968675161,-0.30970939267238
1.77575,0.0854944833163194,-0.3726585754463871
1.775875,0.4320979765409138,0.0288853836832336
1.776,0.16260501106715164,0.1724194600425843
1.776125,0.13901970382375184,-0.2871455363712954
1.77625,0.07492526364289245,-0.43029484573622645
1.776375,-0.07605267517287173,-0.28047442076032614
1.7765,-0.18604855717892615,0.09955955937830592
1.776625,0.009537566442243826,0.10551879052157176
1.77675,0.5749159964474904,0.05791336453794531
1.776875,0.4162804991593811,-0.12742320858309075
1.777,-0.21640871498035316,-0.1340639787994765
1.777125,-0.26536287986023144,0.01874510939507617
1.77725,0.02909610279638833,0.1769085319613379
1.777375,0.19445336597042928,0.3892505123715804
1.7775,-0.03746420099764684,0.2594618585852981
1.777625,-0.02459898180067029,0.01321811547199473
1.77775,0.20348328282714023,0.11104676400360797
1.777875,0.12671198073432807,0.23098733030026475
1.778,0.3046667514052034,0.28845484016088424
1.778125,0.4572948181221321,0.033590411845694376
1.77825,0.27161634808324064,0.18592596336085396
1.778375,-0.33671307353662006,-0.11946055433791598
1.7785,-0.24004719690477347,-0.2789107521707736
1.778625,0.21544855298600887,0.1024435050661471
1.77875,0.21473245003676275,0.5255517294071275
1.778875,0.046764482643747836,0.21961879866210648
1.779,-0.13490511727063614,-0.21276399659081155
1.779125,-0.0076915769541577965,-0.33882113571887845
1.77925,-0.17749639704232265,-0.07506988920421064
1.779375,-0.011850485434834064,0.07234490491883536
1.7795,0.2932974632208598,0.03799103614448114
1.779625,0.09322778988380395,0.0528023619302279
1.77975,-0.37322326722519344,0.060619180597894035
1.779875,-0.6164310084915049,0.10860212048911934
1.78,0.08030231188992215,0.2492583482131058
1.780125,0.20552823442084414,0.4599422429870186
1.78025,0.12427147750385574,0.2154287205825342
1.780375,-0.08042176006786766,-0.2021016295786314
1.7805,0.06044206614118409,-0.2754106502949845
1.780625,0.04261416067121723,0.07769604054202188
1.78075,0.02388411375653162,0.07814531190615866
1.780875,0.15611910070551704,0.11887195434412388
1.781,0.23200954855164904,-0.0623988180116052
1.781125,-0.3749303305899284,-0.18006727674053224
1.78125,-0.4659446816551894,0.05481024339164626
1.781375,0.01517874700080167,-0.0015418882833272563
1.7815,0.08158991908137479,0.20373948958333157
1.781625,-0.02654401467386155,0.11777958245312695
1.78175,-0.44242770420409655,-0.43566625919714536
1.781875,-0.29535667721854003,-0.5216204665247698
1.782,-0.17110259766301864,0.09971142612598652
1.782125,-0.06594499278085554,0.16999212229462982
1.78225,0.12661013971493873,0.08536692136740978
1.782375,0.1876630137312843,-0.10209120250705268
1.7825,-0.4591645108822115,0.04477399490083915
1.782625,-0.6875791597715257,0.02521238201184279
1.78275,-0.25738732338867093,0.13150260403338482
1.782875,0.34936945185063106,0.16230864550091229
1.783,0.029033050936650543,0.07267806293659054
1.783125,-0.2352490960810283,-0.17328387618194954
1.78325,-0.0731185332504777,-0.4571268379795855
1.783375,-0.060058335558239584,-0.07322243231586065
1.7835,0.06329484834676401,0.2482152145314704
1.783625,0.07166258185934588,-0.10332972297861387
1.78375,0.3062977938836816,-0.2550698238865603
1.783875,-0.022144368081098223,-0.25079179089148607
1.784,-0.3473457651213877,-0.18104706617924532
1.784125,-0.014488380739109132,-0.11963250458852032
1.78425,0.5231159241685716,0.2268566884158093
1.784375,0.2379048843779637,0.05637278570492753
1.7845,-0.04914623077127732,-0.2603023285894966
1.784625,-0.1293812341837682,-0.5665362597717567
1.78475,0.005738370377220064,-0.12392960417627732
1.784875,0.08508884638414557,0.2980131852254145
1.785,0.2436989374640188,-0.07313595628915424
1.785125,0.3335700261438696,-0.17982538430395015
1.78525,-0.09139642149646418,-0.11755960069096043
1.785375,-0.41853080390110114,0.23516522981051416
1.7855,-0.10204204213944433,0.1765139207765737
1.785625,0.5223223498300262,0.19480526967471276
1.78575,0.5588850254528765,0.046210917439083773
1.785875,0.10644507068737821,0.08024837948358263
1.786,-0.10261184637546732,-0.2728401932526011
1.786125,0.007363094342062995,0.09475861555932158
1.78625,0.20168112837601204,0.5431771260236695
1.786375,0.17668074492279337,0.35080678495102385
1.7865,0.23256333851301209,0.06483726177493887
1.786625,-0.21406840138591057,-0.07378845612017508
1.78675,-0.4042282121762781,-0.020474955062744476
1.786875,-0.08752126386747576,0.06616115835928243
1.787,0.3821627554616677,0.23379941979476163
1.787125,0.06584677883249282,0.16696240268300652
1.78725,-0.16809350593143482,-0.06227657625488166
1.787375,-0.3536014319723076,-0.25160536337140355
1.7875,-0.21032407762477026,-0.0027799634435376926
1.787625,0.22341941906163051,0.6884064868638023
1.78775,-0.013286800628887952,0.49481319335672863
1.787875,0.08498759736905442,0.1859978291470655
1.788,-0.298813231335834,-0.12097796822864006
1.788125,-0.3035154671417997,0.0929929238578142
1.78825,-0.07448697963787211,0.10624234832914539
1.788375,0.26434161145441615,0.24486038656802472
1.7885,0.28217110608166807,0.11951657810785518
1.788625,-0.12787329847341247,0.03533787864700002
1.78875,-0.3842212864020994,-0.30884132502353934
1.788875,-0.08860065480808613,-0.1579211524290659
1.789,0.22644419641886188,0.39267998027152157
1.789125,0.12345127052099554,0.24352434155731198
1.78925,0.15214009016121013,-0.008482325574404075
1.789375,-0.022026617755682293,-0.2616846497854054
1.7895,-0.30441865388204764,-0.041771944644984085
1.789625,-0.3643014244960626,0.022869566415132495
1.78975,0.08600670343917566,0.1522231545362187
1.789875,0.1909191902612561,-0.09974957718305116
1.79,-0.35112630944992945,-0.09736481035262931
1.790125,-0.618759995888974,-0.2756090367843668
1.79025,-0.3352472318005376,-0.1832255392629254
1.790375,0.04191540507954009,0.21456737467874817
1.7905,-0.16850654473934631,0.18236174443501782
1.790625,0.11092072286179383,-0.11643064393800098
1.79075,0.017148541626975263,-0.28772842237044516
1.790875,-0.23457254396800292,-0.008693664988572462
1.791,-0.2480994719209425,-0.03999697919122181
1.791125,0.2078743146716091,-0.08389480904231103
1.79125,0.23764487551521482,0.12596503564211245
1.791375,-0.06121543776305432,-0.14621175894092103
1.7915,-0.2559383907461659,-0.3379680036566849
1.791625,0.008263544904392702,-0.3939328376286765
1.79175,0.39404534011218656,0.019211622700063217
1.791875,0.36523384206440007,0.08563785435946107
1.792,0.25258572960439274,-0.16950065614452092
1.792125,-0.011671336034844515,-0.32816725954250664
1.79225,-0.3279345244614714,-0.07025535837504628
1.792375,-0.2555834965468467,-0.07239386982047115
1.7925,0.20167254275345461,0.13675007106700662
1.792625,0.5056136774404121,-0.0859805650946293
1.79275,0.2531195882725935,-0.08445403705674284
1.792875,-0.12926616591341522,-0.4076732527385939
1.793,0.13381585183186673,-0.2577759950663041
1.793125,0.358890099956314,0.011971211630561193
1.79325,0.18646991388212705,0.3040613517599893
1.793375,0.033959936037152375,-0.11058502314949953
1.7935,0.014095658546653567,-0.10445248358928655
1.793625,-0.05825168853068221,0.01731219860629083
1.79375,-0.01919469266528883,0.2591486888457657
1.793875,0.16110170315306754,0.41401036173434125
1.794,0.48240117732235854,0.07670504705482714
1.794125,-0.03423114951358563,0.008228124851095807
1.79425,-0.45370117544452576,-0.3344080351819179
1.794375,-0.30068165334912555,-0.19327977543682326
1.7945,0.11091387727042622,0.20649370796906405
1.794625,0.3441513571525146,0.6008751550667457
1.79475,-0.01824160647474671,0.30485820869054464
1.794875,-0.20987066088682754,-0.0728972412637263
1.795,-0.10035852454716541,-0.06348988543791816
1.795125,-0.14110606718560803,0.2633384821210966
1.79525,0.17202004235814872,0.2559288854899901
1.795375,0.5380795152799944,0.09842461778885968
1.7955,0.42702374258514253,-0.03012413858713262
1.795625,-0.21254357440681115,-0.022289172004236007
1.79575,-0.06467932171753187,-0.06215655042626255
1.795875,0.23974890910851043,0.2006859279450481
1.796,0.1338939860531889,0.4869179664385393
1.796125,-0.1422398667993749,0.06665605642525504
1.79625,-0.011448475496876597,-0.41132598512559787
1.796375,-0.24424840443360424,-0.5047884242329842
1.7965,-0.3619225157184271,0.2213400971867015
1.796625,-0.12113862623482631,0.1599547764401379
1.79675,0.36180051886992715,0.0069845950901110425
1.796875,0.30918901205961896,-0.10618547826432406
1.797,-0.4708250871070965,-0.007888996629586595
1.797125,-0.4634314433058571,0.019812893979332873
1.79725,0.0896111071796658,-0.045613233529994975
1.797375,0.44764052250925357,0.45966415968095176
1.7975,0.09794210119090062,0.18872487760236123
1.797625,0.030711585912774522,-0.23704708719995463
1.79775,-0.1447876614073182,0.005390485417820931
1.797875,-0.3380315316099836,0.24191854613995237
1.798,0.12639199874428753,0.03290058325203973
1.798125,0.18670202717986098,-0.21008520825045238
1.79825,-0.0405767400143541,-0.11383783699508536
1.798375,-0.476975862067154,-0.2859648058037107
1.7985,-0.4219062688864242,-0.31866446909299145
1.798625,0.02447825797630742,-0.17896507979003556
1.79875,0.041099806568513246,0.15684072188422798
1.798875,-0.03443159106059162,-0.07762760305685808
1.799,-0.07591579076076935,-0.36228492122348677
1.799125,-0.28971464727548524,-0.2271521648295637
1.79925,-0.3495901969163675,0.17079515016706515
1.799375,-0.061560579729016275,0.26625381791164804
1.7995,0.10538593353389678,0.2768375001575741
1.799625,-0.007525394541081092,-0.15626460610009227
1.79975,-0.3432946090699174,-0.17615105947644413
1.799875,-0.33496780809959215,-0.02985640344451836
1.8,0.18402503656939814,-0.06323079271599066
1.800125,0.35483196082261503,0.23539823381155509
1.80025,0.17229887228510918,0.07247854701129904
1.800375,-0.2937815951877586,-0.3594030657964377
1.8005,-0.11508266264179115,-0.21476334069950165
1.800625,0.012929612704199019,0.07072736111259695
1.80075,-0.09379703215700645,0.10699555985580302
1.800875,0.6249907212277792,-0.11996140467977243
1.801,0.44018133807383536,-0.15248276354570628
1.801125,0.0511922768610795,-0.2586366328180523
1.80125,-0.12986758280802477,-0.22617466833118643
1.801375,0.14047393894287039,-0.2377835916693795
1.8015,0.3673136434134749,0.15989114368552762
1.801625,0.3214393807066791,-0.02080829589832266
1.80175,0.05098461281119549,-0.28254178273895375
1.801875,-0.04629438993106328,-0.36272722723733325
1.802,-0.06952214497384188,0.08709448376006751
1.802125,-0.11102650768513356,0.2970966312309752
1.80225,0.20552802312423235,-0.024918549095049904
1.802375,0.5602883313398392,-0.05087053789775134
1.8025,0.07682775116984034,-0.07963839846659487
1.802625,-0.39774726945007843,-0.012793674904533913
1.80275,0.15161609907097684,0.16684993307387366
1.802875,0.3329705302069308,0.44681038318792465
1.803,0.03987671032202254,0.5476937737530145
1.803125,-0.36934903333742997,-0.0769177516056696
1.80325,-0.0591954012272718,-0.25967858240891134
1.803375,-0.1082201938216267,0.2263365114995108
1.8035,0.06552323668850035,0.37088824404648507
1.803625,0.24466247489550796,0.23389242049606504
1.80375,0.25480555509585545,-0.03009154979959762
1.803875,-0.11907785199774928,0.06315670482781605
1.804,-0.4065655677356185,-0.12850323411307288
1.804125,-0.003940481846902802,-0.03031020995755132
1.80425,0.3622041955294444,0.16837754609257663
1.804375,0.17537795628179234,0.34679719327015435
1.8045,-0.2370669553722342,-0.12554975482981304
1.804625,-0.10732048573488609,-0.4211229545595494
1.80475,-0.08407039717806467,0.2406165618006292
1.804875,-0.07637089623394597,0.25775058324863864
1.805,0.08168189395498188,0.03824655509143034
1.805125,0.1292666939752098,-0.2733575833637033
1.80525,-0.20735503777647762,0.0011890123234253919
1.805375,-0.26638368005840807,-0.06473495991224393
1.8055,-0.030479339901307904,-0.10552137707277798
1.805625,0.4473561975557318,0.3660158258367213
1.80575,0.26701489000204104,0.38116423952408024
1.805875,-0.1928450580983941,-0.1429026239120409
1.806,-0.2782672272010223,-0.21809002884044768
1.806125,-0.05602493491452117,-0.029336359760492307
1.80625,0.06135490136449045,0.1971295300286676
1.806375,0.09256778772688865,0.13939437566716692
1.8065,0.2664526838598243,-0.25897095194971587
1.806625,-0.1763537453906562,-0.23806342742450165
1.80675,-0.5636966175647109,0.04547842864228509
1.806875,-0.33685047055380773,-0.013548673991900888
1.807,0.07945368477713861,0.09163664840673606
1.807125,0.11192665498750076,0.07113132589678997
1.80725,-0.30512514270848806,-0.053087582381388956
1.807375,-0.6064560459480944,-0.396158729459886
1.8075,-0.11363077248081983,0.13800480869888435
1.807625,0.10594894018130596,0.2826539494678235
1.80775,-0.05566150730394802,0.1687645594323305
1.807875,0.02358701041955097,-0.2805140749803094
1.808,-0.051709681143854776,-0.4080537457801382
1.808125,-0.575010605758342,-0.09602921631150027
1.80825,-0.1272301674212512,-0.1001944176894192
1.808375,0.32780570035987705,0.017102587956771175
1.8085,0.3250178498589331,0.19961198579091016
1.808625,0.016488115414606187,-0.06960567279433733
1.80875,-0.18781456739463634,-0.31590109920953663
1.808875,-0.07069865607412378,-0.5021122529973728
1.809,0.10595522989080698,0.0046009386963957516
1.809125,0.22601228080830926,0.14577975958219677
1.80925,0.23064149500583583,-0.4721023007326951
1.809375,0.14677771390454106,-0.6010798854109783
1.8095,-0.12837633864050407,-0.3227039322201287
1.809625,-0.030303461751674397,-0.005788655883704352
1.80975,0.5252112134559859,0.009603389170829346
1.809875,0.6026329342910044,0.13211627596623685
1.81,-0.07665633312812045,-0.24124215680755343
1.810125,-0.5375573576531971,-0.41123415316459566
1.81025,-0.15929760539443122,-0.17703498982954802
1.810375,0.16688184917371285,0.46598268430685613
1.8105,0.1999470449090489,0.3277241640756493
1.810625,0.23905033265674722,0.011187020765748238
1.81075,0.24442636869500464,-0.30320865476131453
1.810875,-0.29922835335176584,-0.019859227219452283
1.811,-0.1881476943080112,0.3731500500471001
1.811125,0.368445391943259,0.3857737113924108
1.81125,0.5460996211778713,0.15226656354181362
1.811375,0.04907618017235808,0.14484081081637246
1.8115,-0.3133288660597215,-0.07919091057143202
1.811625,-0.1572566525052694,-8.165729630581278e-05
1.81175,0.1635667959690921,0.511535986614911
1.811875,-0.008121963127158736,0.5691030507596885
1.812,0.09247215697342433,-0.01899081890681126
1.812125,-0.028216642545308743,-0.4494321714024464
1.81225,-0.44947271663773225,-0.2420882893477127
1.812375,-0.3077222491907076,0.0032566380912675934
1.8125,0.2891138831802641,0.09102704082134724
1.812625,0.5692703215693391,0.337506935380589
1.81275,0.16541314869980206,0.09495180691892507
1.812875,-0.28397121643951745,-0.25545773695726876
1.813,-0.2651493253467917,-0.3570700889044033
1.813125,-0.023406299837143985,0.14713523446566568
1.81325,0.005600288548711357,0.41536304724459305
1.813375,-0.050179107584906096,-0.004300668709193633
1.8135,0.1624260989479954,-0.33093280986666984
1.813625,0.11087197996451215,-0.13486890433110685
1.81375,-0.2218015507039717,0.09296453105139807
1.813875,0.07123542158543844,0.08425098804245613
1.814,0.29498039917535207,0.12675265263556332
1.814125,-0.048783554775436985,0.02579337232407977
1.81425,-0.4318696535309659,-0.21133071001580048
1.814375,-0.33042155737823226,-0.3125423617866711
1.8145,0.3791410439320514,0.0860530745065186
1.814625,0.2876892641578874,0.6025879625520607
1.81475,0.1737383531486238,0.08856746405159219
1.814875,0.006252804000182321,-0.2834172843016036
1.815,-0.5092281014686132,-0.15584699118042275
1.815125,-0.6585415100894098,0.10706707115163
1.81525,-0.1838994477097699,0.03347590845778487
1.815375,0.25685117802808466,-0.0608413638175932
1.8155,-0.020659890952627352,0.030510604512771163
1.815625,-0.4868263910496512,0.0014085595497298417
1.81575,-0.4918849812507007,-0.15250698089943687
1.815875,0.081589385324063,0.004333915180636704
1.816,0.11530732712400409,0.26527678755962014
1.816125,-0.33916387694835665,-0.10838743395260174
1.81625,-0.28571208808129167,-0.4799498032787755
1.816375,-0.3006126504169383,-0.2568922337168008
1.8165,-0.37154432239054674,0.30087726378108975
1.816625,0.02125452451140491,0.29444056188416107
1.81675,0.45836908527659037,0.03861484222677763
1.816875,0.2430159261422367,-0.21653719173036529
1.817,-0.32783576749872256,-0.3842613471077416
1.817125,-0.23807788436749847,-0.4469838851617891
1.81725,0.3083088152796676,-0.252738465804931
1.817375,0.39180458594953366,0.14372591727199532
1.8175,0.20712248451581888,0.07806392981890471
1.817625,0.19142458989187083,-0.5553945702076619
1.81775,0.08546601489813455,-0.2718137973267108
1.817875,-0.012079918645370986,0.1628567708801099
1.818,0.00937733270210323,0.13114287784043005
1.818125,0.5455495061480056,-0.18226235912586006
1.81825,0.5160914909731354,-0.27682038969620854
1.818375,-0.16551962358084057,-0.27812942535990814
1.8185,-0.2764056965683431,-0.2072536380281263
1.818625,0.17564786092147364,-0.14541362424586357
1.81875,0.5009929256222169,0.27052903513418264
1.818875,0.3729163608544769,0.3679506796749957
1.819,0.0017328746804765346,-0.1523005278873582
1.819125,-0.06608136090270841,-0.1671824144224708
1.81925,-0.1332219123681679,0.30185868658073745
1.819375,-0.08908567518499048,0.4635197122636116
1.8195,0.389808647881906,0.20656002128553733
1.819625,0.27253066704669787,0.15035230498660176
1.81975,-0.04115179234132502,0.06355681642973937
1.819875,-0.4397330945956557,-0.12067924139919425
1.82,0.17676732358179226,0.018742061921281427
1.820125,0.3888138972910119,0.5168721389975872
1.82025,0.18036258767256294,0.31744915013540653
1.820375,-0.04437144961730158,-0.14436638049645645
1.8205,-0.2680719252169183,-0.22896806293465582
1.820625,-0.12368486380245654,0.16338701188432436
1.82075,-0.03176384221439243,0.5814373579103619
1.820875,0.08036161906466983,0.18202618245327526
1.821,0.0013306524308794615,0.055879015456207715
1.821125,-0.47711852732686927,0.012696534856564521
1.82125,-0.3228531586756309,-0.22843721510886103
1.821375,0.16180126405597592,-0.07935734970981867
1.8215,0.3669468785262619,0.27327752362187274
1.821625,0.09140604682899056,0.2876996420393125
1.82175,-0.3023358087579774,-0.2490242971549791
1.821875,-0.18849388706012507,-0.22184361999435878
1.822,-0.24385651268190744,0.20607393103865548
1.822125,-0.1543442684170023,0.4141792957718051
1.82225,0.25192553053990624,0.10420768359128817
1.822375,0.3133279748301363,-0.01558195647296725
1.8225,-0.22195221167745283,-0.0709428369110942
1.822625,-0.44799348774866504,0.01977670165507896
1.82275,0.0006887519594393255,-0.026148149237198024
1.822875,0.7101003316147712,0.22502600320665073
1.823,0.3778341456840233,0.2159053159501371
1.823125,-0.11336689514979002,-0.42540420109347393
1.82325,-0.3639961430674259,-0.31717487932940447
1.823375,-0.35824862098677557,-0.09291244343374001
1.8235,-0.1426925383323611,0.3535284030212371
1.823625,0.27980168314959647,-0.08990151790450737
1.82375,0.1317638233582385,-0.30556348762107866
1.823875,-0.4497433039635017,-0.23748201047641895
1.824,-0.8374857116979012,-0.29922347066739113
1.824125,-0.16020390458512648,-0.0856045090506169
1.82425,0.4431139194953519,0.23743294198114423
1.824375,0.17005420179270953,0.24376329525912083
1.8245,-0.11017804846642582,-0.0951979992429068
1.824625,-0.24654100675587035,-0.486934444351837
1.82475,-0.2257660231945763,-0.05763920240138588
1.824875,-0.08430423790579761,0.49565991130792253
1.825,0.331438204830828,0.21036387971972997
1.825125,0.21115182840185234,-0.18219704750487645
1.82525,-0.0010886015130906735,-0.3103186676994352
1.825375,-0.46212743069340956,-0.0826332827362793
1.8255,0.029237044296335626,-0.1853970877577263
1.825625,0.5514814865793818,0.10821334473443389
1.82575,0.3027844019056697,0.22921073354284668
1.825875,-0.09402660722945808,-0.38923122659266435
1.826,-0.1476742651635841,-0.5934442518787902
1.826125,0.12492624009640835,-0.09971652015666435
1.82625,0.2512854997860034,0.26163752198395795
1.826375,0.23715538216524532,0.20440106218193446
1.8265,0.27549850031027356,-0.27477004524930343
1.826625,0.24600741972724802,-0.27714964605782527
1.82675,-0.3416837499294008,-0.20243004412926818
1.826875,-0.08748227741007279,-0.0031851146958417394
1.827,0.60338948737736,0.15470567965013224
1.827125,0.23755178513223113,0.13590690344517595
1.82725,-0.2811760418113626,-0.0061450956402132875
1.827375,-0.43154643313026697,-0.3934237271596675
1.8275,-0.20101816035394057,-0.042219174971023794
1.827625,0.35182468560118757,0.4787315643797838
1.82775,0.3863264745651206,0.22433898195074573
1.827875,0.4275774400789881,-0.07434009274757404
1.828,-0.2352067829144453,-0.1741613912658614
1.828125,-0.5871306423549556,0.1284664701026448
1.82825,-0.22825764029580234,0.29251708928036885
1.828375,0.2572349669627926,0.3190070728135646
1.8285,0.371268965194739,0.447662723993376
1.828625,0.13166864810763643,0.11168559402697832
1.82875,-0.2219542482004435,-0.20311782424983496
1.828875,0.19218828176592048,0.02626763678345074
1.829,0.38189457048160347,0.5387164894171135
1.829125,0.4145769720267895,0.30485442432844984
1.82925,0.18125578880686216,-0.0875191941321349
1.829375,0.012935677961961276,-0.4729666305478133
1.8295,-0.26059562528308944,-0.04284997005909562
1.829625,-0.1809717326393204,0.2754283049985937
1.82975,0.43222905218268287,0.3095036847609031
1.829875,0.408052387593738,0.28227548993025525
1.83,-0.21838383946327478,-0.19791483726105671
1.830125,-0.5461550404481275,-0.5271938052826906
1.83025,-0.0784757417761418,-0.3294085007887785
1.830375,0.033462154116430956,0.267996069776281
1.8305,0.00905148325277771,0.46825660025545945
1.830625,-0.13529105986340792,0.04072687543946797
1.83075,-0.25293103671006806,-0.2548172593217856
1.830875,-0.5774326737495076,0.017983034084745848
1.831,-0.2175773716348968,0.26701160381932293
1.831125,0.39502045308972655,0.34570602007377516
1.83125,0.4314196201839436,0.21830265223397902
1.831375,-0.1209307766564261,0.02652365958257502
1.8315,-0.63588381660073,-0.4007749369213346
1.831625,-0.43807407961647177,-0.21156884742991006
1.83175,0.21361151469262718,0.3510903093356558
1.831875,0.3801872720090304,0.5032155476996489
1.832,0.08555653760879661,-0.2855962194410192
1.832125,-0.015496417712698832,-0.4777551242568848
1.83225,-0.36796448982424196,-0.04811933399005076
1.832375,-0.389411201022745,0.18974356055208044
1.8325,0.30812573251698366,-0.10562616071922452
1.832625,0.5183766204983371,-0.08838630464761964
1.83275,-0.029820944415667877,-0.2933892288507741
1.832875,-0.5752898542401137,-0.4148835822747878
1.833,-0.412455507696513,-0.45741342123401246
1.833125,0.13728316701283094,0.20335484709721324
1.83325,0.2574527162664524,0.23252547630506804
1.833375,0.13360346549714713,-0.054734647641531235
1.8335,-0.005993636925684715,-0.6149155859174991
1.833625,-0.28983857857686723,-0.31925206810443424
1.83375,-0.4520999810750329,0.16551588117458055
1.833875,0.16362394217257448,0.28656478135211455
1.834,0.6510717711996841,0.1474380763622338
1.834125,0.34296372761423066,0.025670606681821074
1.83425,-0.444459859215723,-0.400789708452955
1.834375,-0.3213803523244221,-0.43832461333184364
1.8345,0.30419225725394944,0.05223971333319469
1.834625,0.3398325906498221,0.323616481931882
1.83475,0.1841577130140664,-0.20665839290758797
1.834875,0.20965770536540934,-0.40317243726331126
1.835,0.17610245325484236,-0.3718995062223337
1.835125,-0.18543776090542172,0.21293962089208054
1.83525,0.10565569475564056,0.2522327333367095
1.835375,0.45752032365345874,0.2542374999322234
1.8355,0.17739357657774918,0.007163281393990639
1.835625,-0.3960381194012841,-0.334954032575089
1.83575,-0.25920745293882846,-0.44494715980858246
1.835875,0.24877601730591797,0.215696326554726
1.836,0.5670796536664438,0.6630393833013684
1.836125,0.08041020532958745,0.29103463888512277
1.83625,-0.08170096229896386,-0.23140600981645149
1.836375,-0.03704951236542341,-0.24161599885219626
1.8365,-0.3813709312148579,0.25797166437631147
1.836625,0.03372432958308191,0.3415978152796649
1.83675,0.6264904478118971,0.15330317455750653
1.836875,0.28056482298057234,0.18948504762912866
1.837,-0.5173426834115409,0.06868953016661097
1.837125,-0.45413376161759195,-0.20252066622249054
1.83725,0.19895949146196756,0.11325507160875216
1.837375,0.48611125753767515,0.3564560410560404
1.8375,0.14371286055790775,0.14480713710948673
1.837625,0.03789977694463035,-0.50718127643228
1.83775,-0.1720229208951024,-0.24257255721341558
1.837875,-0.37170029513691194,0.37951876871322243
1.838,-0.0779339459553321,0.3634416451950458
1.838125,0.4111490881979217,0.062423197976326186
1.83825,0.28863638808844333,-0.07109279141994339
1.838375,-0.3761096097244775,-0.09412910772190616
1.8385,-0.46850541339923935,-0.29701464502323716
1.838625,0.24468176012190102,0.05306482484069223
1.83875,0.6235447697990627,0.5642670429108366
1.838875,-0.17841557574257014,0.21404697116624505
1.839,-0.11675452199629045,-0.40088614432229686
1.839125,-0.3775612271906921,-0.32736455135460923
1.83925,-0.22746072869920042,0.09810837484956376
1.839375,0.03607251831142147,0.54027103050502
1.8395,0.267692018415662,0.30433741697658057
1.839625,0.2790079223407237,-0.12305792965422008
1.83975,-0.1561415376273086,-0.31809236273630165
1.839875,-0.4202147019403911,-0.17162479944792486
1.84,0.02957615296008299,0.05856715830744014
1.840125,0.14984369824625374,0.3030373236996822
1.84025,-0.15648500085862377,0.32942834276787214
1.840375,-0.3294268412342695,-0.46063943318678735
1.8405,-0.3581280551863567,-0.434626224085997
1.840625,-0.45376459829208465,0.18453824040549627
1.84075,-0.3790882969294195,0.45295062430998323
1.840875,0.02205268392405442,0.1322823557782862
1.841,0.03409849339636102,-0.35256899263922975
1.841125,-0.5739135979296032,-0.2865375257839395
1.84125,-0.5597925471435764,-0.25183323849088896
1.841375,0.2480616192984999,-0.06155357536447795
1.8415,0.7623395979873449,0.25987774026180077
1.841625,0.08182389302987839,0.3895192524580411
1.84175,-0.3428265866857745,-0.17160024520460684
1.841875,-0.12476647744167484,-0.34058106994266923
1.842,-0.047334316841055185,0.05684141543667091
1.842125,0.1073129738641116,0.1860500649048637
1.84225,0.7742253329850769,-0.12708257651148305
1.842375,0.3771701747479893,-0.24831698841729885
1.8425,-0.08878542496613222,-0.1659014294248257
1.842625,-0.481248148842849,-0.27752810775118053
1.84275,0.1357493263201825,-0.25473535664147207
1.842875,0.6675622979713319,0.015293389198223687
1.843,0.24130839225265163,0.0319190497618981
1.843125,-0.16040275430717524,-0.4759428993863956
1.84325,-0.2904697798409503,-0.5617915164773833
1.843375,-0.019468415759151935,0.16677359368942193
1.8435,-0.028870342409678063,0.6169038872248572
1.843625,0.20113011049993226,0.053516224129277375
1.84375,0.43661143115517775,-0.2108025481601506
1.843875,0.07903944744697929,-0.25437493702452635
1.844,-0.4860489664846783,0.08487662233166338
1.844125,0.0008536499551698773,0.10640579994822501
1.84425,0.6767750635749759,0.49949907432320706
1.844375,0.3697140665033355,0.4749726663981356
1.8445,-0.13243203614105115,-0.11263737284731577
1.844625,-0.17341484725817083,-0.3697568044429206
1.84475,-0.029678357778155997,0.26618058124149624
1.844875,0.029738573987782096,0.572008387991478
1.845,0.09909361327229921,0.19561831761819148
1.845125,0.13131220162719745,-0.1834658608171721
1.84525,-0.11341467519673579,-0.06664464230059773
1.845375,-0.3988337266692438,-0.04143931132692494
1.8455,-0.10134560251436286,-0.013159322339734327
1.845625,0.5590688759921203,0.21922560078944045
1.84575,0.22380749204669187,0.4279648631206148
1.845875,-0.3033870791731157,0.03868343084699257
1.846,-0.08441112436994504,-0.4199132251225165
1.846125,0.16453256325997848,-0.06332066319632439
1.84625,0.20612309422162364,0.5747255902905023
1.846375,0.1298041923534686,0.31369916294905675
1.8465,0.2523659826392505,-0.15539438077326917
1.846625,-0.00608642608678094,-0.25985875636336775
1.84675,-0.6927683425019591,-0.09384394496155006
1.846875,-0.5229316890216509,-0.01731782634205848
1.847,0.2879635210269848,0.15688685232090058
1.847125,0.16633426951267924,0.20678013078851143
1.84725,-0.3559162436921817,-0.09014310227666718
1.847375,-0.42790051913228744,-0.370954640749809
1.8475,-0.27833631034295586,-0.05304655550296747
1.847625,-0.025579427487222722,0.5033102379567607
1.84775,0.41762862408936124,0.18693506258016382
1.847875,0.34017376364150115,-0.15080336830911997
1.848,0.015587066583033698,-0.08848905999528381
1.848125,-0.541038057238445,-0.005397764401532805
1.84825,-0.4665810837722395,0.1291664476487585
1.848375,0.12702331968940364,0.14990662471954597
1.8485,0.45814745046661765,0.11870342643171192
1.848625,-0.18807821183157125,-0.15035106195010495
1.84875,-0.5508593017602962,-0.6825524833726636
1.848875,-0.12407035886055356,-0.39521624468227134
1.849,0.015452510977006034,0.3881374798313273
1.849125,0.12006462077886283,0.3074945507536652
1.84925,0.08316442233274987,-0.1623733204423331
1.849375,-0.4319092429679853,-0.35683645217663035
1.8495,-0.5948326420917314,-0.20714398053787378
1.849625,-0.5502924024647342,-0.011893997043533612
1.84975,0.4594497495994146,0.1942316021647761
1.849875,0.44355602917554593,0.23748702591114512
1.85,-0.010364156687131486,-0.177575105322047
1.850125,-0.5167373890145903,-0.6396996551770212
1.85025,-0.379146056464882,-0.3807383861156782
1.850375,0.37445723243662815,0.17561728891442463
1.8505,0.36025233931790884,0.22146320439928793
1.850625,0.3514466585925819,-0.26291865775022283
1.85075,0.029601145886597745,-0.5152534227034519
1.850875,-0.14766612302557075,-0.2179401360606743
1.851,-0.006966419338485779,0.07620248129862732
1.851125,0.5694206033800921,0.10756477079482994
1.85125,0.7217596599514569,0.03751389326689617
1.851375,0.003203305661288643,-0.31979069466124704
1.8515,-0.32238337500105824,-0.5749838845613212
1.851625,-0.009894427112186955,-0.23691847363307023
1.85175,0.277662394906713,0.22355143888467235
1.851875,0.29264329595481164,0.4664988993264174
1.852,0.2281757632881764,0.055586391616172806
1.852125,-0.12851140927460866,-0.5586074125596009
1.85225,-0.3324078441319698,-0.1051424732048058
1.852375,-0.13033361213781813,0.35758754731223796
1.8525,0.41102654249216886,0.44589871043822304
1.852625,0.395100184990355,0.18772576754682754
1.85275,0.09498090425607866,-0.02078652878832183
1.852875,-0.5200039739503939,-0.22439276875527642
1.853,0.11978239452792686,-0.14044964060267567
1.853125,0.24643989557148002,0.4883556566779572
1.85325,0.06786523296635504,0.736967942595517
1.853375,0.10480867276659449,-0.02077790999673645
1.8535,0.057651375096418954,-0.43990385914169233
1.853625,-0.38587331905738537,0.023525175114209627
1.85375,-0.3842616703438481,0.19555710990188102
1.853875,0.24507951367971376,0.24710709376543005
1.854,0.46031573278276955,0.2620968262223174
1.854125,-0.07344924916334385,-0.0542229146006289
1.85425,-0.6486974832592028,-0.3098669276578908
1.854375,-0.2582987004457429,-0.20464572732594422
1.8545,0.29679088102480866,0.4666732119538775
1.854625,0.27666844730296275,0.6857937041991469
1.85475,0.12257431271248242,0.009415036060018481
1.854875,0.010013828383003704,-0.3938201094296062
1.855,-0.23907798298566776,-0.04435953139024554
1.855125,-0.2963873758659448,0.20410758603890353
1.85525,0.04533412893978133,0.20633167828649768
1.855375,0.40838881217258616,0.11069019469954434
1.8555,0.1100194661333499,-0.02231311055883269
1.855625,-0.4836332431497099,-0.2579240678984414
1.85575,-0.47904085871183355,-0.25579518652136185
1.855875,0.1405587418786035,0.136117178036463
1.856,0.18224322181315736,0.48239216207260105
1.856125,0.06714713364727745,0.0888710106870248
1.85625,-0.0045088658410950486,-0.5041751168373041
1.856375,-0.1774880911134234,-0.21460885012920933
1.8565,-0.4914571202429116,0.1980616135639519
1.856625,-0.18542834419098242,0.47841660270469627
1.85675,0.18749018113829996,0.014783939739859508
1.856875,0.08944266600659817,-0.04873313532532776
1.857,-0.4564139178461709,-0.2203316535807125
1.857125,-0.556991942057493,-0.33912832864010606
1.85725,-0.20435067746988594,0.13207778231214123
1.857375,0.2713962992047421,0.4338922718589257
1.8575,-0.1625375549034539,0.18806780533694828
1.857625,-0.25008437171928116,-0.5451501520887515
1.85775,-0.05130789597838731,-0.3766947311428489
1.857875,-0.4960022831132331,-0.07952742390572876
1.858,-0.07004830039464623,0.28039806730807715
1.858125,0.512835217036072,-0.03476689012422728
1.85825,0.21670762644462335,-0.16318740275094143
1.858375,-0.47928678642178596,-0.2113548948673014
1.8585,-0.6306917439229646,-0.3645342613341201
1.858625,0.21990707521521724,-0.3203432936758288
1.85875,0.4846875175956427,0.2510120853875503
1.858875,0.15635166491819513,0.04043921747967062
1.859,-0.31811275983306614,-0.4477696231853606
1.859125,-0.17158216557330838,-0.5891983031745486
1.85925,0.008879337566861836,-0.0900196699220889
1.859375,0.2957424230102883,0.1084705653399405
1.8595,0.7437440976538526,-0.022392921600923557
1.859625,0.30696217153073296,-0.1517020199490193
1.85975,-0.21808541473862736,-0.2501298032159711
1.859875,-0.38896549779153583,-0.28867900762370685
1.86,0.08009005018300777,-0.029038812281593187
1.860125,0.4798623782493198,0.5860180345872982
1.86025,0.10150623117794166,0.29499492453885773
1.860375,-0.16829244104123803,-0.35815286451493766
1.8605,-0.00036580339080052,-0.44320734383764726
1.860625,-0.17730846072552206,0.3420229464355891
1.86075,0.06810611643080448,0.5944471585932788
1.860875,0.46635367105463027,0.2377235082582906
1.861,0.2739839234053175,-0.2866113017996939
1.861125,-0.4762396882758916,-0.2165179932496639
1.86125,-0.5338094166041665,0.08214356606647302
1.861375,0.10463911493218345,0.21826333233669395
1.8615,0.37259475294399447,0.7027679629078801
1.861625,0.1901857784333019,0.38599952523266934
1.86175,0.00252948683344458,-0.08857119923176533
1.861875,-0.13555614090272372,-0.21345187678383687
1.862,-0.14062295110662956,0.23596890625551617
1.862125,-0.11385070735174227,0.5610358691599282
1.86225,0.14983142442924163,0.07619069431628969
1.862375,0.24198989205359442,-0.05898384476656599
1.8625,-0.2588228646172853,-0.14164757759441163
1.862625,-0.48453188444058276,-0.07131038117614773
1.86275,0.017931935127658984,0.09090525576101717
1.862875,0.4334913774933196,0.4888604394577251
1.863,0.1300089677829732,0.3881827184783521
1.863125,-0.1897088573568852,-0.1569532051401851
1.86325,-0.15872198908264024,-0.4020431035811422
1.863375,-0.09200030654644735,0.06181226558884996
1.8635,0.06365489808167117,0.25810330004315374
1.863625,0.15754616291530196,0.13439688899869678
1.86375,0.5734734398022785,-0.3087687493378489
1.863875,0.061873222206366346,-0.13993952976144225
1.864,-0.48677446317692474,-0.24349364098329773
1.864125,-0.11262771182123958,-0.15893002399634773
1.86425,0.25572664544282164,0.2119313717685452
1.864375,0.11508746874389289,0.20294434654725357
1.8645,-0.3365075333822418,-0.15319711159812158
1.864625,-0.14672994607423193,-0.6017001397614535
1.86475,-0.08416502678932443,-0.08007728074734205
1.864875,0.019711649581193164,0.34409805134519245
1.865,0.22350367400342494,0.034163879735042035
1.865125,0.31261620496359016,-0.31242664281776134
1.86525,-0.325897755898568,-0.21652757513649343
1.865375,-1.0,-0.04045171632385824
1.8655,-0.3721853353086975,-0.0028118769184295035
1.865625,0.2913600717801367,0.30877151697308475
1.86575,0.18093574189622094,0.4340110346852088
1.865875,-0.2522605012086591,-0.07656026869583941
1.866,-0.39231118293681877,-0.36181499370634146
1.866125,-0.30002284740967117,-0.24484121187528912
1.86625,0.054051849621924726,0.2230627857469567
1.866375,-0.0968967076754015,0.08811891609194
1.8665,0.0597458629480761,-0.13367019142212777
1.866625,0.0489617391772656,-0.1217177099316142
1.86675,-0.5434995829172206,0.0386710701005299
1.866875,-0.15724777668044448,-0.09407604370533701
1.867,0.3419739827682346,0.23731030372619824
1.867125,0.2943558623466031,0.19014545828427046
1.86725,-0.04090195967558069,-0.3336370169748439
1.867375,-0.016884464396967676,-0.6829192138275545
1.8675,0.13850296179139135,-0.36313041197208384
1.867625,0.28317051798935117,0.3361137356384107
1.86775,0.49286797034320207,0.20051354291213996
1.867875,0.21396806105988067,-0.23526621949529103
1.868,-0.05286190033975129,-0.33752802193763765
1.868125,-0.09778367048017676,-0.3180232681563769
1.86825,-0.007740725067556803,0.05067097471772916
1.868375,0.6600737304578472,0.051094786474721765
1.8685,0.46427791656442463,-0.022477339510787755
1.868625,0.07830654917210855,-0.19118929051644623
1.86875,-0.272150006675192,-0.501734322049531
1.868875,0.017579794796824623,-0.13451453714005684
1.869,0.49797413545434044,0.4149917308017815
1.869125,0.2800730204621626,0.3158677592304682
1.86925,0.27496448844324023,0.016205772133766772
1.869375,0.06492232073892551,-0.07046817557109379
1.8695,-0.4579394140138771,0.009056463837533358
1.869625,-0.2627849231349052,0.0938462680394877
1.86975,0.31412338455751165,0.313719725609439
1.869875,0.40823110333904683,0.23713973259581309
1.87,-0.140461983567649,0.06751251484592445
1.870125,-0.7032145977979534,-0.17594671265841505
1.87025,-0.22461123321735996,-0.04100952006997491
1.870375,0.23868240103585353,0.5212190067134169
1.8705,0.2084676463922454,0.47419779679792384
1.870625,0.1518048275915696,0.0657710008428077
1.87075,0.1043749755819782,-0.3860362778593606
1.870875,-0.4839074834773288,0.08743083375401699
1.871,-0.3394441486275086,0.3476358825772487
1.871125,0.19286565745217754,0.2701363279517813
1.87125,0.4834621749423693,0.19085449898053533
1.871375,0.1182549971871788,0.22639055765639293
1.8715,-0.4618062001653791,-0.23455077176683975
1.871625,-0.1863731291020232,-0.2676954473387792
1.87175,0.18326266880566225,0.2705611050807859
1.871875,0.06882786674925342,0.5103392684023509
1.872,0.11145089748454755,-0.06766997896368006
1.872125,-0.06994281130483021,-0.6124177260474841
1.87225,-0.3225696806508155,-0.2537709427889132
1.872375,-0.5531747699698404,0.18505329647997604
1.8725,0.37093634023480737,0.19584573803112962
1.872625,0.5489962393202105,0.197717371330286
1.87275,0.019665685314778195,-0.010520233335004974
1.872875,-0.6341050899306045,-0.4811636377429159
1.873,-0.3970996087932023,-0.4442744870379625
1.873125,0.1945306120501336,0.21843495069386462
1.87325,0.04706804411081435,0.5106451806064269
1.873375,-0.09077416135399552,-0.04506039614262153
1.8735,-0.368760461946407,-0.4955135310779593
1.873625,-0.3953964268748496,-0.09847606968433241
1.87375,-0.3538756701476596,0.09308988373144743
1.873875,0.037561100770960615,0.18308465701300308
1.874,0.2284179993084937,0.17848443977006442
1.874125,-0.3071115328426464,0.018696669599258198
1.87425,-0.6456326959106402,-0.3751052950097094
1.874375,-0.5149798385708894,-0.2239881121848729
1.8745,0.11553827568558636,0.12906333964292752
1.874625,0.19694579177379434,0.4348602695220851
1.87475,-0.10441172909927295,0.17710893154454946
1.874875,-0.09144858567340028,-0.5014101805140753
1.875,-0.19930313914868392,-0.42618274420577235
1.875125,-0.3809182842329216,0.24178463739809258
1.87525,0.07752954077710189,0.12726804520948348
1.875375,0.6797128247993004,-0.005518919700726023
1.8755,0.16714721048970257,-0.08344659293999877
1.875625,-0.31762980111142064,-0.3030716670551812
1.87575,-0.16902347520754332,-0.23061040523840734
1.875875,0.2655850800648708,0.18765739145211993
1.876,0.4933698751767774,0.15348333662320104
1.876125,0.4629461347145637,-0.2461722355480268
1.87625,0.24108146614375425,-0.6696053388391533
1.876375,-0.12093081925486486,-0.29139610665733795
1.8765,-0.22785743144873324,0.1934765962434169
1.876625,-0.16358897557400606,0.19998311797837579
1.87675,0.6508326795866288,-0.019179523408175882
1.876875,0.5190678830225555,-0.1763098619593516
1.877,-0.18947455201351987,-0.11048564330406796
1.877125,-0.3864981927695382,-0.28861397347673556
1.87725,0.2141206426607141,-0.055315378205679736
1.877375,0.4771293587828755,0.625239070126786
1.8775,0.034245631201685736,0.22056133408673936
1.877625,0.10677459028165205,-0.5096856634493594
1.87775,-0.09571733262414374,-0.15829304450836118
1.877875,-0.17326613111529432,0.27081266157696654
1.878,0.16589472719048365,0.44478602901189845
1.878125,0.535487964041523,0.35944680581201566
1.87825,0.24560389257532364,0.09461362463958867
1.878375,-0.48514776024748796,0.1055516435452903
1.8785,-0.2652089204819204,-0.211165061891064
1.878625,0.2775422243694258,-0.07898075589576163
1.87875,0.5285845803898226,0.5147383541721918
1.878875,0.14480686950270225,0.40873084663639564
1.879,-0.22523893976623152,-0.1845882865205417
1.879125,-0.22313230735399003,-0.4281222675197438
1.87925,-0.24579963549458644,0.02065371721612412
1.879375,0.19892755541297835,0.46716831958562627
1.8795,0.4232898859345373,0.2873591996359048
1.879625,0.2596752063915878,-0.14514546506745563
1.87975,-0.5232135820037899,-0.029429166392462954
1.879875,-0.29329444965740264,-0.03857088013330939
1.88,0.1343175157432502,-0.027941962602050254
1.880125,0.4651905687244794,0.3961136683484557
1.88025,-0.022551945783955814,0.09223871672468069
1.880375,-0.30074818391003433,-0.3515951442804827
1.8805,-0.22369188627141778,-0.26250542051937964
1.880625,-0.14383724509839318,0.2764551022660807
1.88075,0.10146695033461135,0.3858301333761206
1.880875,0.4052083463388801,0.08030515892140977
1.881,0.2687374121830888,-0.19793820787605126
1.881125,-0.16102250246728836,-0.2050922924624947
1.88125,-0.407255511374588,-0.14504845816242812
1.881375,0.16880949640699902,0.054226349647098195
1.8815,0.3662171345363893,0.4435215584494799
1.881625,0.09742181670564785,0.17202753196756784
1.88175,-0.2687972145643973,-0.37553633678933834
1.881875,-0.43858125351278016,-0.50565125462782
1.882,-0.29514132455869385,0.13382079029182736
1.882125,-0.27789275271251274,0.3433816417371048
1.88225,0.01909235617353189,-0.04324649834123588
1.882375,0.1420564652652999,-0.31834046559794466
1.8825,-0.20096923008672976,-0.36395604221521594
1.882625,-0.4685759915769648,-0.32198635870663206
1.88275,-0.47523486281952754,0.03087622667932048
1.882875,0.2436443816723408,0.39257747625424694
1.883,-0.033373172459687725,0.3011203842661719
1.883125,-0.36630426721451054,-0.20720870839038782
1.88325,-0.08080853615646363,-0.2754830714284932
1.883375,-0.042950486704323866,0.19903497907784382
1.8835,-0.05225893057173129,0.41693018922622604
1.883625,0.19167740049384982,0.10375990960522298
1.88375,0.6819831563314804,-0.22926804303049492
1.883875,0.08287323232699813,-0.3136989614246363
1.884,-0.36162244159768037,-0.36463137878968266
1.884125,-0.1423408754556134,-0.1409985658379787
1.88425,0.34029515992953857,0.12124032735957731
1.884375,0.34768821175854997,0.306139583095675
1.8845,0.046986498603797874,-0.307536954809714
1.884625,-0.17157362339324242,-0.3957559706093246
1.88475,0.06290836643648444,-0.2088122547020062
1.884875,0.12043658097960212,0.014949432825343988
1.885,0.2779364723864404,-0.030506616880012886
1.885125,0.36028947374909065,-0.4039170147880284
1.88525,-0.018585718738514074,-0.2450503226951562
1.885375,-0.3271740542976729,-0.061292082656321176
1.8855,0.09528958705522943,-0.020351540417858558
1.885625,0.786907818564564,0.23481469956004805
1.88575,0.4780680796440113,0.5833115789623817
1.885875,-0.09657287762097433,0.15645403227186008
1.886,-0.21659899136133196,-0.4666972279636931
1.886125,-0.0019009892016450295,-0.18232232500858064
1.88625,0.16097134951996303,0.3178726450691116
1.886375,0.24980065637711402,0.343317898669917
1.8865,0.30105195656626754,-0.13338193818163227
1.886625,0.03327210740032708,-0.1816545048049045
1.88675,-0.25177336179882537,0.040008952103923565
1.886875,-0.10919911254485308,0.31125103335785603
1.887,0.4421646603838305,0.192792121637176
1.887125,0.3170203088830078,0.3643369843907522
1.88725,-0.3281076173099613,-0.044489904486030775
1.887375,-0.6451995590091041,-0.45378394430340774
1.8875,-0.07448720809561456,-0.07630524774092687
1.887625,0.14887678071733407,0.7647265833295254
1.88775,0.15445242792424424,0.4775126632621724
1.887875,0.24685587184374722,-0.0907115443438476
1.888,0.06548820407443552,-0.25114805957828107
1.888125,-0.7417552876858947,0.10319616456587904
1.88825,-0.301521538425969,0.11210367608105339
1.888375,0.15888620811777562,0.42976389235109863
1.8885,0.3417651781417462,0.3051984236975131
1.888625,-0.28734767010615947,0.024371952379670565
1.88875,-0.4561873303337864,-0.29716802665601294
1.888875,-0.30641152155048224,-0.05725739586833057
1.889,-0.0497072860925392,0.46277966866836956
1.889125,0.14588621905518112,0.24511402893779005
1.88925,0.166368500267097,-0.28120177347910924
1.889375,-0.0034894055135769432,-0.6075614798527413
1.8895,-0.45599716052868383,-0.086810139382643
1.889625,-0.19096250719369484,0.03528962512146859
1.88975,0.3364419962018106,0.1533415794006134
1.889875,0.5519842874680768,0.2541821583882566
1.89,-0.2016580300123891,-0.015158121515614789
1.890125,-0.4060773124842144,-0.49010714121578575
1.89025,-0.20220825912767693,-0.4740635319296371
1.890375,-0.11756549848544688,0.22119240606593632
1.8905,-0.0657570426542712,0.1443564650043039
1.890625,-0.21720536517282016,-0.1829129682073333
1.89075,-0.24012237585626278,-0.3141899594305421
1.890875,-0.37958955124874755,-0.12508487591653342
1.891,-0.39903907734331767,0.06368601552045071
1.891125,0.3379177496513543,0.1337024372625423
1.89125,0.5376364940212358,0.10360657617556489
1.891375,-0.08165564821347979,0.044250431764597524
1.8915,-0.4429079438205744,-0.43924531188449334
1.891625,-0.2944193085203484,-0.27316140625374025
1.89175,0.16954401307885847,0.3455232772778521
1.891875,0.27466529765428854,0.5380702217345328
1.892,0.11617192942040541,-0.16167101904962808
1.892125,0.23127455006403164,-0.3460831712123161
1.89225,-0.07642710463922549,-0.29142742690312096
1.892375,-0.16475910791894186,0.10677492170450975
1.8925,0.30466677092184824,0.06253068855824975
1.892625,0.3702261008772587,-0.06209230059465542
1.89275,-0.03830178676186071,-0.15103515467946232
1.892875,-0.27880374819750126,-0.38864178187517984
1.893,-0.06426904972361844,-0.2373315751044837
1.893125,0.08289179874026244,0.21892282565492138
1.89325,0.26475607754423325,0.4662863612817089
1.893375,0.10846015476716271,0.08165610283245765
1.8935,0.06401657581594804,-0.3930956375140099
1.893625,-0.08863148608409836,-0.2312870485861791
1.89375,-0.19923678768159828,-0.0477792051130764
1.893875,0.2617259286271289,0.11672270987175316
1.894,0.6773169265395027,0.0779883059946182
1.894125,0.21567381924139295,0.111901871712664
1.89425,-0.16396740898698453,-0.0863476350225897
1.894375,-0.03503143040584819,-0.13494489739334273
1.8945,0.1909600913558167,0.3388282648253904
1.894625,0.18168250490531607,0.4132774502531125
1.89475,0.1482664699245807,-0.035732197539550224
1.894875,0.17832053628604272,-0.38101577724252844
1.895,-0.15303485278982573,-0.16935188685499644
1.895125,-0.12400025272693464,0.2826266969407648
1.89525,0.09249663448585016,0.15215184672970627
1.895375,0.4030621462556191,0.22854768914874982
1.8955,0.039862061714910524,0.11716504920716751
1.895625,-0.396276609904282,-0.1865648270656168
1.89575,-0.14114510163965185,-0.26203642667648847
1.895875,0.06977873677769693,0.10953921776051757
1.896,0.3647022826665119,0.7735346060591061
1.896125,0.1137982319886839,0.1161124675479286
1.89625,-0.01879195931269902,-0.248238049351196
1.896375,-0.09552461782495471,-0.21389820792062586
1.8965,-0.2549656982078021,0.11304854615455068
1.896625,-0.07971152212376645,0.12160050792339572
1.89675,0.2148129278605018,0.028612469059159148
1.896875,0.09350655356321826,-0.051690169588604305
1.897,-0.16256380834317097,-0.08022172588131707
1.897125,-0.24287013843164582,0.008479193836792135
1.89725,0.1755293411721726,0.18969151746371954
1.897375,0.1427585136845746,0.38842320338280606
1.8975,-0.18224156997422147,-0.10740847420724793
1.897625,-0.48026828538084004,-0.45139786945768756
1.89775,-0.09944478096823162,-0.36301065630868995
1.897875,-0.3162869334162555,0.1614618964117686
1.898,-0.17384811941626996,0.22311954932815223
1.898125,0.22317217158446342,0.09094578175788626
1.89825,-0.09969174427219575,0.041495848613583144
1.898375,-0.5641572097749944,-0.09128321206529569
1.8985,-0.45317679390113086,-0.12342243639386155
1.898625,0.23399146494660666,-0.06143293213353608
1.89875,0.1865766675079262,0.2455653108893569
1.898875,-0.03811813689741148,0.09315414743026966
1.899,-0.2755594198366386,-0.3601441126518857
1.899125,-0.21744375681922085,-0.17778561041414778
1.89925,-0.43620229698398966,0.08642924671057772
1.899375,-0.11495408572994968,0.06731219466342801
1.8995,0.1849130557259491,-0.17190258133068376
1.899625,0.16368145756727526,-0.27177114392916146
1.89975,-0.5306133937336179,-0.18408639992309
1.899875,-0.5687763952811131,-0.24684763114426403
1.9,0.07589097075754278,-0.15427803594693562
1.900125,0.32139564211062277,0.048702347423610313
1.90025,-0.001305548130371415,-0.061662807871238935
1.900375,-0.16056618904810646,-0.43542130090266834
1.9005,0.24330916959939414,-0.3545843830523315
1.900625,0.2363857704677715,0.02688882455691036
1.90075,0.37339769556837404,0.3394185402707122
1.900875,0.4053192691054813,-0.021800657715285648
1.901,0.2987171197306864,-0.10534531656796536
1.901125,-0.09413845335319136,-0.25398040720238474
1.90125,-0.12811496757852794,-0.3242615100835426
1.901375,0.14234816176124931,0.0918307754356809
1.9015,0.5348541519853597,0.2838873918161342
1.901625,0.27144393325802696,0.122570356772915
1.90175,0.019162534993258852,-0.35775029456822555
1.901875,0.03649020678056689,-0.474619922934757
1.902,0.14263255134716796,0.07701888138247923
1.902125,0.17013225591384581,0.3129253179222498
1.90225,0.4319522224772087,-0.07434796280455538
1.902375,0.36332935862148036,-0.203673888632539
1.9025,-0.30234927726127897,0.05698194660769357
1.902625,-0.527874849560203,0.14512974862079508
1.90275,-0.09894509965652028,0.25513952184323707
1.902875,0.335716211495811,0.2807610419734407
1.903,0.39394031073063734,0.22664681030533107
1.903125,0.04368007426805643,-0.07051652595658978
1.90325,0.09716341145335618,-0.20662031717741372
1.903375,-0.07266666129332824,0.05268387150862606
1.9035,-0.030696764474270402,0.2804826865554661
1.903625,0.2835798282747066,0.10288503341081523
1.90375,0.365049169289129,-0.117415031074581
1.903875,-0.2374026241658706,-0.1596097476272093
1.904,-0.38423422494797255,0.04536904314599054
1.904125,-0.07686380529850405,-0.04117246434425275
1.90425,0.4420775474654864,0.35082406747180334
1.904375,0.0737551535650052,0.3077183352197084
1.9045,-0.38794098068041033,-0.15382102273206644
1.904625,-0.22225978809444016,-0.39911832768770605
1.90475,-0.07612331276790597,-0.1016077127012243
1.904875,-0.019537118031716937,0.13366927401011117
1.905,0.09846192956890626,0.3400923534755946
1.905125,0.2809627277727442,0.12892084736977347
1.90525,-0.04429841496887961,0.021609156287247175
1.905375,-0.232463358770249,-0.06872708338502326
1.9055,-0.05256452863347944,-0.08931868475617394
1.905625,0.21243399220595702,0.11836144463621187
1.90575,0.1482237674098928,0.15217508712305644
1.905875,-0.15956392383593176,-0.0579117785548011
1.906,-0.5241515465309856,-0.3343108641038329
1.906125,0.04506900167361727,-0.10133719078687789
1.90625,0.10883161024348821,0.25108115630598155
1.906375,0.10890394994153578,0.03659918859230999
1.9065,0.22348927969942003,-0.14730123279216367
1.906625,-0.03832961037881281,0.008615265281583856
1.90675,-0.37656408359433907,0.11000391888070615
1.906875,-0.3623421094593448,-0.09766402283133131
1.907,-0.023187399882084972,0.12943636192808172
1.907125,-0.21117216202405828,0.11174820423769963
1.90725,-0.3305681850182718,-0.22113294107691903
1.907375,-0.33902398571477926,-0.2356757890943761
1.9075,-0.2313207960134795,-0.06321832102271087
1.907625,-0.10032806417239466,0.19944926039099714
1.90775,-0.13443648659344432,0.31467927920514854
1.907875,0.11854835208901145,-0.2484575870817081
1.908,-0.14469938962392984,-0.35899718226495686
1.908125,-0.27841796349100073,-0.02295833049401001
1.90825,-0.14644410739537747,0.15888252284253188
1.908375,0.4359227313450714,-0.024404516531554867
1.9085,0.421327472961383,0.1745632303906386
1.908625,0.01347922867586271,-0.12806500021735714
1.90875,-0.40492588718185013,-0.36386433100297777
1.908875,0.11792356164588627,-0.2829363186274389
1.909,0.3934746425904185,0.10084337262641951
1.909125,0.34149706096599236,-0.09976789338580497
1.90925,0.31066936483285135,-0.5066694450206592
1.909375,0.09132185623337755,-0.3705230897747951
1.9095,-0.15638100978642666,-0.09793062722046335
1.909625,0.1873691513573859,-0.2534860247767616
1.90975,0.5804470111813176,-0.07058711152287843
1.909875,0.5759693060812657,0.14606461612618488
1.91,-0.00898635527943571,-0.09581682332536316
1.910125,-0.30645475657240856,-0.27257925285139256
1.91025,-0.09810010206160644,-0.196059583173948
1.910375,0.24836050169831098,0.30168192278558376
1.9105,0.43940244701772346,0.4915086739758847
1.910625,0.19172700567523085,-0.035045641139647345
1.91075,0.13819617788738853,-0.199284505110338
1.910875,-0.20653732916560882,0.11337173163682508
1.911,0.0007048256467406805,0.30883527200802946
1.911125,0.4133551324457442,0.10939539098369043
1.91125,0.3975889065766248,0.15165343064113487
1.911375,-0.2362014304261768,0.1025025206060337
1.9115,-0.5831171224584641,-0.13932047696446076
1.911625,-0.02353108325365767,0.0831879294181803
1.91175,0.20193633085966764,0.5540784446346267
1.911875,0.22843190835552984,0.5154715344555447
1.912,0.14906806313987073,-0.014247994993143878
1.912125,0.18172727596298813,-0.31321270827834496
1.91225,0.07944628290317331,-0.2654247532817766
1.912375,-0.1527128866168895,0.2332300699332164
1.9125,-0.06346742701836908,0.1529913423416541
1.912625,0.3732697141083439,0.11295886723676504
1.91275,-0.12411017003969615,0.014464866081540498
1.912875,-0.4322721028951193,-0.1564075002665835
1.913,-0.21462397814386258,-0.11522063251751266
1.913125,0.1168045934792119,0.18044455624173925
1.91325,0.2555756800282335,0.3543631153726384
1.913375,0.3191141146482077,-0.31509022291616834
1.9135,0.11731946622555206,-0.5971482881549246
1.913625,-0.15035335174968478,-0.13893864857914573
1.91375,-0.3509594274850686,0.16267519144721143
1.913875,-0.10480288714368426,0.2350852027142282
1.914,0.2129899974471233,0.2303980675599972
1.914125,0.068181617223759,0.20076466484377112
1.91425,-0.4658249266971702,0.02786774973656913
1.914375,-0.37220472239845614,-0.1165145149612139
1.9145,0.2537561232043061,0.13873737485548773
1.914625,0.059032521430067104,0.19400590430915948
1.91475,0.06946527091297139,0.09338462105454176
1.914875,0.23557731987205224,-0.4093739684336154
1.915,0.005346596244290199,-0.09567595453502782
1.915125,-0.2973546665216521,0.08074499946315539
1.91525,-0.1906928550787731,0.2690597393256477
1.915375,0.24368868672535388,0.26955874352012016
1.9155,0.08328762597339841,0.17386735151012989
1.915625,-0.21379855956380212,-0.23132333629675828
1.91575,-0.39500169640490446,-0.2253010551847754
1.915875,0.02125071320017954,-0.1942443612937478
1.916,0.0005894613188283991,0.291248170000825
1.916125,-0.15644501904828823,-0.08248186815843571
1.91625,0.10541563348165549,-0.3459392628665047
1.916375,-0.28663574035495,-0.19807829713856184
1.9165,-0.3526339372475813,0.11265807667212549
1.916625,0.1251638181830192,0.06857739188949008
1.91675,0.4206670659972413,-0.08386161110265782
1.916875,0.0999414018032275,0.1120115831353596
1.917,-0.301887817913094,0.10669883776426502
1.917125,-0.07550088693894542,-0.09264679511699452
1.91725,0.3207784711909134,-0.17499514370025065
1.917375,0.23800061677869444,0.09117683611541305
1.9175,0.18020771319908782,-0.13579002876859603
1.917625,0.296604240590384,-0.38478570830460984
1.91775,0.157513874138006,-0.15930149260505214
1.917875,0.0571501394840539,0.012574211463079483
1.918,0.05577374817276393,-0.0182898994308257
1.918125,0.5265497276643551,-0.058714016713719876
1.91825,0.07500367515710711,-0.15425729956448953
1.918375,-0.1277296205948812,-0.01655864651949236
1.9185,-0.11931569644833954,-0.12585066343597087
1.918625,0.2309863063245401,0.04246899008792353
1.91875,0.29290932131313024,0.39792679340619147
1.918875,0.12010787172462671,0.08700537869340573
1.919,-0.034444034725744865,-0.30804574770930593
1.919125,0.08641601152818518,-0.2556214890970465
1.91925,-0.14799112659619437,0.037430119460056796
1.919375,0.019208799178198295,0.2982054302957379
1.9195,0.5429625291887175,-0.004560173379707275
1.919625,0.25622810588413214,0.17240538983347997
1.91975,-0.3401461998021485,-0.03829863724001329
1.919875,-0.4144737680317727,-0.016775540169278784
1.92,0.0764400639985324,0.10813002084665899
1.920125,0.3531861540533447,0.40344069076503386
1.92025,-0.07167343252907024,0.18836585521646082
1.920375,-0.354538146050704,-0.08657552760469026
1.9205,-0.1285317963493336,-0.05457237538675803
1.920625,0.014358169914605798,0.3316124589108636
1.92075,0.19790562951334534,0.2063509393660263
1.920875,0.20463166321070558,0.10957410566996244
1.921,0.3555192368871627,-0.06593400926258479
1.921125,0.0669673888817952,-0.03845658572994891
1.92125,-0.12436695919708764,-0.0041256719513027736
1.921375,-0.09458917535269219,0.18193915476483222
1.9215,0.3249787478195885,0.34114260002088614
1.921625,-0.021017656881785186,0.1964316117046112
1.92175,-0.3431801358300924,-0.3912608791122414
1.921875,-0.06977764498463042,-0.4117019263185806
1.922,-0.13795696649033556,0.1664328433659894
1.922125,-0.2464388374558843,0.17546158331261522
1.92225,0.09849904459027253,-0.2288168316832521
1.922375,0.047256181671231856,-0.22198214768011487
1.9225,-0.08844891808329275,-0.09105669564046127
1.922625,-0.37479809541488857,0.10577119472363547
1.92275,-0.06724894884400155,0.08970229145324556
1.922875,0.22714632441220547,0.10142458356831931
1.923,0.0645397762781401,0.15478631292374476
1.923125,-0.32964942158694466,0.017388056429545676
1.92325,-0.23485965279495,-0.261177016341523
1.923375,-0.43212637472967524,0.024672303619058082
1.9235,-0.07921778013921195,0.31749621340534273
1.923625,-0.036199210901738735,-0.08298815656374879
1.92375,0.09685334540063847,-0.24813157022395424
1.923875,-0.29214783537922767,-0.08706790373914076
1.924,-0.5472480488708341,-0.2799634574405401
1.924125,-0.2442861184654602,-0.04789170632126069
1.92425,0.17070851915620283,0.14135256030194676
1.924375,0.18579892182129104,0.14652232661099213
1.9245,-0.22078458707551046,-0.03548818734439887
1.924625,-0.17232025146678712,-0.25425481209800316
1.92475,0.03190349062606473,-0.06841787072392778
1.924875,0.03452906235779194,0.15453194472990672
1.925,-0.022584665194959563,-0.10861291294898584
1.925125,-0.06499500410767116,-0.2893809699181899
1.92525,-0.1459132201776815,-0.19323107648640023
1.925375,-0.32325736651518877,-0.23304907104856812
1.9255,-0.03648938184283695,-0.20742584586307034
1.925625,0.6552681589444029,-0.03712703365799419
1.92575,0.49975698122373313,-0.10014013488721236
1.925875,0.21107330723424875,-0.16551339369960485
1.926,0.09652713135395169,-0.3782932466678543
1.926125,0.14061978262464958,-0.20219079666393633
1.92625,-0.11626198097879463,0.13350582578159711
1.926375,-0.07025891360550313,0.03012837522450677
1.9265,0.17755136933082985,-0.05986967395111676
1.926625,-0.131516488227135,-0.2583815394566866
1.92675,-0.1400205231166938,-0.12535828220246772
1.926875,0.09910503034712488,0.10303455066203465
1.927,0.45329537842408246,0.07783338747530749
1.927125,0.4412764002573798,-0.044170536169079976
1.92725,0.12430768043710881,-0.1921738419354763
1.927375,0.11535207172998048,-0.3101267261897405
1.9275,0.03973238641371727,0.05540328767247737
1.927625,-0.14892801875326975,0.43216836928009783
1.92775,-0.12806329151060716,0.445341483857727
1.927875,-0.12080861509928373,0.1181627813526251
1.928,-0.30850008960701786,0.013346792890704971
1.928125,-0.25169459107333253,0.043381337245501854
1.92825,-0.0387140271611961,0.09811810993645806
1.928375,0.42671884921342784,0.23792438995202628
1.9285,0.4688244779342181,0.15169104549734308
1.928625,-0.16849174726037927,0.00760727283188526
1.92875,-0.13493237765905822,0.014167456724443457
1.928875,0.14542580945363373,0.06872578443160145
1.929,0.15881830386842052,0.45785895386551584
1.929125,0.2337241429496158,0.40688978391827
1.92925,0.20113584310039945,0.021583812595799005
1.929375,0.24343625194210447,-0.028568662952182897
1.9295,0.0016017565082241095,0.008682757647904668
1.929625,-0.07565124368106388,-0.04120672271218966
1.92975,0.11454415395513608,-0.09414142059517673
1.929875,0.2846900881647052,-0.08619743341562268
1.93,-0.10814602738231385,-0.3011803391257348
1.930125,-0.3202003740477832,-0.2756166309188737
1.93025,-0.11796509520800276,-0.11652744549488468
1.930375,-0.2259903044360081,0.3280480963293035
1.9305,-0.044001632061877925,0.33627087951894463
1.930625,-0.08391810872195465,-0.014462489436261765
1.93075,-0.1272725179526851,-0.07477722986239711
1.930875,-0.4049736426356319,0.022504156154357195
1.931,-0.2672171727042776,0.14226695414059143
1.931125,0.15534724683249704,0.06716445156645491
1.93125,0.32164760298529776,0.009946763214731452
1.931375,-0.0645583791072629,-0.00803930256403884
1.9315,-0.21785853600179,-0.08727031089164587
1.931625,-0.3625269789711879,-0.061839905764503385
1.93175,0.05738904831795783,0.09777242515084629
1.931875,0.025225041259585516,0.21730008459041258
1.932,0.22343671852008473,-0.03075982772736702
1.932125,0.0024345461371310913,-0.19157583936333575
1.93225,-0.34189485071419945,0.04788961843566129
1.932375,-0.18585442531352447,-0.05648481293283544
1.9325,0.07244473783728808,-0.06555497525854327
1.932625,0.20988309293192445,-0.19219155511798536
1.93275,0.008191047995694745,-0.10741071450589268
1.932875,-0.3961297738097563,-0.3029320653939251
1.933,-0.2010358854184711,-0.3057129520258467
1.933125,0.11566665866779866,0.15059524383955608
1.93325,0.02737807547532554,0.3071845060599134
1.933375,0.016014445902113088,-0.05447013849573012
1.9335,-0.08546092186911182,-0.35133205070100004
1.933625,-0.1935111194197644,-0.18811950643062905
1.93375,-0.10615196677775242,0.06569842454627631
1.933875,0.2961822400622492,0.10003774998773897
1.934,0.5697236077227685,0.083192961640124
1.934125,0.2288761521025334,-0.09496652718154162
1.93425,-0.08557085966839,-0.5279866752205358
1.934375,-0.10485727305396461,-0.31991026836480474
1.9345,0.4247538201316315,-0.1739073832170769
1.934625,0.5478466717670641,0.19834878693554284
1.93475,0.1289759892403254,-0.030499016916947636
1.934875,-0.07660805100991862,-0.3304769630867475
1.935,-0.03706288999406367,-0.03345017635943053
1.935125,-0.18981093564608637,0.05325722526714228
1.93525,0.0845573738065025,0.1697883753773679
1.935375,0.30478585121641416,0.14926114384548517
1.9355,0.1427904157566347,0.05865093192280798
1.935625,-0.267127594424009,-0.05231550081084391
1.93575,-0.4002938121592812,-0.06473371083487389
1.935875,0.19359176062389835,0.33949758982639433
1.936,0.35014930024875274,0.5084155405219378
1.936125,0.21523167861802872,0.2417748086918632
1.93625,0.1256872849862986,-0.11488896828853777
1.936375,0.06465555303610722,0.09720506733090412
1.9365,-0.07364785583377642,0.32583352383344694
1.936625,0.1468116420157943,0.4598487391249527
1.93675,0.32302508357715143,0.14906361938284612
1.936875,0.27019631231447266,0.046668244973543584
1.937,-0.24792632480432983,-0.15206082644097216
1.937125,-0.4796991111512879,-0.19982274414170662
1.93725,-6.1012678508089365e-05,0.061965856711788926
1.937375,0.12738450241515084,0.35374963582258623
1.9375,0.0016436056279394411,-0.07038710165679778
1.937625,0.07842569665493769,-0.33898418698186245
1.93775,0.050029824162730364,-0.31126761749223847
1.937875,-0.13661128624825689,-0.03604828343448727
1.938,-0.07549629139532368,0.2796357583543413
1.938125,0.2646395606524596,0.11637181218183774
1.93825,0.0001923635355303936,0.1439798623338649
1.938375,-0.2069655323567414,0.0021593178204282622
1.9385,-0.13173243818786967,-0.07424222969102545
1.938625,0.18018207187300683,0.16215586673814794
1.93875,0.19083744188158813,0.4400941453276519
1.938875,0.09445492335727172,0.12775413375162215
1.939,0.037642102462075784,-0.22860234966130455
1.939125,0.020738276247253398,-0.2658240261004351
1.93925,-0.024008475788777593,-0.15180362199907216
1.939375,-0.09916867005350835,0.1877908740674636
1.9395,-0.08147092728565257,0.005711973896639511
1.939625,0.05755687976578873,0.06156412150611575
1.93975,-0.26285929512217204,-0.028623999544704817
1.939875,-0.27491910113614254,-0.20364761547566018
1.94,0.021897134951052055,0.0742677223427176
1.940125,0.24658180646469124,0.2118414386047723
1.94025,-0.24441827035670466,0.03358521969422105
1.940375,-0.45027540546006156,-0.11510259887923753
1.9405,-0.4608112603350172,-0.0606023210666314
1.940625,-0.3031153584811245,0.2551971157717878
1.94075,-0.057634529300869874,0.16102917780459258
1.940875,0.05977437289714671,-0.11081423553802389
1.941,0.041994344655353504,0.005786262496802238
1.941125,-0.19795358980686525,0.13229779650820764
1.94125,-0.525639059235592,-0.187102841519783
1.941375,-0.10500324773392354,-0.18260945369482415
1.9415,0.1449187164416179,0.018421800226114705
1.941625,0.13571472524393144,0.18241041462605312
1.94175,-0.20343844031485636,-0.22252717284677417
1.941875,-0.0797821147134081,-0.11852892292833635
1.942,-0.09828493504430169,-0.022367299414789495
1.942125,0.025842314739369356,0.014319173128400265
1.94225,0.36788895873748173,-0.14172766785348923
1.942375,0.4126327181381066,-0.4970964336959367
1.9425,0.16400644566442135,-0.3874678714417814
1.942625,0.02926639618434188,-0.1436308054968216
1.94275,0.06618199785419271,-0.1308230389491802
1.942875,0.352184438458758,0.1422460938364394
1.943,0.2779177311371454,0.11255750099322448
1.943125,-0.04930403424515075,-0.20142533724394984
1.94325,0.2745085907032175,-0.4884674348496084
1.943375,0.1751448976368994,0.02994847061786972
1.9435,-0.02105886719865108,0.2568301009583394
1.943625,0.13765268262068345,-0.03024324492683887
1.94375,0.19824433376743922,-0.07610176366985444
1.943875,-0.10985241881997058,-0.18732033015143873
1.944,-0.4570326283314219,-0.08210139022325866
1.944125,-0.201342483062365,0.04431617985728776
1.94425,0.28238750679619323,0.3075937398913211
1.944375,0.1965692062065408,0.37473284858889166
1.9445,-0.034593480971961334,0.21481502358901486
1.944625,0.02461143820520799,0.005047804716860668
1.94475,0.05174865556625159,0.04971631396655677
1.944875,0.016093248718366884,0.3064587462982512
1.945,-0.06115766730952983,0.21576232567146766
1.945125,0.1829243154136535,0.10848388153097348
1.94525,-0.03322053845220383,-0.06812036352072134
1.945375,-0.1919483726175104,0.13958366381939033
1.9455,0.09870987312533584,-0.006397316133491224
1.945625,0.19871121367684927,0.04604967053625826
1.94575,0.031143870244164734,0.22950682989146617
1.945875,-0.3848056612713296,-0.18335985748128958
1.946,-0.37565083744682304,-0.21769947945397553
1.946125,-0.19314631568717985,0.028997186908179155
1.94625,0.12143656989425117,0.35523218019033886
1.946375,0.339383674243525,0.2706050004733609
1.9465,0.30723632932460554,-0.05265180993971248
1.946625,0.12293187728071436,-0.10911956593573359
1.94675,-0.22666558544816445,0.025638458603196645
1.946875,-0.08817468260404007,-0.02207957821088994
1.947,0.25942599719991405,0.11245266720717213
1.947125,0.1713094417941832,0.08949990231144535
1.94725,-0.2932821112275273,0.026741992907768915
1.947375,-0.3228364070193631,-0.008291391355387031
1.9475,-0.04521429026098502,0.05193786613447905
1.947625,0.03762993895967392,0.2057017342859404
1.94775,0.04566054886737525,0.14427061870484648
1.947875,0.18080082476321044,-0.3142695203871811
1.948,-0.06649390639682443,-0.3297702279829196
1.948125,-0.26503782719128344,-0.09614159147710007
1.94825,-0.19538684149170812,0.20643170485491613
1.948375,0.29202388106236093,0.2758758833095699
1.9485,-0.06656860912296053,0.2185398211103639
1.948625,-0.3304231564764145,0.04159058698057165
1.94875,-0.47013864115108817,-0.2911059716226529
1.948875,-0.2484382334367229,-0.04461568394032801
1.949,-0.08620653728385584,0.09858622551626794
1.949125,0.013823850008289503,0.18148369223929792
1.94925,0.10124233925084926,-0.2555160059722189
1.949375,-0.21861812204377598,-0.24287901422114097
1.9495,-0.39118967790999076,-0.09419480787505931
1.949625,-0.3945591222902711,0.02953830688668603
1.94975,0.0031251305397927047,0.15784791485738467
1.949875,0.20480363829347123,0.06321039983172981
1.95,-0.0551604599305059,-0.021510877295835392
1.950125,-0.22348440087059943,-0.3208529494114796
1.95025,-0.09596307766066697,-0.21892041676109752
1.950375,0.2887491295843741,0.09891364429853436
1.9505,0.3465984192890612,0.08290924602446387
1.950625,0.1485884227832335,-0.34060001949378715
1.95075,0.2189556354950531,-0.41418640602367035
1.950875,0.05749968203248374,-0.15474771309989283
1.951,-0.014896283715346773,-0.09170503633015056
1.951125,0.3558259872910548,0.019497688694913116
1.95125,0.5952120180553084,0.024805502032206037
1.951375,-0.002946977160334351,-0.22344755665175955
1.9515,-0.007132447436082323,-0.33002260960492424
1.951625,0.02225456997257638,-0.2548174688445577
1.95175,0.4347484312853414,0.12970512763045966
1.951875,0.3399739056889143,0.2003734939002708
1.952,0.19015518891048883,-0.03854065045466023
1.952125,-0.07105602192379958,-0.1571167912401592
1.95225,-0.16496731866828757,-0.09797046179183162
1.952375,-0.09325414226852274,0.2026528021223801
1.9525,0.18858174249904036,0.06397101591525343
1.952625,0.40448673983015976,0.1785402725618498
1.95275,0.1329711905438863,0.14594296748176627
1.952875,-0.13633569144307783,0.10874638881252982
1.953,-0.1511632556832295,0.10088797478756241
1.953125,-0.03480855190517141,0.6267271749058915
1.95325,0.14528467361369538,0.49167224506026097
1.953375,0.018581094815082213,0.010243973187084287
1.9535,0.04376808956222584,-0.2279254850410397
1.953625,-0.18833277761308503,-0.14790321062506875
1.95375,-0.007156189932367813,0.23179925642332777
1.953875,-0.02745920516688385,0.35528959766066426
1.954,0.3470237247167912,0.2395247015329183
1.954125,0.07250391596725066,0.1764192138370977
1.95425,-0.22616572159427245,-0.28071383196692967
1.954375,-0.0217214160985491,-0.20237950076734462
1.9545,0.1197410871084042,0.26151076068363255
1.954625,0.06349639430092774,0.24679100507578616
1.95475,-0.102359210731794,0.14137401314548123
1.954875,-0.006969802197702916,-0.14564209073633985
1.955,-0.19983376859622853,-0.20734307722139825
1.955125,-0.14292174304323274,0.021229271521603286
1.95525,0.062199926621997685,-0.016225412224916753
1.955375,0.2844293106520071,-0.058839619919101416
1.9555,0.10043200963335258,0.0001994974276867408
1.955625,-0.20871485591490224,-0.023830941218642737
1.95575,-0.26273990388959506,-0.11696363259135567
1.955875,0.15148527160918196,0.038612696176213615
1.956,0.26191172778078464,0.31301298752874995
1.956125,0.35081738925165806,-0.01306948401782839
1.95625,0.14147961939284873,-0.24422670166834706
1.956375,-0.05314116061613114,-0.09414667082552904
1.9565,-0.23904018176367617,0.25905266871340815
1.956625,-0.23347830055284266,0.18937874142188768
1.95675,-0.04947273281640377,0.01612910455126781
1.956875,0.03582784493819205,-0.17983991312287684
1.957,-0.4758714538607506,-0.1106219470395391
1.957125,-0.2815808408316189,-0.20026466226122241
1.95725,-0.020225555682535874,0.04262450470748334
1.957375,-0.11816927883167334,0.2910830281805871
1.9575,-0.06904598845566039,0.07990738652731394
1.957625,-0.1952379730843727,-0.16268421733315744
1.95775,-0.19426191827216308,-0.0657272453701378
1.957875,-0.37228430721118544,0.11918900340695783
1.958,0.1667291812422463,0.17887515538872872
1.958125,0.09634863813929052,0.24624455933866693
1.95825,0.05612519174890361,0.17651506078499413
1.958375,-0.22676097105322485,-0.17331208486133387
1.9585,-0.3912467754962889,-0.3560309493166565
1.958625,0.1718704959496151,-0.2041928813812006
1.95875,0.4516027340733112,0.06183333910007785
1.958875,0.29093184442209574,-0.017948077556059223
1.959,0.17081703147111943,-0.25504655517989056
1.959125,0.21841419605929652,-0.17475171820055044
1.95925,0.18270926885528152,-0.20233673348242842
1.959375,-0.19513646833816134,0.03987067131227495
1.9595,0.018937405164537454,-0.05967177284307066
1.959625,0.06257954278869332,-0.13709172645443343
1.95975,0.12209409624639281,-0.16653784927746204
1.959875,-0.04705115467111346,-0.21319808458238731
1.96,0.2854030803382268,-0.2546681701757603
1.960125,0.2802714294097058,0.16270716044550262
1.96025,0.04045370683922884,0.01525249994587592
1.960375,-0.02971389018374078,-0.1725225419844302
1.9605,0.1237774352564035,-0.19096350738387952
1.960625,0.05088320519080702,0.04183594731869252
1.96075,0.004341273728895699,0.2893935140071837
1.960875,0.18076031677416293,0.20617310687720627
1.961,0.28693315154756166,0.2657432176375346
1.961125,-0.130583388763868,0.14914758080722298
1.96125,-0.1549400013006341,-0.010651488691349985
1.961375,0.2232501469491039,-0.11420800702601981
1.9615,0.4959494802490646,0.07165589659824324
1.961625,0.2067968186118569,0.1938735039019326
1.96175,-0.13113362921708413,0.18269776699182166
1.961875,-0.21147935993963463,0.021299958682412443
1.962,-0.0992953683596253,0.16090088512984158
1.962125,0.05859240451533212,0.11735230676029654
1.96225,0.33894857832611436,0.027479414713671952
1.962375,0.3272896749877891,0.18329497365890393
1.9625,-0.035738999402556544,-0.005378445508498804
1.962625,-0.45950778610194115,0.02154894603294228
1.96275,0.09763684291600688,-0.15504078094564272
1.962875,0.24888236829224047,-0.028598360537020282
1.963,0.077474547405113,0.17160023829950646
1.963125,-0.06794248739656827,-0.1914137245172343
1.96325,-0.24972132487433266,-0.1812799018376054
1.963375,-0.12581880685760707,0.3003713120360821
1.9635,-0.09885997344650815,0.5145444280489984
1.963625,-0.057680106450992086,0.36419939068111806
1.96375,0.022119403724410524,-0.07671414689811751
1.963875,-0.2842612190746934,-0.1521261602613012
1.964,-0.11631356831188089,-0.08475697601541171
1.964125,-0.16126903839077708,-0.008981911602542152
1.96425,0.1683716371317676,0.27492091913668876
1.964375,0.17498291919931033,0.1613184453434505
1.9645,-0.3142365853852778,-0.037982120724180474
1.964625,0.019806365439564138,-0.1694977797233552
1.96475,0.07419692885168494,0.03129229734988299
1.964875,0.09717524124093486,0.05770783955503592
1.965,0.21085505390080375,-0.02511644699863021
1.965125,0.11371516990432708,-0.2237100908417885
1.96525,-0.4019636998856088,-0.07742504613513201
1.965375,-0.5802724738720122,0.054983653313787975
1.9655,-0.4306889634130919,-0.12030560063978359
1.965625,0.13781504589944443,0.04357447157749013
1.96575,0.02461455824905566,-0.011409028620315004
1.965875,-0.2971126135651977,-0.21148979300544135
1.966,-0.3462669291683946,-0.29237279098895014
1.966125,-0.12665413557119073,-0.18956846007050504
1.96625,-0.2561272783204593,0.14074702812115353
1.966375,-0.06826543989967224,0.07646475576520825
1.9665,0.09891265242736606,-0.16240460498442802
1.966625,-0.0760217423689578,-0.07773216915465213
1.96675,-0.18092367361394657,0.15685089409191252
1.966875,0.056894876327452736,0.09009606800833081
1.967,0.4170917849413417,0.23242694161504257
1.967125,0.5190771945639097,0.08618574031499199
1.96725,-0.022750644735684375,-0.20531430075164075
1.967375,-0.11153559806387264,-0.6288072853906044
1.9675,0.22143375829739034,-0.24363867657501254
1.967625,0.22725355022327362,0.10263441487439792
1.96775,0.19280262911868998,-0.013326769960408224
1.967875,0.1860674629448665,-0.23481262204192102
1.968,0.2698614230329945,-0.266550136777397
1.968125,-0.13697272601743518,-0.13965965740050218
1.96825,-0.03836995627469194,-0.08054716481960025
1.968375,0.3545454294104456,-0.03913268469002526
1.9685,0.18402536894524008,0.0636458368798976
1.968625,-0.18053862407615198,-0.0826762550640332
1.96875,-0.18447748628605484,-0.24330416550681472
1.968875,-0.1138681200038639,0.04980077721014019
1.969,0.10209856719233747,0.495377450970986
1.969125,0.27534769278633425,0.3759537850106838
1.96925,0.047601068133792224,0.1467641589126692
1.969375,0.06766480461488929,-0.09641871647624357
1.9695,-0.0760161983674031,-0.06818506809586079
1.969625,0.14781413725316947,0.094071152094703
1.96975,0.6420205105753005,0.0033841490264866366
1.969875,0.39271757765515225,0.21059775700130606
1.97,0.003683633442718351,0.265998862542296
1.970125,-0.31879031103514144,-0.16313806121071298
1.97025,0.03141782173567447,-0.15874094487415832
1.970375,0.27366911509659264,0.3378153300694757
1.9705,0.2081428517411746,0.4223262820742365
1.970625,0.19376892434571993,0.005604160283682547
1.97075,-0.09081785702962891,-0.20348592689202996
1.970875,-0.4166811434145399,-0.19870498086084087
1.971,-0.17422418010779941,0.14523951101208266
1.971125,0.4667397741815629,0.302476656829283
1.97125,0.39314600436384445,0.06677862602003813
1.971375,-0.2274225919242893,0.0021661946049424743
1.9715,-0.7101690869724495,-0.015771119420658578
1.971625,-0.4343523251779093,0.09661755425687968
1.97175,0.08770245197527103,0.4400529199181192
1.971875,0.14495637745122045,0.5044303658295335
1.972,-0.0050049566638865235,-0.10932916985191198
1.972125,-0.028159252560280866,-0.09704246367743768
1.97225,-0.2198782584476419,0.05734103218846411
1.972375,-0.27519373019110865,0.30950951406830784
1.9725,0.019913880666834444,0.18438305876687017
1.972625,0.24027014883037945,0.24371394568314378
1.97275,-0.17417578875131057,-0.029957382316581703
1.972875,-0.500616423633238,-0.2397631776089049
1.973,-0.16551100760659318,-0.17182214309569638
1.973125,0.0074231699863460615,0.3084700344115344
1.97325,0.10465255629329522,0.33648403643910174
1.973375,-0.06211718802791757,-0.10617221801889583
1.9735,-0.15152774868521732,-0.49182548894889233
1.973625,-0.4875467511025051,-0.329832618236885
1.97375,-0.5372543033883599,0.07605842472960514
1.973875,-0.2328774117511916,0.09482441906239103
1.974,0.13104919473565826,0.12287123483858331
1.974125,0.03399649335977084,-0.11721832753357514
1.97425,-0.4556478250238544,-0.2249277282019557
1.974375,-0.4404981780274399,-0.22005928998805788
1.9745,-0.02156905041193799,0.12665457954412151
1.974625,0.07352618882715223,0.32899581470608164
1.97475,-0.10294325668042673,-0.11217903434650087
1.974875,-0.08728096094240556,-0.3079181112295021
1.975,-0.15748395446396404,-0.24581172731780537
1.975125,-0.051570082008043146,0.18118169160140205
1.97525,0.1854147246485274,-0.06980659592335885
1.975375,0.4680961065450475,0.1208562543168754
1.9755,0.08780117015604329,-0.031569408523840777
1.975625,-0.30710436641231414,-0.3408363006570792
1.97575,-0.19019381428142096,-0.4825857563643663
1.975875,0.11867455380997173,-0.027637797742566677
1.976,0.2645311106717758,0.2301896690098483
1.976125,0.43839160755204604,-0.021509409021846077
1.97625,0.1943955731122445,-0.28457176389982586
1.976375,0.08173679437473394,-0.3458300197344112
1.9765,0.033075722842121645,0.049482465957025684
1.976625,0.2951396303343862,-0.0022964626461354906
1.97675,0.506818941082891,-0.05889014920064813
1.976875,0.12712850949302126,-0.16482390135864064
1.977,-0.3147604022876398,0.034168552893400476
1.977125,-0.04854435105539622,-0.10066981691584351
1.97725,0.12521952671776,0.24720267172225097
1.977375,0.23575772155057786,0.3508055695809178
1.9775,0.03554137238061119,0.10516265357586448
1.977625,-0.001107961309972713,-0.18025810507501625
1.97775,-0.014783583741040877,-0.12212240995038665
1.977875,-0.08415404081379883,0.25598367126205135
1.978,-0.08561249719668108,0.23540301423604654
1.978125,0.33300018356398775,0.2963393256168675
1.97825,0.1819945924374076,0.24750510110240004
1.978375,-0.13403501414412974,0.025914478630896267
1.9785,-0.45451406858466104,-0.03861729126463703
1.978625,0.08247566291565418,0.2552299789880985
1.97875,0.2699882026469908,0.3955109814833628
1.978875,0.17435553063709766,0.29023374618602704
1.979,-0.017108696927698248,-0.15843905786362789
1.979125,-0.17159275453302722,-0.23464421294223112
1.97925,-0.013528425492310784,0.27958792516796493
1.979375,-0.1070463140690961,0.09789290252770254
1.9795,0.20324592639908914,0.035545223952409465
1.979625,0.1205628835480281,0.013825020304024525
1.97975,-0.2880592012496056,-0.1674404574520988
1.979875,-0.44391019286927313,-0.09463947525211476
1.98,0.008598948698694105,0.02414849090817135
1.980125,0.37087922686540575,0.2550337126816773
1.98025,0.06894103522478832,0.25338127437007973
1.980375,-0.2256814749712145,-0.29364491400776177
1.9805,-0.18091511546802508,-0.44017968399509355
1.980625,-0.19561342536798587,-0.0636773639942557
1.98075,-0.07543367387115357,0.27497286211582916
1.980875,0.18399248044818858,0.09298394009003824
1.981,0.4312332860479867,0.15101160413266201
1.981125,-0.12853662686023531,0.04706367399928015
1.98125,-0.3889304941755275,-0.09148553870625575
1.981375,0.051970311032065786,0.04144511649524213
1.9815,0.24772876625432708,0.14151605105432663
1.981625,-0.021528754755740117,0.1392560615012364
1.98175,-0.3481151866986368,-0.2746789018830595
1.981875,-0.34583019126954323,-0.17468819442125916
1.982,-0.32526156201428086,0.09190409750857621
1.982125,-0.22198513547746393,0.3522605439528775
1.98225,0.1390181344105496,0.11978189971790784
1.982375,-0.05764546456616123,-0.08888522984392906
1.9825,-0.6506674748489122,-0.1239927711241735
1.982625,-0.7930236022237376,-0.19468745637880883
1.98275,-0.3772969933509025,0.004588458844121983
1.982875,0.21033628140205446,0.284013977587239
1.983,0.0794428796588173,0.32515309119256414
1.983125,-0.07110468469502691,-0.15074500692383214
1.98325,-0.05696304126549925,-0.38049917690811996
1.983375,0.16909087248710403,0.006808883028009072
1.9835,0.22236286302181582,0.16576082197377953
1.983625,0.2876165971979328,0.08649519797524105
1.98375,0.43910032078539374,-0.15117271626214918
1.983875,0.24719777438421658,-0.3021157364675882
1.984,-0.035916237824469024,-0.35895281603162155
1.984125,0.16333404913146107,-0.027301962622041338
1.98425,0.6011820564752522,0.0830158318169378
1.984375,0.349469097106496,-0.01777064971682694
1.9845,-0.04291678779072835,-0.4782595483382683
1.984625,-0.06534462609271831,-0.7529955013033494
1.98475,0.10009974077809967,-0.38283216858840474
1.984875,0.048676290981864184,0.11152944441853747
1.985,0.18358434942781918,0.19136260823409182
1.985125,0.23039423361925024,-0.1004387560372693
1.98525,-0.10933248788721636,0.05005646222362097
1.985375,-0.44621800919335713,0.14223031311954518
1.9855,0.0071593341511314535,0.18146719190595692
1.985625,0.3822602055934407,0.29242298050215604
1.98575,0.15468883371416145,0.42217506089644014
1.985875,-0.31868165906613133,0.31315184025454423
1.986,-0.3251553829617816,0.0007285431748591796
1.986125,-0.04691183523745151,0.214191539336754
1.98625,0.15211634210747413,0.3293207470322368
1.986375,0.26525174994381406,0.3060525372681763
1.9865,0.32294567533826785,-0.1277726434934885
1.986625,0.07912933833668201,0.06157564187086057
1.98675,-0.22450948519826733,0.17114853279872033
1.986875,-0.2038525528607315,-0.055386364709566926
1.987,0.23740200368369882,0.09508887687037118
1.987125,0.29990861297924115,0.27789738384773993
1.98725,-0.2159269500965659,-0.017793503515166967
1.987375,-0.238902726043418,-0.21652776979136829
1.9875,0.018536037358336893,0.04388814804802976
1.987625,0.010609211451174577,0.38688680115029
1.98775,-0.041282241748009,0.06271988838890258
1.987875,-0.05368473062946481,-0.3031096143250529
1.988,-0.14881010645594825,-0.2622897927453021
1.988125,-0.45715608533857144,0.026040414990628057
1.98825,-0.17961669929469484,0.1197792060109936
1.988375,0.24595158367940576,0.0745176970753011
1.9885,0.44731658711306715,0.25333116894707947
1.988625,-0.09518215679163758,0.00792985858325756
1.98875,-0.38546629292721973,-0.21975481714718323
1.988875,-0.12575534292178048,-0.019241043842226493
1.989,0.03974290847914554,0.3110021959823442
1.989125,0.2902818972785985,0.13627678982646196
1.98925,0.20952034624281438,-0.21606239952686623
1.989375,0.032921607643888906,-0.2053679814271897
1.9895,-0.1955425938316341,0.03921600357712114
1.989625,-0.05280417058524292,-0.007450864366846153
1.98975,0.07204821520199672,0.009979263057312832
1.989875,0.22216582445585378,-0.10654612886747906
1.99,-0.2809355261758217,-0.3466718805458542
1.990125,-0.5379966104051479,-0.47368042816053235
1.99025,-0.3252081830358994,-0.21591162699658073
1.990375,-0.037422330757417514,0.32669979223391105
1.9905,0.08850196916668653,0.308376691399313
1.990625,0.058760545646063145,-0.08162300118068849
1.99075,-0.015747776088163648,-0.24263712348850425
1.990875,-0.23925173717625847,-0.21749334001774748
1.991,-0.012927507862077053,0.11042392156151662
1.991125,0.304196600115215,0.23831333755325484
1.99125,0.19360428687797865,0.05625824188063605
1.991375,-0.2474826740041594,0.1221884253304877
1.9915,-0.40054560167149783,-0.3400893930802192
1.991625,-0.05664798767279322,-0.3076084720321025
1.99175,0.1482104015019538,0.2582137614652059
1.991875,-0.017155825126793974,0.2469732132309633
1.992,0.12608205745453008,-0.23897534003446544
1.992125,0.19909827585535436,-0.5417080873364619
1.99225,0.01927173787658015,-0.18481765825651789
1.992375,-0.1383243286581333,-0.04758717647719743
1.9925,0.24377055949761592,0.1107113698027722
1.992625,0.6063951091583889,-0.01182992991517465
1.99275,0.3209102192402091,0.06075325136846399
1.992875,-0.042501876673864916,-0.22544132637528477
1.993,-0.03909352635788139,-0.05323289885261686
1.993125,0.10828129367742693,0.1215202962019751
1.99325,0.06589082571738643,0.2527291774743896
1.993375,-0.04899134461987452,-0.004024796803930738
1.9935,0.03449894451395702,-0.3730269756262483
1.993625,0.1276224781526607,0.08105212594090257
1.99375,-0.021856235338928418,0.013377697449817736
1.993875,0.18521898788488278,0.0714092254106686
1.994,0.2297221866857722,0.041295280422174965
1.994125,0.033139625267055835,0.07561080400180013
1.99425,-0.2481638180668147,-0.16754246258624145
1.994375,-0.1755396637416927,-0.23388664676918008
1.9945,0.22112213209994444,0.19261079689531854
1.994625,0.12922473884838837,0.5117417500328562
1.99475,-0.12103373570701721,0.2636558324019753
1.994875,0.08963375986941693,-0.11638692512771315
1.995,-0.09356141341023101,-0.13078347056120665
1.995125,0.005164185232339505,0.09705816099165311
1.99525,0.3040441139648831,-0.014664604873262856
1.995375,0.5143483935741758,-0.07181728296199318
1.9955,0.15229986896776931,0.06800562724962458
1.995625,-0.2636642894159558,-0.08673602706107614
1.99575,0.015973475052355048,-0.10137332522849257
1.995875,0.11674137139101225,0.02286240859222884
1.996,0.13384354641686075,0.2789674683014549
1.996125,-0.09251501536972072,0.11934562089861704
1.99625,-0.34019886902842666,-0.3393991811709697
1.996375,-0.4218824971571882,0.03569778892483552
1.9965,-0.25712115419843334,0.23420914218965647
1.996625,0.068360790612555,0.13524912634296832
1.99675,0.32702871416892,-0.04308888816466114
1.996875,0.03152430517563762,0.09239042914212212
1.997,-0.4821237743520458,-0.07080347361869777
1.997125,-0.3214079459544611,-0.01655244623988683
1.99725,0.3772270136724255,0.21493318691020308
1.997375,0.20385866700548366,0.5447729054667159
1.9975,0.019094706183379568,0.20770929699900645
1.997625,-0.15153468237915443,-0.1810794156332358
1.99775,-0.22559423772478737,-0.10314556336913361
1.997875,-0.1969354608016889,0.1505380552112937
1.998,-0.044658884969208106,0.18914172620551195
1.998125,0.2546751361457598,-0.15470728912427884
1.99825,-0.047221357091646425,-0.30589995732279407
1.998375,-0.3811040814456218,-0.25874707877321523
1.9985,-0.4520080019330002,-0.16380874338990367
1.998625,-0.08908626640732403,0.055497983473871255
1.99875,0.17015698221733963,0.22238446127958966
1.998875,0.029164593644852445,0.07310095169403655
1.999,-0.28086394538907805,-0.26985731873058316
1.999125,-0.28819756331075524,-0.26453082586675675
1.99925,-0.3961176393922622,0.27227282204757164
1.999375,-0.09624247585831419,0.3274639793229144
1.9995,-0.002935547336184354,-0.006268866882240267
1.999625,0.12088929458639724,-0.06946470795753662
1.99975,-0.4702549645122658,-0.11144370357087588
1.999875,-0.4742103505425303,-0.14956760331908092
