time_s,sensor_1,sensor_2
0.0,0.12643172836243374,0.03283210698875803
0.000125,-0.05694171208657212,-0.05148959931914104
0.00025,-0.0040826018675795585,0.06296106372372998
0.000375,0.15450333462052812,-0.042458445779245284
0.0005,0.12024522696833935,-0.12787731112029607
0.000625,-0.22971981172497774,0.04543022170327366
0.00075,-0.0035372286135471596,-0.2157697098535737
0.000875,0.33323612073125564,-0.06759142382182125
0.001,0.07650320621448338,0.20159539606340143
0.001125,-0.2604557098452541,0.03489156550604013
0.00125,-0.2161786779958979,0.03164493953761518
0.001375,0.012279743582080326,-0.14571154330557123
0.0015,0.48239839950619395,0.18134872060392057
0.001625,0.41783725289645357,-0.10092051378943663
0.00175,-0.15309390326568625,-0.03632511577737581
0.001875,-0.05992221240852683,-0.08453377527631264
0.002,-0.15038744442696816,0.15108802302402943
0.002125,-0.05146161136196708,0.35696228335133573
0.00225,0.367056055243813,0.1074957284450746
0.002375,0.41366480517350823,-0.11453362754938443
0.0025,-0.10812359825366095,0.12919017532865634
0.002625,-0.2802407862020882,-0.2686143301724625
0.00275,-0.08176728079938135,0.4112501033145883
0.002875,0.5341484192318425,0.30252912713416225
0.003,0.25813721547841484,0.1562051118510726
0.003125,-0.31218769013726305,-0.33444812832840215
0.00325,-0.2970684387997276,-0.3124690272043503
0.003375,0.2096601398754603,0.09920129061316035
0.0035,0.2290660508877892,0.5104969985651466
0.003625,0.1906996391513399,0.19700037130440046
0.00375,0.3790177585529759,0.14320856728811454
0.003875,-0.2973782002688833,-0.022948158337732394
0.004,-0.2681966123966899,-0.1811539496726782
0.004125,-0.19625957111599274,-0.13131718255843197
0.00425,0.41946176395819657,0.4956882044127919
0.004375,0.1969284472251985,0.33627627340142385
0.0045,-0.5093300906917555,-0.17954015900497305
0.004625,-0.30062751990091263,-0.39727667780447273
0.00475,-0.08513589054734234,0.09657090619482793
0.004875,0.16283345569878685,0.15532497998717795
0.005,0.29020969245928896,0.2594070022545909
0.005125,0.09949087734175159,-0.22933402447057016
0.00525,-0.19139096065407524,-0.32552603091060356
0.005375,-0.8069568045750952,0.09094677420126766
0.0055,-0.41663426589319813,0.32077760452364434
0.005625,0.529100740797935,0.31583455714244085
0.00575,0.13813631003037485,0.14145593950226046
0.005875,-0.42312915615598423,-0.029425159074339447
0.006,-0.22666583149468073,-0.5389594334649921
0.006125,0.026163050109358755,-0.044038642625296144
0.00625,0.14256991988620815,0.6183697515885848
0.006375,-0.031232862781579072,-0.0377729279361734
0.0065,0.21089261384391075,-0.2517349689547965
0.006625,-0.2761699530632632,-0.0021805004444889016
0.00675,-0.6508452048751728,0.025701688870363323
0.006875,-0.290088308028262,-0.116904052280394
0.007,0.2237968137906496,0.02507824051223562
0.007125,0.20182184203877132,-0.0006736935265840892
0.00725,-0.20400075459644004,-0.4173587352671312
0.007375,-0.34151578147210265,-0.5244218131817642
0.0075,-0.48495913077830105,-0.35069953240998386
0.007625,0.03318534751774032,0.26831891411156306
0.00775,0.037519642494397445,0.3486282397299576
0.007875,0.2731181018008032,-0.161434294996539
0.008,-0.007981991830425826,-0.5066744523815956
0.008125,-0.2830991732753039,-0.0007189076297493325
0.00825,-0.15096479917498787,0.27289591170146027
0.008375,0.4308405559866927,0.2782058476800604
0.0085,0.18757445287529495,0.2471768907032151
0.008625,0.12529908722739605,-0.030569514356751617
0.00875,-0.3736938751697761,-0.5365176409673786
0.008875,-0.29980868248753245,-0.4138670840757135
0.009,0.33755251916492374,0.4234454158742675
0.009125,-0.04936948563172835,0.43715320537446173
0.00925,0.3931538168051713,-0.16517094187120598
0.009375,0.19102704733448678,-0.5217972818037465
0.0095,-0.25404010719855286,-0.5257265178220146
0.009625,-0.051459533968192646,-0.14949030156194656
0.00975,0.2744125058471605,-0.04164793744104091
0.009875,0.707621660394132,0.37175055483204567
0.01,0.22620874755644868,0.11286354368577733
0.010125,-0.21432694537570798,-0.35646630030403015
0.01025,0.1777574394155228,-0.05238059633326311
0.010375,0.22957192790884384,0.2245155139314131
0.0105,0.11261269351683355,0.205478758143042
0.010625,0.10047000874733399,-0.15608191712063754
0.01075,0.16260326085835497,-0.3452752258785143
0.010875,-0.45720234346609184,-0.03972622134655011
0.011,-0.11316518554596933,-0.12270640241298887
0.011125,0.0968287747506085,0.05033818354438506
0.01125,0.17717537638711206,0.25407696325003515
0.011375,0.17159374880763786,0.19788304173199164
0.0115,-0.4447887626379928,0.14098751871038484
0.011625,0.016264284946488905,-0.2529454092453412
0.01175,0.2228224192825596,0.4599102257125685
0.011875,0.011962539542593053,0.46650922179482723
0.012,0.3023942046954409,0.2497621018086175
0.012125,0.38694082621874343,-0.04367361961388434
0.01225,-0.1012123579954613,0.07360133494158537
0.012375,-0.17755753151421316,0.05346803681267278
0.0125,0.29562239836852494,0.09808101727917501
0.012625,0.40919913566790944,0.12236341318769603
0.01275,-0.03108600939679366,-0.007170330224364799
0.012875,-0.39853533800534413,-0.6117515293364646
0.013,-0.12124424962659378,-0.26320483336152584
0.013125,0.02882694163965823,0.24427883997549157
0.01325,0.1678614109870014,0.5860892270079682
0.013375,-0.10557376038944485,-0.013649636416202197
0.0135,-0.042225207860029416,-0.058893469602378665
0.013625,-0.37580806965671987,-0.03970297740783854
0.01375,-0.3909523695610265,0.006184543667221943
0.013875,0.08062933708081481,0.10253345669653746
0.014,0.48091230681866926,0.1325824523243649
0.014125,0.2070239375819277,0.15247890927288463
0.01425,-0.4643625274793446,-0.23660846174613168
0.014375,-0.20691124248186424,-0.04024854339855666
0.0145,-0.035281182670972015,0.3521710557912449
0.014625,0.026042517427477825,0.5294716534959825
0.01475,0.11355841707334872,-0.18617540248551176
0.014875,0.09947964625855693,-0.24251789160613887
0.015,-0.15746293632223723,0.010750355467892877
0.015125,-0.440562792277353,0.12520069508335624
0.01525,-0.0693888559801303,0.05508522015686842
0.015375,0.3957034238522255,-0.10734980449587872
0.0155,-0.06948024403879204,-0.16064831094859683
0.015625,-0.5428284937914812,-0.10903475326019425
0.01575,-0.3460841810107294,-0.13618710110553292
0.015875,0.029080804891673646,0.14059970176303757
0.016,0.08210085947076111,0.3116426246365703
0.016125,0.02897110181232221,-0.027745934285056065
0.01625,-0.04996377432376215,-0.3872916579065248
0.016375,-0.10776286747353282,-0.2960059063127891
0.0165,-0.26504510491372846,0.11831127270988134
0.016625,0.025046923400084513,-0.012718913308834026
0.01675,0.3673259862251717,0.0300078278251542
0.016875,0.3471655233370832,-0.05594273161379276
0.017,-0.21978310473317542,-0.1617058072598999
0.017125,-0.10802780624211616,-0.4232637856980221
0.01725,0.2656788239206881,-0.003981630480243735
0.017375,0.32201557590781904,0.30855527267730243
0.0175,-0.006269483269653116,-0.11606378368061523
0.017625,0.01371575400637087,-0.46929114839791447
0.01775,-0.06876569344551631,-0.516442937386941
0.017875,0.11187926166037482,-0.11487108704136298
0.018,0.2742774945019679,0.260032282831963
0.018125,0.23248191430058096,0.09681708559519879
0.01825,0.0014604169233006915,-0.10042964488553466
0.018375,-0.4111133265700885,-0.2944581644271524
0.0185,-0.41403657936087745,-0.22129068553410644
0.018625,0.10645077748872164,-0.07361548864980773
0.01875,0.45510309195536336,0.09196118212056804
0.018875,0.3120398078891962,0.3615772118486277
0.019,-0.32463126290684813,-0.12025348276859402
0.019125,-0.1018535515631811,0.050496161785951
0.01925,-0.22650469784231916,0.2577982700444516
0.019375,0.11685487952675094,0.36990920512340547
0.0195,0.18174739422369854,0.1509484239146419
0.019625,0.05654455135467691,-0.0723417591151423
0.01975,-0.3218924831700241,0.1672411632207005
0.019875,-0.3152718002249068,-0.13299636748579427
0.02,0.08898580663944244,0.1666094084967415
0.020125,0.36644983031436984,0.1562519181967194
0.02025,0.15727555188119632,-0.03782814204724928
0.020375,0.008311001913788887,-0.37346420677182923
0.0205,-0.08748857501009276,-0.1982325302032395
0.020625,-0.042376108651687124,0.2473031835126622
0.02075,-0.06461095091013155,0.5352529260714722
0.020875,0.21345388660794287,0.20823783316890365
0.021,0.25612849760353684,-0.26795092712050433
0.021125,-0.2716560008657321,0.010711369220813454
0.02125,-0.6686472077232268,-0.07495529240997792
0.021375,-0.32804115669987777,-0.26488574092879513
0.0215,0.36192388995818303,0.21509499256939507
0.021625,0.054714844949724756,0.4304014544792133
0.02175,-0.06686209326560799,-0.24696825361133987
0.021875,0.0456070893296058,-0.2486835916010394
0.022,0.05623662412816458,0.02823690799885738
0.022125,0.08048050532572887,0.6166526473162006
0.02225,0.4045393735870337,0.22295713546504084
0.022375,0.22744384870046827,-0.26815236330943026
0.0225,-0.16143121303721816,-0.2643656719573054
0.022625,-0.3653209941334813,-0.2074803812649616
0.02275,-0.3230081985155072,0.07367781966776982
0.022875,0.09878378019186955,0.38119686300075284
0.023,-0.028922039932718073,0.4069592951157683
0.023125,-0.18907764846602948,-0.04686999671462074
0.02325,-0.1912623766489319,-0.3222651463641753
0.023375,-0.1612917008182792,-0.02237014458360098
0.0235,-0.13744277661785476,0.24759712050259633
0.023625,0.2897611560551326,0.019713109719267256
0.02375,0.16921819416337097,-0.022989053184350346
0.023875,-0.027058245464376095,-0.16776602734167614
0.024,-0.5386968255806507,-0.14714675903441776
0.024125,-0.07181640367190129,0.11415190514051719
0.02425,0.08751189646861661,0.4612197711920744
0.024375,-0.031034158246648548,0.088021180129656
0.0245,-0.2576351337713703,-0.30577965495260195
0.024625,-0.32164030866347204,-0.6059575526987993
0.02475,0.24690458926868242,-0.2529988825069935
0.024875,0.10940974138110776,0.025050087604794935
0.025,-0.06734797779857789,0.04211517361302152
0.025125,0.2472851703543113,-0.24951377319391133
0.02525,-0.043846860710501964,-0.09887721256516137
0.025375,-0.2771424287891816,-0.10959344627199068
0.0255,-0.04246384814086277,-0.2071283835678794
0.025625,0.4152542539396963,0.013557207471287618
0.02575,0.26472885710060906,0.3503496540715504
0.025875,-0.1510544327576369,-0.10906984077126994
0.026,-0.07232417820251665,-0.7867839778155888
0.026125,0.01723935085631212,-0.3354041804534657
0.02625,0.5502982288846678,0.29181745849040336
0.026375,0.042086297852744946,-0.041305647305701625
0.0265,0.6384525307962642,-0.08276053884770614
0.026625,0.45945830981382074,-0.18590165341334453
0.02675,-0.28347421362460856,-0.02497865471368139
0.026875,-0.06587067730745814,0.017138351553554514
0.027,0.6139644621200322,0.09674162877188434
0.027125,0.6104596501295495,0.3344614972714002
0.02725,-0.09703343547378146,-0.2144331992200297
0.027375,-0.22836744240441803,-0.12026407466189919
0.0275,0.2171358910447769,0.03762558810658368
0.027625,0.20811219223613828,0.3833977719134387
0.02775,0.2001108090893116,0.1191049747054192
0.027875,0.10252163486049151,-0.27574066240068357
0.028,0.24952950936665913,0.11783960727533244
0.028125,-0.4439257204825875,-0.06284340011598638
0.02825,-0.3048574040114647,0.12880073348950605
0.028375,0.6105208820249336,0.20042605418650072
0.0285,0.5692797850031878,0.12734611541586272
0.028625,-0.5123456108840811,0.12534090542509796
0.02875,-0.5007764661294667,-0.17320660905656227
0.028875,-0.2640724275618504,-0.07005353809562104
0.029,-0.08427346609939491,0.4603839710725701
0.029125,0.14748621825347383,0.23355781183351312
0.02925,0.16340520228720706,-0.1300837945403332
0.029375,-0.08276865133823308,-0.020950293067055134
0.0295,-0.4786972272622833,0.08582493254846654
0.029625,-0.28499076467536344,-0.13522856427852076
0.02975,0.08601298993585292,0.033025551107795134
0.029875,0.37690919753981583,0.15270860936865277
0.03,-0.26164994898110466,0.012060312676954392
0.030125,-0.615383792291452,-0.15059834279677706
0.03025,-0.14641918300228937,-0.16959486988270678
0.030375,0.0973883220893689,0.6703029915995065
0.0305,0.19889913744405616,0.5125956796208739
0.030625,0.2672251421825869,-0.04704965479897241
0.03075,0.1897015907853114,-0.5138686245443309
0.030875,-0.3200677846791132,-0.28844144958816303
0.031,-0.2332502923405754,-0.059325321677039265
0.031125,0.6570584795159362,0.1395914046311657
0.03125,0.5808587162542388,0.22209587881660178
0.031375,-0.013851149410607333,-0.13719674629105125
0.0315,-0.8734014625211011,-0.14898757222309464
0.031625,-0.25720397035076076,-0.3606973928052654
0.03175,0.23548167934663505,0.09321230593220055
0.031875,0.12409023468709007,0.4730303505611079
0.032,-0.17274978969450341,-0.14058170614608173
0.032125,-0.0359522790703012,-0.25402983880784524
0.03225,-0.2623210171020673,-0.15214120736643383
0.032375,-0.3508170458987332,-0.021930973621181318
0.0325,0.17355301861995026,0.08292829518178402
0.032625,0.3873143079142544,0.16936630090102228
0.03275,0.050642399341443024,0.10310493408546323
0.032875,-0.6691399331610483,-0.4795241511838602
0.033,-0.2087668049363748,-0.2508592761481591
0.033125,0.39594369906512544,0.26894921639157976
0.03325,0.16086086550681422,0.47297406307128953
0.033375,0.2518249625428127,0.03075260498927348
0.0335,-0.16340714045252006,-0.68135772412253
0.033625,-0.23767965221148207,-0.6034116556035759
0.03375,-0.21419052317864365,-0.03035741846055307
0.033875,0.28025928505439873,0.07752070431370103
0.034,0.6149560339895461,0.1260444101161481
0.034125,0.2207469519014913,-0.3592351900593549
0.03425,-0.086678417066261,-0.38928170120395167
0.034375,-0.016146431756535337,-0.29948808819272726
0.0345,0.49699637594215235,0.2685296112622175
0.034625,0.353366997488174,0.40302209615644974
0.03475,-0.17813073012145217,-0.14970072204678447
0.034875,0.04761231111315767,-0.6241112325995346
0.035,-0.03150381487625733,-0.49535717250321665
0.035125,-0.1793541260315942,0.29809625029791714
0.03525,0.20367477706278891,0.47758950945438344
0.035375,0.6596633640264427,0.09207898775093909
0.0355,0.14217977268671156,-0.23915116023027835
0.035625,-0.22121720196062233,-0.05144215242295989
0.03575,-0.24117136688850205,-0.2963389931438406
0.035875,0.43836274732102115,0.2355501513063595
0.036,0.5499694581491978,0.7317059119473308
0.036125,-0.003620233886617326,-0.06088327621145849
0.03625,-0.048123515116326704,-0.5139473410256675
0.036375,-0.26071225597368164,-0.2196619638608075
0.0365,-0.23216578862140333,0.31325420021376144
0.036625,0.1632365849834402,0.4644143813716355
0.03675,0.3783423852394154,0.14976567474224056
0.036875,0.24738033057766448,-0.03940879588085238
0.037,-0.36777667849355555,0.1260130565579062
0.037125,-0.23649513045666307,-0.15128611203482098
0.03725,0.2880300344724759,0.16314307136114423
0.037375,0.45099516455869265,0.29939707362141277
0.0375,0.046014202808918,0.1216108649245813
0.037625,-0.10953525496471879,-0.4772766676597264
0.03775,0.06616642766963311,-0.09485154459402305
0.037875,-0.3456860555039721,0.5252453234568297
0.038,-0.3030080679043334,0.6365165926889671
0.038125,0.30998085366760414,0.011593046389710596
0.03825,0.3409712168132673,0.03148750601751397
0.038375,-0.03552375492195824,-0.2470305711213715
0.0385,-0.4551718238213244,-0.40385696504831714
0.038625,0.2740038963196187,-0.11065621437192322
0.03875,0.33525986944897307,0.33591155578578297
0.038875,0.030580895401680835,0.10169089247721011
0.039,0.03126946781886985,-0.16184441792704135
0.039125,0.06209099664349002,-0.4454683937080183
0.03925,-0.08709126121769716,-0.025709846052904002
0.039375,-0.30228156965921654,0.037583554973780964
0.0395,0.2898560101374935,-0.11147621608771266
0.039625,0.07649578971585956,0.004511251869210537
0.03975,-0.3981263713849994,-0.00711368441160046
0.039875,-0.45829572697541876,-0.31874071661705916
0.04,-0.23072255171434164,-0.09324354997654445
0.040125,0.3035194606723441,0.182944862667711
0.04025,-0.2407727794609351,0.12751167656334148
0.040375,-0.24563479685039985,-0.1674511321677858
0.0405,-0.3432910656528313,-0.31824185405636135
0.040625,-0.3886160564979335,-0.1570935674640286
0.04075,-0.6151709416514066,0.31436336425313655
0.040875,0.0956110101293311,-0.007632419746060827
0.041,0.04849633583435917,-0.1305568680146053
0.041125,-0.46169372765338945,0.13977157835937315
0.04125,-0.5026252583980735,-0.254563313534617
0.041375,-0.22809577861141533,-0.06426814456235341
0.0415,0.7153999105832123,0.186208112788894
0.041625,0.29837008023205613,0.03469686463747928
0.04175,0.2430216068823172,-0.8881848689941408
0.041875,-0.08890023379657981,-0.7425175093801898
0.042,-0.19785507636006397,0.0037104136194037562
0.042125,-0.15749402885489064,0.1714832149680271
0.04225,0.8367824294522551,-0.21768276402312223
0.042375,0.49734605244443375,-0.3725945440316476
0.0425,-0.025490875344765396,-0.15285519102309406
0.042625,-0.2656801571612074,-0.29758346090491644
0.04275,-0.2656315548282077,-0.3149170844364259
0.042875,0.7132689876233071,-0.07835274266315752
0.043,0.47397479990466385,0.11793714664308165
0.043125,-0.15319873221122485,-0.30389989382926796
0.04325,-0.07586906660452727,-0.6899708205324944
0.043375,0.013507597030701455,-0.17445311324474355
0.0435,-0.1148221572299918,0.20954032709313344
0.043625,0.07124290213821706,0.33599704990821894
0.04375,0.3849326478260329,-0.030806607898839218
0.043875,-0.20453231958558077,0.012707960727832748
0.044,-0.42868229023369564,-0.4320326879796296
0.044125,0.09748574053429529,-0.09091107688657683
0.04425,0.4738712691376033,0.5088384956216692
0.044375,0.1874695085245748,0.42828379052744014
0.0445,-0.23338212297062502,-0.1587605910595854
0.044625,-0.028214598003826346,-0.3475721927183467
0.04475,0.13254294808313577,0.12306525523973108
0.044875,0.3024917338258377,0.2918655882705662
0.045,0.14466775494233605,0.5004962795735671
0.045125,0.44770417035716764,-0.13047522320608512
0.04525,0.07751035253046387,-0.24681385039406714
0.045375,-0.8053261102089722,-0.1900743346917387
0.0455,-0.18617130122323014,-0.0027930775286193026
0.045625,0.7576128093728405,0.3168831730744807
0.04575,0.6369958286463895,0.01864093955288804
0.045875,-0.4351921599253431,-0.043581218087373516
0.046,-0.5588311091891095,-0.1826260157032845
0.046125,-0.06212982306079462,0.10716343248394995
0.04625,0.09881047029269308,0.3538678746542677
0.046375,0.1464206540473637,0.25455600312054494
0.0465,0.2033241142848416,-0.24399625303840847
0.046625,-0.1130238875459049,-0.09209707876895061
0.04675,-0.3133766964486298,-0.03625705676853794
0.046875,-0.18896041562057778,-0.05952544329115344
0.047,0.42893364714076093,0.3466054176319793
0.047125,0.46151796022518177,0.3164418778859254
0.04725,-0.24498029443043648,-0.09921841311629137
0.047375,-0.6226967640677864,-0.7696977148097189
0.0475,-0.10381323342853273,-0.06714217681261675
0.047625,-0.073265470296111,0.7022434898291107
0.04775,0.28949585216570095,0.7070363305257511
0.047875,0.10931028144414912,-0.060705602663768975
0.048,-0.09173616009510087,-0.5228660573143696
0.048125,-0.8191150800372409,-0.03563930308348176
0.04825,-0.3066062967595351,0.16594042587844443
0.048375,0.19668015643120734,0.18392931463467121
0.0485,0.2583772927865077,0.10288501698622002
0.048625,-0.25936273403622856,-0.2471888951392373
0.04875,-0.5294735722227235,-0.483243250586879
0.048875,-0.33873584449502325,-0.010879027761528869
0.049,0.06545439738936028,0.42830828887996025
0.049125,0.2900028852815542,0.3665612613491398
0.04925,0.2708179315047471,-0.22809483835708208
0.049375,-0.09621463750169586,-0.21932597737113965
0.0495,-0.5792856817630759,-0.3123408814354512
0.049625,-0.6193267430386526,-0.03434677012880652
0.04975,0.12159890469270339,-0.05479985535670098
0.049875,0.3017400973353691,0.23541574680942243
0.05,-0.1762796135273125,-0.2785519902497861
0.050125,-0.35811653309750047,-0.29556642289303686
0.05025,-0.13483102533126784,-0.32940948750894006
0.050375,0.37422171566406354,0.21653036610051352
0.0505,0.2459992387558016,0.145209663884178
0.050625,0.043830740760054665,-0.3062915692806074
0.05075,0.21676149899186214,-0.44861581825181884
0.050875,-0.014899735425965111,-0.3910706656387218
0.051,-0.10244228454090824,-0.1637364459155402
0.051125,0.42178368959065626,0.3341897770851417
0.05125,0.4834973997829549,0.3144321208389184
0.051375,0.05273139479907334,0.16419168364749345
0.0515,-0.34130150804413334,-0.4298228399137716
0.051625,-0.08877937044006323,-0.43193918541254667
0.05175,0.3566157267589916,-0.1429908006676558
0.051875,0.2615018389350364,0.1589089917315259
0.052,0.17595997584723308,-0.21537004607516452
0.052125,0.04256541522285565,-0.2778482831727442
0.05225,-0.031230987926601603,-0.11896095909509344
0.052375,-0.2584266452293681,0.30533855894748313
0.0525,0.5220477286583192,0.19225343985744903
0.052625,0.6697364530574527,0.20805009249140385
0.05275,0.1798471877821797,0.15599402925697053
0.052875,-0.2651063414374901,-0.14946533337303874
0.053,-0.07267578143968645,0.05630839059083754
0.053125,0.16357498720532165,0.4290241009648828
0.05325,-0.04738019046694846,0.5178039327383464
0.053375,0.10271929669916895,-0.07334665779694109
0.0535,-0.23420814629010345,-0.22846645828498913
0.053625,-0.02341130517982033,-0.15225285548133033
0.05375,-0.0882125812523441,0.6849575987912796
0.053875,0.3091953138179535,0.12996577683801322
0.054,0.392034466040657,0.1739593075413805
0.054125,-0.1614094990591742,0.09177018487870514
0.05425,-0.5236907549200998,-0.1632967176887938
0.054375,-0.31453971577968487,-0.11050288350284425
0.0545,0.05166759638930305,0.14591140715049633
0.054625,0.3825430524372447,0.6536702946103619
0.05475,-0.22770076569527975,0.2326072410798582
0.054875,-0.025828035953415766,-0.10124691848044974
0.055,-0.08572964516750506,0.05923034435132143
0.055125,-0.06044442599341415,-0.15487026797260056
0.05525,-0.047006644318635604,0.016674770760651117
0.055375,0.3176745790891493,0.09030456930886319
0.0555,0.17111373529958918,-0.09603743092981108
0.055625,-0.1049036577134422,-0.16594696939116985
0.05575,-0.2044419527229792,-0.1398918432300638
0.055875,0.3064538698234798,0.2702431787442711
0.056,0.046089578132166055,0.4278518773019454
0.056125,0.20170790519500684,-0.08170042314722169
0.05625,-0.11289447901994713,-0.6192113202634457
0.056375,-0.17444730976047407,-0.5442338525301198
0.0565,-0.41805883118317483,0.08119363989057529
0.056625,-0.004473432823775762,0.48815974512773
0.05675,0.41390105565349095,-0.0018068709490660516
0.056875,-0.2950489182391184,-0.3107549644376364
0.057,-0.5920098548278134,-0.3513548048962903
0.057125,-0.548937622062321,-0.3044944586779984
0.05725,0.06946919157732168,-0.04878405678470419
0.057375,0.2378423333164095,0.32990176074446165
0.0575,-0.11398599868594061,0.11617141756755331
0.057625,-0.27981554081876586,-0.39135969872241577
0.05775,-0.2820796754864822,-0.31425378391492115
0.057875,0.025855551167787948,0.16911290925122763
0.058,-0.17416356238006625,0.3073287364870834
0.058125,0.38977488459766135,0.006731366550437516
0.05825,0.5213967062064677,0.07189110841092597
0.058375,-0.3496023720811136,-0.06393393613889495
0.0585,-0.2677203063859808,-0.4678683224519212
0.058625,0.537039554093696,-0.06583993667417135
0.05875,0.627552009020814,0.283155524454904
0.058875,0.06304361281954274,0.08958847736996647
0.059,-0.08649637174015878,-0.4900483773079953
0.059125,-0.12022778144762289,-0.33455132815659977
0.05925,0.13028325288769455,-0.20547445859450916
0.059375,0.10828406330050486,0.2884918518180627
0.0595,0.5874362537937159,-0.06375725519487159
0.059625,0.370168625835828,-0.1472164522339187
0.05975,-0.3454783232090079,-0.18868083763001334
0.059875,-0.2682620139231039,-0.39059563323441615
0.06,0.3214912135173788,-0.08503083402651077
0.060125,0.2907255057888112,0.2923191892120667
0.06025,0.04918361080159764,0.11894633562064044
0.060375,-0.4376171824322609,-0.3047353335131621
0.0605,-0.15034229874333277,-0.16742928663959536
0.060625,-0.27606608820698103,0.5399127086964176
0.06075,0.22718310351463494,0.5572201572763101
0.060875,0.35844896368455265,0.06806441256702297
0.061,0.3557210652548341,-0.20457065099073463
0.061125,-0.2632608445770936,0.06914750697684674
0.06125,-0.3995588898110371,0.22133865578136108
0.061375,0.24264426416857662,0.05695647648006934
0.0615,0.5341717648139932,0.5489591556586885
0.061625,0.2903445934253631,0.5191779729825788
0.06175,-0.09334696577005741,-0.14222568787199302
0.061875,-0.146462084774734,-0.052274462505360185
0.062,-0.1475732949308335,0.3811601655859404
0.062125,-0.26865169256581906,0.32549990942574125
0.06225,0.569864922823255,0.17504969636201714
0.062375,0.3767615963631775,-0.21010052355759912
0.0625,-0.09746798553850654,-0.11440445800469876
0.062625,-0.4728419930840866,-0.018013663228163675
0.06275,0.053506323227314294,0.07947427570810263
0.062875,0.25320010552973127,0.2423538361405085
0.063,0.2042906204324022,0.4486309857513027
0.063125,-0.023208391208919783,-0.36686127500650584
0.06325,-0.17244531503136812,-0.23047607412300003
0.063375,0.023902286962537038,0.1507601922107891
0.0635,-0.23158362740738822,0.5454085999073303
0.063625,0.14494194482104877,0.19343867480204094
0.06375,0.05319718186557273,-0.27032100227091155
0.063875,-0.26489873619636917,-0.18555646817815358
0.064,-0.6601784262018849,-0.16080206056604474
0.064125,-0.1393319288857871,-0.07615888969079612
0.06425,0.5646759454054918,0.32273584350434137
0.064375,0.6355165644884054,0.23262233916764274
0.0645,-0.3347446968485139,-0.2721446002707294
0.064625,-0.41284764649623135,-0.46136465042351954
0.06475,-0.25286265550124154,-0.04414929401052813
0.064875,-0.1009715357948041,0.2229445183424271
0.065,0.38465445302729295,0.32597169085331457
0.065125,0.10404922976607096,-0.02845858830459029
0.06525,-0.31081531418104064,0.04934742057460387
0.065375,-0.5736555683313445,0.0799890754120532
0.0655,-0.4801179346298727,0.011607433111248821
0.065625,0.3018251228037081,0.18648024593388632
0.06575,-0.12765088020145585,0.41186072020696
0.065875,-0.4285837489343145,-0.2785161586087679
0.066,-0.55181296875749,-0.3393071804109749
0.066125,0.027734291308155815,0.03485150849233731
0.06625,-0.26221937818576435,0.3932799179190235
0.066375,-0.07121366863823471,0.4866997642571258
0.0665,0.05848326439824169,-0.21110492312208853
0.066625,-0.3219917748387537,-0.4511027007332607
0.06675,-0.5680813118928855,-0.4091918497670335
0.066875,0.10904842168261233,0.008326963337189816
0.067,0.4651903091363657,0.06674261296728287
0.067125,0.3527652586936645,0.340142622927041
0.06725,-0.20381390489698112,-0.15055484249701903
0.067375,-0.0940978033948486,-0.5540939731691067
0.0675,0.09557795537780447,-0.3499116232157468
0.067625,0.25298191872543047,0.16823138215408473
0.06775,-0.11400018912353616,0.23310443484130197
0.067875,0.43003660250380904,-0.3498911259215376
0.068,0.18700188493242353,-0.40697255667884635
0.068125,-0.10472302848119994,-0.08156011932052726
0.06825,0.02525300249768414,-0.038619948105881936
0.068375,0.4392588427168398,-0.018166499275979877
0.0685,0.4674493117341724,-0.006577858885132675
0.068625,-0.08672522248406325,-0.14573129077148475
0.06875,-0.4155212550035952,-0.20286657590238208
0.068875,-9.670532605117754e-05,-0.051487567512096634
0.069,-0.0008671703022161394,0.5797217804592698
0.069125,0.05230652752185632,0.6926409583152483
0.06925,0.3561345115759137,-0.04930071415995918
0.069375,0.028046994632493154,-0.07182566260136831
0.0695,-0.1797282213982726,0.04608464683815536
0.069625,-0.3747169510608952,-0.19340822871136742
0.06975,0.35540950374005414,0.2561222261706767
0.069875,0.5456073832686231,0.4519555288308077
0.07,-0.007363612647202526,-0.05645425519285603
0.070125,-0.4680053814135314,-0.3137985281721794
0.07025,-0.3176018651483873,-0.07505207947001695
0.070375,0.2388273750070999,0.12901833425597398
0.0705,0.34209450247091855,0.737074531219994
0.070625,0.18352827644386943,-0.11136912460858524
0.07075,0.15692664279694093,-0.2896081607522306
0.070875,-0.32172378592393586,-0.11452466976458028
0.071,-0.19098295657395603,-0.00649238244765112
0.071125,0.24645223901624125,0.1191936655795594
0.07125,0.4798677954279999,0.11887759641461004
0.071375,0.12620725692667661,0.13890001943442318
0.0715,-0.42608407292569295,-0.33288657371709773
0.071625,-0.17055993259508304,-0.1540096988776731
0.07175,-0.06687927110692776,0.36697009232638605
0.071875,0.08616625488743768,0.5193263831972206
0.072,0.003401408137711966,-0.15964821286889047
0.072125,-0.1024332494802415,-0.33048420553644525
0.07225,-0.3539492156247039,0.07251961083578264
0.072375,-0.35170022188063294,0.09764828211617003
0.0725,0.14523513820823644,0.09134025655099116
0.072625,0.41060903032809803,0.283313047818822
0.07275,-0.08961392244852269,0.06848497301234131
0.072875,-0.5994006472728292,-0.3776195182337419
0.073,0.15473891811454044,-0.03150614535563895
0.073125,-0.032973582759936636,0.035625534781338355
0.07325,-0.2918514477937358,0.1867746325189013
0.073375,-0.4758232773093219,-0.17824277901610078
0.0735,-0.06857300608452913,-0.38106229449333195
0.073625,-0.10163335509227528,0.0689631186703237
0.07375,-0.4538146645038514,0.010734363248633989
0.073875,-0.17167374606605004,-0.13843933984666998
0.074,0.08369556667000948,-0.07059071373274012
0.074125,0.04344166816968133,0.187024259068077
0.07425,-0.36038719366401906,-0.41446592468334553
0.074375,-0.11925658458038357,-0.4516310396590311
0.0745,-0.0948083749150123,0.18214390340771275
0.074625,0.18952973645258203,0.4117990722994351
0.07475,0.014551158773094694,0.1573401658601086
0.074875,-0.22313721374156562,-0.18483247392686147
0.075,-0.17987217042657105,0.05258286298909036
0.075125,0.0071540531357899,0.25215803208439297
0.07525,0.25836731063992735,0.1855403514849698
0.075375,0.4399805108850515,0.07622121000789571
0.0755,-0.22757817936504565,-0.1417851592518585
0.075625,-0.534971311615821,-0.15182940372655615
0.07575,-0.18047093096691363,-0.4455387348953606
0.075875,0.2673262395376977,-0.19796300436802722
0.076,0.6245653869737862,0.06383061462961666
0.076125,0.8410601048131021,-0.0034393804462821633
0.07625,0.3130402098834535,-0.3385471506839149
0.076375,-0.11449440091132843,-0.3657611040336645
0.0765,-0.1082620204442228,0.05756274866639724
0.076625,0.3453119153786989,0.3065305651375883
0.07675,0.4635795485451408,0.04056578600365585
0.076875,0.2817771353422745,0.10382344775959508
0.077,-0.20531464696380727,-0.20051396050816425
0.077125,-0.19763157308703883,-0.17946994245653783
0.07725,0.22654285981437458,0.1583905030958755
0.077375,0.07170523565357421,0.5054600769200093
0.0775,-0.08158124760371932,0.05628912656367251
0.077625,-0.17300154046556906,-0.45460024942163846
0.07775,-0.17270034283938265,-0.3917528493448776
0.077875,-0.3139664805857059,0.23105671510993367
0.078,0.01581800903150423,0.5025975939288622
0.078125,0.23053079088494186,0.35346604064158477
0.07825,0.3482572697177809,0.2388249909152358
0.078375,-0.5634422390740016,-0.09754242994108428
0.0785,-0.40492323410026865,-0.1819272845414847
0.078625,0.013939577332826547,0.0741532371617461
0.07875,0.4451277626302663,0.20105978197084315
0.078875,0.34023900936532614,-0.0024080369254029263
0.079,-0.36913464730877865,-0.04064250889666475
0.079125,0.10032508064356964,-0.11466887105598719
0.07925,-0.06586224956998162,0.3004365955486521
0.079375,0.1068954219082363,0.3072039812385756
0.0795,0.10311238004828435,0.12526578281287323
0.079625,0.034510449583894626,-0.2020865641948538
0.07975,-0.311778361277203,-0.011954599495683178
0.079875,-0.4406889964363445,-0.12539555949938802
0.08,-0.09143235692857324,0.3029023521888232
0.080125,0.5102685807895282,0.45967534747399896
0.08025,0.17004018284141764,0.4136459964260973
0.080375,-0.22265462188287438,-0.34482883900666994
0.0805,-0.20324741715943062,-0.5548084531058953
0.080625,-0.19466123235298316,-0.046706789666014034
0.08075,-0.12076428701585074,0.5268127315440733
0.080875,0.23618344577022973,0.2103100383481674
0.081,0.49518367226143944,0.02431622937619064
0.081125,-0.2564207236143433,-0.1467210261307678
0.08125,-0.3332118521781391,-0.05443268027465916
0.081375,0.036660707576325266,-0.14593491725105875
0.0815,0.44947932674047164,0.49406874673187373
0.081625,-0.06119930007165675,0.06545304657398181
0.08175,-0.3556683434496039,-0.40555918276916714
0.081875,-0.4883180393608888,-0.6197659846375876
0.082,-0.041548899274046217,-0.09147461320282162
0.082125,-0.3036825359015636,0.10751393395973663
0.08225,0.21023347647125898,0.2932239663078093
0.082375,0.23481654111799646,-0.12915340574746656
0.0825,-0.44508087865646667,-0.2713755839569402
0.082625,-0.5739068161048734,-0.3129694166239525
0.08275,-0.20304285942881367,0.07615740392892476
0.082875,0.4041942326846823,0.24200593298574244
0.083,0.2312981392604855,0.13766141413879218
0.083125,-0.33816799415862675,-0.17447799093965866
0.08325,-0.10168405904902164,-0.1732399210423257
0.083375,-0.19567182884134726,0.15907211811620672
0.0835,-0.07841290907132989,0.2795119871201573
0.083625,0.4485586752949219,-0.1226209599152996
0.08375,0.33064625586691604,-0.5382746183562079
0.083875,0.11773834507072006,-0.22953386230504963
0.084,-0.3147141511162102,-0.34884007007015355
0.084125,0.22845656131087735,-0.3316864380303349
0.08425,0.3613059267115152,0.021684660732718988
0.084375,0.4300024084096438,-0.05340123497797301
0.0845,-0.11515627088926889,-0.48791666533808487
0.084625,-0.14818101633765926,-0.739183707206914
0.08475,0.12549306770585344,-0.21724967915962434
0.084875,0.42571117530931246,0.4326112812277181
0.085,0.45755359913998506,0.19932067944322698
0.085125,0.5610354644526038,-0.5013627868383032
0.08525,-0.1167491455805037,-0.2598106788849187
0.085375,-0.5975002791956714,-0.11970958805791251
0.0855,-0.3370461020838937,0.05530634643865476
0.085625,0.3045697702846974,0.3352628984285909
0.08575,0.5605528446626465,0.4884945568611096
0.085875,-0.11949316292923491,0.0563322440010632
0.086,-0.5266866122143323,-0.41644290134639306
0.086125,-0.2481828688177224,0.33629311192265887
0.08625,-0.13922332227327283,0.5078509334920109
0.086375,0.051962197522545675,0.4969595662180795
0.0865,0.2818944888188727,-0.1541452627046267
0.086625,-0.07033996663101359,-0.021224612313053098
0.08675,-0.40184922527563943,0.003725100697008669
0.086875,-0.3099061159459667,0.28329141906898087
0.087,0.03616704272304938,0.32631340437510414
0.087125,-0.1283130026579765,0.24328417574449884
0.08725,-0.3237076906012154,-0.05528514722137896
0.087375,-0.15849893828489325,-0.4991501209208045
0.0875,0.16707335249425145,-0.2957185215526121
0.087625,-0.041281074501799665,0.4778176287250518
0.08775,0.1353124906396206,0.42900623711290803
0.087875,-0.16979710597024095,-0.05630915095623169
0.088,-0.1746968632232115,-0.24854464152577352
0.088125,-0.06477934612441315,-0.003970349268688835
0.08825,0.15502823851817832,0.11571990772782025
0.088375,0.6318846290098925,0.1920897650812927
0.0885,0.24828002161183851,0.32022265412544876
0.088625,-0.3123128914857106,0.1065220407085768
0.08875,-0.44848439450934674,-0.1855013717635971
0.088875,-0.2790332636886522,-0.27978157123396075
0.089,0.09651180821556563,0.26234134499831746
0.089125,0.15459050513988173,0.33588489717712006
0.08925,0.23529666160741494,-0.153262037406299
0.089375,-0.1652949855364039,-0.374958152197515
0.0895,-0.25333668111940716,-0.0493469113993148
0.089625,-0.2155173624474402,-0.040404880777941604
0.08975,0.12939227055731328,-0.05495657322644708
0.089875,0.29843326250583035,-0.03820948799558611
0.09,0.27499477338435974,-0.007046945056657384
0.090125,-0.2148042000369673,-0.3396723079164275
0.09025,-0.15359905484190312,-0.016712569436870606
0.090375,-0.08421435004255978,0.3379818388895598
0.0905,-0.3785330860687696,0.34061518225448306
0.090625,-0.5226848813357576,0.13431065112018312
0.09075,-0.3535616713720413,-0.32160055673581633
0.090875,-0.3731508483663035,-0.11422337572836601
0.091,-0.3382026657308096,-0.07457270511098345
0.091125,-0.21117167985237134,0.1749271747850943
0.09125,0.17702213046428103,-0.28741936697523934
0.091375,-0.16456879596973945,-0.226579344201346
0.0915,-0.11137119314252861,-0.24542929788464415
0.091625,-0.029977072878068067,0.00263311418422166
0.09175,0.43772148022526464,-0.20808197979750134
0.091875,0.39959600478366947,0.18518362941202554
0.092,-0.05285890650465047,0.02584241601480902
0.092125,0.20404568303720344,-0.21878736837497925
0.09225,-0.21362171437771157,-0.03805978547288515
0.092375,-0.14021907694016753,0.049405036296887514
0.0925,0.5338514843363246,-0.10569802198850593
0.092625,0.49711253683053286,-0.1616445768913047
0.09275,0.20802534648286483,-0.036203561204554
0.092875,-0.3560676332940895,-0.44484778541360603
0.093,-0.013097716618275792,-0.23516424285920112
0.093125,-0.011448479704219944,0.14587749604335526
0.09325,0.257285475370788,0.38529479640245856
0.093375,-0.08968987433758582,-0.4574535273337748
0.0935,-0.14258907945576893,-0.41320023116959814
0.093625,-0.271566359425771,0.024894019628580056
0.09375,-0.1167627268109928,0.25517876281597024
0.093875,0.418023797854293,0.34087497891773344
0.094,0.4339125504176851,-0.06465495635286736
0.094125,0.33772328319451544,-0.23006303733211345
0.09425,-0.15905261175298374,-0.2108325290828803
0.094375,0.07733235318439541,-0.023597046264125395
0.0945,0.07038413193830087,0.3271819898129894
0.094625,0.3007039369419495,0.7918300406257096
0.09475,-0.02063230944684448,0.033113722177503906
0.094875,0.21113351113269654,-0.27701408786237686
0.095,0.11859115867859016,-0.15144946513148372
0.095125,-0.28392120768766216,0.13335820417026673
0.09525,0.1446258835056084,0.27971481414664434
0.095375,0.5021902223845817,0.29602879494154416
0.0955,0.1313089162786309,-0.07661089300228932
0.095625,-0.583428003380213,-0.12986340192467669
0.09575,-0.45004615151573846,-0.2783683719148648
0.095875,-0.029938392688500532,0.16405633467623387
0.096,0.18482626224794768,0.20315449350178622
0.096125,0.04075782896269111,0.17737047017801516
0.09625,0.05113726646321885,0.0022032228094866807
0.096375,-0.034769334027958836,0.10858233459280064
0.0965,-0.5102132865590926,0.16156702014710989
0.096625,0.29591913539224146,0.17695626128036068
0.09675,0.5551065963035734,0.19415156613123877
0.096875,0.24002786384439437,-0.08299298511869481
0.097,-0.2506876467817868,-0.02876149817127255
0.097125,-0.507132326398382,-0.21074068332008014
0.09725,0.27719893976818283,-0.04732775969975655
0.097375,0.4165801479278596,0.42045841138929535
0.0975,0.05995041895554695,0.13666733065313139
0.097625,-0.13292154377193968,-0.6371613825304827
0.09775,-0.4108061320476672,-0.2553722696119895
0.097875,-0.2631262185776946,0.177180282167416
0.098,0.3946821373162791,0.4483740616618454
0.098125,0.32755204772125274,0.1027171676132849
0.09825,0.33896606351228215,0.005550368764861709
0.098375,-0.029731434711712357,-0.3613775947399133
0.0985,-0.4263959442546569,-0.3816181063984884
0.098625,0.01917354338870024,0.003719562157715855
0.09875,-0.047278274762928216,0.473989002696893
0.098875,-0.006526663592046788,0.21489939243353734
0.099,-0.20453282055985347,-0.3966216398572426
0.099125,-0.14605432551613096,-0.09052853030581491
0.09925,-0.21495260468897545,0.038452752064213294
0.099375,-0.29330189865429657,-0.019150267983325975
0.0995,0.0014235029060478239,-0.04461306353377302
0.099625,0.15834002556892052,-0.15259693908526614
0.09975,-0.29371012314840667,-0.026514053238038286
0.099875,-0.2194468838652861,-0.2345721517471661
0.1,-0.06574564043550056,0.08508807652390797
0.100125,0.09121449931075615,0.3979146644821255
0.10025,0.14075450721371224,0.18840655566233128
0.100375,0.08242984238388054,-0.527141713967197
0.1005,-0.1746981626239422,-0.3033160252665473
0.100625,0.006792178491902496,-0.16878056518816437
0.10075,0.15243967057274868,0.19141486261490295
0.100875,0.17738618840175688,-0.2494025085971048
0.101,0.664236588334431,-0.21326773272475555
0.101125,0.19736400212510055,-0.2055501079803388
0.10125,-0.3832985341481388,-0.09218040653400987
0.101375,0.3606977927183913,-0.08318374190878736
0.1015,0.5558359529262163,0.3348376921775169
0.101625,0.3031528771559502,0.06571982031938187
0.10175,-0.015038082523358405,-0.25335950567423343
0.101875,-0.03305846275110236,-0.3693286358125451
0.102,0.1580285055183426,-0.04369337355095951
0.102125,0.11349053243230703,0.3517071062767507
0.10225,0.006636457679108726,0.08571168048267509
0.102375,0.47628092158363416,-0.048874777932301564
0.1025,-0.14995902047160425,-0.24009553025357258
0.102625,-0.263036210626882,-0.17623158945353956
0.10275,0.42686169278642294,0.10021440983818893
0.102875,0.3029487856013574,0.16581120659074938
0.103,0.2759699662630346,0.5613442038207178
0.103125,-0.26879453074782805,-0.22147768947614954
0.10325,-0.27297205114994993,-0.2636569017374619
0.103375,0.14151161734320447,0.17576419367842377
0.1035,-0.03555897217859922,0.4424211086133287
0.103625,0.14010666639432906,0.16276335953499554
0.10375,0.14480441732934282,-0.03378884545122776
0.103875,-0.17068259530824573,-0.17488912491558384
0.104,-0.35079287326201325,0.1091361325307055
0.104125,-0.10572238185302703,0.01773207312063773
0.10425,0.1837858646062067,0.3464929139975787
0.104375,0.17803778755093305,0.13815538179171993
0.1045,0.01366712225292759,-0.00985910160581342
0.104625,-0.08707487079537142,-0.4967793250666922
0.10475,-0.2641674829857366,-0.3110691083218012
0.104875,-0.022171936283489936,0.5066244451652779
0.105,0.0035637649247695887,0.33610029886719045
0.105125,-0.054309393625823446,0.16069995226331488
0.10525,-0.1957586353116161,-0.06677509190486079
0.105375,-0.5037380745891582,0.1017135015465801
0.1055,-0.13158581482888665,0.17724879225284226
0.105625,0.5104193090892168,0.20790379981880647
0.10575,0.5172916347746285,0.10562593757035178
0.105875,-0.13325901168853094,-0.13464903599834316
0.106,-0.1538596800239341,-0.23446353367232534
0.106125,-0.07296303554103098,-0.14286568602253666
0.10625,-0.07016542439756761,0.37806587276837905
0.106375,0.052102473827243145,0.23177696113106233
0.1065,0.060389720121614705,-0.2081009059944516
0.106625,-0.09886821416555713,-0.14538778560227059
0.10675,-0.5663635428524334,-0.05134380244124866
0.106875,-0.3578746362803429,-0.09723753565832284
0.107,-0.055927728370406236,0.06697838072840728
0.107125,0.21372809112516006,-0.04015870656035777
0.10725,-0.37625423607145686,0.0109665853501573
0.107375,-0.5402506897868541,-0.2499870010916582
0.1075,-0.235901920884871,-0.05166851682193565
0.107625,-0.1746662093923475,0.26846628150027496
0.10775,-0.15259356654870146,0.1569964003565062
0.107875,0.2361509408029668,-0.17766264699629358
0.108,-0.360544661437616,-0.3691292815791013
0.108125,-0.6382270554387973,-0.10718647765551187
0.10825,-0.19655757370022614,-0.13207758552542587
0.108375,0.3265887239781514,0.14530680948051922
0.1085,0.5271708075096561,0.4263583228063797
0.108625,0.12948923602997772,-0.15958396027817529
0.10875,0.18779445560788738,-0.5317687037447756
0.108875,0.07620661815346547,-0.1660273555509911
0.109,0.1934411018784511,0.27588749673346286
0.109125,0.2940828290813495,0.28424278333934955
0.10925,0.3598945294144133,-0.1388938127647707
0.109375,-0.03938744132149226,-0.5771910055206333
0.1095,-0.15472089182984775,-0.25784838617680605
0.109625,-0.35063161425601713,-0.10630856931991675
0.10975,0.12874070711505867,-0.11806702031931911
0.109875,0.3646823858881657,0.061035226116946936
0.11,0.22602991138940756,-0.10615746667208804
0.110125,-0.15448643887370095,-0.3902083411094559
0.11025,0.04952917773403747,-0.273801394593972
0.110375,0.4560059216664186,0.2697523868989011
0.1105,0.28373432689280165,0.3505815661589722
0.110625,0.3038169219536534,0.1702076657377052
0.11075,-0.03760214990000868,-0.1594186632618776
0.110875,-0.27192833290910895,0.17451144077604686
0.111,-0.16942783262120506,0.036419502118997665
0.111125,0.0016040864598793564,0.16261730254286905
0.11125,0.02683468447537649,0.25810037557914584
0.111375,-0.2594844893674144,0.09019883516544043
0.1115,-0.24351838598377779,-0.29321772817966824
0.111625,0.07237947542751406,-0.4256061603283419
0.11175,0.28064307838429486,0.0721360287106261
0.111875,0.3386216604551174,0.27026199980527904
0.112,-0.008638688062573417,0.17804293218267125
0.112125,0.2664355174740911,0.00025396813581673034
0.11225,-0.2471387407149555,0.14660007161768374
0.112375,-0.05094253611700593,0.3476304957895065
0.1125,0.14829349180615264,0.059305408858612726
0.112625,0.16309819177592746,0.19194501698196428
0.11275,-0.3938619208179064,0.013815914610887433
0.112875,-0.3996558736988237,-0.37987697755626404
0.113,0.02602254443793777,-0.1317266882848823
0.113125,0.10383322348636163,0.11956947205546253
0.11325,-0.14189150990668725,0.07081162143060288
0.113375,-0.2745294433588884,-0.22587935352242008
0.1135,-0.3414519616402165,-0.20696736973389368
0.113625,-0.0576273934500083,0.06807834306833305
0.11375,-0.17231091445881402,0.3659475477200354
0.113875,0.0899299169914203,0.014733455843362253
0.114,0.3806958191365664,0.15159340411846153
0.114125,0.06616735132019493,0.04461118877452014
0.11425,-0.3242279351163845,-0.17377467564071716
0.114375,-0.0063538315443281285,-0.11501494512541927
0.1145,0.0592122483228473,0.18850556907116117
0.114625,0.4091378484016749,0.4141472291317789
0.11475,0.10878402732055739,-0.1379386418906908
0.114875,-0.2440454533997781,0.12259310009490088
0.115,-0.20777793403728761,-0.04820805816496855
0.115125,-0.26524142136559764,0.12945407876322204
0.11525,-0.013089941653229036,0.10286059747995699
0.115375,0.11732806239266498,-0.022966469765725545
0.1155,-0.18743990916532174,-0.06888008976014272
0.115625,-0.6086903363244902,-0.008577738297173653
0.11575,-0.48802975096761253,-0.10158671390634186
0.115875,-0.10352366493623419,-0.08094712712067131
0.116,0.2672392342405624,0.25662853557644383
0.116125,-0.018720228626051577,0.02282698757781121
0.11625,-0.18750079528015146,-0.28380297025184625
0.116375,0.07501518638383559,-0.3069496493643796
0.1165,-0.03402614091842013,0.045739123581527624
0.116625,0.292164618865728,0.21113190648980307
0.11675,0.5264889179662408,-0.006579963168873925
0.116875,0.6197711048948358,-0.16966982132804817
0.117,0.0302631261502967,-0.2564722421985923
0.117125,-0.3651397915606039,-0.3651341957617954
0.11725,0.18898695616215472,-0.14639330640809445
0.117375,0.19065721788568113,0.16185053390289134
0.1175,0.2775520739002275,-0.12795057069566562
0.117625,0.2157866478909605,-0.5112443078146827
0.11775,-0.07759874782481141,-0.3497078971017576
0.117875,0.1893198710629335,-0.24781210754907343
0.118,0.014372886732641976,0.2961152464137097
0.118125,-0.015384791882734589,-0.11179853589156234
0.11825,0.36815182105658645,-0.03788271088428282
0.118375,-0.48825638137341093,-0.5281323979851994
0.1185,-0.573336400912129,-0.1460924363919658
0.118625,0.04127877789198975,-0.21123780239447137
0.11875,0.14260633186095395,0.21997750258158785
0.118875,0.03998143341596256,0.38872680254535424
0.119,0.13834956135040824,0.10269933816461727
0.119125,-0.11836672318926603,-0.40979998202389034
0.11925,-0.15485791232227758,0.3572422104997781
0.119375,0.16126195200601978,0.44874259735061783
0.1195,0.590287198490989,0.3194137145881581
0.119625,0.25810617789434614,0.09868454038161423
0.11975,0.10849353719965671,0.15779180360032524
0.119875,-0.005758165594516875,-0.1526448359264977
0.12,-0.005749805867358553,0.08571906650375383
0.120125,0.3391346650715276,0.09804229777608031
0.12025,0.061889701147546085,0.10685446851165156
0.120375,0.17739738866447965,-0.495678258193239
0.1205,0.1213939260146412,-0.31191316902662575
0.120625,0.14441040674504674,-0.011176141103734405
0.12075,0.18988072237248696,0.30594850934769213
0.120875,0.07009195749269277,0.3282613314254492
0.121,0.2956088855476131,-0.026460606255833696
0.121125,-0.05930445632541139,0.03384563952395965
0.12125,-0.644831214106641,-0.23585609280574238
0.121375,-0.12004370168408968,0.3897937193494363
0.1215,0.08038188138810085,0.2069543943802924
0.121625,-0.030784304565575068,0.42052902226911043
0.12175,-0.3176485663661509,0.042591205367429816
0.121875,-0.2173080952482766,0.015984685629568594
0.122,-0.0985128906479586,0.01921502564247327
0.122125,0.0003747241601353988,0.1271737948953074
0.12225,0.32034994992453464,-0.17092456602251507
0.122375,0.10292485869379596,-0.10816931820028676
0.1225,-0.08005842160418448,-0.13352888299776355
0.122625,-0.014465717757403473,-0.16833563024684006
0.12275,0.29587649181297604,-0.003829398195034468
0.122875,0.23142816704742794,0.32087528511375285
0.123,0.01686106373450112,0.1451400116170096
0.123125,-0.1645829405627885,-0.4072682730708806
0.12325,-0.3810914216723065,-0.3817891657135002
0.123375,-0.025478693270850804,0.06773472867866182
0.1235,-0.4379420904036648,0.11524657228602413
0.123625,0.05904837884158158,-0.10465403709377868
0.12375,0.0556067058717524,-0.29266795069297685
0.123875,-0.2480312936929337,-0.14644500537447636
0.124,-0.41185885954004736,-0.09887866835675009
0.124125,-0.3279620830603102,-0.21421041366430488
0.12425,0.035718748439673834,0.22442364896650785
0.124375,-0.223204962846747,0.2055812807866894
0.1245,-0.3592889238433784,-0.32277387030373195
0.124625,-0.3027467666604632,-0.15201171099673413
0.12475,-0.14798659430954822,0.2942730748790121
0.124875,-0.06294172396990161,0.14225761491037775
0.125,0.09933872668954791,-0.05069200490482916
0.125125,0.36680472625988386,-0.10411742270908213
0.12525,-0.3683088037942515,-0.32183010229569164
0.125375,-0.21394374717767836,0.05147351282001937
0.1255,0.09944166723891007,-0.00015786106338149658
0.125625,0.5080146592979355,0.18733009881124535
0.12575,0.44096697830209897,0.11621998757966234
0.125875,0.07411058806130029,-0.13288178079326196
0.126,-0.02297059372299452,-0.38882245992064285
0.126125,0.0641753713957885,-0.07797747242982175
0.12625,0.046591237566343695,0.23782291137860392
0.126375,0.10100352348309787,0.18155500028570756
0.1265,0.1251455822100051,-0.0566672463173869
0.126625,0.06571211422536828,-0.026486254486607463
0.12675,-0.14911518541863816,-0.1143388003237259
0.126875,0.08263143642461925,0.005689969261146889
0.127,0.3741509041650174,-0.009698865949211493
0.127125,0.26622449099805356,0.14093889981627086
0.12725,-0.20393372000070867,-0.24709663629535505
0.127375,-0.17048331216374354,0.026908470428103355
0.1275,0.10913795298900127,0.07590234250103621
0.127625,0.038829681141363585,0.6603150617816859
0.12775,0.29218631141606805,0.3048251735788341
0.127875,0.10113078081268759,-0.12117468729356637
0.128,-0.05629575892724275,0.10963143542423082
0.128125,-0.12241775362476236,0.07841359361262978
0.12825,-0.15986822355301125,-0.19526145524586572
0.128375,0.2864662926274997,0.14004797757173468
0.1285,0.2037484092329014,0.14750442380646447
0.128625,-0.12894599282949268,0.06962620052461571
0.12875,-0.33804471402952285,-0.144974568639658
0.128875,-0.025132890538826922,-0.10427864858758082
0.129,0.17987906708306775,0.21141150913585113
0.129125,0.2603755038458626,0.21611830260614548
0.12925,0.23378013611211076,0.046685261265274926
0.129375,-0.07482248546342898,0.1301866873326736
0.1295,-0.3238927956286078,-0.00606884939139024
0.129625,-0.47436764337853476,0.130082165104729
0.12975,-0.02584993069093572,0.002869186592215316
0.129875,-0.061134701885119505,0.11180349953372574
0.13,-0.170821393769791,0.10954913062558126
0.130125,-0.2084743337958697,-0.1301120874612028
0.13025,0.13830907034541817,-0.1470815926220414
0.130375,0.2780804658826867,0.2702575504079503
0.1305,0.008707458210458196,0.4835902900745938
0.130625,0.2058819523595347,-0.049679095386311364
0.13075,0.11224706725208705,-0.3518212943313573
0.130875,-0.49622484975045605,-0.21343875010644361
0.131,-0.3687375083862873,-0.031491748173524764
0.131125,0.006299227875177486,0.05316738450189313
0.13125,0.0288073948500186,0.1779480923720425
0.131375,0.11648899018997047,0.32407860691204426
0.1315,-0.23439411437974553,-0.19012994096534236
0.131625,0.25463751259934514,-0.1295684324244758
0.13175,-0.18121234811282577,0.022172037567938493
0.131875,-0.13181667248599924,0.16067769478605376
0.132,-0.024608652882047267,-0.05648381459205592
0.132125,-0.008443002583817628,-0.2973833660230484
0.13225,-0.3000279926043302,-0.022396692591593742
0.132375,-0.03977489332109306,0.10723400858027773
0.1325,-0.15877577208025279,0.2914026114141341
0.132625,0.16760463098109538,0.06151557506534368
0.13275,-0.28980015438188883,-0.09084128617475479
0.132875,-0.4372322540576392,-0.2013905838104608
0.133,-0.0695474897137902,-0.271000869695687
0.133125,0.16412577037655032,-0.023486264200540154
0.13325,0.1974551922123502,0.20933173657140555
0.133375,-0.09187861453305422,-0.0021474048495485018
0.1335,0.08240598848915409,-0.12179102797972464
0.133625,0.09310750248375518,0.05636098741528558
0.13375,-0.03424794584718459,-0.12550653616418658
0.133875,0.03010418152313552,-0.029387637265366837
0.134,0.33992933584612733,0.03703015369102057
0.134125,0.45231311083020115,0.011782021000833042
0.13425,-0.06378714863445131,-0.17196128514440087
0.134375,0.11839270564553982,-0.10950738032149135
0.1345,0.11919436885902605,0.10574310481131095
0.134625,0.09502141206040768,0.18632787686708102
0.13475,-0.10927869824576207,-0.20866126724838813
0.134875,0.20675928832445584,-0.31744072498235265
0.135,0.38126943687304116,-0.04099415174324951
0.135125,-0.1540283767717905,0.16205629815224448
0.13525,0.08574682498760505,0.17031819653127506
0.135375,0.5211280412625604,0.09293516525224246
0.1355,0.09544404266285848,0.10543144243440322
0.135625,-0.05568815071971936,-0.002372477314671562
0.13575,-0.01298810386923,-0.11765806600909615
0.135875,0.10395867515425289,0.1476668183580904
0.136,0.21829121343019392,0.45859515385199434
0.136125,0.21949865359458454,0.3241101123696684
0.13625,-0.10174585669652463,0.11295051235577408
0.136375,0.150506954499617,-0.009714165581666295
0.1365,-0.34272820618002,-0.04966608997449635
0.136625,0.1990903750419199,-0.14264376328150435
0.13675,0.1237639583530771,0.12672555250744408
0.136875,0.041494981692675736,-0.0774816653144782
0.137,0.022213655042916728,-0.11692465757610503
0.137125,-0.1081883777326896,-0.048774669861865565
0.13725,0.1488218234746238,0.058960020643389656
0.137375,0.2592492223073248,0.2886239251135275
0.1375,0.06645992808484151,0.12968670832743057
0.137625,-0.09534735584216292,-0.24625760960549398
0.13775,0.18560927459746235,0.10409139479865737
0.137875,0.258110597835978,0.040026605343820604
0.138,-0.048908109094320466,0.17545320859176491
0.138125,-0.17377346712282646,0.03638992942096821
0.13825,-0.22891256961019826,-0.008583488898431023
0.138375,-0.30089560103021523,-0.10369715295714453
0.1385,-0.39900763882311957,0.19043322609610258
0.138625,0.25424413576507005,0.351579749726111
0.13875,0.20594982927823752,0.4226467332384388
0.138875,0.0690987618374471,-0.10130430078270959
0.139,-0.12844072235155185,-0.23187394866920333
0.139125,-0.09131187657337349,-0.17651993752532744
0.13925,-0.06971520337190273,0.016068017148622486
0.139375,-0.013069639707418488,0.2085112751309436
0.1395,0.2965995021482558,0.13649256716365737
0.139625,-0.09622197249882103,0.008670568828163376
0.13975,-0.21056698060793674,0.005889491513810093
0.139875,-0.004513958726187956,-0.11341676725156645
0.14,-0.18327781683583605,-0.004502491001236918
0.140125,0.38910227689567695,0.017548055914379426
0.14025,-0.10567197776930846,-0.2032495483579599
0.140375,-0.3219449018305933,-0.36896698383469373
0.1405,-0.17146605093520773,-0.041060031084141746
0.140625,-0.4174912519010981,0.24215615371864027
0.14075,-0.26885025110305366,0.14519232282894567
0.140875,-0.03570405365239973,-0.13457413436862486
0.141,-0.2100314250431159,-0.061059944012884
0.141125,-0.5172374102351438,-0.23167629319481137
0.14125,-0.374453879433188,0.042649813861117325
0.141375,0.02787918669035076,-0.191132734570073
0.1415,0.2333082480131078,-0.0678208585380643
0.141625,0.05409432346610041,-0.12077667565612912
0.14175,-0.008238024225166516,-0.08660724612788036
0.141875,-0.013373423821400476,-0.37012987840658923
0.142,0.11542155310335328,0.017460717493012697
0.142125,0.3944810559026249,0.16357260691690673
0.14225,0.35674606376471923,0.06661858665044701
0.142375,0.04850873716759205,-0.3592106877253506
0.1425,0.15616130357257718,-0.29009821757639365
0.142625,-0.27133011605376306,-0.33218749367709854
0.14275,0.00485559331634279,-0.46544057558376967
0.142875,0.38975739225889366,0.09264144391482615
0.143,0.008189824295115443,-0.11975255870399794
0.143125,0.0006932496904792517,-0.20257654605930617
0.14325,0.02553891833600078,-0.43543727850709085
0.143375,0.16816934008214895,0.021035444037758567
0.1435,0.022884453743231847,0.32581935630091124
0.143625,0.2050378814078017,-0.08944538387210825
0.14375,0.17483972415834004,-0.18397786051278095
0.143875,-0.18060540654873283,-0.015508904281258517
0.144,-0.2183880132891068,0.09572560057696959
0.144125,0.12920579382123096,0.18506600782587895
0.14425,0.5785971434301936,0.36322986156413617
0.144375,0.135201659732637,0.18974243461657564
0.1445,0.043837837361525335,-0.021757317198020487
0.144625,-0.1601564582202825,-0.18280487554948732
0.14475,0.21585822868002008,0.2113216377142283
0.144875,0.28290986236967586,0.5288480233656592
0.145,-0.10293079848231576,0.14648179696730257
0.145125,0.13139857241740585,0.02423237514554446
0.14525,-0.24690530521014478,0.02228405133090658
0.145375,-0.4212322216340857,0.11426257812348607
0.1455,-0.17891862735669475,0.0049822103297373
0.145625,0.3418481922544697,0.08912321474296649
0.14575,0.2784939248894486,-0.08347677948941443
0.145875,0.08432525880891174,-0.2831953567218325
0.146,-0.22607907701464072,-0.39987440584152917
0.146125,-0.09011019119589943,0.13227508476162042
0.14625,-0.17025143063467138,0.4136459979742715
0.146375,-0.08019269916294208,0.4322465666187956
0.1465,0.04776230622779011,-0.06977537728906051
0.146625,-0.019252427676098107,0.003481102045838918
0.14675,-0.29548185905539487,-0.16072128706081257
0.146875,0.0969385476852319,0.05912075519026645
0.147,0.40096414445706097,0.1381258224351069
0.147125,0.21596361886874027,0.15629166697949465
0.14725,-0.06745229786371033,-0.16574981019713078
0.147375,-0.3062526106319776,-0.2590381932347299
0.1475,-0.4273504871269106,-0.03184716754432211
0.147625,0.16679974071400971,0.22855956176747894
0.14775,0.2225439778203823,0.45951166049042536
0.147875,0.05200919671221961,0.10153976523334146
0.148,-0.05009890738678853,-0.2158923274844123
0.148125,-0.4023756249635811,-0.014562958248723789
0.14825,-0.3239449812755001,-0.0761019351057756
0.148375,0.22408947697670473,-0.18224031664812887
0.1485,0.10731811077287552,0.03700607604867926
0.148625,0.041367879550563987,-0.17235055718724843
0.14875,-0.29471367391712266,-0.3825472457922821
0.148875,-0.055809232233538245,0.29042421513519034
0.149,-0.05918978517110212,0.3709992585551281
0.149125,-0.13936156084026952,0.14592509924300806
0.14925,0.03349224244162625,-0.10061852301914774
0.149375,-0.09259960067227421,-0.1461679369545513
0.1495,-0.2668276984929637,-0.25274844397428203
0.149625,-0.09166187312684951,0.08829157712628546
0.14975,-0.05837099859546302,0.28930510383740893
0.149875,0.0755941254661087,0.1420293116312021
0.15,-0.10477609040100032,0.15697839098460914
0.150125,-0.30273565195901575,-0.41179010686435513
0.15025,-0.2306646890479457,-0.268546994949608
0.150375,0.3265414518349077,0.19490082981960882
0.1505,0.3801720519163271,0.29648199780064377
0.150625,0.2588107873890253,-0.09634773346575443
0.15075,0.14869375358432485,-0.22978339950800086
0.150875,-0.053813696502901076,-0.34564103074446667
0.151,-0.24989128061314175,-0.04762540273886944
0.151125,0.4622667618052289,-0.32373842591974755
0.15125,0.5907399135856856,-0.10480462338460067
0.151375,0.25372604865488646,-0.07253973006266563
0.1515,-0.15716306722847703,-0.37488916327397287
0.151625,-0.08102218200504914,-0.2605551518137522
0.15175,0.17235271644537772,0.14628177604119727
0.151875,0.2210348071132546,0.09837342289393786
0.152,0.4516581747289783,-0.11226927738830787
0.152125,0.21531984554968778,-0.43019296221030273
0.15225,-0.27155081322862484,0.15318838897750955
0.152375,-0.07895974989554848,-0.035499425051502706
0.1525,0.38489968347728654,0.5059558317045327
0.152625,0.43862792648401916,0.3364854468602973
0.15275,-0.1848656093732402,0.1974448388934401
0.152875,-0.4265481281706855,-0.22504486330519777
0.153,-0.3944540817184772,-0.1355972596071916
0.153125,0.039862578825618195,0.19074509815423948
0.15325,0.1486319700402374,0.263190754145561
0.153375,-0.1584841320475043,0.28138577389600444
0.1535,0.10400252730531322,-0.15989654532256972
0.153625,0.09935281128427394,-0.0814437670498602
0.15375,-0.15566448254417997,0.17344665575397908
0.153875,0.33213256643319167,0.24874950080331756
0.154,0.2216289513704314,0.30588844824462963
0.154125,-0.07320883731255406,0.08204258996661543
0.15425,-0.23202963620463724,-0.03738561497441117
0.154375,-0.2668671622473363,-0.16917857898515734
0.1545,0.46028308489305353,0.1998067474950336
0.154625,0.27661855836917343,0.4288439339337884
0.15475,-0.09211635628871591,0.06352066804651142
0.154875,-0.26621377432141846,-0.35408021775745163
0.155,-0.19637697666743367,-0.15381665888136917
0.155125,-0.10419180657722991,0.08130167522499614
0.15525,0.0032273599886686317,0.13851462742571038
0.155375,0.0995936651075956,0.05588864356514312
0.1555,-0.10599028054247875,-0.17072977104972467
0.155625,-0.32238251387798816,-0.0524426075077475
0.15575,-0.16085116734393617,0.19509599645551667
0.155875,-0.18846288197014305,0.18336166130736642
0.156,0.1271239578003035,0.4486780563965802
0.156125,0.0508258849827582,-0.00019736100627862826
0.15625,-0.11276309887034301,-0.12972351877165772
0.156375,-0.11938224940596871,-0.22370832662553572
0.1565,-0.02889546758212557,0.08918719524276932
0.156625,0.22432766969414095,0.017931460650386394
0.15675,0.2618947564187153,0.037701149931053106
0.156875,0.02427618962853945,-0.062480762600081834
0.157,-0.2650594110944214,-0.325993834886797
0.157125,-0.2562688353512331,-0.15786460284652848
0.15725,-0.2691303489664261,0.1129509472379875
0.157375,0.23686026612543956,0.21416793342478976
0.1575,-0.11187665588084633,-0.1741139067288322
0.157625,-0.21278292116645378,-0.20374642608897736
0.15775,-0.34051774064665236,-0.2924116614952596
0.157875,-0.3823403556299105,0.024204455845195073
0.158,0.11215591541542827,0.3225175829842581
0.158125,0.2286075025971618,-0.11497337628651691
0.15825,0.03669424413322655,0.04177376100634394
0.158375,-0.3954677136616578,-0.27743127602281775
0.1585,0.054946656838446316,-0.2077494724417421
0.158625,0.4717927358160587,-0.14023697989244427
0.15875,0.537186050099155,0.07869145666467663
0.158875,0.32547597061501815,-0.1421210983826336
0.159,0.09142073466291131,-0.2004872017274026
0.159125,-0.044200040322190264,-0.26468924330152144
0.15925,0.16631831354242654,-0.14516162666166688
0.159375,0.2145732217581501,0.1043342797930473
0.1595,0.3309300120269311,-0.19289035434247692
0.159625,0.16900349990449734,0.011340934926776207
0.15975,-0.17799644333373768,-0.2565702480753196
0.159875,-0.08603509485638137,-0.13075454205563405
0.16,0.3082149338692547,-0.13906165746952578
0.160125,0.49307900559279355,0.19253282115239773
0.16025,0.06882505656542187,-0.08687659372025011
0.160375,0.10930175890484908,-0.3930379209186253
0.1605,-0.17737978193921006,-0.11880324776826189
0.160625,-0.04528313345877111,0.23811832648652015
0.16075,-0.2039228946724165,0.5318114089973418
0.160875,0.2507041692271923,0.2430728265664995
0.161,0.21144707500448318,-0.02281058463486151
0.161125,0.13091009157165587,-0.11101990935431699
0.16125,-0.25935547263721176,0.21909837966476442
0.161375,-0.06700064629942902,0.24431764607355086
0.1615,0.2926979025477657,0.2755501140489121
0.161625,0.16973901636943373,-0.010430815149873787
0.16175,0.2276019898255207,-0.03800135424508644
0.161875,0.10874685495530145,0.034819155591397394
0.162,0.029161614946265818,0.3407139113259554
0.162125,0.10646330360258867,0.4931599742784202
0.16225,0.06701482516482037,0.14982238262174316
0.162375,0.1187169553053914,0.10971325504028878
0.1625,-0.18124649396016074,-0.06321305136895783
0.162625,-0.4488206559439667,0.17110885202538936
0.16275,0.10397073071069234,0.06273299545384553
0.162875,0.20604808044052003,0.46430950485104683
0.163,-0.08869633838316739,0.18994479695889233
0.163125,-0.026172671875398942,-0.2502738235381521
0.16325,-0.30397726479926424,-0.1217385309101645
0.163375,0.17649073993537426,0.0005820990834077287
0.1635,-0.07686030576620302,0.2894509609268808
0.163625,-0.06628957850158847,0.10574805648493794
0.16375,0.1404967623797768,-0.28707899376161855
0.163875,0.13756158836562513,-0.040395717163563466
0.164,-0.302826528411775,-0.07866682073742527
0.164125,-0.10909053772070366,-0.0735872822074613
0.16425,0.30355352180698936,-0.167420042546909
0.164375,0.1392669658442876,-0.03378072577233707
0.1645,-0.2959866585320984,-0.20487856693214174
0.164625,-0.4206934329153236,-0.28710415209346735
0.16475,-0.20301471506565363,-0.24642741016725764
0.164875,-0.11883625200314224,0.2559121717180342
0.165,-0.13387198046673365,0.09130385670787047
0.165125,0.24753835576996655,-0.3579810972429114
0.16525,-0.2314770324274462,-0.4951112798666037
0.165375,-0.34255715850342544,-0.04125838150816872
0.1655,-0.27826938470846896,0.14447506495044327
0.165625,0.24064200440939754,0.04334908159120145
0.16575,0.07805571838941464,0.48124307962987184
0.165875,-0.19447812168210812,0.11206282962226546
0.166,-0.32121255018894457,-0.3174902375876779
0.166125,-0.3031190639087838,0.011465731794097479
0.16625,-0.09452052742675661,0.0684761247258585
0.166375,-0.09905867845337829,-0.008327621884141054
0.1665,0.029615444745219023,-0.3833914750711922
0.166625,-0.13276949050393513,-0.4288487255375882
0.16675,-0.13047861705981526,-0.11513915648219811
0.166875,-0.35008199292117914,0.1268299913074275
0.167,0.03953785190389175,0.018531706778920118
0.167125,0.3441773293867256,0.08595774829392161
0.16725,-0.0038115655565714858,-0.2261323277648354
0.167375,-0.08480288215138969,-0.1881530062613978
0.1675,0.24689199827263644,-0.03488583360429599
0.167625,0.1398818920386782,0.2339018171481017
0.16775,0.5520826012181274,-0.03745964258799595
0.167875,0.19100274051314148,-0.13934853971875197
0.168,0.08681822823584147,-0.28325873599785184
0.168125,-0.28332965225627177,-0.06598286474684281
0.16825,0.016206903322519027,0.02042302491645602
0.168375,0.41443785418321283,-0.020855382545766382
0.1685,-0.011527012743882806,0.008533654198447479
0.168625,-0.00783366910594931,-0.0556594852068646
0.16875,-0.19341238872976108,-0.11984839597823078
0.168875,0.2092586479000632,-0.19111205339782203
0.169,0.04877030812110073,0.26735209145935407
0.169125,0.17388191366374475,0.32250785321985526
0.16925,0.00953634708669333,0.002122151164877146
0.169375,0.08676289688743087,-0.13502622138392187
0.1695,-0.017939697902361405,0.3682439394874739
0.169625,-0.12075401857762956,0.22164466744555772
0.16975,0.09823197975506348,0.3285048428690923
0.169875,0.4482445408518163,0.2917274742779901
0.17,0.036423416257369355,0.06633937350486897
0.170125,-0.33040571275981206,-0.03655505580548206
0.17025,0.1886882248634179,-0.14405899488947702
0.170375,0.022020965055147876,0.43871369726365245
0.1705,0.16012476201085452,0.14305262776194358
0.170625,-0.12339008775266483,0.3277725798008892
0.17075,-0.11990368678423018,0.043051120306174605
0.170875,-0.4014451971109176,0.10157567679411925
0.171,-0.3449846110233344,0.1834165215225623
0.171125,0.2526871603695482,0.37521758762481083
0.17125,0.4949949313345048,0.07793564443262328
0.171375,0.2548296708224577,0.06848441425107621
0.1715,-0.6308178312788224,-0.06001215498930339
0.171625,-0.30274347156331355,-0.05235416828676578
0.17175,-0.03498455000312532,0.30798599567824875
0.171875,0.12756904136123093,-0.05224145384754169
0.172,0.16374399072767487,0.028386205705229654
0.172125,0.08427710709992499,-0.11463531920133334
0.17225,-0.2849167682429816,0.003448210632796735
0.172375,-0.32963166590306664,0.18842684183179784
0.1725,0.28370581109277104,0.18380254802537727
0.172625,0.23901639549285214,0.0969636289212196
0.17275,-0.35765086716998645,0.0074625358559576435
0.172875,-0.2607479459156707,-0.15581456477527095
0.173,-0.3293471953230669,-0.370950424430027
0.173125,0.030472403659583473,0.2049340554478436
0.17325,0.1556115794775634,0.4147402751274054
0.173375,-0.32127503126689055,0.052947898415763646
0.1735,-0.029487633712910886,-0.16324421916913276
0.173625,-0.07395011500038544,-0.08646197561352056
0.17375,-0.3609149910361418,0.2186274706034042
0.173875,0.09387823872274936,0.1620298689722227
0.174,0.054256638009837134,0.1461663929513442
0.174125,-0.12430729033917329,0.0002521914811146147
0.17425,-0.44849159260564736,-0.31362474595649614
0.174375,-0.3822758849634345,-0.21965361466758052
0.1745,-0.023099648175511592,0.03890107907274981
0.174625,0.15947875663362476,0.14741380332812012
0.17475,0.26971728069144446,0.04472709671972538
0.174875,-0.19547145820127348,-0.48664751756289465
0.175,-0.35636458063815496,-0.19883374765783066
0.175125,-0.340926651025098,-0.09467115276828367
0.17525,0.22852712762746386,0.11110222109105834
0.175375,0.4618132936832112,0.05779112242842012
0.1755,0.31415387515988213,-0.023076745618080437
0.175625,-0.13360793916168162,-0.057247794148921304
0.17575,-0.016225725471196502,-0.4340667154584124
0.175875,0.4545228625481184,0.040115592137291115
0.176,0.3874943982141252,0.19143176337464288
0.176125,0.09665296359711055,-0.4058719925710021
0.17625,0.08995840571676467,-0.5330828167641221
0.176375,-0.09809665446189333,-0.10284364897204613
0.1765,-0.08395266540778017,0.2285649900784178
0.176625,0.158783982507802,0.12848389485323863
0.17675,0.3001834422103912,-0.051270362642918794
0.176875,0.3032300461605358,-0.31583516441248893
0.177,-0.47748758292695986,-0.2892550431758569
0.177125,-0.2840130827523213,-0.32283606808306314
0.17725,0.3715672813005624,0.2992894841610685
0.177375,0.3554114080881632,0.2962689594829983
0.1775,0.28226953613433303,0.09816200314328302
0.177625,0.08779117852433858,-0.2104690007808294
0.17775,-0.019198954612005412,0.04373454084257863
0.177875,-0.16186609326370724,0.3028521865655588
0.178,0.3136813172051759,0.3597435635395311
0.178125,0.464093392484732,0.14023746763379075
0.17825,0.2537195016454233,0.23106741017823068
0.178375,-0.31629481611635185,-0.13371119166705575
0.1785,-0.5931009571012597,0.08257535349679251
0.178625,0.16622648629462602,-0.06353736305701435
0.17875,0.4949346166476789,0.07254225580149058
0.178875,0.10172732700093969,0.12511937144315138
0.179,-0.10486698467188621,-0.3001759165691134
0.179125,-0.004105662688086704,-0.39823737373692353
0.17925,0.001258627704411679,0.04925384021700719
0.179375,0.05467665513420637,0.29819550736929296
0.1795,0.1940813637122189,0.3795939473446015
0.179625,-0.2619421978412231,-0.0173670543721372
0.17975,-0.230702885693836,-0.05000686240513293
0.179875,-0.3206176522352834,-0.08792786888936414
0.18,0.18472959637697167,0.06124107105456486
0.180125,0.18092526398932388,0.04950658604558794
0.18025,0.0993387238346749,0.26534273114609896
0.180375,-0.23907021216977356,-0.3349912787705206
0.1805,-0.08270065652489453,-0.543935175059523
0.180625,-0.14422148688626382,-0.058971714508237634
0.18075,0.031544508663313084,0.3459160308220074
0.180875,0.30773180875489403,0.04004015899182179
0.181,0.2162378437928795,0.11996745544961464
0.181125,-0.22349607756189077,-0.0409420411529909
0.18125,-0.33673219097963003,0.05597356067932981
0.181375,0.04353680514312063,0.09269431657767391
0.1815,0.08868013485447578,0.14160797324366145
0.181625,0.11555328136851557,-0.25964489285306985
0.18175,-0.468337397249896,-0.33400012890751135
0.181875,-0.21348254606412215,-0.3897624777645064
0.182,-0.13230847951329291,-0.07812889110571827
0.182125,0.2771459631180041,0.23162938286015222
0.18225,0.12222662699711408,-0.038839104099459024
0.182375,-0.17756617724416984,0.11456453550657412
0.1825,-0.15388070554351327,-0.0056212957008848485
0.182625,-0.45396296846991047,0.007746283971565198
0.18275,-0.18878741874970845,-0.04792665370689807
0.182875,-0.028303286064939388,0.12365110976191375
0.183,-0.27168509096653765,0.09814427321342395
0.183125,-0.33241911538112245,-0.34319299744036125
0.18325,0.0008834304086237525,-0.42945537058846656
0.183375,0.20547745949013374,-0.13550377547642975
0.1835,0.168115633535631,0.15533198343807908
0.183625,0.14875986072434436,-0.13778945762484385
0.18375,0.0719171242613807,-0.11052116007292147
0.183875,-0.23517696942375277,-0.2063374548701876
0.184,-0.5942719665345365,-0.02890096083214886
0.184125,-0.15203233729159557,-0.15549408857471975
0.18425,0.33537325366350307,0.04828520364977227
0.184375,0.39360502668151953,0.022036909574172488
0.1845,0.10428014338606677,-0.28100550619918224
0.184625,-0.19991503231861,-0.5010906915687248
0.18475,0.0790667374728599,-0.10588531911518671
0.184875,0.02724266470507296,-0.03073720790970849
0.185,0.1553196508565909,-0.40789687430682775
0.185125,0.48037898758573305,2.705852287247736e-05
0.18525,0.24726937211207245,-0.04116919913017464
0.185375,0.05203980513867066,0.3285369467459888
0.1855,0.05477298111539913,0.13036784311038324
0.185625,0.22751652685219623,0.11025017582836483
0.18575,0.012220900055910408,0.12326381476533271
0.185875,-0.10486373649316652,-0.12634723674140896
0.186,0.42605540746848497,-0.2872935738472281
0.186125,-0.00011711284376565138,-0.07185506548072604
0.18625,0.2893028859865443,0.21015107313162182
0.186375,0.4082162837584022,0.08277091896511866
0.1865,0.275500158084234,0.008248186437143649
0.186625,0.09807220272195144,0.05840509950837647
0.18675,-0.05467961282124583,0.06347544361258478
0.186875,-0.15275222939672703,0.11431388988647675
0.187,0.3202812387151155,0.013954487998167352
0.187125,0.4811888694775653,0.2737858867207097
0.18725,0.0845645376284594,0.20877350390031357
0.187375,-0.3739435540720805,0.004601609439929827
0.1875,0.11198634708727682,-0.00513929547787523
0.187625,0.1013754000662558,0.3692811046555329
0.18775,-0.017094096168306892,0.03436340999526933
0.187875,0.057139055525649456,-0.2427738541826328
0.188,-0.013031201618640095,-0.09105002135301296
0.188125,-0.5413840256785787,0.04396362519088129
0.18825,-0.05119913929804288,0.04949167478409739
0.188375,0.07134671082677098,0.15116170124442863
0.1885,0.40774626694148935,0.2787769633916395
0.188625,-0.14233603448521268,-0.03326934433453887
0.18875,-0.26066363249345,-0.29612134994099826
0.188875,-0.2203406344619531,-0.23143800427817424
0.189,-0.17824688148934922,0.34371595051678894
0.189125,-0.1771596078441641,0.6876693000000031
0.18925,0.12595842362630244,-0.05096218155064685
0.189375,-0.04291207297163413,-0.32115654374846747
0.1895,-0.16393039950607807,-0.02576808171462035
0.189625,-0.1787940943670664,0.14006716911049288
0.18975,0.3609772270624608,0.06515092744950503
0.189875,0.4338693127912345,0.04248989037576121
0.19,-0.18103176973220075,0.041072803238535766
0.190125,-0.5057718454321395,-0.06910474694171909
0.19025,-0.31974991056415203,-0.18992506092306605
0.190375,-0.15433751399424375,0.0956591154013383
0.1905,0.3387501976950464,0.3667843980053493
0.190625,0.14892102636920876,-0.11352514513020048
0.19075,-0.2825580062856737,-0.26865017385509266
0.190875,-0.6647055255035634,0.08678563987129387
0.191,-0.4580836734872652,0.2035925593088324
0.191125,-0.0038545986162333737,-0.06485173685430269
0.19125,0.07957591446476775,-0.03861016368788889
0.191375,-0.09556687113665521,-0.06797746230620394
0.1915,-0.5648410716206911,-0.09853591885838685
0.191625,-0.16346740632717557,-0.0417850800231288
0.19175,0.03869028014907595,0.47269541082541805
0.191875,0.10571101551006255,0.10636357499108334
0.192,-0.10982567795010119,-0.48264900759085105
0.192125,0.24648140414892983,-0.5569875682707358
0.19225,-0.062687802114146,-0.24401271752595993
0.192375,-0.047039045035886295,0.02323808268793264
0.1925,0.37606887615187456,0.10455462829227583
0.192625,0.5267552392837976,0.06547363289409228
0.19275,0.04948658050518291,-0.018610510277021496
0.192875,-0.26217773459033955,-0.6194178734656793
0.193,0.012405539823116403,-0.25373085182664157
0.193125,0.571779984990721,-0.0006714696211379292
0.19325,0.5869157516572026,0.09947767548494388
0.193375,0.4678612738158596,-0.39548423184365744
0.1935,0.37234869241171403,-0.2333109161259047
0.193625,-0.25374336590555846,0.010426436320375963
0.19375,-0.2420032019490343,0.2741184000850814
0.193875,0.04669476546652858,0.12260101708210516
0.194,0.3635441163513682,-0.02091183207063896
0.194125,-0.027221707576489975,-0.0025665272852137128
0.19425,-0.2990415363830493,-0.03528632197445202
0.194375,-0.3447069299544065,0.022010500869207788
0.1945,0.14091163176976643,0.22065321492142687
0.194625,-0.08934398792929947,0.2143276918927216
0.19475,0.27287192493891577,0.278523998628437
0.194875,0.07883618261643652,-0.16784458661479887
0.195,-0.14335503268455482,0.10786697484306881
0.195125,-0.17006795317188156,0.42582916389718783
0.19525,0.07983035187981896,0.5518586345338212
0.195375,0.3952394661067735,0.25424608941411975
0.1955,0.020500701766984375,0.4008259666766788
0.195625,-0.15170029329020948,-0.2587453371160509
0.19575,0.05081089294881477,-0.13810512378876605
0.195875,0.4807843575070313,0.08356038580132073
0.196,0.4983490718084046,0.2655709328364171
0.196125,0.12417770496364937,0.01225426769710044
0.19625,-0.029878794780992594,-0.39034803822140596
0.196375,-0.3371264895301378,-0.2779025223293043
0.1965,-0.35304334808471755,0.29638179732690406
0.196625,0.02413269839702487,0.16421612105478628
0.19675,0.5100421344591981,-0.005303867481176498
0.196875,0.11841253253297694,0.2180213216105134
0.197,-0.3292172953201167,0.09731425292180765
0.197125,-0.671556857532249,-0.15226817685247573
0.19725,0.03486494104109241,0.10321197158232442
0.197375,0.25082716045965386,0.27537841446532535
0.1975,0.14639410867172323,0.09599787116775584
0.197625,0.1256141501553909,-0.11421828294460507
0.19775,0.00423086566934126,-0.08477790655927202
0.197875,-0.4335049776471128,0.17744765265756762
0.198,-0.18682582442761209,0.285733656617357
0.198125,0.21439393791136285,-0.019474003671260506
0.19825,-0.03148668033991421,0.17310042459394484
0.198375,-0.40892806497142486,-0.09495565993251788
0.1985,-0.6554809418841341,-0.3838936809326431
0.198625,-0.024958054234074285,0.03150563655779414
0.19875,0.23045461411005713,0.4168993344285575
0.198875,-0.10594902328827013,0.1185396022920323
0.199,-0.12778233964903507,-0.2653439870780845
0.199125,0.05071210047097625,-0.43709869369527465
0.19925,-0.2888338893781196,0.29657120276332877
0.199375,-0.05318824146533502,0.13099046719234195
0.1995,-0.02963648732695962,0.21847450462616128
0.199625,0.049624653407077904,-0.11223155962763663
0.19975,-0.5690330461922755,-0.2003305321797091
0.199875,-0.5498151196740566,-0.28088301656993503
0.2,-0.10028023911315935,-0.15127424665732617
0.200125,0.8029053562605515,0.3032247989029098
0.20025,0.34587710853047005,0.2463880133635659
0.200375,-0.047022835767205284,-0.4831237298673442
0.2005,-0.1967536968566627,-0.41416317369789035
0.200625,0.1667063790383007,0.012116474773206324
0.20075,0.28622091919931675,0.07944452010931519
0.200875,0.3362973691499129,0.001234655080826078
0.201,0.31669734354400386,-0.16152577724790726
0.201125,0.03723077700581704,-0.10922590882250029
0.20125,-0.2490862473257054,-0.17749188404372565
0.201375,0.1910423271407192,-0.0779894102725033
0.2015,0.4695386376725593,0.03991718589881134
0.201625,0.4599788441585266,-0.052018803667861664
0.20175,-0.026082841562376884,-0.3340263365543317
0.201875,-0.08692369838320206,-0.4555117904546511
0.202,0.16379941723302396,0.05710732755395925
0.202125,-0.024166109047226086,0.3046206961645565
0.20225,0.09273009907234588,0.29440265490806483
0.202375,0.31324098360192215,0.1688491884912156
0.2025,-0.19074357131301614,-0.10379831321262205
0.202625,-0.2864399053169859,-0.3839684844183383
0.20275,-0.03409774388446933,0.1526214006231471
0.202875,0.5435783764837774,0.21702956249103714
0.203,0.32643612265410304,0.4609653225010055
0.203125,-0.20178554099019658,-0.08823306396071787
0.20325,-0.15910853135630898,0.05277472901196938
0.203375,-0.036977027787975694,0.10088788032867906
0.2035,0.08440553212076524,0.45992344493297277
0.203625,0.19425414685853792,0.08640085633779909
0.20375,0.4629627755236869,0.32252458179904775
0.203875,-0.021794012997099262,-0.4504553613378853
0.204,-0.22751772371166426,-0.11127922004684856
0.204125,0.010762981469362793,-0.06628881218603483
0.20425,0.3433283701140784,0.03274841909095797
0.204375,0.162426587065623,0.24527098129194275
0.2045,-0.10895065392446286,0.0008883817636221177
0.204625,-0.14786319611577656,-0.22095564875583673
0.20475,-0.3724453429501245,-0.02722135290288785
0.204875,-0.11546071037624257,0.5783021984106005
0.205,0.12816135107158846,0.23671416485699986
0.205125,0.0014935276525570719,-0.08210451832276736
0.20525,-0.22743688819104013,0.07601352337618379
0.205375,-0.5214618188086472,-0.03973330922458713
0.2055,-0.03399296976748418,0.09499892848905905
0.205625,0.3735240509231384,0.2515014094561351
0.20575,0.325555311360771,0.2567394019785179
0.205875,-0.26533926044521633,0.03249895234595397
0.206,-0.48759179418746235,-0.22327279067054828
0.206125,-0.08180844615510258,0.01165630063852847
0.20625,0.3280363187211722,0.19964934874647225
0.206375,0.1689870029795607,0.14681898793013612
0.2065,0.22789106007781137,0.01338019399678526
0.206625,-0.29733872918006676,-0.037372340991074025
0.20675,-0.5754281306304087,-0.12635975663665916
0.206875,-0.3325259475819451,0.026150445191852924
0.207,0.23816617731982503,-0.12124997163184954
0.207125,0.24930470133908822,0.13607621639599105
0.20725,-0.09213931391209099,-0.3600908985032113
0.207375,-0.14076812363652108,-0.44223972810440737
0.2075,-0.024262963455670628,-0.1662089262721211
0.207625,0.1258245530478669,0.4978033103231463
0.20775,-0.18607897541915694,0.35011426271113527
0.207875,0.09989475614772815,-0.12910497755427677
0.208,-0.13428516098803855,-0.027060421988871923
0.208125,-0.21164617886988019,0.12584161674370814
0.20825,-0.3256783192856026,0.09611762901074943
0.208375,0.5753790658676436,0.08326523143523008
0.2085,0.5261100078577329,-0.14112132997940244
0.208625,-0.03896402631286346,-0.23129916109459986
0.20875,-0.09721011259819345,-0.41484933863571366
0.208875,0.36818264066154177,-0.24456725282002037
0.209,0.2540699301041273,0.08983192529395327
0.209125,0.427423943159898,0.10847647141951067
0.20925,0.12792840787073997,-0.20807501281927804
0.209375,0.2669405473685032,-0.24430557605298586
0.2095,-0.021211165332263672,0.22609344023495387
0.209625,-0.08645009676419953,-0.001927929926180033
0.20975,0.612579080109454,-0.18860820100358983
0.209875,0.8492938624995147,0.17297001471941065
0.21,0.09340125265894145,0.11590718526152205
0.210125,-0.3799323231950758,-0.09736337915909611
0.21025,-0.25801971454920575,0.02758009065548757
0.210375,0.1745335065830127,0.1982352935866824
0.2105,-0.15639776917222056,0.2747347204595999
0.210625,-0.13980190566774356,-0.1251518134118513
0.21075,-0.16582469685761203,0.023717418277441005
0.210875,-0.3231122569216015,0.09852059059965447
0.211,-0.298824443713218,-0.09628092516796671
0.211125,0.33531120572727185,0.07742674893140769
0.21125,0.3874402999193454,0.500810433773817
0.211375,-0.0609210826602278,0.1429567796999438
0.2115,-0.24583799868718484,0.026303317088970917
0.211625,0.1619657077455247,-0.1861167539480056
0.21175,0.4183716705523961,0.37622013541511584
0.211875,0.2947104197127632,0.5808108807484512
0.212,0.018977674486334587,-0.10259638075748252
0.212125,0.02331095519858217,-0.5447491498567691
0.21225,-0.11406762893592437,-0.06917098086613745
0.212375,0.030961951098127067,0.14099485342134876
0.2125,-0.0888540819024328,0.07647753581367295
0.212625,0.2684800986442801,-0.04485266186766968
0.21275,0.059873438399563765,-0.014232473478470536
0.212875,-0.2898791416339645,-0.2722970685939549
0.213,-0.2550851513991153,-0.1223185332033645
0.213125,0.22266550034116267,0.1048320538014305
0.21325,0.26685144228213686,0.5207444903182998
0.213375,0.2723991671373533,0.135005125690081
0.2135,0.01629342030112976,-0.5558131088050826
0.213625,-0.4413720375413259,0.04869560659205942
0.21375,-0.4741305515723665,0.4483036216706611
0.213875,0.2517209588608559,0.3186364975029161
0.214,0.3174189338633183,-0.06500217044615234
0.214125,0.07495679024798199,-0.0998360255648534
0.21425,-0.32929455447472084,-0.06387904150368805
0.214375,-0.24998524801650632,-0.12525900340600785
0.2145,0.0678030652694891,0.2293993363719554
0.214625,-0.008373346042618567,0.6188764799267672
0.21475,-0.2242323319270623,0.21005963596958843
0.214875,-0.16658399529513362,-0.04640407548988325
0.215,-0.27844512961550927,-0.04202968634235446
0.215125,-0.3978865701772762,0.05154060881316539
0.21525,0.045413243597236266,0.007755418469109542
0.215375,0.3085483879835232,-0.08109760799058965
0.2155,-0.15228808631505972,-0.07003984578151139
0.215625,-0.5575591810309569,-0.10760731017504495
0.21575,-0.4765683325713421,-0.24942391513179885
0.215875,0.36959042543212267,0.03945038795182449
0.216,0.24520405675032186,0.3263447381250101
0.216125,0.08848691653649138,-0.10319723660178844
0.21625,-0.19608469713543047,-0.330070580904578
0.216375,-0.1584357182865804,-0.2311696158166421
0.2165,-0.2130381994367971,0.037198971590927596
0.216625,0.5784873128178664,-0.03326325803395932
0.21675,0.6403001557305649,-0.15975501233133244
0.216875,0.0803661577320276,-0.20247968881701703
0.217,-0.19294785333305625,-0.30491747533095404
0.217125,-0.4041265396777676,-0.35964977118510244
0.21725,0.23170423902970977,-0.003081916643818038
0.217375,0.3986130479217527,0.28595445259247615
0.2175,0.22653943819692754,0.16518976046066616
0.217625,-0.03652565798209327,-0.5212007648433877
0.21775,0.10817359701321641,-0.253023890256967
0.217875,-0.02350367868307784,-0.10396792717635882
0.218,0.39114985961709114,0.3405131102229104
0.218125,0.616478024928704,0.08063568033839907
0.21825,0.6040983952216333,-0.1855096547434402
0.218375,-0.11546719556815072,-0.4000945903697095
0.2185,-0.382785253186369,-0.14248544400501575
0.218625,0.25433829968579486,0.059566680048640505
0.21875,0.2771936103440871,0.7823820632754879
0.218875,0.2530396565387939,0.20991171143076717
0.219,-0.11039546617474105,-0.39859235077166844
0.219125,-0.20242009895892887,-0.31014333002894123
0.21925,-0.1236642285853227,0.03761620481320014
0.219375,0.11781140083465214,0.3763436824763318
0.2195,0.5657084850553823,0.11747816532607529
0.219625,0.3056898582126902,0.07810357543219035
0.21975,-0.3644180449760926,-0.11307419283487352
0.219875,-0.5040367069028158,-0.21632367519405687
0.22,0.062253718085761724,0.22818433830499152
0.220125,0.2797271320274996,0.5678193745478871
0.22025,0.2244212962614418,0.2875354242168558
0.220375,-0.13114199368273627,-0.020130144294033984
0.2205,-0.09474962724039673,-0.2014945039099698
0.220625,-0.20313583165509083,0.5357139917862329
0.22075,-0.28824391714215786,0.3281654836552364
0.220875,0.0880708762903263,0.291796572773482
0.221,0.025405004536985763,-0.0660285074306678
0.221125,-0.3418175961588372,-0.15189028005916538
0.22125,-0.43107807587974917,-0.19533301662563204
0.221375,0.10841409337102106,-0.18283683531141082
0.2215,0.19855386569298564,0.35701830802262097
0.221625,0.1347381086858562,0.2735964872788693
0.22175,-0.5077767928108003,-0.0791164165552062
0.221875,-0.19289895360006035,-0.3767163224371243
0.222,-0.02870162422538969,0.09719914026499477
0.222125,0.31605546891372355,0.2849165192886175
0.22225,0.23379592524049875,0.032028434867137065
0.222375,0.268237672703281,0.10525842068901954
0.2225,-0.20163858129936357,-0.23130362214328903
0.222625,-0.324432652428526,-0.3078599405913023
0.22275,0.038879034902706285,-0.17414015367779134
0.222875,0.22685164065798571,0.14569764756378856
0.223,0.13506658974011054,-0.11302311104857383
0.223125,-0.250582545187154,-0.26684367414191645
0.22325,-0.2520422756473689,-0.10702460084817036
0.223375,-0.6970808671156669,0.23700481641902882
0.2235,-0.3988984694955722,0.42461760834033496
0.223625,0.01620817789848189,0.030353508367238897
0.22375,0.1990719820441512,-0.08249527819500709
0.223875,-0.2417517773106729,-0.12708175946125894
0.224,-0.5609388170850553,-0.040909423559187384
0.224125,-0.46898958221093273,0.2859675214767836
0.22425,0.11280519211761034,0.3216435948742217
0.224375,0.14106825526501535,0.44983756028363087
0.2245,-0.2368627081596824,-0.2772559423278414
0.224625,-0.11620182793258074,-0.34766412794662077
0.22475,-0.09058262180683238,0.03556434061579828
0.224875,-0.03472107913585219,0.25368139360991937
0.225,0.3016374977766525,0.09374793861255488
0.225125,0.23805624275701243,-0.3251388800874989
0.22525,0.08449155223201882,-0.5397796777569135
0.225375,-0.4011795748483261,-0.35065413273170887
0.2255,0.13993313320958725,0.030020002824753193
0.225625,0.7124086618490156,0.08435376611118199
0.22575,0.3024717876981354,-0.0169421320469997
0.225875,-0.28865238724892417,-0.09025657442771036
0.226,-0.20745381619846953,-0.3632483795416851
0.226125,0.23536507323942796,-0.08391060755881237
0.22625,0.33476440564201504,0.19407821555975793
0.226375,0.2902830006589477,0.14336745046442842
0.2265,0.6609167646317438,-0.17515626399438103
0.226625,0.3635137588977177,-0.3800223966518206
0.22675,-0.17157016191341257,0.03604131917462654
0.226875,-0.19937096236513543,0.14258283614510425
0.227,0.3711235627419526,0.07790283998646425
0.227125,0.2602810287666473,0.2800406348513733
0.22725,-0.3954076996287527,-0.20052734260740998
0.227375,-0.47201691761406567,-0.07964666128001506
0.2275,0.11899174211980651,0.07052179701372634
0.227625,-0.06470649431841699,0.5544955927000338
0.22775,0.11598490545216897,0.2741189828801675
0.227875,0.40529345665075467,-0.13092061373126895
0.228,0.025875814006723293,-0.26100125144086667
0.228125,-0.5117633258721446,0.10308063132624672
0.22825,-0.32431884275764583,0.27240399729760645
0.228375,0.15397882396389226,0.20627982995506103
0.2285,0.40657720022757576,0.3464675079850321
0.228625,0.006480114122631545,0.07670844993534433
0.22875,-0.1381147447513004,-0.14399905762406215
0.228875,0.23134666868837625,-0.05778754266131573
0.229,0.4496478246738444,0.28422908945611935
0.229125,0.12421203264356048,0.22447332685671284
0.22925,0.1313216424531993,-0.20526299386442245
0.229375,-0.0708741471642788,-0.3233467489715867
0.2295,-0.25693483889824587,-0.1651069921739058
0.229625,-0.2423452574979334,-0.1600076390891675
0.22975,0.4867567108698309,0.0832299305094236
0.229875,0.3467175947853901,0.24083708386545222
0.23,-0.13159211982866503,0.17028394214756132
0.230125,-0.5309820230583555,-0.37303495317205143
0.23025,-0.13446940485442585,-0.16237943867871404
0.230375,0.1666703894850143,0.11976499061570504
0.2305,0.16625940440268172,0.14229796737040024
0.230625,0.23365456841863189,-0.1006520282996539
0.23075,-0.2153011388104985,0.03721084862248104
0.230875,-0.373783036254309,0.15284489269343152
0.231,-0.1986348167563254,0.2482928977552169
0.231125,0.4605288757628668,-0.2013908646361439
0.23125,0.29089204121212353,0.046402723169905645
0.231375,-0.10970748528162581,0.1179556950453646
0.2315,-0.42369611901466636,-0.14114203099222128
0.231625,-0.30998020411140104,-0.18510109998020707
0.23175,0.07993669555395364,0.05747184482173076
0.231875,0.008954888533248507,0.20194017622990246
0.232,-0.08650703082137552,-0.3355480155618721
0.232125,-0.49026950271799025,-0.378293490758086
0.23225,-0.4236616441629878,-0.17628243737451202
0.232375,-0.6602425851839094,0.25664760564107914
0.2325,-0.08957820437121397,0.31487879350119574
0.232625,0.21196536569551003,0.09319698303576948
0.23275,-0.001881198532771874,-0.2538586708946251
0.232875,-0.18275310937745926,-0.6403583534923715
0.233,0.09173030006280158,-0.42094772563282795
0.233125,0.37424354368515467,0.2619341331273526
0.23325,0.2255061276302942,0.4177542772319867
0.233375,0.11481585777192697,0.033614435905303636
0.2335,0.24516011506502816,-0.3946145064384066
0.233625,-0.36730342170491587,-0.23118341061446265
0.23375,-0.13407498756528585,0.30805509085473404
0.233875,0.24058945922353275,-0.02335279053478708
0.234,0.6050445566974048,0.12449267119836417
0.234125,0.46855997662524973,-0.19972610130727117
0.23425,-0.36290927785153704,-0.5478636340161457
0.234375,-0.15604885741568927,-0.5106625536288215
0.2345,0.4683225968711603,-0.10470582566531786
0.234625,0.5338487547533286,0.16323316230547857
0.23475,0.1381461740750995,0.014104223291428767
0.234875,-0.06649607079432465,-0.1396722047381533
0.235,-0.07257985764611104,-0.12732869407643402
0.235125,-0.31260492831538533,0.021399339099357567
0.23525,0.15380826078364931,0.26086856571686984
0.235375,0.8057155777596338,0.32990259545474293
0.2355,0.06905462769846614,-0.03701438748728173
0.235625,-0.7847373526349735,-0.2683237379669843
0.23575,-0.48275827309932995,-0.20978177135139842
0.235875,0.5863881012550605,0.31255556042320487
0.236,0.09040830910852128,0.4877822473597866
0.236125,-0.06372065910962035,-0.07126501442907751
0.23625,-0.05109568029530832,-0.22352348156833143
0.236375,-0.14454664121563218,-0.07768122322274455
0.2365,-0.13396750895282647,0.5415655827969925
0.236625,0.2034002347320546,0.4517230481624876
0.23675,0.7104482308517801,0.15991522276816528
0.236875,0.5199014887483903,0.22131712963814826
0.237,-0.1377681817155952,-0.0646057112130624
0.237125,-0.026768439361050993,-0.16520356208493234
0.23725,0.29099184385830973,0.07773905625383945
0.237375,0.21313903623367336,0.6584733030790888
0.2375,-0.20670562034526904,0.1608405686837081
0.237625,-0.08960097201426369,-0.2696674631580626
0.23775,-0.4011183303572014,-0.24233142281093764
0.237875,-0.3735835853465888,0.19089448392015176
0.238,-0.1675632997277764,0.1582350679938072
0.238125,0.5177652673321501,-0.1367142513569667
0.23825,0.4313230994139877,-0.24443747536309837
0.238375,-0.32836572701664335,0.2168235448524548
0.2385,-0.38872447841301483,-0.4028633872584137
0.238625,0.21552233199661636,0.10138433205083128
0.23875,0.5935396641094463,0.4949510999867498
0.238875,0.0018286697419640076,0.3350216057614067
0.239,-0.16025953226251177,-0.29134664086277184
0.239125,-0.08996459083329043,-0.2143944352835059
0.23925,-0.1821302314907409,-0.0042582267162012055
0.239375,0.04998453781081349,0.1855367074443967
0.2395,0.4897520820520379,-0.107088726521653
0.239625,0.3133084880191942,-0.09734473265445286
0.23975,-0.2333132465059234,-0.3182020505247604
0.239875,-0.4455549408876391,-0.45572250909166806
0.24,0.13981912457051948,0.05470793546252278
0.240125,0.25043129062392216,0.25197745288376094
0.24025,-0.03778889729916175,0.13123097375908716
0.240375,-0.3199166439593662,-0.46401197070478867
0.2405,-0.25828443682191093,-0.275055811999182
0.240625,-0.3037554265248025,0.17756501531580168
0.24075,-0.1811312967575427,0.4147379262751838
0.240875,-0.02004424975740173,0.16195562373589087
0.241,0.20826458065511236,-0.13074822591970525
0.241125,-0.4305598618473142,-0.12627719800486903
0.24125,-0.6227262607278238,-0.0941272842366052
0.241375,-0.2966798383716115,0.02588420434626955
0.2415,0.31666096303584546,0.44814022246779883
0.241625,0.3274081760681798,0.34279710889901815
0.24175,0.13943025866964517,-0.05693524086138092
0.241875,-0.08685455324897028,-0.5486344145913563
0.242,-0.0133080133877058,-0.03054021857927477
0.242125,0.19014149065667554,0.12884779502550384
0.24225,0.44787140965490785,-0.16361657899614723
0.242375,0.48446857886987366,-0.1748714938120783
0.2425,0.08159947855565271,-0.44544077365041107
0.242625,-0.2742232819095948,-0.24912802104557177
0.24275,0.06954652370243153,-0.09506450361259833
0.242875,0.43851266374634745,-0.09196757497276208
0.243,-0.05455594594399885,0.08023981863871449
0.243125,-0.18215100234855017,-0.42960439803826245
0.24325,-0.3791658051138691,-0.5254673743443292
0.243375,-0.21785459502931395,0.15887797167268577
0.2435,0.014901954294047573,0.6302172659951663
0.243625,0.39710534230664946,0.3681488331202249
0.24375,0.6623727919087963,0.1051535742339207
0.243875,-0.2297177165069028,-0.07791426145462146
0.244,-0.6163469187664887,-0.02452385266901143
0.244125,-0.02152013950796945,-0.11167738792928689
0.24425,0.3656947701597115,0.4179068389995876
0.244375,0.33455147869851537,0.7010102412542494
0.2445,-0.23014243672677273,-0.22888548081687418
0.244625,-0.12735478398853728,-0.19479968881547827
0.24475,0.08607250706260137,0.021049188169067572
0.244875,0.24933853202021314,0.4207486860087342
0.245,0.3845345677238837,0.21883816756509067
0.245125,0.2776424709676073,-0.20320481549352226
0.24525,-0.1991865237429844,-0.13749976479690162
0.245375,-0.5217430925862483,-0.2682326363093392
0.2455,0.11794334981256883,-0.00583973368455843
0.245625,0.6609222045387384,0.2520415670567779
0.24575,0.4162875313701088,0.42738146068559363
0.245875,0.09184701774717659,-0.044580999908407165
0.246,-0.059758410852309554,-0.6369572373079412
0.246125,-0.18836880541179069,-0.11840552098932526
0.24625,0.19097418113900025,0.47153011220776586
0.246375,-0.19098660784627908,0.03956637972633748
0.2465,0.4039111786839127,-0.13970355513864008
0.246625,-0.03280821965031071,-0.1738753178886697
0.24675,-0.32952588053837195,0.05980112910000666
0.246875,-0.39274990729259046,0.17152616645639954
0.247,0.40341664400275296,0.24965388972206345
0.247125,0.3022285323730903,0.12435302342053818
0.24725,-0.08417303948901778,-0.09535432531635332
0.247375,-0.4017227101592341,-0.3729621620717864
0.2475,-0.28159472374215394,0.07252257536472735
0.247625,-0.1558290713537917,0.48809907348162646
0.24775,0.08704603044749346,0.25613450383371983
0.247875,0.23752548723338623,0.043972473678119774
0.248,-0.07428608327744436,-0.32719427661968903
0.248125,-0.6895917510088521,-0.015029066511605212
0.24825,-0.5536033696111676,0.10980727302834892
0.248375,0.33863249711111787,0.19537901812273561
0.2485,0.37469930986553585,0.3424334957740823
0.248625,-0.2613982066429345,-0.015679210436349778
0.24875,-0.6146407683917499,-0.4083613597977235
0.248875,-0.23011721394237952,-0.15214198831719697
0.249,-0.126682595355403,0.4469391655371756
0.249125,0.25185131813116396,0.34349663564440985
0.24925,0.021542484519071245,-0.11109383327909399
0.249375,-0.1229275399375842,-0.2650648053004236
0.2495,-0.08725113135114757,-0.07582574507545357
0.249625,-0.41468909028644785,-0.002495262475020411
0.24975,-0.2360595762086351,0.054501983988282696
0.249875,0.14216811506005994,0.11824670402973902
0.25,-0.0357755092116175,-0.04382837366683032
0.250125,-0.08285007920392298,-0.4909498250239654
0.25025,-0.19274341064648176,-0.447504176981511
0.250375,0.3788130528489409,0.40791906731492383
0.2505,0.09143649899023941,0.13043855603598684
0.250625,0.40759998707309714,-0.0394075692500775
0.25075,0.09439434047000812,-0.6784374878679007
0.250875,0.0029059565001871733,-0.23100901176892397
0.251,-0.07666406964301949,-0.11224546587222885
0.251125,0.5351096327524327,0.03659987854536666
0.25125,0.696014253653378,0.011224286654422645
0.251375,0.316722090196765,0.14403927618645454
0.2515,-0.44538567158467557,-0.13084246960448162
0.251625,-0.0010868894423849361,-0.5177558595978119
0.25175,0.13430012209125583,0.20853047929830512
0.251875,0.6127183762071265,0.09765989332149938
0.252,0.5281959658515526,-0.31855337361040487
0.252125,0.14247604808972905,-0.5935120624753258
0.25225,-0.03771851286578087,-0.0426006795604789
0.252375,0.08825125073663509,-0.06184988407270119
0.2525,0.11053762559884696,0.060387544961222575
0.252625,0.2909176501630244,0.18084584273987891
0.25275,0.0705001268370072,0.060263251711676694
0.252875,-0.23613878768590532,0.026279902389119526
0.253,-0.25535261951651267,-0.261916439684256
0.253125,0.19090275186012964,0.40317885650803176
0.25325,0.10637106096837466,0.5530051271321311
0.253375,0.27325975120249674,0.04965890359155691
0.2535,0.3136277085411171,0.0873640157429764
0.253625,0.023595062361923814,-0.16906945623583083
0.25375,-0.2974737725579477,0.20460251955644498
0.253875,0.3482612799878756,0.5088420235218668
0.254,0.36126768222406375,0.4759428351222924
0.254125,0.12231282140934618,-0.043856557988289836
0.25425,-0.5666721294571911,-0.2488538734832473
0.254375,-0.0500938497896251,-0.1925052210949408
0.2545,-0.011334154994600908,0.20376368016715393
0.254625,0.24485556008232987,0.23235954546952042
0.25475,0.06322337593809318,0.09337745414491416
0.254875,-0.11816419683065392,-0.33753600959518637
0.255,-0.14613561394200572,-0.10524273354715549
0.255125,-0.19022554750859372,0.16623256315185575
0.25525,0.20283435164949945,0.17747851374585538
0.255375,0.5627459058269493,0.04448371269001424
0.2555,0.5881853200885641,0.06612869656389365
0.255625,-0.5574535108752375,0.044969415977262554
0.25575,-0.37725628508464504,-0.2679390781523008
0.255875,0.43022618167274274,0.29970844259505763
0.256,0.27629298513760997,0.28289465983255985
0.256125,-0.18867339903796762,0.07810729205776151
0.25625,-0.2846731989662141,-0.2496013617159429
0.256375,-0.3385101042235839,-0.32791643960820405
0.2565,-0.5780962529828529,0.07104230419549717
0.256625,0.019468832055028147,0.2149036399744175
0.25675,0.22521388747549514,-0.04317474299884339
0.256875,0.10291625108644994,-0.10686139015746499
0.257,-0.5532183375324415,-0.23312917524155055
0.257125,-0.5334183203510636,-0.11621747820736315
0.25725,-0.17494389333537388,0.3423700304415096
0.257375,0.035553518396466116,0.43264115435960426
0.2575,-0.1933545691850524,0.1792465948508022
0.257625,-0.1252286425039442,-0.5132236556849292
0.25775,-0.21725995393181932,-0.19754899835248804
0.257875,0.020967609361859794,0.2899163693891405
0.258,0.011616087683787723,0.031137750325078935
0.258125,0.4463716748800752,-0.10384034370406013
0.25825,0.056311190055901385,-0.18754675284814684
0.258375,-0.725193679557119,-0.22801472512232493
0.2585,-0.9568621939120807,-0.5004852492400982
0.258625,0.3581045740496539,-0.04657226326386314
0.25875,0.4441730326388689,0.09232710715365863
0.258875,0.23445496383677297,0.13925347620712944
0.259,0.0689909499613101,-0.6447634231987428
0.259125,0.0759773694967389,-0.3832918534304973
0.25925,-0.16631935410415372,-0.06408443054272403
0.259375,0.2599926770258351,0.23139708409131513
0.2595,0.3834932115766018,0.0903507742140702
0.259625,0.24545563292022643,-0.2934453279670201
0.25975,-0.07159975350581471,-0.24566412729090525
0.259875,-0.6875133427070648,0.06107410532409874
0.26,0.26839773887355795,-0.09443444125478102
0.260125,0.6687230645597607,0.18270519359130993
0.26025,0.4134902303584149,0.020917248642371284
0.260375,-0.005142188208645451,-0.45796657289266657
0.2605,-0.1948671419980851,-0.23625847852718093
0.260625,-0.45064438780267035,0.14620364705004493
0.26075,-0.21245789960404235,0.5445747107903219
0.260875,0.5169233974347776,0.4396156352670188
0.261,0.18361053654830037,-0.07954396578632977
0.261125,-0.15906989725495063,0.24990895514916142
0.26125,-0.3765819676368925,-0.12897537355204622
0.261375,0.04858359704870159,0.22868976396983443
0.2615,0.5297591107737246,0.539252672318523
0.261625,0.5089657475353863,0.30247110376618686
0.26175,-0.04708609497205433,-0.30594788443618465
0.261875,0.030094758699012836,-0.28400599548905087
0.262,-0.19475807482290372,0.058205195079246125
0.262125,-0.17934031969977002,0.5039351529595884
0.26225,0.246931960194145,0.46737563915140307
0.262375,0.41631640453420826,-0.14136422377478344
0.2625,0.06217067969354149,-0.2135865800788213
0.262625,-0.43325695505751527,-0.5027129075372513
0.26275,0.010604190877895592,-0.19385426466451622
0.262875,0.49082833293723294,0.6462174069811053
0.263,0.28642377980036243,0.3854663438038989
0.263125,-0.18246871309163273,-0.16961350584516494
0.26325,-0.22813906788439606,-0.31502508440263305
0.263375,-0.21308121341692635,0.202485205253742
0.2635,-0.14277629619901355,0.5679964042206981
0.263625,0.33205881689236205,0.5272797655984759
0.26375,0.23109160368060871,0.10744508968119534
0.263875,-0.12528408064541557,0.13763600101148551
0.264,-0.37564706891295496,-0.29319745155017624
0.264125,-0.23394493587889206,-0.13861892001672196
0.26425,0.498632988835208,-0.032525899229607136
0.264375,-0.1017396498332198,-0.020663009193603848
0.2645,-0.5882097857690999,-0.3644465859076037
0.264625,-0.2828671124558495,-0.4278518063485299
0.26475,-0.17249473571291823,0.24983774017352586
0.264875,0.009904768838594084,0.20470813326806064
0.265,0.10331193509184104,-0.049311875251783224
0.265125,0.556543044682982,-0.36033672332100725
0.26525,-0.1682251335640199,-0.01993068398387541
0.265375,-0.4321119294160545,-0.029654452053857697
0.2655,-0.13717331388042175,0.2510599152642021
0.265625,0.30443506429844724,0.1916593759656507
0.26575,0.1641153160069574,0.19657010622689
0.265875,-0.30057337564910414,0.05362640256890059
0.266,-0.23062772553550392,-0.363991410555769
0.266125,-0.14508737037916855,-0.07022020088489356
0.26625,0.4005661869840604,0.24586769886464968
0.266375,0.22920260253387104,-0.09934235182931665
0.2665,0.15670919396321842,-0.38666150747930444
0.266625,-0.09613028930488775,-0.48553024594619415
0.26675,-0.3220410346010538,-0.28984050487642793
0.266875,-0.026296771128518033,-0.08793356677964373
0.267,0.8097463237202852,-0.006123709892100952
0.267125,0.6147849487541279,0.3505964805281538
0.26725,0.13935337033849676,-0.23467979987771043
0.267375,-0.143067061808843,-0.26052985651506716
0.2675,0.16611616653860473,-0.14311383661833751
0.267625,0.20407211434774156,0.44421590895539925
0.26775,0.5286824149662623,0.1962502975538356
0.267875,0.35739811622167844,-0.1329953713224827
0.268,0.14211699931700073,-0.38877891845944806
0.268125,-0.18518920970132735,-0.14815782791290383
0.26825,-0.03173506987440318,0.12845877881179754
0.268375,0.3301687719660677,0.4100819118667459
0.2685,0.6884560808322349,0.0683269027684702
0.268625,0.011347529038493967,-0.0991848726511839
0.26875,-0.2560542975377908,-0.3136004266133582
0.268875,-0.14642192238933538,-0.13703165988314991
0.269,0.45519481784690663,0.3322782429816085
0.269125,0.07826285820199587,0.6748833533763904
0.26925,0.594543029903127,-0.25858300206058477
0.269375,-0.05777552909820576,-0.29183169783934265
0.2695,-0.46313507935422377,-0.0339220392147735
0.269625,-0.5317560810271821,0.19489840447854972
0.26975,0.0405606517704009,0.20974918348192714
0.269875,0.53792524810631,0.37149032189443104
0.27,-0.07178993195916274,-0.18784094467573068
0.270125,-0.33151724856501286,-0.16279634565018813
0.27025,-0.07498042527964868,-0.10645634493580589
0.270375,0.2431054662143309,0.3147590714924221
0.2705,0.2307506111957334,0.29446367781672134
0.270625,-0.11801356449889931,-0.04110542862928425
0.27075,-0.06337087617566273,-0.16474254927143148
0.270875,-0.32894372044194115,-0.18132396610350454
0.271,-0.13934576075741553,0.12119002280828259
0.271125,0.23771278860372613,0.316540642168719
0.27125,0.5498204056127849,0.42327289421914566
0.271375,-0.19320980326773898,0.1466170628541999
0.2715,-0.4648003507775444,-0.35460549689207704
0.271625,-0.1185027464130014,-0.2751149255724565
0.27175,0.23920535263819032,0.04984138746785363
0.271875,0.1683190316986938,0.2818566412157596
0.272,0.1394182885156686,-0.03942052039803638
0.272125,0.11585254509810741,-0.09452931565819041
0.27225,0.1077021748976353,-0.036672185087719585
0.272375,-0.41949193543110147,0.1609935736796125
0.2725,-0.24987042972299675,0.10511883856266041
0.272625,0.6306444950284428,0.27904383487412754
0.27275,0.35819178261988843,-0.07717445401139576
0.272875,-0.43002293530997354,-0.27078992486247805
0.273,-0.27793174955425737,-0.24756812371397688
0.273125,0.2660284518749023,0.36831676820363557
0.27325,0.17811735579877547,0.43423412821295854
0.273375,-0.035838478055735194,-0.14416999971952707
0.2735,-0.39943673967803667,-0.5212820132654435
0.273625,-0.3233427983543252,-0.18737144957570964
0.27375,-0.28652235956008715,0.20864861049195996
0.273875,-0.18989288129824322,0.3566874400093924
0.274,0.2783517211096513,0.04423864610088741
0.274125,-0.043833267549989174,0.07748949742666333
0.27425,-0.4852082541011607,-0.05047426319431273
0.274375,-0.34833565788196,-0.10689470797599138
0.2745,0.21074065393350672,-0.06619462746965166
0.274625,0.2751865146528239,0.39592068672431563
0.27475,-0.0528371538873988,-0.10422922417275247
0.274875,-0.003957997967389208,-0.49814033510777
0.275,-0.1607847670890375,-0.35505140274223435
0.275125,-0.011627133089465879,-0.2157582917508196
0.27525,0.2810327807900524,0.19162373724440127
0.275375,0.4064466333385725,-0.046782087743048754
0.2755,0.2269188867049619,0.18837704651777906
0.275625,-0.44618703212677857,-0.43208777496740086
0.27575,0.045709907142400835,-0.2158144106978003
0.275875,0.4759520061939359,-0.10434459670276235
0.276,0.6115179018365312,0.5248455936867487
0.276125,0.367806721694706,0.10327371708603604
0.27625,0.21633253546206707,-0.16296660320641618
0.276375,0.06188206349321444,-0.16100508937113345
0.2765,-0.1401535308438277,0.08826729822951021
0.276625,0.2236460538731841,0.061101892425995306
0.27675,0.2918469378181602,-0.04990502686910034
0.276875,0.3724926928437318,-0.2546721861418779
0.277,-0.3184082517325711,-0.1360952943124826
0.277125,0.04216654302271195,-0.13856675196075233
0.27725,0.19101017261702624,0.20997758307128112
0.277375,0.0911937089582823,0.330222915843449
0.2775,0.05462260313788839,-0.042764727400058246
0.277625,-0.0010679539983619504,-0.33106098464702977
0.27775,-0.11638754638060113,0.14124543744810855
0.277875,-0.46311466677647517,0.38153595310308436
0.278,0.1992233766141597,0.7663937363901434
0.278125,0.623863826202886,0.0178307714805842
0.27825,0.11640092855267938,0.2222127504859652
0.278375,-0.4364525546946835,0.16991428508187983
0.2785,-0.4641007572818039,0.013385475539702011
0.278625,0.28898187108425716,0.41124437497529326
0.27875,0.26525347697461654,0.2486763517157435
0.278875,0.05521171728804827,0.11256676765659997
0.279,-0.09455471373389127,-0.463351439298128
0.279125,-0.13800738449861744,-0.285441613569576
0.27925,-0.4601651518587554,0.02327932966014245
0.279375,-0.07523895907652868,0.3967318943567569
0.2795,0.15701864679842106,0.012731932386456654
0.279625,0.1829752161758157,-0.06552387815143118
0.27975,-0.24793586651972382,-0.19255047537993586
0.279875,-0.360699493374347,-0.13792012571601703
0.28,-0.07146074241061824,0.051129240540562455
0.280125,0.41566528341835174,0.4919127900701512
0.28025,0.061034357915639686,-0.08803829570659
0.280375,-0.1090446361432543,-0.23728011025078805
0.2805,0.030182146099347846,-0.5173320076856032
0.280625,-0.15468337440009744,0.2588866174223692
0.28075,0.36488398943089884,0.16945851751270488
0.280875,0.12407834219023169,0.3101698868277738
0.281,0.30279113291172244,-0.05144785974636341
0.281125,-0.36833764972995425,-0.009115364004971207
0.28125,-0.4407904600942785,-0.26146577006336924
0.281375,-0.020703403867128743,-0.04130914823828722
0.2815,0.046425341407846765,0.14845722213656223
0.281625,-0.12316475984843812,0.34445114240222297
0.28175,-0.41963638175658985,-0.14303595468462205
0.281875,-0.26944425304911135,-0.45118902829242347
0.282,-0.22906932557325624,0.16540266320364475
0.282125,0.12250650062849648,0.20199325279387229
0.28225,0.26821584367532986,0.19778663324058846
0.282375,0.06612354560961069,-0.10503345256486349
0.2825,-0.26735887221639854,0.06451421296265458
0.282625,-0.4158119986814048,0.050652215863604765
0.28275,-0.22134141422845435,-0.013364223508299092
0.282875,0.15917009905216423,0.316576404478387
0.283,-0.05406650116300797,0.36119196955296945
0.283125,-0.6616447195027155,-0.22148028412237872
0.28325,-0.6638930317331769,-0.7792730513825301
0.283375,-0.024915332452560886,-0.1361600528279858
0.2835,0.024099247292353583,0.13574305297919256
0.283625,0.20168043903914862,-0.15159601224652705
0.28375,0.4209019987016162,-0.24631309585324337
0.283875,-0.23876938029662803,-0.547187747168112
0.284,-0.3939472014665381,-0.3608087149354558
0.284125,0.14750527145734085,0.1960973396989839
0.28425,0.5772042616077332,0.25550076239830516
0.284375,0.436388324684574,0.12243782506945951
0.2845,0.08063930656196963,-0.42472300373836436
0.284625,-0.036518068285536276,-0.45625733172365723
0.28475,-0.0666061880451864,-0.02284661644210368
0.284875,-0.1187450728826962,0.20721215980004137
0.285,0.20124456785882647,-0.1371006035124631
0.285125,0.3496423548687743,-0.4156360010274832
0.28525,-0.019267479191467724,-0.17380357486371914
0.285375,-0.284233022387743,-0.199164043719933
0.2855,-0.11455557060674545,-0.09718350582474784
0.285625,0.4806722035493826,0.4449002221593238
0.28575,0.5292177259820042,0.41562252627489926
0.285875,0.03149775106410229,-0.2693098968906096
0.286,-0.226664382120393,-0.57365542303302
0.286125,-0.25289568716659316,-0.019574485600483714
0.28625,-0.003179758161785201,0.49489266931658615
0.286375,0.30574110822732087,0.47634343242331795
0.2865,0.2639436414733017,0.1284091342836832
0.286625,-0.029023117286424423,0.10393446249199031
0.28675,-0.5762004490248225,0.03599261593664393
0.286875,-0.19585450547683503,-0.03061149605961968
0.287,0.3450772029599925,0.226740095662835
0.287125,0.34474187460997,0.4837442516935529
0.28725,0.05937455254786415,-0.23016735288894655
0.287375,-0.12517225204982102,-0.5508509800737755
0.2875,-0.20244561299589794,0.14410764136871973
0.287625,-0.05513579436055651,0.5675731931137825
0.28775,0.19624840195363827,0.4116160030183165
0.287875,0.13393519116576957,-0.17429978706669103
0.288,0.25812599771604694,-0.3022980591263049
0.288125,-0.14119351656089632,-0.05653944435144151
0.28825,-0.14353366982063348,0.04124950213303713
0.288375,-0.01971548828294403,0.24752047448292294
0.2885,0.059204531722863045,0.3504554247281279
0.288625,-0.32412082686361204,0.029875677524823657
0.28875,-0.413227163920993,-0.40691649252749584
0.288875,-0.17411794492468569,-0.11169583521074736
0.289,0.3182235372857909,0.6697846513401565
0.289125,-0.10902922833771754,0.3151503886997587
0.28925,0.19492521516133904,-0.07753635535751476
0.289375,-0.011040335080305164,-0.354651297377156
0.2895,-0.6305007234655522,-0.0348930253891419
0.289625,-0.387617915620716,0.15743917402839624
0.28975,0.5301282989815581,-0.08309357295949783
0.289875,0.41911299748228775,0.07266737088255205
0.29,-0.19439019137973082,-0.15584313348873627
0.290125,-0.495672660590003,-0.16528652286409515
0.29025,-0.4844757383069917,-0.18338661839982637
0.290375,-0.0765458831988083,-0.04270949109216761
0.2905,0.04909486703350146,0.15398137484820684
0.290625,-0.13784402350942757,-0.2948994235269571
0.29075,-0.22996736194666068,-0.41755074051679936
0.290875,-0.47408768235903204,0.05910757876811864
0.291,-0.487181037650533,0.26918123889809015
0.291125,0.2288696371560518,0.01203126885829811
0.29125,0.10415308598962068,-0.007188430215547166
0.291375,-0.302748153677942,-0.21291253014344333
0.2915,-0.17709529518298547,-0.5646153850310467
0.291625,-0.2929878499088115,-0.40754440067971137
0.29175,-0.06506964581428175,0.42452865891246794
0.291875,0.17187344057535842,0.2909294889256617
0.292,0.33486187855165883,-0.018469306651072104
0.292125,0.1727788818062289,-0.4800924462895171
0.29225,-0.24747655766012555,-0.03357464621344431
0.292375,-0.16685586263373578,0.0965767495143436
0.2925,0.5555466816567886,-0.08433449499177392
0.292625,0.6322167771331215,-0.1448477979284999
0.29275,0.047260709269050336,-0.16033453794330257
0.292875,-0.1492875947040426,-0.3339509321166668
0.293,0.004683065418074688,-0.5120844832819756
0.293125,0.4045974768958925,-0.03543295052521017
0.29325,0.3590337005043499,0.5222848010029368
0.293375,0.03322070304619083,-0.1476611714231083
0.2935,-0.11423332709053634,-0.2706828567829353
0.293625,-0.413512476223864,-0.0804831891553963
0.29375,-0.34129899645767514,0.1607714644095219
0.293875,0.4094188046470034,0.1422742443308699
0.294,0.4488140672608548,0.18853939284538637
0.294125,0.07809870596429075,0.29226216640724056
0.29425,-0.49296892060465813,-0.0840638149393453
0.294375,-0.29057763524517705,-0.21506553054527447
0.2945,0.19580744852757406,0.10830004516077207
0.294625,0.3287220535166034,0.5719300781075416
0.29475,0.5010047526022009,0.1245376930651585
0.294875,0.135135755858029,-0.1311564281200399
0.295,-0.12136588730124706,0.0420542882280925
0.295125,-0.37581375383235766,0.4556240873174503
0.29525,-0.003721437447461484,0.24778365037065755
0.295375,0.44230530832836695,-0.20058263109693975
0.2955,0.16181802205661147,-0.1877431479462252
0.295625,-0.43720724983217124,-0.337191531115871
0.29575,0.059066413600641784,-0.2095978465625001
0.295875,0.3035345619593059,0.1687605694855531
0.296,0.41575112852123186,0.4587630549193869
0.296125,0.3313739605448147,0.21728457991078415
0.29625,-0.3164882180958567,-0.19400022387893984
0.296375,-0.23252515111086772,-0.2734008528697973
0.2965,-0.2769941358511589,-0.08107495776004214
0.296625,0.022728642183142744,0.48564639765122536
0.29675,0.4173047394769197,0.2599173542839015
0.296875,-0.059308662607969236,0.042630394283174076
0.297,-0.2259876680040104,-0.09201893477128517
0.297125,-0.428336628329019,-0.24575837677930026
0.29725,-0.03953433645916842,0.09011389024577335
0.297375,0.21168603608198536,0.3326124227578521
0.2975,0.15623044914944126,0.1693381973673461
0.297625,0.0760633215414719,-0.23764800281287388
0.29775,-0.31752011412857717,-0.3911529381765543
0.297875,-0.007483555827790211,0.22259143979928486
0.298,-0.03590319662552942,0.40319277230431677
0.298125,0.178822223610931,0.0838985559261805
0.29825,0.2210144440417504,-0.2524983373667157
0.298375,-0.5266981493942784,-0.3672316877769102
0.2985,-0.4198046534223477,-0.19927152620543587
0.298625,-0.055672197073961906,-0.07243280693903416
0.29875,-0.10485093775596985,0.22478217015709076
0.298875,-0.3630727846725466,0.09955454077706256
0.299,-0.20979413998920526,-0.665700168855397
0.299125,-0.042580007898410016,-0.5038654422591397
0.29925,-0.265157371128032,0.10655934356894071
0.299375,-0.17007700546332538,0.28712818429089454
0.2995,0.19028599808994823,0.09673529054609971
0.299625,0.06862059611893705,0.1530428752441017
0.29975,-0.31702684518533114,-0.14872997314978656
0.299875,-0.47113401796971893,-0.19077022876586505
0.3,0.058259325697774096,0.05059339080220592
0.300125,0.6360511470279461,0.3288676277752523
0.30025,0.1868552668004981,0.020375578933676104
0.300375,-0.21471481353754987,-0.3212996465550647
0.3005,0.04736566599685673,-0.35570005750538713
0.300625,-0.28810193459705546,-0.2052446252115098
0.30075,-0.3639724228898206,-0.04725680880266588
0.300875,0.41954443223782134,-0.21106544699458707
0.301,0.2886545664418407,-0.3823093443828222
0.301125,0.06687521521843687,-0.30346366378893175
0.30125,-0.11850469289683936,0.0026041596361809577
0.301375,0.06368394703865746,0.1308430288133486
0.3015,0.42965251539601496,-0.013171231910943004
0.301625,0.3671004807533091,0.013705235230856259
0.30175,-0.2141246075361109,-0.4316784122095023
0.301875,0.14627454278399454,-0.42183886791625713
0.302,0.26238822405061446,0.15614583503384544
0.302125,0.24018141281406283,0.19751295826770657
0.30225,0.37367334417682857,-0.06442087889360602
0.302375,0.35242766879673737,-0.26040831011159055
0.3025,-0.07304581724256799,-0.07590629407522957
0.302625,-0.19537268264614388,-0.18259593402502178
0.30275,0.058791934594869165,0.10645904933528488
0.302875,0.34352991800445354,0.37516640705852755
0.303,-0.017754426201798106,0.5490408303883345
0.303125,-0.10296138162168444,-0.01272341789869947
0.30325,-0.1404520708201197,-0.022719017554517777
0.303375,0.05775662153298101,-0.026334709544691293
0.3035,0.15889308013072356,0.4522457997648205
0.303625,0.19618596096419108,0.2868534086459018
0.30375,0.41016465875907115,-0.05384998516507576
0.303875,-0.19742627052084705,0.1834266493827153
0.304,-0.4664483088995189,0.18175299549927282
0.304125,-0.3676542046304014,0.0843486648040668
0.30425,0.3588912985076239,0.3973304619954752
0.304375,0.42232602197574154,0.19401794399315947
0.3045,-0.16574348157652574,-0.14969827496623409
0.304625,-0.2703707617173928,-0.5410547607912201
0.30475,-0.02543812441537925,-0.015259858702832538
0.304875,0.2618421123702731,0.3269015436324458
0.305,0.33809762407544713,0.05388841489354611
0.305125,0.3045679806215572,-0.09995407773131436
0.30525,-0.14637390688872692,0.061889160157915894
0.305375,-0.3477415016542358,-0.15128619938839424
0.3055,-0.1330795140111584,-0.2166074361951101
0.305625,0.3445657756318027,0.08261342387309996
0.30575,0.35427609130867926,0.4584398940605245
0.305875,-0.2827825456687029,-0.20020713727355943
0.306,-0.07541324060898066,-0.2749073983249015
0.306125,0.1321670685946983,0.03673684196526697
0.30625,-0.1440892183872101,0.36035617609244486
0.306375,-0.007032888439394493,0.38096767388594016
0.3065,-0.11323245524350482,-0.15969104351447647
0.306625,-0.40787271469088887,-0.24920723271465287
0.30675,-0.5243952502246687,-0.27147058879806707
0.306875,-0.4005814929331933,0.17388236350025088
0.307,0.15822658238468054,0.19945008050507196
0.307125,-0.07140454994486832,0.42513686972670517
0.30725,-0.38772589692521836,0.08790542813230585
0.307375,-0.2138422491389936,-0.40455530111137566
0.3075,-0.19853841052321275,-0.045678460286787105
0.307625,-0.039789134881280434,0.46787606205712456
0.30775,0.0037497267237331907,0.10334617694564292
0.307875,0.03331818605451476,-0.33313476925579605
0.308,-0.10789324851560583,-0.18630852308435922
0.308125,-0.18297457481729112,-0.014271935302318595
0.30825,-0.3532538567137656,0.14809341202152518
0.308375,0.1430024201632454,0.10285956530487846
0.3085,0.38274775583184667,0.054022843756995856
0.308625,0.1823390846650934,-0.31577434788542946
0.30875,0.08672907677816385,-0.455578452434187
0.308875,0.1822483126808394,-0.29603787614402277
0.309,0.1849810041322392,0.07640219042428273
0.309125,0.25860106105995917,0.06967560222508325
0.30925,0.2587799337227518,-0.21977637509142953
0.309375,0.0036062528966868284,-0.239309600216767
0.3095,-0.10853299457678937,-0.27449198298891736
0.309625,0.02571606027568489,-0.29786300564118146
0.30975,0.45677631365230276,-0.14307680317295712
0.309875,0.40805468294613834,-0.02815988173128841
0.31,-0.18324922702160157,0.19714394543033728
0.310125,-0.07909831733091888,-0.37876130111429906
0.31025,-0.09648634811098539,-0.16968379850657303
0.310375,0.257331151268967,0.07295753611591027
0.3105,0.14486878955295027,0.44289223948244766
0.310625,0.1927112531106674,-0.04502614824075722
0.31075,0.2826619244981843,-0.22377827097547018
0.310875,-0.20901018376285668,0.2031284978454308
0.311,0.062427075221436285,0.14830332207432445
0.311125,0.09437558787523258,-0.0085704211033046
0.31125,0.37764694643581914,0.10934179765375268
0.311375,-0.009770509914722326,0.1760059979010463
0.3115,-0.3201501686751371,-0.08826544338122311
0.311625,-0.3093462950420893,0.14221391352947377
0.31175,0.1608240353852308,0.39784656276352043
0.311875,0.1634369383349979,0.305133924649913
0.312,0.1327309717755643,0.23875844296196821
0.312125,-0.1137172697598276,-0.2119850857343058
0.31225,-0.12386469157961097,0.12571731162541697
0.312375,-0.42174409019915926,-0.057889380290613766
0.3125,0.2759202942307228,-0.10964985866361097
0.312625,0.3807754428271542,0.27732153914943247
0.31275,0.05227474426832901,0.2721466466579547
0.312875,-0.3859591668084215,0.18663951141317808
0.313,-0.12913039098718487,0.1372350127542638
0.313125,0.4075289820580271,0.32834117140630537
0.31325,0.09846741547355341,0.387851305001163
0.313375,-0.030272222740967306,-0.135558077210143
0.3135,-0.15483269459533647,-0.15784586550025115
0.313625,-0.31294477573794305,-0.25248596643292465
0.31375,-0.4798583779547796,0.15594918049463344
0.313875,0.13247740706859254,0.08242738127358382
0.314,0.44885175548789097,0.21923432555192893
0.314125,0.18136398464316364,-0.05803169476938087
0.31425,-0.254155263427614,-0.049010336118450085
0.314375,0.03576919826484163,-0.13048773595595942
0.3145,-0.2295725106748805,0.16213941398022508
0.314625,0.1264695008895319,0.5087585014397934
0.31475,-0.05973389190822194,0.23401109013287036
0.314875,-0.23314791193485715,-0.2200171699224808
0.315,-0.07653309976103839,0.057771268044763645
0.315125,-0.48461535111949516,0.21739294508973703
0.31525,-0.021264842151988712,0.20075250980941664
0.315375,0.08459615799125976,-0.12395404088840216
0.3155,0.0012825151447456876,-0.17293015828094407
0.315625,-0.3624830622177901,-0.3287051752550118
0.31575,-0.40209052423041225,-0.42613736439884287
0.315875,-0.09507046959938398,0.01576217306152839
0.316,0.07754232986287357,0.2112407828431408
0.316125,-0.13468688180518584,0.1539184360481787
0.31625,-0.14144649608561435,-0.05753605198277918
0.316375,-0.2117122114587631,-0.06466544391613997
0.3165,0.005594598783760612,0.006023126363663855
0.316625,0.01369044554203981,-0.18502224735968092
0.31675,0.4993165333841194,0.16420634017085922
0.316875,0.21748271235845293,-0.219094663115564
0.317,-0.16996666672821792,-0.20619324460647692
0.317125,-0.06257235332599465,-0.60413755584845
0.31725,0.30157469293277567,-0.14915053450911747
0.317375,0.29992192401743517,-0.10536556591250693
0.3175,0.3192394112247253,0.0062779734455940105
0.317625,0.18135915655650492,-0.17648697768652746
0.31775,0.0619757973300731,-0.31156073929572964
0.317875,-0.21308968770742917,-0.008975611290639741
0.318,0.13051854907268332,0.16628933702510404
0.318125,0.39148918718657383,-0.15879148377246763
0.31825,0.32125485846271845,-0.09205572361810176
0.318375,-0.309785006575729,-0.17530083916176953
0.3185,-0.3563417957332968,-0.11218422474776363
0.318625,0.13993105006135023,0.07312217873531766
0.31875,0.2624258558359411,0.1821776715370402
0.318875,0.438580224233272,0.013224470463303516
0.319,-0.0804293940266181,-0.31524469145718975
0.319125,-0.2135779831656459,-0.10543901944839494
0.31925,-0.0822775454912037,0.3376679607393673
0.319375,-0.050536191232485726,0.5040067662212
0.3195,0.27127538152650055,0.28325479274343923
0.319625,0.003464301494996574,0.08279536603777665
0.31975,-0.8693373705680508,-0.14006375012471972
0.319875,-0.4293630408166264,-0.13484829180533844
0.32,-0.02968596031506233,0.09018746889721331
0.320125,0.35062710052430424,0.5453970383228625
0.32025,-0.14803260344081473,0.25577005933039987
0.320375,0.01543798443186971,-0.12270468348773714
0.3205,-0.1497420216405856,-0.312425600864608
0.320625,-0.09511086224451738,0.00884992575043779
0.32075,0.22128105070537266,0.2923147325390459
0.320875,0.12547874072588477,0.07846356864747805
0.321,0.002239141386257265,-0.05024727953781231
0.321125,-0.14526056846745705,0.20923618196405383
0.32125,-0.4244900701209526,0.03948843821862469
0.321375,-0.2722906375820517,0.04411770053114078
0.3215,0.06863697654048309,0.24320912503641293
0.321625,0.1287494112662577,0.23613539358103852
0.32175,-0.08309801723273486,-0.14952286557801292
0.321875,0.003565413501925733,-0.1929857783800075
0.322,0.19160168310947548,0.03715232384839029
0.322125,-0.044833367947731136,0.21770480126722916
0.32225,0.1908784281268073,0.18787360346604942
0.322375,0.2517126637832582,0.025178045421726893
0.3225,-0.15133117024575746,-0.10563104509665827
0.322625,-0.4034373929031764,-0.07197854656410188
0.32275,0.1312162472893143,-0.24725651773423724
0.322875,0.21676867123863033,0.24292176689716496
0.323,-0.0637624650228192,0.21074507897228567
0.323125,-0.26409390533468535,-0.2554631849547979
0.32325,-0.36488585842528365,-0.609036953781714
0.323375,-0.10541827523468274,-0.23785871873253267
0.3235,0.08880621532158618,0.0838464346548047
0.323625,-0.13472394303140217,0.24265458157021902
0.32375,0.07483845461688918,0.03841149301790188
0.323875,-0.2828162482003644,0.16649229901827997
0.324,-0.6080652711391795,0.11641736898446989
0.324125,-0.48491176910146055,0.2951728215489284
0.32425,-0.03540562951943066,0.06454985163502662
0.324375,-0.13126510948371162,-0.02682485059747577
0.3245,-0.1728071929230713,-0.12061448677314132
0.324625,-0.13523970582101125,-0.622266351058007
0.32475,-0.03020464908987073,-0.1569584233655832
0.324875,-0.16030835028539184,-0.01646480897366545
0.325,0.19632406646313175,-0.23768746397197799
0.325125,0.3390837149976682,-0.09276979022987743
0.32525,-0.24321263988657724,-0.2272853875746763
0.325375,-0.06547361952963568,-0.0828809353526363
0.3255,0.16216506505049427,-0.31247174915238496
0.325625,0.5720305441358928,0.20754897641808562
0.32575,0.3726377525045316,0.021370855036355964
0.325875,-0.02958238414111118,-0.40419727891390583
0.326,-0.045918192995979934,-0.6897784810508505
0.326125,0.309308644835466,-0.41985856509701297
0.32625,0.12713842173710327,0.01868731795972866
0.326375,0.14201953420104263,0.1405621127331551
0.3265,0.2659264599478407,-0.2039980325724793
0.326625,0.16724852718246053,-0.11430812329239368
0.32675,0.06688813219021283,-0.10111885048569515
0.326875,0.12647044749446046,0.21841791256743628
0.327,0.29962250685584346,0.29052706498542086
0.327125,0.3030569714738537,0.1680346389129252
0.32725,0.006927025435632291,-0.1354878106319884
0.327375,-0.3432271075387298,-0.04568133378897172
0.3275,0.10895989745176449,0.16956684698095698
0.327625,0.09179208483696252,0.541853127958203
0.32775,0.1712414936965568,0.23880802293422165
0.327875,-0.0637755203552365,0.04031536204107178
0.328,-0.22372144395986132,-0.005370738187835002
0.328125,-0.2292301705774705,0.2395325771426338
0.32825,0.019707664299965153,0.04422778513232486
0.328375,0.4204070119132034,0.237183661200253
0.3285,0.16505545134966906,0.020432186586743447
0.328625,-0.1883859555426154,0.011039297422562277
0.32875,-0.47810467124185396,-0.0717605061454209
0.328875,-0.3288914059417419,-0.16492532227495568
0.329,0.11423900791142579,0.5609144374805884
0.329125,0.40835156964388597,0.2597350220584747
0.32925,0.16605015825874897,-0.14339817148820913
0.329375,-0.010713091578725973,-0.07014507070448112
0.3295,-0.4295043075442574,0.194229112239236
0.329625,-0.19033542200840048,0.20840732116120303
0.32975,0.0811665396726322,0.3602275244444849
0.329875,0.32336036144278746,0.1441331321584017
0.33,-0.11928880593577376,-0.12102584480448375
0.330125,-0.2871753694338397,-0.5208978782908363
0.33025,-0.14522566791821337,-0.06953717650730423
0.330375,0.013001905186388612,0.2969795620960477
0.3305,0.050632830300585865,0.14049190946609924
0.330625,0.04058238012364337,-0.3363440829185792
0.33075,0.1243882855281528,-0.3412840109809605
0.330875,-0.16379784068455627,-0.2935090805379956
0.331,-0.02821930342313799,0.13938822037114032
0.331125,0.3493687669429435,0.38909468803341446
0.33125,-0.04457535787077863,0.19447635602844796
0.331375,-0.3022600548035806,0.0004017757689290656
0.3315,-0.6531490916443384,0.13730895978695584
0.331625,-0.15909492863604371,-0.3086142547496418
0.33175,-0.0727918863854649,0.18293511613598065
0.331875,-0.30277433848388996,0.331670905695671
0.332,-0.2908523966845626,0.12146254767168688
0.332125,-0.11781112065136119,-0.3342705682919472
0.33225,-0.29066887777539957,-0.1114500023045449
0.332375,-0.3267732950975243,-0.0689525426586689
0.3325,-0.006153596598577115,-0.09176656730970041
0.332625,-0.037885558619302845,0.34893670578471864
0.33275,-0.2816123247549301,0.048997808695176476
0.332875,-0.39685294142793276,-0.19394001306593547
0.333,-0.3662839426707335,-0.19030460225526888
0.333125,-0.10771697155523394,0.13791469261423164
0.33325,0.07798152083154877,0.2393323676640873
0.333375,-0.24373641923451644,-0.17364922718394213
0.3335,-0.4170355353128204,-0.2633027279674244
0.333625,0.2499938917311776,0.013268432725258919
0.33375,0.11290113110879234,-0.21637263430173356
0.333875,0.18961154409793446,-0.1706456490946577
0.334,0.4950149962413624,-0.3614497907276
0.334125,0.12291557390420009,-0.12119520736862302
0.33425,-0.15268933595523007,-0.24850136875366796
0.334375,0.20498627821412818,-0.19404266298860157
0.3345,0.49591623364633586,-0.13130610908291998
0.334625,0.26063436273370955,0.14792357658267347
0.33475,-0.010787720924566287,-0.09679590270924747
0.334875,0.03341585608970116,-0.33611123940015336
0.335,-0.12938138851877198,-0.3946230860443528
0.335125,-0.0035664223608473135,0.017005287228981123
0.33525,0.43458478773168774,0.08040152084494612
0.335375,0.012036726928535564,-0.2475160341491909
0.3355,0.17922472329115846,0.035386663486739175
0.335625,0.0010400868460962223,-0.24584749880985082
0.33575,-0.4343035947418448,0.11015454838097884
0.335875,-0.16261250853124976,0.056970089304745314
0.336,0.016498103829440284,0.36984710316925085
0.336125,-0.0918080331623106,0.02786607366555368
0.33625,0.20880382622195442,-0.26119272931536736
0.336375,-0.12540281764372022,0.147644049875825
0.3365,-0.24499684442204675,0.4184507792707043
0.336625,-0.011863971678918147,0.1501327484407422
0.33675,0.6340837610675073,-0.03070172002325718
0.336875,0.24986006433773897,-0.2783688920547002
0.337,-0.22989525483450798,-0.022413569082304213
0.337125,0.1968285111591242,-0.0010010978368971547
0.33725,0.23850533427084222,0.20437202492413964
0.337375,-0.019379551924985104,0.5375676308838017
0.3375,0.026874822201591174,0.05395467776675284
0.337625,-0.3281010711222464,0.09023665948697504
0.33775,-0.18299858700509636,0.08324882246592955
0.337875,-0.25573679551060485,-0.0228073300529641
0.338,-0.17145385433179894,0.15533658351521124
0.338125,0.16635519646865213,0.2670514932435575
0.33825,0.19764596707684057,0.016430792101921617
0.338375,0.1311976485399295,-0.041641266753955436
0.3385,-0.04558195104452463,0.047861789854499535
0.338625,0.13070533494070102,0.10499927326648746
0.33875,-0.1848516270521563,0.6371192079674982
0.338875,-0.20351541569429474,0.024858687959636715
0.339,-0.22938526255687627,0.10479644626568593
0.339125,0.007558202793180761,-0.18574368580849251
0.33925,-0.3234439934965893,0.18387289755849084
0.339375,0.02600890690852194,-0.15845625989151774
0.3395,0.17914128894567322,-0.0016198269879187264
0.339625,0.26217142694153267,0.12869597534012261
0.33975,-0.3789137279810924,-0.4053237070987902
0.339875,-0.3054327267699659,-0.25364084140037646
0.34,-0.2440606651640042,-0.018423731245976103
0.340125,0.255804443870687,0.22710364044627124
0.34025,-0.1820079736642338,0.1295737025629149
0.340375,-0.2972481443445444,-0.1874547701214683
0.3405,-0.17208361847214992,-0.16955670402004047
0.340625,-0.13206893634588193,0.004216118647549231
0.34075,-0.10144573088057138,0.17866523420115937
0.340875,-0.13823686615594155,0.08469161357063018
0.341,-0.09184332027143399,0.0942920014840749
0.341125,-0.48038626776537163,-0.0473431563481948
0.34125,-0.5343334431436103,-0.05221302863029576
0.341375,0.0325595554560677,0.036408693457747776
0.3415,0.47880503916589096,0.12661498761387555
0.341625,0.10951466877080036,-0.056262241175099356
0.34175,-0.2657621919774136,-0.25265434714420393
0.341875,-0.23686229958460484,-0.19280560032508798
0.342,0.17235909398617372,-0.1602034423049355
0.342125,-0.003282317358363462,0.14470913437314128
0.34225,0.06175518142931922,0.061091145454227606
0.342375,0.2795889711583687,0.00032834415922387687
0.3425,-0.10842024248542871,-0.13149640665613446
0.342625,-0.18542880833189557,-0.24544164792964396
0.34275,0.28014628877559894,-0.18221892032830753
0.342875,0.39645701875031764,0.1068287076499856
0.343,0.19353946441000894,-0.10526706508784454
0.343125,0.007695225105932396,-0.29643853593270586
0.34325,0.008120498246828122,-0.38048098212332043
0.343375,-0.03726890641155975,0.2545522740280121
0.3435,-0.09796962198705676,0.22311369580862547
0.343625,0.5802016860038562,0.23998775763019628
0.34375,0.12664257246504904,-0.152334448711497
0.343875,-0.14699278438733893,-0.11765350149462774
0.344,-0.10655465608330207,0.009255514782726145
0.344125,-0.11499784907017604,0.13138892457406362
0.34425,0.17776323346691086,0.14894184927325652
0.344375,0.30905219775452625,0.18584399046944136
0.3445,-0.48219438730099773,0.10784476230640634
0.344625,-0.21364099442137574,0.09315274489133227
0.34475,0.15756054369596387,0.2547441149785529
0.344875,0.08178039591733598,0.5192590065572374
0.345,-0.0635478033440941,0.22707495061673172
0.345125,0.1784256380281864,0.30669651600285625
0.34525,-0.20306956577631002,-0.17753940638718527
0.345375,-0.2309048819910392,0.0777000912276658
0.3455,-0.1609206172923502,0.11242762201432947
0.345625,0.4678854847843177,-0.03781079273970285
0.34575,0.1867592499324947,0.03999297579202525
0.345875,-0.14015001026152232,0.05800205737683935
0.346,-0.07831367997024295,-0.0396084409803868
0.346125,0.12800832195729783,-0.0854539368495776
0.34625,0.13253390230780748,0.20666502648675406
0.346375,0.16062830779554876,-0.05857914147754289
0.3465,0.365867965931906,-0.2027688880119812
0.346625,-0.08349696418879728,-0.038144588835160316
0.34675,-0.30091607455291747,0.18625176077445574
0.346875,-0.3340104708465502,0.17330508503724767
0.347,0.16271838068713967,-0.1526928082999067
0.347125,0.012775713970771638,0.11438761315423226
0.34725,0.04257180121010701,-0.14333949945079907
0.347375,0.08406728542675476,-0.2900219524284973
0.3475,0.19451968486685553,0.18288636412514653
0.347625,-0.146232977727816,0.3929720898294811
0.34775,-0.062305947931212906,0.31019492461207326
0.347875,-0.1322510975851841,-0.014994310570786451
0.348,0.06809612315378667,-0.12013743900221024
0.348125,-0.2277585907846783,-0.23637368783021326
0.34825,-0.19177216880046605,-0.12992465907072512
0.348375,0.07874148141477283,0.0182936261580336
0.3485,-0.1965716616136251,0.16345460019249017
0.348625,-0.2064667557368463,0.1345713027197103
0.34875,-0.5945429112650497,-0.26411311708139557
0.348875,0.09757415844820176,-0.27380719174395196
0.349,0.07433137486547198,0.0333309979383204
0.349125,-0.15191412413998692,0.1592334276908655
0.34925,-0.3200935992107439,-0.004144639747084548
0.349375,-0.3896650788214389,0.05852502210730132
0.3495,-0.3112962601488823,-0.06665456930562655
0.349625,-0.059541137479234556,0.08836809911948704
0.34975,0.28894390267183917,-0.0472023376514185
0.349875,0.4932671292407973,0.22623846594192873
0.35,-0.27145872979726615,-0.1417683029623827
0.350125,-0.05179895915323485,-0.24758486392385307
0.35025,-0.3191749233999608,-0.09987106465942856
0.350375,0.11422603944297066,-0.17834455099194932
0.3505,0.22322326578622764,-0.3045982501558911
0.350625,-0.0057915966117848385,-0.20286076906526923
0.35075,0.011201559493340523,-0.28955674604676984
0.350875,-0.29032459396870675,-0.018047026626353924
0.351,-0.06446212320091256,0.056475666823761865
0.351125,0.3203287175228737,-0.08734577270980559
0.35125,0.35912573395093905,-0.17429803430721308
0.351375,0.5358326096282761,-0.23413822012818822
0.3515,-0.004275515265435749,-0.3442417062403064
0.351625,0.07008182971558226,-0.22735265602828805
0.35175,0.41623758836690156,0.19324990404356138
0.351875,-0.06512344709055522,0.329120421634105
0.352,-0.13339291478106183,0.0040146555383785846
0.352125,-0.07923968029233427,-0.14834685023187544
0.35225,-0.16398349640173818,0.12316919139699045
0.352375,0.00335682588061444,0.06703952125142838
0.3525,0.2360764707806214,-0.05699114097644764
0.352625,0.3731114745358617,0.198565489022063
0.35275,0.2574834984485628,-0.04086341470274685
0.352875,-0.13390989655920194,0.05155372946413994
0.353,0.15035428569522818,-0.1580901108834701
0.353125,0.1756967567174294,0.4201164993677108
0.35325,0.20344922142792266,0.6631339648286961
0.353375,0.29658844510307614,0.0898472318708554
0.3535,-0.11473051028301036,-0.012906272659430201
0.353625,-0.18072479729031887,-0.06912399539134056
0.35375,-0.17366425324129592,0.21233864114627374
0.353875,-0.18679166438236436,0.18788428748919597
0.354,0.03055639914513164,-0.042218385903910575
0.354125,0.14785333426264535,-0.1902780929024629
0.35425,-0.21643275422047564,-0.2908190421448803
0.354375,-0.1593849003531657,-0.11051872847204826
0.3545,0.2352810944999184,0.11096066123560505
0.354625,0.036292666973485786,0.17695418693642845
0.35475,0.2036229852708922,0.347654690469976
0.354875,-0.08212449995942425,0.15035499376942074
0.355,-0.15529246248788037,0.11939839770783106
0.355125,-0.012268723274978086,0.23631966222228137
0.35525,0.1983446236885741,0.21473503809617553
0.355375,0.16635058289362567,0.18340874892812026
0.3555,-0.05069114820541366,-0.06329484765825558
0.355625,-0.21686298518434768,-0.13405493512530048
0.35575,-0.4246865919928173,-0.09988974814855799
0.355875,0.12265743497710228,-0.18118978375059255
0.356,0.3678049345082523,0.08903512457835303
0.356125,0.24600084275148332,0.27023798985476444
0.35625,0.04934666693402802,-0.3585794204433298
0.356375,-0.18538149805211826,-0.10902733762799442
0.3565,-0.2205403957213321,0.11731014241474251
0.356625,-0.32971228075931924,0.14434792777604824
0.35675,0.1805505414538196,-0.0868193511056211
0.356875,-0.07237239732300253,0.11420434335258528
0.357,-0.4990196288873603,0.005100941151393875
0.357125,-0.24544104847624248,-0.1020669038689965
0.35725,0.0001834543387330599,-0.01345830302134376
0.357375,-0.0015799169821754913,-0.24277392379364385
0.3575,-0.13901229930557824,-0.06753217157981681
0.357625,-0.15913868957066074,-0.2999219511713513
0.35775,-0.004860348772566208,-0.4209335883075722
0.357875,0.021962774544693912,0.16638775650694523
0.358,-0.27737915795221213,0.0790970900001719
0.358125,-0.15520237153201807,0.38935805888900754
0.35825,-0.174448969228911,0.11132155994756039
0.358375,0.16776089404855474,-0.056372814615079016
0.3585,-0.083722129798719,-0.20098192981833346
0.358625,0.21947214097670945,-0.2770360449681455
0.35875,0.2703578805124694,-0.0911995545307043
0.358875,0.2724109841496772,-0.1554374407972361
0.359,0.12989758823038164,-0.3387728145147147
0.359125,0.3184961631820641,-0.44914200694240375
0.35925,-0.06388448195878887,-0.06625096167201822
0.359375,-0.00682224851470992,-0.09804826225728927
0.3595,-0.12840078695582074,0.044547130220594644
0.359625,0.276528363757183,-0.19120870220917668
0.35975,-0.08312636644190399,-0.3286077349116015
0.359875,-0.027076164166590554,-0.15021838114723182
0.36,0.25930413973328276,-0.2128207731375513
0.360125,0.06627832840920751,0.2202322028680796
0.36025,-0.12721389777345318,-0.22035817153350337
0.360375,0.11539227875055112,-0.15383459575391165
0.3605,0.10045907359252038,-0.04774359172120175
0.360625,0.1410268767596324,0.20906618639555252
0.36075,0.12396869123849925,0.3093207885755736
0.360875,0.11068688509382263,0.12907700142190842
0.361,0.26725506018622097,0.26169985787824374
0.361125,0.1450541121568665,0.11525907415331406
0.36125,-0.2990452669998119,0.23034251057355595
0.361375,-0.17498880369244843,0.11003245450814494
0.3615,0.021169897016435294,0.12421229903297791
0.361625,-0.043303970715392395,0.284930394307256
0.36175,0.3227917645683861,-0.05493188576609863
0.361875,0.16178454005247223,0.04715118105643521
0.362,0.3847308363548221,0.22048865457712932
0.362125,0.3594399236140249,0.4419838661203911
0.36225,0.008448374190958587,0.00645899164608845
0.362375,0.00983917702216052,0.03838500077299649
0.3625,-0.21874293217728602,-0.06987623865487015
0.362625,-0.18158447139266992,0.05947648657377183
0.36275,0.026234508928168487,0.33495821832255934
0.362875,0.15630476649970118,0.21165808456554785
0.363,0.08282552241494184,0.10430185258377453
0.363125,-0.291517537278035,-0.0183223771952934
0.36325,-0.10734933742297229,-0.15279519391653693
0.363375,0.11019670412468463,-0.044187808480593636
0.3635,0.17220411462646534,-0.004525896385979978
0.363625,0.02039918046355542,0.13870560565709936
0.36375,0.514657043530574,0.03780964471123448
0.363875,-0.06826574716652857,0.2860809504212539
0.364,-0.334553578994059,0.33629772448449696
0.364125,-0.34085249250651317,0.1217651844042798
0.36425,0.09997584003334838,-0.0058364217265471485
0.364375,0.1531784709617446,0.2901403694398033
0.3645,-0.30455688637048056,-0.1556079336427076
0.364625,-0.18094396089190032,-0.22850137484955457
0.36475,-0.03205666332436764,0.22304390262681115
0.364875,-0.19750873723025428,0.20279647610633386
0.365,-0.32743284461376654,0.27882779033770405
0.365125,0.09644599231466977,-0.0955752967978047
0.36525,0.01842183874739928,-0.19703780335259896
0.365375,-0.27520152411974536,-0.04133562990567262
0.3655,-0.18094885717159187,-0.07794052904968692
0.365625,0.32085795373035364,0.17130558063819923
0.36575,0.07344113817380363,0.263713621119887
0.365875,0.06994124137430965,-0.03660355298078797
0.366,-0.012567201939776024,-0.3508032037682157
0.366125,-0.1379756191450518,0.011542765748617368
0.36625,0.16434822253430031,0.1425230151351773
0.366375,-0.000742203846946239,-0.12271771132506472
0.3665,0.18432718602671117,-0.17635819599171423
0.366625,0.07358142279297332,-0.22734199645064912
0.36675,-0.0164770119508077,-0.1077164386906839
0.366875,-0.02678948439255299,0.0017594750165281013
0.367,0.13383956263698138,-0.26421689307880636
0.367125,0.0022412712027389727,-0.10291164089520968
0.36725,0.08613654351566144,-0.05110580453516307
0.367375,-0.052760604361433254,-0.04774534354173228
0.3675,0.27535773029058364,-0.04272957111962638
0.367625,-0.015555349919810646,-0.1432630220098623
0.36775,-0.23135423639764296,0.013497266080660214
0.367875,0.12637787291557437,-0.2401893769277456
0.368,0.03220684751901347,-0.20066652761057777
0.368125,-0.13188957269802065,-0.20766004785921005
0.36825,0.0749370754688642,-0.06694727123291186
0.368375,0.35971102815673484,0.12176601425622073
0.3685,0.5041509807332486,-0.010108280994473516
0.368625,-0.26939200417287773,-0.19019536100687207
0.36875,-0.3134906627337975,-0.441596270121912
0.368875,0.28233689318598165,-0.11805847440900942
0.369,0.10046893708227932,0.09605622192477857
0.369125,0.04739785383932399,0.18050036695537622
0.36925,0.4033734655054068,0.10587360715596214
0.369375,0.06526613283394755,0.08338352872782895
0.3695,-0.32397965048681504,-0.14488437304707125
0.369625,0.08112438939160306,0.09294789694450858
0.36975,0.5685829617668037,-0.018129524981090876
0.369875,0.5451874081143517,0.1602478473141284
0.37,-0.2544134937287504,0.20083573975596614
0.370125,0.13228532576466345,-0.0403050939583051
0.37025,-0.009998290918136098,0.03949625971399492
0.370375,-0.12906753537169924,0.48361651160677604
0.3705,0.2919189724150534,0.10297414948221154
0.370625,-0.02154768660743818,-0.08639788279512928
0.37075,-0.03934753686783089,-0.02463251963660881
0.370875,-0.4478660218606793,0.22092964066820825
0.371,-0.4431331864818346,0.013768167462159872
0.371125,0.18799049174435967,0.015480536029529993
0.37125,0.42679735159617727,0.3767178064085972
0.371375,0.06527373107611288,-0.036358167818372734
0.3715,-0.2687283906834154,-0.18687300157048697
0.371625,-0.07496547462104793,-0.1170369034389361
0.37175,0.2911529915207922,0.4076955973183031
0.371875,0.06713352122664604,0.5214960617290247
0.372,-0.07515795194837287,-0.01788818296285437
0.372125,-0.04015391817868991,-0.26473511623760854
0.37225,-0.15032947818652206,-0.12642368873750431
0.372375,0.11743552462842952,0.1273327673246719
0.3725,0.3870723981361315,0.079139128419703
0.372625,0.42641521789655157,-0.004247609033673814
0.37275,-0.08638568092443172,-0.03978985699583253
0.372875,-0.40999477172693966,-0.25621814928377085
0.373,-0.0684128624626224,-0.2450950199945105
0.373125,0.32746578271092414,0.05926534866574649
0.37325,0.08472878110125438,0.11060467232703362
0.373375,-0.04431136479491114,-0.04765978924809064
0.3735,-0.1377674983553106,-0.14388422492749475
0.373625,0.018144474916994988,-0.06907782468964856
0.37375,-0.24610456428389801,-0.0746280835826509
0.373875,-0.07709531622895022,0.2742355073515198
0.374,0.1287418109240557,-0.20307953500197345
0.374125,0.08354195620260958,-0.06579549379136153
0.37425,-0.36827656534238706,0.032523411200591566
0.374375,0.01747337482211603,-0.07361386657626093
0.3745,-0.09237592176790951,0.2585440741468385
0.374625,0.10315136064692122,-0.017712868872553914
0.37475,0.24913478564295716,-0.014851462784442642
0.374875,-0.16963489689761752,-0.3326424347435203
0.375,-0.2320099445093882,0.02390340152471833
0.375125,0.027403547289096386,-0.13847256080702927
0.37525,0.056157659122643935,-0.16845059332264317
0.375375,0.3751703118613119,-0.18166268354794743
0.3755,0.22198974554503142,-0.16008439215576903
0.375625,-0.3232017393865304,-0.2543743342749048
0.37575,-0.17553417171094657,-0.4129807893257864
0.375875,0.09171441760191286,0.06503931457204454
0.376,0.41758124040461875,0.07779522228491491
0.376125,0.4394937622822765,-0.09668645789986065
0.37625,0.007338794271648738,-0.36752492691665006
0.376375,0.1981275933453766,-0.16252542605580408
0.3765,-0.14901690577170926,-0.08491552242459718
0.376625,0.16746890464076739,0.0666391601179969
0.37675,0.30442922154522944,0.168465785943202
0.376875,0.07217140485245246,-0.07919333378377483
0.377,-0.3579605433555722,0.12309201764019996
0.377125,-0.12164352636953318,-0.18127475584758812
0.37725,0.0021452505150962703,-0.029689873839617114
0.377375,0.37153942267096923,0.3996043346475106
0.3775,0.18696036232090904,-0.029758295317779154
0.377625,0.13549453909997655,-0.275702807518758
0.37775,-0.12709443816187385,-0.06095614511403742
0.377875,-0.04817816387775996,-0.06223035897762048
0.378,0.19805167894286568,0.21353037465056346
0.378125,0.22432050049436794,0.18961998916295641
0.37825,0.16323048522823275,-0.010496468595417516
0.378375,0.0010484769737113028,0.12867627766972697
0.3785,-0.19354133761610573,0.04761905917646431
0.378625,0.4002408854174399,0.23686081885830004
0.37875,0.20828551405391793,0.3782869173712251
0.378875,-0.04508136030075986,-0.016565291647483465
0.379,-0.25868603929586825,-0.6113182453655852
0.379125,-0.2557065274482183,-0.13879456700242024
0.37925,-0.12303428502100817,0.17650753944703435
0.379375,-0.056752109327769924,0.005385656197179796
0.3795,0.33567929693402926,0.28945740377713536
0.379625,0.3092860875203689,0.13794583204126917
0.37975,-0.17253082331537023,0.13846888972970653
0.379875,-0.6251471969434201,0.1811728503858993
0.38,-0.17009847750708817,0.3790033815174462
0.380125,0.1010678179967663,0.2658584567233846
0.38025,-0.2149597840527344,0.04400203721592772
0.380375,-0.20785260166843697,-0.22886978600151606
0.3805,-0.1762754227440835,0.05703700762925365
0.380625,0.1408297092817336,0.037031741231972316
0.38075,-0.17691629883916996,0.08827772877273915
0.380875,0.1302227273824411,-0.03386565849037286
0.381,0.04823129054490639,-0.20198925195897402
0.381125,-0.07347855930789264,-0.3224299790404047
0.38125,-0.07255672313449714,-0.1652810601886054
0.381375,0.13520799893021052,0.14352836119571388
0.3815,0.04570929092295686,0.2823990748781501
0.381625,-0.1947689501535953,0.10961907684844807
0.38175,-0.32511940657579524,-0.2060815708420797
0.381875,-0.2006073621728897,-0.43255732466887914
0.382,-0.1302742887914971,-0.07660364752632966
0.382125,0.2133092605757161,0.1834121359664081
0.38225,0.22447515895042114,-0.15226326053470066
0.382375,0.1516407269207553,-0.087640461773836
0.3825,0.08083900957130931,-0.1746696406803331
0.382625,-0.4301121244882475,-0.27860953948898026
0.38275,-0.17698495481851495,-0.07337282817916267
0.382875,0.15530385930701032,0.15953850350349494
0.383,0.14415670831973276,0.2165675133834765
0.383125,-0.01903340096486511,-0.1627126758322051
0.38325,-0.28015924821440563,-0.4095926244069431
0.383375,-0.241919418458023,-0.09988576674378008
0.3835,-0.18815221101385712,0.13244903723638077
0.383625,0.1557153899553792,-0.1720831931220813
0.38375,0.4218761958559805,-0.3257363732941428
0.383875,0.27777882716833235,-0.28016392127063855
0.384,-0.16550728926559047,-0.11428366705061915
0.384125,-0.0923404951246845,-0.0659525194849912
0.38425,0.3944136645308978,0.1623935507872599
0.384375,0.4770337627560893,0.15393380029565382
0.3845,0.013312317109998764,0.009369722592994345
0.384625,-0.06480613599563592,-0.3728059095192628
0.38475,0.16779121252772006,-0.12184875867291725
0.384875,0.13706689624516286,0.3548790529676769
0.385,0.18384956013770398,-0.1503531208026024
0.385125,0.29192119575783554,-0.1155687857167901
0.38525,0.017354340106922498,-0.1325329838518128
0.385375,-0.15347633371202668,-0.025437901767114357
0.3855,0.019982008879985642,0.08695303666169565
0.385625,0.46507363747052155,0.20280711711259605
0.38575,0.14950262746135728,0.29669901718193187
0.385875,-0.09686012761162108,0.23669039121029212
0.386,-0.28319246693341377,-0.07646015052486908
0.386125,0.10124918204423816,0.022767648723035713
0.38625,-0.24852140420300478,0.3493804781424533
0.386375,-0.0955374413504214,0.5723843432728649
0.3865,0.0881878696476661,0.1283182658885397
0.386625,-0.08063962732246728,-0.15906206791872884
0.38675,-0.2211323666174638,0.1020803395380142
0.386875,-0.18556558096221018,0.5224333024793844
0.387,0.28062984533236585,0.10022063444611076
0.387125,0.23444506331973283,0.30102451401194125
0.38725,-0.0468681558891319,-0.06567138476038226
0.387375,-0.1871202927104331,-0.08531119686489443
0.3875,-0.2258628947887916,0.13636318043775028
0.387625,0.1475574861100833,0.31136478383319577
0.38775,0.05182322139910664,0.07856199892361215
0.387875,-0.030081209910896637,-0.21902353325554516
0.388,-0.04850913309997831,-0.08354443412125558
0.388125,-0.4111008924326902,-0.013866189032352105
0.38825,-0.06518464400105525,0.11535391227690935
0.388375,0.35682504628483763,-0.04985683448957797
0.3885,0.28561228273478023,0.1738835895284746
0.388625,-0.3114280533658409,0.040439573760672205
0.38875,-0.43212707991491345,-0.35293904061757353
0.388875,0.0824019047682388,-0.03402346945061975
0.389,0.22367382678314524,0.5429291831892845
0.389125,-0.19168543586539374,0.07818093854994587
0.38925,0.052115221992535356,-0.10497779323139714
0.389375,-0.11701543817092767,-0.2469331810365501
0.3895,-0.3372138224584801,0.12940857222762125
0.389625,-0.41965406498844177,-0.10255529253123943
0.38975,-0.10032058272428171,-0.19860668848982344
0.389875,0.34278397358379425,0.08439160349139663
0.39,-0.11349440751933478,0.20397365570794948
0.390125,-0.09623216028310669,-0.28340127869935716
0.39025,-0.048056636107087165,-0.036041851313459314
0.390375,-0.12621369365015106,0.08338685755411326
0.3905,-0.04296918169966444,0.2077847809785838
0.390625,-0.08618185219320133,-0.3384787469396821
0.39075,-0.0712441553091949,-0.29466537094326833
0.390875,-0.20361927711021313,0.05456755634906616
0.391,-0.28282229023483596,0.1011349764473272
0.391125,-0.010475958231128027,0.18583808559372805
0.39125,0.23294660737695655,-0.2526991231679245
0.391375,-0.028086269097462313,-0.1334422573645263
0.3915,-0.09897496124332102,-0.43946138932477596
0.391625,-0.09663968073913387,0.05159020452450315
0.39175,0.220411424710994,-0.10453076131640965
0.391875,-0.04850548674092072,0.3878373480021758
0.392,0.06999596389710089,0.08188238106742607
0.392125,0.06870451176631161,-0.17484998822122685
0.39225,-0.28316066417615277,0.08878740109622459
0.392375,-0.2708639135034162,-0.015239437171356823
0.3925,0.32063321738628003,-0.1374162196901909
0.392625,0.3351521914547658,0.10130281908149615
0.39275,0.43799492174471655,0.029150241144524514
0.392875,0.02080449089304764,-0.15958535608011515
0.393,0.1296019431009081,-0.39914591149290757
0.393125,0.3945152711826163,-0.11284226257645256
0.39325,-0.03848211334631104,0.04295123040424214
0.393375,0.06138447715122711,-0.5654330047102165
0.3935,-0.14591728129843085,-0.5276575162739894
0.393625,-0.07952544382853585,-0.11980656873697182
0.39375,0.10887523469462757,0.29783471993481864
0.393875,0.21479894630038715,0.19348953091608187
0.394,0.09294940135324739,0.011759276765511875
0.394125,0.04335484983738495,0.06376162333518616
0.39425,-0.07503925009517456,-0.1750944977012356
0.394375,-0.2555425639122956,-0.15657183139313313
0.3945,0.5501927713584349,0.22628538854320154
0.394625,0.18207326973844107,0.5837733018126157
0.39475,0.08303535878032052,0.3853511593970212
0.394875,-0.09689349476439706,0.16411665474860798
0.395,-0.33913363560927956,-0.1021795787205972
0.395125,0.20093791340617267,0.5031497458021299
0.39525,0.026429657705756865,0.39468389814651705
0.395375,0.074574036292134,-0.016495959456906534
0.3955,-0.1595795205100252,-0.033667187579970406
0.395625,-0.1479635435610812,0.0030340902740046533
0.39575,0.09618183112388132,0.05461242029453914
0.395875,0.37049270927178063,-0.18676121955191044
0.396,0.33646994272585323,0.03248482493299196
0.396125,0.18303024863862707,-0.11938368207497807
0.39625,0.1958415998015841,-0.519553475500265
0.396375,-0.02656656157872752,-0.2772444736569933
0.3965,-0.21353786125659038,0.12496729054416662
0.396625,-0.04404730346380283,0.1396232790701803
0.39675,0.30986714002117993,-0.13838055895469653
0.396875,0.28109653380791344,0.12273879850861144
0.397,-0.5152540074864038,-0.018675665021362226
0.397125,-0.4091238303889524,-0.15057219809811315
0.39725,0.07087731314787322,-0.047411849368340225
0.397375,0.09606046993695758,0.2813574657630747
0.3975,-0.04037037286517708,0.15707688425136987
0.397625,-0.014424489994701552,-0.22272336006570062
0.39775,-0.014981424044815091,-0.033407403264337915
0.397875,-0.3283445881812716,0.13004692008924282
0.398,0.12252790362046515,0.3991089874498576
0.398125,0.15713196188029582,0.2467154108871993
0.39825,-0.19478936560999258,0.11243648697076146
0.398375,-0.5876730205697042,-0.016036883442511127
0.3985,-0.523083520059882,-0.12376932611151754
0.398625,0.20596413583866344,0.02355202154028626
0.39875,0.2436627155531915,0.27187209686528885
0.398875,-0.1925640010204342,0.055882304357009124
0.399,-0.16870817228582802,-0.27004984691164724
0.399125,-0.14965236413027752,-0.1776595696409892
0.39925,-0.39389862933756625,0.03191777368157224
0.399375,-0.10952382436594708,0.12595104480284464
0.3995,0.27496050433183206,-0.028985928817129906
0.399625,0.12024828324682907,-0.31651023666503736
0.39975,-0.29180078545706656,-0.25504414426193994
0.399875,-0.6248724318135757,-0.23441854205612572
0.4,0.009528109197654027,-0.017686988057089376
0.400125,0.28433570073040754,0.20104579603548428
0.40025,0.009417990173588452,0.19633687442297343
0.400375,-0.16432663830931246,-0.42703769105696765
0.4005,-0.20759292266156354,-0.6087614770006821
0.400625,-0.11656079653453999,-0.047350791685252115
0.40075,0.36788888008303555,0.3017568191003676
0.400875,0.41800981986716906,-0.08056126105332194
0.401,0.4106077016650812,-0.25355934466450236
0.401125,0.15549556073462673,-0.13552775115735893
0.40125,-0.17592705643821985,-0.2878252850667796
0.401375,0.284777810908697,-0.11844654810493371
0.4015,0.5168571999089523,0.4543488908699474
0.401625,0.09357091953746188,0.004837705178241809
0.40175,-0.0669612899890547,-0.00462127225766345
0.401875,0.15138205866218654,-0.4713810439371042
0.402,0.0004075028417854284,0.3939386556720771
0.402125,0.27980148107570985,0.3291476949994248
0.40225,0.3355892862020577,0.2131349137934553
0.402375,0.267369766633202,-0.31127319103617246
0.4025,-0.06918406603656105,-0.17209104963647587
0.402625,-0.19572639174570894,-0.030274471063079025
0.40275,0.08032660162015574,0.15607319196271977
0.402875,0.6030712519736751,0.38284545914382934
0.403,0.0014518580876400238,0.19082953285509247
0.403125,-0.0765096952934641,0.12902659968803482
0.40325,-0.3992570069569648,0.012056295665032406
0.403375,0.13306292516352744,0.26785629875458133
0.4035,0.013205230582952593,0.16164792308895068
0.403625,-0.07564638397239544,0.07269335562239608
0.40375,0.5020651845591908,0.09221364218380172
0.403875,-0.08180958769087793,0.16893896905688446
0.404,-0.05334131141845078,0.1334716403549621
0.404125,-0.06692900165923414,-0.03452318507862535
0.40425,0.17905903858896405,-0.008635195981908306
0.404375,0.23505300114262784,0.24755966351341974
0.4045,-0.28532820360441224,0.1762146168731903
0.404625,-0.2898193133552181,-0.22410173299123268
0.40475,-0.14117519985151117,-0.0785968563972312
0.404875,-0.11224989141853126,0.3368410289956987
0.405,0.014224910680437243,0.1626922786365278
0.405125,0.07009496040188422,-0.2820516448941795
0.40525,0.09159443760818933,-0.24383580350278072
0.405375,-0.3091768378514846,0.00033319455824375334
0.4055,0.019074796590078994,-0.21930536504443593
0.405625,0.3577238584054317,0.4462698318169736
0.40575,0.5452460682545887,0.22190100064576987
0.405875,-0.14372814303148962,0.10760477717858147
0.406,-0.23943460720895185,-0.2605093943911263
0.406125,-0.08998652331875893,0.003405784530588205
0.40625,0.2704062573559743,0.3693622611359668
0.406375,-0.0540526659859908,0.22516062511474494
0.4065,-0.09179774566661393,-0.1359610652375571
0.406625,-0.3187437063477073,-0.2132776363988188
0.40675,-0.5126093358410918,-0.18220152935428155
0.406875,-0.20332359400592523,0.2881328167537765
0.407,0.26856698159713255,0.18064272449547542
0.407125,0.13138883203807597,0.21483726925006805
0.40725,-0.4418854320199994,-0.2510134001565214
0.407375,-0.2280568727826786,-0.3863275581352042
0.4075,-0.11040246341207811,-0.2625060728596276
0.407625,0.08526392100347346,0.19949576919875697
0.40775,-0.06994235537801244,0.1677753490088667
0.407875,0.14129635540449256,-0.11122566357989855
0.408,-0.12242954953793472,-0.17183177894973153
0.408125,-0.22684883646003182,-0.2828326800913061
0.40825,-0.25420851427274516,-0.024664165617589474
0.408375,0.058168743820565645,-0.0343505197638754
0.4085,0.21137012364488206,-0.0075589468547719125
0.408625,-0.18548693385921608,-0.24647082639328885
0.40875,-0.634379374746533,-0.4134646957727314
0.408875,-0.2137443628040362,-0.12276244462113847
0.409,0.2505406327796147,0.15281203896772919
0.409125,0.2756157016324269,0.2814316577405966
0.40925,0.024602316139650908,-0.10978540091547091
0.409375,0.3415874500204755,-0.387820113241343
0.4095,-0.06747037061766162,-0.16145427349200464
0.409625,-0.08906676203248819,-0.23106910384075208
0.40975,0.4592001240122819,0.13166903274190278
0.409875,0.3721387749035434,0.09731013885436098
0.41,-0.10067762205036815,-0.09731492066445105
0.410125,-0.3013222435031558,-0.18779683952068282
0.41025,0.11272219224193385,-0.25633732751356364
0.410375,0.41760387294561013,0.11155198646845818
0.4105,0.10211531236544166,0.26515128566339774
0.410625,-0.11532733680076307,-0.1223992463083102
0.41075,0.11760614166223339,-0.25459597868640127
0.410875,-0.3084617011618779,0.17953283797586375
0.411,-0.6355206721944144,0.2384562171746003
0.411125,0.18229483807364516,0.13382300378055031
0.41125,0.6185047246742903,0.08369540707394459
0.411375,-0.12377346577824427,0.19351939824530362
0.4115,-0.2765436305986543,-0.27627848436886393
0.411625,0.04337914017193139,0.0991778657353732
0.41175,0.3313757852733743,0.32577968877857577
0.411875,0.15681554498263242,0.16515503517745178
0.412,0.18780133312441266,-0.17057227872760386
0.412125,0.08419697264247032,-0.35940467368417994
0.41225,-0.307645818211324,-0.2316826003966246
0.412375,-0.02855524302617502,0.47258573577309965
0.4125,0.22743574592002783,0.4370133747527364
0.412625,0.39597939562984935,0.1855279506398427
0.41275,0.13890914404801044,-0.04050677013454441
0.412875,-0.3685675725470383,-0.29439284383011494
0.413,-0.08589737048598683,-0.10657703662405787
0.413125,0.3736238176333502,0.19134359411725066
0.41325,0.2041699471058273,0.40597178526521877
0.413375,0.23997149676145582,-0.10381439643086554
0.4135,0.00959875111317364,-0.3420277143550693
0.413625,-0.12777957642506138,-0.010774239089577644
0.41375,-0.2692809761936221,0.2959555817083848
0.413875,-0.25958046055622697,0.25563621939223796
0.414,0.5732279490162991,0.22362203366369593
0.414125,-0.141054044934005,-0.011309007953962141
0.41425,-0.6485190397627197,-0.1219037009199098
0.414375,-0.14415409551517688,-0.15347839492362997
0.4145,0.38958555452268434,0.0895144166274104
0.414625,0.15114226756720678,0.4578684870430182
0.41475,0.18928869677958324,-0.16069794780634164
0.414875,0.13980027543894574,-0.23189466536005127
0.415,-0.18057958079196912,0.001522549619277512
0.415125,-0.27405894351480437,-0.015095146120396762
0.41525,0.02314966761546062,0.20833111371416232
0.415375,0.6156519128811363,-0.1278023027786056
0.4155,0.27937572232952856,-0.03869586750327741
0.415625,-0.1031595452912565,-0.13143859117575307
0.41575,-0.07851153976914212,-0.3223926873880711
0.415875,-0.03747108893665207,-0.06881774257772189
0.416,0.3054736454636999,0.021511010828234912
0.416125,-0.16113470827365048,-0.1720514465158849
0.41625,-0.0860773334849304,-0.6874692845950985
0.416375,-0.11983913309900004,-0.33967914485487893
0.4165,-0.4162190114805986,0.0568192354080875
0.416625,0.18259603067806413,0.3687817626878646
0.41675,0.40978993978080136,0.019742190073323253
0.416875,0.31859486049120395,-0.3324878382376929
0.417,-0.18772014461255274,-0.6244004046655519
0.417125,-0.02799598384658456,-0.4154161943750608
0.41725,0.39230496298655837,-0.0908295414881944
0.417375,0.47408136076716995,0.2629175545787872
0.4175,0.2052208739112676,0.02230510955776697
0.417625,-0.11404290747063978,-0.5057281028533126
0.41775,-0.03973685240181814,-0.19495099576071576
0.417875,-0.06792122812690414,-0.06159111322546163
0.418,0.008342740161497207,0.11927726351335549
0.418125,0.32528568076971853,-0.19275215828488484
0.41825,0.2619754125335287,0.00688508374508147
0.418375,-0.33096333492906127,0.015849788234709675
0.4185,-0.20521321352255498,-0.1802621225886892
0.418625,0.4212581618153901,0.2940773479776766
0.41875,0.3635390840002636,0.5652968919831326
0.418875,-0.08251305708981496,0.3100415733544976
0.419,-0.22348759745197055,-0.17547038697687087
0.419125,-0.10076530092704997,0.021284655995202423
0.41925,-0.08839988270153576,0.056670375260043884
0.419375,0.1307793547132641,0.3281354943078477
0.4195,0.25588914671533647,0.10346145474078385
0.419625,-0.025663033785077345,-0.2148595573359608
0.41975,-0.3520904425936639,-0.0831265543756699
0.419875,-0.3863528495159609,0.12778614438998953
0.42,0.5404187172105248,0.2474458146554968
0.420125,0.770511625493527,0.17091647852025313
0.42025,-0.03200408909133359,0.01765321595979943
0.420375,-0.10218231936102652,-0.5506810730478889
0.4205,0.15761082826868567,-0.38071261664496064
0.420625,0.08894632322433074,0.06335345968781546
0.42075,-0.02698662033880322,0.27061650181941965
0.420875,0.5504330047631626,0.12455102730829114
0.421,0.18337123220166274,-0.1348594802103982
0.421125,-0.25819104417123706,-0.08690808140168058
0.42125,-0.6449945335426492,-0.09770030668074695
0.421375,0.11846818321171332,0.148530568940765
0.4215,0.2884009978577638,0.10315039690404822
0.421625,0.11477958442428769,0.06110614743896741
0.42175,-0.29078821688902834,-0.34413110298551314
0.421875,-0.1317368522790464,-0.43824289324836674
0.422,-0.04005078276002448,0.28940463661017835
0.422125,0.348260646037973,0.23839077148922835
0.42225,0.08070516679590412,0.15136095626820248
0.422375,0.23902971298806477,-0.027741634763181162
0.4225,-0.31943524137849255,-0.01672013175838045
0.422625,-0.524452997128867,-0.10268508766828852
0.42275,-0.12090689786925846,0.002522667770736228
0.422875,0.3736927433710286,0.43486204005055284
0.423,0.4319623524872907,0.23616676807778747
0.423125,-0.04238675940699445,-0.37944516658317273
0.42325,-0.11064624439314738,-0.4153812798165669
0.423375,-0.25379488854915294,-0.15376291251090154
0.4235,-0.19381406826775002,0.311036393439085
0.423625,0.19432742332370964,0.18503371200075086
0.42375,0.013041731642035885,-0.19904559244714476
0.423875,-0.4119711003397363,-0.19750185569007803
0.424,-0.8015912685395158,0.08476107743824081
0.424125,-0.3560240917087927,0.26349079402162706
0.42425,0.349987161325172,0.2205290679559781
0.424375,0.2342532304672966,0.003269239800053523
0.4245,-0.21543998454341368,-0.12705248591591253
0.424625,-0.4849653908468539,-0.16550257822621278
0.42475,0.16598206970770035,0.07727631833170458
0.424875,0.007417655580788635,0.3607396392353799
0.425,0.012484472928023856,0.14335482839650301
0.425125,0.4017124143692039,0.045420208587679
0.42525,-0.15685194944434325,-0.2835651562447586
0.425375,-0.4187727827201993,-0.11405788092506501
0.4255,-0.009009812804066323,-0.22555102129296345
0.425625,0.25129332777414376,-0.18739107863221252
0.42575,0.49388224481394616,0.014639952976057661
0.425875,-0.07672921270131561,-0.4398274519694842
0.426,-0.2054356103533647,-0.6692689705921014
0.426125,0.12801305473344202,-0.2918026247678334
0.42625,0.11557910678577148,0.18348993312909395
0.426375,0.09200725836502997,0.16318242547677791
0.4265,0.26790389722300517,-0.07230103722728337
0.426625,-0.12695176579613088,-0.3969588562093068
0.42675,0.02026179209983805,-0.21039306007340106
0.426875,0.20169316987595712,-0.0283055984758275
0.427,0.5075759418030013,-0.13883006604854564
0.427125,0.4987366298637705,0.10521482556389503
0.42725,-0.32027133874943436,-0.07812600719554792
0.427375,-0.44725504718738635,-0.36778586384743306
0.4275,0.11515050027779601,0.2383107488013002
0.427625,0.27643856894475455,0.4734290378514925
0.42775,0.19348301623399008,0.3755135883412535
0.427875,0.018845362126368618,-0.35354794210775525
0.428,0.16065333416980412,-0.057478829712810105
0.428125,-0.3048499183344628,-0.08710258336875074
0.42825,0.02021570124807909,-0.031920602537843144
0.428375,0.32411105411085284,0.24567230415907046
0.4285,0.33322791015315084,-0.03886929376153832
0.428625,-0.2293727001384106,0.3604344845759068
0.42875,-0.15038510236001157,-0.22035591826414452
0.428875,-0.031038080461561573,-0.13436643476407406
0.429,0.1207311272869826,0.5642440079149844
0.429125,-0.006442017589220125,0.24925531996467404
0.42925,-0.07792854929786047,-0.11859411320778405
0.429375,0.06169412166272665,-0.21247954258686486
0.4295,-0.07574947392252702,-0.04261942256960799
0.429625,-0.36640818930080105,0.20051831025328049
0.42975,0.69328377097822,0.2459073872589545
0.429875,0.4110209106110292,0.2591714818235268
0.43,-0.3225222741784165,0.09238517381867013
0.430125,-0.5257132770356778,-0.39707217117740545
0.43025,-0.3198475229107335,-0.34663972383786124
0.430375,-0.023020651309035144,0.4038156619544313
0.4305,0.04753878715978668,0.2357706054047853
0.430625,0.08252880135288923,-0.17161973916980008
0.43075,0.13528481998014777,-0.16639521211072564
0.430875,-0.33680536403426514,0.24200074228206733
0.431,-0.18616338836370278,0.02523815729180646
0.431125,0.11838607640891734,0.10007249524205597
0.43125,0.25303540038667366,0.0904681767073679
0.431375,-0.05927237325891339,-0.023540058588938706
0.4315,-0.7021065747448578,-0.21681678382345151
0.431625,-0.3054235719210139,0.08784240577282558
0.43175,0.17924643036305693,0.3366374995660592
0.431875,0.023081203914995903,0.5262484167932725
0.432,-0.08419494684597498,-0.24123780829754848
0.432125,-0.3576601747249285,-0.6138267579995429
0.43225,-0.29353703025766464,-0.16032331975873343
0.432375,-0.4455478756832074,0.14514124291121222
0.4325,0.257861795244132,-0.038281679021209866
0.432625,0.26309136566635644,0.13745838564701085
0.43275,-0.25429936544497633,0.12356757321315559
0.432875,-0.4511183532198133,-0.4483893551427411
0.433,-0.04983976639317081,-0.1890282004076543
0.433125,0.3851772519883908,0.22790609585790658
0.43325,0.009709073925518789,0.4730314485476594
0.433375,0.038677736884576305,-0.2609979574325692
0.4335,0.018650681675521294,-0.515245603206513
0.433625,0.028746530539282535,-0.23750218958900782
0.43375,-0.0007388101391644367,0.06862967036822862
0.433875,0.18961126045931084,-0.09164710215011904
0.434,0.9456772928154434,-0.2896372202555504
0.434125,0.17981307934659924,-0.11182692593190165
0.43425,-0.143690432253993,-0.4199130301841584
0.434375,0.09621502292131923,-0.3095590144187013
0.4345,0.2557114434151074,0.17261604744325565
0.434625,0.29735853889007713,0.2626679058280193
0.43475,0.25880953208299234,-0.22571341507317405
0.434875,-0.092068998278563,-0.46566971527382117
0.435,-0.13503597077300075,-0.09485281043906989
0.435125,-0.2673984387469228,0.11463312970633875
0.43525,0.07241899479510919,-0.12882617489191783
0.435375,0.3001953554013349,-0.0016312010206939252
0.4355,0.05514647405453352,0.02119132497634658
0.435625,-0.5847728308716418,-0.1291668074667651
0.43575,-0.2385871971523559,-0.10085038057576472
0.435875,0.4777002067478959,0.3281726684307999
0.436,-0.10651776543334794,0.5171439742121259
0.436125,0.0020690981468971205,0.12127296554370545
0.43625,-0.20586721389529003,-0.04787833904906747
0.436375,-0.23105110928008737,0.24134417317788498
0.4365,-0.07655740775330393,0.10942961848634304
0.436625,0.2602501095884359,0.21172826906075817
0.43675,0.6306526662491007,0.14045347580625717
0.436875,-0.11455221215508964,0.3566229923696555
0.437,-0.8744072804944982,-0.04958702506219524
0.437125,-0.5049508488053629,-0.027266021984915605
0.43725,0.016562327880206056,0.32921190086446084
0.437375,0.18607939201435938,0.6293417190332001
0.4375,-0.07092756798836186,0.1542278838788567
0.437625,-0.092781824781991,-0.16624342721657143
0.43775,-0.09761173366275046,0.10857562796690304
0.437875,-0.36101019420714514,0.12728128754917936
0.438,-0.22843801106478434,0.043565506047778216
0.438125,0.28923094098697427,-0.04952315763544277
0.43825,-0.08755679770148432,0.1387348197992031
0.438375,-0.3683961898186033,0.0556219576228789
0.4385,-0.6949150002131562,-0.14374722653832295
0.438625,0.1801905437346997,0.3009536494630051
0.43875,0.5632738390131127,0.4405226254292437
0.438875,-0.0017701711570920634,0.12605545896492176
0.439,-0.22154781229861384,-0.46435377804267974
0.439125,-0.33908009789441357,-0.33594885745963693
0.43925,-0.160353746336704,0.24388665555218783
0.439375,0.0018294148941593092,0.3359858649099064
0.4395,0.5550401149680949,-0.023889051177861043
0.439625,0.12588045847820817,0.11126460626159916
0.43975,-0.2617144368823295,0.03411497478945706
0.439875,-0.8676643682436851,-0.4505409620239836
0.44,0.23985490986253902,-0.2002276504687245
0.440125,0.4663367086689435,0.43664448214698126
0.44025,0.06885547160953218,0.07314889410938642
0.440375,-0.02310145715919866,-0.4675591358211692
0.4405,-0.25684954209581745,-0.4367285778461356
0.440625,-0.3009611575540635,0.26995856478726143
0.44075,-0.36373593174762847,0.39162404540917195
0.440875,0.30215462980056634,0.13884143802082533
0.441,0.5197752795570342,-0.3564791806226105
0.441125,-0.22227202963007103,-0.16343016651419717
0.44125,-0.6278202700254131,-0.036050963899840825
0.441375,-0.19254418825505176,-0.09447640010005486
0.4415,0.17158289064322538,0.281132597178063
0.441625,-0.011425911819552726,0.23665109346981744
0.44175,-0.25319726349235755,-0.5351319645016196
0.441875,-0.4048045976022815,-0.5459089282429135
0.442,0.19043332419647688,0.13559020230295976
0.442125,0.08730478964196504,0.5757100097471836
0.44225,0.231946291532548,0.1226205573732692
0.442375,0.39404600875311535,-0.38895546081028154
0.4425,-0.19490795629231808,-0.4157988131479756
0.442625,-0.36070317799018975,-0.2284727141039235
0.44275,0.3081090522886563,-0.18402234804249473
0.442875,0.7062367863516053,0.2627439089733863
0.443,0.27915266306078884,0.5090025632461375
0.443125,-0.2062188722786545,-0.24756205674872717
0.44325,-0.09933263400202554,-0.5689846301122482
0.443375,-0.030676328534772247,-0.08733709770046609
0.4435,0.03793868579549773,0.3070380707722474
0.443625,0.3184853878766022,0.25172089180745755
0.44375,0.4968938674878171,-0.3988981087790159
0.443875,0.03273506511552073,-0.23082636011261237
0.444,-0.3423847837686685,-0.0016082233001636066
0.444125,0.011600993012313548,-0.0638636110309299
0.44425,0.682272503917258,0.3365108094091947
0.444375,0.6335392576400609,0.06385154976535505
0.4445,-0.13134916410651645,-0.02988718333272335
0.444625,-0.03396411632904801,-0.45938560445422444
0.44475,0.13272029178542197,0.1572154257334662
0.444875,0.09812702712869603,0.7249178160305474
0.445,0.1366983931116502,0.2591889296044927
0.445125,0.2682178078395224,-0.037676213379908355
0.44525,0.07829563721022784,-0.26947803867833275
0.445375,-0.5073113440685563,0.08564589716051375
0.4455,-0.10540509082072312,0.13385182124950068
0.445625,0.593903945798195,0.10710344579867936
0.44575,0.27023445645779154,0.28148474145316554
0.445875,-0.057517513533272266,0.0482654311198844
0.446,-0.3888847176738433,-0.33183365847279406
0.446125,-0.45996340576313904,0.005059071651755895
0.44625,-0.2267836486075921,0.5491798007163171
0.446375,-0.14077669877016108,0.38752168665374565
0.4465,0.18997020525527455,0.03083135173491337
0.446625,0.18241310081478168,-0.16334675508550764
0.44675,0.011428895225368033,0.09246914340070124
0.446875,-0.28437822034612176,0.13146244022481202
0.447,0.08925547122940382,0.3280806387532086
0.447125,0.31947908199035163,0.3747360037983587
0.44725,-0.2693294118663068,0.0004607159527157003
0.447375,-0.5491555586732476,-0.21561739839893623
0.4475,-0.037817517911944286,-0.28181704014513664
0.447625,-0.006037042406362512,0.4637826771753555
0.44775,0.5476479844975731,0.3758525859521117
0.447875,0.41010113900748874,-0.048898857231692856
0.448,-0.09497436096928696,-0.26935065178695816
0.448125,-0.6077554107722656,0.029180660131553647
0.44825,-0.3811588867900814,-0.10011602063025517
0.448375,0.2977728578402869,-0.06261563634138573
0.4485,0.1812572161530552,0.3437651020725267
0.448625,-0.2173096118627261,0.20884719129085827
0.44875,-0.5783563789588124,-0.14915834252376728
0.448875,-0.44712181020234093,-0.2631850262015782
0.449,-0.1433190108778834,0.15570484176648278
0.449125,0.0014817868410555999,-0.04471557172144911
0.44925,0.0791225444959664,-0.08236270947943103
0.449375,0.1288515599010699,-0.3023947263544796
0.4495,-0.30610347447338987,-0.14962086571046118
0.449625,-0.17321320210850474,0.2870576568962564
0.44975,0.3132362481885756,0.27824309844585604
0.449875,0.7425437528868603,0.3521703738080731
0.45,0.1301058953321551,-0.06963423828758668
0.450125,-0.35643794491926195,-0.5285012983612333
0.45025,-0.18869984455064587,-0.302468468421647
0.450375,0.07308671698885631,0.0687856168711056
0.4505,-0.012728769176163135,0.27131119554193234
0.450625,-0.06166255005880588,-0.21886064198641694
0.45075,-0.16668764830354602,-0.49089035118626734
0.450875,-0.25879643621467063,-0.2723589715630038
0.451,-0.07571189702409915,-0.0810373473343443
0.451125,0.5321527697091841,0.21481617346340995
0.45125,0.4668869065888796,0.03814863846521085
0.451375,0.01844631393259773,-0.09748605970797693
0.4515,-0.6884166925913974,-0.3197962440275498
0.451625,0.05520654883980399,-0.11324795835701901
0.45175,0.2310770046281747,0.34566045543308516
0.451875,0.03506943434202115,0.5172107308300068
0.452,-0.12390443888381408,0.14622868945866643
0.452125,0.03253496389677341,-0.09330346842460334
0.45225,-0.0100421276532432,-0.0384288212232604
0.452375,-0.09876710014779358,0.10811525087415379
0.4525,0.32330090032734743,0.31884427600917337
0.452625,0.6156211518075464,0.05958359519784147
0.45275,0.08813152374708594,0.014060905458160803
0.452875,-0.39433864234683247,-0.0031778595843617043
0.453,0.016043377937631626,-0.16835613009216774
0.453125,0.43953747562522305,0.3982737621981691
0.45325,0.4805663919777899,0.384903007839972
0.453375,0.07902785406235605,-0.12807646148225962
0.4535,0.036165269679042794,-0.4094844264920708
0.453625,0.03825536666234131,-0.19074749250809397
0.45375,-0.1927364162600558,0.4207750678793597
0.453875,-0.09388005529588808,0.194373213444112
0.454,0.7794963638816431,-0.10645804727777178
0.454125,-0.04193228627953333,-0.07869556288345421
0.45425,-0.5556604853839403,-0.0030619754845803157
0.454375,-0.6052460066860527,-0.06428350049581888
0.4545,0.07544510771301988,0.4227125331185202
0.454625,0.05326301181503174,0.372098307196496
0.45475,0.09752963191039896,0.18129590756145994
0.454875,-0.03225184416684338,-0.3490753054367522
0.455,0.11529390025570108,-0.11770954539029016
0.455125,-0.13585525151996472,0.49648887766877436
0.45525,0.08951206706241223,0.54546926148984
0.455375,0.5576176888252538,-0.08883023338635285
0.4555,0.14978956761973705,-0.12765865310178703
0.455625,-0.6591223277450439,-0.2743806222064095
0.45575,-0.4212835718357698,-0.16408303512524733
0.455875,0.11614779068364553,0.10740526593702694
0.456,0.29299299533425804,0.3421438897661038
0.456125,-0.16712242147126546,-0.09736680866806526
0.45625,0.10020478023363476,-0.5569349383810075
0.456375,-0.13495291168566165,-0.32724158728554986
0.4565,-0.27603503980029753,0.21202423968371661
0.456625,-0.09398942294252398,-0.09833281346669348
0.45675,0.16710197073482894,0.12927962919087505
0.456875,0.03241599642065969,-0.07331608295205333
0.457,-0.42120126123458645,-0.1393320037553052
0.457125,-0.778711415392741,0.07657170362497229
0.45725,-0.13939775322830497,-0.04900380376156414
0.457375,-0.04002272953580684,0.20699382992925028
0.4575,-0.29603820711158363,0.11838500876397559
0.457625,-0.2139475557878501,-0.542383429451273
0.45775,-0.27195896111452467,-0.23873082921740077
0.457875,-0.3780834907105272,0.2777216123638016
0.458,-0.29689218932082095,0.03287705046535512
0.458125,0.33931109350096517,-0.19863950664112123
0.45825,0.32382826097771505,-0.0005596289241555516
0.458375,-0.39164857013401855,-0.0260398336867766
0.4585,-0.21828907246498513,-0.3565336300553316
0.458625,0.01139201286655572,0.06259205341765431
0.45875,0.005667615709201057,0.4812815625822241
0.458875,-0.008779075404144356,0.05736041674298986
0.459,0.20891372222368065,-0.5732523637784029
0.459125,0.016106317690537972,-0.3756955425289523
0.45925,-0.05334969787762079,-0.005579760586090476
0.459375,-0.011627201439743358,0.3930051334113805
0.4595,0.5802661681573346,-0.1431066353350767
0.459625,0.31593293858888744,-0.13279774559199742
0.45975,-0.029093526285276127,-0.37502703789427716
0.459875,-0.22765615353514662,-0.42928908404353683
0.46,0.04347207220440068,-0.15546690485389403
0.460125,0.47978730860743996,0.2070993672761436
0.46025,0.05970492285155512,0.20650148827902692
0.460375,-0.5454761766778045,-0.18641994993334515
0.4605,-0.4327920427988013,-0.2651413495352927
0.460625,-0.11759274858723558,0.18826052113463534
0.46075,0.4009515390106438,0.43238409264030453
0.460875,0.4476992634183426,-0.03328303444576039
0.461,0.48659413492124093,0.23365915648098526
0.461125,-0.21106653367360315,-0.19079515255253748
0.46125,-0.15736923152483137,-0.14772474135703362
0.461375,0.3252324305548609,0.018854005121883153
0.4615,0.5440700210460281,0.18170868587310085
0.461625,0.27809901763493877,0.257953425737026
0.46175,-0.22520116809881047,-0.30243999762101603
0.461875,-0.0125067969317308,-0.37642257901875925
0.462,0.06083539922572248,0.2510349432295909
0.462125,0.10890327210246796,0.5711635048174414
0.46225,0.1165104661516084,0.2898243682698921
0.462375,0.146618671288877,0.083902875494616
0.4625,-0.12343481288817229,-0.09111888556968126
0.462625,-0.44532302026866344,0.019384203607363867
0.46275,0.1462862757311927,-0.021501202377652504
0.462875,0.5736526899159193,0.3797642237930393
0.463,0.39562539901570976,0.2864948395506603
0.463125,-0.11912030748584752,-0.13406061674178588
0.46325,0.14311995386072562,-0.4369731309571535
0.463375,0.08274563814264235,0.23835720323789655
0.4635,0.06762214009368354,0.5656216335865222
0.463625,0.36294220623756496,0.35016355454282233
0.46375,0.344355380734908,0.015176060833976301
0.463875,-0.2265614769173927,-0.12682873896863267
0.464,-0.6351928224180603,-0.02780205195207921
0.464125,-0.39661358632570987,0.06960750794899322
0.46425,0.19665688159343134,0.16170798431634947
0.464375,0.07371322581916208,0.15981351654024398
0.4645,-0.2792335461616628,-0.38237067146215636
0.464625,-0.3814343879832129,-0.466219668733706
0.46475,-0.21929763276051084,0.12820936866760102
0.464875,-0.04833858764624785,0.31612093528593
0.465,-0.010181264714926232,0.13099996843439002
0.465125,0.0871583397234954,-0.06994805832953667
0.46525,-0.5329735845157477,0.04389810851013816
0.465375,-0.7671826506447419,0.02288689187337818
0.4655,-0.2092728713985625,0.14000775950925123
0.465625,0.6235549804528406,0.1011404742918937
0.46575,0.048351546460729394,0.32109161527464275
0.465875,-0.349629850685494,-0.28863109247502355
0.466,-0.4523054305281004,-0.5754012586368691
0.466125,-0.27088763386117537,0.05861486438523463
0.46625,-0.13784985217775003,0.06071479340091825
0.466375,0.1339182742523801,0.14438961947729712
0.4665,0.30209871665756394,-0.48286706745832236
0.466625,-0.2145173281048375,-0.33895407225067603
0.46675,-0.42443881288864893,-0.019051210359702524
0.466875,0.014661011005758876,-0.005042417368149649
0.467,0.6774958545124727,0.11194367688591078
0.467125,0.12885851414538108,-0.1880431084742658
0.46725,-0.16637516277891534,-0.26338466163142366
0.467375,-0.3703113746325315,-0.5846755387147363
0.4675,-0.16424115842720566,-0.2976970103757465
0.467625,0.14935623253742997,0.275625313315447
0.46775,0.35623515144099993,0.05337606354535449
0.467875,0.2718330645683635,-0.03827569289126921
0.468,0.2754811547702149,-0.40285267127382934
0.468125,-0.2100675696014529,0.15119357465619251
0.46825,-0.0079226601166568,0.2468551834599599
0.468375,0.44562325309942796,0.19058988971299937
0.4685,0.40499395670805716,0.29730666932302563
0.468625,0.1226458787464398,-0.19085618017421066
0.46875,-0.205173308875933,-0.07934370098611171
0.468875,-0.08038870090456571,-0.12806810422185
0.469,0.1842534799437062,0.6577384277675048
0.469125,0.26160419921800887,0.248991273248824
0.46925,-0.05342928759801207,-0.026281237253248255
0.469375,0.2506965844471323,-0.06476125729987134
0.4695,-0.46704270814349413,-0.028209572315148
0.469625,-0.473462736296773,0.28317400326903014
0.46975,0.14345029527184947,0.3989999023104514
0.469875,0.30601288437127466,0.4050660934486706
0.47,0.19224879114862264,-0.19092863313557495
0.470125,-0.4312776774795592,-0.17165777825125658
0.47025,-0.007678138457046458,-0.033459577634438464
0.470375,0.3253247455720604,0.6270808336060035
0.4705,0.08421783320105156,0.6306535222471008
0.470625,-0.018297076144558704,0.2340083014136783
0.47075,-0.11154722559168728,-0.17266537430063994
0.470875,-0.02871766220423836,-0.3419288723427248
0.471,-0.033342049273906126,0.11977900464711391
0.471125,0.335512323384206,-0.02779893529931246
0.47125,0.15044989021467647,0.06409849708791854
0.471375,-0.1469968986541085,-0.051298723183713014
0.4715,-0.6425702455631205,-0.4250603733918445
0.471625,-0.22319604559984618,-0.3982077127355052
0.47175,0.210097417468047,0.15130582913936005
0.471875,0.08964845016813681,0.3762168723581647
0.472,0.09542085896095577,-0.15335781466640142
0.472125,0.09402319070023829,-0.2569113667554785
0.47225,-0.15979621395606136,0.016298597577170417
0.472375,-0.5149913363279358,0.0500564662289675
0.4725,0.3132568642197224,-0.08939404973176596
0.472625,0.31863731906393306,0.1315422569391674
0.47275,-0.08857482460387818,0.065312966904198
0.472875,-0.5412668432191892,-0.22224154515841565
0.473,-0.2873693392951747,-0.11503412731012418
0.473125,0.03660551881829184,0.4090477926618631
0.47325,-0.007068487697506936,0.4438557298794364
0.473375,0.1048047004782252,-0.13906306527653106
0.4735,-0.23667660589278533,-0.6453100129628834
0.473625,-0.40900684969582185,-0.08528535915389675
0.47375,-0.3195743222887676,0.10623641635559708
0.473875,0.060036666311488414,0.14916178730962076
0.474,0.3770514892547391,-0.12058277760518418
0.474125,-0.18161040648049961,0.15127290071339974
0.47425,-0.8687699817665738,0.07567540605022853
0.474375,-0.307303211187756,-0.23369846542918907
0.4745,0.19658530051147696,-0.06490891934076966
0.474625,0.4252479216016076,0.20692387759791786
0.47475,-0.12058640622375748,0.017858417784082998
0.474875,-0.4265149656985245,-0.5319194954505154
0.475,-0.41231404759555706,-0.49219740168674586
0.475125,-0.16122658202678478,0.140172260769577
0.47525,0.24721397511959758,0.09778714561218292
0.475375,1.0,-0.024823135196385057
0.4755,0.32190220906348044,-0.29782164034978836
0.475625,-0.30307975701399886,-0.50043541814573
0.47575,0.07693015340278214,-0.3960365744103632
0.475875,-0.025985981825180103,0.0872818210016777
0.476,0.33101112079982375,0.18746292864926625
0.476125,0.07461773413504287,-0.11942602897856668
0.47625,0.17785737426438056,-0.6300677677306991
0.476375,0.011712461044293474,-0.14156364509441002
0.4765,-0.16351416487222367,0.17269366942999714
0.476625,0.30261224246056984,0.3015765704471088
0.47675,0.628885329698084,-0.11180124317325886
0.476875,0.18778889669227225,0.1010014616791107
0.477,-0.18725073904204165,-0.19894448995330075
0.477125,-0.2381892983071564,0.10104222178140287
0.47725,0.25656412534584827,0.530300106153911
0.477375,0.4159802501932578,0.7486502250676115
0.4775,-0.16575998111088294,0.27129796121475724
0.477625,-0.2209306139257303,-0.09124989313584286
0.47775,-0.15620015447933217,-0.15642272423156503
0.477875,-0.32110115042317794,0.1805652222524015
0.478,0.1456067750393831,0.3780350059417302
0.478125,0.3079482894745815,0.16529330883166568
0.47825,0.0955920210413407,0.10896995991456426
0.478375,-0.5133515327906729,0.18023460354285717
0.4785,-0.11925855378567539,-0.047139182823652676
0.478625,0.3097014104813119,0.08989371157686095
0.47875,0.47997090561301825,0.50545708485704
0.478875,-0.06027335488728388,0.13492166874505876
0.479,-0.05231875261478117,-0.2768886812921416
0.479125,-0.09323712976523525,-0.19305771293594148
0.47925,-0.43419767840759127,0.10174811481865148
0.479375,-0.23693800919140182,0.30273476276609107
0.4795,0.3317298128615547,0.2040550124175802
0.479625,0.037598148042620766,-0.08160023740503942
0.47975,-0.2951546158989233,-0.06489198679114296
0.479875,-0.4438911184225214,-0.1218441056098627
0.48,-0.03587090921983335,0.07100765158556036
0.480125,0.17848544009874748,0.5885282802630025
0.48025,-0.037568774551909795,0.2728517264985871
0.480375,-0.2373691398723178,-0.2738357263405035
0.4805,-0.1387867187772248,-0.323635240277682
0.480625,-0.036512179410952715,0.03660269278028805
0.48075,-0.1559566785335346,0.6613437315192483
0.480875,0.2959235418448935,-0.01909015263381441
0.481,0.20108446735297733,0.1659920789746947
0.481125,-0.2888858272072975,-0.1455494729109136
0.48125,-0.5951851351346024,-0.21730588920535948
0.481375,-0.01948236063404581,-0.03057634969474145
0.4815,0.4194019429773234,0.31294865129248167
0.481625,0.051941762476731726,0.19378859548017172
0.48175,-0.21025837221299806,-0.2852635421799549
0.481875,-0.3007582908721211,-0.2534359005719278
0.482,-0.39130430258793486,0.014367970707642693
0.482125,-0.006503143903039225,0.24824610311238474
0.48225,0.049866314660049045,0.02544118636802461
0.482375,0.24483359613109817,-0.2099417642012345
0.4825,-0.43665706941610855,-0.10362490150803602
0.482625,-0.4331340985615298,-0.10530969499720852
0.48275,0.09561717192575497,0.07615342702923748
0.482875,0.2726982987145701,-0.0588404350624105
0.483,0.30684958195162526,0.09091706772132768
0.483125,-0.24186804457512892,-0.18327655736173448
0.48325,-0.1413464526554835,-0.5499262010867785
0.483375,-0.25168831350138554,-0.008255315704526516
0.4835,0.08438849600961154,0.5208233163973717
0.483625,0.43816299398210345,0.12125464815444119
0.48375,0.2598799271155521,-0.11989375556395053
0.483875,-0.09027934549140659,-0.4006293440566032
0.484,-0.38967600084000165,-0.34896930304987434
0.484125,0.002522727994685784,-0.08882776321244867
0.48425,0.6070649678143245,0.08061886399835168
0.484375,0.5090898300870674,-0.0034681703002910754
0.4845,-0.09494367812376256,-0.2482205306514741
0.484625,-0.3444322378972689,-0.6855097901026845
0.48475,0.10924212367069362,-0.3325663459431122
0.484875,0.04012069991871251,0.396360574767854
0.485,0.20456926301891212,0.14006192105036358
0.485125,0.5307089101630607,-0.2299603045530551
0.48525,0.08010367662746937,-0.2348052134389374
0.485375,-0.3264374135837989,-0.09281260984338335
0.4855,-0.2575688788190699,0.23477273061183204
0.485625,0.471169852659518,0.21251558174122964
0.48575,0.007758807132391243,0.43345918917379916
0.485875,-0.19312405848866132,-0.17834862804856857
0.486,-0.1674513157751716,-0.16996913600149136
0.486125,0.21267248578198858,-0.19433206042915246
0.48625,0.12199400129092504,0.4781716767022619
0.486375,-0.1808916053366167,0.3014071875584682
0.4865,0.05792338259508682,-0.1736425716663758
0.486625,-0.28390449064048656,0.05653389500502993
0.48675,-0.2700082990587912,-0.06576803130450642
0.486875,-0.05793432574054694,0.06711688978172879
0.487,0.4126507617693504,0.28126216795171793
0.487125,0.4731570801696529,0.5685442287104527
0.48725,-0.142366142657195,-0.08795684515671087
0.487375,-0.3730817459588046,-0.3348517985755239
0.4875,0.1761835954257003,0.10773273659333144
0.487625,0.014088581945974985,0.2553752198509822
0.48775,0.15776883884728285,0.0004494418065671439
0.487875,0.254431493920013,-0.2306706172489783
0.488,0.3832925669434507,-0.03907375239938121
0.488125,-0.2541417220557688,0.10440553894499488
0.48825,-0.092713391011273,0.06854006878778124
0.488375,0.15928651415517328,0.027555195732874994
0.4885,0.3515067339372148,0.08936128744334927
0.488625,-0.026191038457051754,0.030012180581474927
0.48875,-0.31066297732462184,-0.27960477119658117
0.488875,-0.29207630095319403,-0.1921508684343795
0.489,-0.20793276396893132,0.40787420074920167
0.489125,-0.20842021188115376,0.42077321699327913
0.48925,0.2020482386619347,-0.08936864902963247
0.489375,0.015136661738230592,-0.262388820232453
0.4895,-0.5351365528508241,-0.14917774099808426
0.489625,-0.2810198093665294,0.12800584193496437
0.48975,0.2375037195827359,0.19339124671468444
0.489875,0.36996617678885024,0.2099235977561485
0.49,-0.2435195455826397,-0.09190135732833471
0.490125,-0.9002541399599406,-0.1319922670476351
0.49025,-0.24087603416682246,-0.23441361174568423
0.490375,-0.039136034981785216,0.007515605264849207
0.4905,-0.11068065208390952,0.20931009446194734
0.490625,0.21494646072418944,-0.01688688548738399
0.49075,0.0024102050090536575,-0.26429089381346005
0.490875,-0.3051187360948022,-0.023596358801305586
0.491,-0.5442496680068865,-0.0025114556391153697
0.491125,-0.08209171693429766,0.0994184211746253
0.49125,0.35437397687808236,0.08800403226245272
0.491375,0.0176022166668398,-0.1088315060285205
0.4915,-0.31802086459408585,-0.3187039402592717
0.491625,-0.18214158919806908,-0.09138477655030439
0.49175,0.12925779840470672,0.2546830808402692
0.491875,0.3152537178429485,0.2282618803104564
0.492,0.28480363123341607,-0.1815293176530675
0.492125,0.2505967471826536,-0.573882321494774
0.49225,-0.2994257990396062,-0.2842711849460122
0.492375,-0.12356176157274722,-0.13408232519392438
0.4925,0.5232284663110521,-0.0485664572128778
0.492625,0.6835223821709263,-0.07140879508416352
0.49275,0.09825511049304293,-0.1198176637349906
0.492875,-0.5139755007304049,-0.36576942446513827
0.493,0.002655799684774559,-0.4453843848861709
0.493125,0.27160419271062197,0.1896406496390619
0.49325,0.0553254728284699,0.228726123898829
0.493375,0.46422476621314757,-0.15438944078127537
0.4935,0.19116855009861253,-0.20166953020629805
0.493625,0.3182901218763778,-0.19795270831516024
0.49375,-0.2278142604844894,0.2597097398798401
0.493875,-0.07056314602201791,0.11828797435528488
0.494,-0.000902141955598543,0.35007655786342234
0.494125,-0.145742329276231,0.14426540067210464
0.49425,-0.3636987300666388,-0.06621346019624338
0.494375,0.058167948688789,0.07506731043813028
0.4945,0.1936350726402507,0.4082482424017266
0.494625,0.32833520554897955,0.7414568706110782
0.49475,-0.11929371339972512,-0.004513999518998697
0.494875,-0.12434016015738189,-0.4903054605825159
0.495,-0.3704701862920743,-0.25928592329818495
0.495125,-0.43264187122458064,0.30303028022218964
0.49525,0.19405259971031782,0.37100439393851947
0.495375,0.2743900590073153,0.14794270513941177
0.4955,0.100037751771775,0.5229132959904125
0.495625,-0.23749223939411304,0.29499461507907826
0.49575,-0.10151474392947196,-0.09103166869390941
0.495875,0.12396105250960364,0.2737664849112017
0.496,0.22745842985016587,0.24070267330197864
0.496125,-0.1329914236716233,-0.24430474081393624
0.49625,-0.1806583784741663,-0.4494539064644321
0.496375,-0.07253718304700811,-0.21724228738750848
0.4965,-0.11771898010562211,0.3995091046351772
0.496625,0.16428184258352044,0.07876021802105405
0.49675,0.19832603689489836,-0.1355686563316013
0.496875,0.008044632459324422,-0.02987163197843852
0.497,-0.2453258995313894,-0.32232652007870966
0.497125,-0.061152867165546056,-0.16056305587013503
0.49725,0.09432048016265127,-0.08531647722146529
0.497375,0.0561167590672169,0.24856519017738596
0.4975,0.10042183596228782,-0.06991632734058795
0.497625,-0.07978444758848745,-0.20846595941455479
0.49775,-0.04173853797847728,0.015061687405141036
0.497875,-0.23356692612942545,0.04120901703562613
0.498,0.12063888695712698,0.19965196667549107
0.498125,0.35984243934756716,-0.16650453976592763
0.49825,0.16443342929074675,-0.1551187535930116
0.498375,-0.43604855554846433,0.036112720166496186
0.4985,-0.5687194475537822,-0.09041501076694479
0.498625,-0.008590331425062976,-0.2687750120807833
0.49875,0.21702710419050314,-0.0038570433740035674
0.498875,-0.3067270112269026,0.049998968080087865
0.499,-0.1407249643925714,-0.2868531622922213
0.499125,-0.22406581214842447,-0.3713320827177354
0.49925,-0.2771864104816536,-0.13822496273263554
0.499375,-0.3031834438990364,0.2455020682385971
0.4995,0.323668235748501,0.06949628046961343
0.499625,0.08296379148030919,0.027257977250921363
0.49975,-0.09295403284746553,-0.12424390407799533
0.499875,-0.3818836939337569,-0.41277924802461924
0.5,0.0009717239733114646,0.03848229813156076
0.500125,0.21286843330724436,0.32447130650000594
0.50025,-0.11092925486036961,0.2508885435354722
0.500375,-0.255039334739545,-0.3982977660624054
0.5005,-0.08452217065531663,-0.541611186121867
0.500625,-0.10994598690117574,-0.09494711588720522
0.50075,0.018877288160170955,0.33491765763305215
0.500875,0.4007605874396373,-0.0415948309260328
0.501,0.5324586968459188,0.05995410830406622
0.501125,-0.01974808152437063,-0.012263303005417824
0.50125,0.04868202509583729,-0.11495277845120398
0.501375,0.23626746773331783,0.08785234067780204
0.5015,0.4807217927628452,0.17756667007159727
0.501625,0.3466257797780593,0.10000520469277162
0.50175,0.2219667018647659,-0.1298310276011661
0.501875,-0.0492055084758666,-0.5829985147601389
0.502,0.3333064346809491,-0.22833899861593515
0.502125,-0.020878950930110697,0.3559689993560201
0.50225,-0.09673073296142838,-0.26015730360704503
0.502375,0.2935148303427743,-0.28663802589148213
0.5025,-0.09914346476291575,0.1152416918010032
0.502625,-0.16513259369246772,0.07446920636409649
0.50275,0.21709683577240504,0.2610571675983574
0.502875,0.6944467483348743,0.5538914980641444
0.503,-0.25835823491528986,0.4147629573995183
0.503125,-0.1946746280135798,-0.07758395003151593
0.50325,-0.03335664416920734,-0.32532430776579724
0.503375,-0.21613917820847423,0.11281947248557243
0.5035,0.025513960146781617,0.5480545886208641
0.503625,0.25900860825198385,0.04938880829027481
0.50375,0.19315730992518856,0.1382446415173307
0.503875,0.08833069380746518,-0.07674237873461534
0.504,-0.47412183570480093,-0.16488557340075896
0.504125,0.004379274549936799,-0.22961764984908523
0.50425,0.10136241679649095,0.28926128434983656
0.504375,-0.020414263406616305,0.22968688773743473
0.5045,-0.20863700214940284,0.05427981194713067
0.504625,0.03659356209660234,-0.32375149939797293
0.50475,0.2091108754975867,0.13759017798156814
0.504875,0.22879773679387744,0.43159710124708317
0.505,0.33916471435833395,-0.09646640351403561
0.505125,0.17215438192515042,-0.44793186374768035
0.50525,-0.13737481786190828,-0.2222601712482432
0.505375,-0.31954481107247645,-0.07269747252677275
0.5055,-0.021532431279009338,-0.009034020301020967
0.505625,0.21529295845362584,0.3465717359479713
0.50575,0.15172124912714854,0.15457685730230233
0.505875,-0.43570425319679457,-0.2330773206705414
0.506,-0.2992154034157745,-0.28952247084219745
0.506125,-0.2126482905144996,-0.23536295357581088
0.50625,0.03024511916140395,0.20041595648225646
0.506375,0.07651099978369218,0.10308225176405772
0.5065,0.14796203882451636,0.011254478013572043
0.506625,0.06797229847789606,-0.08991759711996401
0.50675,-0.46932594130218186,-0.000171496992132175
0.506875,-0.09392004747198988,0.12482154065485836
0.507,-0.0121417261212637,0.11037124510119235
0.507125,0.05120737657170262,0.20030515058747494
0.50725,-0.5142899128334334,-0.18983645932235588
0.507375,-0.44171808624799525,-0.46642881886245297
0.5075,-0.17771845397803346,-0.16476770745723984
0.507625,-0.15626082090451668,0.18140007801771735
0.50775,-0.11670485948377649,-0.031830259454408774
0.507875,-0.07864173008288923,-0.0676764943273221
0.508,0.05338422152948416,-0.05945203053439175
0.508125,-0.4124596277923564,-0.0714795140404722
0.50825,-0.3033931212420077,-0.11580735291696259
0.508375,0.5160140325046907,-0.032076808227406044
0.5085,0.27996140526190394,0.06796588255605156
0.508625,0.11759146170421789,0.14681224338818688
0.50875,-0.10372997932145167,-0.39126731934941483
0.508875,0.21118911521537778,-0.1992789668334854
0.509,0.1302833079240279,-0.1053966594039598
0.509125,0.2099538563300827,-0.0714823256005853
0.50925,0.49809816074198743,-0.38549609423583253
0.509375,0.020541210380404473,-0.1468157162603649
0.5095,0.18188149967397152,-0.1543201082881099
0.509625,0.03796609401375575,-0.20010490160669994
0.50975,0.6740014543633314,-0.18434546182319098
0.509875,0.3218604573283305,0.1823404435339309
0.51,-0.27134624912854705,-0.15458296189271287
0.510125,-0.13326016957169404,-0.2781369152850781
0.51025,0.1553260900443019,-0.20400208823412466
0.510375,0.1510391996768283,0.35685898278132894
0.5105,0.028628748016959884,0.4639920917485217
0.510625,-0.03931373552414836,-0.2526367308851814
0.51075,-0.12049515927543324,-0.1661454817235467
0.510875,-0.4977246605771522,-0.09445776276903066
0.511,-0.14372523082777244,0.4521744905009023
0.511125,0.28504577994369734,0.007324244117191531
0.51125,0.3556244919809809,0.24357009604276508
0.511375,0.20206180304302568,0.16264127926165156
0.5115,-0.06966502765580011,-0.16035520014332003
0.511625,0.19996868716232433,-0.09991533407052744
0.51175,0.18703520560355955,0.46516623093288934
0.511875,0.22334631169757518,0.1758629655857823
0.512,-0.30679909362781527,-0.18555529827250317
0.512125,0.1998376267939844,-0.33343965117298174
0.51225,0.15104064608346252,-0.043375795137682194
0.512375,-0.08250997816007209,0.2831173920396853
0.5125,0.24968230853289242,0.2185798513005708
0.512625,0.26738166561179244,-0.19052724354089068
0.51275,0.037604085578510915,-0.06501150495465358
0.512875,-0.3519372003591416,-0.21855124750222454
0.513,-0.06968709137606527,-0.1740038323660873
0.513125,0.0781805107076213,0.267509112728765
0.51325,0.08864228677703484,0.26732253542253437
0.513375,-0.20652848828609266,0.32405218326367585
0.5135,0.13688622493936753,-0.01565366028210761
0.513625,-0.19726947209329457,-0.010964834833068678
0.51375,-0.1476868215759659,0.12899557859733682
0.513875,0.12599536135188483,0.2163488758778311
0.514,0.11159058342019008,-0.1197823423598237
0.514125,-0.0735935614663342,0.07502660268533166
0.51425,-0.49747961945822305,-0.04255312691704418
0.514375,-0.35604844558281784,-0.08754600352627095
0.5145,0.018338641530302586,0.13211911172157775
0.514625,-0.20438270636721487,0.34066048823752
0.51475,-0.16485814829017967,-0.18426601488390956
0.514875,-0.2450321037077977,-0.015384515085946796
0.515,-0.2216848581674124,-0.24495844006007486
0.515125,-0.4365839534441407,0.248210403393438
0.51525,-0.031827933393142493,0.10619310159901232
0.515375,0.144409761517761,0.09883526373717164
0.5155,-0.19464912404155563,0.19199311170652184
0.515625,-0.3873687078228064,-0.07520616094352774
0.51575,-0.317268487648344,0.02999801101246738
0.515875,0.24742621865988296,0.15204342395642428
0.516,0.0700243099633496,0.26477195765662687
0.516125,0.14210510368287596,-0.05065878717869371
0.51625,-0.23958401899989562,-0.39081505414680906
0.516375,-0.04310690637335701,-0.16640175829288784
0.5165,-0.27212518800742685,-0.03224831873825152
0.516625,0.0978363164189542,-0.016243854135554812
0.51675,0.23264051284735865,0.07276976390871921
0.516875,0.3034287987959054,-0.01822488139999922
0.517,-0.3801687015350702,-0.4438360756944975
0.517125,-0.2635681269390015,-0.5629696978656593
0.51725,0.24356199522019165,-0.04349368962675584
0.517375,0.5643472636397138,0.18997089200599734
0.5175,0.3441800495714652,0.0022776077592646725
0.517625,0.17827472699304805,-0.4436587133508051
0.51775,0.01016060934258414,-0.27978055246885547
0.517875,0.19183284070185744,-0.06146528815889607
0.518,0.5021901821314674,0.054499996034591505
0.518125,0.5238745434532068,0.24648630411500003
0.51825,0.37390768771752037,-0.17375926055783683
0.518375,-0.05738719735562179,-0.43810399289328045
0.5185,0.025908548878881065,-0.07743553010158974
0.518625,0.27387042271344186,0.1527515107799659
0.51875,0.268837186420576,0.13802659309907744
0.518875,-0.29052948469774925,0.16699997721639084
0.519,0.024929933866390804,-0.3544614999367151
0.519125,0.1835811714907103,-0.1559939797573681
0.51925,-0.07428833542946679,0.22271190693565482
0.519375,0.12718232646566052,0.3693739294095189
0.5195,-0.04209709054074674,0.12090643783475223
0.519625,-0.03936226364471601,0.06579543961578771
0.51975,-0.06707529602436975,-0.038043118664779704
0.519875,-0.27701927133972476,-0.041101759593724224
0.52,-0.05782901869270847,0.1610103403151038
0.520125,0.4489346730386293,0.5184080433874526
0.52025,0.007711443214736841,0.11335565867632792
0.520375,-0.3739506699339948,-0.11852146410736153
0.5205,0.11475983238647594,0.056924590699777955
0.520625,0.35790787034510135,0.19131218906136963
0.52075,0.08021716047982007,0.02958042977383155
0.520875,0.1447677285569308,-0.13303895471249488
0.521,0.017611440270186213,-0.04723018181930773
0.521125,-0.2612499729250497,0.01633098222726407
0.52125,-0.3394250785519399,-0.07716300202736713
0.521375,0.10605862502233698,-0.050215247930401934
0.5215,0.09154438291799465,0.07412557816168658
0.521625,-0.06479888647793479,0.10677312551458257
0.52175,0.09312319610525632,0.035742847334600335
0.521875,0.09503834551502593,-0.2074550976953743
0.522,0.25362524661819974,0.1970311472532893
0.522125,0.2530134351184766,0.054717534758512563
0.52225,0.17212231635137426,0.1544523854130465
0.522375,0.19091644058757443,-0.2360162728772771
0.5225,-0.41240314569635617,0.17518334992470141
0.522625,-0.42088859366953985,-0.00909018519791215
0.52275,-0.3277129098474299,0.03704694910573738
0.522875,0.21323045084225734,0.20529885466706033
0.523,-0.11361968965707508,0.24756957721748338
0.523125,-0.3222595059179279,-0.3044591923128866
0.52325,-0.2580861596307717,-0.15124552272320774
0.523375,-0.2569416445991347,0.006029489001350543
0.5235,-0.05446971214814843,0.2820522528914426
0.523625,0.012809123191155925,0.21868366912115508
0.52375,-0.06771049791550318,-0.24783772211374125
0.523875,-0.5091932245536318,-0.21268001460784
0.524,-0.21448982473844183,0.22342859265676504
0.524125,-0.05594438343601839,0.1715220228216892
0.52425,0.6247218400356049,0.2995120727573514
0.524375,0.2924679646024303,0.070386879698211
0.5245,-0.2740649475234026,-0.29099310004604245
0.524625,-0.18604417072611346,-0.4860503090703221
0.52475,-0.33917860602387095,-0.11846233421939723
0.524875,0.23854589489001932,0.009119668663897382
0.525,0.16473660341950438,0.14205957921531587
0.525125,0.22452549382062797,-0.3565837056133721
0.52525,0.052371762740059384,-0.3020857538802102
0.525375,-0.02820890756735022,-0.38812203877083606
0.5255,0.21456507796587182,-0.42990261687846026
0.525625,0.4578842058851537,-0.1141749724603465
0.52575,0.04245880115031389,0.13427604274731927
0.525875,-0.03577470707382037,-0.16140169013970895
0.526,-0.06263925097418223,-0.1555182072114188
0.526125,0.21226539310875012,0.019291988048222467
0.52625,0.2371696834995403,0.2937958410732386
0.526375,0.10876868541504715,0.14878142932927757
0.5265,0.11073813456335782,-0.7208372488279905
0.526625,-0.05985673095778197,-0.37541347799208413
0.52675,0.009565252224015093,0.00923360919620059
0.526875,0.30182147046240004,-0.048098875982829775
0.527,0.21014237556111887,0.16744161243059733
0.527125,0.28455810198612963,0.20033915090316629
0.52725,-0.23009091174172142,-0.09401589694078784
0.527375,-0.14996012285206461,-0.10424438121210051
0.5275,0.20901721279911195,0.10699206495910417
0.527625,0.35517758249161285,0.16346706263295374
0.52775,0.16476546926403518,0.32021748335219685
0.527875,0.12869938709696155,0.0012274657316663881
0.528,-0.04521041085295413,-0.01064450959839082
0.528125,-0.23270602940818852,0.4006462303772302
0.52825,0.08030435285815885,0.3989682876062324
0.528375,0.45561515710140893,0.272738949936528
0.5285,0.4906721033854472,-0.030571490039705815
0.528625,-0.152410787428072,-0.02766928287680512
0.52875,-0.21733318456057135,-0.18585217564447432
0.528875,-0.05530523673685358,0.023674776596629154
0.529,0.24297931127460304,0.5135891019599867
0.529125,-0.2350576154676885,-0.008639330210406485
0.52925,0.19895708971297424,-0.05161624538129769
0.529375,0.07426003122329836,0.025164047305081216
0.5295,-0.2635897349389755,0.25864946096096486
0.529625,0.16406841816496848,0.478187464354893
0.52975,0.333538222876571,0.0861620549064836
0.529875,-0.015481109840342677,0.2886485059367262
0.53,0.11704123567411522,-0.07443518952307672
0.530125,-0.4139725186282104,-0.15297227718239403
0.53025,-0.04371766155261389,-0.12328318751451094
0.530375,0.16063611753952892,0.29268842317398164
0.5305,0.20880337862291887,0.41702153294416494
0.530625,-0.058869432154356166,0.03150957878147344
0.53075,0.12851832900949237,-0.17494303327860788
0.530875,0.053966416039708344,-0.14650328249607542
0.531,-0.1779675793804171,0.12701062045105702
0.531125,0.22318710191203017,-0.16475160690045051
0.53125,0.13789766342298795,-0.18740437055700965
0.531375,-0.25346832367506256,0.048720132817817764
0.5315,-0.3301391321208682,-0.27886886556632834
0.531625,-0.22461544898413488,-0.19344790015612418
0.53175,0.09399859269684899,0.17569253245121214
0.531875,-0.11790796194475507,0.12941798476333355
0.532,-0.12049723597881178,-0.07177061519083602
0.532125,-0.2358763270353203,-0.3672697687258139
0.53225,-0.27483295131432023,-0.10793984589773435
0.532375,-0.3118781909116861,0.14752340390194418
0.5325,-0.12050948109028721,0.06533451516149903
0.532625,0.25152023008496555,0.04675920712232408
0.53275,0.04332531982525513,-0.12255884619270085
0.532875,-0.09331485004578355,-0.345644486756278
0.533,-0.3667890233653951,-0.3907688887373478
0.533125,0.00930447492932243,0.0340436762149722
0.53325,-0.011326615353623967,0.23285226990804062
0.533375,-0.05656177342246548,-0.09819498586710286
0.5335,-0.0721596189136983,-0.34069018476476065
0.533625,-0.04002213329800144,-0.024420265183567144
0.53375,-0.18185264145916094,-0.019712600581673883
0.533875,0.2452949055191659,-0.09881904478046855
0.534,0.5589027384112157,0.06314031149896954
0.534125,0.12276601238228399,-0.061259359637255276
0.53425,-0.12807414279195015,-0.024036352048616105
0.534375,0.0442353546797154,-0.5006284151987028
0.5345,0.17286301879518537,0.11032381914704549
0.534625,0.17624543240478824,0.02837209035553306
0.53475,-0.01123597488628059,-0.08060448440412218
0.534875,0.2757840832645951,-0.2681582695486375
0.535,0.14154315548677784,-0.22493136638436145
0.535125,0.016489043822027875,0.03527172262067113
0.53525,0.02676315977274646,-0.10911363206998165
0.535375,0.18066931080247017,0.005393043749447799
0.5355,0.157222764997877,0.00374129549997336
0.535625,-0.05088628820476359,-0.10752051339066998
0.53575,-0.13833990005249677,-0.1673500959707953
0.535875,0.19253942488068224,0.1636538358750924
0.536,0.2313962112198269,0.3098482892082883
0.536125,-0.022363691465949357,0.1884843622985544
0.53625,0.14710076911236938,-0.18904282267702485
0.536375,-0.08310410640632909,0.25512861078805954
0.5365,-0.20747445893121724,0.24464068342394615
0.536625,-0.10436818428986389,0.38840930267494883
0.53675,0.31999530649349467,0.2194168211420734
0.536875,0.14359944465139907,-0.0603447557234707
0.537,-0.35416583599391,0.21906318189411716
0.537125,-0.2935655961391377,-0.003718496935616691
0.53725,0.155351728632108,-0.04784480386726307
0.537375,0.2928661254850662,0.1785541297626343
0.5375,0.09735441040597032,0.329434426718555
0.537625,0.17050525529002725,0.08771143583586458
0.53775,0.16926810183265412,-0.1985250895073613
0.537875,0.01987838719009294,0.10441765413359305
0.538,-0.03751996845935105,0.16643998094414966
0.538125,0.3528542241044443,0.07258357145734141
0.53825,0.024052298865411735,0.2651510519962528
0.538375,0.036823338865239065,0.13479186371396618
0.5385,-0.3413765705090018,-0.33573024089441345
0.538625,0.06243137726526479,-0.03450359389511897
0.53875,-0.022663330618358877,0.3835191582868858
0.538875,-0.04351374854248223,-0.131873957108389
0.539,-0.3073207892970099,-0.3152600126888635
0.539125,-0.36628205950853604,-0.1772766874086166
0.53925,-0.2537508398782802,0.07117187064944532
0.539375,0.1054160257236315,0.07369942238949058
0.5395,0.12874077126808417,-0.051648657277463365
0.539625,0.13082980565366414,0.15939493165017168
0.53975,-0.13831514413892193,-0.07078229076582918
0.539875,-0.4051594293096725,-0.047942077802164994
0.54,0.05444638873083249,0.007735013561117265
0.540125,0.1879477077400996,0.27415318385941734
0.54025,0.1286198311825459,0.16254694286817262
0.540375,-0.43266120223511867,-0.2897439792744407
0.5405,-0.16165903305701604,-0.2232934994402889
0.540625,-0.10265385186565582,0.05896598624230653
0.54075,0.10698333894611553,0.17397929085096922
0.540875,0.15680117403460722,0.10017177959417024
0.541,-0.09505894388661477,0.037731267813665786
0.541125,-0.5002671323564299,0.05310675291893519
0.54125,-0.3814844597195337,-0.3149982136504991
0.541375,0.015177887952757159,0.02935539546936216
0.5415,0.23082704618666489,-0.021667721441592656
0.541625,-0.011244568186351578,0.04806439382435162
0.54175,0.10219113317709576,-0.41011024869293566
0.541875,-0.08205536301864665,-0.5175218840903755
0.542,-0.03613075273567357,0.17672018285571087
0.542125,0.04557818388892296,0.22339972479177186
0.54225,0.30819680509179026,-0.22454474726302212
0.542375,0.5340508022585525,-0.09369813708981838
0.5425,-0.2269186007174464,-0.3035357707495879
0.542625,0.13801756706722626,-0.18041360293020758
0.54275,0.30870884376730023,-0.056424295455658524
0.542875,0.472381496011075,0.09237488518495704
0.543,0.6117410752284926,0.2218743314606558
0.543125,-0.16637577549334864,-0.4311900507487678
0.54325,-0.31989613662563365,-0.44273696324472056
0.543375,0.04153229296810043,-0.21829484168310076
0.5435,0.17318607783062032,0.1656482334102197
0.543625,0.3911503414341828,0.1984500677114846
0.54375,0.22082102454352137,-0.19046486447543876
0.543875,0.048128792641991734,0.02637668700800675
0.544,-0.28383244850303013,-0.13443366936144777
0.544125,0.16741077690839037,0.01693987689200822
0.54425,0.4608777590615197,0.3391814716574521
0.544375,0.09289641964495333,0.5187405495158897
0.5445,-0.18136229307572166,0.05592706764683946
0.544625,-0.3653344438591117,-0.25231513028150643
0.54475,-0.02011745942434818,0.35976570760405474
0.544875,0.05596071523413353,0.519773401083705
0.545,0.33821739661121675,0.1294957040974046
0.545125,-0.016944769503266528,0.05790825061706838
0.54525,-0.5212245391986463,-0.12249484551251384
0.545375,-0.4444016923533714,-0.18549354196984907
0.5455,-0.014700013355621142,0.06424395097045525
0.545625,0.4656753298578877,0.2881631794627187
0.54575,0.16852915255698409,0.22694988022386073
0.545875,-0.12120011311260565,-0.004350548640219441
0.546,0.10738061925550424,-0.39933217068290167
0.546125,-0.14548208759531556,-0.015621616573194245
0.54625,0.07693201361190989,0.6031796486200705
0.546375,0.011079561546898797,0.01655916509066663
0.5465,0.031656565021873674,-0.28812358666280447
0.546625,-0.21065507540068643,-0.08007205499633667
0.54675,-0.34680499616190685,0.038105309172794054
0.546875,-0.286999635123782,0.12449919482130109
0.547,-0.08769796057100687,0.039321527818565544
0.547125,0.13906689095909966,0.17187618483569045
0.54725,-0.2140338485054429,-0.21713542223405033
0.547375,-0.20367615758352356,-0.3116788818733078
0.5475,0.020421796037619552,-0.21017493945247423
0.547625,-0.023433488086735618,0.3550715923998091
0.54775,0.1249283392127631,0.27476346447875283
0.547875,0.07600556522018498,-0.15398675884415503
0.548,-0.07388972699808727,-0.294529547025368
0.548125,0.03517482579577844,-0.13833902181819394
0.54825,-0.007963395639470603,0.04318358422959029
0.548375,0.11508841582724487,0.023952914436075955
0.5485,-0.05045591420853233,0.06471217162620503
0.548625,-0.2600396543562989,0.07292272000964051
0.54875,-0.3907274252857722,-0.31238941574156853
0.548875,-0.06728250791266548,0.12427013399954438
0.549,-0.41744387332184535,0.03942283544744462
0.549125,-0.21945771675365594,0.05227385956166294
0.54925,-0.03404271662357694,-0.05478896903385988
0.549375,-0.08971345825144691,-0.30258410595958113
0.5495,-0.162173463731356,-0.11919655627548918
0.549625,-0.08184193574718845,-0.2720425038313789
0.54975,-0.12132001575747094,0.03166369417709601
0.549875,0.2628091100287575,0.15082428523963562
0.55,-0.14259296127501564,0.1046635941634017
0.550125,-0.1150530742293079,-0.42154251167790247
0.55025,0.012874186733467864,-0.1571879659090241
0.550375,0.3622701603834291,0.12890806519482872
0.5505,0.09497919836581523,-0.053754383519120805
0.550625,0.01884382541735198,-0.003931162667202961
0.55075,0.2210842873211943,-0.11032830955517355
0.550875,0.21173308611710523,-0.2829450069279754
0.551,0.12385979765421551,-0.3860160339110261
0.551125,0.1515749224226891,0.03341877284416083
0.55125,0.020679334240278305,0.0010918518714926842
0.551375,0.16202290814092588,-0.14189801986523776
0.5515,0.07643547850758044,-0.30036108216916396
0.551625,0.13321305408092954,-0.19172435440950808
0.55175,0.3411220198053117,0.10705112186375514
0.551875,0.10129294478701936,0.08129155445876808
0.552,0.07768201054102783,-0.11978958878967531
0.552125,-0.24782562307388792,-0.3306613733927644
0.55225,-0.15008289690419976,-0.015580495005745343
0.552375,-0.3529288318396229,0.15058591495515716
0.5525,0.13924117638253616,0.032649942680330946
0.552625,0.4201373220793362,0.02280527044402599
0.55275,0.1920954132004066,0.023312705488714298
0.552875,-0.1548447454129217,0.017414841269597983
0.553,0.10041647555135334,0.06918521828178797
0.553125,0.13126895730760757,0.14387249773664665
0.55325,-0.13748945743715085,0.07589546231596209
0.553375,0.14508139818931118,0.07362720561988335
0.5535,0.19367426204840793,0.09802052937970043
0.553625,-0.06917587962282433,-0.10217006628094151
0.55375,-0.047529304049920236,0.17323881923197526
0.553875,0.09560561671479349,0.28844725477930117
0.554,0.2990014797607723,-0.02701728151995781
0.554125,-0.11827097266212235,-0.10318298908966629
0.55425,-0.1685344932871578,-0.3180755223927619
0.554375,-0.11588642738222737,-0.21530415667188813
0.5545,0.12854642507356256,0.037064418869236365
0.554625,0.38650012464782757,0.3615322389052817
0.55475,0.05502126764442684,0.12427710887789335
0.554875,-0.3329026422555606,-0.09867549600009895
0.555,-0.028470496145512926,0.21934750634243239
0.555125,-0.36460923285631025,-0.04664515935454516
0.55525,-0.11376085788568796,0.0009479977802011787
0.555375,0.13658136153101147,-0.09038014396532103
0.5555,0.12609000841568066,-0.07440444537009704
0.555625,-0.20857895465718418,0.10675188512941708
0.55575,-0.22437246441866793,-0.07758267233165096
0.555875,0.008745681043929275,-0.08294656522577509
0.556,0.08447408634027255,0.07311459790217716
0.556125,0.02397140397051719,-0.14242416656390397
0.55625,-0.11384760233631969,-0.3358175952317995
0.556375,-0.3989083170283136,0.023364426304923365
0.5565,-0.19980278800204487,0.002164268152816886
0.556625,-0.10191720741631233,-0.10333079702196689
0.55675,-0.27119083076699163,-0.0958906535697482
0.556875,-0.29615904689405675,-0.1257181490339744
0.557,-0.44618591531898405,0.03667969505280657
0.557125,-0.6659777669708413,-0.17704939036718143
0.55725,0.08702772069894349,0.12692143193323768
0.557375,0.09831672028748113,0.10896347983194639
0.5575,0.12432717230026573,0.21728217927782179
0.557625,-0.042052515418698595,-0.23917940474917088
0.55775,-0.25821866893201173,-0.32250083265428875
0.557875,-0.4395972955470634,0.13633841445419573
0.558,-0.04994237280008204,0.028519867677019133
0.558125,0.253512086835354,0.0009138297136112977
0.55825,0.28372731577909843,-0.5014101842283674
0.558375,0.060403094800462326,-0.26061955837636963
0.5585,-0.24273072431766868,-0.5008337421943939
0.558625,-0.06890812531902996,-0.08976323869555744
0.55875,0.3712810204492299,-0.16917198091537014
0.558875,-0.04871111921351168,-0.12312643055447973
0.559,-0.08637484347591681,-0.23221727844012216
0.559125,0.2191130171121346,-0.3400767596255011
0.55925,0.12457944206067327,-0.12945167334062538
0.559375,0.29154012405726376,0.16130369266506348
0.5595,0.41387057303356345,0.07762822470002488
0.559625,0.4725642877747563,-0.12136350324194245
0.55975,-0.16210662176341276,-0.18318170885320956
0.559875,-0.3157926324206479,-0.5288274605298008
0.56,0.16170749679830207,-0.04370910575147093
0.560125,0.6456251209508823,0.36238964811555946
0.56025,0.21400391874773445,0.24611615958663974
0.560375,-0.1873146058797468,0.07953062894062221
0.5605,-0.17294430475803796,-0.2511671933075575
0.560625,-0.10024641980265489,-0.0028322032664967753
0.56075,0.015523412480474919,0.2407574762867433
0.560875,0.4174820426749787,-0.17999499815316228
0.561,0.47449791766912475,0.13099754077831047
0.561125,0.06712266235913061,0.06436496657991093
0.56125,-0.1848840081704694,0.13175557936056997
0.561375,-0.21435522308206503,0.17567815883742702
0.5615,0.04097852470023051,0.3404918827269616
0.561625,0.13219234415609624,0.2521974551668243
0.56175,-0.018135680262858066,-0.12188120342158208
0.561875,-0.09200556774080583,0.01338907721824543
0.562,-0.33282507302582465,0.3539295481843267
0.562125,0.18578959957921307,0.4215066832893882
0.56225,0.24085466661831179,0.12336577076906252
0.562375,0.14638167017591763,0.0012105983380117956
0.5625,-0.1619813529831524,-0.013515001794642397
0.562625,-0.2792069232740724,-0.05592146420214385
0.56275,-0.10912379401218669,-0.10582934388090066
0.562875,-5.149604955553733e-06,0.29038392651754447
0.563,0.2765711956045601,0.08003876548107992
0.563125,0.053706156411531474,-0.05342496126139949
0.56325,-0.448294857132164,-0.13261437470415657
0.563375,-0.13732079273387515,-0.047862341521687425
0.5635,-0.12128080191328347,0.193313261185661
0.563625,0.3367561659782762,-0.19403383712402614
0.56375,-0.1221095325934322,-0.09577843311793428
0.563875,-0.4654433449410651,-0.14464216329006815
0.564,-0.5917292495686318,0.04415069178873107
0.564125,0.180005422257239,-0.04248191394199074
0.56425,0.2284406799022819,0.10075756556636284
0.564375,0.235085748179919,0.10221073041827142
0.5645,-0.4549909100367772,-0.0822021277524106
0.564625,-0.44285510203231104,-0.24264041432566513
0.56475,-0.5446165267086391,0.035006946962827794
0.564875,0.23747184166324817,0.04428070441347476
0.565,0.043695913865933446,0.09536808076990365
0.565125,0.1668804418091368,0.049361616184784324
0.56525,0.111432866500234,-0.1659681463539309
0.565375,-0.14419231560600337,-0.08928802688810118
0.5655,-0.03898900577566246,0.0116005318936874
0.565625,0.2876804216471712,0.13150740973948366
0.56575,0.04343901581139494,-0.003189848555314319
0.565875,-0.20769439192052444,-0.2842549908215901
0.566,-0.5508683402875933,-0.43724102080624694
0.566125,0.008881277240614053,0.08668173660764827
0.56625,0.2157394048861594,0.26740982345839454
0.566375,0.12723621849498148,0.1120694920058198
0.5665,0.1474590343115323,-0.3339336689567549
0.566625,-0.18256413581327638,-0.30870296823627646
0.56675,-0.443107024670435,-0.1712276130582215
0.566875,0.0250523495603438,0.0007706302609466722
0.567,0.3779656521654207,-0.09055833932034699
0.567125,0.03418728672910238,0.12071471074436069
0.56725,-0.002964749477160634,0.0713491463712643
0.567375,-0.43545785803469167,-0.07091181805507878
0.5675,0.1533757411062167,-0.42125786656512215
0.567625,0.060192150946748964,0.19252090703102967
0.56775,0.4558322188126172,-0.003291198162842868
0.567875,0.5610616428072279,-0.1721827535073279
0.568,0.08791199197571299,-0.17652104816224498
0.568125,-0.4294897349926837,-0.05438928990592832
0.56825,0.016342993516947776,-0.058613251012105426
0.568375,0.26013992004771763,-0.1291009668967799
0.5685,0.3911445238967902,0.032657361265671904
0.568625,-0.031089891229605295,0.08452493830017778
0.56875,-0.25756343292290246,-0.2891735590755814
0.568875,0.0774301139110459,-0.1860787658206299
0.569,-0.31440753346653744,0.28943665541721975
0.569125,0.0229765503130915,0.1346266393302717
0.56925,0.06169790070745026,-0.019469538386526777
0.569375,0.0010227677063389218,-0.26671047536671133
0.5695,-0.08767475552834665,0.08334148258991397
0.569625,-0.14622937222341928,0.10088287475525119
0.56975,0.26398836866214287,-0.043932377523824555
0.569875,0.41510140193518524,-0.08061306721737652
0.57,0.15932085313697367,0.2497099290159442
0.570125,-0.06588975877497953,-0.24639641320336408
0.57025,0.15337513737916,-0.08843279481125739
0.570375,-0.024105737452591796,0.38651342038201253
0.5705,-0.020135967089800897,0.40019035499551897
0.570625,-0.0733621591402498,0.07935948519980543
0.57075,0.018891276404883115,-0.38290718170126953
0.570875,-0.1324877927228189,-0.09391217155319902
0.571,-0.06251067480582745,-0.025120111062272656
0.571125,0.24332239671816666,0.32247562130360113
0.57125,0.5613041055733661,0.25810598731451934
0.571375,-0.018232739381655542,0.10428296158737922
0.5715,-0.36408857429941205,-0.15437355655641372
0.571625,-0.32215237681894626,-0.1793069029772355
0.57175,-0.0781772799967374,0.33967535994294634
0.571875,-0.11012386944443342,0.3628826832007336
0.572,-0.386462063724197,0.1947137962121134
0.572125,-0.16599434187298676,0.09432885577899966
0.57225,-0.362227382096341,-0.15652904207949558
0.572375,-0.039740277991724506,-0.09016064391203366
0.5725,0.09059936632438627,0.08242804773946215
0.572625,0.4509741130361873,-0.2965684934034753
0.57275,0.03039575417143525,0.07917309323634568
0.572875,-0.3261697594139524,-0.1519460086658132
0.573,-0.031907038847139656,-0.29889480387336576
0.573125,-0.046902593899509855,0.14391116678338362
0.57325,0.014849327453455333,0.24593809286785476
0.573375,-0.0948009113271103,-0.039447772110675614
0.5735,-0.10060854309982202,-0.21025480439127525
0.573625,-0.2980010070205821,-0.050324443507111974
0.57375,-0.2411715986238599,-0.3558060357754948
0.573875,-0.240135838123676,-0.33115389085435415
0.574,-0.198681166182266,-0.05142459584673925
0.574125,-0.20453865305982777,-0.3212197973522907
0.57425,-0.04381428625714717,-0.12005775437015975
0.574375,-0.15177425828663402,-0.14840710269542023
0.5745,0.19525111225445296,0.14163385874015774
0.574625,0.20018638770820166,0.2444439289700427
0.57475,0.069339672213391,0.20694617239466664
0.574875,-0.08796509851462322,-0.23948665034988978
0.575,0.08629453568890928,0.02851506115721023
0.575125,-0.18202174620179096,0.11328054654415794
0.57525,-0.0008675987721462978,0.29309382642902876
0.575375,0.15220325572439058,0.1262239925864081
0.5755,-0.04163147721116092,0.21866583270846215
0.575625,-0.4764144044902125,-0.28285526103918834
0.57575,-0.03331048857655636,-0.2034317589673684
0.575875,-0.024337033336459875,-0.15794639285947665
0.576,0.04831701604518942,0.08945724593345963
0.576125,0.1552010273353688,-0.19844918784259424
0.57625,0.08023561850931761,-0.283503503662183
0.576375,-0.16913208316058542,-0.26117426194208476
0.5765,0.07373259347332438,0.04363877577985873
0.576625,0.22834002885301846,-0.023220091931772574
0.57675,0.40122385235062274,-0.04794149872903468
0.576875,0.26186185911947146,0.19168272863546718
0.577,-0.08086736765469169,-0.20661891241800923
0.577125,-0.34763080801350743,0.013934436981246903
0.57725,0.15638585242942832,0.17577435073192768
0.577375,0.38728685427281967,0.4179874519485856
0.5775,-0.19890189983974826,0.1795627667606488
0.577625,0.01787814140342621,-0.12876718199464904
0.57775,0.05012121561106817,-0.23944241455432688
0.577875,0.1422110715103721,0.13106195764091622
0.578,0.45132391868336164,0.2615705867925926
0.578125,0.2163006783348843,0.024469820450875663
0.57825,0.1793961078266387,0.033139124949932826
0.578375,0.052379143029689046,0.026614644591796438
0.5785,-0.163306863332913,-0.3986526143586419
0.578625,0.09286327512070396,0.18404571850788207
0.57875,0.2524397710158227,0.5329214691128467
0.578875,-0.13612871992636144,0.20320090801649124
0.579,-0.057928087933838864,0.060345938692324796
0.579125,-0.0014606874569979796,-0.1429700825304467
0.57925,-0.3639939243803035,0.08894150719613764
0.579375,-0.2608453114810015,0.1009420372351219
0.5795,0.3407625935763694,0.017465501548496035
0.579625,0.48222374539998003,0.12144664270264671
0.57975,-0.2442341749443751,-0.18631160664240856
0.579875,-0.26689646788977234,0.019596432296440973
0.58,-0.009714301339626906,0.34272034525649286
0.580125,0.29417813950659427,0.2103157232094229
0.58025,-0.011997182496457072,0.18107514536299582
0.580375,0.12831635870575156,-0.038698980370637286
0.5805,-0.10748423038465475,-0.3186625251572707
0.580625,-0.17032573518204117,0.02201370573707607
0.58075,0.29143245623376574,0.49799949716106884
0.580875,0.07381331416106944,-0.02989727228849229
0.581,0.02023432636843256,-0.15416819991158584
0.581125,-0.43806569219236324,-0.14223807522129364
0.58125,-0.49905576928534706,-0.23818772018127876
0.581375,0.31246625990394394,-0.10268135648361035
0.5815,0.376809550725118,0.1611415536371177
0.581625,0.015464601584300118,0.1846283216062535
0.58175,-0.08460149448960601,-0.3790208102257506
0.581875,-0.2417193028986772,-0.18096364943294121
0.582,-0.31252386100229235,0.22993422272194505
0.582125,-0.3799713006844738,0.1851023374774831
0.58225,-0.042974895713741065,-0.14572925419566596
0.582375,0.3746663213839042,-0.0374239585079825
0.5825,-0.14291274384983124,-0.011909117295638242
0.582625,-0.18585410742016287,-0.26086290278727003
0.58275,-0.2610828864795088,0.040776714247850544
0.582875,0.18581609882872474,0.11021174196426405
0.583,-0.15623462614367914,-0.10845227868021322
0.583125,-0.4088693954970548,-0.2582486219939093
0.58325,-0.05670927313179282,-0.3528733912810271
0.583375,0.15347936432843395,0.22191624158187576
0.5835,0.061774893549885856,0.32201695349211323
0.583625,0.13988470821389062,-0.009421012708449724
0.58375,0.1406831831676432,-0.2337934198207402
0.583875,0.16626593028157993,-0.13394799047724407
0.584,0.04534575383140351,-0.27728287967285875
0.584125,0.38142812573051793,-0.1441618071232211
0.58425,0.518393064922062,0.05631770603305526
0.584375,0.25450751618592166,0.07679980284321318
0.5845,-0.3025543868497932,-0.13470511544359876
0.584625,0.044833863239827194,-0.40359982092072205
0.58475,-0.08614672982141867,-0.048086952270216275
0.584875,0.09212546917595468,0.24870242727749653
0.585,0.2855543339000639,-0.12183959037718033
0.585125,0.47588783612692626,-0.16993988116428269
0.58525,0.2589448434727042,-0.2457239580470971
0.585375,-0.02300124203419355,-0.027712791894764128
0.5855,-0.06954055658137528,0.18824829719179206
0.585625,0.23463543937715298,0.2561495650971573
0.58575,0.18956538863479835,0.029459812967657005
0.585875,-0.24080501978179877,0.03614682934707133
0.586,-0.22798051345779857,-0.17738016396498898
0.586125,0.039781916173953345,0.02373716851768314
0.58625,0.37270661891811485,0.7030828808848452
0.586375,0.11520865851803594,0.24398707408769763
0.5865,0.09905747410921792,-0.02157056777072316
0.586625,-0.10809780107341262,-0.2880906677226431
0.58675,-0.43010852671585587,0.03766645560067891
0.586875,0.305605357033162,0.10740056251419913
0.587,0.31137338142798443,0.375509074029531
0.587125,0.09513707974870637,0.6074863436143368
0.58725,-0.06766359295258768,0.24877450006297908
0.587375,-0.22679156521367638,-0.20117104792291296
0.5875,-0.16354182888120533,0.18438237123263132
0.587625,-0.11779397627965706,0.3202703895071889
0.58775,-0.16350774517301048,0.13558267685378747
0.587875,0.0327879475268429,-0.3739875332604765
0.588,0.04208411094350575,-0.28558621885855323
0.588125,-0.4012167026056136,0.058198851027612825
0.58825,0.01770443175459862,0.34515974930934634
0.588375,0.5681718969436037,0.21498608843443937
0.5885,0.4804267946752137,0.324139712216575
0.588625,0.1261666658757811,-0.23033759805898946
0.58875,-0.13202502673876887,-0.3517177432361445
0.588875,-0.09230201777107618,-0.08257095196601268
0.589,-0.17020503787711216,0.15002246435877406
0.589125,-0.01782904763617818,0.38719633345214605
0.58925,0.08738711064987358,-0.05828129297540399
0.589375,-0.07067060381187465,-0.23937413875232028
0.5895,-0.3638400010511751,-0.2320503509941599
0.589625,-0.4313611313419332,-0.27316848389774506
0.58975,0.20062942152304986,-0.051524305814933405
0.589875,0.0114457822636538,0.04810938563444708
0.59,-0.13588989293797818,-0.22009738918954871
0.590125,-0.3398670184540863,-0.17419302745612564
0.59025,-0.5074138646379579,0.1545170137356155
0.590375,-0.21417188191680325,0.3306224452327145
0.5905,-0.16218830345379975,0.5254314473678706
0.590625,-0.10260287411129689,-0.08923323623844448
0.59075,-0.011142585453413718,-0.09203131600987306
0.590875,-0.25754374750837156,-0.07058912256949632
0.591,-0.3039115983651872,-0.0867011782951069
0.591125,-0.16167654323903657,-0.09202236955537989
0.59125,0.23187636025400665,-0.016489358922712173
0.591375,-0.30401361412691846,-0.07074721781878117
0.5915,-0.16252587663813178,-0.05005014890602943
0.591625,0.012831709926882187,-0.3256219567108951
0.59175,0.22617388051755688,0.36234686567168556
0.591875,0.18849378834041355,0.3530952335366306
0.592,0.44618674082023735,-0.3137552838689464
0.592125,0.2480695004899247,-0.2896576869277078
0.59225,0.042202514630847725,-0.3766883190732707
0.592375,0.23733321609121957,-0.2898212486564721
0.5925,0.1808594342860258,-0.3327995708120522
0.592625,0.1195772246953174,-0.25120312297918224
0.59275,0.08992054576805292,0.02189998096420556
0.592875,-0.23676630259717962,-0.21782752042460016
0.593,-0.03814600459134608,-0.4755380440927114
0.593125,0.32588176867076074,0.1460903774167722
0.59325,0.24834261625975054,-0.20525871685285402
0.593375,0.1652818777158405,-0.19616553160971203
0.5935,0.1472140729372162,-0.2517098354069761
0.593625,0.13199827820038373,-0.16918233710645905
0.59375,0.015368743166153841,0.23777729390829794
0.593875,0.25196909288553077,0.07133575481632481
0.594,0.637675678034818,0.2988604712884049
0.594125,0.029884006701889447,0.2767945540450328
0.59425,-0.027100298399258937,-0.10482894098577775
0.594375,-0.13641608286727086,-0.07210626796042921
0.5945,0.1959405069382337,0.23092166817339532
0.594625,0.2270373391379313,0.4301020125956472
0.59475,-0.2283153164750768,-0.07259216189410378
0.594875,-0.026096344731455307,-0.2769409712876717
0.595,-0.14841666874992582,-0.024495439168190792
0.595125,-0.04749168611455482,0.21128293846108948
0.59525,-0.07961202962606834,0.11409045892926897
0.595375,0.29230598287649334,-0.1120011129461873
0.5955,0.1736750925904262,-0.03237860903975941
0.595625,-0.26102105757704736,0.11714390249968508
0.59575,-0.3294594803346492,-0.17889883816487948
0.595875,-0.09146592388391082,0.20041732607108445
0.596,0.0424363771981552,0.34378762685715614
0.596125,0.030618971238011924,-0.02046375435443655
0.59625,0.15500370778495698,-0.313754450259227
0.596375,0.08292966255639825,-0.009511197314557768
0.5965,-0.22811758825923667,0.45053872152813473
0.596625,-0.2452972860164046,0.11138986619022219
0.59675,0.38552607808855666,-0.0046707803659221106
0.596875,0.2503231637303364,-0.2724936704628671
0.597,-0.5605074253922864,-0.08006078340424348
0.597125,-0.36578803890482614,-0.20122426347406824
0.59725,0.18067995092049752,0.07211052951003218
0.597375,0.5095880619623485,0.4347619473374741
0.5975,0.1015708543399754,0.011724885840793614
0.597625,-0.10842401059573943,-0.26034376089082695
0.59775,-0.33357743362315156,-0.10052656367295869
0.597875,-0.21938545376302102,-0.20376077355793495
0.598,0.0697986487794312,0.01088699237038626
0.598125,0.4338038786425841,-0.20291418535160874
0.59825,0.1412597300471892,0.018951475697145524
0.598375,-0.4527420855821583,-0.17815219941742233
0.5985,-0.28207908352691674,-0.23742219416584498
0.598625,0.28189008330107757,-0.040250952739429816
0.59875,0.18650341917887897,0.1343853213905436
0.598875,-0.2899376995415378,-0.04444023984640542
0.599,-0.34436035313985375,-0.19305873331162243
0.599125,-0.37636118230246013,-0.42887951299986504
0.59925,-0.40177221099466726,0.1928872144455599
0.599375,-0.45298574191491153,0.28789576045815535
0.5995,0.30075605513353987,-0.020428332211941614
0.599625,0.08969781178466779,-0.1389457006297511
0.59975,-0.2490269982640515,-0.35509978309959456
0.599875,-0.4797028459469215,-0.34012770417079724
0.6,-0.10014666158038459,-0.0968699805760615
0.600125,0.5753849481971123,0.45233026510229707
0.60025,0.34538111276513017,0.15471597969697753
0.600375,-0.3189956627392431,-0.46718144279008395
0.6005,-0.030534714339537274,-0.4201902156230726
0.600625,-0.2513903421863598,0.22938581392530877
0.60075,0.1259483919223383,0.3608795578243021
0.600875,0.4858229801609758,-0.2475148898479646
0.601,0.40223010124069114,-0.23698537212947354
0.601125,-0.10989155479901656,-0.24706890063165265
0.60125,-0.04099332943363026,-0.25842748487029144
0.601375,0.35878689779305023,-0.1845653278841432
0.6015,0.4847948942222954,0.2693779910801547
0.601625,0.306100261009112,0.396738864667087
0.60175,-0.16497450506525585,-0.015295919547371447
0.601875,-0.009757562673789678,-0.351302118319586
0.602,-0.10443674235150698,0.15602026320456264
0.602125,-0.23203822981013159,0.18137282018141349
0.60225,0.13754104367653747,0.25769647327535555
0.602375,0.2850505473345828,-0.13462694974560652
0.6025,-0.06809942536861265,-0.326708209921772
0.602625,-0.18883033246655248,-0.04515812970791625
0.60275,-0.058854411346391244,-0.08057789989175132
0.602875,0.25256826389202236,0.2798694699204012
0.603,0.33854361412038897,0.4303170686286731
0.603125,-0.1413810729892199,0.0118447799428611
0.60325,-0.24411403914695196,0.13189651762587967
0.603375,0.07740925371931882,0.1378594610274353
0.6035,-0.1980049076736162,0.20677325092470192
0.603625,0.21527825095112502,0.12985463973344288
0.60375,0.3894245360892716,-0.18851644295457043
0.603875,-0.30196521715758984,-0.18511557563819
0.604,-0.42807144081315235,0.04092131537347697
0.604125,-0.2572261086424188,-0.031870238637500305
0.60425,0.586694789196563,0.34382325667337454
0.604375,0.384120713031886,0.10997482991818357
0.6045,0.0882434232458708,0.024966735547558756
0.604625,-0.009174408158170113,-0.29759170070919255
0.60475,-0.1223383353532289,0.23961327687428494
0.604875,-0.2179265230923691,0.4870371198619709
0.605,-0.02430591012913772,0.04789507487205718
0.605125,0.12327964454672695,-0.14716578972491487
0.60525,-0.2266175860256818,-0.028460520250781544
0.605375,-0.4494685243866981,-0.03588001414539782
0.6055,0.02051321398543397,0.06204311109864279
0.605625,0.3545118420335219,0.3430436415356385
0.60575,0.253271605797252,0.31160909027725203
0.605875,-0.2282371082685465,-0.26912016173625264
0.606,0.03012410895141386,-0.34424287054561803
0.606125,-0.2198511615500494,-0.00036565776996719636
0.60625,-0.29964656512205273,0.400914702810026
0.606375,-0.10623537126229758,0.23483975740001198
0.6065,-0.0452014991626488,-0.09242706601049319
0.606625,-0.3476807851510887,-0.0018402403200117135
0.60675,-0.6371400587029084,-0.2880583978208914
0.606875,-0.22171352447349096,-0.20303786160545775
0.607,0.5549218940457373,-0.007855406245147014
0.607125,0.33682598850735884,0.29773753425460475
0.60725,-0.16476088704023645,-0.01841758817144731
0.607375,-0.5772763438686335,-0.3345873187080294
0.6075,-0.4302137684302083,-0.17300056992750734
0.607625,-0.1552290335321286,0.20426801360278166
0.60775,-0.07292310358234677,0.2316563505491241
0.607875,0.3040412894912468,-0.18874450327268777
0.608,-0.14539157340374145,-0.5540147555533993
0.608125,-0.3030914329119012,-0.08328425359430205
0.60825,-0.15114815802821457,-0.20069808839096911
0.608375,0.07721017622725365,-0.06378542954208131
0.6085,0.24359640569211685,0.03294124542164977
0.608625,-0.1453500135295363,-0.10677095593743101
0.60875,-0.07518389413470117,-0.4226449821104324
0.608875,0.1596308369053676,-0.2859943597559468
0.609,0.22743156393552513,-0.033179874507471924
0.609125,0.19765946371588083,0.4600086965477399
0.60925,0.467842772121427,-0.1746078506073172
0.609375,0.11960795033793734,-0.7863990073073348
0.6095,-0.09205691716843324,-0.23367531752847065
0.609625,-0.13146343272388075,-0.09765798479670512
0.60975,0.5237374708489649,-0.1911739921747299
0.609875,0.4462317943433318,0.21780775561375265
0.61,-0.013807194348335697,0.06259512051051948
0.610125,-0.2631625309228542,-0.3404504041635245
0.61025,0.02429157603277171,-0.11534673888322175
0.610375,0.49660452924636644,0.2999404194102651
0.6105,0.26163748841462797,0.05675612402529591
0.610625,0.09506395750315075,-0.09076165466640568
0.61075,0.054077585397420705,-0.10224149751420651
0.610875,-0.29619651462461977,0.18869185223863794
0.611,0.16209346891151213,0.29683329464427194
0.611125,0.3116574987011798,0.10975376795063432
0.61125,0.4814542377192792,0.5135497788661908
0.611375,-0.07750325203575466,0.01991948939970745
0.6115,-0.37453702472427547,-0.07391512630083143
0.611625,-0.3354911818048409,0.16379106214328717
0.61175,0.2281724876620507,0.23004501228584778
0.611875,-0.18075529582195213,0.3198822117326021
0.612,0.05760184324272587,-0.15926726531848415
0.612125,-0.052612777082443614,-0.3211774020688706
0.61225,-0.39737283972741416,-0.1441365871005826
0.612375,0.08395633563619746,0.07183182879100114
0.6125,0.16470809558750427,0.21846364335478033
0.612625,0.3511723263332347,0.25442736489278733
0.61275,-0.03960484722149151,-0.17375870479300154
0.612875,-0.4763811589384883,-0.2651277115281582
0.613,-0.17545260696320708,-0.10792352155987274
0.613125,0.10993442012179871,-0.08845196778573855
0.61325,0.3344329735596233,0.5024734108602578
0.613375,0.18430170845317895,0.002907342631311143
0.6135,0.0915975574677894,-0.5181784926108916
0.613625,-0.24458508413811408,0.13510938432559963
0.61375,-0.08440311787226851,0.08216452261580397
0.613875,0.192012624163964,0.03693953178263538
0.614,0.328833263055954,-0.017576269214901765
0.614125,-0.06836857808709085,-0.050225860661656456
0.61425,-0.4020538462203725,-0.017566098098668062
0.614375,-0.5317558787315817,-0.31018761845700094
0.6145,0.06901049385288163,0.24919546949770724
0.614625,0.09614309986171729,0.4144983126772897
0.61475,-0.19269624799148924,0.013376505983347938
0.614875,0.019615778120566467,-0.4767856927806519
0.615,-0.2779628884246486,-0.20245377086021885
0.615125,-0.3258970616012894,0.05908359982566553
0.61525,-0.07503937541543346,0.3723407751846087
0.615375,0.2856931419917826,0.2233964885778985
0.6155,0.10761003557868902,0.13113606028084784
0.615625,-0.3984982173345864,-0.0325000250957361
0.61575,-0.3889078167480787,-0.09655288444176124
0.615875,0.16957370437719985,-0.014196401233155046
0.616,0.16886403009331727,0.38578190388644096
0.616125,-0.37271151756016985,-0.11289862822001044
0.61625,0.1617967445810035,-0.2961144158413843
0.616375,-0.3154656387713922,-0.27750517090029136
0.6165,-0.1494194108271099,0.29523028037730115
0.616625,0.1762899023876918,0.14275641514682513
0.61675,0.5550265596082303,0.08134016564602951
0.616875,-0.10861317998701135,-0.09567617082338821
0.617,-0.2090533409802573,-0.28241615961913463
0.617125,-0.5719428876858708,-0.4238913792196274
0.61725,0.21957166243576304,-0.20673591212119263
0.617375,0.5153049149981964,0.14216866057097508
0.6175,0.025103736659140886,-0.07621560856982247
0.617625,0.04641244840177844,-0.3573054927510204
0.61775,0.14320088695951427,-0.1627616982522403
0.617875,-0.1006928909169044,0.3306551038327126
0.618,0.1725319606705239,0.3905400355961023
0.618125,0.17126812334326752,-0.1093289082820263
0.61825,0.15051576265870353,-0.1282178117967174
0.618375,-0.10338979890913486,-0.003969615521033708
0.6185,-0.29261749863652453,-0.006591376600866734
0.618625,0.1293572511310315,0.25729329040306986
0.61875,0.5855359051338843,0.15868480138684443
0.618875,0.14878379506832135,-0.03824026249318519
0.619,0.23642729199321214,-0.22463630500986004
0.619125,-0.1307582709096845,-0.5485587404445992
0.61925,-0.26235786432544544,0.2980601990183279
0.619375,0.10237462290351064,0.16301426950682985
0.6195,-9.629270955694158e-05,0.27168352836360954
0.619625,0.147147814490094,0.06611184298309007
0.61975,-0.37169267362192504,0.11326494505642065
0.619875,-0.5311437050800989,-0.05108565496208293
0.62,0.21794509559022116,-0.06797658302042738
0.620125,0.3093364675924791,0.4457896939156997
0.62025,0.1181680382439759,0.08557923885242481
0.620375,0.07023503506979384,-0.3644103268310195
0.6205,-0.013977427621734574,-0.2827049493788302
0.620625,-0.09742272533967127,0.10452026258094083
0.62075,0.038206028745430186,0.3788546970991983
0.620875,0.3657142459263479,0.14279372949912125
0.621,0.28790184480697373,0.03067888404348335
0.621125,-0.28242749844824877,-0.3417093608535508
0.62125,-0.8501492458522284,-0.2097710166915148
0.621375,-0.16825206950758603,0.01900237818499657
0.6215,0.549983912077238,0.3544557512285651
0.621625,0.008671792608938812,0.19477696847796688
0.62175,-0.30833800714496745,-0.10323850882797644
0.621875,-0.3556546013383803,-0.3108190103374206
0.622,-0.04946113276348978,0.06786248283244348
0.622125,0.15017077619606184,0.5051391244115351
0.62225,0.2632506259614689,0.2752460065814861
0.622375,0.36083554555268427,-0.04737933167142994
0.6225,-0.11964193969513238,-0.04147412608755674
0.622625,-0.7441352935330848,-0.17034433006357166
0.62275,-0.03348335221040998,-0.13871419334661175
0.622875,0.3273560577594251,0.1982997244559362
0.623,-0.05083182762300448,0.3005383680355487
0.623125,-0.19405587171082378,-0.23463028333766422
0.62325,-0.37135924183524016,-0.5217941921550375
0.623375,-0.25620619255098803,-0.2078829128535875
0.6235,-0.015330872535350213,0.6559796590306386
0.623625,0.1585943481626078,-0.10774514598473903
0.62375,0.2691857808358209,-0.3733116430813205
0.623875,-0.04792203313160975,-0.05896116496579254
0.624,-0.7592691541964771,0.00565850096032656
0.624125,0.09925356698523338,0.1712656753487649
0.62425,0.22758467803321192,0.47033562788862965
0.624375,-0.03324094266869093,0.35361788987270537
0.6245,-0.15517655451862908,-0.2218491950010849
0.624625,-0.33812519143298025,-0.6142048417774306
0.62475,-0.10428725423336946,-0.019075856998563234
0.624875,0.2654883498618478,0.2554054599957596
0.625,0.2446290249723582,0.21873741482638703
0.625125,0.3834487828055396,-0.4762780096446925
0.62525,0.004486352942896557,-0.3646235543036184
0.625375,-0.5546825490590669,-0.21541604847073278
0.6255,-0.11752857204713557,-0.09031809135722296
0.625625,0.2646768382314305,0.26556311606461197
0.62575,0.27022498869410044,0.33587441652827266
0.625875,-0.21020783604855584,-0.26768390176966217
0.626,-0.15629717369305887,-0.6376359105795231
0.626125,0.20541996184608208,-0.07096876587328191
0.62625,0.10977049082599391,0.11412595253212438
0.626375,0.25699319538682774,-0.02400732774228292
0.6265,0.31263652687028715,-0.37112111074207127
0.626625,0.1417107840368849,-0.19863066560225207
0.62675,-0.562944095772103,0.12351193681118403
0.626875,-0.11992013065747062,-0.02321036754169638
0.627,0.458120130001673,0.3450630035215501
0.627125,0.5585530225166819,0.3347350183867538
0.62725,-0.015097651995500925,-0.1310768461391112
0.627375,-0.43260719600147596,-0.4588379846404361
0.6275,-0.34491386300115334,-0.2579870253757636
0.627625,-0.003999167976192434,0.275209883402643
0.62775,0.412483659514934,0.3176460352775152
0.627875,0.5868122765072473,-0.008400212146777539
0.628,0.04952708837818877,-0.051802225212668924
0.628125,-0.2740435059338421,0.10524120547806338
0.62825,-0.44019952068190354,0.24771049648346297
0.628375,0.5138907101970114,0.1382205601573766
0.6285,0.3996699357837975,0.32863904252264897
0.628625,0.0571867831563949,0.04111882037538161
0.62875,-0.20236390656399295,-0.2718775611675254
0.628875,0.3101123933529186,-0.14246196320545215
0.629,0.26280173389514466,0.5018201284509737
0.629125,0.09779543445113309,0.3844961706116129
0.62925,-0.010974390928065396,-0.18429822079284988
0.629375,0.06777306157602025,-0.4432261892472058
0.6295,-0.5723431899219265,-0.18777024438702172
0.629625,-0.5964642566309142,0.20902613507816953
0.62975,0.07423483229815679,0.30835976463737474
0.629875,0.4010491344197828,0.43073944404071063
0.63,-0.20591415304571964,0.021694366787850566
0.630125,-0.6809402804961829,-0.42695106361680185
0.63025,-0.17554701367551878,-0.13249767326089681
0.630375,0.27702677804776704,0.2902057235955576
0.6305,0.01149534263462726,0.49599160514299595
0.630625,-0.07716062419911794,0.07433435333042226
0.63075,-0.37165104955708517,-0.11445173039601397
0.630875,-0.5642588083982575,-0.0260075222745593
0.631,-0.16484329471378337,0.17819949976332716
0.631125,0.4148257898258321,-0.14759274141355025
0.63125,0.7662252532345932,-0.21176774425122455
0.631375,-0.18618735742327863,-0.05564378693051327
0.6315,-0.459148766823309,-0.35579657475875004
0.631625,-0.04650948066998507,-0.5005648547463591
0.63175,0.10413766459347945,0.31490599819399506
0.631875,-0.12416653768515891,0.30109136790028096
0.632,-0.20622320123986496,-0.4566014070928372
0.632125,-0.1653439793068729,-0.32613685741392434
0.63225,-0.2771768690135851,0.06211018658382246
0.632375,-0.44293673966496433,0.16149569114330253
0.6325,0.06783907924961922,0.10243760286377365
0.632625,0.514740735789551,0.12496020782268992
0.63275,0.0876949096717922,-0.3937417001996952
0.632875,-0.580648189803554,-0.6035325770215969
0.633,-0.07190926364632398,-0.37885942753940643
0.633125,0.21728852086694544,0.3897733713220721
0.63325,0.2667318330078206,0.4318822013588358
0.633375,-0.09318934796709856,-0.23143262675115672
0.6335,0.05048452747626697,-0.20955998028579112
0.633625,-0.3431154877856665,-0.11250990446170274
0.63375,-0.19124664849075376,0.08233132924545157
0.633875,0.007651949660530377,-0.23460551852463324
0.634,0.5685785089499723,-0.08542103267526932
0.634125,0.10806122988054352,-0.022428793906207084
0.63425,-0.45011193909275304,-0.22620146143520214
0.634375,0.04875323374169972,-0.2862672617851974
0.6345,0.4201249357833532,0.0688849705391454
0.634625,0.21912199416674102,0.5290939821676409
0.63475,0.2297821795307265,-0.0631004786331205
0.634875,-0.3413709339906465,-0.5443256932701331
0.635,-0.15320342974355625,-0.2882205221312027
0.635125,-0.4095249662056261,0.16500351348905187
0.63525,0.03275971024322705,-0.0046299504003919105
0.635375,0.1533743298895451,0.24022982521298034
0.6355,0.3130259720154225,-0.05987653310703754
0.635625,-0.2557996309948074,-0.11311801588672157
0.63575,-0.2410033980467772,-0.42829249841307204
0.635875,0.3162222353798943,0.32354437480811665
0.636,0.32708808107773907,0.3499481872664512
0.636125,0.022429514662469095,0.1595901188072493
0.63625,-0.20369221007661478,-0.30737420219095213
0.636375,-0.32540008330595127,0.08843378324726442
0.6365,-0.19092760100694775,0.48831225809760925
0.636625,0.14677775955713387,0.4607491694207451
0.63675,0.3670654222511115,0.27550314832349637
0.636875,0.18284315200511123,0.24205504942865147
0.637,-0.6004850262367029,-0.2242682726085266
0.637125,-0.4895992895516729,-0.3412578262734092
0.63725,0.35229151466938274,-0.060845823082923294
0.637375,0.5183284943777606,0.4690831132798652
0.6375,0.034672093330832356,0.09838864998878977
0.637625,-0.16553228843293524,-0.18707687262039324
0.63775,-0.2577093971825648,-0.10594227414179419
0.637875,-0.37061177295872105,0.2978508826423614
0.638,-0.05567870754255092,0.275240690362043
0.638125,0.40727021015950776,-0.09088957993599661
0.63825,0.2903598259152088,0.15865766574876503
0.638375,-0.3672297319487405,-0.19686365048834517
0.6385,-0.4075173759074081,-0.1270797073277562
0.638625,0.22795694231938696,0.07361791528678784
0.63875,-0.03599007568058168,0.5557518117875616
0.638875,0.08679324000531274,0.09644950529996446
0.639,-0.34373149122028573,-0.5488890837342787
0.639125,-0.0709243267038852,-0.36428594942973036
0.63925,-0.14117789590215427,0.061828903143837134
0.639375,0.1835094400034752,0.42625620595152414
0.6395,0.29096750638438434,0.04017330034646586
0.639625,0.24827665776446378,-0.20889706967100427
0.63975,-0.3023227020958776,-0.2316222157188769
0.639875,-0.12652986411851455,-0.20054792103721325
0.64,0.49046238766524763,0.09633849936139302
0.640125,0.2450523677667493,0.5785566250302723
0.64025,-0.1290877001638456,0.10558815302276728
0.640375,-0.2634341746882834,-0.08660180493382244
0.6405,-0.2307502899109665,-0.36362602296454977
0.640625,-0.5263230135429908,-0.03357629061469174
0.64075,-0.05866410844180572,0.1430352732605529
0.640875,0.18952616707795444,-0.1089773707517314
0.641,-0.03138998867184401,-0.19425043508361312
0.641125,-0.5941644053719152,0.003674311098357268
0.64125,-0.5542417301498042,-0.035051809419522295
0.641375,-0.015622134957203873,-0.15987637267045077
0.6415,0.5289536740535326,0.11602689050941703
0.641625,0.3151299164804819,0.2290630409192168
0.64175,-0.2682583516644043,-0.30496524458718516
0.641875,0.03562151735578221,-0.25467642352296727
0.642,-0.027462921871334776,0.03981363690588623
0.642125,0.2211147629004206,-0.005122242453544539
0.64225,0.6840257672221985,-0.19714326906304022
0.642375,0.42796833030396114,-0.30391702993815395
0.6425,-0.07142526610196397,-0.32311772237933084
0.642625,-0.34719248339589476,-0.16573202770146847
0.64275,0.49022311914722266,-0.07697021587302096
0.642875,0.5072631065863809,0.17747711385943912
0.643,0.11372143326138509,-0.00210198585664056
0.643125,-0.02406883600171747,-0.4795473961208841
0.64325,-0.2759028999406223,-0.49949391810236515
0.643375,-0.028518139791924812,-0.13682067851265745
0.6435,0.2697603990238462,0.4962718001756244
0.643625,0.395757081250696,0.257576665096989
0.64375,0.6434509958159036,-0.08585432704776226
0.643875,-0.3900004989600393,-0.007375486361092937
0.644,-0.3123401595180996,-0.06953216173333598
0.644125,0.06759791818765334,-0.04697378424263795
0.64425,0.3932406350422925,0.5237805363132243
0.644375,0.15305294850727882,0.4644272377418355
0.6445,-0.13952069840660114,-0.044203018161427764
0.644625,-0.31812253824361514,-0.18835016992846243
0.64475,-0.08514223449505029,0.2580487834735346
0.644875,0.12015719028454494,0.60413985858477
0.645,0.2025769319855167,0.11625878150584701
0.645125,0.2873772496344556,-0.2241050588316195
0.64525,0.1410001386556828,0.03956218936637057
0.645375,-0.3568481721363443,0.3466396386907461
0.6455,-0.13946525347144695,0.040767692619978486
0.645625,0.3241272061780293,0.47611466538326674
0.64575,0.47620132998172876,0.22463616837596703
0.645875,-0.08824513620923458,-0.15979066602035058
0.646,-0.7208808054611445,-0.6613344158163331
0.646125,0.10974986935831958,-0.22501683502144382
0.64625,0.20695962706084226,0.3927782966990977
0.646375,0.07969905277817999,0.1947863061905478
0.6465,0.2349423857840124,-0.14179981680113887
0.646625,-0.012941733654168886,-0.36874236256437476
0.64675,-0.5745074887023384,-0.049290963919683066
0.646875,-0.23401276978916843,0.09724947782797226
0.647,-0.014800673227551905,0.16967384519896458
0.647125,0.1884627996306101,0.42206262994467
0.64725,-0.2712061924829284,-0.008064806760102804
0.647375,-0.3365612756403661,-0.2823276493662321
0.6475,0.10005256764393512,-0.16903437042128694
0.647625,0.19041226267005015,0.3865571837433805
0.64775,0.08257902384499977,0.20077605897147868
0.647875,0.1566259911906414,-0.2994924495823296
0.648,-0.2659040142265224,-0.2750428832857862
0.648125,-0.7085859731849942,0.2983792469605982
0.64825,-0.38254725673060125,0.1160081269180418
0.648375,0.20728033296743745,0.1286296596121378
0.6485,0.5234141279119771,0.03639551887390873
0.648625,-0.15205964380074743,-0.1273793277278844
0.64875,-0.4229552414309239,-0.5948018695789822
0.648875,-0.33782204475625827,-0.14398451211499003
0.649,-0.008103671591268105,0.11215517412549507
0.649125,0.01983919798171981,0.24332006133399908
0.64925,-0.09002421913642693,-0.12246173897339194
0.649375,-0.1927816171230388,-0.3762412382874133
0.6495,-0.5730315201129789,-0.18712573170649335
0.649625,-0.48363462521064776,0.06966718738897447
0.64975,0.03699959305968961,0.2289396866986684
0.649875,0.5263861786535763,0.1379338899551985
0.65,-0.09340535830571674,-0.24042079065302677
0.650125,0.08016093320405587,-0.6572642235707256
0.65025,-0.08505822005556564,-0.40695125004634447
0.650375,0.29650199576948955,0.2556497332007363
0.6505,0.17732653540810384,0.3763968930167395
0.650625,0.35693066275937496,0.0628169931565919
0.65075,0.3441013333002723,-0.29289941886553283
0.650875,0.18351708762716146,-0.14099176822285736
0.651,0.06780850334374051,0.11508033041482926
0.651125,0.4438109451710339,0.040957034239386986
0.65125,0.6568746833136749,-0.07496658410838343
0.651375,0.35584184776108485,-0.1384890369837068
0.6515,-0.2857554685035188,0.028328445457673657
0.651625,0.03654500821814238,-0.40039585759501833
0.65175,0.20509068521799398,0.35457211973054725
0.651875,0.20924810398180863,0.38905457575013863
0.652,0.171937387613373,-0.1473461894359596
0.652125,0.02868997830647212,-0.4934647878271346
0.65225,-0.38986444763608963,-0.16190085768683596
0.652375,-0.7307668085956569,-0.014928997049511953
0.6525,0.08802981055201971,0.30216228808048756
0.652625,0.4118006440923486,0.21674366481436563
0.65275,-0.17798127948043152,-0.052000978222383955
0.652875,-0.25438051342434514,-0.18848748019586115
0.653,-0.4639275880018733,-0.32470573732720404
0.653125,0.24209419799843065,0.4506562559264951
0.65325,0.4159338084036674,0.3068022159610108
0.653375,-0.07704367554196889,0.041569626781451506
0.6535,-0.16359772758992325,-0.14826218317761825
0.653625,-0.24153211787446927,-0.1669936623794474
0.65375,-0.5118976213972263,0.3626324201856878
0.653875,0.1286528207258707,0.2363186442065909
0.654,0.585392830541739,0.2314142930378403
0.654125,-0.23035123399665672,0.14581757342783064
0.65425,-0.6322113065613331,-0.1192770059034685
0.654375,-0.414409693094059,-0.19583777758002657
0.6545,0.1927015029925152,0.04734903293066108
0.654625,0.2634222164397397,0.49507217208711957
0.65475,-0.09498384907649277,0.08897002456943955
0.654875,0.09984962334983812,-0.5428026073502072
0.655,-0.30254149719629475,-0.12457158526294579
0.655125,-0.29270466215354846,0.450472865624921
0.65525,-0.10952830614733386,0.25774306782704415
0.655375,0.5191374002696812,0.0026322611561355696
0.6555,0.007757608964478276,-0.12413565991212894
0.655625,-0.4867175092584037,-0.16724506390403707
0.65575,-0.17588995269918392,-0.05945771174657328
0.655875,0.21241666410378193,0.49843198647404324
0.656,0.3516777249278079,0.5811837707205313
0.656125,0.0768110223190869,0.01052286203010891
0.65625,-0.12813135572834286,-0.49516515197404337
0.656375,-0.2937836012500931,-0.3351537482487104
0.6565,0.019481126592306296,0.2931203036752353
0.656625,0.07442314751973503,0.18231580194824665
0.65675,0.5266994640752117,-0.07305657558565544
0.656875,0.09579899109852447,0.08896949324188926
0.657,-0.507100224896617,-0.10343600376075573
0.657125,-0.5316960156774662,-0.27785081583667953
0.65725,-0.21670290590903785,-0.13072959388561634
0.657375,0.10465729186104142,0.5795741432866972
0.6575,-0.11338566736612622,-0.3004860862727673
0.657625,-0.4528496453119171,-0.6053569321936069
0.65775,-0.2391618414863071,-0.3127785964744048
0.657875,-0.31155850354899933,0.07392902720680335
0.658,-0.37663288875111817,0.004373530440730672
0.658125,0.47319859945755227,-0.09582975723578427
0.65825,0.12903262399055668,-0.19234275738667103
0.658375,-0.23297748346573413,-0.14348977628078463
0.6585,-0.12410252914121649,-0.2321916455047897
0.658625,0.2127504339262189,0.14710976849346846
0.65875,0.2723706457913562,0.4593897359746977
0.658875,0.1724597516706628,-0.009375654445806611
0.659,0.2654625587381606,-0.44313880818542983
0.659125,0.12393077605153015,-0.28700708808456366
0.65925,0.10332846414319061,-0.002511249764549195
0.659375,0.025583599604045354,0.2530698444508576
0.6595,0.36092577769505635,-0.24354654217408653
0.659625,0.2797902932713982,-0.56042644283721
0.65975,-0.02765935101379417,-0.30931682587710213
0.659875,-0.5491241275950505,-0.16386327293908026
0.66,-0.06942058494828601,-0.02732248437729578
0.660125,0.33930666685102195,0.21022286774584684
0.66025,0.33124297624011645,0.4295571403199143
0.660375,0.09397979538415295,-0.21467574749722604
0.6605,-0.22880707568976547,-0.3524264876263864
0.660625,-0.3453154268604779,0.09003585808143358
0.66075,0.028264721811698288,0.4206319568769331
0.660875,0.7884485609677293,0.11947065784119622
0.661,0.36699913217029834,-0.021897165355909735
0.661125,-0.4291056228076055,0.011981550854185867
0.66125,-0.5973521280217922,-0.036262685709455914
0.661375,0.07768511840055811,0.2116843316183568
0.6615,0.6889917425036193,0.46605046883121953
0.661625,-0.0926946879708862,0.303291280598998
0.66175,-0.2788302267287063,-0.22072314104665702
0.661875,-0.20733917962416673,-0.32870978406476165
0.662,-0.02302133330935519,0.1796297498433419
0.662125,-0.06010995915765122,0.5681300292651918
0.66225,0.2691099312533262,0.0313753073646221
0.662375,0.425677126107044,-0.16512157773258396
0.6625,-0.4790101251030688,-0.29765668111178345
0.662625,-0.6604942672048083,-0.40804531798858446
0.66275,0.04902593232140222,0.08490722494730486
0.662875,0.6045490331271399,0.5126811906976411
0.663,0.3239414323641451,0.4028788291231727
0.663125,-0.16342248857040667,-0.15138218541122955
0.66325,-0.48049990244756047,-0.4591328621087641
0.663375,-0.14995146284070004,0.30686236517071414
0.6635,0.022238802439684558,0.3694121201086622
0.663625,0.2688192593547108,0.07274616531942085
0.66375,0.15837150933392008,-0.3711724254239875
0.663875,-0.34988187459610975,-0.27243676014676976
0.664,-0.45787019214642727,-0.06363003191616895
0.664125,0.08550945534909303,0.28543595947447264
0.66425,0.5010943050514169,0.36327704837272584
0.664375,0.055718457524756695,0.21143785578706825
0.6645,-0.27160704954615794,-0.1452582295273231
0.664625,-0.5808672322688034,-0.6983793657771723
0.66475,-0.36095260164499715,-0.1787530359455039
0.664875,-0.2683610185442432,0.5890640696815607
0.665,0.3086932704157884,0.5906844516602672
0.665125,0.2987475965956617,-0.2503044310441815
0.66525,-0.3523048219835933,-0.48162382579403473
0.665375,-0.14138484982916394,-0.21933374354981683
0.6655,0.07220884685042742,-0.1389026572708172
0.665625,0.5593115493406149,0.12275267933652118
0.66575,-0.13140089584319853,0.18962575215883018
0.665875,-0.569360228056437,-0.48507207371817557
0.666,-0.35977198830644264,-0.4877500489711131
0.666125,-0.09468581335359638,-0.05830519054162148
0.66625,0.29327270088005764,0.37770217576870185
0.666375,-0.06091333664108073,0.26027506977790893
0.6665,-0.04037233166663732,-0.35531915515876206
0.666625,0.07317244747471345,-0.3506149064692069
0.66675,-0.1709441379953397,-0.2115295573115505
0.666875,0.3915170877126151,0.04000691722153625
0.667,0.6387983762222219,0.047457491285515734
0.667125,0.41749497337513775,-0.07063491136640049
0.66725,-0.35841940577134296,-0.04996725501647054
0.667375,-0.22317989534141475,-0.34074697835987383
0.6675,0.025395296070449925,0.1360877360841951
0.667625,0.24513057486903814,0.37321303162193603
0.66775,0.019548139624817603,0.30537694606983656
0.667875,0.6720783554217455,-0.5006131661231243
0.668,0.010701507333087945,-0.30674492134067977
0.668125,-0.20461339635797782,-0.039349945912572
0.66825,0.054981324461839336,0.16751545525272452
0.668375,0.29003115056043466,0.2163207333125945
0.6685,0.40369271120806854,0.10547800422773938
0.668625,-0.4882105131661107,-0.03951425653113665
0.66875,-0.37270660761881086,-0.4071729443102323
0.668875,-0.2615882399169879,-0.05110828379739115
0.669,0.10569569623594592,0.30690321092235806
0.669125,-0.22769238174424652,0.3739474331124809
0.66925,0.045951192510415635,-0.39717761334665336
0.669375,0.24122395906951077,-0.3142658160506223
0.6695,-0.13542219859038018,0.046389389221219345
0.669625,-0.1501864037501415,0.22288196806096444
0.66975,0.5898884678254559,0.16397450230269872
0.669875,0.43346537103859395,0.058333999120261
0.67,-0.17722675075363872,0.1756882174983814
0.670125,-0.5231491894887347,-0.22198963761891355
0.67025,0.019448945342238892,-0.4177952890609785
0.670375,0.18702476286809566,0.4787804810055843
0.6705,0.0518952389008438,0.19675811744313113
0.670625,-0.005282077926165395,-0.21016745304311638
0.67075,-0.004667763938512729,-0.3265759397625487
0.670875,-0.3036028201765355,-0.20220290617796172
0.671,0.03141943310530409,0.03845009502111104
0.671125,0.027141524418447274,0.20503792472047858
0.67125,0.47277636150291846,0.2504370399734555
0.671375,-0.16889494070695218,-0.0866754545214919
0.6715,-0.5668723704807294,-0.3887324296280296
0.671625,-0.17221604747581537,-0.04513751981926
0.67175,0.12903781426403696,0.5237554750806177
0.671875,0.4261054626784111,0.4761662367508836
0.672,-0.030644170127216267,-0.038694479945472496
0.672125,-0.25679915933640507,-0.34540334566007835
0.67225,-0.40453678548626637,-0.018303500164468002
0.672375,-0.1961450203819264,0.22297640139790575
0.6725,0.2306850175824747,0.07487021291300985
0.672625,0.4052109638569284,-0.023290295386836857
0.67275,-0.08193182269806074,0.07874797488889439
0.672875,-0.4013445453091609,-0.15987954624190626
0.673,-0.20915014103674145,-0.17466032117630254
0.673125,0.08497077964218984,0.3335508959153105
0.67325,0.05953674795618331,0.3372048892688127
0.673375,0.03279564074572233,-0.09653343482863218
0.6735,-0.3048741974387862,-0.27495147856243063
0.673625,-0.38187402517774494,-0.15763017807334442
0.67375,-0.8568595344379318,0.0871483702238341
0.673875,-0.2953237486852496,0.3515314249257589
0.674,0.2751436816993588,-0.11814663794040198
0.674125,0.03029163309042201,0.07696179620406632
0.67425,-0.6196629420919866,-0.22178488138941244
0.674375,-0.29940394787956925,-0.06962765959855036
0.6745,0.061012045108414646,0.014541544194118102
0.674625,0.3090362726516799,0.3412757085043538
0.67475,-0.06719864841746878,-0.03482744092074572
0.674875,-0.28202326171453623,-0.4388366939293225
0.675,-0.04652706963398892,-0.08435819320550665
0.675125,-0.08102884444677098,0.019100389050140897
0.67525,0.15207267234505817,-0.022549158174567888
0.675375,0.48178867533511527,0.12169879745456705
0.6755,0.2922896429999367,-0.292044716083647
0.675625,-0.34716418632731283,-0.20530630304106615
0.67575,-0.22913707589411922,-0.5238204358999318
0.675875,0.5599018856096254,-0.041820579903278886
0.676,0.05574128762711115,0.002138848987283697
0.676125,0.13082395578253941,-0.10624484533074863
0.67625,0.010001769572903258,-0.5414776873527658
0.676375,-0.04558551776240849,-0.3904746210450379
0.6765,-0.2579422984677839,0.018384315255844857
0.676625,0.2903705776937142,0.12823161157094107
0.67675,0.8270196187979534,0.0997463688480503
0.676875,0.17538956973028727,-0.2749906737178574
0.677,-0.5759450253832483,-0.07975542187262664
0.677125,-0.4734165414338644,-0.07895490179096194
0.67725,0.26758213578224604,0.29879209083856095
0.677375,0.5106169071116671,0.41649579498873235
0.6775,0.10239583743425362,0.15671802953634556
0.677625,0.06073107851879822,-0.29920552498107905
0.67775,-0.15971046706165917,0.03403173010494508
0.677875,-0.14363438652901303,0.3069532589025502
0.678,0.36883147514454373,0.43787309013753806
0.678125,0.3133100610934454,0.16953584099609145
0.67825,0.19147641106035865,0.07069440696987928
0.678375,-0.371277063236878,-0.051162241989161555
0.6785,-0.4819633959099506,-0.07651042762886
0.678625,0.23056656887117508,0.1920587500579566
0.67875,0.5766242802274213,0.6699792270498983
0.678875,0.3342046715475805,0.3382362069676203
0.679,-0.1538830821166879,-0.36423096399876725
0.679125,-0.26234196774913854,-0.2614503761768421
0.67925,-0.5014405447471108,0.2937361210802905
0.679375,-0.0013636093710293158,0.4140965724161487
0.6795,0.1918218768861142,0.15840890709745364
0.679625,0.20764572409612578,0.056634748877424285
0.67975,-0.23432094326559658,-0.3489071275105976
0.679875,-0.8524080968975545,0.024400211768317807
0.68,0.23407864723203003,0.18273262178288574
0.680125,0.4471734767261306,0.5561484281683193
0.68025,-0.029512590952060998,0.12963896607419512
0.680375,-0.1720494773057317,-0.24900972107495625
0.6805,-0.09575977716050671,-0.43913938808614106
0.680625,-0.09682143852064594,0.1593058962642779
0.68075,-0.0682614415111174,0.3770262666008372
0.680875,0.460218136661431,0.05001089914525057
0.681,0.31533527415058393,-0.3734401735236628
0.681125,-0.5363452553888145,-0.15306561981727904
0.68125,-0.6743268514743102,-0.30130298564994107
0.681375,-0.051143828394925206,0.14386056096316432
0.6815,0.4721112540363869,0.01513331823225865
0.681625,0.2543824247224384,0.2152185536575217
0.68175,-0.263055744006626,-0.24242652169158846
0.681875,-0.3590975148384528,-0.17983457219254098
0.682,-0.17415938892645255,0.14313067183140987
0.682125,0.08824219813020949,0.20809401621748885
0.68225,0.3078388346197671,-0.22480747793088543
0.682375,0.11590497176651834,-0.027174758240979202
0.6825,-0.28953834813530077,0.03142652965916643
0.682625,-0.8670350293734912,-0.03348534468244271
0.68275,-0.5037093558130904,-0.08345235632622672
0.682875,0.4576553069728596,0.10088246604720183
0.683,0.026975373734327263,0.2499408151833608
0.683125,-0.039787457365399535,-0.34548764082918765
0.68325,-0.2413233334169631,-0.18667871300308847
0.683375,-0.10081262790421722,0.04388735266985952
0.6835,-0.0987125474886693,0.27241228869817796
0.683625,0.27871659452084535,0.05117017388455893
0.68375,-0.009123822044343616,-0.3758809216169479
0.683875,-0.28323783907935945,-0.06901231474881023
0.684,-0.3059289812730169,-0.07079722760209
0.684125,0.24105252516261078,0.10491611561296313
0.68425,0.49479372179329767,0.08020148077628474
0.684375,0.37862900950879463,0.24285302594818747
0.6845,-0.13001844203083163,-0.30958173565093733
0.684625,-0.06628553982166098,-0.7170251169079129
0.68475,-0.009966971852343756,-0.40942114864207374
0.684875,0.1583917610768382,0.23946595265318465
0.685,0.4201199264280934,0.28110488882611656
0.685125,0.4041775156695786,-0.014148294865459666
0.68525,0.09942777872396155,-0.2523442328149896
0.685375,-0.2868785404400405,-0.18106522354382384
0.6855,-0.12462259398232022,-0.07467006900957561
0.685625,0.7818000737341387,0.1723910920310164
0.68575,0.5024841562912821,0.3812202940775402
0.685875,0.027455300853930054,-0.23345026952799353
0.686,-0.4859541282697331,-0.32999578336855623
0.686125,0.10433302943616649,0.017804853485921066
0.68625,-0.05558146765609088,0.52576719954703
0.686375,0.15664959850890142,0.3567903420733199
0.6865,0.30734928026247316,0.08331778817059189
0.686625,0.1325740615064243,-0.057183725810705625
0.68675,-0.2887873723655237,0.2371563084641546
0.686875,0.007781621960882532,0.1366433102378949
0.687,0.25716251114358185,0.22970614823803978
0.687125,0.23403366549648738,0.18500680538272132
0.68725,0.019443660676921534,0.01943532780898094
0.687375,-0.4607756537662773,-0.3077180001725407
0.6875,0.10916936546482671,-0.13867019561125563
0.687625,0.13108483439870702,0.49606241346741525
0.68775,-0.20149250092465065,0.5074994018737743
0.687875,0.3029254798459741,-0.008481179722895894
0.688,-0.11878883034800652,-0.4093479957566887
0.688125,-0.7446261790011094,-0.06301402358028275
0.68825,-0.06303486099760301,0.0347222636296209
0.688375,0.5610898011671526,0.23295476979968882
0.6885,0.3809130205077494,0.37017913087724036
0.688625,-0.2019017973019847,0.17609738049717572
0.68875,-0.470034623682312,-0.1672528761545747
0.688875,-0.22058870259941082,0.11411383322977343
0.689,0.15556123321132226,0.2144406649654055
0.689125,0.3506216985333967,0.19030500178964901
0.68925,-0.001571207984057575,-0.0675510315489335
0.689375,0.01752522223063635,-0.21703772154771414
0.6895,-0.3189191234349535,-0.25865643217539813
0.689625,-0.5671794217761407,0.21844138178765465
0.68975,0.18887695261860016,0.011763493202563818
0.689875,0.09763523239123359,0.25474629795417386
0.69,-0.28439107962853727,-0.2462991356592388
0.690125,-0.5584872671357902,-0.588794684980002
0.69025,-0.5038353800983325,-0.18553818144258313
0.690375,0.13477129276131647,0.32207967582495867
0.6905,0.13286539375040327,0.549111835254996
0.690625,-0.021729705523934068,-0.248765168679693
0.69075,-0.32292974455971574,-0.16051992098886939
0.690875,-0.2937710296053988,0.14248050990409866
0.691,-0.42520410438629774,0.16997822399603793
0.691125,0.30747175201277566,0.3243767322718201
0.69125,0.47149675366315374,0.13766954417392718
0.691375,-0.18616421501513325,0.028389782741692474
0.6915,-0.6908952081953923,-0.38493097892243616
0.691625,-0.24013182312126302,-0.2690692279254052
0.69175,0.36088400066190524,0.10052196985165487
0.691875,0.23863135315682457,0.13123444831295153
0.692,0.23743002393277704,-0.1415168410239171
0.692125,0.20252889752243824,-0.3738510585714685
0.69225,0.11929498695055742,-0.36494337404782584
0.692375,0.1591474780798407,0.04596820723512586
0.6925,0.3059568243657081,0.05068891717184651
0.692625,0.3176205931028765,-0.10492948880895082
0.69275,-0.009684608396065898,-0.14131838700479218
0.692875,-0.0889524632118897,-0.43955651940336254
0.693,0.29298987776865537,-0.18727068376286288
0.693125,0.3798003249651625,0.1780628881482479
0.69325,0.4203508931606816,0.1715445677566899
0.693375,0.43136254544112973,-0.38537846614411897
0.6935,0.18709196978628076,-0.4669062851564346
0.693625,0.0011513478355285906,-0.12538511721855214
0.69375,0.005926879633512625,-0.0279139890557671
0.693875,0.26319720393668145,0.2950396500028825
0.694,0.1618543540370318,0.04662503912893776
0.694125,-0.3379924257221615,0.3190617037756161
0.69425,-0.6374463521829854,-0.26449601776461984
0.694375,-0.16909814933733594,-0.06124295453358393
0.6945,0.06624308482885947,0.11961584197454503
0.694625,0.3931908588584794,0.45593990034428544
0.69475,0.39878750275942754,0.09783171775816796
0.694875,0.17379613266773583,-0.19939827568145965
0.695,-0.17987746057113901,0.04770523056669439
0.695125,-0.22042266677149525,0.2294567639111858
0.69525,0.05033797608031152,0.020453565643052982
0.695375,0.4942835812670604,0.0832816222905662
0.6955,0.09104425815682561,0.05372342553743024
0.695625,-0.4576181672056962,-0.021759588981009787
0.69575,-0.4069277025010988,-0.01806532113755982
0.695875,0.20052972272255343,0.3197178876201334
0.696,0.20482060355198028,0.21521511535208274
0.696125,-0.05989584273347872,-0.1985695190805991
0.69625,0.04778921846337811,-0.4661682170505589
0.696375,-0.22307547288232094,-0.13809557040460654
0.6965,-0.06827488474137966,0.06156759021085641
0.696625,0.015466449525543342,0.38575944757616476
0.69675,0.35301367325728866,0.24292741581087396
0.696875,0.02247343588777191,0.16790080641982535
0.697,-0.3065220179295971,0.01604271623325347
0.697125,-0.44942803810633664,-0.2359336566780821
0.69725,0.13463416581297097,0.20167599642719167
0.697375,0.17165458299975,0.439914746686592
0.6975,0.008972124093415372,-0.005242280819589524
0.697625,0.10971299505218071,-0.3804075185240361
0.69775,0.062101187339309215,-0.4031850370651449
0.697875,-0.19149601450585918,0.024050520190863366
0.698,-0.10231676754331909,0.244690472453438
0.698125,0.12039376177621235,0.19178792574845907
0.69825,0.3756698578550924,-0.00361462894878027
0.698375,-0.35883516139140886,-0.0069874596757684895
0.6985,-0.0024715149306286646,-0.22857855512160158
0.698625,0.054698131795612094,-0.0027293575609974355
0.69875,0.06599568528448467,0.32053566656855464
0.698875,0.07471768763019714,0.0650374557474899
0.699,-0.18920716797119871,-0.2592743574847925
0.699125,-0.12341791014543228,-0.40655712269197614
0.69925,-0.2923377781526724,-0.0832350313400873
0.699375,0.018857541825669337,0.046366177670286675
0.6995,0.41202706136662975,0.007114291356151793
0.699625,0.09773374549953678,0.13935675673538545
0.69975,-0.36518759315891974,-0.13969312124441735
0.699875,-0.39833583295606817,-0.32330592013952025
0.7,-0.15720135600681817,-0.06518737821436754
0.700125,0.26224142513544835,0.2996235316491149
0.70025,-0.0781604281125406,-0.03680938512013765
0.700375,-0.2222524755364972,-0.22415143085353495
0.7005,-0.30944972210516924,-0.24892618713167639
0.700625,-0.2906197757438816,0.2572551741001669
0.70075,0.1690963884735624,0.1636549675648675
0.700875,0.5308164166676947,0.05737675067881651
0.701,0.3358901146947129,-0.48770800325905755
0.701125,-0.03372122347228616,-0.3487462356123426
0.70125,-0.2602936714297116,-0.21424626256928078
0.701375,0.11851382174383213,0.04737124443736592
0.7015,0.46767852511102337,0.07649008852201705
0.701625,0.13434087169230527,0.0710968150175792
0.70175,0.07064009248471373,-0.3667004300560883
0.701875,0.06379592901504019,-0.47518502039838045
0.702,-0.16043650080855557,-0.19231229799055077
0.702125,0.14691847050081075,0.20470503094500384
0.70225,0.3795902391592387,0.01280329366890519
0.702375,0.21657462186532606,0.12438566147829996
0.7025,0.18543910936862276,-0.04714455183989062
0.702625,-0.20040154874917798,-0.13262297995394476
0.70275,0.14955903118346858,-0.07903506511228815
0.702875,0.46472111876497796,0.15844796422868054
0.703,0.1260191776665515,0.2677946113499096
0.703125,0.08409042591937486,0.011492922518674386
0.70325,0.10089031442169767,-0.21243014591766438
0.703375,-0.09118473423984005,0.0797144071234964
0.7035,0.18875733130150923,0.4500600433393682
0.703625,0.33158273804207844,0.334322727952009
0.70375,0.3640221710683975,-0.04374030500041988
0.703875,-0.2419820186037688,-0.10516822233489806
0.704,-0.41331756127520297,0.19527153823761545
0.704125,-0.29765499001576423,-0.09828576572362671
0.70425,0.2683105332253382,0.12191325399194058
0.704375,0.07041364961808579,0.012568073972689752
0.7045,-0.19522036605521326,0.06578139813568576
0.704625,-0.2843546599632131,-0.10011225255974754
0.70475,-0.3114662887884142,0.3816517266517542
0.704875,0.211506608040018,0.44062011158727715
0.705,0.40515999121447355,0.1140479099472397
0.705125,-0.060248724444654594,-0.07647591859944283
0.70525,-0.2691271917965556,0.1547629159355001
0.705375,-0.3891666431869733,0.3201782753012996
0.7055,-0.2529190958757484,0.1675454732149188
0.705625,0.2379071976750574,0.33522577686087823
0.70575,0.6287556129949969,0.31904978828711256
0.705875,-0.0312194877335611,-0.21901768054985976
0.706,-0.27441400438156166,-0.6667962503071768
0.706125,0.17193529624112644,-0.17496464289979763
0.70625,0.08226492114500222,0.18996077924196433
0.706375,-0.08679452408502229,-0.054518564994112
0.7065,0.2552763200401827,-0.3749487162871764
0.706625,-0.08793309248586391,-0.33649791446179184
0.70675,-0.3528215060536096,-0.07549213300837813
0.706875,-0.19414970910013216,0.08968706948404193
0.707,0.4862710756446111,0.13253425484875986
0.707125,0.21424238971516799,0.3459585935333272
0.70725,-0.3553502351492551,0.1378363987471895
0.707375,-0.25418275644311117,-0.35332562123121886
0.7075,-0.24936715488876113,-0.07436446811647766
0.707625,-0.21301736553071643,0.42057772316203457
0.70775,-0.1559116807394809,0.3366784817481626
0.707875,-0.26782064850343085,-0.22172334934515475
0.708,-0.3008598721759931,-0.16557307050352243
0.708125,-0.3740292884672509,-0.16264209313608363
0.70825,-0.2586240365150317,-0.0791148947612343
0.708375,0.1880867593176261,0.03789796344449215
0.7085,0.28009486276074236,0.186079941400768
0.708625,-0.18938663765996067,0.01789598001681819
0.70875,-0.15922402620635576,-0.27810142875409394
0.708875,0.3158797979566752,-0.21073065853377812
0.709,0.5106224895629381,0.43622794798195147
0.709125,0.4288117468863527,0.2262934283555856
0.70925,0.5938293336379783,-0.24046117868715666
0.709375,0.04865759277422654,-0.2349069976425165
0.7095,-0.0341223722816739,-0.3403695053670212
0.709625,0.042739890686287516,-0.009576409311877443
0.70975,0.2628497057062559,-0.12757982967967127
0.709875,0.5455604658976166,-0.2378021720589147
0.71,0.030766183733289473,-0.05677701376434759
0.710125,-0.20215194311030138,-0.25133014353078376
0.71025,-0.08824453003499988,-0.2470150848686174
0.710375,0.31403020263355713,0.11808150666794792
0.7105,0.05344031688033004,0.33598642826091263
0.710625,0.14119528723826089,0.1404128410601988
0.71075,-0.14412138994122217,0.019975308201939435
0.710875,-0.14210702216918722,0.09854348531795719
0.711,-0.13573879801138888,0.3754777897368375
0.711125,0.21890683094417382,0.37332703771139986
0.71125,0.5980224942204235,0.3085519696892811
0.711375,0.0376407087452982,0.0479557160849661
0.7115,-0.10279518205192832,0.21204987490862498
0.711625,-0.2746456429828669,-0.15886057378595916
0.71175,0.08708346864708465,0.22261048546116435
0.711875,0.14358930318176583,0.48670942585546156
0.712,-0.027352047713719154,-0.2034558818566693
0.712125,0.1630915213100094,-0.18377839664226647
0.71225,0.002649909874271082,-0.027572604077750227
0.712375,-0.0725216347641218,0.1312221898105664
0.7125,-0.05138273773353641,0.24804359000488033
0.712625,0.22040516380736308,0.24874497089992728
0.71275,0.15481010323821573,0.021260079042558735
0.712875,-0.4961484116086959,-0.26476265499436596
0.713,-0.4129172896650482,-0.17471734679002182
0.713125,0.10481145739945273,-0.005375158660206507
0.71325,0.08591700730460428,0.24560696111208222
0.713375,-0.05393767953297997,-0.10590090035188557
0.7135,-0.011658681900080164,-0.053147044152006974
0.713625,-0.11229079820834324,-0.07887250767276535
0.71375,-0.2345264463086235,0.3343391985381784
0.713875,0.1994473453820518,0.141350578561854
0.714,0.20072216601120815,-0.09669987254233452
0.714125,-0.012369961146187132,0.02257853126715849
0.71425,-0.22306889419793752,-0.1949286957551827
0.714375,-0.04400692960594881,-0.05039101164501898
0.7145,0.07271515345376796,0.2738097247538689
0.714625,0.05515129935983242,0.25418152742748523
0.71475,-0.06871569270316946,-0.037371774145887625
0.714875,-0.11968904537553197,-0.34703797322465246
0.715,-0.38985569686097055,-0.158581056132707
0.715125,-0.33788075761671715,0.04119177491498796
0.71525,0.22352653875559655,-0.044912332222122354
0.715375,0.4366170243411233,-0.21288979636662136
0.7155,0.06593516136324494,-0.2766593534989129
0.715625,-0.4992470094461357,-0.3452689972747796
0.71575,-0.44016347935278205,-0.08621433444480213
0.715875,-0.2704657064393186,-0.09502075437118705
0.716,-0.07410360128272572,0.1680608078005655
0.716125,-0.10092856040672163,0.2586571574972539
0.71625,-0.13169128528660387,-0.07372830514546075
0.716375,-0.3007888599267079,0.035078853825273655
0.7165,-0.3033799367048668,0.08030826333927625
0.716625,-0.30229086927313864,-0.06225142727400411
0.71675,0.46681690938215054,-0.13276013164624265
0.716875,0.11213335250933536,-0.04761218024792735
0.717,0.09365103681494606,0.003423163825400127
0.717125,-0.03641720400408565,0.04458924260454259
0.71725,0.02856730539836154,0.12655325738749443
0.717375,0.3293371307670618,0.42883720581363927
0.7175,0.046122943281847836,0.023188357565978177
0.717625,0.173412608467921,-0.567537101242287
0.71775,-0.006025660985084119,-0.6000589482745843
0.717875,-0.10341963448168899,0.13690580547850337
0.718,0.15275492967934276,0.07790285759382452
0.718125,0.5589166257623062,0.04532810393066288
0.71825,0.39627570347872665,0.019710892685548303
0.718375,-0.28015806191334186,0.0916072800396907
0.7185,-0.24018811907874413,-0.4995248306137038
0.718625,0.22279804101279557,-0.167026900384503
0.71875,0.2867881386318838,0.2967538865526837
0.718875,-0.07096260368820688,-0.1269410069131468
0.719,0.06391315066659596,-0.20810172331133633
0.719125,-0.12457099556654172,0.06920962269522914
0.71925,-0.1443892563364821,0.05222014815620533
0.719375,-0.046937216698096085,0.4418753555227074
0.7195,0.30159608267565385,0.23485869709612564
0.719625,-0.0768025754879016,0.10818999624121214
0.71975,-0.013603126483987359,0.21696526008303335
0.719875,0.015258938777739909,-0.2750966746143233
0.72,0.21464322439985828,0.13514903977017806
0.720125,0.6189789861353154,0.5001871166763695
0.72025,0.1360126314057668,0.4651501534897067
0.720375,0.18961704426245374,-0.16114489721342
0.7205,0.031582322974146766,-0.13567259401883963
0.720625,-0.2062914341055376,0.09862933600435539
0.72075,-0.12632400477848932,0.32587727492430435
0.720875,0.38235412795234436,-0.02075337550641836
0.721,0.26893043004844275,0.1327425068454508
0.721125,-0.2716604530531234,-0.26677473872138
0.72125,-0.4199669833760614,-0.010378513575571824
0.721375,-0.30659146461582704,-0.08044737760250148
0.7215,0.46743180582235005,0.33146867174327094
0.721625,0.3375957283861958,0.11789651390356573
0.72175,-0.30671955500026066,-0.13471399471759318
0.721875,-0.054337913819951934,-0.3542010897601683
0.722,-0.19720422925363676,0.4633823376948717
0.722125,0.035345969930144945,0.4310847921484033
0.72225,0.09396463127043261,0.1564493925481269
0.722375,0.2574764660049145,-0.2351581845180455
0.7225,-0.0972486671260108,0.12957454828918713
0.722625,-0.3620457891928328,-0.15955720326237155
0.72275,-0.06961999985437671,-0.21618004593118392
0.722875,0.2475603453038592,0.2411835173598615
0.723,0.029388514134400367,0.013670234222762655
0.723125,-0.07577634865941146,-0.3343065153593396
0.72325,-0.22832208713791216,-0.3619967611333363
0.723375,-0.40448311207604554,0.05950850783966154
0.7235,-0.14829532639344298,0.08872135097164063
0.723625,0.10719804347973774,0.35128253990664227
0.72375,0.05287431115880627,-0.040592118428778565
0.723875,0.0469317574546445,-0.1467153692767769
0.724,-0.15042308896203538,-0.06981787448122044
0.724125,-0.3508465489689005,-0.0107488777815367
0.72425,0.06311877595483036,0.23280263576307078
0.724375,-0.15487355480933745,0.18295321604625966
0.7245,-0.16047245745460056,-0.10767011247349505
0.724625,-0.22622820588975448,-0.2883824278338509
0.72475,-0.20150608224032693,0.05347783816684728
0.724875,0.051793898359158,0.27748551355860007
0.725,0.1627115429177778,-0.04830421494452982
0.725125,-0.23045250055866093,-0.2723597066646259
0.72525,0.1716639048717862,-0.3541439267306437
0.725375,-0.10314436218789232,-0.1798138517540259
0.7255,0.03377096733663916,-0.14479041477891408
0.725625,0.4584243478494179,-0.10739589694314726
0.72575,0.14800479570788752,0.05176248885715304
0.725875,-0.11995877720506354,0.11981010770502973
0.726,0.059706369812978936,-0.5528021670006255
0.726125,0.3270884487605734,-0.17725378300428507
0.72625,0.29487653908696354,0.17468383986339575
0.726375,0.34790704521758997,0.10126751329896329
0.7265,0.26068655100534943,-0.3462878714710703
0.726625,-0.05837737141361681,-0.4571092039629077
0.72675,-0.262466041372246,0.14839440002217757
0.726875,0.33171171222350027,-0.11946210569658197
0.727,0.36629037471436254,0.09721597350641188
0.727125,0.5341945418502638,0.09131913008088681
0.72725,-0.09436311220419574,-0.07921049949994835
0.727375,-0.5006459626607164,-0.08261761956333005
0.7275,0.015858857396765166,0.06628742909229637
0.727625,0.28747513323534746,0.3478224780809961
0.72775,0.2547653469347857,0.48057646036980123
0.727875,0.1469516111800766,-0.27728031582077556
0.728,0.12051969540752304,-0.1340388744133827
0.728125,-0.20873152905307168,0.2751322595540587
0.72825,0.001472570465081236,0.1876876722306109
0.728375,0.2965014061302055,0.3270669319426865
0.7285,0.21608294686265705,0.11171838881977408
0.728625,-0.05651708410269443,-0.11349198777582344
0.72875,-0.2594003011109523,-0.08014708942022564
0.728875,0.008526386698335775,-0.1014258981638224
0.729,0.19864644665278258,0.3123758045016872
0.729125,0.035920606835895666,0.2680685657536654
0.72925,0.04732113772565968,-0.25795148051218614
0.729375,0.14316099847200145,-0.08165650104515879
0.7295,-0.287627959955618,-0.10978138353966459
0.729625,-0.14358030293617632,0.19449248050236126
0.72975,0.013084120327348004,0.21141644222458206
0.729875,0.43574516319499895,0.06244964675963761
0.73,0.10371458597175776,-0.1283104553650397
0.730125,-0.4558149863904665,-0.43253776063392296
0.73025,-0.14110368624244846,-0.18756869409810778
0.730375,0.07017434101050524,0.35074984189878095
0.7305,-0.081703697769364,0.16855743081543206
0.730625,-0.1766410007179218,0.028358426562437488
0.73075,-0.0468824838133168,0.025433385093499294
0.730875,-0.036562891381558736,-0.016353344710703467
0.731,-0.2134781819929269,-0.17642515946715343
0.731125,0.006313107940119102,-0.03295679238272832
0.73125,0.1003027763308667,0.020063250209198236
0.731375,-0.3376772623780625,-0.11015237573970851
0.7315,-0.41902632532563805,-0.3750331615804074
0.731625,0.04399791363846558,-0.1478139038607686
0.73175,0.12548453022646272,0.15249749233193793
0.731875,-0.023779054990199087,0.23043897469444385
0.732,-0.23960782778107975,0.09490406667519743
0.732125,-0.1272028397355662,-0.14743487869853095
0.73225,-0.17239971617756192,-0.009627571185644578
0.732375,-0.13801214808691692,0.23319152194568796
0.7325,-0.12197930478128144,-0.06353530485770935
0.732625,0.06368209090874882,-0.046819283915430575
0.73275,-0.0466981362897476,0.08905609680282835
0.732875,-0.21709637828633194,-0.20356529295214887
0.733,-0.40654335816921716,-0.09989258726194213
0.733125,-0.13600971067748138,-0.027115564589285716
0.73325,0.04001539297586418,-0.09964352181982389
0.733375,0.24946240538353845,-0.3366432248598311
0.7335,-0.019151296808455683,-0.4013489538255867
0.733625,0.16277361864187373,0.028712440970020518
0.73375,-0.2314800708790832,0.2935156218501494
0.733875,0.2140190854237911,-0.053648622797688325
0.734,0.6271418589133833,-0.030708517252991736
0.734125,0.3956488814752707,-0.07213855212419128
0.73425,-0.13452422918686827,-0.1778204810190804
0.734375,0.2198904548085754,-0.13445237061308715
0.7345,0.47724267778930046,-0.004766954222919916
0.734625,0.2694143406831885,0.28341072653003263
0.73475,0.44796270383277503,-0.1296715931413487
0.734875,0.0690087226766866,-0.4362515375196356
0.735,-0.15713896872073116,-0.37635955925458187
0.735125,-0.015621554548334068,-0.08018827123607024
0.73525,-0.058883619144966905,-0.06338953796664024
0.735375,0.43300449810819547,0.3830842803100308
0.7355,-0.014903792923567968,0.46809324444732914
0.735625,-0.22827738464332287,0.23973252463144865
0.73575,-0.19609103814241535,-0.31795758827553866
0.735875,0.3244763473905897,0.17063771102063538
0.736,0.13045149307786424,0.19875959511018917
0.736125,0.13811969775972024,0.14045209781225643
0.73625,-0.36001703940336427,0.19152934521763806
0.736375,-0.2325283155465267,-0.010945202915808486
0.7365,-0.31642669725466105,0.39148770137612543
0.736625,0.27180998345085333,0.40268016020401615
0.73675,0.5225822883261494,0.06343734726923307
0.736875,0.08698937138285354,-0.0146979363650399
0.737,-0.2993779369422178,0.004139874341350345
0.737125,0.11557104309073414,0.059625289125320426
0.73725,0.18847607734442523,0.24680005897699417
0.737375,0.1942575603415593,0.3203794364430092
0.7375,-0.0879572013154796,0.32525727295942575
0.737625,-0.4398454661612464,-0.3667016206966745
0.73775,-0.015484912415339568,-0.27888796382987824
0.737875,-0.1969226865087823,0.2606256909647229
0.738,-0.12718508783362137,0.25008099621443536
0.738125,0.22821918366183225,0.19958387033002642
0.73825,0.03281044185362812,-0.01225668768679057
0.738375,-0.32101543102224334,-0.26283330229729096
0.7385,-0.14440050945857955,-0.21685727074890884
0.738625,0.37365646079683773,0.19199690337489533
0.73875,0.2313532469574375,0.544651501488057
0.738875,-0.10390934829041783,-0.031267810477019986
0.739,-0.318723957594138,-0.2549957868768124
0.739125,-0.13005732900173214,-0.1269093445585655
0.73925,0.06110207106757888,0.34044309258042565
0.739375,-0.036941532328348764,0.2308887700566321
0.7395,0.06380824967167062,0.1848250889101045
0.739625,0.18435011661753248,-0.2069187235130582
0.73975,-0.3862239261779973,0.1858840741096301
0.739875,-0.44737188918137855,-0.0721900155876572
0.74,-0.011714417968115372,0.14299079154303582
0.740125,0.0522142632947726,0.15094399729592728
0.74025,0.002024107363416429,-0.19657432326902474
0.740375,-0.05331181539699505,-0.1915877169461847
0.7405,-0.14906834969633553,-0.49524623301657716
0.740625,-0.0943298318317942,0.2358480797783591
0.74075,0.011721997105320375,0.14996443898003248
0.740875,-0.10846293133926929,0.0067357193654673285
0.741,-0.04700555717355629,-0.05318756360190693
0.741125,-0.2067453881933983,-0.1590084166467467
0.74125,-0.6149297022012206,-0.15629299221690174
0.741375,0.011641023575768045,0.026928466743682048
0.7415,0.21696163873456048,0.08051521176514521
0.741625,0.006403986817944572,0.17743801752645938
0.74175,0.04521383980275422,-0.28179756854978294
0.741875,0.08867796062080233,-0.46647267278573656
0.742,0.15335100570049104,-0.11196731619661415
0.742125,0.10539970147507902,-0.04602724289516843
0.74225,0.3105570454809076,0.16157713210353147
0.742375,0.25453954422742897,-0.31852388057151343
0.7425,0.13920990666357294,-0.36640857302489716
0.742625,-0.07704198937943293,-0.21988780624372253
0.74275,-0.03853042824561859,-0.35599581104942013
0.742875,0.33342325130989325,-0.07504962360127226
0.743,0.3905501474474186,-0.18450554105582392
0.743125,-0.12546435922360738,-0.39761646318194355
0.74325,0.03012027048852268,-0.41238595467622297
0.743375,-0.10816816039443974,-0.26996117097537164
0.7435,0.0779931378709934,0.054639664554246875
0.743625,0.4775030593811719,0.2489326728459615
0.74375,0.5263034357647394,0.03166516756061633
0.743875,0.03748526675845926,-0.0524722408591754
0.744,-0.28503700864826825,0.06250270602155472
0.744125,-0.16073748242955416,-0.15028779526149577
0.74425,0.24715400890809036,0.24638125923825133
0.744375,0.4170754567532597,0.36350175490594006
0.7445,-0.013364934857420218,-0.13981431694653326
0.744625,-0.049831556862198326,-0.16204403958712757
0.74475,0.22946131178923682,-0.01186656310618211
0.744875,0.09652372195985756,0.21226181183635684
0.745,0.22769438781490464,-0.005892707143248661
0.745125,0.48493064476672687,-0.09601775224813447
0.74525,-0.040255923712277625,-0.026370423275782585
0.745375,-0.5663135907949374,-0.20069665958956137
0.7455,0.035041713818166634,0.16520573192030702
0.745625,0.278772748187883,0.1789782896505183
0.74575,-0.0691761414518249,0.19752610745105004
0.745875,-0.2991751433260643,-0.14044069137228393
0.746,-0.3253774723682345,-0.4259038316947388
0.746125,0.01809720635869278,-0.3753862565004975
0.74625,0.09326444045495223,0.34722005004867945
0.746375,-0.13375440856238024,0.34653432214955004
0.7465,-0.10414970817934946,0.3220897583426854
0.746625,-0.07494245308449428,-0.18623797117471413
0.74675,-0.22854351358883146,-0.10937782338406729
0.746875,-0.18104212325665817,-0.13572569629040793
0.747,-0.16193189436956715,0.23963420332589186
0.747125,0.09026912707145517,0.23824785688189828
0.74725,-0.2575381453337109,0.15189579051502952
0.747375,-0.1988575655262151,-0.19093902771107477
0.7475,-0.1283514858742055,-0.130018069977972
0.747625,-0.09160148587385783,0.1707072355759498
0.74775,-0.05233049933741654,-0.11346188267374753
0.747875,0.013299599626520605,-0.38015499583837664
0.748,0.10049573244747612,-0.1610093018730031
0.748125,-0.4335253279763632,-0.1485527205969603
0.74825,-0.17516423246517304,-0.08122603935355421
0.748375,0.24910989498017252,0.1007657720037719
0.7485,0.15537093963357007,0.06219905752459028
0.748625,-0.20551547653855204,-0.014947661651210474
0.74875,0.016797724564964187,-0.2824310981637866
0.748875,-0.18315290772402837,0.08897305185878199
0.749,-0.03989883263583459,0.017991689897572705
0.749125,-0.3233234503258089,0.04966838841207838
0.74925,0.06666487019878507,-0.21026762048354125
0.749375,0.41424129648833935,-0.061930985892011625
0.7495,0.0020212747925711727,0.035329618912831706
0.749625,-0.5586529912256926,-0.00039020818218763045
0.74975,-0.0572178681147199,-0.09419265543060226
0.749875,0.26283150750077083,0.13888288253890022
0.75,0.1554382443485151,0.09697216237429843
0.750125,-0.30938020980046765,-0.36955053225903967
0.75025,-0.12361396175888384,-0.2515115844724119
0.750375,0.18649402701375284,0.06211822211835817
0.7505,0.12429779123684166,0.21371957051227505
0.750625,0.27106624491885156,-0.23140830219686004
0.75075,-0.11564608047206643,-0.2349390111586247
0.750875,-0.24760736248554108,-0.24118025098029058
0.751,0.1138374231039616,0.08201764576188739
0.751125,0.38097184336742695,0.11676086988938816
0.75125,0.5472515342526766,-0.012612121776983592
0.751375,0.2351356154143734,0.1572664095057199
0.7515,-0.2819919598587672,-0.19544585509360438
0.751625,0.22086173519644758,-0.1850434150719637
0.75175,0.2582030907956379,0.1499223165660634
0.751875,0.1530021824320731,0.3713127071377691
0.752,0.3059419637064215,-0.11931679089834103
0.752125,0.14108077803579822,-0.38950312653877156
0.75225,-0.22513352239395504,4.6136880437255206e-05
0.752375,-0.05423795132508914,0.20665905809399066
0.7525,0.3458551576401197,0.13163632041768217
0.752625,0.11775973703141226,0.34254623499461834
0.75275,-0.013496065469919678,-0.02089883208550365
0.752875,-0.011231876519970138,-0.03530685348942119
0.753,-0.021575763805637835,-0.1285345131823587
0.753125,-0.13050340108344208,0.11921198905163029
0.75325,0.12032384330177961,0.5383786424574887
0.753375,0.11548882299524994,0.05962892381035676
0.7535,0.03998361480952928,-0.2476470994157348
0.753625,-0.13252000509196873,-0.09400331145306697
0.75375,-0.2561343980892974,0.09213763227663657
0.753875,0.08887518772271778,0.05166821983081907
0.754,0.43794741840114537,0.16551291205179666
0.754125,0.0275688014790126,0.001282637416117915
0.75425,-0.2031577227926247,-0.006499444207670844
0.754375,-0.39813074042531577,0.08875743287930285
0.7545,-0.11972824637791989,0.4623998872077015
0.754625,0.1252519634217371,0.43323090902870265
0.75475,0.14637828371753392,0.16789267799795052
0.754875,0.24405293756592955,-0.13748530375867335
0.755,-0.160347944970588,-0.18263157726313764
0.755125,-0.3147750181950918,0.0687093356483833
0.75525,-0.10695044901867028,0.23933985788642656
0.755375,0.034101822299582224,0.09922641430926252
0.7555,0.13042892353246108,0.03961011602787923
0.755625,-0.37026702507881215,0.13005277234252643
0.75575,-0.11263944732738045,-0.08874527543148811
0.755875,0.14715822539144172,0.22969783453038867
0.756,0.22178709976760042,0.0321244323606783
0.756125,-0.08851929501562349,0.20934718897084428
0.75625,0.03216818316969834,-0.21320078991364225
0.756375,-0.14810311787508043,-0.2696980979159947
0.7565,-0.15842477159069754,0.2557129925053653
0.756625,-0.432203189922975,-0.08280733512937441
0.75675,0.20603071892415536,-0.06110553975679745
0.756875,0.3322101118652238,0.27487356379704136
0.757,-0.28264180825600244,-0.31848788304827746
0.757125,-0.44666963251256986,-0.2039083027532174
0.75725,-0.1823682867661839,-0.046629453277105604
0.757375,0.1165461245991535,0.17813952460124785
0.7575,-0.21044172017751178,0.007518216749621027
0.757625,-0.3242894463807235,-0.34756180232921874
0.75775,-0.24024273414083622,-0.2200504238605771
0.757875,-0.36113466130269756,0.22812187530966366
0.758,0.36853596661672494,0.069954509153804
0.758125,0.5570577922819144,0.11312270666924616
0.75825,0.32768448591506677,-0.011041977733485258
0.758375,-0.21802287847906668,-0.059548271825615694
0.7585,-0.3931301374298216,-0.22224615741602938
0.758625,-0.06733437482226991,-0.3361393928185236
0.75875,0.15663258777200165,0.1040680563846514
0.758875,0.0937410553579506,0.19535082839831755
0.759,0.06391554970253419,-0.32596013741780594
0.759125,-0.07193644253780744,-0.2511019257001111
0.75925,-0.011445893608875267,-0.28220554153150473
0.759375,0.14903284423105373,0.018474255713554127
0.7595,0.07068111695415578,-0.13985872280345477
0.759625,0.32103910525029383,-0.2772703182244582
0.75975,-0.04945140954924855,-0.3593269067414674
0.759875,0.11462891474787733,-0.18473366355862997
0.76,0.23563442864982911,0.115655437103138
0.760125,0.32809185645058175,0.4072632856539836
0.76025,-0.11829358403503201,0.25031029453139747
0.760375,0.0397893581029685,-0.19626394943075917
0.7605,0.03785220696596446,-0.3583620347362828
0.760625,0.030682076661848755,0.09220165955969316
0.76075,-0.2001260008468174,0.1948749343429442
0.760875,0.3744909398117029,0.23708446835098507
0.761,0.48717603083594135,0.06139793830453999
0.761125,-0.3989311685770578,0.026928765204433186
0.76125,-0.4147637173345349,-0.10651694361533479
0.761375,-0.05679771842418874,-0.032148880965091026
0.7615,0.16644165486721285,0.11074078744727615
0.761625,-0.31411713812743003,0.20119534045123902
0.76175,0.08697830832436707,-0.19323357144303152
0.761875,-0.07701467524951988,-0.4107850649474125
0.762,-0.09364354114822002,0.1562800845548393
0.762125,0.01139306430610247,0.4924928886387137
0.76225,0.23915087286303766,0.3444255028630274
0.762375,0.13720779978682388,-0.10089961159257295
0.7625,-0.07058678052551251,-0.03221049597772591
0.762625,-0.1540133360047402,0.0028446464058663272
0.76275,0.21886598158343157,0.1771132629193304
0.762875,-0.019548431659583698,-0.015291378713994299
0.763,-0.06800544533563496,0.26479327384795853
0.763125,-0.1577768839845986,-0.1795186416404162
0.76325,0.09348626761528293,-0.20792701132563227
0.763375,0.06052246827979422,0.1900986422043124
0.7635,-0.27762031851561025,0.4205167511656303
0.763625,-0.24692170748176967,0.09258254135797511
0.76375,0.30320302942089794,-0.1161486682065204
0.763875,0.172046536495658,-0.002236858951786083
0.764,-0.005394228716828317,-0.28492231805566953
0.764125,0.12385312101357372,0.37146431118158624
0.76425,0.14409949642885989,0.036636118516253265
0.764375,-0.04854559806960296,0.17832547033717153
0.7645,-0.31757029226973554,-0.008644924359984525
0.764625,-0.49600217218355735,-0.026075653236140875
0.76475,-0.20109390320632187,0.02801942925350179
0.764875,-0.2753309812257545,-0.07977740570059048
0.765,0.3041206874457417,0.04292599162779253
0.765125,0.27591947582140114,-0.17836270761805859
0.76525,-0.20615958573080925,-0.1075382729783164
0.765375,-0.4136067261112456,-0.08427055277533811
0.7655,-0.34147375734017815,-0.27040212112725737
0.765625,0.04329009869909612,-0.0572461562072763
0.76575,0.14592190338438993,-0.05258023919133855
0.765875,-0.17871855711191853,0.2925524805556295
0.766,-0.2304186581998123,-0.1359408802356855
0.766125,-0.04902386697382993,0.14390925814844077
0.76625,0.3672656735541334,0.34373171582349166
0.766375,0.23583769981153305,0.023667660308412383
0.7665,0.5747786422893982,-0.20320490426440946
0.766625,0.08203988102169249,-0.35137285108975613
0.76675,0.12200222033661734,-0.23016311845668408
0.766875,-0.01783956352728799,-0.3124779787705766
0.767,0.2307483049284829,0.07682882037764041
0.767125,0.4367248810352689,0.1312530359490005
0.76725,0.14390444523168955,-0.267873454314846
0.767375,-0.06880257515752046,-0.4826245156248192
0.7675,0.025627985248599192,-0.4044765824514123
0.767625,0.3289199049298738,-0.14297095113188735
0.76775,0.28663351208516813,-0.029254572035615725
0.767875,0.10077454547228866,-0.2452636315485813
0.768,0.297845366632815,-0.07184811763616127
0.768125,-0.18054411252945157,-0.358569407091272
0.76825,-0.03376204685352746,0.13861340600032407
0.768375,0.22085795631024563,0.09521081337772569
0.7685,0.39096549238345896,0.17800507690684736
0.768625,0.0863491994679698,-0.0979380148155403
0.76875,-0.30515842145422006,-0.2767880529095555
0.768875,-0.21426283749734681,0.1085775655543154
0.769,-0.31351687041247733,0.3205464775635874
0.769125,0.1947559068870976,0.24737015775697602
0.76925,-0.012089682634927247,-0.019359817193203694
0.769375,0.35595429405080037,-0.10547193745107726
0.7695,-0.13918021805752964,0.13073519894764044
0.769625,0.2484527213858484,0.32120925984635507
0.76975,0.14820342242579831,0.014477776329274127
0.769875,0.5317003021583242,0.08260497004698948
0.77,0.030747707030692316,0.011929636962700772
0.770125,-0.29250426407328345,-0.08495201882430119
0.77025,-0.04624647235226062,-0.05932917438472567
0.770375,0.1532346214499372,0.2612662522620242
0.7705,0.030059447688053367,0.32648993713188057
0.770625,-0.03236803430565225,-0.03626290266836899
0.77075,0.10324837694619643,-0.22372067876453033
0.770875,-0.1420103464272476,-0.1487913036841611
0.771,-0.39595305853420254,-0.23835926581531527
0.771125,0.036469380177569066,-0.10437566016342675
0.77125,0.06208642324499262,0.2052063273253236
0.771375,-0.055058697478783426,0.1291441144097688
0.7715,-0.3626586845406836,0.1308068544489152
0.771625,-0.34085036888192644,-0.0681478185753791
0.77175,0.1300558938158963,0.11179516788611728
0.771875,-0.280434245226939,0.35681490044582176
0.772,-0.12690333398067113,-0.032058881373249734
0.772125,-0.12601111465188009,-0.08431342687389566
0.77225,-0.009201712419584928,0.05612443199514787
0.772375,-0.12676834350568286,0.35607418172523847
0.7725,0.3202588047830483,0.17786328494864187
0.772625,0.6942629908087364,0.23510600405486215
0.77275,0.00036598141566456546,0.1803791466181072
0.772875,-0.35011091137546474,-0.2817249327804935
0.773,-0.45295565081325906,-0.33671735026124794
0.773125,-0.0831598973102552,-0.08975994491770202
0.77325,0.030914679248573718,0.033791966118057314
0.773375,0.03464940921342212,0.06654238051022891
0.7735,0.0984590874407333,-0.13755297469447303
0.773625,-0.2890224464847867,-0.15660331675991793
0.77375,-0.4142971833491257,-0.05388017011236287
0.773875,-0.05080711500007602,-0.07214441028836488
0.774,0.12069504338594349,-0.07474905403281903
0.774125,-0.014149036360258584,0.166817208798796
0.77425,-0.12006589347745243,-0.32593632048617716
0.774375,-0.28193636971744485,-0.27571329866415134
0.7745,-0.16726906309529171,0.24194518734321444
0.774625,0.06970552372961587,0.36386459060973037
0.77475,-0.09428700008169,-0.17128051007088177
0.774875,-0.003883183625199144,-0.302161639166938
0.775,-0.08020647475525187,-0.4300486664947783
0.775125,0.006590810413942609,-0.14371469661117087
0.77525,0.06922014409343227,-0.06339019077378909
0.775375,0.2553341848693796,-0.19636391327914413
0.7755,0.028153019802198625,-0.008247111925672915
0.775625,-0.06738657193297128,-0.23392464533229185
0.77575,-0.02597761376825006,-0.35526027825180007
0.775875,0.2804019029345465,-0.18006120150361615
0.776,0.2785757975548248,0.18766146585081064
0.776125,0.1960862595044686,-0.021011026064608335
0.77625,-0.08137786276934704,0.0008564939995485925
0.776375,-0.12053816378531194,-0.19804515523053393
0.7765,-0.0058642897229015155,-0.06157214724307817
0.776625,0.11242078496543953,-0.03953261355995527
0.77675,0.2541697825078419,-0.09976142731948344
0.776875,0.18943428347151509,0.10285625868407394
0.777,-0.29504027603876815,-0.1090008355049633
0.777125,-0.10797810098890705,0.25137146224666035
0.77725,0.09892281751610789,0.09869454469759656
0.777375,0.18083215477897932,0.263759459435122
0.7775,0.16401535851385443,0.10509988600222643
0.777625,0.017623646832801262,-0.187550447534429
0.77775,-0.005142559490378575,-0.09324732241168136
0.777875,-0.3666297601084175,0.288920483037211
0.778,0.007495956370939633,0.12112393557295162
0.778125,0.35032904497944795,-0.00015545447998090945
0.77825,0.2499165710236175,-0.012927101806555437
0.778375,-0.3418418945334297,0.24787848878226165
0.7785,-0.22515518653694996,0.19150189589884284
0.778625,0.10113245708757328,0.11034445981597689
0.77875,0.26455666890295065,0.16884899210256055
0.778875,-0.034770899568593916,0.07893377770294684
0.779,-0.31905010797287514,-0.0479324092778803
0.779125,-0.07916581147459152,-0.13874113315317366
0.77925,0.11709863681314434,0.25051221069412444
0.779375,0.4385207327253391,-0.007152933824987535
0.7795,0.056013836033084706,0.31316185696437876
0.779625,-0.0439544376417147,-0.02616384832307841
0.77975,-0.25772278318289493,-0.05500241530943747
0.779875,-0.279982804880169,-0.17405783220263935
0.78,-0.03663530998642504,-0.12241566281020623
0.780125,-0.0522653255424802,0.2331832620029491
0.78025,-0.0426677021111076,0.23702230734163576
0.780375,0.02077698727629889,-0.3628472656603316
0.7805,-0.04206572064519581,-0.4066795691828553
0.780625,0.04937337555029584,-0.12176284864393037
0.78075,0.19238826374044962,0.1674716127157686
0.780875,0.21024911713662814,0.028654594088113428
0.781,0.04255696060507478,-0.0028456820077766244
0.781125,-0.4753019549614607,0.18925552716716149
0.78125,-0.5674719615303897,-0.20724641392879664
0.781375,0.1272746569139782,0.046122140268404985
0.7815,0.46776626149687955,0.19657351285438598
0.781625,0.26032155177223254,0.08256218524113022
0.78175,0.08720155542875727,-0.4200244563696143
0.781875,-0.07584201587563,-0.19368378966177002
0.782,-0.07122494161112884,0.23032372051922567
0.782125,0.08623127418193668,0.3755822082568706
0.78225,0.11718614927605275,-0.0168860155389921
0.782375,0.13873569732047822,-0.0957497332261906
0.7825,-0.18163180277772245,-0.14728037213905898
0.782625,-0.5143745616097832,-0.13465384223970975
0.78275,-0.24548005815679996,-0.05656535798004784
0.782875,0.2474942359300911,0.08538599351055784
0.783,-0.12191599986908971,0.039364213888065665
0.783125,-0.4685782466201369,-0.09476718296806999
0.78325,-0.3085366778191278,-0.29583035844127753
0.783375,-0.07276451489560476,0.2662864564484795
0.7835,0.19644240822663792,0.34621749787059963
0.783625,0.14968543833759662,0.16550477465031763
0.78375,0.44358894653023656,-0.24934342575098153
0.783875,0.07843532714037275,-0.15803307666984526
0.784,-0.3560172885144011,-0.12391423414178193
0.784125,-0.04818530635763676,-0.21218835859591934
0.78425,0.6752503711329909,0.26091332676910306
0.784375,0.5926141829625163,0.19596944615554965
0.7845,0.055337902770027945,-0.35375413315313037
0.784625,-0.12266875786159073,-0.4167893532575638
0.78475,-0.009085173499564878,-0.036595337980468975
0.784875,-0.13162957862039648,-0.15538955671250146
0.785,0.09200641807847598,-0.05385955931432517
0.785125,0.3721703764584541,-0.05707388142317278
0.78525,0.20390386074094644,-0.43562642518580064
0.785375,-0.0899048473005164,-0.26479596766463875
0.7855,0.14840407792790763,0.208918802139504
0.785625,0.1643826605207274,0.20906264843390396
0.78575,0.26978422380529143,0.3572268252408064
0.785875,-0.0006358247794587977,0.16353510992659773
0.786,-0.28422118501441157,-0.27805135589686214
0.786125,0.00039571935538066494,0.275651789781197
0.78625,-0.021996411677207874,0.543062964107308
0.786375,0.3245604748651127,0.31979466025993747
0.7865,0.08613466107647837,0.09798259071751479
0.786625,0.11431964011664096,-0.20095149162320716
0.78675,-0.3986214449349236,0.06895292201641144
0.786875,-0.18057574701163798,-0.1875099153385889
0.787,0.40417475958269156,0.09611116417029057
0.787125,0.6459186577011764,0.21706481229351302
0.78725,0.047790483737815,-0.05629415117355593
0.787375,0.15112571625297333,-0.05023775873806233
0.7875,-0.11786035320665524,0.06782399838270886
0.787625,0.01159241670350615,0.45082402445820424
0.78775,0.12450718471012659,0.3222951433193326
0.787875,0.3887751526939498,-0.004880619665875602
0.788,-0.08698805648430931,0.025535873784628724
0.788125,-0.33209217968157445,0.036309411537555084
0.78825,-0.272233787391174,-0.013819847444471641
0.788375,0.02880692865168287,-0.13695191449315605
0.7885,-0.01764629679296545,0.17226469783443754
0.788625,-0.011156980256546739,-0.16215960660546258
0.78875,-0.20172688873372713,-0.3730610528242546
0.788875,-0.1590803731916208,-0.33054027010187104
0.789,-0.16668898287093983,0.2307288322799685
0.789125,0.10480525384587108,0.12862366655084248
0.78925,0.052140503113350736,0.2034125131223862
0.789375,0.17124651351637007,0.007912507263809885
0.7895,-0.30812259495306477,0.20028242432530463
0.789625,-0.3104509690396782,0.26200337366564025
0.78975,0.16060260091048245,0.259387284576957
0.789875,-0.032800693812064005,0.5336881792552544
0.79,-0.1137836244288397,0.03572645263997099
0.790125,-0.32567192336317374,-0.057485213958296436
0.79025,-0.270650353229145,-0.020917296415528846
0.790375,0.24444760882212857,0.03301311093324836
0.7905,0.041828093917477396,0.02602849366727684
0.790625,-0.019886868969978735,0.05629853783032478
0.79075,-0.16835090744441208,-0.07427858586153109
0.790875,-0.47743811150250504,-0.03023438994488157
0.791,-0.34607188885631757,0.09559740855260941
0.791125,0.11750021361961276,0.019446223780667758
0.79125,0.14861980825895924,0.29834516732065997
0.791375,-0.09328469881832249,0.23924753838621204
0.7915,-0.3324427571835281,-0.5141324820292795
0.791625,-0.02634660565742953,-0.21431075494266644
0.79175,0.007711825926922554,0.2826235009221541
0.791875,0.07640263252546971,0.26734095587576395
0.792,-0.04247618297112995,-0.15121187255697144
0.792125,0.10872092258636454,-0.16632554480293413
0.79225,0.19996976069217479,-0.1558612898016837
0.792375,0.10126772606113292,-0.02009607762767919
0.7925,0.2621059596358538,0.12057113726445101
0.792625,0.633617796444991,0.12131626865077527
0.79275,0.503900903529773,-0.473345132925893
0.792875,-0.18309309501230117,-0.6060079304023072
0.793,-0.09661003555599154,-0.3700245380246093
0.793125,0.3487144787337822,0.01935182993207354
0.79325,0.36078942429621663,0.16395472783048967
0.793375,-0.047888127310214926,0.14895401367613534
0.7935,-0.006771638118318512,-0.10998911546617263
0.793625,-0.2809717809358186,-0.0695516474009248
0.79375,-0.2603206441782188,0.1432720067807027
0.793875,0.405370953370989,0.13006969752685407
0.794,0.6847128664882836,0.05093873855721485
0.794125,0.06160460877290838,0.10073300710595402
0.79425,-0.29079156918554583,0.03777060720786467
0.794375,-0.004738726816423327,0.17237233437803404
0.7945,0.24536001599823415,0.5182301832234518
0.794625,-0.13050006998519825,0.8689858668186137
0.79475,-0.020312239416860056,0.0406182776199451
0.794875,0.023348248561579705,-0.27705141012082557
0.795,-0.05400049637128939,0.01827783894361216
0.795125,-0.3678519978299229,0.27327851461823915
0.79525,-0.13903886246455405,0.15320362827127096
0.795375,0.4197722383840971,0.2364291718206482
0.7955,0.19784142867323107,0.06066113851635483
0.795625,-0.21968876038803387,-0.16881244910088383
0.79575,-0.1139360968899195,-0.22247852261637807
0.795875,-0.027516658553059715,0.12843588858829877
0.796,0.4517837188744146,0.38749248967419925
0.796125,-0.07921730508946362,0.30918595447113967
0.79625,0.1842930346823449,-0.22348551811753997
0.796375,-0.06216826158288409,0.045420136294303484
0.7965,-0.5285504170831176,0.3203154831551195
0.796625,0.07477109655690763,0.018273315313534506
0.79675,0.19690814574224288,0.09227383073793428
0.796875,0.17182174250701265,0.05442046412135865
0.797,-0.1225351238040595,-0.3273455435255693
0.797125,-0.3566341309228062,-0.34327363173760017
0.79725,-0.052894875835060466,-0.10826314703329412
0.797375,0.14396583511014488,0.3053431682481451
0.7975,0.2856118566316365,0.23374171171478253
0.797625,-0.37851115909464245,0.028240236243828994
0.79775,-0.10873133571941912,-0.0677623764915907
0.797875,0.009183445200073892,0.014684492715169209
0.798,-0.1587240923733337,0.06826260280853448
0.798125,0.01082503373452554,0.16485693425861167
0.79825,0.07003837927425335,-0.05911362517782413
0.798375,-0.5988493314989644,-0.06295903670820405
0.7985,-0.1895176804927042,-0.1930564997890601
0.798625,0.08553828854247461,0.08158023370887303
0.79875,-0.039376762984705,0.11129317827270668
0.798875,-0.008078823676579049,0.23173903185114653
0.799,-0.4107141180842384,-0.19610159286182302
0.799125,-0.28960298783543914,-0.20843184479015542
0.79925,-0.7090470747487123,-0.06992078992367695
0.799375,-0.2947288009895097,0.055608241937760816
0.7995,0.45746926800382703,0.0017712470744007057
0.799625,0.38116296370190106,0.003981167680772489
0.79975,-0.21769676755518144,-0.10487603710824457
0.799875,-0.22395310256078726,0.026749420862651346
0.8,0.04091666056064535,0.21545667415049657
0.800125,0.027908831323971577,0.16307938697050228
0.80025,0.060015745544281796,0.27125991638726005
0.800375,-0.08039406980413587,-0.3627811086978169
0.8005,0.1862326906835333,-0.49691497828942244
0.800625,0.15486723102836392,0.07817916038479308
0.80075,0.3714780748441911,0.22393455198172688
0.800875,0.4440459750509349,0.018091275240911867
0.801,0.2751290089926473,-0.3800314101163289
0.801125,-0.003697149584943719,-0.2601172827293374
0.80125,-0.35218407960466763,-0.2719094876873224
0.801375,0.08041144534826804,0.019226404227090634
0.8015,0.4824876285350371,0.23356016046980713
0.801625,0.535482287609009,0.1979999040803764
0.80175,0.190364549554109,-0.061181780228757705
0.801875,-0.22774190763518876,-0.20577062681426259
0.802,-0.005764297645304308,0.19563710800673495
0.802125,0.04223283081764854,0.3584823784604258
0.80225,0.3108696699464444,-0.0659897357358456
0.802375,0.29338521833963926,-0.0010529386229474933
0.8025,-0.16392226296227794,0.07801239062978552
0.802625,-0.46598014591676723,0.11300466091556544
0.80275,-0.06549555855598155,0.16186372828409445
0.802875,0.3508943054165006,0.22764891681555482
0.803,0.24430723989769218,0.5509029668937975
0.803125,-0.2104998282421873,0.1640955496985782
0.80325,-0.24006797921424,-0.024183131134137007
0.803375,-0.2931951411606907,-0.05209094782599945
0.8035,0.022417830303314346,0.36692255440956273
0.803625,-0.018486278202571635,0.11469873934863756
0.80375,0.3562584774310872,-0.4207709497563552
0.803875,0.012176655179192628,-0.1775107220927384
0.804,-0.33660990765534754,0.21245653039099305
0.804125,-0.17296258685678248,0.16168196469989823
0.80425,0.3873142642768821,0.033012911019541034
0.804375,0.2352470102177122,-0.1650492608329914
0.8045,-0.22750417320213565,-0.26896858147511465
0.804625,-0.10466720705341562,-0.4871929073532754
0.80475,-0.09752559307094391,-0.12395221988129862
0.804875,-0.10768329018514176,0.5662308421315673
0.805,0.19621278102714979,0.1395935906293607
0.805125,0.015515869831939902,0.07623562559459206
0.80525,-0.3956041913896675,-0.25983873487351716
0.805375,-0.46290114546493216,-0.3463810664501825
0.8055,0.24928733154626478,0.0411648769030273
0.805625,0.42658950003409485,-0.009968622784671498
0.80575,0.17999237905268942,0.39192530570721296
0.805875,-0.4653221499515523,-0.015383202211377034
0.806,-0.4299371018171875,-0.31879452519580004
0.806125,-0.24003335500844164,-0.13008156844295402
0.80625,0.029939776649333647,0.47069518232668944
0.806375,-0.12910572819222538,-0.02275152172254997
0.8065,0.06408623117705987,-0.1739546787521373
0.806625,-0.21309479831309464,-0.2596857230067236
0.80675,-0.6486722941056238,0.010415612376736171
0.806875,-0.335525301168281,0.018785743244380728
0.807,0.49998062491150796,0.2820062023137989
0.807125,0.3256982113868157,0.19028308392034188
0.80725,-0.1436346805715992,-0.07128683579564805
0.807375,-0.6630646116068937,-0.3667066243581966
0.8075,-0.22214267290164594,0.06808109903098292
0.807625,-0.10698786917640103,0.29448696895177584
0.80775,-0.13398628896984668,-0.030244101359643644
0.807875,0.3011697888118789,-0.4599021249689144
0.808,-0.23134066575080867,-0.7457295467075825
0.808125,-0.7353362720902163,-0.1618995116515655
0.80825,-0.11953852511765388,0.06421074000230435
0.808375,0.10847211463060678,-0.23445243770419852
0.8085,0.37538094114683834,0.047768330248570946
0.808625,-0.38817057960841134,-0.20856737500600572
0.80875,-0.3941570596097242,-0.592463577103461
0.808875,0.184723676437311,-0.3974015905989539
0.809,0.2294449998391747,0.17029739228160456
0.809125,0.2921079951303374,0.03391604718704418
0.80925,0.3320620092881963,-0.1064200476961608
0.809375,0.06298123654499073,-0.3360274198543383
0.8095,-0.13966114521039552,-0.29561852175886877
0.809625,0.13763204907835255,0.20400142635361743
0.80975,0.4385869071138636,0.2880015273267633
0.809875,0.3990945984955261,0.10161195809604068
0.81,0.12145205902356399,-0.31462309921749376
0.810125,-0.40954909630266245,-0.38469203200803676
0.81025,0.12038355357865525,-0.3277545554164827
0.810375,0.2591258477938308,0.4025831069057877
0.8105,0.3316995580874213,0.33217128846868366
0.810625,0.05896495001324907,-0.12332484800762707
0.81075,-0.16470409650670828,-0.3699261764022372
0.810875,-0.04169450861213733,-0.016279991097126342
0.811,-0.3330638236501023,0.38619954924168404
0.811125,0.24538049611234972,0.16785499185071268
0.81125,0.562536150684256,0.23693899846820307
0.811375,-0.053527649167759664,0.13461976550629415
0.8115,-0.36350807613731867,-0.2273748918296589
0.811625,-0.16999624872714816,0.03838186365234311
0.81175,0.07379286693140212,0.3640152248920103
0.811875,-0.07746838332397256,0.5618761199217627
0.812,0.0009365428018585334,0.12534783419507242
0.812125,-0.11447374582489482,-0.2551225837796771
0.81225,-0.1069657319151607,0.1906387990075077
0.812375,-0.06652825901552176,0.2336050487686422
0.8125,0.3655913335248063,0.26464091288923536
0.812625,0.5380268515982536,0.05440292175342352
0.81275,-0.05604020599271049,0.07894659550921128
0.812875,-0.5841954382478834,-0.10835527465267414
0.813,-0.5802691496677602,-0.20432520764922665
0.813125,-0.2360639357388533,0.1826303596992524
0.81325,0.30946941407543904,0.27906868205045654
0.813375,0.01304946645901636,-0.10023543155443831
0.8135,0.01710806949440912,-0.3115768334830801
0.813625,-0.05945216891079653,-0.13690079184043777
0.81375,-0.23248801128981683,-0.020247078492408588
0.813875,0.16757858349676022,0.007352988331953593
0.814,0.5022553351643947,0.19557290525331103
0.814125,0.03706842406831028,0.13320151984526277
0.81425,-0.31670065139202863,-0.012137482861963944
0.814375,-0.14739457535785874,-0.1250288741894666
0.8145,0.18060454157149272,0.2679348984037773
0.814625,0.1536018918755972,0.41227142564972713
0.81475,-0.007155308613237921,-0.191261310499954
0.814875,-0.164891810434735,-0.29247016609001686
0.815,-0.35442011450329997,-0.30365686450937734
0.815125,-0.21009858422355546,-0.059225967572602914
0.81525,0.01808341908558591,0.18564824855093526
0.815375,0.26536470917490096,0.02976267393859639
0.8155,-0.19512467392445657,-0.14768152857050335
0.815625,-0.49460385536576484,-0.009977484759673494
0.81575,-0.30639509139871357,-0.20917257125316657
0.815875,0.012569223370832001,-0.09751275824305072
0.816,-0.18816751244804064,0.24190970638895745
0.816125,-0.09724443715667562,0.12575084674450002
0.81625,-0.09990494929432377,-0.2778816235710097
0.816375,-0.3028420424800613,-0.02788948816903711
0.8165,-0.527089487860215,0.5110155055619501
0.816625,-0.05253895513945871,0.09556879444578306
0.81675,0.48874597215120497,0.027203118495263814
0.816875,-0.07667048129439114,-0.16471285051788376
0.817,-0.31094651326459843,-0.30771044458693
0.817125,-0.13316101727894503,-0.22003729608748643
0.81725,0.4582593624671809,-0.17273200667133037
0.817375,0.6947350126088182,0.3013583087151653
0.8175,0.23423707848851413,0.07914807393355185
0.817625,0.22567105244569519,-0.4431878160882017
0.81775,-0.3015443358087767,-0.3208392043000505
0.817875,-0.15268186527597993,0.13052308588797798
0.818,0.15878597140499548,0.07443661455786751
0.818125,0.3163552664336829,-0.17687342617345023
0.81825,0.32782129845698854,0.08349718294739579
0.818375,-0.41229647427896293,-0.47282407859675435
0.8185,-0.1502302166595003,-0.22740510141479667
0.818625,0.23983676012549718,0.3323311729818926
0.81875,0.47614727908205956,0.40584762800579405
0.818875,0.31350782314896064,0.14658817463471932
0.819,-0.05754645130296082,-0.38995915330623815
0.819125,-0.06544161635667785,-0.4067003488817473
0.81925,-0.19386320800907905,0.2471414845719812
0.819375,-0.05321134123265843,0.4388115189139692
0.8195,0.3295971968054079,0.4790071574784864
0.819625,0.5584525439771415,0.15456730999784504
0.81975,-0.6588216330764699,0.20839093256925756
0.819875,-0.27560955199357595,-0.17480494459041834
0.82,0.22539419267121955,-0.08858494369259713
0.820125,0.5702015229379054,0.48023607729348644
0.82025,0.06105468968280965,0.3489781286128557
0.820375,-0.13334626207942052,-0.06610700365622924
0.8205,-0.20182258586728852,-0.1482241395545347
0.820625,-0.016183363642895857,0.21952227528333654
0.82075,-0.08906972447796316,0.04589762725220288
0.820875,0.4219917836236826,0.15692651216369913
0.821,-0.20889695727911028,-0.035063559933509694
0.821125,-0.33971730296436786,-0.39339746075504456
0.82125,-0.1300335720831734,0.09159606768744034
0.821375,0.18590935849828957,0.009995620990633612
0.8215,0.483919219475237,0.28796347114138754
0.821625,0.13308885756969277,0.2612181901450785
0.82175,-0.6002434784119235,-0.15722180390034174
0.821875,-0.23023432018969614,-0.31817053151722396
0.822,-0.012411874361216137,0.25402579394559544
0.822125,0.2833235694235913,0.42158737117132805
0.82225,0.25059047615622837,0.14514071386622698
0.822375,-0.01389876698947769,0.020832226155782996
0.8225,-0.40384271336607536,0.04592458882132275
0.822625,-0.5714578702464167,-0.08692909906720166
0.82275,-0.15151850257425947,0.04037590044926645
0.822875,0.6730277597480095,0.12694787945207098
0.823,0.2331709752889966,0.16640432517702344
0.823125,-0.21880687901131532,-0.31084302652701323
0.82325,-0.09599505803484142,-0.43322018023919256
0.823375,-0.1832049136883994,0.2556360199305603
0.8235,0.0902614637709678,0.29811345712575543
0.823625,0.047262943105485226,-0.18923787940763426
0.82375,0.2097697781238197,-0.446807101659503
0.823875,-0.19986320013497083,-0.40008734352868436
0.824,-0.2581061305068459,-0.31183874198782674
0.824125,-0.27815691099413703,0.02207163014571119
0.82425,0.1852357911403096,0.30744885598904353
0.824375,-0.06059827901103063,0.0009794643573971592
0.8245,-0.40569672437429166,-0.40694287682278857
0.824625,-0.1295612965810618,-0.5044598151989251
0.82475,0.007010692662793218,0.020884281500177713
0.824875,0.043399466212088546,0.21639540939275634
0.825,-0.03384357687367259,0.16919634524741228
0.825125,0.12966546430975284,-0.13492088040794029
0.82525,0.05906664531892081,-0.1652639463015874
0.825375,-0.3391115438108458,-0.24519101568320195
0.8255,0.046152122663025465,-0.24042903456516274
0.825625,0.5171533432497533,0.07948386343319212
0.82575,0.6912359966508084,0.063010240740721
0.825875,-0.11473626730274022,-0.4222926896050989
0.826,-0.5006755820873373,-0.4759371231369283
0.826125,-0.07687525924830312,-0.07022618694080944
0.82625,0.2170225221211345,0.14941282965225924
0.826375,0.1817780522615597,0.050976700488697
0.8265,0.2754405223947397,-0.24400912410915218
0.826625,0.03941709526291536,-0.35369910987257563
0.82675,-0.3528475309882625,0.017064447635145943
0.826875,-0.2404125794275459,-0.27834210572703405
0.827,0.3893170547003664,0.11184952922811395
0.827125,0.4971676193448063,-0.021556230340849393
0.82725,-0.17261021215347017,-0.08624413810696745
0.827375,-0.15036158683745204,-0.7734976865110572
0.8275,0.10379396049868167,-0.02175775884674579
0.827625,-0.08881783828982885,0.5866111254408102
0.82775,0.09172462101519559,0.6540179843415008
0.827875,0.3567743295426161,0.16092140050277418
0.828,0.2537498799137942,-0.14648798790176676
0.828125,-0.3800591954945941,0.05676506833501707
0.82825,-0.39277337465974327,0.155494693576501
0.828375,0.3388880879705462,0.3771056148108867
0.8285,0.7943904617693721,0.3777153002292994
0.828625,0.22252388258587386,-0.18428501216853346
0.82875,-0.15413372818135576,-0.42985074990406935
0.828875,0.3030775131114532,-0.054094446744085985
0.829,0.3670387894928874,0.3539197747320378
0.829125,0.06262500138434865,0.4476280240655369
0.82925,0.4012337046222605,0.0686300371748027
0.829375,0.28875237600465975,-0.3448559866334871
0.8295,-0.47159643191420925,0.1723529805976929
0.829625,-0.3325867491320698,0.06740579300952784
0.82975,0.27484033702606187,0.07717286972585431
0.829875,0.5039799446547855,0.2077697107616954
0.83,0.032650557237914345,0.07218886148172161
0.830125,-0.3341935566586342,-0.23417339232058773
0.83025,-0.048105405283859544,-0.2804340830256446
0.830375,-0.0606940140493791,0.08594425613855321
0.8305,-0.2277795763159493,0.20255865454190197
0.830625,-0.23702056279289246,-0.004915113828853765
0.83075,-0.09771259874168638,-0.09801609822057473
0.830875,-0.4066289694058117,-0.09663098991993417
0.831,-0.21218225045746555,0.1725710778178851
0.831125,0.021422321458945515,-0.08854919667320163
0.83125,0.4884982273465667,-0.029761300374233902
0.831375,0.056699845197808206,-0.08701791984885453
0.8315,-0.4114689790293217,-0.38801168322479523
0.831625,-0.2799610896303474,-0.2872385793149646
0.83175,0.15312760261576233,0.17535190178274523
0.831875,0.006855731182129942,0.49902846251153027
0.832,-0.15388737799439253,-0.23766816907903068
0.832125,-0.010075190722267962,-0.2685472709066075
0.83225,-0.37869919051793016,0.007542184790988492
0.832375,-0.637381997791192,-0.08164650643787373
0.8325,-0.13846901557403038,0.01762616489367669
0.832625,0.33575522346489955,0.036323332950002396
0.83275,-0.398650013432944,0.07643210760447915
0.832875,-0.42708365869107234,-0.25534756272440595
0.833,-0.29384915698563513,-0.1940812036431762
0.833125,0.10053083242786431,-0.02557446498859499
0.83325,0.11867122298170735,0.3541368711101124
0.833375,-0.12266694226900685,-0.1045073114589538
0.8335,0.03639838846074544,-0.3252029238377876
0.833625,-0.3691107552119569,-0.08661295150687864
0.83375,-0.2490361546369612,0.03266220677038447
0.833875,0.5813616979600972,-0.08461803740469946
0.834,0.5022731016808235,0.11016176337467386
0.834125,0.09122390439397006,-0.18684407835695824
0.83425,-0.3733756001505596,-0.36899657918836576
0.834375,-0.17199985033034798,-0.42768711533282805
0.8345,0.40821667979423704,0.025063982187783794
0.834625,0.5970684374025162,0.2522218148702316
0.83475,0.016524367170350312,-0.0890193732825309
0.834875,0.16564866599103278,-0.2099439203479747
0.835,-0.05066988921496577,-0.10389457133341042
0.835125,0.06073297080783281,0.07942401040359966
0.83525,0.4282932628533501,0.0365961373437639
0.835375,0.36821294818313743,0.08400070870967727
0.8355,0.02020494005806469,-0.02096294060216614
0.835625,-0.21925811712094911,-0.229239021194717
0.83575,-0.4305816484512389,-0.04696383917003684
0.835875,0.21834949099032885,0.3108962646557036
0.836,0.3189118953553239,0.45967310080912654
0.836125,0.0015788302004168192,-0.010256148865991055
0.83625,0.2819500811104119,-0.25504765376439337
0.836375,0.125236534133961,-0.2722468456117215
0.8365,-0.10226352315736967,0.2563751663417623
0.836625,0.15432441254848397,0.18727388695877956
0.83675,0.6232786521640439,0.17691627627888104
0.836875,0.14206084221897383,-0.10978604571646691
0.837,-0.2799222366648965,-0.11209982812088484
0.837125,-0.4110840820498379,-0.04436176503337956
0.83725,0.28395558375357094,-0.0599640757573764
0.837375,0.5570384365750909,0.7665245175640999
0.8375,0.09070464468003407,0.12775467683981517
0.837625,-0.13744496503181075,-0.26380800407528
0.83775,-0.4509631718869649,-0.26513175104856007
0.837875,-0.15072529063964454,0.27113325413335254
0.838,0.03354485896864523,0.3725834617504804
0.838125,0.17117312221597378,-0.014006170745577742
0.83825,0.34747646547497013,-0.25895477028376285
0.838375,-0.47092161157049267,0.12665783201480152
0.8385,-0.36151798587591605,-0.1904502667812905
0.838625,0.16909729912676014,0.23962902767529054
0.83875,0.343019092565358,0.6030988118274527
0.838875,-0.1216067028221386,0.19675678102379296
0.839,-0.31318211744233154,-0.44664842065645904
0.839125,-0.11008211707848922,-0.3887927965236902
0.83925,-0.17256529047676605,0.21438505527663082
0.839375,-0.009151741727377306,0.3358279681507217
0.8395,0.30407377102370625,-0.12330493085819907
0.839625,0.17421439654108292,-0.08469077610227178
0.83975,-0.555275151417664,-0.30147243536712026
0.839875,-0.4940112620128264,-0.0494052605136268
0.84,0.0784997064260698,0.11235762316776039
0.840125,0.5139052378296534,0.336038568865001
0.84025,0.05928122686512429,0.20194209642305103
0.840375,-0.46012551002527263,-0.33621948611158775
0.8405,-0.28805918449415524,-0.4848476061581639
0.840625,-0.23503292881923463,0.06710248353744024
0.84075,0.02832775719342025,0.33862442029835327
0.840875,0.04935141719637804,-0.1264663874281071
0.841,0.08454679809602506,-0.11945638606407272
0.841125,-0.4582792489864866,0.07093287093487763
0.84125,-0.5426403778633765,0.001210488028478736
0.841375,0.09003106832325326,-0.12552203259296135
0.8415,0.44809133833446735,0.5035470463948654
0.841625,-0.038726339045616585,0.08592857167272394
0.84175,-0.20996526567497417,-0.31956660490106936
0.841875,-0.17179416430435204,-0.33386750647010804
0.842,0.15044980948328796,0.06682261944333011
0.842125,0.18943351226448044,0.3387197808867446
0.84225,0.4888063027115874,0.04256767649425369
0.842375,0.5237443037935883,-0.31279594564356794
0.8425,-0.05569165627958208,-0.18803956772048494
0.842625,-0.13553570475033652,-0.4041901763632082
0.84275,0.22188041381519483,-0.10455369543140228
0.842875,0.7045866053056631,0.18938473746758389
0.843,0.4232855924777009,0.03323226562704047
0.843125,-0.26762554942158406,-0.2063395133951615
0.84325,-0.005963863774810016,-0.4654984287073827
0.843375,0.1160754980220631,0.015736895099740713
0.8435,0.039130120255594925,0.5206308395841754
0.843625,0.3379422216392614,0.31129675567293846
0.84375,0.20434623478856695,0.09554304698872716
0.843875,-0.01905064787732541,-0.06272224440017855
0.844,-0.2769211647545928,-0.09601088657928954
0.844125,-0.03456260281928576,0.26953891949847564
0.84425,0.3766759148449603,0.523217506347727
0.844375,0.3495509573212605,0.5188482017202827
0.8445,-0.23855312560101424,0.11233291975802974
0.844625,-0.24342285899162264,-0.6153622813741237
0.84475,-0.30652267834120367,0.11227958172672714
0.844875,-0.14085726494588519,0.4549311007735424
0.845,0.03158575253604264,0.5015989470387776
0.845125,0.49684764880518045,-0.24169973367177883
0.84525,-0.04187300530505471,-0.10252106293704671
0.845375,-0.1620820514152501,0.12483573969107763
0.8455,-0.047636576749132756,-0.09377216389935583
0.845625,0.787145645988578,0.21323344607003128
0.84575,0.5349972847432013,0.24144501166677715
0.845875,-0.18039491233745442,0.016140747747184905
0.846,-0.33051240985145897,-0.35306797913717103
0.846125,-0.07306786516824626,-0.05780641379787198
0.84625,-0.04302152942907239,0.42698317716881856
0.846375,0.19600207750043527,0.11668705302945868
0.8465,0.20330180712792353,-0.45120721383661483
0.846625,-0.004461639990588391,-0.031336696611865056
0.84675,-0.4575931793741291,-0.10137468549393427
0.846875,-0.5222660012469609,-0.14269504903330776
0.847,0.42509206629671237,-0.13659371216213187
0.847125,0.21267758851147375,0.35513907585884585
0.84725,-0.1996297232654894,0.10127868288723915
0.847375,-0.43250909160104506,-0.12198913342721086
0.8475,-0.09033422463588135,0.06435267185185636
0.847625,-0.19512772049495383,0.461184412873049
0.84775,-0.08469334885577091,0.39055451413482095
0.847875,0.198958523129673,0.09185274273673455
0.848,-0.04907263155097504,-0.33213064387236524
0.848125,-0.22009664999653938,-0.10171462484316751
0.84825,0.1798791419830851,0.1678313546803585
0.848375,0.4692577343057899,0.14232259110156578
0.8485,0.23916932584545805,0.07902943627181565
0.848625,-0.15514977296940527,-0.12268090942659415
0.84875,-0.35954676572895145,-0.28383493922990893
0.848875,-0.48409519437227533,-0.11506573157371171
0.849,-0.1790557057064913,0.11215833772096334
0.849125,-0.20354196781360992,0.3726459215216732
0.84925,-0.22002753920092868,-0.05981087689787175
0.849375,-0.16295897420324734,-0.25704099875502756
0.8495,-0.0958670124990666,-0.21403146380978388
0.849625,-0.3817121524577741,-0.031881957366658255
0.84975,0.1461586338556731,0.10515889424277496
0.849875,0.18448890296290202,-0.026610121603328447
0.85,0.03287357812155432,-0.12983074252412888
0.850125,-0.3424385109232963,-0.32858040254938303
0.85025,0.23465427541262104,-0.19906185736696963
0.850375,0.25061607457615476,0.5498895736961816
0.8505,0.17565931034521468,0.2946468546552415
0.850625,-0.04700758214600906,-0.7113063826456352
0.85075,0.011619964815827942,-0.6039608058710455
0.850875,-0.1684575564706213,-0.2761482627907965
0.851,0.1927774845673154,-0.12115612171906999
0.851125,0.3860106491183353,-0.4798932906118153
0.85125,0.33766494127271784,-0.29949932374419114
0.851375,-0.05542953691135774,-0.0017925576484676606
0.8515,-0.6040440175471181,-0.27663512305236415
0.851625,0.013700512044943878,-0.1487825737365748
0.85175,0.25254366876120854,0.19991364401865072
0.851875,0.2748580489715932,0.3764191960361674
0.852,0.09256961052952244,-0.2014657307414709
0.852125,0.026598157349033674,-0.3931329787457976
0.85225,-0.19220724664169145,0.014399996955891625
0.852375,-0.2683767423562521,0.16982728619396736
0.8525,0.19245054191171557,0.35457834333481786
0.852625,0.6941220688634119,0.16357847813809953
0.85275,0.012516634994375452,-0.08179864739840936
0.852875,-0.7237232290303708,-0.47641233454586585
0.853,-0.12904735632400616,-0.22368413331549886
0.853125,0.36714153410174827,0.2316450568289194
0.85325,-0.21639917624085256,0.4804692402805442
0.853375,0.22410393470227188,0.17192089797233873
0.8535,0.012026202603815218,-0.38954730313388963
0.853625,-0.21274979691875812,-0.20935833099949566
0.85375,-0.1000401225059772,0.4305695463654747
0.853875,0.26302858051138384,0.5447451383403779
0.854,0.5075445888439902,0.20513045743688818
0.854125,-0.20474487931870566,0.06655310409125544
0.85425,-0.7308093504455337,-0.04728328369812567
0.854375,-0.17048928843671446,0.014401596144307506
0.8545,0.3174664950382454,0.23237618536503316
0.854625,0.27250523129739324,0.3700895786700927
0.85475,0.053054417370524555,0.08662094702370972
0.854875,-0.39010742316706937,-0.5198654465856897
0.855,-0.46249225459700105,-0.146823349342117
0.855125,-0.3169769132926114,0.05541258453546509
0.85525,0.14386825400946043,-0.012741317934487524
0.855375,0.4311594806275286,0.17776510272086005
0.8555,-0.2117341486473857,0.05511838701790269
0.855625,-0.42921012846097295,-0.27502732333876206
0.85575,-0.4951159827812701,-0.33279829640934405
0.855875,0.15515009664272245,0.26800283868474406
0.856,0.16841403893681028,0.4664697707935062
0.856125,-0.050691393159005095,0.038895789403394804
0.85625,0.029527190460230453,-0.31018679267500865
0.856375,-0.14972361392690817,-0.22008153682469184
0.8565,-0.28321643855587436,0.08616880040441365
0.856625,-0.11219248374792071,0.29238750436346994
0.85675,0.18555086245146657,-0.2665974888660826
0.856875,0.045522560056885805,-0.17184906465598848
0.857,-0.3093371517372919,-0.06136338296472385
0.857125,-0.6158153503969299,-0.2652504861207189
0.85725,-0.18168245352063087,0.1958173220301982
0.857375,0.4559708027832076,0.2233153026845308
0.8575,-0.08515208984776028,0.0745108659584093
0.857625,-0.33845255590450274,-0.4630625680686069
0.85775,-0.0996881377399931,-0.4867304574243876
0.857875,-0.415750964701046,0.01776363439110242
0.858,0.16579191632149348,0.17839540735146536
0.858125,0.5682202196370157,-0.08735900157513643
0.85825,0.06154034283806016,-0.06494497676131454
0.858375,-0.3459792625092818,-0.29380689735750304
0.8585,-0.2477195681187987,-0.2609004380123672
0.858625,0.3402307392970661,-0.08041969009088337
0.85875,0.34029566340752393,0.04253194472320011
0.858875,-0.0771549417914487,0.18030072238602243
0.859,0.21388267843776684,-0.32113746173507807
0.859125,0.10652981105587261,-0.6864141824035749
0.85925,0.13440217617291333,-0.21102090238352933
0.859375,0.25451145788695995,0.05343978787719706
0.8595,0.7465477465214508,-0.11813114072471834
0.859625,0.6014161599610903,-0.18395203432389054
0.85975,-0.3793077438438297,-0.3160938235999895
0.859875,-0.1684681292879633,-0.09363359865692644
0.86,0.22796389999929356,0.15631652910323426
0.860125,0.6357961863337972,0.5977266350077988
0.86025,0.1779874384784947,0.30958705841698775
0.860375,0.08618783430448997,-0.21478594019822425
0.8605,-0.13045896560839396,-0.4706211499790491
0.860625,0.10560692882268981,0.18610577481771995
0.86075,-0.1984701827823986,0.06094870843620295
0.860875,0.10215103210377957,0.012916804240882682
0.861,0.19213413144843228,0.047450900784046714
0.861125,-0.27604393763094,0.12794265622735856
0.86125,-0.6959717905832794,-0.21296269605714757
0.861375,0.02996039964937487,0.18447353737626218
0.8615,0.43666623963701,0.38108000089703326
0.861625,0.06739327255627146,0.4675511775451243
0.86175,-0.11686671683606567,0.05385023177926249
0.861875,-0.1737399960189422,-0.25767767186320484
0.862,-0.16292929936682574,0.26287291168109894
0.862125,0.14966398130141798,0.5095378027931852
0.86225,0.616158845310954,0.10852039090056334
0.862375,0.32039532096353457,0.10191959556452218
0.8625,-0.15922495171888537,-0.032873346679722144
0.862625,-0.48055076440748423,-0.2549061468271065
0.86275,0.09083360788252852,-0.05687636514046968
0.862875,0.3208059333530523,-0.07173307468086342
0.863,-0.016864529798503895,0.31270035096650795
0.863125,-0.0977626674190689,-0.22219884575095758
0.86325,-0.258393614454174,-0.4061127498375991
0.863375,0.14037286445860403,-0.10978035098547388
0.8635,0.06928877664347234,0.22919799993529832
0.863625,0.2178919838378156,0.2917823439292651
0.86375,0.14478846136885248,-0.23987644467270414
0.863875,-0.035143665106411266,-0.19734913517250494
0.864,-0.5045845019692425,-0.00925758860783584
0.864125,-0.2619018459663173,-0.006448393994335839
0.86425,0.5978197550078448,0.4587054331689532
0.864375,0.13170253089368053,0.39306369828662446
0.8645,-0.10733247934452352,-0.18368350304195213
0.864625,-0.48053131620208905,-0.30424737742753977
0.86475,-0.24907888495644687,0.2789332591444535
0.864875,-0.10248404004125304,0.16025074809112277
0.865,-0.026921918594938355,0.20377724879969591
0.865125,0.13384069295062972,-0.09451443118304148
0.86525,-0.277742010469109,0.07410675765122901
0.865375,-0.6584124441794725,0.014116036137901812
0.8655,-0.24196712569906959,-0.08942272567582152
0.865625,0.21570774322587152,0.08603385700079236
0.86575,0.11255025919186373,0.10265251908635808
0.865875,-0.3800654148160219,-0.17572007042464413
0.866,-0.6761719379973858,-0.532536880622908
0.866125,-0.15899851975510512,-0.20738336013827158
0.86625,-0.3934847700997921,0.31799043422862894
0.866375,0.29018031464854344,0.09554179695026818
0.8665,0.16355304984189825,-0.3124780384139001
0.866625,0.05926084927439333,-0.19607288974521908
0.86675,-0.6960890815273653,0.07127428780569417
0.866875,-0.19118820910688303,0.04043502191358784
0.867,0.5070595642767091,0.017614591692119295
0.867125,0.448790219735795,-0.1068389668693556
0.86725,-0.053522772128086135,0.01353902189234418
0.867375,-0.2519096300876647,-0.6593177477952313
0.8675,0.003158896681399112,-0.41641539505155567
0.867625,0.1329409475248763,0.38324188129608616
0.86775,0.3560412493872451,0.19299408409839477
0.867875,0.30452698635657016,-0.3490194410698549
0.868,-0.1910111925348338,-0.5971586834790973
0.868125,-0.36690937214341335,-0.1751955954694196
0.86825,-0.308145376820062,-0.16124632150463347
0.868375,0.4001230668758539,0.09381590545089089
0.8685,0.5013538917257909,0.21956553445961488
0.868625,-0.286565138813438,0.22658934931299898
0.86875,-0.10865438686215775,-0.27061752558392366
0.868875,-0.02543957933055181,-0.007531775780947482
0.869,-0.0024391532172620307,0.37702759220080995
0.869125,0.24667204374434828,0.20660875870392117
0.86925,0.18053915959973632,-0.04625022691133569
0.869375,0.332639331704101,-0.3004029874559502
0.8695,-0.03672342934011384,-0.037346732288945125
0.869625,-0.4262698813557016,0.06539784792698146
0.86975,0.351954861097275,0.11301487757576084
0.869875,0.5928325505296567,0.17132362506101168
0.87,0.1339627809631948,-0.026498643204924788
0.870125,-0.08184838991335482,-0.5879820824850817
0.87025,-0.18632150066327255,-0.28983943806509127
0.870375,0.19095398977426967,0.5600864096254953
0.8705,0.013393902383134735,0.4036336881997105
0.870625,0.036060572412114585,-0.09174466509333269
0.87075,0.32814213979841567,-0.3235281440325773
0.870875,-0.2729573231827018,-0.060472234939965154
0.871,-0.3661753272177199,0.12421384000225984
0.871125,0.1138794179968253,0.05107995469585649
0.87125,0.5266649997702797,0.15906407615007717
0.871375,0.22639601118196015,0.1635906626721792
0.8715,-0.4345431106967229,-0.34646611525492016
0.871625,-0.12450235128125889,-0.2895808151804764
0.87175,-0.009421716250306723,0.6364611108647976
0.871875,0.23477774776707622,0.5621470974583895
0.872,0.2489174733737431,0.25016531917491674
0.872125,0.14910353576998225,-0.11877436963078074
0.87225,-0.28334817656510863,-0.08892156184852049
0.872375,-0.5931647400562757,-0.0017825624915999176
0.8725,0.005166916840935638,0.19795314418376925
0.872625,0.5836205406423596,0.18195387255057593
0.87275,-0.052326716679751674,-0.016944136851866822
0.872875,-0.3703395312805399,-0.344593562740012
0.873,-0.17067634032859083,-0.3031878796489706
0.873125,0.0033739957021842086,0.1447203760140323
0.87325,-0.004012656445530034,0.4325691079929022
0.873375,0.10107439725925928,-0.17225386971085654
0.8735,0.20306126075239128,-0.46984986097422105
0.873625,-0.12315592100723102,-0.3690503916117542
0.87375,-0.38005862108128474,-0.16642726688418846
0.873875,0.16214194840457094,0.03300543784904144
0.874,0.11425183956748429,-0.03171867798433352
0.874125,-0.06555610055210638,-0.03746128255112099
0.87425,-0.21118469365722564,-0.30500156503900255
0.874375,-0.1746873870632305,-0.48835478087111833
0.8745,0.14728742979463,-0.03888287850637079
0.874625,0.39163641313752445,0.3816822865430714
0.87475,-0.07097713459320051,0.07306310822089314
0.874875,-0.2805696204530847,-0.4812551273877859
0.875,-0.29521843414443,-0.533209791603754
0.875125,-0.12764092890464734,0.06946159127549549
0.87525,0.3012027907524625,0.0200086978355849
0.875375,0.524120843882394,0.27125716259920646
0.8755,0.08432243244944172,-0.1271842431333783
0.875625,-0.36600762796679187,-0.3683227858057445
0.87575,-0.17372206060321424,-0.08857520269441621
0.875875,0.08947063820726836,-0.179300023221054
0.876,0.47419145495816684,0.2127899024136055
0.876125,0.33156355174249946,0.0029392172033294987
0.87625,0.19024357227257774,-0.4978484102497164
0.876375,-0.0340874839823497,-0.20525611161259977
0.8765,-0.22966364965642747,0.4389026314180179
0.876625,0.2595304668777747,0.18056462630817674
0.87675,0.5433625434987084,0.08065710584185809
0.876875,0.12703902225585278,-0.25002069525089615
0.877,-0.3241609855083248,-0.15892016927693445
0.877125,-0.30848027374388665,-0.16136061870032506
0.87725,0.3663728479498666,0.31182229467824246
0.877375,0.39562988540656485,0.4992737008031304
0.8775,-0.027824862749054664,0.21276635251412085
0.877625,0.28080819128782564,-0.22190583939088443
0.87775,-0.2147114666754969,-0.14165699718969607
0.877875,-0.3444297062870374,0.3968375634913049
0.878,-0.08194024319657887,0.275828853143203
0.878125,0.21375350868494197,0.25829627602366617
0.87825,-0.029716999119306954,-0.00975150088085739
0.878375,-0.22871164744351036,-0.05720835224674092
0.8785,-0.5746546676578163,-0.019167357872045317
0.878625,0.10762910155151101,0.13746293001400695
0.87875,0.6048876328345169,0.249281663799851
0.878875,0.2434847593959618,0.14373221159737465
0.879,0.2784717143423349,-0.5059195282007116
0.879125,-0.1302823450525588,0.047732972221545406
0.87925,-0.1177779057822539,0.27237879969590023
0.879375,0.3249207546039266,0.33836665157298
0.8795,0.3029138645101066,0.2662518553851998
0.879625,0.3945421624257944,-0.05342930242478673
0.87975,-0.5503059826069416,0.09534622398252639
0.879875,-0.2949419247885875,-0.1055501655235822
0.88,-0.03006220817791474,-0.0066153432672994015
0.880125,0.03697336509258905,0.15002944193867948
0.88025,-0.11565255297111288,0.12102679474425718
0.880375,-0.5420478458022692,-0.3898386235098981
0.8805,-0.24137178546895935,-0.15694453310991804
0.880625,0.008607482596802605,0.11400781160144931
0.88075,0.12404317216382452,0.4312550929058056
0.880875,0.3871669709189372,0.06673824649189108
0.881,0.12828371162658025,0.0641341229277263
0.881125,-0.4829427790407019,0.07555930359177238
0.88125,-0.9177132785144771,-0.03366436795427529
0.881375,-0.14364931939246348,0.013476995471399796
0.8815,0.2773948637081387,0.5175054723421636
0.881625,0.011547461941559046,0.3042484655051379
0.88175,-0.11914475225709703,-0.3051832800771923
0.881875,-0.2627558664902753,-0.52118924538732
0.882,-0.2707864485486157,-0.05936815085748077
0.882125,-0.1893153321476635,0.27190353953812735
0.88225,0.17630005234363855,0.09057704112347932
0.882375,-0.12164511369637974,-0.22111709886403186
0.8825,-0.29490672527010964,-0.26453428511392546
0.882625,-0.8268779620082717,-0.13441723379521445
0.88275,-0.27436581160893936,0.17849642035978258
0.882875,0.1447707430252717,0.03510648141999189
0.883,0.1535603806663025,0.16672288858847828
0.883125,-0.1575782354343063,-0.22444674203411344
0.88325,-0.06128092989096483,-0.42878934947618874
0.883375,0.0317848798890315,0.1970986257613838
0.8835,0.12265415113532344,0.23571498300944138
0.883625,0.16387024619918164,0.11175465366359957
0.88375,0.1132996539969562,-0.2311982255375365
0.883875,-0.0669004004490217,-0.06520159236885535
0.884,-0.5281491913381986,-0.22131559709388085
0.884125,0.4335503072426585,-0.3306816513225812
0.88425,0.7697621893300803,0.018052662496982157
0.884375,0.11525129571608317,0.06631751028149792
0.8845,-0.20236054529778438,-0.2820633870121166
0.884625,-0.10192761095531953,-0.6076178582928219
0.88475,-0.016279733236730168,-0.1223246498088133
0.884875,0.206527056963215,0.14516166629236
0.885,0.4721562443385921,0.030022340126897685
0.885125,0.4486717484632704,-0.2785052900918425
0.88525,-0.2653407108102317,-0.1728822977154988
0.885375,-0.4111711422659493,0.08863465804921113
0.8855,-0.23909886996511276,0.2531371939806681
0.885625,0.19063612233554986,0.1465122564082698
0.88575,0.34055424094914044,0.32922763248106074
0.885875,-0.15937825430971977,-0.1341421254547818
0.886,-0.23175248321269143,-0.28423449046840643
0.886125,-0.027079741064673094,0.19798455144315963
0.88625,0.18206850880826564,0.39765169076295653
0.886375,0.007622047375066508,0.29603239226342604
0.8865,0.5162666934636297,-0.12977013814650115
0.886625,0.01138726059938298,-0.22101098981726058
0.88675,-0.37332669549746034,-0.3343661211759916
0.886875,-0.2626824140722714,0.12651693829229055
0.887,0.1134986039263541,0.3203293560943484
0.887125,0.28071292905425455,0.20890875498246314
0.88725,-0.12768459588246148,-0.03160176033868736
0.887375,-0.09883024147281408,-0.37783947997212
0.8875,0.19060947130859543,0.0002542301982857827
0.887625,0.15457567258226468,0.30486134906102613
0.88775,0.23553870634687285,0.2606706324572361
0.887875,0.25722434048916276,-0.00918187071568773
0.888,-0.0071203794143412935,0.005358398934454786
0.888125,-0.42035753726971253,-0.0430649160821384
0.88825,0.0272510865779999,0.1659774955079506
0.888375,0.20678961346740832,0.20385566687162812
0.8885,0.39812476409084974,0.3795817004336676
0.888625,-0.20170965538424837,0.08838838597686195
0.88875,-0.48396103640569504,-0.29388522110569276
0.888875,0.08848752322394465,0.15373097377314454
0.889,0.0009534379372769804,0.25860397294029147
0.889125,-0.030019588950582914,0.37214830186437686
0.88925,0.08378512279530606,0.02673988819697078
0.889375,-0.017082743802216003,-0.2285227846464082
0.8895,-0.2653823307403896,-0.005143614767182984
0.889625,-0.4571048894688424,0.0649732441390876
0.88975,-0.12498364959403402,0.12246768890468993
0.889875,0.3021899343899503,0.18291215168992767
0.89,-0.3261439127523502,0.02941262768419565
0.890125,-0.45195421535541325,-0.526113633588493
0.89025,-0.09586744826482961,-0.13301011116004205
0.890375,0.14062398915763086,0.2447473043287583
0.8905,0.24729699293440954,0.08286105047028362
0.890625,0.09204939023403368,-0.31601906814705183
0.89075,-0.3377270092631657,-0.23532248650176527
0.890875,-0.3469482076371466,-0.3444603594104241
0.891,-0.30061854450844366,0.30117807362138377
0.891125,0.37054337409313487,0.03437204193076328
0.89125,0.7072816290679579,0.14804007040317307
0.891375,0.04294182917740638,-0.14431348526494747
0.8915,-0.23015104018100366,-0.2644098829492218
0.891625,-0.05793772484252725,-0.36816456205951736
0.89175,0.19663039049898884,0.10375193843622534
0.891875,0.02986117991689607,0.15501064791997743
0.892,0.035348925664647916,-0.22033596092208774
0.892125,-0.1405555395581881,-0.4393216165413714
0.89225,-0.38943709302776064,-0.295318197977897
0.892375,-0.0349038529665731,0.1549243028138043
0.8925,0.41950362597347945,-0.005391407434174399
0.892625,0.41060895720555896,-0.060478051431194245
0.89275,0.1710448685767617,-0.37692387249937653
0.892875,-0.21341209117072354,-0.46303678389511915
0.893,-0.26351084700636684,-0.44938365533996966
0.893125,0.024641567096442003,0.46114151490143157
0.89325,0.13633399035633584,0.36025039722448576
0.893375,0.057029950598227144,-0.11726131071372907
0.8935,0.39088622366421566,-0.24433901028062188
0.893625,-0.06765727343510437,-0.25884985284731243
0.89375,-0.06478293057665174,0.06579457458257613
0.893875,0.18193949243918303,0.1591055574926157
0.894,0.41201857301717787,0.21343444373870823
0.894125,0.17717015843349235,0.023806881103171803
0.89425,-0.3075493120489451,-0.2143196857237871
0.894375,0.02273567215901332,0.09197003021938951
0.8945,0.34025860399196595,0.3301989889540235
0.894625,0.21560764670293903,0.3764896537790511
0.89475,-0.18418646928693133,0.1926176890315892
0.894875,-0.1686080114861019,-0.12452810603578417
0.895,-0.221693311858349,-0.06241308122471366
0.895125,-0.5661041054242425,0.19122636713387192
0.89525,0.18251695317379824,0.11036349021037684
0.895375,0.2935313208141367,-0.013452917577683276
0.8955,0.3266937895968697,0.17232330205719001
0.895625,-0.383656593904181,-0.11134073077178182
0.89575,-0.3275024472176065,-0.20661903012901575
0.895875,0.6626280926729603,0.29424485227496056
0.896,0.39430364209211016,0.2892250898548135
0.896125,0.2926279465637396,-0.1748342153282193
0.89625,0.028144525053731797,-0.21575466233686902
0.896375,0.018687791566154795,0.006342363374497912
0.8965,0.0057950423632801285,0.3645579298540668
0.896625,0.14632471964000396,0.03516380149893218
0.89675,0.10697297060057837,-0.11281257851166701
0.896875,0.006460561159489311,-0.15398606307958954
0.897,-0.47674247936693276,-0.23930152979907587
0.897125,-0.3199166278367867,-0.26793165729468577
0.89725,0.32340357259704977,0.2430507220570049
0.897375,0.07557158060423243,0.3809697261792962
0.8975,-0.1688598122164203,0.1027333951761031
0.897625,-0.05504750006641837,-0.12528909599876664
0.89775,-0.44408812017038535,-0.0749391019068009
0.897875,-0.3858070732563302,0.24232117600144282
0.898,-0.11137862543557858,0.25217190532566236
0.898125,0.08055492749910237,0.28657168090792756
0.89825,0.15588613602377702,0.09053892879518663
0.898375,-0.33659029356416487,-0.19574281594304366
0.8985,-0.42750321591728097,-0.18004740542528583
0.898625,0.2598900782478484,-0.13246107997093742
0.89875,0.17958676718356006,0.1589834633279227
0.898875,-0.05874361882794319,0.03817849184637079
0.899,-0.2960342221006603,-0.4849819464453384
0.899125,-0.21331454344336348,-0.30207018531732577
0.89925,0.026063514752127818,0.1891059579205743
0.899375,-0.20072961290049499,0.3343264625876541
0.8995,0.24232751936523106,-0.0938826850775566
0.899625,0.3430850644849653,-0.16986480107028265
0.89975,-0.15436253279172035,-0.31809711252877493
0.899875,-0.567884209457293,-0.37392999493818446
0.9,0.16201221330938811,-0.13591872419521156
0.900125,0.5415365957912868,0.16232696758908652
0.90025,0.1681512221476284,0.1788055921542909
0.900375,0.03046082556875857,-0.10376524414828536
0.9005,-0.38112307341622204,-0.3005500625610732
0.900625,-0.1805573513774159,0.14162719305871233
0.90075,0.3156402113771823,0.14365431005703796
0.900875,0.45202521693522213,-0.15982160941221416
0.901,0.17988582111044604,-0.10083272514331927
0.901125,-0.13154301135738264,-0.10047391342888509
0.90125,-0.18771970907870228,-0.28684047667234236
0.901375,0.044946740379727936,-0.17534730973441506
0.9015,0.4846801204704846,0.08900213100871959
0.901625,0.29364076528997823,0.02443584709897299
0.90175,0.00975481166638499,-0.40121097127861544
0.901875,-0.16492809740374717,-0.6097872327050313
0.902,-0.0064455425855481354,0.14786281573285512
0.902125,0.19623946094337621,0.23835993096223462
0.90225,0.27931551840267804,0.12802626863276118
0.902375,0.19819867479182943,-0.3152162990531104
0.9025,-0.08571791723336594,-0.46372580401794194
0.902625,-0.48232417910745407,-0.323856603605228
0.90275,-0.42314837772799985,0.32117848214020794
0.902875,0.5293216059454374,0.46465312481691284
0.903,0.09978513841636684,0.38008081168221874
0.903125,-0.10946219151344247,0.007891607523852883
0.90325,-0.3842627509130168,-0.01707470422024151
0.903375,-0.21756636195064288,0.19551953570621403
0.9035,-0.21563903074702623,0.5376438392602069
0.903625,-0.06452024385078144,0.20766192259917368
0.90375,0.15908337616205973,-0.11913898698751639
0.903875,0.1640234654342185,-0.09423794976707293
0.904,-0.33605961814373736,0.009284939243143586
0.904125,-0.07956398937045861,0.08899877818157986
0.90425,0.5117352134506223,0.3365203267135689
0.904375,0.40005550917991706,0.24313243859549674
0.9045,-0.14032397131064708,-0.22305213524062537
0.904625,-0.1251126453713612,-0.36515106832209476
0.90475,-0.38980086738027475,0.08377705161878012
0.904875,0.0015082346364649621,0.18136663534894013
0.905,0.023110343342622137,0.14393813913482323
0.905125,0.09634403551619711,-0.05241922016242614
0.90525,-0.1764390763935499,0.02078859769066165
0.905375,-0.5459162217065886,-0.11322647014432465
0.9055,-0.49922252937771894,0.2097537940033188
0.905625,0.28457720031814987,0.45869668419997006
0.90575,0.06587811833201335,0.3858367615907256
0.905875,-0.20247762905186653,-0.12492482269520372
0.906,0.0055472707201863385,-0.248805119390874
0.906125,-0.0913754057419077,-0.08295307334129794
0.90625,-0.012314123032316958,0.540104208650209
0.906375,0.02865943721098578,0.35045354219968083
0.9065,0.16834703029155137,-0.04088929124617615
0.906625,0.0014182438068611595,-0.3100321904199223
0.90675,-0.24883418332658766,-0.16646176402365864
0.906875,-0.34085009249760867,0.11540785550298421
0.907,0.458582568081425,0.19256413139243686
0.907125,-0.19307963314747725,0.018541142452415022
0.90725,-0.31251549388926286,-0.3747589528854006
0.907375,-0.40013476646760204,-0.14831557334229253
0.9075,-0.24067782555736433,-0.185871543268664
0.907625,0.2597483065712311,-0.047378451844768694
0.90775,-0.09983359525346813,0.2291807843336801
0.907875,-0.01919792852784345,-0.320690909257408
0.908,0.0497032085060425,-0.2142572067463801
0.908125,-0.26961008072891957,0.00504635089487669
0.90825,0.08513497465266048,0.195824752209731
0.908375,0.19727333554905033,0.02997640070078913
0.9085,0.15845430866520183,0.2347234369441627
0.908625,-0.0563126841798772,0.3196190549610874
0.90875,-0.1414280946445783,-0.10697248899801608
0.908875,0.30936310242006415,-0.11027880661067156
0.909,0.057030152771491524,0.1844834576067588
0.909125,0.2554564417699006,0.33955749374643046
0.90925,-0.020396869335561004,-0.3376374450983613
0.909375,0.06090512013277176,-0.514057405772904
0.9095,0.014500915407464985,-0.20611677794927494
0.909625,-0.0647654013544407,-0.04277446690364523
0.90975,0.2830686861011308,-0.04498659171283732
0.909875,0.20242386968819132,0.04889914469369354
0.91,-0.021035952151586,0.15700378620251312
0.910125,-0.3562657508564918,-0.17744598217049296
0.91025,0.1483918482288384,-0.07602845298085882
0.910375,0.10952217891200527,0.34288338515449135
0.9105,0.1715825164287944,0.24100181609656032
0.910625,0.04917706410823408,0.008063623173236084
0.91075,0.15488258250614395,-0.22359528537601803
0.910875,-0.39287116074161943,-0.00517771221228342
0.911,-0.25171531865767743,0.4348182798506867
0.911125,0.14970482662456017,0.04797428386068894
0.91125,0.45434659816879064,0.11589623560212202
0.911375,0.2662854138484314,-0.07788769641597186
0.9115,-0.2122913718824169,0.09520569895738965
0.911625,-0.11519369640430975,0.11554369526865871
0.91175,0.4118846489859947,0.48925330641029685
0.911875,0.29529594791909475,0.1982519168193535
0.912,-0.13648410626129034,0.03332218294817468
0.912125,0.039279849852820875,-0.3113300863137864
0.91225,-0.2355998160099477,0.021029161725841697
0.912375,-0.2580363454002798,0.2283689806855805
0.9125,0.014216573054476708,0.2534172237769806
0.912625,0.5519986795122136,0.1191217393215542
0.91275,-0.17775021200403748,0.12258107101255637
0.912875,-0.25940541567577724,-0.38983963578510017
0.913,-0.031766161164428056,-0.2040019118072795
0.913125,0.47206627543290997,0.10389207396551899
0.91325,0.12366733709926658,0.44300565795667035
0.913375,0.0752384783865058,-0.08418901018353234
0.9135,0.003938053430839237,-0.10685858236067676
0.913625,0.09447011249737264,0.010544655682182383
0.91375,-0.0943468821587145,0.2524940851170899
0.913875,0.04545854235528756,0.23208450298391595
0.914,0.42247837664561827,-0.1458530308196558
0.914125,-0.1881714429707997,-0.000352596284658912
0.91425,-0.46224678679492937,-0.11803142739336596
0.914375,-0.3238389990082186,-0.20114456653338858
0.9145,-0.16710121796249372,0.10897097052838639
0.914625,0.13744880881930835,0.34743008559016336
0.91475,0.015176574855188082,-0.16549674432738487
0.914875,-0.0657431474307774,-0.38512136846250067
0.915,-0.2108981179476982,-0.12730696615030715
0.915125,-0.5938119584446467,0.03413606678603983
0.91525,0.02909073910476355,-0.036993739294761026
0.915375,0.1654257342262651,0.04501999616109378
0.9155,-0.21192434067303478,-0.03836324630614426
0.915625,-0.5251284886575933,-0.017780521012755287
0.91575,-0.16971780011824986,-0.2062111359136754
0.915875,0.041937923041612715,0.10032499055289294
0.916,-0.0024980925865832502,0.06333369765512209
0.916125,-0.029612145580227584,-0.14207919393336405
0.91625,-0.1661854002021342,-0.439757836948868
0.916375,0.08908577295154617,-0.20444850737637713
0.9165,-0.10817290608091283,0.3566174866285126
0.916625,0.05254504170382653,0.18577500647176504
0.91675,0.2597756058729874,-0.01307708936821414
0.916875,0.4339733911997205,-0.15499611612677877
0.917,-0.3361269438134305,-0.21322961385061148
0.917125,-0.19207677158114025,-0.1436274664190624
0.91725,0.24793677223000382,0.005651142613674906
0.917375,0.2761043317132981,0.22735146949917884
0.9175,0.10855570967167143,-0.2206172545793452
0.917625,-0.002234159733311859,-0.2871586404105498
0.91775,-0.020856119054419732,-0.4266379857949987
0.917875,0.19136775451582674,0.2537981588808089
0.918,0.4358196806382964,0.18088620528130323
0.918125,0.43405425740176706,-0.08895970442701281
0.91825,0.3832959937841382,0.11343796701241594
0.918375,-0.11603049281183876,0.05056826600680958
0.9185,-0.3826233685971397,-0.0032581691137434066
0.918625,0.2700861659630448,0.29410749735689545
0.91875,0.5592750843622989,0.4485520860545948
0.918875,0.05682424553027818,0.17723084729015715
0.919,0.04560619545179185,-0.4692704435321759
0.919125,0.04474282802991638,-0.19872627275941623
0.91925,-0.21614202530454568,-0.15699280799361626
0.919375,-0.1857366151752885,0.19106544422877744
0.9195,0.12778959955413935,-0.08874449142197177
0.919625,0.3118931751410817,-0.005190035676247479
0.91975,-0.22026585842707827,0.15766140632097417
0.919875,-0.328397587273092,0.25081311798764244
0.92,0.08440155283185462,0.09338748851899646
0.920125,0.4546075064048489,0.24242396526953208
0.92025,0.23598729041668356,0.34640415965553556
0.920375,-0.41391975364909933,-0.18160903160673056
0.9205,-0.13921079495519814,-0.13448127230648677
0.920625,0.17445162464555458,0.13730079452597516
0.92075,0.22257760195250145,0.08028924729997251
0.920875,0.562142980455,-0.13951037707635128
0.921,-0.13260495627124605,-0.05344676861536354
0.921125,-0.5281425012891968,-0.1945693236277145
0.92125,-0.60040136528183,-0.13911773498911015
0.921375,0.04661411597638302,-0.024961945160998058
0.9215,0.10416753095040561,0.21715508908408168
0.921625,-0.024576571361444168,0.22693695528968247
0.92175,0.07282623476123523,-0.15910042481781536
0.921875,0.017587534492581863,-0.2027429992592153
0.922,0.06905439070954143,0.08675527106255931
0.922125,-0.024009735711887286,0.40189216669042355
0.92225,-0.05421142300034967,-0.003692946915525979
0.922375,0.041925025877749184,-0.12027205334463031
0.9225,-0.16046359792847475,0.01222620859159972
0.922625,-0.12730491160686033,0.0562917892879983
0.92275,0.07549114442202284,0.19097777362863103
0.922875,0.1298039389372639,0.26472043861691014
0.923,-0.07556611968619693,0.13460825097010096
0.923125,-0.05271985181155233,-0.1764175208500163
0.92325,-0.23658063510519511,-0.31136032611496206
0.923375,-0.03779887406095003,0.001298306833029262
0.9235,0.024713193459420087,0.4587416577499132
0.923625,0.041684492469424406,0.2790874346733882
0.92375,0.1698948656059496,-0.01315724093748336
0.923875,-0.4018668544486869,-0.20978018542041543
0.924,-0.3234429758802205,-0.005548066786959197
0.924125,-0.09101975726678563,-0.22129778933512642
0.92425,0.2498661041479192,-0.16438849499245636
0.924375,0.16546188827146366,-0.004684256605740928
0.9245,-0.3627721994275444,-0.25141467374005566
0.924625,-0.07893505091475787,-0.24158299958817606
0.92475,0.07728060198385585,-0.049293144276870815
0.924875,0.026731466617114362,0.20626001592495294
0.925,-0.05141766916413579,0.07412156256141211
0.925125,0.24094608703715154,-0.3044971978785909
0.92525,0.23326408006669785,-0.034942510570620415
0.925375,-0.036595722880048503,-0.03188787327162137
0.9255,-0.01396671874348001,-0.164909569660105
0.925625,0.5129982802601876,0.06680549065176884
0.92575,0.04403689107206018,0.14526692628113866
0.925875,0.30581910595542994,-0.3516204097549606
0.926,-0.10242741478969006,-0.24753759852768017
0.926125,0.21685477338289508,-0.004880838708080129
0.92625,0.21377841924113147,0.015985639000565578
0.926375,0.1765493691858518,0.1522971243911095
0.9265,0.464665233555218,-0.0261700304320973
0.926625,-0.14826374536861964,-0.2321031786609402
0.92675,-0.10359125100313837,-0.08131627838687346
0.926875,0.05583245086252233,-0.06671175727680782
0.927,0.27574940544402377,0.11181662865576522
0.927125,0.3977664130758239,0.22138451512118168
0.92725,-0.2302515242953722,-0.11787141255322559
0.927375,-0.32791782459523594,-0.11644260307642179
0.9275,-0.1617535353511936,-0.07448338097402632
0.927625,-0.1603725820590645,0.33119221269381177
0.92775,0.030511204689244842,0.24725592740705699
0.927875,0.1941900376323456,0.1248879568799959
0.928,0.005169774136379307,-0.14270042928389434
0.928125,0.0355420316898725,0.03561523847786773
0.92825,-0.09820790341650297,0.18198197170053904
0.928375,0.2549673170127004,0.3222038581853397
0.9285,0.33968380904952483,0.20152638269162051
0.928625,-0.12025408688287546,0.17504886269473607
0.92875,-0.26672369436877824,-0.13358250866914279
0.928875,0.1584692851686375,-0.06576100190985855
0.929,0.21133136733864086,0.17705126629903312
0.929125,0.05700722090973899,0.26346149308659406
0.92925,0.03896646560029468,0.014814685562684431
0.929375,-0.025536444299214152,-0.2410826528295044
0.9295,-0.24950764152431631,0.13928718421981354
0.929625,-0.20374085127432873,-0.05498604322317644
0.92975,0.2644350441366577,-0.27016277250941073
0.929875,0.0923971937786332,0.0077666795583223504
0.93,0.15991701662802782,0.025436526685618074
0.930125,-0.5146854392255097,-0.22744308443408653
0.93025,0.1731265865450618,0.06411529659130809
0.930375,0.12216982486847747,0.3311453999682839
0.9305,-0.023075470532562054,0.30597006925972003
0.930625,0.173785530238705,-0.07825045639280737
0.93075,-0.13593532304987724,-0.1817601444730712
0.930875,-0.3692072241423425,-0.01781575496816141
0.931,-0.501493629716642,0.2605363231983057
0.931125,0.27954706338474705,0.2226494468882281
0.93125,0.4446805954014643,0.09980956702130138
0.931375,0.15762502861954444,-0.07537404828954396
0.9315,-0.46344670675933836,-0.08315971564567823
0.931625,-0.21677861813166216,-0.16061205974999004
0.93175,-0.3796051840254623,0.12525633809823833
0.931875,-0.2301872856479931,0.21690467027161908
0.932,-0.2919452237844445,-0.06656987839949648
0.932125,-0.2604207538746759,-0.24221093014713807
0.93225,-0.29946500002305254,0.14207355703184205
0.932375,-0.21486895254548616,0.1710279193603454
0.9325,-0.07996620974988916,0.5048146121779138
0.932625,-0.02668587525710671,0.17455718868144002
0.93275,-0.18212603484042864,-0.08200831260088598
0.932875,-0.1931864117662782,-0.3063056361440734
0.933,0.010961194503180649,-0.32028710394279103
0.933125,0.2729561796090012,0.2002018010036823
0.93325,0.2701834774824015,0.3952043074230564
0.933375,0.1011774734806301,-0.015460451072662513
0.9335,0.09862866924661876,-0.34542487695556795
0.933625,-0.0852063323555136,-0.13875588874419612
0.93375,-0.27332548763412223,-0.20373640598674414
0.933875,0.16178255170633948,-0.16504833810783354
0.934,0.16443677510263105,-0.2225793947673134
0.934125,0.1462981329741598,-0.3711324519287405
0.93425,-0.1708018725684901,-0.34270543586698665
0.934375,-0.21664913301430191,-0.47341606887562665
0.9345,0.49123786870717967,-0.07358959460494709
0.934625,0.3115211056427878,0.15489964305437068
0.93475,0.17887065013472236,-0.11108372743808981
0.934875,-0.13901516016639112,-0.06262440302943108
0.935,0.018058340883368707,0.10854256606920977
0.935125,-0.15362830344271855,0.414545752426808
0.93525,0.22657337737018696,0.11236046837779799
0.935375,0.4886493134588491,0.07403215446916014
0.9355,0.27605791383765405,-0.15221604737920486
0.935625,-0.07491562606523361,-0.050810742517564005
0.93575,0.013767091242520095,-0.34610062648325807
0.935875,0.12288471910354115,-0.10620874903911515
0.936,0.12097588831708642,0.402470690676229
0.936125,0.28656467422969895,-0.030008541038914798
0.93625,-0.08672950268413683,-0.09800325520102693
0.936375,-0.3088692163137179,-0.03380767109631305
0.9365,-0.3235132941083698,0.12098992499218056
0.936625,-0.05509089725907889,0.31988442663630856
0.93675,0.2885349974303593,-0.08420285442634062
0.936875,0.19856222970593257,0.007730647677001149
0.937,-0.05702745724115882,-0.08194494033395446
0.937125,-0.2598879438702065,0.002496655534687225
0.93725,0.11825911247190495,0.10072681410721117
0.937375,0.28160228597150183,0.3096438407992208
0.9375,0.28840617094281823,0.15669925165225945
0.937625,-0.09496203115077993,-0.39054165225532705
0.93775,0.12205282698512772,-0.2520912021405936
0.937875,-0.015099674861920282,0.03955980690261937
0.938,0.3791410874716169,0.17006371380534596
0.938125,0.36058931982033254,-0.034408009287166336
0.93825,-0.18950316845464865,0.21144176738203835
0.938375,-0.3134223903691718,-0.09228346993185388
0.9385,-0.5768628191559452,-0.327919669386579
0.938625,0.00160511582749468,-0.177316369049071
0.93875,-0.01626838970946907,0.3939373792898917
0.938875,-0.32165866699417234,0.09891536669196294
0.939,-0.443545522216265,-0.21378755444455522
0.939125,-0.536953379981162,-0.28081519487445045
0.93925,-0.5096240637245094,-0.06378601148266634
0.939375,-0.32171108352655375,0.29159389894020393
0.9395,-0.22780130230719542,0.036215282146745666
0.939625,-0.18952038714555988,-0.0002735685149980715
0.93975,-0.4248291133158237,-0.1486784702613198
0.939875,-0.5065378217965917,-0.255384604968798
0.94,0.014059181123370597,0.10648722110793403
0.940125,0.2908854695869211,0.3534255010206812
0.94025,0.12752062205284712,0.31525165055759113
0.940375,-0.12601031170250857,-0.18354965741552193
0.9405,-0.18235149136782922,-0.25480665557333343
0.940625,-0.037006920621848634,-0.3687318057430534
0.94075,-0.08223061881358129,0.15766732790032773
0.940875,-0.21784693256700108,-0.10241172451570207
0.941,-0.18269892446683697,-0.07940443087973802
0.941125,-0.25211375791573054,-0.27206616909843023
0.94125,-0.21590870697630277,-0.48927006875683665
0.941375,0.0880087253326827,0.03421187085017298
0.9415,0.24818240555474722,0.2058810112277656
0.941625,0.09556158562090065,-0.09993275565478789
0.94175,-0.2989020707400487,-0.5797289044847331
0.941875,-0.4193996932825304,-0.44011539202331085
0.942,-0.13183751637584942,-0.06911406582025824
0.942125,0.2595616489119987,0.24828274376365225
0.94225,0.40722893246621633,0.19758387670010924
0.942375,0.302810118882394,0.05280599845503007
0.9425,-0.06318808036147566,-0.3432936029066231
0.942625,-0.3052159541793666,-0.14048677359342648
0.94275,0.059784278738046856,-0.09952977140926203
0.942875,0.27208278666302127,-0.166893482552867
0.943,0.29087899616924595,0.13400742377126243
0.943125,0.05096359886558845,-0.1267478640755439
0.94325,0.08625138863549377,-0.23292972274094403
0.943375,-0.09306418447066958,0.09448885221613991
0.9435,-0.4345990601271296,0.3416642858088856
0.943625,-0.16557946992834224,0.05819423276217516
0.94375,0.16060549622156792,-0.04133686543506526
0.943875,-0.07600673533927296,-0.23565539179311282
0.944,-0.3497111749944747,-0.5118050631691505
0.944125,0.017592192047432877,0.0764250435942695
0.94425,0.04050453810313595,0.5106810108116908
0.944375,0.24403455697797252,0.44220284871533194
0.9445,-0.37712333456978747,0.0018536573162704663
0.944625,-0.23949705082592443,-0.15354031339268945
0.94475,-0.1505161538966855,0.004641792634465198
0.944875,0.08546649255360547,0.4305430011726854
0.945,0.3114077340759921,0.11884387823443357
0.945125,0.36932202940258685,0.2657203172268817
0.94525,0.06209489483685559,-0.010202199350170894
0.945375,-0.2442065281765447,-0.04170269234695321
0.9455,0.10313960155856317,-0.2156355994382883
0.945625,0.44698726764671715,0.11794548689909572
0.94575,0.17175578810346845,0.2511769402033683
0.945875,-0.11396778431914535,-0.07836231130485187
0.946,-0.11930506064285709,-0.33816517045541356
0.946125,-0.1758951967152517,0.08448270833682843
0.94625,0.135798886641303,0.15575779024963335
0.946375,-0.02808184251792043,0.07700400675655693
0.9465,0.30717145734166723,-0.2095374113672221
0.946625,-0.20721667391832407,-0.1260522744067293
0.94675,-0.36274916010790415,-0.04056627207165916
0.946875,-0.413953702164918,0.07108975250228038
0.947,-0.021876151145162396,0.27468788732144417
0.947125,0.1873608499360154,0.20767176372616908
0.94725,-0.20265204521530597,0.14961467255492888
0.947375,-0.005668811120709416,-0.20706832081667384
0.9475,-0.4064171296629623,-0.07015615805294313
0.947625,-0.06707154899448631,0.18316434635064172
0.94775,0.09106432880162457,0.11662015445077903
0.947875,0.43011469618675374,-0.12566558268674213
0.948,-0.04376735494572755,-0.16618009724662347
0.948125,-0.2597308741613335,-0.1614653555874649
0.94825,-0.19540969201467262,0.26725068546790987
0.948375,-0.1817027627948048,0.3407136307774837
0.9485,0.17103647819038068,-0.09108178891203361
0.948625,-0.5264541441765395,0.021565805941659414
0.94875,-0.20889784674962802,-0.3272142686495394
0.948875,-0.2709210522481735,-0.2549730205988226
0.949,0.045774083883890704,0.20847546830354843
0.949125,-0.16595114514128953,0.2589787313527606
0.94925,0.09751524152758721,-0.05178269058494691
0.949375,-0.12190695337515775,-0.20471218390501453
0.9495,-0.212952016826041,-0.24792195774726603
0.949625,-0.6011085060843546,-0.03266254711224272
0.94975,-0.04991231319381644,-0.0007018562800864768
0.949875,-0.006601123310102193,0.4093214042598149
0.95,-0.12039329338513886,0.07807951810009559
0.950125,-0.06731809382381558,-0.34005647561913704
0.95025,-0.07494965475787702,-0.046487437609405796
0.950375,0.011739357354348992,0.2425375339592914
0.9505,-0.3346262500193062,-0.1961273050983615
0.950625,0.0068575514674389364,-0.36058094021117254
0.95075,-0.2461098268488833,-0.3115458565258124
0.950875,0.020179632200873914,-0.2294148798232829
0.951,-0.07248524210931406,0.14765892624281332
0.951125,0.3426831819694302,-0.026268671333859666
0.95125,0.5478989166162263,0.09567081650529613
0.951375,0.15464990403464302,0.20520363954363424
0.9515,-0.052109802860790894,-0.1377847617469896
0.951625,0.14632807333175746,-0.23147542127563187
0.95175,0.30737267531815066,-0.03756429250087369
0.951875,0.1886362690663771,-0.054979248499482096
0.952,0.056935413406359804,-0.2239881312577761
0.952125,0.1302714079951449,-0.17184413287075564
0.95225,-0.17230139557900365,0.012098523513716741
0.952375,-0.18295808451353263,-0.03496271866312413
0.9525,0.16173839103753224,0.07566072296633318
0.952625,0.23246793535111382,0.2219617489292668
0.95275,-0.025652469115168754,0.08750870192641379
0.952875,-0.23286510241814642,0.12079583653345632
0.953,0.07529196266366892,-0.0952180507265722
0.953125,0.3483454144075211,0.5518481085452115
0.95325,0.35122463397427295,0.598715005903637
0.953375,-0.11161355293756257,0.327750071111376
0.9535,-0.29107631323780675,-0.03463739659734059
0.953625,-0.18366282003386789,-0.10125706671085448
0.95375,-0.061596298017347395,0.35367514603736955
0.953875,0.29941070737739545,0.3232725406660954
0.954,0.14939932519716242,0.07180176115683899
0.954125,0.030417776033233757,-0.11680476229447632
0.95425,-0.14764918267554877,-0.13816480507626058
0.954375,-0.11102109926764109,-0.395705253208892
0.9545,0.24361052485726753,0.10953519701656854
0.954625,0.14740521196240464,0.48321504324580533
0.95475,-0.0455390661824551,-0.12688863651213236
0.954875,-0.21248573563443374,-0.14304964363293343
0.955,-0.08490496251708868,0.23732418145339465
0.955125,-0.20415581488556075,0.2696992074495694
0.95525,0.2231988308858043,0.20965175289672613
0.955375,0.3140915567267561,0.09134681941773673
0.9555,0.13530857862140713,-0.10782896603577412
0.955625,-0.03822384627818857,-0.167660072203472
0.95575,-0.0036672953119411865,0.05548455946271576
0.955875,0.26195214158652197,0.2533864156086126
0.956,0.29436125563081034,0.30492369847336226
0.956125,0.1119629355667136,0.05617337669289371
0.95625,-0.295136766809024,-0.16649242855217403
0.956375,-0.3166878105841478,-0.037772273004993445
0.9565,-0.33039975177195247,0.037604987582597844
0.956625,-0.14559558816506724,0.01739749624880748
0.95675,0.07202070991951438,-0.09090945042253361
0.956875,-0.13914959526150433,-0.06695931471826819
0.957,-0.4390490077618222,0.004095709828868228
0.957125,-0.3802317519004964,0.07840285730860858
0.95725,0.026960832237299354,0.21733953597651684
0.957375,0.08191135796792133,0.11764953930025344
0.9575,-0.044117787436339186,-0.062195152687770316
0.957625,-0.2805743876905557,-0.29720649594559206
0.95775,-0.3492454986539807,-0.32520538566441287
0.957875,-0.31971873732326545,0.05792295081490184
0.958,-0.040579574750712125,-0.08950905431016302
0.958125,0.3827443141587468,0.1171660748396827
0.95825,0.39255651845748524,-0.008498828599628345
0.958375,-0.21922590615377235,-0.1950500430485709
0.9585,-0.23725969241172798,-0.09079153238710368
0.958625,0.01323915563968516,-0.19311099546043395
0.95875,0.3677288811758954,0.10690937525888702
0.958875,0.16179585090120324,-0.14244658795128723
0.959,0.24675593382167554,-0.3157401519842216
0.959125,0.19134314243327488,-0.34319396877081354
0.95925,-0.01610339267837349,0.03389904787423126
0.959375,0.24189789803569786,0.08813471262928466
0.9595,0.07861890175997127,-0.13879712325012597
0.959625,-0.048296187766506925,-0.105968522315086
0.95975,-0.5309837818946349,-0.3273145778621443
0.959875,-0.17386064415266192,-0.15614793521331266
0.96,0.2596078755531947,0.06650198138554254
0.960125,0.3506437426819363,0.4949686487521297
0.96025,-0.05692342364476396,0.34874075188417125
0.960375,-0.021416689179641006,-0.21035315601934404
0.9605,-0.09272338171996554,-0.321111612542474
0.960625,-0.11626674830652044,0.1510143951533505
0.96075,0.15054474120353875,0.42582601439992135
0.960875,0.19649085800936025,0.18845722200744147
0.961,-0.05734928821690721,0.014844712166523477
0.961125,0.03174594381393249,0.022604491764250646
0.96125,-0.0690870034902381,0.1931920996449681
0.961375,-0.03635333645534688,0.12311525572179428
0.9615,0.35325901542078986,0.14889762746446747
0.961625,0.3597480564917082,0.03340628484721326
0.96175,-0.10938904475840501,-0.1044851512760567
0.961875,0.18475217515498454,-0.03456109435372627
0.962,0.19865686304235294,0.25398308065491304
0.962125,-0.02946647640515496,0.29811107711567125
0.96225,0.19832648292104943,0.33092582435352197
0.962375,0.07749003506705368,0.04066812479496171
0.9625,-0.35492271607064646,-0.016296484625217083
0.962625,-0.3165965104609355,-0.21495573245492242
0.96275,-0.15570696536574538,0.026498039298264112
0.962875,0.4663791415143984,0.07279183574469382
0.963,-0.09469334402158465,0.6194452694107331
0.963125,-0.059663710606519926,0.1345616214904877
0.96325,-0.27781606603872705,0.00703570983686731
0.963375,-0.38574212451059814,0.07186991479304486
0.9635,-0.20909797882353479,0.5145523835586393
0.963625,0.21684087659699866,0.19052903321424988
0.96375,0.20985488825458629,0.06760087463681735
0.963875,-0.1864922059581763,0.22175483189223835
0.964,-0.2663414663084402,0.016824220289856192
0.964125,0.1194437099478277,0.10615839329683432
0.96425,0.5071859092477483,0.3670796220325439
0.964375,0.13005497887796394,0.019754838651267502
0.9645,-0.04312072859388773,-0.31121122241758364
0.964625,-0.1336231798340629,-0.3930077373511248
0.96475,-0.2874851777796808,0.08874414318981381
0.964875,-0.04377917038587563,0.10365845488740022
0.965,0.2448990218155354,0.19030976311484904
0.965125,-0.0452994826371547,-0.20339828649845407
0.96525,-0.06443688881797395,0.03426196802981668
0.965375,-0.6175533007296746,-0.3141848436365497
0.9655,-0.26950273874664166,-0.09604251645840482
0.965625,0.14066512884792218,0.22783448724452776
0.96575,-0.06670590780928778,0.14562444362528004
0.965875,-0.01667346806728584,-0.05651416040605283
0.966,-0.14989762015169386,-0.26314723485452185
0.966125,-0.16907742541023735,-0.12010799647606958
0.96625,-0.22193123355693192,0.030374649306365107
0.966375,0.018668761582637666,-0.14247197754328855
0.9665,0.2696490362692339,-0.1500861874715205
0.966625,0.0832057812147104,-0.36146566391975166
0.96675,-0.07865745355818485,-0.30506318565194646
0.966875,-0.15039403403251433,0.18095075676292963
0.967,0.07819161573796657,-0.02437618419172442
0.967125,0.10552449498336558,0.23990381439495387
0.96725,0.2905060355752698,-0.042469442183763764
0.967375,-0.04672141750069587,-0.404826905072744
0.9675,0.28251546019151447,-0.23827564598585166
0.967625,0.19458368612296115,0.2651521297333327
0.96775,0.1559877423099308,-0.37274958807541714
0.967875,0.3413925164045117,-0.34605047336589834
0.968,-0.053230849018828436,-0.2935030997143044
0.968125,-0.02411525298764678,-0.28859994028188096
0.96825,-0.017051604445235475,0.06107548430361531
0.968375,0.28685966229081594,0.08335565094807262
0.9685,0.5122475625797126,0.1915220530348821
0.968625,-0.10617824341620008,-0.11826026857267834
0.96875,-0.1820873292101274,-0.3962188567594186
0.968875,0.19579329113626248,-0.35669987126163444
0.969,0.27288352660715487,-0.23167806365731838
0.969125,0.20778321457885654,0.13245316865665124
0.96925,-0.058683841604440734,0.09548253150686586
0.969375,-0.0693834711847238,-0.13250119098717414
0.9695,-0.26763985223912523,-0.12520914559063337
0.969625,-0.24219970286589193,0.42271483311758673
0.96975,0.06258217043091524,0.2742072843337719
0.969875,0.22115716223897836,0.25918599112722884
0.97,-0.06895718060027756,0.331213401596165
0.970125,-0.13060308050199276,-0.2778779425554472
0.97025,0.1348678640842,-0.026999708133832043
0.970375,0.3167607403418142,0.6472001457834033
0.9705,0.14675711172121544,0.4359163533168556
0.970625,0.2737070790310042,0.1371092093422377
0.97075,0.03656479266361225,0.003000374804626262
0.970875,-0.07744182272248891,-0.09466734204778793
0.971,-0.03373379427987189,0.10433153810548863
0.971125,-0.17363538033540413,0.40352504016936064
0.97125,0.32805354467535436,0.223612763353437
0.971375,-0.24528791057637925,-0.18214599690125818
0.9715,-0.0012963160884422468,-0.473159534178932
0.971625,-0.27607705129952004,-0.15791770429740204
0.97175,-0.013013934664841586,0.0319444465026775
0.971875,0.09906639512555378,0.1920658449599407
0.972,0.01836920187346695,-0.00013300502006171399
0.972125,-0.047944563519835275,-0.07571953820807067
0.97225,0.015459441677902233,0.12050013075862806
0.972375,-0.29502838475148335,0.11643241356042207
0.9725,0.1336302832968487,0.01891392836831413
0.972625,-0.02059440674460581,-0.030916580780403
0.97275,-0.03192270855123281,-0.07566952602884272
0.972875,-0.47775970706894133,0.14757286316148877
0.973,-0.14792734657058723,-0.2909076341306245
0.973125,0.13672937209342714,-0.10337074941805592
0.97325,0.01813621369852919,0.03838518326629683
0.973375,-0.15631410926385048,-0.13722891904387502
0.9735,-0.4024570339954495,-0.1617978537587125
0.973625,-0.3909056177257091,0.039039824483410285
0.97375,-0.5454494417116712,0.16502550033842245
0.973875,-0.11344096128680983,-0.007952509012356595
0.974,0.3414836110760811,0.13066144445846117
0.974125,-0.04299034157402396,-0.033620463174307176
0.97425,-0.2596679068017253,-0.35439111717104776
0.974375,-0.20649210972722046,-0.10617336086960139
0.9745,0.05204454387611523,-0.006829931317950076
0.974625,-0.021074644338429507,0.1952923441738582
0.97475,0.2523404465797942,-0.04930158451445911
0.974875,0.07680732483944466,-0.33824355505969717
0.975,0.08420679902169868,-0.14275317847000393
0.975125,-0.12211671720973963,-0.07079028019008633
0.97525,-0.04380033800595511,0.03948731848744729
0.975375,0.3855118504030482,0.08981231827494886
0.9755,0.032585026839642046,-0.40926211313254524
0.975625,-0.35286459509436385,-0.3729543698357339
0.97575,-0.16500698279700357,-0.2211934803187437
0.975875,0.43139140311970336,-0.10366750489496539
0.976,0.12164567144403414,0.15193073711559954
0.976125,0.18391808101239873,0.14584479101696232
0.97625,0.13395419634711053,-0.18390146601428434
0.976375,-0.07172254747570124,-0.09451893860556546
0.9765,-0.46208813318668135,-0.1028253537355308
0.976625,-0.22251646377344095,0.13739151136646793
0.97675,0.25394957201028817,0.04510426242712418
0.976875,0.25154284804538246,0.04060495629045609
0.977,-0.2741955854058537,0.18590918041486998
0.977125,-0.20529598995150306,0.1997155935454287
0.97725,-0.0007097499685391832,-0.10477356282626642
0.977375,0.25550007241802536,0.19710952108019614
0.9775,0.02635402117499812,-0.01146101625163044
0.977625,-0.12702039108940613,-0.0452207013275637
0.97775,-0.3960765382018895,0.15065405822602917
0.977875,-0.022875475881861704,0.39007083991130637
0.978,-0.10192775332557782,0.23068427043485001
0.978125,0.35805191454275803,0.2764240516354556
0.97825,0.10011630671880849,0.4497514196423625
0.978375,-0.19736656138917189,0.10135034409794094
0.9785,-0.15301892692810146,-0.16252720568704843
0.978625,0.38822045859529863,0.015603465905368112
0.97875,0.1822571862624866,0.40711923514638965
0.978875,0.14782079588276567,0.29842085913668637
0.979,-0.36556306693649776,-0.27287007617494086
0.979125,0.14407295421344513,-0.1934515795068584
0.97925,0.00811153071537458,0.02182249075429978
0.979375,-0.11472541268502254,-0.054893776276529124
0.9795,0.2777396256903037,0.052922765878440615
0.979625,-0.327116553639293,0.018950118559004123
0.97975,-0.38960121258714725,-0.17450998122989655
0.979875,-0.40612205990649464,-0.325780704020357
0.98,0.23945344213511785,0.01756086508556184
0.980125,0.11113790067338777,0.2895236675857193
0.98025,-0.061848583171271905,0.22087453018615968
0.980375,-0.3069663208908747,-0.17232363561461805
0.9805,-0.07447286969642197,0.06131224997333722
0.980625,-0.16475866877086007,0.1898514439432306
0.98075,-0.023658172284715527,0.297002098466692
0.980875,0.09324605895904946,0.22014859401726847
0.981,0.06589730833930686,0.17937099926506136
0.981125,-0.16682438014652107,0.30493794373658206
0.98125,0.14729844026610414,0.15787447315976183
0.981375,0.3257644778009175,0.23879973741471566
0.9815,0.37038075164875367,0.19422540954117698
0.981625,-0.25796024251181554,-0.18754194910604527
0.98175,-0.3549974710698688,-0.20831733283666
0.981875,-0.36861258521650886,-0.22373464186279843
0.982,-0.4608494524936095,0.16529546482290575
0.982125,-0.24127463562658286,0.18048978621888645
0.98225,0.11670986721574447,0.13496492055415665
0.982375,0.356228875902352,-0.2963811511712468
0.9825,-0.28929978561179015,-0.1867823864634737
0.982625,-0.740079468788925,0.1592035836350516
0.98275,-0.23032671826401604,-0.12940126462920917
0.982875,0.19980048590505917,0.3702383183362509
0.983,-0.24106662239929563,0.12107183244687286
0.983125,-0.503976727163877,-0.20208161275413175
0.98325,-0.366942975284164,-0.18982125358091848
0.983375,0.018124915729884717,-0.167590556535181
0.9835,-0.0958354470650271,0.15729686711828644
0.983625,0.4086977357129449,0.15541009530217573
0.98375,0.6083648877787037,-0.1187317323042258
0.983875,0.07822076895909513,-0.4173241432915019
0.984,-0.40281621113156546,-0.3472132040057182
0.984125,-0.048552245213575075,-0.45612787943879884
0.98425,0.4999521389510001,0.20368829457447715
0.984375,0.6159562631075203,0.276563128244448
0.9845,0.149021467360276,-0.4246834737844936
0.984625,0.35963554433702627,-0.4857323801650593
0.98475,0.25181733902668535,-0.16005166936704804
0.984875,0.08966321328322402,-0.004657510622420922
0.985,0.3076831062853324,0.1326081632028189
0.985125,0.3984027603489032,-0.45628443405976593
0.98525,0.18862278612462816,-0.01623093623484433
0.985375,-0.4849150176653284,0.19967400892278067
0.9855,0.022935857043820906,0.1759488761435796
0.985625,0.036651158270667485,0.4833460219637842
0.98575,0.386095153572077,0.22917835413631152
0.985875,-0.10133975321768818,-0.22779870006697847
0.986,-0.19547307836470434,-0.2886000125389552
0.986125,-0.024107309557258864,0.22386356351898443
0.98625,0.41972029995699506,0.37903674916330304
0.986375,0.20044669539200075,0.2989741367527314
0.9865,0.04394403908880599,0.09255922055241962
0.986625,-0.0631192462103396,-0.07439162475635097
0.98675,-0.27705691412049227,-0.017880163169576205
0.986875,-0.02359010670382001,0.2652583935985141
0.987,0.471356465069825,0.25050815850839375
0.987125,0.06565736504831425,0.12941265316692624
0.98725,-0.2381735672446613,0.1173786532480188
0.987375,-0.17152850020982788,-0.22465833169763427
0.9875,-0.09869572579628283,-0.02334829332109136
0.987625,0.1645368117702284,0.3308671867499135
0.98775,0.08713287445630753,0.22904728104376762
0.987875,0.21471796862943668,0.2118661844563479
0.988,0.1358034882522271,-0.07076095678870341
0.988125,-0.32880275919103913,0.018852392970915458
0.98825,-0.3858933352704239,0.07012462452880507
0.988375,-0.0970634074634872,0.12320612199721197
0.9885,0.13978170965791106,0.29732959058041686
0.988625,-0.21793544154442426,-0.009574028930000823
0.98875,-0.25609754003544793,-0.2973350394735353
0.988875,0.12201169794183502,-0.20391203732258176
0.989,0.30309619073200983,0.29374410270105794
0.989125,0.1701392900605706,0.29166165888345097
0.98925,0.20356756954133667,-0.11301537643484073
0.989375,0.14066182834240026,-0.3565636809817163
0.9895,-0.1638506730362334,-0.0898856761978333
0.989625,-0.19148358602629043,0.34961954572826265
0.98975,0.22964350864981045,0.13992812355879314
0.989875,0.517757454269495,0.17349567263003307
0.99,-0.09979705258339329,-0.13035674282302073
0.990125,-0.44069692335577976,-0.20721743311122456
0.99025,-0.3859734451031551,-0.3285208430057973
0.990375,0.1310531182837841,0.09745142895862569
0.9905,-0.20671012356978635,-0.0011725359561112387
0.990625,0.3309587317619075,-0.21734590508325366
0.99075,0.11830523933552162,-0.24960109824073792
0.990875,-0.42105193146663805,0.05880579117288354
0.991,-0.5017659842372509,0.19859084664846222
0.991125,-0.2502029115935913,0.22880451387446077
0.99125,0.03434421801264876,0.1592192557772283
0.991375,-0.582329305406527,-0.2718882362462937
0.9915,-0.15023109375472485,-0.35711650724073773
0.991625,0.1835994304065423,-0.16893438095620184
0.99175,0.23113137220167082,0.18343365389502173
0.991875,0.13847325353420226,0.4144066879684362
0.992,-0.05214939575575604,0.004663676964856845
0.992125,0.1783762491759167,-0.3437830016872981
0.99225,-0.24753936263457216,-0.24283939599121596
0.992375,-0.06934197641867948,-0.12054173573032297
0.9925,0.38020552883880004,0.1905780623158379
0.992625,0.6557911799055667,0.07709809757850744
0.99275,0.020303269332641937,0.045459425588378566
0.992875,-0.3167612020572037,-0.18364482700758275
0.993,0.04239967490887704,-0.37287240090240037
0.993125,0.3601967607764812,-0.25746621455411656
0.99325,0.3462175781875439,0.02453749633491702
0.993375,0.08387494808675501,-0.16635251751478244
0.9935,-0.16398444777949267,-0.4989094256711697
0.993625,-0.20019876546603513,0.15652426673457331
0.99375,-0.011485610074031911,0.19052387013912286
0.993875,0.17873899425710008,0.15146970150945102
0.994,0.5927204220814716,0.2829537844065866
0.994125,0.1725897220543502,0.08319219107489492
0.99425,-0.22156231559663905,-0.17727141239839
0.994375,-0.25723869249826553,0.030048988189969147
0.9945,0.17393077727113945,0.240403679737576
0.994625,0.1759578807241948,0.590650207213093
0.99475,0.0434520009380976,0.0640564697832274
0.994875,-0.09112137328659675,-0.32610767672931934
0.995,-0.11759485522962163,-0.05892493509793352
0.995125,-0.3031137971917376,0.34306001015644083
0.99525,-0.0973415230231463,0.1710294061585645
0.995375,0.32603687446948515,-0.19003842353351003
0.9955,0.2679915763763418,-0.06355825709018761
0.995625,-0.3723718698446327,-0.0742011421465115
0.99575,-0.16101395870926974,-0.2012774285486994
0.995875,0.2825547258790392,0.3104766695095256
0.996,0.38193522289902143,0.3970654674019862
0.996125,0.1278453937716318,0.32622928586206773
0.99625,-0.22347763312855695,-0.22811567939601632
0.996375,-0.4609939659404311,-0.12892754837647377
0.9965,-0.024243233222464574,0.29739429286498004
0.996625,0.055310653524588776,-0.0004952943280930971
0.99675,0.39916919621938457,-0.08918280591495162
0.996875,0.13538803920385073,-0.11408167468448291
0.997,-0.2438771165049609,-0.3091151948659353
0.997125,-0.030958340670286418,-0.23802348461143033
0.99725,-0.05204292804303481,0.1861338008324371
0.997375,0.33546394914543654,0.3686570042405749
0.9975,0.016912413414362597,0.20814187087614205
0.997625,-0.32615360673252003,-0.2914543044465411
0.99775,0.06009565134688679,0.011820613502176943
0.997875,-0.402044293363492,0.09201056420700512
0.998,-0.12851946616713483,0.061370406432415384
0.998125,-0.13195777474813247,-0.10504437466766674
0.99825,-0.12382674690723257,-0.03371298627173467
0.998375,-0.38962515873299725,-0.22465999457086405
0.9985,-0.3532300607617437,-0.2847042377994431
0.998625,-0.00944952957259518,-0.11954765173084189
0.99875,0.31941945394121773,0.2126737265982084
0.998875,-0.09317839956650353,0.05348512337143696
0.999,-0.04504553859551246,-0.4122483085067036
0.999125,-0.1663391034797835,-0.2140597745319089
0.99925,-0.12214608050633606,0.13216722756282684
0.999375,-0.2166010156203372,0.13171619852380168
0.9995,0.06170799447074917,-0.017344408253198804
0.999625,0.09195259213925676,-0.2930473590619099
0.99975,-0.43875482330810206,-0.23930418422150496
0.999875,-0.48086143590421426,-0.17105101309473392
1.0,0.0067685716963725075,-0.14091069423769773
1.000125,0.26149717450439247,0.2400375012050724
1.00025,0.26109756450103333,0.11493863439114543
1.000375,0.1462538231416261,-0.2827947194422884
1.0005,-0.09405296293335036,-0.33386699225808303
1.000625,0.2303001264909181,0.10356189175142912
1.00075,0.08870342521789432,0.33390503351248824
1.000875,0.3226269843020821,-0.26042835643563156
1.001,0.1139143314471855,-0.07198456765109623
1.001125,-0.018098456584789997,-0.03269213290273274
1.00125,-0.16045414432230812,-0.29203999891310206
1.001375,0.27293414601777605,-0.047312111485552796
1.0015,0.3554043698732749,-0.1657069773299314
1.001625,0.49732090967740455,-0.13459193541743086
1.00175,-0.0921401913525411,-0.29500881776286336
1.001875,-0.02279932677254828,-0.4710995680689264
1.002,0.0931941038171698,-0.13716638145943785
1.002125,0.21105247752350711,0.20388399760961312
1.00225,0.22660716807099174,0.1782598142618634
1.002375,0.17360478121950704,0.045864958827069015
1.0025,-0.49598191090467014,-0.12786123031035806
1.002625,-0.42861094756764456,-0.050094952656559305
1.00275,0.0010476967520217338,0.2031558154163779
1.002875,0.29310834180271705,0.2564251635591108
1.003,-0.02605005341600982,0.22112075837002973
1.003125,-0.15290780372727522,0.1219053117538375
1.00325,-0.08609364110739934,-0.16049395292523913
1.003375,-0.19407919150107966,0.2890826937964744
1.0035,0.2159873882432143,0.49239034587065017
1.003625,0.20254507712454367,0.18606429950146486
1.00375,0.1320025732000251,-0.02237782762342079
1.003875,0.12141383539045003,-0.12383225463023385
1.004,-0.4785327884518526,0.005543074352420211
1.004125,0.06881989910727612,0.11758487079199843
1.00425,0.37386986896151386,0.18149923308316374
1.004375,0.1574243361521104,-0.005238718703806494
1.0045,-0.12635666634542594,-0.3422659225208775
1.004625,-0.410278406706546,-0.3321364067688342
1.00475,-0.11175552960723922,0.10196438822225
1.004875,0.055759700844005035,0.3835035311843621
1.005,0.2900068807886755,0.04764217734995552
1.005125,0.08942272844388752,-0.011281663991265635
1.00525,-0.25641289216123786,0.06004821672826648
1.005375,-0.5670983719854662,0.16014239881316508
1.0055,-0.10287481743814937,0.33743156614494135
1.005625,0.10806222950822547,0.1618655547639238
1.00575,0.5305784075961585,0.35807640840174404
1.005875,-0.14188447771493204,-0.04090666999988851
1.006,-0.3911911025566825,-0.24782077860851415
1.006125,-0.17000576199027495,-0.21342930017276257
1.00625,0.30811546095952563,0.033201601183403616
1.006375,0.03321515077876457,0.35258732143928717
1.0065,0.22076696396172593,-0.18035863198031535
1.006625,-0.05659347100414619,0.024529474939617078
1.00675,-0.6220945617034626,0.17843884330593546
1.006875,-0.15299333859847103,-0.024884243031416352
1.007,0.16656425170370637,0.11810258075251197
1.007125,-0.003871529314399678,0.22373192551941928
1.00725,-0.24922404227565065,-0.32895616276243567
1.007375,-0.39135128779311945,-0.7160803561068183
1.0075,-0.1339028949173204,-0.08934058282256502
1.007625,0.32321170459997195,0.2978427922781227
1.00775,0.14310964492149394,0.4038371058109763
1.007875,0.3426220042839951,-0.07951109752812523
1.008,-0.03536211935054202,-0.37514544817532813
1.008125,-0.38110791494942065,-0.008511116391047261
1.00825,-0.21499755905480394,0.03158943775611375
1.008375,0.30850918062945176,0.14749425366397909
1.0085,0.3253908196751107,0.2608526288346403
1.008625,0.09617592079513786,-0.14465228460016705
1.00875,-0.19189883442749625,-0.7153275579583305
1.008875,0.13200269698753675,-0.41853362529013843
1.009,0.4224891180374816,0.08862387199146668
1.009125,0.28852616541253073,-0.02620532385579588
1.00925,0.14824664321822978,-0.04901039430083849
1.009375,-0.12544203780323046,-0.4383139898770634
1.0095,-0.22986201025202557,-0.05118389111150971
1.009625,-0.2987100638865687,0.18743381519368446
1.00975,0.5907079859696915,0.21493457344138167
1.009875,0.69318243869547,0.0725300921708215
1.01,0.18933719195289847,-0.488518562866274
1.010125,-0.18097466143416874,-0.34288145605896486
1.01025,-0.11158230027860284,-0.13825623960622996
1.010375,-0.005106948077347985,0.5295995081723993
1.0105,-0.04267370184879203,0.3462987063421274
1.010625,0.4063598690491626,-0.1735905516610858
1.01075,0.12171452294848426,-0.08785121110076556
1.010875,-0.26264130530031027,0.16048342095645884
1.011,-0.13242442563081272,0.26128055331392414
1.011125,0.32649967805884106,0.24017072708994996
1.01125,0.3886668655358419,0.22123412275421112
1.011375,-0.02668310367700862,0.06376856968673662
1.0115,-0.2464935352591118,-0.2322572594990392
1.011625,-0.16928523336278886,-0.36854242818684024
1.01175,0.2672622758622122,0.32555786455576874
1.011875,0.29787574029772085,0.6050983173601416
1.012,0.321369391426042,0.02476266135980179
1.012125,0.1678548202259689,-0.06820931963836745
1.01225,-0.28236782568679375,-0.12808290769930397
1.012375,-0.3125836761523598,0.2496249126848911
1.0125,0.10886556120826743,-0.007550370162864907
1.012625,0.3180053390292336,0.22132325026237604
1.01275,0.31607164164931084,0.32898187562591397
1.012875,-0.40183985354299323,0.04735579672784549
1.013,-0.23142762771668032,-0.178014230021288
1.013125,0.06815268669814582,-0.04475970403617827
1.01325,-0.16158720759338754,0.33557017362796826
1.013375,-0.053776567233945735,-0.2154902416550934
1.0135,0.15880646224743591,-0.42675535181339597
1.013625,-0.13906723578877658,0.03891291402554484
1.01375,-0.17020519185407154,0.11936297702321101
1.013875,0.04926629172020938,0.055263005130015024
1.014,0.3086408149933049,0.38834333670971216
1.014125,0.20641989637590183,0.20630766594468716
1.01425,-0.5508007794990396,-0.2600241585433832
1.014375,-0.30801341067815463,0.021401634426504744
1.0145,0.1029925091284963,0.31991998277288247
1.014625,0.09076700472322236,0.4655611903241011
1.01475,0.1826543206217767,-0.06712191155243262
1.014875,0.32975192539951703,-0.42668008544784974
1.015,-0.03618414074868981,-0.09863278798771986
1.015125,-0.2832462461095476,0.33845978438845065
1.01525,-0.15710211926514614,0.10371276626764436
1.015375,0.2296904657157259,0.1193574210899566
1.0155,-0.35553238579573215,-0.08008298524658036
1.015625,-0.5291596302533135,-0.15051181578362768
1.01575,-0.516615398116341,-0.0903246545791254
1.015875,0.09317333662651434,0.07614692909585986
1.016,0.13351805034447675,0.35031207267395403
1.016125,0.16443671285212627,0.09647898220351864
1.01625,-0.21735412514635963,-0.38151182120288946
1.016375,-0.1177718536014108,-0.3554940230035345
1.0165,-0.3228101947295453,0.19456131118037542
1.016625,-0.14070466891516467,-0.014082929942945844
1.01675,0.37713612436630733,0.04516954445980562
1.016875,0.30266775067957896,0.18899239611944016
1.017,-0.5232568447597631,-0.10791961903526727
1.017125,-0.5407454996475302,-0.3134509690489799
1.01725,0.16665629183727781,-0.02098525068315105
1.017375,0.6997375624669036,0.1863977682494075
1.0175,0.5815747381730558,-0.05937003973197159
1.017625,0.5854050840000427,-0.6431716556481852
1.01775,0.0854740403041044,-0.4347948953431801
1.017875,-0.14653464816847564,-0.10245954169940068
1.018,0.39249989417508935,0.07240825474765361
1.018125,0.5261306071431382,0.10876563471834128
1.01825,0.08776116807895194,-0.24252040125329194
1.018375,-0.6878031192722234,-0.05440903134291151
1.0185,-0.2796450531607165,-0.49908629962446266
1.018625,0.209412692337398,-0.09031531991012716
1.01875,0.7094300009699758,0.2978195561403029
1.018875,0.4132711812246668,0.2011461774442606
1.019,0.06234199230829888,-0.19297543790828572
1.019125,-0.02398233689376924,-0.4298475410008008
1.01925,-0.009019916959605044,0.26874136182232994
1.019375,-0.07861801929194738,0.4392315563506852
1.0195,0.13446555278772787,0.3406632084602413
1.019625,0.272155528327682,0.12253634614648672
1.01975,-0.27781182891526585,0.13329839763627607
1.019875,-0.6221103713904523,-0.4214218824826996
1.02,0.444034005039554,0.05408772339022939
1.020125,0.6064762373898693,0.526726644487975
1.02025,0.0036596431358600886,-0.0050663081123916145
1.020375,0.0675093697482079,-0.2852999326735506
1.0205,-0.21371745787226892,-0.2675241937562232
1.020625,-0.1296377578201667,0.013015851808098862
1.02075,-0.2065971945241671,0.5055421593635576
1.020875,-0.0035099953026303046,0.370957984747337
1.021,0.09170491414740525,0.10473333546236552
1.021125,-0.0636340287987897,0.02803801054019435
1.02125,-0.3367189177505074,-0.09764036512612487
1.021375,0.29183736983304803,0.02563544823256643
1.0215,0.4138018143703717,0.2556535222051877
1.021625,-0.0888044804890907,0.25659260964823544
1.02175,-0.08976420655472372,-0.5795144373530358
1.021875,0.14818195622026697,-0.381458499965646
1.022,-0.05686679230487041,0.1287042611487662
1.022125,-0.15510973511390566,0.25572807314145335
1.02225,-0.011710039781814644,0.2211013361855554
1.022375,0.2658762579286524,-0.30861189510836234
1.0225,-0.07471774043173483,0.029420476235360784
1.022625,-0.35461417173126725,0.01078679895565391
1.02275,0.060709640800387564,-0.08728848832624234
1.022875,0.38101979048554896,-0.009439109559404133
1.023,-0.08429956234339353,0.08277608872238792
1.023125,-0.13737450609801,-0.22634311284926872
1.02325,-0.26962293660354053,-0.23462566877532764
1.023375,-0.17387531917807894,0.1760914342128602
1.0235,-0.07554487359064421,0.24293616721385483
1.023625,0.15321202313017387,0.012361499058538273
1.02375,0.2781784078801861,-0.28453458376096413
1.023875,-0.40680885644183956,-0.04942280776829987
1.024,-0.429768744925455,-0.029256427061900788
1.024125,-0.25116355530628853,-0.08976840791132612
1.02425,0.40042308835672713,0.30111050490365693
1.024375,0.009963191937320736,-0.030538216987866015
1.0245,-0.10419103320104409,-0.4034818903599296
1.024625,-0.007042977186696217,-0.6907263114972811
1.02475,-0.028873472309280106,0.04205101704385072
1.024875,-0.11476784661430448,0.4240911664656298
1.025,-0.011222659054023884,0.14330840972109474
1.025125,0.14746970361389494,-0.2196914855261365
1.02525,-0.09624528692546505,-0.34046077561180915
1.025375,-0.6406612404273218,-0.13643993021127132
1.0255,-0.01220553108649149,-0.24242896709617598
1.025625,0.5117060488886551,-0.03255569163940227
1.02575,0.49204926940329624,0.0866091443567136
1.025875,-0.2392534844852627,-0.20063451212721126
1.026,-0.03166311963965856,-0.8687415810448628
1.026125,0.19345212772040407,-0.22762233075569946
1.02625,-0.1399977548892122,0.09775004212650452
1.026375,0.20069933153049702,0.1046676145519833
1.0265,0.6137637777850324,0.06659949524991624
1.026625,0.2384444229991052,0.07564874260133242
1.02675,-0.2850596958901944,0.10615737884263605
1.026875,0.01440251869684721,0.009458980351724875
1.027,0.5674221034531914,0.08192628166463155
1.027125,0.39496476812133874,-0.11066390933100259
1.02725,-0.09044213639302084,-0.01658294508510407
1.027375,-0.474000596974068,-0.23969744447432115
1.0275,-0.1012187094625229,-0.020190886878856944
1.027625,0.1776690396298257,0.47163317705162217
1.02775,0.1976023238226227,0.4623144483018063
1.027875,0.1682647878852982,-0.04482251737088303
1.028,0.2170404074768321,0.08695260161431764
1.028125,-0.49814045210578617,-0.23461213173388007
1.02825,-0.3945085540269876,0.12362245473529732
1.028375,0.3053641113214074,0.13583405639832924
1.0285,0.32083977155858645,0.37781935566383623
1.028625,0.0207974091049347,0.08424342398579132
1.02875,-0.3139536838958329,-0.07875112817665907
1.028875,0.14212279428753757,0.08505670322561548
1.029,0.2721716264599667,0.5822129942167436
1.029125,0.05162395342088622,0.3507685728068266
1.02925,-0.09890228868975082,-0.0602734078858604
1.029375,-0.2592566966055278,-0.5897930862566162
1.0295,-0.4081487591848539,-0.13167540397371888
1.029625,-0.20863933005866486,-0.03998155582510819
1.02975,0.1735295326720198,0.23379541387775254
1.029875,0.2351028230087619,0.36736120909997344
1.03,-0.13508942832125193,0.2321220836525329
1.030125,-0.548612447954437,-0.2157256113784305
1.03025,-0.1194851137982251,-0.21087421029168643
1.030375,0.04077825465542468,0.35367667042523754
1.0305,0.2080316684698332,0.36495544380008954
1.030625,-0.18864711273945617,-0.09955550018653009
1.03075,-0.1541228755717998,-0.5080035981527505
1.030875,-0.6058343577226761,0.2029206352520203
1.031,-0.43866550870160514,-0.06080530643274499
1.031125,0.22124015595398633,-0.020221583952360428
1.03125,0.5593115238194815,0.11362970738393405
1.031375,-0.02396068892739833,0.18841662384610716
1.0315,-0.6415307134229224,-0.3420999024209816
1.031625,-0.18078584975308515,-0.17757702513981158
1.03175,0.04880080593104309,0.19822205096029782
1.031875,0.14804694371823776,0.33399157566172727
1.032,0.24657803844263135,-0.08991420059246902
1.032125,0.05672816750151446,-0.4716163423127269
1.03225,-0.35468337905601505,-0.17885209960717047
1.032375,-0.32659372642330803,-0.03656274611865857
1.0325,-0.0658485163954637,-0.17520656745347432
1.032625,0.2053110412220089,0.23593497462748977
1.03275,-0.01645962405403039,-0.03175851860806671
1.032875,-0.292652225819079,-0.49733563640845696
1.033,-0.2560310253750361,-0.2831080421039602
1.033125,0.5963070153985439,0.5936206349589623
1.03325,0.39986628004370733,0.44793470942473607
1.033375,-0.045353408904032146,-0.13347301423116442
1.0335,0.040918916924458155,-0.7992822081393683
1.033625,-0.16876449507893118,-0.2572416839111978
1.03375,0.03872264656993463,0.16304682555417502
1.033875,0.19723874693225613,0.017409535559129705
1.034,0.5718298596503786,0.07642975689532736
1.034125,-0.04983795500751771,0.05571964560467524
1.03425,-0.4156134717198116,-0.1730826150667622
1.034375,-0.21468109216189837,-0.2620469961595787
1.0345,0.3755662915703,-0.0010566217453005494
1.034625,0.1593663524446644,0.4022846051118916
1.03475,0.1788832772783649,-0.1387758695538017
1.034875,-0.12137500385144961,-0.5443660116119339
1.035,0.1893093723921968,0.05217414497223144
1.035125,0.0446119685828069,-0.05734066202369963
1.03525,0.1514436395779914,0.17591909429775707
1.035375,0.6207672438417255,-0.012911806380003155
1.0355,0.015028545393681083,-0.1947292388804147
1.035625,-0.6462022992431152,-0.1345518153486342
1.03575,-0.5722917051024914,-0.3185691872555647
1.035875,0.021929577770518852,0.2919658485465855
1.036,0.2327956914768136,0.6218175339033736
1.036125,0.16964571537349601,-0.04639512506811946
1.03625,-0.19540221834631838,-0.5794161145822023
1.036375,-0.33290651534252963,-0.21935651298239617
1.0365,-0.2057290292289845,0.4765674231620223
1.036625,0.37585689966692937,0.49578961515389236
1.03675,0.7608680819681602,0.13083591748816736
1.036875,0.49247174813136163,0.10495811721719231
1.037,-0.47218964796962004,0.15478911129344558
1.037125,-0.15185602833172804,0.10801235795587838
1.03725,0.16853197718000604,0.028663883151487005
1.037375,0.13602121793190466,0.47723904272284934
1.0375,0.10402222822863044,0.06645546781096506
1.037625,-0.39133828252802877,-0.6719599217246867
1.03775,-0.2513743324719586,-0.39236381791905944
1.037875,-0.34151889199096647,0.45699485077497126
1.038,-0.043662386589197556,0.16589842575627875
1.038125,0.666750162800583,0.38597706757699074
1.03825,0.17483312911728796,-0.0016105024115519182
1.038375,-0.45055318923518073,-0.32039039249130113
1.0385,-0.690234797520716,-0.14958633619409495
1.038625,0.26217537798012425,0.2760120841597306
1.03875,0.38673316842778793,0.6356369624120989
1.038875,0.012774703246496847,0.40524016376235084
1.039,-0.25227563919244733,-0.4953660016893036
1.039125,-0.041379331867279504,-0.22867278255986717
1.03925,0.05125959455931334,0.1910230284918279
1.039375,-0.2774060469593621,0.4298194697754484
1.0395,0.2153581760701733,0.31370742972843446
1.039625,0.21769142636655653,-0.1668751395461966
1.03975,-0.5399474586998603,-0.24836902661986068
1.039875,-0.6275487547612889,-0.16312818930171166
1.04,0.11265102485741486,0.16081512190493566
1.040125,0.40796698886980753,0.4473893287028505
1.04025,0.2307403313157331,0.24071289656647896
1.040375,-0.3599233663938934,-0.4191735947058078
1.0405,-0.10266101119468274,-0.35553646258809835
1.040625,-0.45905356576476414,0.2043727575242846
1.04075,-0.03899716373168947,0.15284981200788642
1.040875,0.16955544538172868,-0.004369508164996997
1.041,0.21982922160605237,-0.23036128530540156
1.041125,-0.5071994228509996,0.013582114802430234
1.04125,-0.6106336336023804,0.007451575378395962
1.041375,0.014988143737380524,-0.2221997190185724
1.0415,0.4253879667967677,0.21773589444089156
1.041625,-0.06228499441206667,0.06704500855510727
1.04175,-0.21017251428791214,-0.38999359895145297
1.041875,0.11703874178789675,-0.5974530101510606
1.042,-0.35061683029058555,0.10088311121111819
1.042125,0.0945086051694494,0.2266646791434732
1.04225,0.4711655914439535,0.12135387095392258
1.042375,0.517510402846163,-0.10936534120603451
1.0425,0.10989846151602783,-0.17434469337200922
1.042625,-0.38494378760671033,-0.373932694694228
1.04275,0.333224716990884,-0.1305873680727076
1.042875,0.774048357276083,0.24265704428168977
1.043,0.24734874948260938,-0.035549433236447096
1.043125,0.046571278876087155,-0.41019071753146935
1.04325,-0.1769529935319796,-0.41363851333202895
1.043375,-0.07220545180406789,0.027768610207166936
1.0435,-0.2101814689932964,0.43053500348619983
1.043625,0.46368648635442966,0.21768082901244978
1.04375,0.17557167865002304,-0.2666852081770273
1.043875,-0.08482373621719415,-0.27917214926484735
1.044,-0.3648849389217042,0.2077878940617314
1.044125,-0.2840670521699575,0.07922040892846043
1.04425,0.33682035637415725,0.4521213439937649
1.044375,0.4685432686774568,0.6120914718094693
1.0445,0.06617062006977417,0.05626752319128331
1.044625,-0.16713059993421026,-0.37076354346087925
1.04475,0.3084632853591709,0.34056653637526507
1.044875,0.21778532028927128,0.71435236874624
1.045,0.2668455038960716,0.19095444477521184
1.045125,0.13704476964673246,-0.05530440642088649
1.04525,0.06636034170668059,-0.21467606950883855
1.045375,-0.46749907273834257,-0.310913304578331
1.0455,-0.020395143393460574,0.2982049871120771
1.045625,0.47556342554922304,0.17137052712779266
1.04575,0.12545576116548246,0.20651606198259756
1.045875,-0.22257870436687163,-0.13803832123232285
1.046,-0.4281544653547852,-0.5301567953420345
1.046125,-0.07109548603043549,-0.1950752392565103
1.04625,-0.36083690885658526,0.3803469085124213
1.046375,0.2744830993980805,0.2817570817535606
1.0465,-0.1532312539020823,0.04012799741446706
1.046625,-0.04553539900648661,-0.28615793757202285
1.04675,-0.5106667312226018,-0.05816903394918595
1.046875,-0.1291106557906121,-0.03051935985609479
1.047,0.7823788140322825,0.053380542667105145
1.047125,0.5516199923899291,0.41572690467973233
1.04725,-0.10274360882531873,-0.2112323499423287
1.047375,-0.24170030062644687,-0.2769910162623875
1.0475,0.12737074188018674,-0.11754874511103178
1.047625,0.03321929599443834,0.3772548348354653
1.04775,0.15076722748898247,0.17816411990733802
1.047875,0.05373371569805249,-0.06169364205949817
1.048,0.10319737478228838,-0.25153801735391257
1.048125,-0.5492213100813221,-0.1713641993602569
1.04825,-0.11273880886202747,0.05788732948034278
1.048375,0.3247430363862549,0.1577634466632959
1.0485,0.16990266677607696,0.3929661764513172
1.048625,-0.14375656177405782,-0.1270209512671023
1.04875,-0.5461093958057364,-0.41498331646631265
1.048875,-0.3407958210983892,-0.3188067067836763
1.049,-0.15682087752164917,0.722152233752531
1.049125,0.18789783676256158,0.32300440611342
1.04925,0.018827715813369315,-0.21312738268408324
1.049375,-0.03053829999692348,-0.1836077620886166
1.0495,-0.28018679630464677,-0.03156341692947227
1.049625,-0.4614945813178359,0.12996365612465313
1.04975,0.44875605328016943,-0.13723770269480376
1.049875,0.41471104825674315,0.17959134201667054
1.05,-0.20155650563816982,-0.10387301884844935
1.050125,-0.2790377779278374,-0.3829875052656214
1.05025,0.09607755093899847,-0.09423540598677192
1.050375,0.36227740272132897,0.40535688725562735
1.0505,0.4287978836398519,0.32279005894431556
1.050625,0.03914363050368962,-0.38141429167887286
1.05075,0.10666193865963362,-0.5369815994400283
1.050875,-0.43462726934261064,-0.3645678521556621
1.051,-0.1654125486965071,-0.009194946770079678
1.051125,0.2815189107057338,-0.28674520686561356
1.05125,0.5161607756713168,-0.1792241107742854
1.051375,0.2379430681405126,-0.0962811032859723
1.0515,-0.4373333495168652,-0.33509226375127543
1.051625,0.020864767943279232,-0.051012838960047026
1.05175,0.37382592391629166,0.17509135540447338
1.051875,0.4408105798899841,0.32517353984882025
1.052,0.2501665743165452,0.10121829638009908
1.052125,0.30978257204794263,-0.17920762415858824
1.05225,-0.06555662716244764,0.054592027159820866
1.052375,-0.4715071425127278,0.3656966166869941
1.0525,0.4355864595853263,0.3311823640014177
1.052625,0.4889480057059095,0.3648130672847065
1.05275,0.1286064800116547,-0.10990967613275619
1.052875,-0.40159813940985634,-0.1170406916481696
1.053,-0.004200972944463417,-0.48853912682408746
1.053125,0.36804559873589626,0.3939092837640848
1.05325,0.3293577846910243,0.6557162021453439
1.053375,0.06095480330059755,0.2143971707947743
1.0535,0.1068460397411841,-0.31745370911030363
1.053625,-0.3272923518863165,-0.07572775848344113
1.05375,-0.39024870594417993,0.05423228001249942
1.053875,0.17560931537188143,0.2802007191412663
1.054,0.45639626523180166,0.13303314095490604
1.054125,0.09559672951500715,0.06493483629974074
1.05425,-0.5046514114378817,-0.17789730149699493
1.054375,-0.4493367645435339,0.034296441846674214
1.0545,0.11422981740705522,0.28600607812042783
1.054625,0.13665238601287924,0.506620161276976
1.05475,-0.3084334117106698,-0.055938954567804115
1.054875,-0.10569571017983301,-0.46322395554541257
1.055,-0.13106368259065673,-0.12820069050137203
1.055125,-0.18967974495918272,0.31048833279041066
1.05525,0.11705066030821902,0.12878551712389205
1.055375,0.3421872124651589,0.017745237065518067
1.0555,-0.04520621421075486,0.03725606493874955
1.055625,-0.5709422172404133,0.04074998261086959
1.05575,-0.20984242307484252,-0.153886351303757
1.055875,0.4376423625138455,0.15773399455391604
1.056,0.013049938130934528,0.6020486700635566
1.056125,-0.1620782259661208,0.015934183020951207
1.05625,-0.20356773634470543,-0.5120329254739681
1.056375,-0.49867248879668574,-0.3384022799746833
1.0565,-0.6168186831176401,0.10347485445093123
1.056625,-0.1533516163706472,0.11492176145632355
1.05675,0.47532482391707903,-0.027275785811762918
1.056875,0.260280998329509,0.0620044312244443
1.057,-0.5347677111976956,-0.14325159770694137
1.057125,-0.4896094205868229,-0.0737717761224212
1.05725,0.0856527823575616,0.09114845862012318
1.057375,0.22059418966837263,0.5195419180702537
1.0575,-0.0005853722256195482,0.14165934429113952
1.057625,-0.5457807529978862,-0.27431875623428126
1.05775,-0.34307488870712766,-0.09950203278921263
1.057875,-0.15138131009900904,0.43125395229174207
1.058,0.03401027247186105,0.2436502836211766
1.058125,0.07775557084073507,-0.02888797455807661
1.05825,0.018034872585920743,-0.1679105968530192
1.058375,-0.7828554733209011,-0.25505759297799263
1.0585,-0.6615349056529297,-0.5033952862914172
1.058625,0.23692000061310864,0.16258126392418362
1.05875,0.5195174687497703,0.42981798084145606
1.058875,0.25475666606077907,0.16759992228416803
1.059,0.06648851065350882,-0.46214142920094414
1.059125,0.1425685063798941,-0.5582542056480445
1.05925,0.1298633036699435,-0.106759030473246
1.059375,0.42516820397464555,0.03138042194927493
1.0595,0.7495510816481777,-0.13157511416296241
1.059625,0.5886397477668751,-0.47096966445627714
1.05975,-0.29973519641738683,-0.3711706170051695
1.059875,-0.40314626852459884,-0.2649478904649281
1.06,-0.10597193641315882,0.27700969186594104
1.060125,0.536693328160556,0.47771284351653975
1.06025,0.3838415181134541,0.023290505392594408
1.060375,-0.0805428645223318,-0.6208972501385881
1.0605,0.1213084785742747,-0.3836188971518715
1.060625,-0.05256577909988226,0.13680990815114527
1.06075,-0.045062869842851,0.6456806235119796
1.060875,0.18954177230826527,0.2382890805789759
1.061,0.4629038744711864,0.11681604810802769
1.061125,-0.37476429435235126,0.12087228775973163
1.06125,-0.40459965915632234,-0.15487641507219452
1.061375,0.16423083257462295,0.20160126161378938
1.0615,0.4261770566936277,0.7284711639192296
1.061625,0.09481120627563489,0.32164847436038957
1.06175,-0.24223541616785094,-0.38068449893428086
1.061875,-0.08920408032384088,-0.46714258804813014
1.062,-0.11048352744609624,0.014385189535974629
1.062125,-0.041139982222403775,0.5357479341845777
1.06225,0.33403956868733875,0.08928847583491781
1.062375,0.19022607595883995,-0.26463860019239716
1.0625,-0.40635404966696737,0.03848236134828899
1.062625,-0.3814000807424526,0.015228065080501093
1.06275,-0.19201959956215095,0.2685810186755322
1.062875,0.3545504830831146,0.3175182541594932
1.063,-0.12524959075106415,0.4011608247992094
1.063125,-0.2364373841328117,-0.26735318723459567
1.06325,-0.2593714704571228,-0.35663928267371475
1.063375,-0.009128099660900382,0.09275349481406907
1.0635,0.22754387828474817,0.6243256666122059
1.063625,0.16278243059591366,0.3031815615240317
1.06375,0.201640289934576,-0.04394337239994784
1.063875,-0.3708824642972606,-0.1217809790978662
1.064,-0.16860263747587448,-0.002765900111496044
1.064125,0.13054282154675545,0.10972166429288438
1.06425,0.3963142319120872,0.20315845667639695
1.064375,0.4375836870607993,0.20470029290157973
1.0645,-0.43409691982028903,-0.2964392656876091
1.064625,-0.16557453329267885,-0.5851762781732702
1.06475,0.02073844767774372,-0.03349855657435485
1.064875,0.02269282750513219,0.3644081672715528
1.065,-0.0452947776254232,-0.038787055397845105
1.065125,0.03797808038510831,0.17081569927375573
1.06525,-0.21267499162855644,-0.006869758782698086
1.065375,-0.7288924147469978,0.12996773280191862
1.0655,-0.5573184022447141,-0.012233084495465988
1.065625,0.484450433624249,0.12665912540206936
1.06575,0.45828454096174326,0.2566434301158662
1.065875,-0.29898527861606605,-0.15149036325997203
1.066,-0.4062334406981918,-0.4442066067023002
1.066125,-0.2642285638085557,-0.12937083647278724
1.06625,0.05363381292399078,0.518044368556681
1.066375,0.0947847376681084,-0.1168439720205444
1.0665,-0.03373295483228417,-0.07610756868874351
1.066625,-0.24698679246916602,-0.07490003664821608
1.06675,-0.3438956749860694,-0.050437118866562554
1.066875,-0.18661910632957696,0.027678941293025797
1.067,0.3715989054418708,0.05331639598628775
1.067125,0.3859626298314681,0.11941755643367327
1.06725,0.02915951671125756,-0.1779486840022273
1.067375,-0.34039765640064534,-0.6660607543542711
1.0675,0.11026891659874843,-0.2967267978003543
1.067625,0.24032740517611043,0.42147254289181757
1.06775,0.39601711215994473,0.20255368692429207
1.067875,0.5750996092576616,-0.5261322680626698
1.068,-0.03109371002839996,-0.5114167163639994
1.068125,-0.2106008907545711,-0.09958387980931713
1.06825,-0.2115644051390152,-0.051797524438240254
1.068375,0.4183522352068725,0.20094878636652197
1.0685,0.5558455379397419,-0.10893467160962464
1.068625,-0.021494407256963863,-0.15032651850650883
1.06875,-0.4592339255956766,-0.34033535063841847
1.068875,0.060148302349970005,-0.020467121117025495
1.069,-0.2258719191168626,0.43661842219661606
1.069125,-0.18787305304884236,0.43891336998089153
1.06925,0.20891307951000718,-0.1326957836778041
1.069375,-0.11129518863852275,-0.0488498383032595
1.0695,-0.3787342446004755,0.2673050721533434
1.069625,-0.3150925628448274,0.39265954421795246
1.06975,0.6017496611855899,0.30319018305464746
1.069875,0.8863822801616354,0.24408219148838034
1.07,0.19689680829897382,-0.032211952507059584
1.070125,-0.28169132767384136,-0.18486868870607334
1.07025,0.0781841300487755,-0.2781717485003992
1.070375,0.38505579424464176,0.4608575195325879
1.0705,0.17768229287807105,0.5252721641862483
1.070625,0.3078484649827524,-0.017189508177940013
1.07075,-0.0005437833817103811,-0.52753345468166
1.070875,-0.38450048501838624,0.023641366632733186
1.071,-0.3387339525071996,0.0229221962998111
1.071125,-0.25178290894215744,0.05361813793771659
1.07125,0.08690271562117652,0.04019534469371804
1.071375,-0.1968661692693805,0.038179887473686745
1.0715,-0.2968024563508561,-0.29360878301806986
1.071625,-0.14001610686961086,-0.1353698109669187
1.07175,0.022147387647609623,0.11451421221336333
1.071875,-0.0044634524846343384,0.8918086665050815
1.072,-0.007520199592843722,0.23298105283062764
1.072125,0.14636257442181347,-0.13487324585290206
1.07225,-0.30860369365307566,-0.1331791180652489
1.072375,-0.22412167532210278,0.07565331834768325
1.0725,0.13711439219072438,0.21345233483118614
1.072625,0.43324637489989176,0.1272028437693784
1.07275,0.2071664310523186,-0.19766696306381185
1.072875,-0.46288056767951813,-0.48864477920996563
1.073,-0.6018265408620277,-0.30661051975320075
1.073125,-0.06048557926132667,0.02093848740843498
1.07325,0.3212878952385161,0.22523775059159634
1.073375,0.2263364231081337,-0.2931943414180183
1.0735,-0.08653411755960547,-0.4966792546630417
1.073625,-0.48599965904944736,0.01899771707985004
1.07375,-0.6382448410734161,0.08831790749013237
1.073875,0.06370072191387656,0.051706319511160136
1.074,0.25453193295776155,0.10319686032769662
1.074125,0.13075188117632344,-0.07964497598522906
1.07425,-0.5446322936334694,-0.026151075495052578
1.074375,-0.46904687151277175,-0.46434300650447785
1.0745,0.07157306638517111,0.07889427771404994
1.074625,0.2575576567166687,0.495373893570606
1.07475,-0.08175623841730789,-0.050738900134384396
1.074875,-0.05122686599842,-0.2428105759201575
1.075,-0.25766563261052117,-0.21931899700436228
1.075125,-0.15328856686807646,0.02619886363503759
1.07525,0.1970915590918218,0.11322333915419461
1.075375,0.4814891988133365,0.10968527730456572
1.0755,0.4708067583422704,0.05984334471121821
1.075625,-0.27283845669412266,-0.5042006556524724
1.07575,-0.0779971022323471,-0.29954788808718713
1.075875,0.5421600037481016,0.0964666239453848
1.076,0.46672693608500254,0.5991514977764084
1.076125,0.07981514458807466,-0.09577013917527635
1.07625,-0.09796287771679525,-0.7109261511570811
1.076375,-0.18493611527305717,-0.38304035808520975
1.0765,-0.37988612992723464,0.0889515908098356
1.076625,0.2120434806280213,0.22066832144084086
1.07675,0.43838609855298194,-0.049177116002030175
1.076875,0.3254685885603314,0.15417922179625596
1.077,-0.5362777937883842,-0.15396339862660346
1.077125,-0.17786923774412647,-0.28562015280875575
1.07725,0.2661639750192912,0.301152968356125
1.077375,0.3853159597487245,0.3863767141378721
1.0775,-0.059047444971022045,0.17456268314897563
1.077625,-0.09435688259234794,-0.25218488760348584
1.07775,-0.23701217226357912,0.041154176166779785
1.077875,-0.35005748112091184,0.4043511771144726
1.078,-0.08112686923664648,0.5947513056567336
1.078125,0.6553813574038906,0.14433948907927333
1.07825,0.387171384591538,0.19767893620509547
1.078375,-0.2784186243406258,-0.2947984510512306
1.0785,-0.5160188761575711,-0.03421515765740511
1.078625,0.22401252077342657,0.1353016297366254
1.07875,0.26702137160204487,0.30030470789650426
1.078875,-0.04538330848277215,0.09490532896629066
1.079,-0.24436081574573604,-0.34029102778620035
1.079125,-0.06351962536029575,-0.3973483918271518
1.07925,-0.09531157947888008,0.5989730729101906
1.079375,0.12847624553275627,0.1295969757765386
1.0795,0.5361470382304352,-0.10593181311090659
1.079625,0.2563839915484506,-0.0658830154490723
1.07975,-0.3426190098536219,-0.1852832508263822
1.079875,-0.46320810834821136,-0.2130790183025954
1.08,-0.07059982580439433,0.20464791441501726
1.080125,0.43150070853650224,0.6099409356278437
1.08025,0.009015890114427726,0.20671572749752054
1.080375,-0.20801915994880257,-0.26723799956219235
1.0805,-0.3963955833729473,-0.5001448425895852
1.080625,0.06539167468216771,0.1369828444292783
1.08075,-0.008994824732384887,0.26101836274314644
1.080875,0.2244492653857258,0.07223461998175766
1.081,0.22130047833152136,0.04491931423410645
1.081125,-0.34315688062778354,-0.06585338205932703
1.08125,-0.6633608457022828,-0.30834757572191257
1.081375,-0.08583406484056295,0.08837139100647633
1.0815,0.25119646981473315,0.6527123808933456
1.081625,0.2138450908070166,0.2183298760206349
1.08175,-0.2294707838780036,-0.28295476028485284
1.081875,-0.21538202854146798,-0.3730435059627369
1.082,-0.031153569731909633,-0.12135038241303744
1.082125,-0.134721303171785,0.5409119017988085
1.08225,0.005061311705078487,-0.16892062413731262
1.082375,0.09204716341580194,-0.13545324380063292
1.0825,-0.45484725139731097,0.009324416960016818
1.082625,-0.7583764116762651,0.005209142441647021
1.08275,-0.2606877462677629,-0.03677118488969807
1.082875,0.18233498635418408,0.2715590305268716
1.083,0.21804247833779752,0.3745824138600654
1.083125,-0.11022955501083033,-0.20092287149386676
1.08325,-0.18677767385760752,-0.30413391724121136
1.083375,0.08182431209921241,-0.10499758152373666
1.0835,-0.10421510649104743,0.4711721100424164
1.083625,0.2732838879383568,0.09847366949865247
1.08375,0.4396782766456729,-0.28937989552212556
1.083875,0.3412696587044204,-0.4165622710637185
1.084,-0.15143656255135682,-0.20676393621698494
1.084125,-0.13418701592716895,-0.053063786181531666
1.08425,0.43775012430386856,0.08537444742327069
1.084375,0.12086015161612859,-0.0803854090481644
1.0845,-0.16924582700624755,-0.41526300305100083
1.084625,-0.09648555132047167,-0.8252299502899726
1.08475,0.1742060949645335,-0.1295040709426512
1.084875,0.21692661634915097,0.26100931529296295
1.085,-0.13491437602633344,0.3269472190521038
1.085125,0.44806211434392973,0.22305050968967788
1.08525,-0.060927022014797404,-0.35183258109848625
1.085375,-0.4425603407904756,-0.2829521937368966
1.0855,-0.10018826139309063,0.0655050095483343
1.085625,0.5462206824729471,0.1851966887698407
1.08575,0.3230419200030574,0.3556451915407554
1.085875,-0.07526007292678047,0.037209913829372686
1.086,-0.1570985685544576,-0.23322362574233507
1.086125,0.018328864810379937,-0.16438284465206482
1.08625,0.24246616404239002,0.3488535373686065
1.086375,-0.003290183461329772,0.17074164033097589
1.0865,0.06904985766566325,-0.13923149661237894
1.086625,0.019353199588876092,-0.13206198649463002
1.08675,-0.30086982824234876,0.23236468783507885
1.086875,-0.1834807781451551,0.4520250510430134
1.087,0.6049077408261998,0.23174870176729734
1.087125,0.30647392122411377,0.1985657902838783
1.08725,0.0018534415486011451,-0.10027791914279535
1.087375,-0.054377848317250385,0.021642716336590692
1.0875,-0.22332683560859207,0.010687830554814617
1.087625,-0.08004021658148787,0.5323521483365222
1.08775,0.13224248865116142,0.6105886468308686
1.087875,0.06754558437577482,0.02453692124610256
1.088,-0.2842272473857868,-0.2873404825895793
1.088125,-0.4515404623853907,-0.1033247782040359
1.08825,-0.2528621375172607,-0.012571152409766332
1.088375,0.3322353573266299,-0.00043361481186296805
1.0885,0.3570787355746084,0.20801423299664332
1.088625,-0.29733619597319977,0.11771654753345483
1.08875,-0.2732658916181553,-0.38787549940574234
1.088875,-0.1584151355140797,-0.11683641667449601
1.089,-0.039969851979375505,0.30804447283227
1.089125,0.18614781066663788,0.42966162128309127
1.08925,0.40916790216742677,-0.1222908420824793
1.089375,-0.04801650390938181,-0.06758150897427904
1.0895,-0.3524900875599425,-0.010989654832602619
1.089625,-0.2902001023105099,0.08128929898343533
1.08975,-0.04499162605287596,0.0835973919875015
1.089875,0.3829728893504889,0.13952964228576328
1.09,-0.2934177377250236,-0.19439395437380036
1.090125,-0.45585449650399695,-0.5316210413914942
1.09025,-0.16020807649850147,-0.17724675454058508
1.090375,-0.23819466528375097,0.11929873603760222
1.0905,0.13668297639279714,0.3381303629960542
1.090625,0.035933394097827004,0.00585782167660598
1.09075,-0.17081331991183168,-0.12112347061456341
1.090875,-0.3060171080169675,0.038859624229121606
1.091,-0.5492422917856159,0.13792440464942257
1.091125,0.043086703334548976,0.004650585125639831
1.09125,0.3209179050283481,0.1762185600466677
1.091375,0.08189773125732035,0.20230361064286884
1.0915,-0.25787907583336234,-0.412508043847867
1.091625,-0.25729460468274595,-0.4072782699059658
1.09175,0.1337785091512653,0.11232155488548105
1.091875,0.2854221083292137,0.3660075147714522
1.092,0.21485868175301664,-0.06864401335961286
1.092125,0.0036711483616171116,-0.6568670386711317
1.09225,-0.06957087840764656,-0.25322445160112067
1.092375,-0.36194536680865547,0.10570447181658008
1.0925,0.21678097917213748,0.21418855171339418
1.092625,0.4406188433614655,0.09936557186020986
1.09275,0.19120374489595343,-0.021666318917376252
1.092875,0.06661225321973187,-0.28111206204065026
1.093,-0.04514718748826226,-0.41487743343173494
1.093125,0.4281178658508377,0.3545242192842053
1.09325,0.44951449790980547,0.3246649963305851
1.093375,0.19105214759371894,-0.18486447205913828
1.0935,0.14185375083499452,-0.43768101688711736
1.093625,0.014656433809482713,-0.2341345460524847
1.09375,0.11571505116164832,-0.009118261019175972
1.093875,0.2813252235693071,0.15689815169590432
1.094,0.47637545944857446,-0.07269921730476296
1.094125,0.1910761020674726,-0.07754640673812059
1.09425,-0.807740382356128,-0.11198839068489094
1.094375,-0.06566309494764935,-0.14378306561371187
1.0945,0.4286093367774914,0.007463001018623676
1.094625,0.2551896406377587,0.5066259535084999
1.09475,0.04047633673052126,0.010564029238543734
1.094875,-0.012748210717707903,-0.01718521888540828
1.095,-0.23013790576203105,0.21199122740047127
1.095125,-0.459683461164039,0.2748155504043544
1.09525,0.12259210557444446,0.47843640789068337
1.095375,0.040463105471612186,0.23118300430854286
1.0955,0.05076231079288116,0.08587843886184018
1.095625,-0.3651866495259997,-0.3301823563283733
1.09575,-0.13791509683120948,-0.27545586790763826
1.095875,0.34488094176186984,0.07557261392272198
1.096,0.26117498863611727,0.3715166082437147
1.096125,-0.021290447825595735,-0.06191140609241742
1.09625,-0.12841586702965951,-0.5662280840636147
1.096375,0.10839917122098552,0.0017072581970843253
1.0965,0.013659525625646589,0.3329518381370762
1.096625,0.16776160038857027,0.4296095869279423
1.09675,0.3623641280990593,-0.012433757242082009
1.096875,0.35093601219693626,-0.13311703907750835
1.097,-0.4533390663847567,-0.24112906059663566
1.097125,-0.13234586926954192,-0.33510440223407634
1.09725,0.2186772397120288,-0.005411997590146713
1.097375,0.4306327695981156,0.32744937939427476
1.0975,-0.11245959650002993,-0.16209242459896625
1.097625,-0.34715858010579814,-0.3575897102331841
1.09775,-0.1414141089804729,-0.18952869262828667
1.097875,-0.14851830938941105,0.14695011519514192
1.098,-0.10292962128083619,0.3509253495762062
1.098125,0.7366212100632917,-0.0646252776504219
1.09825,-0.01305388833623234,-0.24223721122701575
1.098375,-0.47490298467124553,0.25709271333499234
1.0985,-0.42293322701523756,-0.21054539056125174
1.098625,-0.23069324622760395,-0.15828262711688532
1.09875,0.24918493691252175,0.14039485643442878
1.098875,0.19911831394346705,-0.06583525083466871
1.099,-0.24089469792935309,-0.3783752385950767
1.099125,-0.12457800241328193,-0.5025964789728586
1.09925,-0.358590473431623,0.19031727991200373
1.099375,-0.19586828791114866,0.2161837269851045
1.0995,0.08554191671360392,0.2007570647328308
1.099625,0.0025597452588046084,0.04362985667903382
1.09975,-0.4639300753207568,0.030431749977304523
1.099875,-0.3045012404390249,-0.026529008603492235
1.1,0.1911152131883988,0.10888670564778231
1.100125,0.5691391695617458,0.18364155908094437
1.10025,0.46159338217669055,-0.04961195391613552
1.100375,-0.14649149906592726,-0.5151021354915163
1.1005,-0.0038936402010495644,-0.5039749497946566
1.100625,0.01593038103421175,0.07306205933463983
1.10075,-0.1619647899669487,0.16007604824912514
1.100875,0.447588029923634,0.024574827885665763
1.101,0.3250435885751983,-0.315083529740262
1.101125,-0.11221674043180133,-0.2655437602501698
1.10125,-0.21835901829324686,-0.14143837943682186
1.101375,0.20501211583655696,-0.2268299187670251
1.1015,0.46526807601992504,-0.05756363170520314
1.101625,0.18813670920539344,-0.14277723360723457
1.10175,-0.23523429591189962,-0.4083720394617264
1.101875,-0.1510595869568994,-0.3049896949648152
1.102,-0.17532329162024854,0.17026067532318007
1.102125,0.06961112316472952,0.5926003107424952
1.10225,-0.04569976688743197,0.17082180964468408
1.102375,0.4223105826204855,-0.26501236369696596
1.1025,-0.10968371566324486,-0.22777804391262063
1.102625,-0.23914509660790542,0.07989597599198497
1.10275,-0.06315153115620736,-0.025789063061875523
1.102875,0.17372916120704068,0.373439508329857
1.103,0.11799890202106582,0.25062895372732213
1.103125,-0.19816264903520173,-0.11482334888593515
1.10325,-0.013700871624633992,-0.03230508459473765
1.103375,0.2731746129860249,0.13502849316287785
1.1035,0.09874594866164352,0.5919319403924201
1.103625,0.1061974933859949,0.18403640395319276
1.10375,0.18970501128816963,0.007774294246287386
1.103875,-0.19528624323980323,-0.11267795592509965
1.104,-0.1746729743377289,0.11154963100232938
1.104125,-0.3310816603740329,-0.08260769394375791
1.10425,0.13419148790173535,0.1462341281180315
1.104375,-0.03528283708457483,0.3157783603233915
1.1045,-0.42299047035477333,-0.21921022815695224
1.104625,-0.23105657076208763,-0.13612289787687976
1.10475,0.07690422169825728,0.182063025172707
1.104875,0.25066310025973276,0.2900953495365588
1.105,0.059835688573847294,0.07437859125813086
1.105125,0.2258552873055036,-0.13502326202764367
1.10525,-0.1621870642995292,-0.2604978551645067
1.105375,-0.46408490565605665,0.19398871391320277
1.1055,-0.14221372426344356,-0.028955697488720497
1.105625,0.44187958590094584,0.1024115493915031
1.10575,0.11924069206707467,0.18844391128664834
1.105875,-0.15907651520545618,-0.08472441189823526
1.106,-0.5092638033120771,-0.21898025318551861
1.106125,-0.1205391123650942,-0.18734434463946162
1.10625,-0.19621493647066135,0.1737751349597118
1.106375,0.28897629111783085,0.08111926839061395
1.1065,0.3847025812641513,-0.14568232507045595
1.106625,-0.36631799624820244,-0.12271318485437444
1.10675,-0.22136637566575926,-0.030919261591620742
1.106875,-0.3893223895483377,0.39291337331318826
1.107,0.030874685932588748,0.21884949684949614
1.107125,0.008708294321427779,0.1268514994192896
1.10725,-0.31115118291202826,-0.0029587912108028484
1.107375,-0.41318131424179116,-0.2935619562402811
1.1075,-0.3387254758596797,0.038729178570997586
1.107625,-0.009066097285489384,0.33563014638496774
1.10775,-0.21845522025887915,0.16156807223330563
1.107875,0.009661621161914968,-0.26567825006675505
1.108,-0.2144271599922909,-0.5040994863371483
1.108125,-0.31072171036399887,-0.231339084886881
1.10825,0.039984053757131675,-0.04321085346867455
1.108375,0.07339259975990817,-0.061611718361247146
1.1085,0.4566704232942876,0.1462420947523383
1.108625,-0.22065057031320556,-0.2184729376454514
1.10875,-0.2730277003271794,-0.30272660783238675
1.108875,0.07807871434662361,-0.3684586670234195
1.109,0.2784204854166959,0.06694835887698974
1.109125,0.1613242481637236,0.03560374417569994
1.10925,0.593266320572214,-0.5456469792654755
1.109375,0.29895907771479896,-0.2842510646154302
1.1095,0.06933632476191065,-0.2225238033333703
1.109625,-0.07845927785689533,0.02709422730719236
1.10975,0.3799742448046665,-0.1432889960594104
1.109875,0.721503349870098,-0.00912361025307394
1.11,-0.027660381613229607,-0.0350863346119611
1.110125,-0.40933294035722956,-0.33816787488375005
1.11025,-0.3538018849605485,0.04287161950875097
1.110375,-0.006291580105649254,0.4504681138591077
1.1105,0.09073300845842826,0.24882980767835697
1.110625,-0.14414392572648654,-0.2101377380644719
1.11075,0.03511268988616367,-0.29026189405676445
1.110875,-0.2322974561717372,0.1703126876398678
1.111,-0.07338137701375497,0.30650664524223986
1.111125,0.10362585853009058,0.09213226974574942
1.11125,0.17763332883939786,0.3733658212907537
1.111375,-0.31335212836673415,0.25932510116812196
1.1115,-0.337766191768296,0.06591568374048774
1.111625,0.1020121511355757,0.05208862092005615
1.11175,0.28976230144690324,0.38349653182719423
1.111875,0.37069947487156807,0.3691080858581307
1.112,0.3663512520320443,-0.06283408430619716
1.112125,0.17253431018415102,-0.12758822488155755
1.11225,0.06425126106188182,-0.010817065202617378
1.112375,-0.1278241492473909,0.0922852885906341
1.1125,0.22390424075163878,-0.015357177158164712
1.112625,0.15154353984705843,0.009965703876979294
1.11275,-0.12969668082615113,-0.08999263990182534
1.112875,-0.5400193570459969,0.06172293842985622
1.113,-0.124404206577311,-0.051719472423387265
1.113125,0.06540014340832467,0.051307020983232005
1.11325,0.06922271808872772,0.017282969944069613
1.113375,0.20239562855279145,-0.12569064881123018
1.1135,-0.032935525487499256,-0.4936892728522055
1.113625,-0.10516804399608318,-0.35384308030297323
1.11375,-0.18485324883393892,0.33150202961728764
1.113875,0.03476258258460156,0.06896652506188841
1.114,0.4062085536780122,0.5601892408830761
1.114125,0.0789158946176852,0.3385289146224105
1.11425,-0.376819416668694,0.02090707241624745
1.114375,0.12113768155974329,-0.17693060035920427
1.1145,-0.03748819633194562,0.0005475421550007752
1.114625,-0.3529648058326836,0.20753515480009518
1.11475,-0.2691107685626657,-0.042513299602541195
1.114875,-0.24720185893616795,-0.3459024003197818
1.115,-0.08298293005311996,-0.19862077122267668
1.115125,0.006473558352791872,0.05262502102155974
1.11525,0.11121539257179942,-0.016583092670282896
1.115375,0.5139450168400422,0.08681892226341997
1.1155,-0.012588682691533147,0.20212498607648544
1.115625,-0.5354396033409116,-0.13542082141797607
1.11575,-0.5880713547100377,0.002599720706721926
1.115875,-0.19866207089629817,-0.03060689644533285
1.116,0.0774906216240126,0.3535438551668796
1.116125,-0.2405620566620356,0.031914554758559095
1.11625,-0.2689277596334338,-0.06180699903558054
1.116375,-0.02162505373093667,0.3121690986242275
1.1165,0.019535715000556057,-0.08428713051703662
1.116625,0.0013790457217905153,-0.22479164749832356
1.11675,0.17006083117746154,-0.1767796497974392
1.116875,0.09648850767950863,0.05005633564689739
1.117,0.11675507511297403,-0.1741683611272867
1.117125,-0.2721071782890796,-0.0982004449468288
1.11725,0.4654431330173273,0.16580966907538744
1.117375,0.18634686906310818,0.07521481074506432
1.1175,0.19960858798508863,0.06212679607562558
1.117625,0.15810622295839968,-0.3857838157485053
1.11775,0.24201140085916117,-0.35127307587840706
1.117875,-0.12524337451510528,-0.21458985387416102
1.118,0.13182008498126158,-0.016137132151978643
1.118125,0.6574559038178479,-0.03998789525201962
1.11825,0.29381096433924087,-0.09588356613582083
1.118375,-0.19694959042341365,-0.08177920367637362
1.1185,-0.23748231424879984,-0.3946229412870435
1.118625,0.20226237965634342,0.00014539902477485187
1.11875,0.4998544385767441,0.3295781317140982
1.118875,0.23325020617964543,0.06680560392708972
1.119,0.3308486269337171,-0.2385186587696674
1.119125,0.2828177445430765,-0.2898811804051202
1.11925,-0.17377968416397252,0.1626955520870678
1.119375,0.12731478935068163,0.37141734909230756
1.1195,0.15267524647961822,0.010040255835099833
1.119625,0.3240880791551265,0.20038316178093776
1.11975,-0.08904182574077625,0.08286720482623297
1.119875,-0.5240682437939942,0.06353539806065374
1.12,0.03145688554443512,-0.02363761140834932
1.120125,0.5530635907366492,0.39247572384422447
1.12025,0.10604364800701015,0.16773184997749377
1.120375,-0.012987385322345283,-0.3230765573739151
1.1205,0.0032535513835372175,-0.0004724808871069731
1.120625,-0.062392632948978295,0.18298940381821294
1.12075,-0.21677945110502708,0.37949881227023735
1.120875,0.1884163914295947,0.2666397547178014
1.121,0.17041224508150365,-0.03727047144067376
1.121125,-0.5511628592462102,0.17998270900672989
1.12125,-0.42779293932774437,0.09090954127152998
1.121375,0.05988595834928084,0.1595978156613933
1.1215,0.3342674119753098,0.3310014001917379
1.121625,0.017031097456107418,0.04252340610760227
1.12175,-0.06776645064132482,-0.1402826360366673
1.121875,-0.2363629354597736,-0.4096090305914913
1.122,-0.09478713199629173,-0.12705807896721844
1.122125,-0.034274764205462285,0.3613675222564031
1.12225,-0.1144263070117525,0.254630694284991
1.122375,-0.04024809772166911,0.24232914160120256
1.1225,-0.07423549168983706,0.21025114445686474
1.122625,-0.18793772980226053,0.05768852890305736
1.12275,-0.03665876564803709,-0.0020863784317386494
1.122875,0.48278132291357767,0.06646844979516561
1.123,0.10068221753063275,0.02590331728837791
1.123125,-0.5343666715174878,-0.25735220964132505
1.12325,-0.47814162715093916,-0.37327890509967676
1.123375,-0.00829032156196454,0.12762624714041437
1.1235,-0.21822527763849076,0.10809611462845188
1.123625,-0.2710007965889496,0.23781735501267176
1.12375,-0.17277021681884275,0.028550469537444296
1.123875,-0.25666629871531677,0.032388402540897386
1.124,-0.546619855404959,-0.1791423638599506
1.124125,-0.3221215095556405,0.17676324109026467
1.12425,0.11759923556611558,0.037865425305036116
1.124375,0.0666068265081097,0.20815519839296925
1.1245,-0.30981564323693417,-0.03766014808191566
1.124625,-0.2841207703295778,-0.16923897990971826
1.12475,-0.27316809622398464,0.04868882127740525
1.124875,-0.10779664751199894,0.17892210631863548
1.125,0.10021863218649661,0.14737452335250922
1.125125,0.022318871212581932,-0.28988362191900835
1.12525,-0.06844474057333791,-0.24775442880732038
1.125375,-0.4725871176579195,-0.020313773715086792
1.1255,-0.003627159858981592,0.009283642529396938
1.125625,0.40778077309599536,-0.08761925734596707
1.12575,0.4570359088278766,0.18514284849250723
1.125875,0.14490302658232532,-0.32379733876795264
1.126,0.09232706432925275,-0.49802860260634857
1.126125,0.2749352205835189,-0.21970494623201434
1.12625,0.23810284107452184,0.2366787749788048
1.126375,0.32391592578730016,0.43679836806218664
1.1265,0.028737407226693608,-0.05741018707269665
1.126625,-0.015309359826645328,-0.09765786174283914
1.12675,-0.17607111789721575,-0.4569846740992803
1.126875,0.010142069652429675,-0.09653481466477358
1.127,0.40747742491345,-0.06623501791053575
1.127125,0.19204026675882707,0.23743789440802385
1.12725,0.010251165453848868,-0.10366977193937274
1.127375,-0.19160509374835405,-0.18566423678219682
1.1275,0.32274263699209643,-0.04510905879659003
1.127625,0.0870106715327868,0.35879125685274366
1.12775,0.15945234317205262,0.5379256370728042
1.127875,0.00038986882346771706,0.2107107091464066
1.128,-0.07402724582922846,0.14773142626433572
1.128125,-0.13670872389912644,0.12065355884933977
1.12825,0.03646777027348711,-0.01641208627391168
1.128375,0.23611938021399026,0.06014537489419826
1.1285,0.18209993951133557,0.2215644406470443
1.128625,-0.21776127551343188,0.029749339390224592
1.12875,-0.25669695458747394,-0.28372687375437916
1.128875,-0.13235426235570247,-0.2511807307616328
1.129,0.2639206165536729,0.32649597703860456
1.129125,-0.08304912508228982,0.32735137586635144
1.12925,0.03382624999328533,0.03291668998591745
1.129375,-0.06824396472862612,-0.3273665312374356
1.1295,-0.5018567015333714,0.009043574022730151
1.129625,-0.1320562349375466,0.20602525500032515
1.12975,0.02103630685708954,0.3703927127498904
1.129875,0.7438849546542866,0.008491132619220928
1.13,0.3040544399852602,-0.07147745043781761
1.130125,-0.5371421335646289,-0.1816712909909863
1.13025,0.11999551545415665,-0.0013355702212757483
1.130375,0.09222439114684677,0.2074629333762836
1.1305,0.20687455386649073,0.28928729694315286
1.130625,0.17210047958969688,-0.17115188971213946
1.13075,-0.11254956090671782,-0.24805827731446944
1.130875,-0.3235032943224274,-0.08073475006402907
1.131,-0.1585099840748325,0.1270062381840125
1.131125,0.5394516126359555,0.00452221423504949
1.13125,0.340907810812208,-0.09811205681438409
1.131375,-0.03488180898258069,0.047512810141918514
1.1315,-0.45852094432377455,-0.14028826952996307
1.131625,-0.22647346374530605,-0.013574247207092879
1.13175,0.06192851260069281,0.18464258643010834
1.131875,-0.07451639922911821,0.26419349534349945
1.132,-0.4394337760603584,0.05421221482734769
1.132125,-0.15755380644179612,-0.08482585636996583
1.13225,-0.46970135344794517,0.04949514419229817
1.132375,-0.4637549347800254,0.12852102792753578
1.1325,-0.006826677719744503,-0.04961175508398615
1.132625,0.019554401105894667,-0.04303412174041114
1.13275,-0.01619928279617441,-0.015116100766364719
1.132875,-0.027091342326551714,-0.3118894348630109
1.133,-0.004517917313354627,-0.41112132970969256
1.133125,0.15043371538237477,0.3863768655708947
1.13325,0.05970655882087009,0.23928766890522632
1.133375,0.08087862402705019,0.03236475369862373
1.1335,0.026452282970308005,-0.554062131745378
1.133625,-0.1922761842060114,-0.10915015716404929
1.13375,-0.08737978625367618,-0.15646936402060205
1.133875,0.011266484001756828,-0.22449638194810384
1.134,0.7271293620569522,-0.10532105368033688
1.134125,0.23281723035364713,-0.05693524699579265
1.13425,-0.1141164797321777,-0.4732030594550004
1.134375,0.014160316501544963,-0.24028957884465124
1.1345,0.3512861254718338,-0.019680648169840317
1.134625,0.3890272347499234,0.02962037809699682
1.13475,0.19836202895026023,-0.020398668971166007
1.134875,-0.16380543586308388,-0.48838913169037707
1.135,0.24882005679373928,-0.2515217303237797
1.135125,-0.07772866356286162,0.13548096653289365
1.13525,0.07028179367921206,0.16501920388983676
1.135375,0.14666068075477015,-0.19157101369685064
1.1355,0.19480640707825164,-0.0249315332341773
1.135625,-0.5935710841192638,-0.09518132936394304
1.13575,0.1150078069694285,-0.4714507329172843
1.135875,0.018064457586237807,0.19127331120876498
1.136,0.1900564727454374,0.5067950856622626
1.136125,0.009329991946243609,0.13867563025274895
1.13625,-0.04015995456797672,-0.23158071130594585
1.136375,0.06198927404883128,-0.13491202057829815
1.1365,-0.044772842090700905,0.3410714789753083
1.136625,-0.03469311458015395,0.42183323413721174
1.13675,0.15719777200521273,0.045303180683122356
1.136875,0.07719369062167807,0.20383731710684758
1.137,-0.30649022836277634,0.21396954502506382
1.137125,-0.17045387602574597,-0.1424860974320567
1.13725,0.026566185347615144,0.19755413893595264
1.137375,0.1863311086105325,0.4852477440336272
1.1375,0.07371682040678652,0.2871024553898702
1.137625,0.20441883345190792,-0.2519754554532967
1.13775,0.021957208941226287,-0.11493071543824039
1.137875,-0.11581672069708808,0.23206457780364245
1.138,-0.02591618067821209,0.18586927034180345
1.138125,0.14604466186553167,0.15461338016398954
1.13825,0.007275305547400668,-0.3020474105342719
1.138375,-0.2950537267706528,0.017341260208272605
1.1385,0.0898387019049713,-0.16479790155683952
1.138625,0.4608780156789699,0.08582189347026084
1.13875,0.29021862036628165,0.2973374788916909
1.138875,-0.1665237730813979,0.22979489113663715
1.139,-0.4709963306590505,-0.16630529924861953
1.139125,-0.19237010214865688,-0.28430679774077405
1.13925,-0.07577611424920488,-0.02235884347213741
1.139375,-0.36666762586675844,0.04535672151457059
1.1395,0.21268341596458643,0.02484071890588096
1.139625,0.06619368029415391,-0.06960224940080016
1.13975,0.03667794360196663,-0.0885148145406212
1.139875,-0.34982694866160174,-0.1937187490978058
1.14,0.09818277147645989,-0.02475137852189294
1.140125,0.08395528992279817,0.1194547647613533
1.14025,-0.12903213415100956,0.03483806620873838
1.140375,-0.18079432407457055,-0.16881488055209043
1.1405,0.0051438869640492105,-0.06870252727554325
1.140625,-0.3904059359871058,0.322575285255405
1.14075,-0.1864912266219442,0.28312240711973813
1.140875,-0.031184174507653373,0.028016914591975882
1.141,-0.027007968864226062,-0.047109491690762194
1.141125,-0.3851382857715379,-0.07489777780399008
1.14125,-0.21548016298571512,-0.07425179947761766
1.141375,0.029574236268716525,0.16438389613941487
1.1415,0.6331318599413391,0.10799774813200012
1.141625,0.2560917820721929,0.0802322143563727
1.14175,-0.20439281765021158,0.04486317976014107
1.141875,-0.30321257948090474,-0.03248456698159125
1.142,-0.152529313693502,0.005203249445605425
1.142125,0.21799132090970552,-0.0980771568105107
1.14225,0.3364115662229381,-0.11824225856058608
1.142375,0.1070214561602522,0.07533955882761617
1.1425,-0.2343816986261797,-0.4729655253235709
1.142625,-0.19367292093941588,-0.30845112417015746
1.14275,0.17650778445358556,-0.2606786749051438
1.142875,0.595515511047405,-0.39766721856180015
1.143,0.5357593793938643,-0.18752626102256675
1.143125,0.2256497736462759,-0.10844273708761733
1.14325,-0.1618645814259037,-0.1577749463070869
1.143375,0.17139481061204562,0.0669849385183988
1.1435,0.1978301779351806,0.5861187777778215
1.143625,0.1742850962165865,0.25434528029475967
1.14375,0.15050165146803282,-0.02679675321114144
1.143875,-0.08335292633970198,-0.11812342485142645
1.144,-0.0938027033486358,-0.2042432281705498
1.144125,0.04061480835277288,-0.04093361486893153
1.14425,0.4114688256629011,0.2066524865654527
1.144375,0.38155307538706745,0.023141777202635196
1.1445,-0.19170842921408132,-0.31945803922587496
1.144625,0.12555820862628192,-0.24304934968689268
1.14475,-0.35329539517285025,-0.080082645198553
1.144875,-0.006614808108375394,0.6645347768046796
1.145,0.08289274134237666,0.23244129651744885
1.145125,0.029828609115270573,0.004777763458610741
1.14525,-0.06963896877695934,-0.06338196812494538
1.145375,-0.24333460254371023,-0.03687663827704719
1.1455,0.027765271992860798,-0.0005094401928310853
1.145625,0.23895464310352035,0.2567271863917865
1.14575,0.02772892503501714,0.25147161932448914
1.145875,-0.18517534819412684,0.03201223640626973
1.146,-0.3712407990318047,0.1157241679380972
1.146125,-0.27643923709175455,-0.024220176283557923
1.14625,-0.14374813132651754,0.342488900510765
1.146375,0.15971823570003918,0.047338151697956764
1.1465,0.3652311218565308,-0.18712402329395014
1.146625,-0.14027775577297072,-0.1185014810280651
1.14675,-0.5076309819504199,-0.09044339207517743
1.146875,-0.2672260230731321,-0.2098122668264574
1.147,0.18366798311106888,0.0037599226082533368
1.147125,0.1596326177062468,-0.02835991710644939
1.14725,-0.07033493245163115,-0.1619361802427451
1.147375,-0.050022500101796166,-0.40626114664043117
1.1475,-0.1566720482024454,-0.24558536065925088
1.147625,0.06104992299029836,0.0942570039002713
1.14775,-0.1192319191486298,0.18887597587348723
1.147875,0.19987784284789606,-0.055522900391041734
1.148,-0.1685422379083859,-0.19309697429971662
1.148125,-0.3397070549855816,-0.010958956126098002
1.14825,-0.25724536302487894,-0.0011103942680566292
1.148375,0.42893454045593543,0.2701851526311005
1.1485,0.15274400834341698,0.02698431159875456
1.148625,-0.2515098212435219,-0.11815184451561368
1.14875,-0.5897993079670173,-0.5371676855236118
1.148875,-0.43968997305133883,-0.16102683278496838
1.149,0.2841482313629695,0.24242943946821766
1.149125,-0.03057603454571199,0.06767020501372421
1.14925,0.2324293162751213,-0.09605666294444129
1.149375,-0.18052512785650293,-0.11577936100508714
1.1495,-0.49122629298805565,0.05704486384573361
1.149625,-0.3847532719729466,-0.03277371922098761
1.14975,0.21298579233173315,-0.014607132372373516
1.149875,0.0637359516480283,-0.2131522725635607
1.15,0.09741900327358462,-0.039681864987562696
1.150125,-0.20163571747656064,-0.5248204242063249
1.15025,0.05866219911477762,-0.19376716524179263
1.150375,0.12657337729029738,0.30253961047313105
1.1505,-0.20645452945699685,-0.17230177869893365
1.150625,-0.020427129124782784,-0.2033422612212808
1.15075,0.19461124083261733,-0.3355133409961885
1.150875,-0.12912936660166865,-0.37645078346656113
1.151,0.1514720753368918,-0.0014460446824945841
1.151125,0.5589285257498293,0.013230642493807962
1.15125,0.3707260214660258,-0.2320831967255196
1.151375,0.08531444268574892,-0.12630523261862386
1.1515,-0.07184022482715645,-0.5474828997743734
1.151625,0.05094406123717686,-0.39548263224925706
1.15175,0.21424183111222225,0.1897488730804792
1.151875,0.21715862095819655,0.3857450395190264
1.152,0.1785767403846502,-0.05839980906836271
1.152125,0.07242701780600722,-0.3602729002435849
1.15225,-0.031949170189876995,0.023782430354538968
1.152375,0.016425263556223077,0.3874323944805399
1.1525,0.003898989675225798,0.00914597050209727
1.152625,0.1341677397219836,-0.014623254284161563
1.15275,-0.023680508720277865,0.05268202772049456
1.152875,-0.2595332142564235,0.08999291690675501
1.153,0.0875622793982361,0.2777774932704393
1.153125,-0.005493218448481475,0.3582499764910257
1.15325,-0.15352163522588919,0.3054737295673638
1.153375,0.0013557823185322327,0.05669886240716286
1.1535,0.18130441319547794,-0.05375807006398801
1.153625,0.0008000550694276237,0.21026675613228243
1.15375,-0.03808743584701286,0.35468867041277746
1.153875,0.032328373313066615,0.09968286577451499
1.154,0.11874592278175357,0.2948404007997653
1.154125,-0.00875985951281979,0.12877291117958042
1.15425,-0.28481075659099575,-0.04548929615255759
1.154375,-0.0016615940896304176,-0.39202184903306
1.1545,0.5931437687192472,0.23122524952188553
1.154625,0.19282284582375972,0.0072390026283953406
1.15475,0.08549543980637536,0.12173661110131187
1.154875,-0.1800214832577082,-0.30136067967602986
1.155,-0.13980183169600174,-0.0674188728351899
1.155125,-0.16213214943632343,0.24838816140544395
1.15525,-0.10974500341357274,-0.26241159807464065
1.155375,0.10719574617063396,-0.0800648371560552
1.1555,0.04517050614065217,-0.007201532578955936
1.155625,-0.426756927488204,0.1563931573322115
1.15575,-0.14675274243355949,-0.08736510117265472
1.155875,0.03389541064972205,0.06993049411876434
1.156,0.13129313819991453,0.2530971882717088
1.156125,0.03947491820011234,-0.18402661771316825
1.15625,0.20099525497725673,-0.24635007725681338
1.156375,-0.2763128862723604,-0.19076909515109508
1.1565,-0.4324249624923895,0.2752011662739976
1.156625,-0.14261588895793864,0.4468762614917174
1.15675,-0.06943058077339238,0.23286353199113546
1.156875,0.057218477445114074,0.09679753644215978
1.157,-0.21686851928059717,-0.2425838734111382
1.157125,-0.3055218702493689,-0.24178510885624957
1.15725,-0.06221072615177362,-0.029057405096646644
1.157375,0.1287159675977005,0.2567677994137146
1.1575,-0.236174603739063,-0.03400386879760312
1.157625,0.12868279000495442,-0.03669740250241667
1.15775,-0.1760171738688113,-0.013429633095097754
1.157875,-0.3096974993930742,0.14847623583954475
1.158,0.0003696952168134545,0.13381011987375796
1.158125,0.4496668324514216,0.2495531557923738
1.15825,0.1956193975140034,-0.1397010967792615
1.158375,-0.4004486140884007,0.07985060817639313
1.1585,-0.0051805059421101895,-0.1044906613563802
1.158625,0.12164194661479942,-0.11644532308508468
1.15875,-0.1369445611002189,0.1662746540415668
1.158875,0.16194418584220796,-0.11467464760202571
1.159,0.07408088600814178,-0.24140936606878927
1.159125,-0.04573986232214432,-0.3521266310770948
1.15925,-0.03970691290824906,-0.0727652298337547
1.159375,0.026223777449349218,0.06629210224053386
1.1595,0.3471098850827728,-0.2637937881416829
1.159625,0.5359948576190615,-0.05146341071921837
1.15975,0.1444017287780971,-0.12677669033586111
1.159875,-0.14934763676423227,-0.07080201750044698
1.16,-0.12264355830204954,0.09109555286480202
1.160125,0.2968692690430285,0.18653942913046154
1.16025,0.16202512145638645,0.2590440013986358
1.160375,0.05101759566584051,-0.07002209283864969
1.1605,-0.056411132491990236,-0.20880770172117577
1.160625,-0.08696308708016887,-0.0044515352473925955
1.16075,-0.13394457600954374,0.2493466429603364
1.160875,0.0769442618326236,0.1321669195426754
1.161,0.2739795674338455,0.216683514280994
1.161125,-0.17222932640150504,-0.026011305174552093
1.16125,-0.35403564616056005,0.15783924416890588
1.161375,-0.27630587408413293,0.05246925509014914
1.1615,0.10179951310005156,0.43015242018070005
1.161625,0.06256321053115767,0.39520340248347496
1.16175,0.057701607336058267,-0.06908346799491638
1.161875,-0.07243191533085613,-0.10163186224155867
1.162,-0.056174505868384204,-0.06480717531058572
1.162125,-0.02321262613044214,0.23211375155227496
1.16225,0.1934148436581695,0.05715520051522875
1.162375,0.10594619220460495,0.2792862113715037
1.1625,-0.09002415847473509,-0.07798263572861105
1.162625,-0.21607280199402026,-0.09085742974984158
1.16275,0.20783116852562078,-0.08928247450433685
1.162875,0.09924295952825313,0.240436768643058
1.163,-0.027199397214632277,0.15206640896645102
1.163125,-0.21557650782594773,-0.17169392771386938
1.16325,-0.18509461768339147,-0.36541629081070454
1.163375,-0.06036630890394976,-0.1170235754021947
1.1635,0.06443794213337872,0.08186723794730309
1.163625,0.18567104676790225,0.2859938649326803
1.16375,0.13506689246326725,0.17584430100456874
1.163875,0.05689601008903532,0.18003221786697415
1.164,-0.3302373182687287,-0.03816823134483933
1.164125,-0.349600310028866,0.10102230760381609
1.16425,0.19225809620667214,0.07280790988433794
1.164375,0.35836068378233477,0.0962049251017592
1.1645,-0.032298102478173336,-0.20635287563518281
1.164625,-0.2711202776874358,-0.2064778863087684
1.16475,-0.3227992811745514,-0.05336181692950826
1.164875,-0.3306110914225455,0.2500370715830135
1.165,-0.06426777749662199,-0.3556890960996778
1.165125,-0.05376837289103331,-0.16066826306770368
1.16525,-0.16002989011840824,0.013439559405753447
1.165375,-0.2534260120629521,-0.03847463085145666
1.1655,-0.30215935161290053,0.08069847540860496
1.165625,0.23236825462656158,0.20875468874685046
1.16575,0.021196205844972674,-0.0567617796912176
1.165875,-0.3748231923499209,0.01061710291442825
1.166,-0.06733827383617445,-0.1797992219782357
1.166125,-0.1357814986106957,-0.06825855580251186
1.16625,-0.033903323503103856,-0.040567716946350106
1.166375,0.10648726134362393,-0.07022628204217612
1.1665,0.10199555193678239,-0.10576796187010762
1.166625,0.37317676337799266,-0.18326315869623652
1.16675,-0.35806706809683625,-0.27792189215931773
1.166875,0.13836474158712153,-0.26471943403747805
1.167,0.2528287701898756,-0.15412129004668657
1.167125,0.5023368668199253,0.11898798402581597
1.16725,0.299020364335785,-0.15299871218499872
1.167375,0.20387299575073858,-0.45947525889155183
1.1675,0.07987202183009913,-0.3218891083722281
1.167625,0.09769164954361463,0.11079396441775875
1.16775,0.25218102259628494,-0.14304792235503683
1.167875,0.16699567871268928,-0.347308508789503
1.168,0.2226136380729408,-0.2633216103980218
1.168125,-0.10691866031048544,-0.05119199085775385
1.16825,0.0029276202454118876,-0.05234159577387407
1.168375,0.42070228656033837,0.06699794263522871
1.1685,0.1317564057165345,0.1936826780634523
1.168625,-0.05867119526110369,-0.07916888478190458
1.16875,0.02325674412198422,-0.34506986951999513
1.168875,0.15782580170278077,-0.07952975693107427
1.169,0.1839653958754096,0.15401228141050688
1.169125,0.16959477328356098,0.4811342232405349
1.16925,0.3077038685401256,0.14117300112399256
1.169375,0.033459915519728906,0.16864936250215246
1.1695,-0.44994504149570835,0.15184918261231897
1.169625,-0.2265056898211751,0.30909516543635074
1.16975,0.3570622708741353,-0.07875279770757636
1.169875,0.5805066519268361,0.05221218574505152
1.17,0.10205464839053502,0.09092094272119347
1.170125,-0.08760581598845607,-0.10469011401097983
1.17025,-0.2993601959728997,0.07820378045004085
1.170375,0.014890361383536626,0.2866879552460716
1.1705,0.173148216386814,0.24666620255528535
1.170625,0.17761774038901226,-0.03491084135451426
1.17075,0.16524693290513567,-0.28961633749191124
1.170875,-0.34490952348566484,-0.030844683298821663
1.171,-0.3883574893428216,0.2923470919026961
1.171125,-0.10954108225443851,0.15020096445029787
1.17125,0.009072880459647091,0.40575995187461766
1.171375,-0.0490825566958655,0.09204905741938259
1.1715,0.05109909684534773,-0.044275257076022624
1.171625,0.012355371849605468,-0.2488969988664547
1.17175,0.060708835328907994,0.041573638751877265
1.171875,0.3777688471883485,0.34086599203452395
1.172,0.12083468796567823,0.06306318634537056
1.172125,0.11774399275499432,-0.08683173925449979
1.17225,0.12606787539448128,-0.08836328428773337
1.172375,-0.20545473339766882,-0.19156127125675523
1.1725,-0.2919191807090077,0.0240249352532357
1.172625,0.22239164180616344,0.2012322408884649
1.17275,-0.30153784736466976,-0.1515420591288886
1.172875,-0.1324505427250005,-0.08763107879016789
1.173,0.10005655667526688,-0.08013374081630714
1.173125,0.1378187164476532,0.02761800652875278
1.17325,-0.04659892481978507,0.27146759868155734
1.173375,-0.23851740705453653,0.03610478772341291
1.1735,-0.13646531594075997,-0.13570424483185783
1.173625,-0.29809972547560715,0.031865494323567486
1.17375,-0.3150831633223016,0.17340693459953824
1.173875,-0.32635586836759345,-0.19003725531602295
1.174,-0.15630213652553546,0.31712151923476195
1.174125,-0.3717963127860219,0.15046593508419992
1.17425,-0.044846422888961644,-0.16682368053550584
1.174375,-0.05494828006405834,-0.04176847340646396
1.1745,0.13431778681521217,-0.16439578700188398
1.174625,0.06517162467697285,0.1319740571561137
1.17475,-0.21305650902103895,-0.12110955057661976
1.174875,0.05966143444904035,-0.10652465869836286
1.175,-0.03607106476093052,0.2271975009663229
1.175125,-0.07887827895236671,0.18934645717919438
1.17525,0.164102695895279,0.09233277685606887
1.175375,0.48026356667382764,0.15554654355514144
1.1755,0.23667597352892367,-0.04426481536644303
1.175625,-0.05780804582609225,-0.3724900270142761
1.17575,-0.06103306257951648,-0.41691628207678594
1.175875,0.4728111476225973,-0.2847881146392494
1.176,0.4179602983303012,-0.10310103569292531
1.176125,-0.07595964829096448,-0.07522469993096269
1.17625,-0.07200695495313564,-0.41699734893847357
1.176375,0.07559906163398926,0.18123079781726897
1.1765,0.02381678537721393,0.020673961849486038
1.176625,0.25482705921420523,0.006152537659221863
1.17675,0.37543729433139555,0.1605357762046688
1.176875,0.1773910513793288,-0.16720426230831245
1.177,-0.21898961642238052,-0.293127112541813
1.177125,-0.21290151141299135,-0.2607355551736879
1.17725,0.13419410789482936,0.15213760383164218
1.177375,0.40953222267843875,0.3566591217159033
1.1775,0.06254407525082342,0.2777082349115409
1.177625,0.005656040533461513,-0.011713797574727323
1.17775,-0.2387255701105434,0.09743504884262899
1.177875,-0.0888231470653776,0.1447039989081933
1.178,0.10435910868642634,0.17142845022822487
1.178125,0.2985835848313452,0.054924250259561117
1.17825,0.13024221471805167,-0.22223739299113854
1.178375,-0.014583187451623857,-0.26249541079674227
1.1785,0.06316831887447265,-0.05699055768938485
1.178625,0.053088842239155436,0.2568285544263942
1.17875,0.33728638078524753,0.22266977043443256
1.178875,0.08281765162646691,0.15897955377082565
1.179,-0.1384786376940381,-0.2437386235070063
1.179125,-0.15067046102233453,-0.2810592940830527
1.17925,-0.2162370722412092,0.34845271033623143
1.179375,-0.11617760670380418,0.20570142276597592
1.1795,0.14013599763599016,0.1735992716604982
1.179625,0.40897488647494296,-0.23729178595529918
1.17975,-0.2121000386664195,-0.03821339102374009
1.179875,-0.22084916283093492,-0.25070812610934023
1.18,0.2477763513794525,-0.024567186939561746
1.180125,0.3216612422795883,0.023471775867351725
1.18025,-0.05347699303142406,0.16358156302283977
1.180375,-0.27481688372347884,-0.09836122869293434
1.1805,0.05404744591484581,-0.17662974347612556
1.180625,-0.07104206468616073,0.009588508692017692
1.18075,-0.38332308223702743,0.1387507051736914
1.180875,0.10510764903873995,0.015231210519918933
1.181,0.24493979103805025,-0.250114491866061
1.181125,-0.266629880509252,-0.11803103122555887
1.18125,-0.4266300371573357,-0.16924496607521702
1.181375,0.007809393373824602,-0.02467326574012704
1.1815,-0.11778136484764261,0.19145926580514885
1.181625,0.21712446240257643,0.22704352879400053
1.18175,-0.2224965759993739,-0.1192553368643701
1.181875,-0.17206618400551812,-0.34184910334092933
1.182,-0.17725106956015876,-0.10152554039878149
1.182125,-0.26831237478318865,0.149390150710893
1.18225,-0.10103476295987326,-0.07569963339653434
1.182375,0.06449925373653595,-0.07266672902018306
1.1825,0.010901948111285751,-0.046589183292116254
1.182625,-0.37326923990729777,-0.25006474257956113
1.18275,0.12720517023423106,-0.16550693186608173
1.182875,0.21221143469868842,0.08716398195264916
1.183,-0.2910170646695465,0.12123634496958856
1.183125,0.12636882300893332,-0.13164980802769163
1.18325,-0.2121379071031795,-0.45314069056441314
1.183375,-0.11272259117765389,-0.05542406173863122
1.1835,-0.24462079616198712,-0.09149913658470751
1.183625,0.008065662538971733,-0.19407858670570316
1.18375,0.29099601914507484,-0.5587634334192187
1.183875,0.1053258195113069,-0.34056547217041977
1.184,0.15965415070829994,-0.13820856854735628
1.184125,0.2831948185260213,-0.17116507900485384
1.18425,0.3833051018286107,0.2248836093082588
1.184375,0.2674253481795522,0.3352068769875152
1.1845,-0.06639263951996617,-0.12255404680691735
1.184625,0.0659105311543562,-0.4342344684350631
1.18475,0.0960146634713303,0.1118629616951706
1.184875,0.3002440491648455,0.18095031905028205
1.185,-0.07431939069017847,-0.04485509591746671
1.185125,0.12659937665996804,-0.2516552748742192
1.18525,-0.05603760595251017,-0.08369028863138578
1.185375,-0.34544296498776694,-0.16001992308996438
1.1855,-0.012821796997869983,-0.0068876493426442385
1.185625,0.36910759034561086,0.05849662399302417
1.18575,0.3782947023289358,0.03623416220930844
1.185875,-0.017406255554147054,-0.07840809729928347
1.186,-0.11069564269025597,-0.017941411285066662
1.186125,0.023990988553824918,0.2532852395386791
1.18625,0.27195498565748744,0.2821372842847693
1.186375,0.00760539631912935,0.2803189935049512
1.1865,0.1682852402492901,-0.06090339813804412
1.186625,-0.2390284689587502,-0.011409554945223136
1.18675,-0.39038245802111776,-0.013915313899834483
1.186875,-0.05313639948561984,0.3180337466449053
1.187,0.5729550836199003,0.1358636778660013
1.187125,0.6083334340339552,0.29223550019260647
1.18725,-0.2021912484731301,-0.017816372058808583
1.187375,-0.47498137716399075,-0.1412574555320915
1.1875,-0.25086786348658624,-0.00904839439062946
1.187625,0.23787002850639183,0.28632796187963006
1.18775,0.17299851407432593,0.12404882893123892
1.187875,0.45645562774165366,-0.04440552507923035
1.188,0.06835240198400076,0.18072045820128455
1.188125,-0.33937695763397235,-0.19556370856738664
1.18825,-0.1276228172782184,0.11877839666841576
1.188375,0.2499110380792443,0.05388211077332994
1.1885,0.2820847245397482,0.1451046393151519
1.188625,-0.24301340083097142,-0.2930216073101979
1.18875,-0.46700912958776114,-0.35022443948361287
1.188875,0.04437889527592505,-0.20216826251650513
1.189,0.03778736007280125,0.37021727037460994
1.189125,-0.13688027345020493,0.30050790909243463
1.18925,-0.30921644131455456,-0.11426739516599967
1.189375,-0.10800480391545189,-0.15581458027833955
1.1895,-0.32038907423155016,0.0838256616168586
1.189625,-0.4497304736057815,0.026049810896633607
1.18975,0.28912632041336134,0.2612706072652043
1.189875,0.42097350859041327,0.2742621781896521
1.19,-0.13613874024927394,-0.17467849772259672
1.190125,-0.24208943902977997,-0.12673290024028624
1.19025,0.06493281607305965,-0.2417751700832788
1.190375,0.16088989626124114,0.07905917433501489
1.1905,-0.153446591640014,0.2102615422383278
1.190625,-0.11177291855330823,-0.37590535720681906
1.19075,-0.40888292593868464,-0.0829702585514653
1.190875,-0.39588021945601587,-0.21181325406427134
1.191,-0.21982330545219805,0.20349257832868142
1.191125,0.12021921515046656,0.049288381301438505
1.19125,0.6015842482877193,0.008994916840142994
1.191375,0.12593046369556538,-0.21340557921373082
1.1915,-0.1283798491723139,-0.4528125430194301
1.191625,0.04159184018623691,-0.3122235438013169
1.19175,0.026223164739495736,-0.01793844120740843
1.191875,0.03158337769766876,0.1682935387090969
1.192,0.3515681504372676,-0.24608357449021437
1.192125,-0.030991625915599844,-0.326674954927717
1.19225,0.2470783169211818,-0.18618760722596325
1.192375,-0.0015464424762773716,0.036741940520285656
1.1925,0.38368181104552385,-0.020211145635348458
1.192625,0.7046605985180604,-0.006702700898065479
1.19275,0.33917627889014046,-0.25573537681770814
1.192875,-0.4283150277993012,-0.29722872880390805
1.193,-0.4127801776730739,-0.46401741387801
1.193125,0.3449203999332153,-0.10259946266567545
1.19325,0.22120337202678525,0.3947183480651768
1.193375,0.010998306418260736,-0.14256326893054905
1.1935,0.10340655078519768,-0.33207491629338926
1.193625,-0.07651024036318799,-0.09957877900916956
1.19375,-0.19107980267997468,0.05810341621564182
1.193875,0.14633463907922806,0.12454876683375851
1.194,0.538871953837456,0.15905607468028568
1.194125,0.1826757615304254,0.15259666916333015
1.19425,-0.24493166659576124,-0.022592233071032256
1.194375,-0.10346754242936909,-0.24932891749406946
1.1945,0.2990571744654078,0.40897949225938773
1.194625,0.3108970487879981,0.3807019256970548
1.19475,-0.08737521899554894,0.2063663693053217
1.194875,0.07469099017619935,-0.36262110475759424
1.195,-0.14389967733718095,-0.11191195137970951
1.195125,-0.3572881692994293,0.1202088706890548
1.19525,0.17456336343930395,-0.04553805695436369
1.195375,0.36226993924114437,0.3007290202148515
1.1955,0.2607572463110157,0.1057848271821015
1.195625,-0.14001474425003832,-0.00858188719700293
1.19575,0.040756765829544066,0.056024875551723655
1.195875,0.17619801767227827,0.30356033352999745
1.196,0.20444943142377311,0.4695955798581697
1.196125,-0.26804965640140216,0.15173643909210965
1.19625,-0.08717043438914672,-0.22028398087226045
1.196375,-0.0669482045617947,-0.07391629225389806
1.1965,-0.21590820599471344,0.12222528233840062
1.196625,0.07313343479751307,0.20819766982119217
1.19675,0.5172274122345287,-0.02445743329094471
1.196875,0.2865779754375456,0.19444222395591212
1.197,-0.40375190678736933,-0.11218474527353053
1.197125,-0.24153772694326364,-0.2135553245536481
1.19725,0.21387128944418726,-0.013720204141686525
1.197375,0.2987925873777601,0.21526211005686965
1.1975,0.009435302930952917,0.0360141924428552
1.197625,0.04923104685449617,-0.08876846680604426
1.19775,0.0579748768341376,-0.24928391264791339
1.197875,0.09890349587602783,0.1276994662087648
1.198,0.1394774470356729,-0.008138267380919445
1.198125,0.2669535006945114,-0.08080561340481862
1.19825,-0.10262698399284986,-0.06898604192632136
1.198375,-0.7153178109481787,-0.10695449473665679
1.1985,-0.6877892289557574,-0.2857816171222529
1.198625,0.08818285495560532,0.08310754584517331
1.19875,0.07810199958184937,0.17592735611952348
1.198875,-0.20542506523699275,0.14059676427629322
1.199,-0.13221632842109846,-0.2674166697209887
1.199125,-0.22058289983014165,-0.23283392595137115
1.19925,-0.2425865283913513,0.05143332502342979
1.199375,-0.13258916126935266,0.16573507135457644
1.1995,0.08888607736128462,0.00039292845886853547
1.199625,0.12857806834523697,0.07508005559919385
1.19975,-0.4844163748468673,0.03938302219964309
1.199875,-0.6768302024891857,-0.04308489307472006
1.2,-0.19301841208507065,-0.03859353136313579
1.200125,0.33510588247205925,0.023380626870776897
1.20025,0.23478327882260425,-0.02500866138352618
1.200375,-0.1615447250066012,-0.6061195274949591
1.2005,-0.20641506079960736,-0.7391412930832727
1.200625,0.16466168565280304,-0.05315158759906802
1.20075,0.17432490889376973,0.19714393046239242
1.200875,0.5133185686851942,-0.14361084148191772
1.201,0.5730924294212325,-0.24486679518013138
1.201125,-0.03722061843142073,-0.2769926231020341
1.20125,-0.10172371020983653,0.008403241823711546
1.201375,0.10378044010441854,-0.0031096613057224535
1.2015,0.4039001796669861,0.35699141929648925
1.201625,0.37180038774650453,0.044344988844994375
1.20175,-0.10596685154819786,-0.49952515473114384
1.201875,0.046282124280652356,-0.3775158166154871
1.202,0.050961550786318505,-0.12593526252305903
1.202125,0.2360090706874859,0.3262120304802927
1.20225,0.3854578495761864,0.17602508219551968
1.202375,0.29216989137842536,-0.07730137571614466
1.2025,-0.06224370795386713,-0.06361783137325021
1.202625,-0.3785107498168645,-0.014261029559136997
1.20275,-0.07906272500550716,0.05742394522547009
1.202875,0.34009003842091867,0.644170346561065
1.203,0.43652732964924856,0.47513056422081623
1.203125,-0.1957948781606956,-0.04249594295306186
1.20325,-0.031083746055967656,-0.16497405756658182
1.203375,-0.22487173896574916,0.018027638760237587
1.2035,-0.2594895978723486,0.34566132354908946
1.203625,-0.09126962445323261,0.21389036115878077
1.20375,0.23764113793806985,-0.16310190621433887
1.203875,-0.202143121623464,0.014344644550374068
1.204,-0.42429836229730966,0.2091301369413975
1.204125,-0.3843703338343762,0.21139090265275448
1.20425,0.34270895857063055,0.20484301885115
1.204375,0.3620338631335423,0.15200445971861992
1.2045,-0.08007080907816168,-0.21021523318081645
1.204625,0.010370301085545664,-0.3542688105133653
1.20475,0.20637319998741321,-0.06169700133334549
1.204875,0.26726438960324334,0.23883737972255364
1.205,0.22129452748021866,0.03608314177584881
1.205125,0.21834506602851975,0.07173074127807731
1.20525,-0.07147648356726956,-0.015948453413056386
1.205375,-0.2044993458562489,-0.10611792612131735
1.2055,-0.2900052628957662,-0.16805407796258556
1.205625,0.1474288069539519,0.0013840012072932552
1.20575,0.11223670429949263,0.3121781652678231
1.205875,-0.1868323499096168,0.09559534395490775
1.206,-0.2219358770182586,-0.28910048345518674
1.206125,0.0722023709135982,-0.11642371121510889
1.20625,0.10512117747948045,0.16462038177240224
1.206375,0.031081487325080138,0.02634647463812053
1.2065,0.09614911725713941,-0.06885365587485738
1.206625,-0.2420563206126036,0.0250465060576549
1.20675,-0.6318404516184688,0.09594368296251995
1.206875,-0.2315271276177486,0.0537061090652151
1.207,-0.015244265953628502,0.17053645266402603
1.207125,0.06349958454136846,0.12035233139049563
1.20725,-0.5299148016334636,0.08212969615889197
1.207375,-0.55477470327867,-0.49465771275733506
1.2075,-0.25052906990101803,-0.26925763139686
1.207625,-0.24256090964298785,0.2825965893766072
1.20775,-0.06770683810043453,0.4579361310467727
1.207875,0.15783700097273154,-0.053809008667012194
1.208,-0.10589777289956621,-0.21053314923491712
1.208125,-0.2835231307388121,0.24828948716807123
1.20825,-0.18053808875837424,0.030125749694226826
1.208375,0.33125674488668394,0.11739417320918091
1.2085,0.3140678016268324,0.03823885373866756
1.208625,-0.04674256407786133,-0.07452419253078459
1.20875,-0.29009534698498846,-0.3540780712344327
1.208875,0.3591414468591583,-0.365345280616281
1.209,0.5796553656188239,0.10067536483555124
1.209125,0.1652547739893753,0.09625878016086957
1.20925,0.3124995091241225,-0.29909489350074847
1.209375,0.09009695564090495,-0.393562756783792
1.2095,-0.008667962993376648,-0.2667379207994605
1.209625,0.017550365909106698,0.0729360568240912
1.20975,0.6654655461682064,0.025917360199290796
1.209875,0.5139303631840085,0.06183405755407811
1.21,0.049412575711670285,-0.018338194425034406
1.210125,-0.18268548859884892,-0.3710446786557224
1.21025,0.009322158682002516,-0.03127790408620098
1.210375,0.35730142040603147,0.5172676013057879
1.2105,0.2878292970118348,0.31489905114507416
1.210625,0.05075131269558776,-0.15914330911498809
1.21075,-0.12135935704525296,-0.36063633893985203
1.210875,-0.26489566984577123,0.17984110179625
1.211,0.1438456457206612,0.3790703921188012
1.211125,0.31615103091982216,0.06701881853263789
1.21125,0.2269146128285153,0.222624448475721
1.211375,-0.4025790376899093,0.020413801042626648
1.2115,-0.5678319578924839,-0.05554814064450047
1.211625,-0.529561710537429,-0.04227543768492123
1.21175,0.43501172812941313,0.3948638537119166
1.211875,0.2775916869584317,0.540739380019389
1.212,0.4291270823035356,-0.09626934826739307
1.212125,0.024763374700713287,-0.36185059295157646
1.21225,-0.2697645275928998,-0.004601493202564908
1.212375,-0.24060569461727307,0.06636163727829492
1.2125,0.33600837776258585,0.1663434495773974
1.212625,0.3734812495140484,0.28229103605663375
1.21275,0.09870248494904671,0.25939045273679634
1.212875,-0.3053473552422722,-0.20273673822509927
1.213,-0.1098524083967432,-0.2110963609652658
1.213125,0.2158992109109522,0.3439953109501947
1.21325,0.3496438115095316,0.41106259924276584
1.213375,-0.04060929547447783,-0.12070324640964172
1.2135,0.22607622621885104,-0.6246435749032542
1.213625,0.019038398554537563,-0.5428829170372571
1.21375,-0.3102521085044408,0.2785121929483718
1.213875,-0.11334321176712751,0.19485936258759237
1.214,0.0077457841335366266,0.12819117396337798
1.214125,-0.05987354399657717,0.3533922984449721
1.21425,-0.5226895155211809,-0.34519283460520406
1.214375,-0.352285211897502,-0.3730860472852159
1.2145,-0.05894365353132075,0.031440969519076406
1.214625,0.24718066704258967,0.5340518492245121
1.21475,-0.06261542815163414,0.15117716329363884
1.214875,-0.37146158844055954,-0.2867896003653774
1.215,-0.11122043567238316,-0.10724600195246402
1.215125,-0.36190852689719794,0.1233810933703407
1.21525,0.008426293535437664,0.1691094131618876
1.215375,0.30619641112537105,-0.03779963823237683
1.2155,0.18995890087047004,-0.05068784872128502
1.215625,-0.6992713682836739,-0.0774700890425727
1.21575,-0.46143392759998514,0.04514741294289316
1.215875,0.06650673053936847,-0.24176255666370045
1.216,0.308754411051415,0.24787724517337661
1.216125,0.09614424476460984,0.16977667259139906
1.21625,-0.1057664116394181,-0.6881780429412216
1.216375,-0.34722269621511637,-0.3211613590627699
1.2165,-0.3959120923567513,0.21150979162864716
1.216625,-0.03211616375727719,0.3633573759840473
1.21675,0.24065710155801895,0.024181845216609318
1.216875,0.2810502438435023,-0.23947196442298743
1.217,0.025293372923869576,-0.23158475679114604
1.217125,-0.01725385137782998,-0.35757434085900014
1.21725,0.3374795843356957,0.013612038942470622
1.217375,0.43434100957523425,0.2819059717049674
1.2175,0.23942855267516766,-0.030329255760741167
1.217625,0.03423117635183842,-0.5096578953873513
1.21775,0.16737126028663737,-0.5156645946370401
1.217875,-0.3006190338904338,0.011678977956107084
1.218,0.2120021702891363,0.2806548396513964
1.218125,0.30159772071526747,0.055087916832084374
1.21825,0.04106025750227319,0.01378277434307084
1.218375,-0.262459779066745,-0.49256848380296986
1.2185,-0.5183728045130841,-0.3407493828463095
1.218625,0.2703962298300669,-0.0446254234363472
1.21875,0.5455141558041361,0.33924532553301917
1.218875,0.1254233843348441,0.1989002103510387
1.219,-0.23521397793939872,0.027274848497411144
1.219125,-0.03090709415073255,0.04799686458024509
1.21925,-0.17901606614003351,0.04566053388544735
1.219375,0.007862502346915497,0.197961584489138
1.2195,0.47401195746127617,0.29634425586571606
1.219625,0.39426439394774493,0.105991234694942
1.21975,-0.3593336156727296,-0.007310313791974173
1.219875,-0.5433425869864793,0.03142741558025944
1.22,-0.11867310120905931,0.2335302772428797
1.220125,0.4581715748773686,0.5121000811802945
1.22025,0.01925067100277607,0.0012025966449908513
1.220375,-0.3108928938785741,-0.34678082722594517
1.2205,0.03660277020323435,-0.12166486446615678
1.220625,-0.036044765711844694,0.29286654152670627
1.22075,0.06762430983665603,0.6893481360058691
1.220875,0.3920086273159818,0.21375147915023493
1.221,0.3631813749449111,-0.27093557778428284
1.221125,-0.15745171435871413,-0.12344566812537562
1.22125,-0.26902898748733567,-0.026346234983707244
1.221375,0.12251982459870088,-0.126367963946628
1.2215,0.5289964443345397,0.38654487924116476
1.221625,-0.13979547866640094,0.2768983296862222
1.22175,-0.2714541730226668,-0.4704552176496151
1.221875,-0.19369991212203597,-0.15176080500936467
1.222,-0.3283210523056579,-0.1385176115635177
1.222125,-0.028700186097043365,0.2294216046022535
1.22225,0.27012666719379014,0.016567100485955
1.222375,0.2152284997287645,-0.33229826432376575
1.2225,-0.09900548865054493,-0.046339981263339075
1.222625,-0.3041841331943537,0.007849892586353806
1.22275,-0.3900580114144061,-0.1889471529161224
1.222875,0.16093405764884847,0.1668448658115945
1.223,0.2527368320507234,0.18208264185724554
1.223125,-0.3839391469788264,-0.4031285290896842
1.22325,-0.1883062755673508,-0.3665164191582492
1.223375,-0.13229072982456458,0.04362344724220194
1.2235,-0.035944555273618145,0.4472659415029253
1.223625,0.009479491271528783,-0.2634560683919524
1.22375,0.049087621635201376,-0.30151147736032696
1.223875,-0.03816277033645819,-0.5605589537944211
1.224,-0.3934581672452464,-0.1157122515484736
1.224125,-0.23563765699999814,-0.10104412373953227
1.22425,-0.10724404626910385,0.2426178614700156
1.224375,0.0609545728467482,0.2664036417023615
1.2245,-0.2668740751500704,-0.06594816048602785
1.224625,-0.5260981857846512,-0.2689401147862876
1.22475,-0.012887418840636464,-0.22050235447330108
1.224875,-0.012259331990922285,0.2368694179398846
1.225,0.1171239689799759,0.07327836606116468
1.225125,0.3366235374770007,-0.35491209297485105
1.22525,0.019944213676633158,-0.2881554695668351
1.225375,-0.4848065008159999,-0.043369524549732336
1.2255,0.025216136162117504,-0.3057969429208685
1.225625,0.5382960547663289,0.12054397472455933
1.22575,0.6971707708547129,0.3421430035144489
1.225875,-0.1766501320755999,-0.27976879242713437
1.226,-0.06074501583592979,-0.3710719409206237
1.226125,0.26921610618067915,-0.12153548604150041
1.22625,0.18420456760233392,0.1186861989924857
1.226375,0.31698282428252217,0.07799574226169603
1.2265,0.06452547463920237,-0.281865718124361
1.226625,-0.32688794537220567,-0.32738373080664895
1.22675,-0.4354713092596685,-0.2576697861189516
1.226875,0.07334041871553498,-0.25120145458868476
1.227,0.5295818387593996,0.16693979593951294
1.227125,0.17636490031320354,0.2470577932175317
1.22725,-0.40376885885979913,-0.07221372777702449
1.227375,-0.2893677415494809,-0.3681821134804337
1.2275,0.04789231006656757,-0.1035063331831966
1.227625,0.21974626344912584,0.8164090258055895
1.22775,0.08387030927678991,0.5649445483919382
1.227875,0.2008624850234998,0.12287786986758381
1.228,0.3100054658961359,-0.06741903587106404
1.228125,-0.030894915178710746,0.44762697538215684
1.22825,-0.32402444528739344,0.4883374104074253
1.228375,0.4235019167636472,0.20357131209518214
1.2285,0.5240977186387715,0.1357584930852177
1.228625,-0.27582735757366694,0.02187489674385619
1.22875,-0.14684375486854032,-0.35526301252161
1.228875,0.04955446053907385,-0.11517321045072422
1.229,0.1637661543685401,0.6406034661977265
1.229125,-0.09630828761984585,0.2125045353831405
1.22925,0.2894526389350878,-0.5064866697065539
1.229375,0.15568553367570925,-0.4751917082933651
1.2295,-0.46916898217921943,-0.13014260829772292
1.229625,-0.2924269688102687,0.23006527603858848
1.22975,0.36089408814935237,0.03642647437348271
1.229875,0.37819485698300354,0.31442546565203855
1.23,-0.11543864555521985,0.07582842931961052
1.230125,-0.26574718183968266,-0.35142051473452635
1.23025,-0.22344345941459423,-0.14193069734970432
1.230375,-0.1619172962559904,0.4030898862094533
1.2305,0.2760978587234402,0.48571963578197036
1.230625,-0.03581058955743995,-0.45390762384671757
1.23075,0.37948054647136575,-0.4239282795735598
1.230875,-0.00268208402519028,0.1494697496267487
1.231,-0.28587559706080296,-0.09056340058849656
1.231125,0.05258766044312045,0.08700733251026344
1.23125,0.3568550688873514,0.16782739126336954
1.231375,-0.3669951859650701,0.31502255978690874
1.2315,-0.3672596794140112,-0.19583869182946131
1.231625,-0.2321328980582256,-0.20921099519099337
1.23175,0.4158983420816005,0.487895361250678
1.231875,-0.07024798926366049,0.4446953580247753
1.232,-0.21067487190051223,-0.15524493116283933
1.232125,-0.16808270768217462,0.07537079516298077
1.23225,-0.21643594991191842,-0.20850146937282496
1.232375,-0.26273098932481925,0.061208096364638635
1.2325,0.2914364731795682,0.2817730948240254
1.232625,0.16727047672918324,0.051445645860349366
1.23275,-0.1478816562410047,0.16952780826354796
1.232875,-0.4006345437088598,-0.15945173884059646
1.233,0.014006287606463727,-0.2563590735309869
1.233125,0.3159273133967524,-0.06808190778690042
1.23325,0.48148545805164145,0.24008879769392755
1.233375,0.08780387422911667,-0.1836806269098386
1.2335,0.03728808177594295,-0.6012424475836172
1.233625,-0.087801763136441,-0.3434680841991809
1.23375,-0.15538161512778934,-0.024220356256250398
1.233875,0.28315756250985646,0.33828346600752457
1.234,0.41544182648215305,-0.15908759960901556
1.234125,0.2785551076516469,-0.11915431370123987
1.23425,-0.06968441365459854,-0.35559999961597666
1.234375,-0.11873167641396333,-0.3954466165993939
1.2345,0.5855099554221553,0.200473555825408
1.234625,0.3772124181194326,0.35219689609927923
1.23475,0.07543528996901236,-0.06461760091712075
1.234875,0.021331990126925215,-0.5356911780593616
1.235,-0.12673280888525978,-0.05637559753119966
1.235125,-0.3391634500331011,0.29043173005736245
1.23525,0.04736118557091356,0.46483135270647963
1.235375,0.5687475239202173,-0.03531279944562381
1.2355,0.30676939681316234,-0.1743545920546532
1.235625,-0.5538071087342447,-0.11341134782127453
1.23575,-0.3581006085845605,0.06853116726814827
1.235875,0.523886584179841,0.2722454015709773
1.236,0.483584512693528,0.6567630569089824
1.236125,0.0749250935248216,0.12830260080758366
1.23625,-0.030866583692366452,-0.4007871888585396
1.236375,0.1308728896467052,-0.2772267918837688
1.2365,-0.2821369711431492,0.6043032443157205
1.236625,0.26388783313364766,0.2627301853074233
1.23675,0.551865304396747,0.11906130519410647
1.236875,0.1699651494253087,-0.04112750289073444
1.237,-0.28108608510371835,-0.21007137749736995
1.237125,-0.2970261378643427,-0.274227669274578
1.23725,0.07726741648040097,0.04803724478288087
1.237375,0.5060128654329841,0.24899508506895654
1.2375,0.14047721306852382,0.4492657162542725
1.237625,-0.28217454590668845,-0.1701766718753146
1.23775,-0.37038862647187815,-0.26229902371889
1.237875,-0.46844175381219083,0.3708416662695904
1.238,-0.2865883193623829,0.38671881568939076
1.238125,0.4538257679823215,-0.18268281738843428
1.23825,0.2949929638164834,-0.06718703647039646
1.238375,-0.20174906502698417,-0.18916892802777083
1.2385,-0.5516308069226471,-0.25385912060749305
1.238625,0.29009532726179516,0.10533724712618513
1.23875,0.3193511880413301,0.3711209127839039
1.238875,0.05872406168397631,0.08949693350239263
1.239,-0.030944680881352094,-0.3292710665296171
1.239125,-0.0664051329090546,-0.391338619970323
1.23925,-0.09007509227866686,0.23499725327399276
1.239375,0.13776999344215773,0.30855208682065977
1.2395,0.4677283599364036,0.20468993230161014
1.239625,0.3156931254732459,-0.04285333967181713
1.23975,-0.4965891618860622,-0.35926869097872777
1.239875,-0.6333570701530808,-0.27659506046239113
1.24,-0.10706149625883633,-0.2562448527459468
1.240125,0.15099721779941092,0.32747269082976177
1.24025,0.04859106058876741,0.2663515881784478
1.240375,-0.6645199664395927,-0.5850726535658008
1.2405,-0.4315817398948211,-0.3800440741229419
1.240625,-0.34993998694726014,0.13029652230731742
1.24075,-0.08488457153334047,0.35690836809924414
1.240875,-0.04364017889383924,0.12484617918405286
1.241,0.28012646129251706,-0.2145272340069802
1.241125,-0.5517857052626151,-0.21682137951761118
1.24125,-0.34143654423139463,-0.2784360543447321
1.241375,-0.028447026322685982,0.14439456160354017
1.2415,0.41314850290676364,0.19141108117562244
1.241625,0.05122730149335466,0.05019169235615107
1.24175,-0.20149371024061496,-0.23140519040446866
1.241875,-0.22312153454123718,-0.24613431015337245
1.242,0.04940269617099324,-0.03455501989470688
1.242125,0.012892915482342811,0.06418047823509718
1.24225,0.25799331512101953,0.054325824481891424
1.242375,0.45247059832823594,-0.08463221155797283
1.2425,-0.14353016477480765,-0.44559385262146206
1.242625,-0.3463088537677072,-0.30477093617443574
1.24275,0.4485369612223492,-0.2965150587309928
1.242875,0.8221091777328844,-0.002839331239237294
1.243,0.716141088628815,0.21826486105337845
1.243125,-0.09147249191575904,-0.35038448186849364
1.24325,0.09856026087187919,-0.5348134776081849
1.243375,0.03745940350336649,0.219204929901615
1.2435,-0.108960705366616,0.33464918669999144
1.243625,0.5762302982092496,-0.07165721989030747
1.24375,0.31725727970732903,-0.39878535785567704
1.243875,0.0045667687676925915,-0.14660312483856086
1.244,-0.4683282458571349,0.08582104198961414
1.244125,0.01824631501837558,-0.051834807994196805
1.24425,0.47256687616729737,0.35699024425277337
1.244375,0.00939011040253416,0.26037527018424217
1.2445,-0.25773905749103615,-0.12163106773520682
1.244625,-0.04634593731711964,-0.2023248540282437
1.24475,0.1741931982646706,0.38394701439471773
1.244875,-0.37570640431687685,0.5807930300732586
1.245,-0.0567032312802996,0.29033200378145985
1.245125,0.40109994512757186,-0.012423256506225857
1.24525,-0.06357881703257097,0.13278454986782748
1.245375,-0.3837484034895277,0.04087967062351982
1.2455,-0.34597122476822945,0.1469020541339475
1.245625,0.1844035156269501,0.08555565594555954
1.24575,0.2232106747284178,0.5797621755669802
1.245875,-0.1087223248573573,-0.1202472316225943
1.246,-0.2963460962269542,-0.3051726507266159
1.246125,-0.12742773979557281,-0.025759870884256842
1.24625,0.31435747701858513,0.2439498181696579
1.246375,-0.03438283106471579,-0.254604491866171
1.2465,0.0453650486687469,-0.25323242241794613
1.246625,-0.22875683268621058,-0.04938202656512482
1.24675,-0.7172509034848632,0.03060772184269418
1.246875,-0.3757108171522493,0.08831517940613855
1.247,0.09488629253306813,0.04246178838982264
1.247125,0.09927456257192502,0.3638006142786592
1.24725,-0.20247751515805723,-0.06056963035255745
1.247375,-0.33138054556899493,-0.4486940389483062
1.2475,0.13385947695835923,-0.19084970161555856
1.247625,0.01636262574262189,0.27969459796872814
1.24775,0.4593709055291186,0.17397173346074904
1.247875,0.10005525767080431,-0.2016402367471704
1.248,-0.09040814483725303,-0.1498075467043827
1.248125,-0.4506604793460881,-0.1296814671272536
1.24825,-0.05660404123100164,0.21873649665671932
1.248375,0.42123978600263917,0.025089210353644812
1.2485,0.20679898171426034,0.15927393162515677
1.248625,-0.13221213328841547,0.1318356745411652
1.24875,-0.4516066114013282,-0.6379939815862004
1.248875,-0.21575471092180873,-0.17624298992173468
1.249,-0.10277311001840639,0.10489963532157223
1.249125,-0.25375087639861,0.5458263818769543
1.24925,0.07183133127427717,-0.18215351082661269
1.249375,0.024500813732696074,-0.37126051448173086
1.2495,-0.3513308089180677,0.0659869551323601
1.249625,-0.36015454389619644,0.15973643870682802
1.24975,0.44566715735080853,0.13656061777377185
1.249875,0.404266404170211,0.1852568821077386
1.25,0.047879485778431846,-0.15599063546274464
1.250125,-0.3412463580972691,-0.561882315056598
1.25025,-0.09913075058650235,-0.1484523829456308
1.250375,0.2531256283083391,0.11107613233023672
1.2505,-0.1435585760258791,0.18487523029942654
1.250625,0.16841137250897803,-0.35636340097332614
1.25075,0.15499258480748204,-0.185768194506465
1.250875,0.011268590032227518,-0.3623205548739042
1.251,0.15037821310386726,-0.24480826867777117
1.251125,0.5710011614605034,-0.05274000106131957
1.25125,0.6381948176508102,0.05122000154727285
1.251375,-0.072241570960097,-0.10783195070179796
1.2515,-0.4864026279940014,-0.21132732176977917
1.251625,-0.2972949331804676,-0.3894436168092362
1.25175,0.20384788732110434,0.15085841975830414
1.251875,0.27017904469319587,0.6063041401396009
1.252,0.23793480021207797,0.06573973705720762
1.252125,0.14066225675843874,-0.5082025325907605
1.25225,-0.1613237187075042,-0.10809942330391255
1.252375,-0.21369497252382091,0.11003780302743606
1.2525,0.2713418783120349,-0.03855476408940888
1.252625,0.6058023977588238,0.11261754232357252
1.25275,0.037479799210181255,0.07726852147204276
1.252875,-0.24765596985274538,-0.0937377672519318
1.253,-0.08749901265462784,-0.10064143608952006
1.253125,0.06360683733514395,0.5491511774851859
1.25325,0.11062694501795656,0.6659236505427649
1.253375,0.11579361363110276,-0.07571569130831778
1.2535,0.006670194082410676,-0.5030224726890158
1.253625,-0.1173946975483582,-0.157181122990509
1.25375,-0.2315168777927063,-0.0011644120612428431
1.253875,0.20972422207132352,0.43309564508522036
1.254,0.8071947210223692,-0.011331157506029014
1.254125,0.42175170153179975,-0.020773818600107057
1.25425,-0.35702424261239246,0.11192772356503256
1.254375,-0.1240509404348125,-0.25378801298678166
1.2545,0.41641962984450903,0.2540327618992845
1.254625,0.20567399314348092,0.4693833020326039
1.25475,0.06105674795458111,0.15617721341578936
1.254875,-0.31381356227330764,-0.29471866108532063
1.255,-0.32259850029333004,-0.1809380317849037
1.255125,-0.21830081367048207,-0.03411556951624278
1.25525,0.2155998474512738,0.06442271292310939
1.255375,0.4403852632309974,0.008148978156875042
1.2555,-0.2475915017790641,-0.13825094985612596
1.255625,-0.4921625328649572,-0.19943981632245658
1.25575,-0.3089029879603831,0.020965040347787556
1.255875,0.1680223657709484,0.4507487645347479
1.256,0.03719179729611769,0.5522879696848096
1.256125,-0.21316821894915872,0.16002832000674583
1.25625,-0.08304135821974065,-0.503272838162492
1.256375,-0.2963050186604735,-0.354116483888431
1.2565,-0.19421360406938423,0.18875353448363288
1.256625,-0.2333781540614995,0.5295875427344509
1.25675,0.18027524145222212,0.26636850644354926
1.256875,-0.0830735971772495,0.024764017125424344
1.257,-0.3959378415227015,-0.20430528707515727
1.257125,-0.6298961986056991,-0.2746301736639911
1.25725,0.10255818892951753,0.015214677288354825
1.257375,0.30356103167504717,0.40139055048445277
1.2575,-0.019569873347552454,0.0063270717264001025
1.257625,-0.11658229231672669,-0.3654434159341632
1.25775,-0.34774288070147624,-0.09242664209313466
1.257875,-0.4726452649265077,0.3029577447408017
1.258,-0.24658973067524875,0.06731184740567814
1.258125,0.4683057844669228,-0.10649879570415245
1.25825,0.3214155958286983,-0.2356506857024394
1.258375,-0.12760130353561547,0.03796225164628363
1.2585,-0.37655275133468313,-0.15655195581433926
1.258625,0.16474788626991058,0.12875925948604922
1.25875,0.6224487732129348,0.04692113383445002
1.258875,0.10475922706057296,0.10548430145025446
1.259,-0.3857858087924157,-0.46848662014770676
1.259125,0.04101820000059924,-0.3304706513223369
1.25925,-0.15774851564670653,0.033146496112924896
1.259375,0.15019251038769482,0.11672075840531224
1.2595,0.46648718910276665,-0.19535559645987366
1.259625,0.3326845741366263,0.02389462176523033
1.25975,-0.09702165164601395,-0.2694074427732124
1.259875,-0.39967808791524423,-0.32285239942760274
1.26,0.33835531915103034,-0.12224307805551446
1.260125,0.805686830136079,0.3977062705274149
1.26025,0.36245789511143295,0.2514287941981885
1.260375,-0.11485786848684562,-0.07844789631429348
1.2605,-0.06817710063093411,-0.46225920535369425
1.260625,-0.0829687654852733,0.30688460598179856
1.26075,0.06598764842621545,0.43599004882127607
1.260875,0.45310023096237084,0.17008957116446302
1.261,0.26311192572365855,-0.2919986621623047
1.261125,-0.4252640727630661,-0.29369564155036143
1.26125,-0.6545606081458798,-0.14285985207989876
1.261375,-0.07239494934004778,0.09763947773718502
1.2615,0.23994791550112857,0.5018854117371598
1.261625,-0.032557757439766466,0.38272147387356814
1.26175,0.018498322728976908,-0.27522022543381064
1.261875,0.05126810791153535,-0.3488841984801174
1.262,0.05092194085224176,0.16313074984626083
1.262125,0.13938401227103608,0.4204928780294084
1.26225,0.30917535246730066,0.28057459160812626
1.262375,0.5044144068823616,-0.09404720272598913
1.2625,-0.07889363132786255,-0.15498111203010184
1.262625,-0.6971588114696289,-0.1863138697962143
1.26275,0.17150842265273825,-0.13930130744621483
1.262875,0.5409577879466951,0.4573804857600416
1.263,0.03149214720035153,0.5007365494616699
1.263125,-0.16229576918890468,-0.4366390827550804
1.26325,-0.16570706586239417,-0.5102164101098877
1.263375,-0.09674976621987648,0.024891746112516374
1.2635,-0.058942258037022965,0.4483114300402374
1.263625,0.2956470369511209,0.045083164425687404
1.26375,0.44864900284739573,0.14327791780295282
1.263875,-0.4059042981184821,-0.00987124829759672
1.264,-0.650625612436245,-0.007410585649348696
1.264125,-0.3549174818931295,0.049626221805455124
1.26425,0.42476500744366724,0.26190939303693417
1.264375,0.08901816810748306,0.4134470120674579
1.2645,-0.2505499155266835,-0.27831849610247583
1.264625,-0.1948416911285286,-0.49529077794057147
1.26475,0.19532317442551475,0.13770074573073876
1.264875,0.37693318228124745,0.3715776396865026
1.265,0.0811446181126782,0.21873493773309974
1.265125,-0.03830804471655851,-0.30227892030022746
1.26525,-0.29215961737881235,-0.2826894445993368
1.265375,-0.6264066099033502,-0.1511098147354405
1.2655,-0.26742744792891987,0.12128651182042438
1.265625,0.3560134849269505,0.13692984462198646
1.26575,0.4969237659510773,0.09832649302451935
1.265875,-0.21691474057393995,-0.10337635886656206
1.266,-0.35361967970601715,-0.3904752045321665
1.266125,-0.1716588466658419,-0.10416718409635592
1.26625,0.037042529984956295,-0.03512159838553026
1.266375,0.08752107294295343,0.16259230108352216
1.2665,0.25692615822909715,-0.09754404633548512
1.266625,-0.027197099138181337,-0.2911989310643256
1.26675,-0.7175337768783637,0.34859901169137875
1.266875,-0.20240932667351552,0.2272123001382869
1.267,0.5875242016833592,0.06273009170452114
1.267125,0.18661759056056448,0.30583719638241974
1.26725,0.19449997020126353,-0.39335330758745174
1.267375,-0.07986632654895746,-0.618070303316599
1.2675,-0.044951887252222295,-0.5751127410302457
1.267625,0.22702464623356447,0.21889669672888812
1.26775,0.39897285088794066,0.4111655331786426
1.267875,0.22490791056611642,-0.2521700271531648
1.268,-0.018837998599254304,-0.4580934449379125
1.268125,-0.260031687068703,-0.03388666712329748
1.26825,0.03846565392907879,-0.035793369404871135
1.268375,0.49031113061493226,0.24606163660506405
1.2685,0.40980481263096635,-0.029040613569071724
1.268625,-0.07635214835413552,-0.09960297198946745
1.26875,-0.34634300493143216,-0.6173746961560422
1.268875,-0.06968316864872376,-0.03794762499212517
1.269,0.21728362451898325,0.3206715683786746
1.269125,0.3778206964743657,0.5568039503081889
1.26925,0.3778516604910632,-0.14959959974569864
1.269375,-0.11592695522047963,-0.3945548332418187
1.2695,-0.32399642944547014,0.3597546837762741
1.269625,-0.29559385872862237,0.3201508129644099
1.26975,0.26651737213693344,0.2001625403999742
1.269875,0.5309076806592231,0.3336253696018511
1.27,-0.030401810344427013,-0.11325056353689501
1.270125,-0.40201686642384515,-0.46980464008016687
1.27025,-0.07276732316864887,-0.21021513686164547
1.270375,0.032537148698620344,0.4345187075202552
1.2705,0.2903026523228343,0.26739719924052013
1.270625,0.05637187605300106,-0.03641308542145803
1.27075,0.015198255787347919,-0.15062289844174712
1.270875,-0.36779167011380876,0.29598722765850694
1.271,-0.42724290889940886,0.10329403713031508
1.271125,0.22405394901235987,0.30235812576044374
1.27125,-0.020126194217003734,0.4113940691760166
1.271375,-0.20598245512668925,0.20814904913617172
1.2715,-0.561409878091561,-0.3546400430704907
1.271625,-0.3066414350095162,-0.22193147341738204
1.27175,0.27289462536000314,0.32429760218247117
1.271875,-0.06372453383237262,0.36320129097722176
1.272,0.2830645045033226,0.024116923596253396
1.272125,-0.16554012757852624,-0.295729752340626
1.27225,-0.27298999094730036,-0.33703581527174736
1.272375,-0.3554071627184246,-0.10351307298059848
1.2725,0.2747744822791989,0.028976002631131093
1.272625,0.47972178259317555,0.22474855772750385
1.27275,-0.04453905297767843,0.019989314034563575
1.272875,-0.497850428395149,-0.033771212973670965
1.273,-0.4843565554006671,-0.23272790996895468
1.273125,0.08756287290218087,0.04457684260128991
1.27325,0.227689617313785,0.14693761316344056
1.273375,0.19757524350575384,-0.2386699496298073
1.2735,-0.08273823147318025,-0.5243936299179659
1.273625,-0.46256709095739457,-0.18627940396891082
1.27375,-0.7268528191686748,0.12349657505597915
1.273875,0.23559819480032243,0.14414359628404902
1.274,0.40429303377638726,0.38159406467020907
1.274125,-0.23384224500088027,-0.004854072794995168
1.27425,-0.5272580218456339,-0.11126478559453797
1.274375,-0.4393903122242406,-0.09865859277212445
1.2745,0.117197467910416,0.15295247745280854
1.274625,0.07839664765150728,0.34787519279534046
1.27475,-0.08306239341256963,0.1842946290643214
1.274875,-0.2056810152471685,-0.38691043596963887
1.275,-0.1539438650211415,-0.5348757252464164
1.275125,-0.2760451197566927,-0.09276110038650448
1.27525,0.3290487741435542,0.08456995671413536
1.275375,0.6074351816559148,-0.21778943135361933
1.2755,0.46579724571868925,-0.25496027986440734
1.275625,-0.04429029945102392,-0.47276530229074454
1.27575,0.00576186811231408,-0.40763539232253726
1.275875,0.6641940223715435,0.11081844292776963
1.276,0.5340694529076386,0.33982558313673766
1.276125,0.2958588282111634,-0.28387324355861704
1.27625,0.19560475437868624,-0.6117992451212357
1.276375,-0.2965291088489813,-0.23662053655671147
1.2765,-0.242926139832836,0.2685791744916685
1.276625,-0.0016237532684350365,0.32364489913526195
1.27675,0.4317403369842098,-0.04282387744673331
1.276875,0.09446871415770516,-0.11424565457451097
1.277,-0.22029532170755511,-0.2991277810729754
1.277125,-0.623866094303198,-0.34565940561851755
1.27725,0.09690220965294252,0.12519730830911502
1.277375,0.25183348751278983,0.5627240572009604
1.2775,-0.05744620925791416,0.05238216093640615
1.277625,-0.2075100675361195,0.012997508633393249
1.27775,-0.16143660858734082,-0.005604447699793348
1.277875,0.1144061896023701,0.5319628766929402
1.278,0.40401244955365206,0.49863842824318494
1.278125,0.4962380240993567,0.2992314022422468
1.27825,0.1745404971869561,0.31205658250753865
1.278375,-0.654644420084029,-0.011937496271223017
1.2785,-0.4813337128800219,-0.5183792099188268
1.278625,-0.047621545229352476,0.0673157980541242
1.27875,0.4981709496673262,0.3068048277216839
1.278875,0.05312750702121432,0.08169896677358027
1.279,0.016093466378940012,-0.4299369422892022
1.279125,-0.08361826852580262,-0.08231940464144685
1.27925,-0.0888735105759033,0.2623228147768754
1.279375,-0.009255683537016198,-0.03526645159549767
1.2795,0.33506902463390853,0.05511102388306048
1.279625,-0.008484793496051773,0.028135080541671572
1.27975,-0.8026535713649045,0.1147732962562461
1.279875,-0.45750252092189747,-0.06396387245794682
1.28,0.16894234430593275,0.172118091837592
1.280125,0.43741142658091375,0.43078832486017465
1.28025,0.01795163771033181,0.311175012735698
1.280375,-0.18935019132581707,-0.21050021047446793
1.2805,-0.034010527844201055,-0.38708080980526144
1.280625,-0.1905873990835777,0.1609212817831619
1.28075,0.0493046527823279,0.2668321227154335
1.280875,0.3406623006220309,0.2094150031340466
1.281,0.11684540486303657,0.017579103653067675
1.281125,-0.428488296524805,0.13276492820319774
1.28125,-0.3137004450057004,-0.11993633737840245
1.281375,0.12979807849931893,0.054032676267211505
1.2815,0.14025427163927834,0.16632551291621844
1.281625,0.020781123168753548,0.04884841028334128
1.28175,-0.25872825272850236,-0.5322963904176338
1.281875,-0.23788424353316598,-0.5290823846329981
1.282,-0.32160344405570374,0.03262820992376228
1.282125,-0.15989356407649208,0.3185454206604168
1.28225,0.09460223974145396,-0.049954627316891896
1.282375,0.1801472818971671,-0.32742343770291615
1.2825,-0.44109279382074945,-0.25068739905845117
1.282625,-0.5315470119321202,-0.020021517307336832
1.28275,0.18049031425006914,0.18037312060416613
1.282875,0.19276899831786917,0.33842602963342616
1.283,-0.12370700081360086,0.18818337844429475
1.283125,-0.2470569740923337,-0.23217968906472697
1.28325,-0.42957408547535386,-0.430468339390596
1.283375,-0.05618884980760593,0.01199603999844123
1.2835,-0.21133523539335636,0.26859334224489234
1.283625,0.5665546819498266,0.00664799172158738
1.28375,0.31919331852366795,-0.1998327266308769
1.283875,-0.01811389087374201,-0.3374473910523012
1.284,-0.1810078776804563,-0.17769173113238784
1.284125,-0.2036276574380187,0.03819344682811132
1.28425,0.49566721213696574,0.1475706788584065
1.284375,0.4390222777229862,0.554573627037944
1.2845,0.1668030177527906,-0.06322711325030257
1.284625,0.11531850240050212,-0.39513747809889727
1.28475,0.5199046019160857,-0.14797114769856684
1.284875,-0.012853701532640894,0.25604924624789793
1.285,0.24003206987011164,-0.08875004569048298
1.285125,0.3584270767363881,-0.3655885151844503
1.28525,0.0961068304227572,-0.560026115541371
1.285375,-0.28742034018761653,-0.03879257273157502
1.2855,0.0651524255446039,-0.05215021169460861
1.285625,0.4412280412436719,0.35277936068134436
1.28575,0.525657278610035,0.49078952230609724
1.285875,0.07016666952631535,-0.06625771398026377
1.286,-0.31892876120774283,-0.4946177129291764
1.286125,-0.1032272440388096,-0.2161862180313321
1.28625,0.11696629543547284,0.40244126532566366
1.286375,0.04757997405031686,0.29183292538048194
1.2865,0.25796157862755,0.20165951794107762
1.286625,-0.4391272830533397,0.16815573525670652
1.28675,-0.834103459251142,0.07320840219258096
1.286875,-0.22168781358406792,0.06895615814752558
1.287,0.4819137788932234,0.2603056210154144
1.287125,0.62177349744623,0.27036235863562275
1.28725,-0.3138080904032154,-0.1448606556767465
1.287375,-0.40641726798907307,-0.2642869790912976
1.2875,0.1310980475179239,0.11558280597664569
1.287625,0.4746193392696556,0.46642062633912273
1.28775,0.19095062879171035,0.28120688510869624
1.287875,0.26774168498703754,-0.4129658556908038
1.288,-0.346512047116357,-0.1967394148575501
1.288125,-0.7521525788087664,-0.11644950297904412
1.28825,-0.2696005097067542,-0.2442030027071988
1.288375,0.38381928093955775,0.1395311322379286
1.2885,0.3518944500524542,0.19262826026052246
1.288625,-0.10583345079490127,-0.16247583158811063
1.28875,-0.45865122866385843,-0.49948491947494494
1.288875,0.1745063478621854,-0.11963982381459486
1.289,0.28732005885462025,0.2607705667269976
1.289125,0.17071268613903579,0.3467112568712789
1.28925,0.013394142430308132,-0.308167203845171
1.289375,-0.30313899577929293,-0.5834975014970665
1.2895,-0.21645150811548286,0.07948974746858094
1.289625,-0.26409702294208226,0.3566323576365876
1.28975,0.34693889817798634,0.45110562904062135
1.289875,0.23913343092250075,0.12687967385977972
1.29,-0.3883784030270095,-0.06584047679625556
1.290125,-0.3417555294041461,-0.40887864489414716
1.29025,0.06886626068696619,-0.398386409536737
1.290375,0.4417255448887153,0.26708871873529727
1.2905,0.04658484453081808,0.45570134666387263
1.290625,-0.01933296810530495,0.054641598981369256
1.29075,0.08835930729684933,-0.24828988785008527
1.290875,-0.3197574053053008,-0.17405190937322376
1.291,-0.2098274945081221,0.19622304268891724
1.291125,0.056142651541386264,0.07971366684708348
1.29125,0.3017409020721692,0.21565804158280413
1.291375,0.0674248485169148,-0.2423861180294126
1.2915,-0.2569093539290545,-0.4161760072472041
1.291625,-0.13708284128747622,-0.3640049837600001
1.29175,0.0454151628439867,0.022240249197597064
1.291875,0.28338730834233705,0.41260322471461724
1.292,0.11844460366579304,-0.19372960792272514
1.292125,-0.06503779520750998,-0.3063676770697428
1.29225,0.07152108859934382,-0.09063575831012133
1.292375,-0.08447150760163395,0.052842860893164534
1.2925,0.22073353331199286,0.16771258541696576
1.292625,0.6493521992798511,-0.19277084447114226
1.29275,0.3662659049328059,-0.04675808999679645
1.292875,-0.3277656813734508,-0.2298068932687147
1.293,0.04604571425896015,-0.5045712012089206
1.293125,0.23998980576021636,0.10154156214993817
1.29325,0.0719633378768017,0.3798646825104592
1.293375,0.048641817785605786,-0.41383287400159574
1.2935,0.07721510276163682,-0.4974242733230878
1.293625,-0.014793402973576475,-0.2780005472889375
1.29375,0.13964725067284264,0.06721966112237718
1.293875,0.09427151081304493,0.10997032639863905
1.294,0.4888490362906381,0.049276258545153634
1.294125,0.08776510188895963,0.1832581977220945
1.29425,-0.37185903578593116,-0.18998469080218824
1.294375,0.08345061268628969,-0.06979536112313356
1.2945,0.18853205941267817,0.48655543582459315
1.294625,0.23625237251645087,0.625950999821755
1.29475,-0.06611140448625162,0.03154972436730725
1.294875,-0.15743575793457987,-0.1583114589290279
1.295,-0.2544614505134949,-0.13938364731039873
1.295125,-0.2342097999506292,0.11862832194087775
1.29525,0.049875689060638835,0.05410461164561688
1.295375,0.2116957179944519,0.014388857616472165
1.2955,-0.007406696338799158,0.03183197608654172
1.295625,-0.6265489220473193,0.032022727970292646
1.29575,-0.32193493376474996,0.0021101876818397144
1.295875,0.1636018049223571,0.20567490885844117
1.296,0.3558352318286032,0.15762961351233198
1.296125,0.2792096420025325,0.10250852217513012
1.29625,-0.08461414037358211,-0.23632979121794337
1.296375,0.058508156368854855,0.18697249807164534
1.2965,-0.10499459263785059,0.3935326035973336
1.296625,-0.09460599232053304,0.1917019429175249
1.29675,0.35368036150108967,0.001453381877415393
1.296875,-0.018927005963007615,-0.2122590141471332
1.297,-0.24799053958646486,-0.18299789474114972
1.297125,-0.5906571380292502,-0.19071140286998692
1.29725,-0.0557494649250492,0.017001227854213506
1.297375,-0.05296898540953086,0.2182062434067995
1.2975,0.17089705019431564,0.040489681707239565
1.297625,0.059420190506379755,-0.29554077696073283
1.29775,-0.44148736260471666,-0.24736970087123153
1.297875,0.004277679153544678,0.3192220777291265
1.298,-0.07566100530373551,0.42565713387151527
1.298125,0.04640547793777426,0.2613492322345468
1.29825,0.15437276223382496,-0.03577673538396902
1.298375,-0.18345149354128298,-0.015356281103100708
1.2985,-0.3597894627258975,-0.199745369960246
1.298625,0.036401401429451974,-0.22626372083606264
1.29875,0.07714752925243613,-0.026765066502549277
1.298875,-0.13893411037692144,0.25171650054931827
1.299,-0.4240507538257708,-0.4970009782062029
1.299125,-0.3294375597723849,-0.2753870250997401
1.29925,-0.16377053903416403,0.1483375311663896
1.299375,0.13208371358074014,0.21180427584844122
1.2995,-0.045540384006939494,-0.02184439561164206
1.299625,0.3028289799635219,-0.018048330040542987
1.29975,-0.5278855398913602,-0.0614293165922343
1.299875,-0.04429933700526628,-0.15855548712603365
1.3,0.12450560756702589,-0.1200201067770329
1.300125,0.3167230982073112,0.19334615967698657
1.30025,0.1725106805624405,-0.07595464507816048
1.300375,-0.06843046113988582,-0.053503575161757744
1.3005,0.0503222773187222,-0.5364973564186596
1.300625,-0.08048400910193985,-0.10683614587757696
1.30075,0.032274423992612725,0.16193354863103684
1.300875,0.41535963253183456,-0.10588131546289888
1.301,0.31908397307448444,-0.34582602026807735
1.301125,-0.14400779607765954,-0.3353600028767869
1.30125,-0.2518873251337407,-0.2226656242282526
1.301375,0.20048177296457878,-0.004784059705260422
1.3015,0.33142022091268747,0.5092616769897929
1.301625,0.09620665390598185,0.2907418959798303
1.30175,-0.1980335247109867,-0.30184703748014413
1.301875,-0.05611321668088084,-0.31621926698463443
1.302,0.05025410730972109,-0.07354260283876644
1.302125,-0.005274092659846659,0.028611273465536605
1.30225,-0.025490316635854094,0.061806638403529
1.302375,0.19870247343880112,-0.10363723338053744
1.3025,-0.3236238240394343,0.07583364155910881
1.302625,-0.03807080397292797,0.09703915034458557
1.30275,0.07614839498900228,-0.08050575668986419
1.302875,0.3669256474847134,0.061410597338614606
1.303,0.2136673666965065,0.37931065239074235
1.303125,-0.12750990692158803,-0.2076198414060905
1.30325,-0.20545112983739638,-0.07835136557744254
1.303375,-0.16480386053957002,0.2727699831011386
1.3035,0.2604637013565183,0.4870697875878509
1.303625,0.1685960154966323,0.276281577091365
1.30375,0.3618597717569698,-0.0857572331039704
1.303875,-0.20834450289113146,-0.023682893795968846
1.304,-0.32296101522069237,-0.03630667552591381
1.304125,-0.16616756805581065,0.18567383624608827
1.30425,0.41107542196724317,0.312895409794334
1.304375,0.3337839362099911,0.3191039018473551
1.3045,-0.05429522965725402,-0.1566914643159697
1.304625,-0.20568886581555576,-0.21979876125178854
1.30475,-0.17854571319414653,0.013804376706493126
1.304875,0.06234574507850984,0.6050520348585446
1.305,0.13208297878844344,0.19307666155721054
1.305125,0.3023711280468127,-0.19937718053116282
1.30525,-0.15624999978540924,0.03546262771087296
1.305375,-0.3969767406369473,0.08816236886028328
1.3055,-0.2536099562696696,-0.018786631200003442
1.305625,0.27761505739021886,0.11748607159479409
1.30575,0.05832593467489632,0.11787884890007896
1.305875,-0.2873840862211088,-0.27449065803255984
1.306,-0.3058575638771591,-0.4000858117542375
1.306125,0.2472174666803038,-0.061879218560515696
1.30625,-0.15811287892867207,0.26939605014773305
1.306375,-0.15861323725104753,0.3219233780881689
1.3065,0.06445684759036978,-0.0646783171212909
1.306625,0.30876303343572975,-0.29870332262330757
1.30675,-0.37429943188433923,0.014259745795231742
1.306875,0.08458521205893861,0.08171062234713249
1.307,-0.03243982355407695,0.052607000222166536
1.307125,0.12392831019840621,0.07784057593986848
1.30725,-0.28660936531494213,-0.08263402318898759
1.307375,-0.6367585621319257,-0.4812645005651309
1.3075,-0.465715927080339,-0.38581272957509066
1.307625,-0.16921401352926838,0.32860367905427507
1.30775,-0.0614810869477348,0.09819404624566185
1.307875,-0.06998820990122269,0.059541114548335355
1.308,-0.1909236419394634,-0.23114006503569604
1.308125,-0.42536905993721513,-0.08490200781535487
1.30825,-0.2434646898231059,-0.0560612712559141
1.308375,0.129009791428787,-0.04200649324483052
1.3085,0.45384664648297596,-0.16285603776864474
1.308625,-0.06314068446780297,-0.019173496555525936
1.30875,-0.3583659999166553,-0.008019508136453475
1.308875,-0.1264952280747561,-0.22718964094922353
1.309,0.08850132541027128,-0.04185540607237871
1.309125,0.37564292049706116,-0.07739592999999685
1.30925,0.20209689639787434,-0.4247235237599054
1.309375,0.07679330241894117,-0.22467984604988472
1.3095,-0.3580846304046114,-0.2846296832336815
1.309625,-0.08047500531077367,-0.07653988793951237
1.30975,0.44133141905564177,-0.05857882798530975
1.309875,0.3162880143496164,0.11575569389807895
1.31,0.4129693653302155,-0.2669295451805047
1.310125,-0.3418742980679446,-0.21138163120634032
1.31025,0.10276759048057249,-0.07619356025283912
1.310375,-0.12006672009690574,0.23990548167284909
1.3105,0.36188322653216215,0.1964331945592475
1.310625,0.3173149499197175,0.03383485737725884
1.31075,0.04692942394831282,-0.2863831268749203
1.310875,-0.0168030329819441,-0.14674642763590093
1.311,-0.059778059584470626,0.0960446378748225
1.311125,0.34822945553026363,0.32502199239652246
1.31125,0.4603405542447003,0.20939760793189313
1.311375,-0.021944571962798563,0.20466624235876588
1.3115,-0.26561886033041143,-0.17156873807527473
1.311625,-0.19992848205622077,0.052449509094841834
1.31175,0.1984033595879129,0.2511880488732352
1.311875,0.11322834045504657,0.43109933342197493
1.312,-0.08601515232602633,0.13341739230040534
1.312125,-0.07683811340815529,-0.19461714104601122
1.31225,-0.20281091656640501,0.052167048476370534
1.312375,-0.04020246613886023,0.11953015716919071
1.3125,0.1912195705100823,-0.09956726081144425
1.312625,0.37599906568732155,-0.13702913540125486
1.31275,0.17642948840846942,-0.05361153098628689
1.312875,-0.44195837228649515,-0.32789861893260996
1.313,-0.06481208115988771,-0.156478902527132
1.313125,0.2966451529922028,0.12633537147939403
1.31325,-0.03602811023365139,0.307760471943291
1.313375,-0.16418938026400198,-0.15718426015695272
1.3135,-0.2764386970676828,-0.5087443931470249
1.313625,-0.33181180538344085,0.07832539674102316
1.31375,-0.38504743620395676,0.1603101332415448
1.313875,-0.07187214555675925,0.2225013428464266
1.314,0.2991409362532519,0.043429640270711306
1.314125,0.168306673511504,-0.03288816874355073
1.31425,-0.5955495147220103,-0.1287415742037456
1.314375,-0.23779690005670903,-0.24437284524296063
1.3145,0.05681368345366572,0.18192893161806234
1.314625,0.3284248913254762,0.3637084463287521
1.31475,0.2971401364288652,0.139816171056957
1.314875,0.0309070769937648,-0.1654798648601406
1.315,-0.2375382875511903,-0.18599179024990908
1.315125,-0.2745068942345157,0.21706563241018842
1.31525,-0.0492747870657855,0.09738521480358074
1.315375,0.11152439149648671,-0.13612015491607554
1.3155,-0.3346958493129124,-0.18508982085223244
1.315625,-0.6486676782273628,-0.3345384209154969
1.31575,-0.5069177998076032,-0.41674889263720527
1.315875,0.20969324964813324,0.05978709303896736
1.316,0.1287405476413084,0.23043295053045146
1.316125,-0.12258139141844258,0.03343658309828621
1.31625,-0.04345453315213599,-0.3865874443553783
1.316375,-0.109815206766544,-0.37476502209159024
1.3165,-0.1276111463751526,0.18032617547532648
1.316625,0.011897786731339288,0.41855721553812514
1.31675,0.2698000746617911,-0.170867902596375
1.316875,-0.07069909862862325,-0.05731980182048821
1.317,-0.531787661934796,-0.0038672785588417624
1.317125,-0.2975279182179793,-0.3387146325734668
1.31725,-0.03989272272965305,-0.014464449483601432
1.317375,0.35404602236242616,0.11941891284235895
1.3175,0.06166315561781819,-0.22192110600256237
1.317625,-0.14766265187188793,-0.4260100343308495
1.31775,0.20591194387408418,-0.12857379110074602
1.317875,0.11331165904899387,0.08067947215623225
1.318,0.1811716730680228,0.08184939495060051
1.318125,0.35883733393814243,0.04039044737225617
1.31825,0.2905317827910405,-0.276396543014733
1.318375,-0.39550438003253596,-0.11536166291620732
1.3185,-0.4444633332747233,0.07228096769314575
1.318625,0.2723249986353008,0.21807356345889742
1.31875,0.29868105005347073,0.42356156205964846
1.318875,0.1978890697471841,0.017918389601948904
1.319,0.010528092378177754,-0.4184707704148372
1.319125,0.04483257180604412,-0.28797302811965064
1.31925,0.024262594450007415,0.22481896389285866
1.319375,-0.13873109569923942,0.25226709698734273
1.3195,0.3718433058075477,0.18789281677635586
1.319625,0.23994000261483078,0.04766545509866099
1.31975,0.1437975236483705,0.07268962362320038
1.319875,-0.20115917200235056,0.04229156360308044
1.32,0.48634720093693773,0.16095264055013114
1.320125,0.33471836197461113,0.32785122082086043
1.32025,0.18401591047136914,0.014667249051594423
1.320375,-0.037480817561788005,-0.21356288556223352
1.3205,-0.03835213197157074,-0.30373714495091897
1.320625,-0.12883992516561601,0.09079628637655116
1.32075,-0.08545419271097296,0.2994059486314855
1.320875,0.2627438163706657,0.07757538047019258
1.321,0.26848546657951916,-0.08317235290351323
1.321125,-0.28575049550315784,-0.12643390555130907
1.32125,-0.39399112195854535,-0.04161900303376339
1.321375,-0.030046828425815825,-0.03747880393051328
1.3215,0.18060543430510642,0.34133353964923396
1.321625,-0.057840490351861305,0.286279922768091
1.32175,-0.43445491012859044,0.2027876343686044
1.321875,-0.27287586518044593,-0.14298498885169372
1.322,-0.12560321215494688,0.225929972639236
1.322125,-0.08180877444353582,0.37047428847843794
1.32225,0.2606706562064936,0.17527361540022796
1.322375,-0.014283883816817984,0.04892470426050693
1.3225,-0.037885309589387614,-0.23813739464003006
1.322625,-0.7332184407297707,-0.2092616355986218
1.32275,-0.06095501891844569,-0.09582124382436767
1.322875,0.044842028425148395,0.38631571955138466
1.323,0.025086486661429975,0.2552903827335503
1.323125,0.055957274550040736,-0.1615208577195929
1.32325,-0.09790857304660944,-0.07906959413813303
1.323375,-0.01308933610787248,0.0955027312431494
1.3235,-0.2235203788432114,0.08845076562050098
1.323625,-0.06699439781431049,-0.035381151906377535
1.32375,0.2090294443085432,-0.21014756842198554
1.323875,-0.06698933019161449,-0.22512217144410793
1.324,-0.7165134789642464,-0.12718798994645047
1.324125,-0.2522188540414152,-0.04537426469549211
1.32425,0.059145751623054535,0.004488099003678194
1.324375,0.1644977317211862,-0.027455593153313956
1.3245,-0.2686801024840552,-0.12166457339057972
1.324625,-0.012566876489900528,-0.45147894785482423
1.32475,-0.19495004492271464,-0.39750994334987133
1.324875,-0.07094480044046486,0.1551129809149385
1.325,0.3450474090131771,0.2739020015099693
1.325125,0.1940286321761211,-0.1327338677440612
1.32525,-0.12657159302822069,-0.03864823827544143
1.325375,-0.43581794484515846,0.017480936720388883
1.3255,-0.12388422069123381,0.01505691396024077
1.325625,0.4587360190530491,-0.07482486238370147
1.32575,0.3940511644591223,0.15068983187050508
1.325875,0.1077521784429913,-0.3569423480849327
1.326,-0.1804873169708903,-0.340624901950198
1.326125,-0.10688701271542195,-0.21058586628394144
1.32625,-0.020196812883762443,0.010075646688555257
1.326375,-0.03050578146942585,-0.030991328143087672
1.3265,0.1341247334863221,-0.09300088770159297
1.326625,0.24433654116719886,-0.0053999924547231525
1.32675,-0.26901654351390897,0.026207616375414234
1.326875,-0.027154980575063128,-0.02985571785612572
1.327,0.40575876734670957,0.12180674451828302
1.327125,0.24653525120158556,0.13623249542138066
1.32725,-0.1377142193738536,0.011015627319135838
1.327375,-0.18075565011489506,-0.20073483980917922
1.3275,0.34325121536617337,0.04697827470775622
1.327625,0.43508508743540897,0.32932095858126326
1.32775,0.28325237104978923,0.39373950250493334
1.327875,0.17522268532041962,-0.03741054446103922
1.328,-0.08656638101430773,-0.13599258870440717
1.328125,0.014319384336273281,-0.054473488785614976
1.32825,-0.02491986433126767,-0.048238496998330285
1.328375,0.34373033148648713,-0.017807862488397903
1.3285,0.4310359727671396,0.43913745904560025
1.328625,-0.5593321558092514,0.2518557016018008
1.32875,-0.4000177755957571,-0.1770107040257699
1.328875,0.04940309011083132,0.282045391933632
1.329,0.21262427126111677,0.4213236523154864
1.329125,0.14211186811869136,0.3218736645104927
1.32925,0.06782892064542402,-0.1330123465696566
1.329375,-0.16661563554297248,-0.20890247759647879
1.3295,-0.17097687204483208,0.0011344447464514229
1.329625,0.015043781175195569,0.03094985543566447
1.32975,0.17371901676144946,0.3512066859106157
1.329875,0.29363658374016643,0.1623023790865771
1.33,-0.44764343199373546,0.015559553007553973
1.330125,-0.5433668939531066,-0.20085490947004878
1.33025,-0.2022587523210627,0.16027672249774286
1.330375,0.19043747062187558,0.4181725901996446
1.3305,0.07854472248844685,0.1887144869453748
1.330625,0.1309500416549688,-0.1608295644980703
1.33075,0.09012814243223174,-0.34678241485126376
1.330875,-0.3394739624014518,0.09251924980012596
1.331,-0.34093532911409474,0.12430441180608133
1.331125,0.3608263481804332,0.2849723489368208
1.33125,0.03509450022598798,-0.19526255774831383
1.331375,0.016216184024586834,-0.09726207368568526
1.3315,-0.3592171711140459,-0.07168627973754242
1.331625,-0.41163800064935085,-0.2460578972575953
1.33175,0.3426422666673839,0.33646700683693476
1.331875,-0.2130777572945569,0.12432006708500552
1.332,-0.1190713652920074,-0.4053913418425757
1.332125,-0.2656784117736497,-0.45340551432273435
1.33225,-0.20200687538604897,-0.0881032286411663
1.332375,-0.33150456235309134,0.1209893220581484
1.3325,0.2371014693587192,0.14161351435557792
1.332625,0.0632661795845768,0.2234282249806588
1.33275,-0.09347458724266218,-0.06261865997464645
1.332875,-0.1555831928094331,-0.5096267481009553
1.333,-0.12655191875218275,-0.22090552883696563
1.333125,0.23171620646466606,0.3853126672219036
1.33325,0.23457385995117155,0.21072367713649898
1.333375,0.1506143434225412,0.1437797166080961
1.3335,-0.042123567753025865,-0.18759803090327604
1.333625,-0.08604542502421268,-0.13102193238973933
1.33375,-0.07487234245178874,-0.170092117671714
1.333875,0.16394660853444262,0.02882622530403793
1.334,0.10883521434223294,-0.049067389798110844
1.334125,0.1853502059287052,-0.05351458022785374
1.33425,-0.10301594103846888,-0.20549825860482715
1.334375,-0.10179927347003176,-0.1351421353437918
1.3345,-0.14141346607129743,0.10930048444659574
1.334625,0.09575961699358004,0.07357706002426317
1.33475,0.40782464508803423,-0.1301213957136166
1.334875,0.36996348452558125,-0.3339482612195174
1.335,0.21211483774373482,-0.07179106121295371
1.335125,-0.09854445343934516,-0.07255853741398485
1.33525,-0.09214801412019272,0.003229870090956862
1.335375,0.24505929268177487,0.04680665345379539
1.3355,0.09109415007506606,0.04142689267792514
1.335625,-0.15807004096715224,-0.13787614746975105
1.33575,-0.05851781520083582,0.016018000431664712
1.335875,-0.009268104764308005,0.04230268948121764
1.336,0.2339725460558853,0.31098814263007474
1.336125,0.20932534285125848,0.1962557008465768
1.33625,-0.14763214528641277,-0.044923860139424655
1.336375,-0.09924844638003898,-0.04473259042986423
1.3365,-0.08019586459153068,0.3130517399783033
1.336625,0.28661440080956807,0.13552239157179516
1.33675,0.39026173350539334,-0.04296661589034649
1.336875,0.27376353034988593,0.41856823064650006
1.337,-0.359919070892696,0.20902503647057114
1.337125,0.12816448619973342,0.13061415797675374
1.33725,0.03388244905587096,-0.004536744770485552
1.337375,0.05967225578541893,0.2701939846247389
1.3375,0.08998276248189452,0.13848712918193237
1.337625,-0.37720550087522203,-0.4434062007970506
1.33775,-0.1523924805200708,-0.03381304983636474
1.337875,-0.13584787290732844,-0.021853283383946216
1.338,0.25922840665582847,0.22865440083705169
1.338125,0.2389939584831316,-0.1368373903024754
1.33825,-0.0142532602199315,-0.016546953094867606
1.338375,-0.22439722068972978,-0.23442497639940113
1.3385,-0.3531783891999119,-0.18923463949816213
1.338625,-0.05870957398936082,0.26158768069961447
1.33875,0.1640303877937307,0.21787587575408013
1.338875,-0.19128218945698142,0.026460150369054806
1.339,-0.09300319729952902,-0.20734287521427724
1.339125,-0.13055710499623527,-0.17245804536753595
1.33925,-0.38245764873463717,0.3817986287511726
1.339375,-0.021962083617471997,0.35435254447090786
1.3395,0.4865181567928943,0.17586150815637086
1.339625,0.19489439412888043,-0.24637362613861416
1.33975,-0.2612206613912201,-0.2131349898419755
1.339875,-0.4084242308762284,0.013175317875684952
1.34,-0.1791008258064706,0.2043036894089564
1.340125,-0.07624307051124372,0.40771909569201087
1.34025,-0.3428737481275698,-0.061023672025516396
1.340375,-0.2648655375070241,-0.2496541584232366
1.3405,-0.24528906168442458,-0.3859505680745073
1.340625,-0.2222704501175929,0.0685368377393948
1.34075,-0.07935289188937361,-0.19289179727774206
1.340875,-0.05607710225993969,0.00913453428196246
1.341,0.1261960953841048,0.07335439975016751
1.341125,-0.07295695839969375,-0.08467726806371816
1.34125,-0.27474490522318906,-0.12036157245879392
1.341375,-0.14789021951561002,-0.061187489968358426
1.3415,0.13683978300500288,0.22786350924134455
1.341625,0.0732814209326034,0.14680919696547068
1.34175,-0.06247577518725243,-0.1752323284815586
1.341875,-0.03705381726701735,-0.35762007476440527
1.342,-0.10352502237824081,-0.0927060947541787
1.342125,0.02553982703655162,-0.07837064007323727
1.34225,0.08992247564802493,0.060551358772808976
1.342375,0.3264423580678821,-0.09084258730720104
1.3425,0.10752449695592205,-0.015201887296101639
1.342625,-0.2117077614239059,-0.12848142139316374
1.34275,-0.18691073696629618,-0.20422317947164262
1.342875,0.3771265489721825,0.008220297431890136
1.343,0.32681160036252727,0.01640730310877173
1.343125,-0.1462180549426112,-0.2526221504225813
1.34325,-0.0873871674509475,-0.12013591411392548
1.343375,0.22355520604039789,0.2253242368344088
1.3435,0.410759676632357,-0.15643524801852904
1.343625,0.354068098955718,0.19094166033718185
1.34375,0.3916488703928887,-0.1776559321208468
1.343875,-0.112501050419625,0.025289217053767465
1.344,-0.011995748900783004,-0.029949623659725994
1.344125,-0.20575776808891744,-0.187562501725518
1.34425,0.08194516263134746,0.060128035445023834
1.344375,-0.0955428633264744,0.31208814768774384
1.3445,-0.009484417806334088,-0.07385810126008013
1.344625,-0.2228821761581775,0.09200805333078176
1.34475,-0.07768839945021974,0.20986279781217074
1.344875,0.12046996637153708,0.32613800734774634
1.345,-0.05629733703403334,0.21075866948084435
1.345125,-0.007836267423432441,0.2291149886852456
1.34525,0.12512727637839224,0.14194882763828526
1.345375,0.0036105021622017965,0.1858703095882045
1.3455,0.08854988324017908,0.3427015399991344
1.345625,0.1671159733226732,0.33337052199318457
1.34575,0.17397574628046283,0.38492418021407354
1.345875,-0.44102507875734515,-0.07432272146711054
1.346,-0.1867025025559538,-0.1853583599787632
1.346125,0.3958354219706496,0.15537425287158604
1.34625,-0.2046052517101254,0.09284648204566204
1.346375,0.04957110043730965,-0.005046218359766848
1.3465,-0.024451637457127515,0.04705134227554413
1.346625,-0.28595359982106316,0.0839242768295743
1.34675,-0.35869754670740117,0.15322081677115268
1.346875,-0.27587507668273276,-0.25386591481959586
1.347,0.4233836994118675,-0.09744660462960023
1.347125,0.41016755600837157,0.1632342567924823
1.34725,-0.19396568845479262,-0.15748979999595483
1.347375,-0.5738530097706005,-0.017511773634279665
1.3475,-0.38944180334027123,0.04330450913221568
1.347625,-0.2699325823347205,0.06895606689871109
1.34775,0.1854712702101089,0.08457247316740744
1.347875,-0.06034641018482411,-0.3115825123102686
1.348,0.1464827407399333,-0.1051475245124138
1.348125,-0.36177123837272535,-0.017513371669996242
1.34825,-0.22822525641268676,0.2906763132239197
1.348375,0.20358461980828438,0.09062577009522935
1.3485,0.24482058789633643,0.06656071442664196
1.348625,-0.3190840456360368,-0.14054856380892894
1.34875,-0.20745838143489156,-0.20200486824745498
1.348875,-0.23110891668102826,-0.03607335122218413
1.349,0.02790043093887736,0.32144159437812536
1.349125,0.0724560237036822,0.32255470308007617
1.34925,0.14612375273923386,-0.03642149660723312
1.349375,-0.17755363314131356,-0.16681576419412864
1.3495,-0.21875408958497464,-0.4373027659749764
1.349625,-0.2902651702336072,-0.00011952180281767038
1.34975,-0.06371839008509106,-0.02120019964341837
1.349875,0.3572736529932215,0.22760817822488197
1.35,-0.10696890180605996,0.023714629341112566
1.350125,-0.177510272580182,-0.2848299345141922
1.35025,-0.13049613688194392,-0.17649157566267415
1.350375,0.32678569430762217,0.19492327226667483
1.3505,0.18082079550932922,0.23093251581493462
1.350625,0.22266073458208407,0.09723296897687862
1.35075,0.28355126653086155,-0.31391444425648635
1.350875,-0.10548030405515772,-0.09552349383012188
1.351,-0.17325400231896732,-0.009361483879890099
1.351125,0.2600396471872418,0.013664779543937768
1.35125,0.1887175990810669,0.13643026090213173
1.351375,0.0060725550395977395,-0.13010428554597148
1.3515,-0.3764413787003409,-0.13560431001572856
1.351625,0.1689293604787612,-0.10808321592794347
1.35175,0.5371321364035065,0.0030679151173864006
1.351875,0.4120437921884285,0.1693979206755508
1.352,0.31444161494977446,-0.05085591228973466
1.352125,0.23367364915163424,-0.007936179577478237
1.35225,-0.2600880340909337,0.017197826257095428
1.352375,-0.17610802121608596,0.23438440108215147
1.3525,0.012846505723392045,0.1307675527831558
1.352625,0.13207474675955888,0.18023849123921334
1.35275,-0.09905782291972473,-0.19012907671160784
1.352875,-0.40472707069469427,-0.006181311025689403
1.353,-0.15963150834476528,-0.23908009384091458
1.353125,0.24374427981414407,0.11809051310113115
1.35325,0.4051458356582238,0.27982826175990094
1.353375,-0.008255129654424495,0.013583372111282684
1.3535,0.21943532207710814,-0.28762397388904554
1.353625,-0.2986884448432513,-0.056005047092273864
1.35375,-0.3425437894063739,0.1701417103807344
1.353875,0.03714951896553492,0.40710938343146474
1.354,0.23189024326466293,0.41865462111512186
1.354125,0.1369380971434924,0.2040268934914131
1.35425,-0.5334761338710273,-0.21984800618153735
1.354375,-0.1889175122629752,-0.29248953182397736
1.3545,0.2601821445429631,-0.16558763852292346
1.354625,0.365869673480932,0.06748487420550531
1.35475,0.052839641239559906,-0.18678751887154213
1.354875,-0.007858744974122651,-0.29421327373330936
1.355,-0.14163170948590076,-0.1950431504349981
1.355125,-0.4482386816027659,0.2843211036265771
1.35525,-0.05575008884087201,0.15792388761840268
1.355375,0.32090674663279817,0.10262521862548417
1.3555,-0.14490419532024865,-0.09301260099861408
1.355625,-0.35448776539769433,-0.17947644856642678
1.35575,-0.05348552574041312,-0.2520471033507743
1.355875,-0.07271582908402853,0.01082204841106504
1.356,0.10406829313089057,-0.10354189423587094
1.356125,0.00955227692096104,0.010205819005555398
1.35625,0.08187839674043715,-0.3620269994107135
1.356375,-0.2997285248164733,-0.11317375574112586
1.3565,-0.34143163245685343,-0.10584760158519452
1.356625,-0.26463526099066337,0.21740907143027105
1.35675,0.20130896754590705,0.29258500413530647
1.356875,-0.09953872574335527,0.12174509196554723
1.357,-0.5761086297846091,0.08003909577194353
1.357125,-0.13568881635733143,-0.1576797092291084
1.35725,-0.05937191147332752,-0.008967781429224504
1.357375,0.08826149476324079,0.44021496913945724
1.3575,-0.3923806675776398,0.09836461060083113
1.357625,-0.15549942662085908,-0.06663131722230993
1.35775,0.10405580895509454,-0.4869617066619531
1.357875,-0.040645154440305635,0.06654310712901605
1.358,-0.021581540855881813,-0.027826828282788308
1.358125,0.15098557519560324,-0.07620000057446574
1.35825,0.22339238912415751,-0.21971320737061845
1.358375,-0.2360250324562747,-0.30079639760090165
1.3585,-0.2895074811429674,-0.5126409313392747
1.358625,0.02295578883122252,-0.13085014215953894
1.35875,0.6192470742255254,0.26169915695480245
1.358875,0.22186745445824882,-0.05901451612917037
1.359,0.1512390704979912,-0.24469733392612233
1.359125,0.19399770608207956,-0.2951983836319212
1.35925,0.02863523903255708,-0.23367067994247023
1.359375,0.36924847615447354,-0.04263192768954691
1.3595,0.5286002374501158,-0.06772701652122053
1.359625,0.24831903869694844,-0.4379079802883184
1.35975,-0.06731750863263547,-0.3138250625627421
1.359875,-0.29365696122588936,-0.3069052330053708
1.36,0.28736658504213786,-0.06051489035872884
1.360125,0.4850355208146627,0.1866469650945947
1.36025,0.2984253533397295,0.23549467058890733
1.360375,-0.372391120793936,-0.24655531951024892
1.3605,-0.24200544301778745,-0.252895217115343
1.360625,0.15182816537182303,0.0599907734217408
1.36075,-0.21456795840017673,0.43778075477991063
1.360875,0.3425922875429,0.02085546252510713
1.361,0.05947760115990115,0.11300625478944643
1.361125,-0.09732378053221892,-0.12576646493529317
1.36125,-0.2889119025895712,0.12369239640219365
1.361375,0.2873284763304093,0.45681901811056314
1.3615,0.3276135631249512,0.21168514205567432
1.361625,0.17868675407748624,0.37015748200838655
1.36175,0.02682767745860567,0.22446152985597134
1.361875,0.05806976715051785,-0.31246155041621587
1.362,0.028306600699605347,-0.056374009939197826
1.362125,0.1351306537033573,0.2303721448846208
1.36225,0.10302303689214129,-0.015699189280745388
1.362375,0.014285133307906595,-0.06186927252369865
1.3625,0.12882720995169067,-0.23065106069358332
1.362625,-0.12599451066928236,0.07978679126833005
1.36275,0.134638897236571,0.11182125851483894
1.362875,0.16124553411279724,0.04935942684598866
1.363,0.07519851487617323,0.09699832538141798
1.363125,-0.30819342223501156,-0.2439235308819197
1.36325,-0.20599594296848914,-0.022553119936613138
1.363375,0.01430171770114104,0.052412530802563535
1.3635,-0.0682966370582528,0.12587458600749699
1.363625,0.05508308936533876,0.09180387531861323
1.36375,0.0680171235792688,-0.17886451929744154
1.363875,-0.21706433322802138,-0.1641726898124103
1.364,-0.368494722354727,0.055526441203834744
1.364125,-0.07569364818088917,-0.09709162380441023
1.36425,0.3954389231017803,0.16385485807073133
1.364375,0.03422494392344949,0.2231399943467737
1.3645,-0.06983508540373781,-0.3615231230541135
1.364625,-0.3515462333757176,-0.13592647938695537
1.36475,-0.16960646921849235,0.09562895865078098
1.364875,-0.18911491989001014,0.1094150357077017
1.365,-0.0409173745249546,0.12811446006867216
1.365125,0.0965804525495097,-0.21878478494093156
1.36525,-0.545809008005308,0.17220425855824828
1.365375,-0.21984385645618304,0.06423326954280108
1.3655,-0.14086599524706944,-0.15918330082508958
1.365625,0.25976587888682223,0.018387459016251103
1.36575,-0.03543333524591119,0.3612972947618374
1.365875,-0.4834465936818541,-0.020559080334163343
1.366,-0.38618131528525956,-0.30613472133537634
1.366125,-0.22697035999601833,-0.0072473588777239835
1.36625,0.035834939545125885,0.4421213951224257
1.366375,-0.03376725571080616,0.40629129202833414
1.3665,0.06030159887679337,-0.3056705376014223
1.366625,0.19655660988363768,-0.3533222694571957
1.36675,-0.43831573364519844,-0.2779762963754969
1.366875,-0.34577756146022337,-0.041935714542866154
1.367,0.24828877233279226,0.12068833409735026
1.367125,0.40689366125870596,0.04167300930624488
1.36725,-0.44054827271538877,-0.3366661255679829
1.367375,-0.1466343014666989,-0.4947841134012496
1.3675,0.3256190266711642,-0.17419320634663113
1.367625,0.6031266999753799,0.23050053490656733
1.36775,0.27274255839100053,0.17694674892154721
1.367875,0.2534105999682774,-0.493107094341867
1.368,0.1002771698306929,-0.5083981992317046
1.368125,-0.24447165788249284,0.03307718000139664
1.36825,0.1667901905321138,0.07261610997730177
1.368375,0.2876995055564165,0.19879158710323344
1.3685,0.06090760438226977,0.04499260100733971
1.368625,0.03553937372150518,-0.14774018972281755
1.36875,-0.08064921568283243,0.011784700090400823
1.368875,-0.14960923581672353,0.041851508125731976
1.369,0.10094004675580681,0.3268542252961713
1.369125,-0.08396791328975252,0.16327896394153504
1.36925,0.12019401436825142,0.06558308744777086
1.369375,0.10540868020211962,-0.303205800192244
1.3695,-0.03838506795541439,0.39523982257600093
1.369625,-0.3938795889903401,0.393768468245935
1.36975,-0.08906260179394425,0.18729337639716304
1.369875,0.3989164733382209,0.32939477139018064
1.37,-0.23659722901978414,-0.09866221199876382
1.370125,-0.06809008839800477,-0.026389794825043444
1.37025,-0.16807793849653865,-0.29669670885798144
1.370375,0.11168483429916774,0.4427710477723804
1.3705,0.02556993391352734,0.4665532737683153
1.370625,-0.0185913496730688,0.15266108290217026
1.37075,-0.08736843655107107,-0.08335993456488891
1.370875,-0.2473325719768236,-0.050023756388762164
1.371,0.039631586497079,0.1274388999512743
1.371125,0.01232962280246174,0.00030165976566760844
1.37125,0.29234897932241144,0.07656672914198759
1.371375,-0.06846247571555819,-0.017873167797254275
1.3715,-0.38720493781133797,-0.07437588582349296
1.371625,0.03100330288823598,-0.20283579190473117
1.37175,0.32548790207824874,0.07122678306142992
1.371875,0.4154288746675612,0.24785992651459637
1.372,0.05241280595546767,-0.023296154542969426
1.372125,-0.13917242904241034,-0.07241799501745629
1.37225,0.006303198700251383,0.07516327253733329
1.372375,0.03822838951506697,-0.12070432957160585
1.3725,-0.018793030988326114,0.13831897295045664
1.372625,0.4275143663168667,-0.15852811445651102
1.37275,0.15698731316173764,-0.1915301913460195
1.372875,-0.2027742094864802,-0.32923366634764845
1.373,-0.05318236444795612,-0.16610208117438788
1.373125,-0.07395376091023988,0.24313888623930902
1.37325,-0.22317645988767154,0.11976725176956507
1.373375,-0.12712194817353287,-0.12001238679148798
1.3735,-0.2888754254550969,-0.07968176571383391
1.373625,-0.28021486595402345,-0.22674788708281887
1.37375,-0.35955238656925576,0.045971184491768485
1.373875,0.0889032237167249,-0.0446263842333199
1.374,0.19947356616020592,0.16004949562298076
1.374125,-0.042257016946395255,0.07138907132140668
1.37425,-0.2550927493981707,-0.3833671913832875
1.374375,-0.23552540886449821,-0.013866033131910383
1.3745,-0.17672490204281036,-0.03358878792753932
1.374625,0.09286425156318068,0.18026341979751134
1.37475,-0.12045422077353375,0.23113101527802743
1.374875,0.08878010518801152,-0.4644025093833651
1.375,0.018006950702429473,-0.1157237155522739
1.375125,-0.3308098737767356,-0.10844628125838099
1.37525,0.09868478471204492,-0.18135843181463143
1.375375,0.4936519410561504,-0.05982462015711455
1.3755,0.25903228661522326,-0.026128388262938076
1.375625,0.18836250772993623,-0.1814830286026885
1.37575,0.09863871007567873,-0.4519486752280066
1.375875,0.0774205260522686,0.19772631107198618
1.376,0.3666385572805547,-0.05351182017542699
1.376125,0.16203762889323867,-0.11673821468642165
1.37625,0.46640199299264407,-0.3587092368038399
1.376375,0.07792106160394498,0.06651334135989997
1.3765,-0.17632489140604693,0.10984959468377582
1.376625,0.0658813907679055,-0.10239732076087513
1.37675,0.026854841891735287,-0.05360497770359762
1.376875,0.177150368095248,-0.19880134645433445
1.377,-0.12499384504713741,-0.09671431452936285
1.377125,-0.07005456112693215,-0.04173671872969905
1.37725,0.10843772248152787,-0.0958725845323389
1.377375,0.07155113355308713,0.025222933457564906
1.3775,0.06246098156013088,0.12243739016400412
1.377625,0.06076436962966084,0.03668073215448608
1.37775,-0.11228250462121224,0.14124775742944293
1.377875,-0.14433630605424616,0.2089003339264387
1.378,-0.0038993682894545257,0.3325129520317404
1.378125,0.021352717112321937,0.2470344018824411
1.37825,0.23263665814868598,0.37813145068860987
1.378375,-0.16331904801416694,0.42373651377563976
1.3785,-0.267053730106025,-0.043968798905454444
1.378625,0.16456371673497502,0.005370594356965307
1.37875,0.29152771029081687,0.2093294174155125
1.378875,-0.10854446191756865,0.3194567205997854
1.379,-0.029826921907274432,-0.06849982096207684
1.379125,-0.203758293284891,-0.1387848927104524
1.37925,-0.20744446576263537,0.07869705255333233
1.379375,-0.06830842330474472,0.008002521679750295
1.3795,0.3912949656413383,0.11724118292485043
1.379625,0.43343425642435063,0.24590523120112584
1.37975,-0.13729745010262595,0.07182535243927564
1.379875,-0.2644633322896614,-0.1688821841197685
1.38,0.18981574408344196,-0.21842086680472494
1.380125,0.20899727466418103,0.0835381055947075
1.38025,-0.02705120128705058,0.0778531061746462
1.380375,-0.11648734932615869,0.07196732994390438
1.3805,-0.1070649916408442,-0.34663331263657615
1.380625,-0.021601464185936187,-0.20060245229465767
1.38075,0.0743320065705945,0.381892555594665
1.380875,0.15138735789623534,0.1247915935797177
1.381,0.25906433978922566,-0.1826689314660769
1.381125,-0.22452052214114165,-0.21956806769281906
1.38125,-0.023849224024597215,-0.2174836192474615
1.381375,0.05786609249866995,-0.02061254452419614
1.3815,0.153850898969224,0.38288609024400977
1.381625,-0.19161748588526056,0.47816623047598156
1.38175,-0.44263334077176913,0.04077175913008386
1.381875,-0.22975481811832282,-0.2832821862121259
1.382,-0.3326181915075637,-0.21555132759411103
1.382125,-0.08518765516869962,-0.15978561023665294
1.38225,0.21610121194792223,0.09642805758145506
1.382375,0.27005730838041825,-0.14501088801192225
1.3825,-0.10214242810948852,0.01244048149193483
1.382625,-0.47831987330209685,-0.18500660294895682
1.38275,-0.19269261162431067,-0.19286022890085402
1.382875,0.13098222586299027,0.08851419511120467
1.383,0.30541118046851345,-0.07842796762230589
1.383125,-0.2172328810613898,-0.13341352092246056
1.38325,-0.05306940152558318,-0.11761810617177598
1.383375,0.03714938710542585,0.04891057921511908
1.3835,0.02414088340216886,0.3715157816508702
1.383625,0.41958779210169916,0.2770026515086926
1.38375,0.1509201941628154,-0.09139740212307636
1.383875,-0.11211323057195376,-0.23251107873002
1.384,-0.2645868928907986,-0.24363282699412225
1.384125,-0.062223630127483914,-0.02331260510045745
1.38425,0.6028996372199421,0.028567291771210042
1.384375,0.46106448345247647,0.056722219227349636
1.3845,0.1181424034078908,-0.05671985124147105
1.384625,-0.10358968474452034,-0.38366201970148717
1.38475,-0.06941881520542503,-0.15571485462644577
1.384875,0.11030938143927473,0.3087526120717274
1.385,-0.037124081130537674,-0.03425655124945213
1.385125,0.22316820764681097,-0.36701991866389616
1.38525,-0.026200574457717837,-0.28931781390236
1.385375,0.07110277994320141,-0.1930652549884174
1.3855,-0.2735122585998882,-0.08505360757646552
1.385625,0.11685638634042639,0.2615333640969006
1.38575,-0.14530029619181398,0.45439548387538614
1.385875,-0.17432424478853772,-0.1703635193826853
1.386,0.2163032561971646,-0.12077881598169558
1.386125,-0.0186564957252601,0.08917119995686809
1.38625,-0.14280042724255235,0.5764884896547544
1.386375,0.011344782155330418,0.41096384917570267
1.3865,0.24883372929302722,0.13973326253701998
1.386625,0.038683284158345044,0.0068568575118844
1.38675,-0.3472419098174555,-0.08844331715007127
1.386875,-0.21633558500775119,0.08644601962057231
1.387,0.03625816104555773,0.35222549301924555
1.387125,0.3531787788588092,0.3095955798726832
1.38725,0.18050230950888635,0.15276426636508544
1.387375,-0.04644804044440864,-0.18998790367496532
1.3875,0.15933501271256303,-0.0348059261089784
1.387625,-0.10011535318948561,0.22898194836651903
1.38775,0.2747114269395374,0.09789908040341977
1.387875,0.166110428952941,0.09123271431346323
1.388,-0.03197398933942005,-0.049712915012633356
1.388125,-0.0660047083188788,0.1616861113061591
1.38825,-0.10594413936875635,0.1679370561461333
1.388375,0.011078670028539852,0.13087315138196165
1.3885,0.14990266641827626,0.2531110713936861
1.388625,-0.1302938698796726,-0.13067115837121682
1.38875,-0.18471322969147297,-0.45217992066033674
1.388875,-0.006744795018650384,-0.07545450087484681
1.389,-0.016093945755166386,0.24240199764801657
1.389125,0.22374862193347367,0.4456171028093174
1.38925,0.16770351000061975,0.18369459875175678
1.389375,0.2685434913808615,-0.29997203396742234
1.3895,-0.08873625612244977,0.0717531769801116
1.389625,-0.08389477133499916,0.023939673865937146
1.38975,0.1619493186277464,0.12686039555767312
1.389875,0.22689722753162375,0.16770464258172219
1.39,-0.3466016487524103,0.1334858857046521
1.390125,-0.5761725679171872,-0.3304338782303957
1.39025,-0.5522799302710484,-0.2996156943752109
1.390375,-0.14391347311974934,0.0979686897535416
1.3905,-0.1810259338265348,0.15074064847388133
1.390625,0.06848516603281922,-0.04097271615285895
1.39075,-0.22469702679428225,-0.16541174673786158
1.390875,-0.4760690122306655,-0.026184509166359494
1.391,-0.29986826354102375,0.05532705830653594
1.391125,0.01996533825976742,0.11084463041923247
1.39125,0.12174437872673315,0.17568639751167686
1.391375,0.20738513186709404,0.10447173276070007
1.3915,-0.23132423607116193,-0.13554672641431142
1.391625,-0.10967116549069343,-0.31085187557230287
1.39175,0.3439416382473173,0.03374109209170714
1.391875,0.375755796701763,0.16853547884850237
1.392,0.2245152302078864,-0.2901083380533346
1.392125,-0.009475476473617402,-0.43983363721372715
1.39225,-0.06372545325238334,-0.23847585298608104
1.392375,0.008102685937157603,-0.20760298084143491
1.3925,0.21610166054789837,-0.06492449738373716
1.392625,0.7199693682692828,0.02639224313785634
1.39275,0.04517585805670957,-0.3340538666279358
1.392875,0.09858730317214268,-0.36156679873658487
1.393,0.19258255712045577,-0.06908976863951918
1.393125,0.4808258444668079,-0.1353453809507402
1.39325,0.19798886576988414,0.33475786139607655
1.393375,0.08609475524715304,0.13154711991861456
1.3935,0.21313758393179588,-0.3332318145811775
1.393625,-0.09991257558685648,-0.03108544853175906
1.39375,-0.24172280863935758,0.07872109772300452
1.393875,0.013103571961953484,0.308664783723218
1.394,0.2595038625356111,0.00651273626249609
1.394125,-0.05583506894605625,0.12089361037264372
1.39425,-0.43700186638057636,-0.3950639669582865
1.394375,-0.18023552082677888,-0.2384950838446436
1.3945,0.0039528838818879124,0.2620653975879556
1.394625,0.09157381551005186,0.38523453858573226
1.39475,0.2080761942484445,0.1394753648977586
1.394875,-0.08443002220715334,0.1440863376767569
1.395,-0.03547416986170753,-0.020249548896474436
1.395125,-0.19148840138698892,0.0789657119768198
1.39525,0.2521134615328069,0.5274695186286794
1.395375,0.605921172768871,0.08555701927534211
1.3955,0.3323869586378108,-0.154095386109934
1.395625,-0.11907433105733968,-0.07887973875935156
1.39575,-0.06479148983375616,-0.19528609916675874
1.395875,0.018578312866964673,-0.0364208580012466
1.396,-0.17532614677462044,0.1424939947994889
1.396125,-0.05634572761769276,-0.20702148189356448
1.39625,-0.14579847842366492,-0.2609627660995719
1.396375,-0.11829173207387102,0.019504085319169875
1.3965,-0.0038053383365637245,0.22726605415515863
1.396625,-0.028485467359335402,-0.0026188584386933537
1.39675,0.3707350438403588,-0.08194182238048722
1.396875,-0.37075022338608865,-0.01084598233088926
1.397,-0.27501593088879395,-0.3025531633074672
1.397125,-0.3820098191555094,-0.3466591747956391
1.39725,0.3610122573537392,0.45905971002744755
1.397375,0.365676189439146,0.5907494326332215
1.3975,0.03282014201350093,0.22622903056822413
1.397625,-0.29757192634913376,-0.3381732566117998
1.39775,0.030945718891245654,-0.24521094265483248
1.397875,-0.19409465837030188,-0.06186141398894302
1.398,-0.2379419323728868,0.06540203458527477
1.398125,0.303095999124485,-0.16669590354009697
1.39825,0.18006570438601002,-0.1849981549119675
1.398375,-0.39355280988551994,-0.01850064229565925
1.3985,-0.7359704006823606,-0.05307162140105978
1.398625,-0.2859959589682645,-0.07338854207282193
1.39875,0.07589918067364988,-0.04352121416324422
1.398875,-0.13166957162509602,-0.12218389774783465
1.399,-0.1553193884574545,-0.3473587194485122
1.399125,0.024249772144819572,-0.4546532698280242
1.39925,0.007743925865453146,0.2855524054124708
1.399375,-0.08230096898594898,0.21205600793540727
1.3995,0.17071602865179383,-0.09199759474625574
1.399625,0.07119216202197307,-0.01672967082208431
1.39975,-0.3906101930631277,-0.24303050184835073
1.399875,-0.33190607372385383,-0.39001332706723724
1.4,-0.10849795821741233,-0.46189018104056323
1.400125,0.6192735892500443,0.18866909868522583
1.40025,0.029938477230250476,0.20439822321189188
1.400375,-0.10502509593209997,-0.5629071896647211
1.4005,-0.05444365818163986,-0.331251460612515
1.400625,-0.06383324635478307,-0.03210029729052465
1.40075,0.14338072268313493,0.05626570117104494
1.400875,0.26144752840291746,0.06757117426041856
1.401,0.38286155004994193,-0.12546883266926212
1.401125,-0.1015286854544637,-0.28263022871573
1.40125,-0.36037259369801966,-0.18999863630614794
1.401375,0.11340153470024907,-0.05769132176130273
1.4015,0.6348897595621154,0.27045481398410387
1.401625,0.09997123892738653,0.22197210666475808
1.40175,-0.150530507621019,-0.35254072733122205
1.401875,0.11357488489743972,-0.3083120499908476
1.402,0.09156875873228937,-0.04220092367000381
1.402125,0.05140325151470205,0.46194339398257056
1.40225,0.3899453891042452,0.15981189307226387
1.402375,0.1780860873263978,-0.14104040470626147
1.4025,-0.6550713068321488,-0.181790931378745
1.402625,-0.5057367927514959,-0.1823600938229885
1.40275,-0.09683354093408361,-0.15338050737393888
1.402875,0.3863153772742005,0.25657897596178625
1.403,0.4001293060991492,0.3698865540183703
1.403125,-0.03204128283960836,-0.1216167621190849
1.40325,0.10213483015403685,-0.2545795384461617
1.403375,-0.18803309695073858,0.16259376081660123
1.4035,-0.05712031125643642,0.5022252079980112
1.403625,0.11794724499126161,0.3052015762016184
1.40375,0.09892700781681206,-0.022978645607949277
1.403875,-0.13627119922208894,0.0066482408629549555
1.404,-0.6183332377633729,0.0712397992983994
1.404125,0.1171322874313488,0.029953536384266975
1.40425,0.49571498828042315,0.21280548221810663
1.404375,0.07973697014278767,0.2883607385572825
1.4045,-0.5528554773347313,-0.09502986909964066
1.404625,-0.19429256757626112,-0.5461978440060777
1.40475,0.12082993598173176,0.008768164808227771
1.404875,0.023544465782673836,0.3487461156833469
1.405,0.12098688836519525,0.3038631428752277
1.405125,0.28989597094644104,0.0928996173303865
1.40525,-0.1423356447097723,-0.028401655482758106
1.405375,-0.6636548184504002,0.011092221472348476
1.4055,-0.3855818186408211,-0.05980287521334519
1.405625,0.27029342337209583,-0.06117445796985582
1.40575,0.3153745816271129,0.3363849502120819
1.405875,-0.01682287642781731,0.0171989147856527
1.406,-0.293077114485692,-0.33183488859912014
1.406125,0.021760467694913497,-0.29429479263842295
1.40625,0.06379461965571186,0.2952523994563006
1.406375,0.3610591727106024,0.010794874391233673
1.4065,0.033510085492809843,-0.20525097269092776
1.406625,-0.2975731378536426,-0.4027108846044046
1.40675,-0.5878515087132032,-0.02141372055566347
1.406875,-0.09931754634531265,-0.1740800236513153
1.407,0.24507861522141752,0.137385891569813
1.407125,0.2822546410055546,0.20770135529011072
1.40725,-0.24199345721413099,-0.0939636053576154
1.407375,-0.48421401615546666,-0.6548827972384406
1.4075,-0.4577366939904057,-0.11870593984958364
1.407625,-0.22672408637745411,0.45648883809847196
1.40775,-0.09347240347698522,0.3508443506500636
1.407875,-0.03228770670090846,-0.202111972312764
1.408,-0.021534884298537373,-0.2791872033784321
1.408125,-0.25391841500743817,-0.23322230739611544
1.40825,-0.32805940943127065,-0.21891805607429998
1.408375,0.04781603753922241,0.22942363176679595
1.4085,0.4937252006387216,0.16157464396665064
1.408625,0.0444821867011867,-0.15836074707160577
1.40875,-0.322468987309073,-0.6745856121626238
1.408875,0.13640988479810395,-0.4103251387755821
1.409,0.29100370655351265,0.3565412032089514
1.409125,0.1532023011207933,0.20248280776183022
1.40925,0.4047478134946875,-0.42073366232132214
1.409375,0.38027738408153217,-0.4039823843756838
1.4095,0.15160588813878403,-0.26761958467434005
1.409625,0.003110753326466319,0.011783913274151675
1.40975,0.09730484367577744,-0.13746701044412452
1.409875,0.2614578749495496,-0.21108206916110292
1.41,0.10218728275377367,-0.14744722280539
1.410125,-0.17297272949471484,-0.26371667926655173
1.41025,-0.11304157643078065,-0.0315427162411889
1.410375,0.18700664050793125,0.17829999804517715
1.4105,0.49602551645910875,0.31436086171252525
1.410625,0.09311229175709712,0.01738816597919486
1.41075,0.037759554357398493,-0.19459950546299645
1.410875,-0.21552504573070205,-0.28506263853140085
1.411,-0.31718144902482404,0.277211628058532
1.411125,0.211665341105588,-0.025422560123823344
1.41125,0.4278367009168925,0.26771897071586653
1.411375,-0.1461104734969933,-0.024365424556719317
1.4115,-0.5971862816833332,-0.019308796144285892
1.411625,-0.016443005366938976,-0.18565620792473694
1.41175,0.28571298396364136,0.5399187939993545
1.411875,0.43746213603360967,0.6348416087421654
1.412,0.03939988517858388,0.19352348710334064
1.412125,0.12914847121538398,-0.11171556582244765
1.41225,-0.2795484632631435,-0.22087631136135683
1.412375,-0.2380463340210947,0.16607646275972862
1.4125,0.19331446157093451,0.2948846966690512
1.412625,0.08956767146386975,0.3522078452305841
1.41275,0.08889976576630064,-0.1633699654390976
1.412875,-0.47745199429282614,0.02231650533832292
1.413,-0.4056818356412484,-0.36977910220223736
1.413125,0.13871538771765854,0.16499872841136679
1.41325,0.031466907853866986,0.10847212933064526
1.413375,0.07072140290457338,-0.22224150253435362
1.4135,0.15415082129123878,-0.5668737969480263
1.413625,-0.2826070488066302,0.13354982978703134
1.41375,-0.08877375036303901,0.0664243164794881
1.413875,-0.0006231535847681602,0.28434668995512385
1.414,0.10116305268677059,0.06797661634561682
1.414125,-0.18401781886022875,0.03161298157427614
1.41425,-0.5735140081860222,-0.15159100561150887
1.414375,-0.3861063384895553,-0.1501046146951936
1.4145,0.20563718904188533,0.036511004235958065
1.414625,0.03840146946981335,0.3015402710092827
1.41475,0.08354695177826789,0.017190077434489207
1.414875,-0.1842909073306345,-0.39725329394255937
1.415,-0.09992154004500527,-0.21792423083522383
1.415125,-0.4732713931689189,0.3127965301451551
1.41525,0.04673237932473211,0.2562296542189819
1.415375,0.15972694157773945,0.12876485292937417
1.4155,0.021866364266982047,0.1572264102523053
1.415625,-0.4356254837721287,-0.18833590501188444
1.41575,-0.40228549398999985,-0.27941201446319536
1.415875,0.21084720507454488,-0.2526000376152112
1.416,0.042715998527829986,0.027893441626773603
1.416125,-0.32759072696446495,-0.30548978261310095
1.41625,-0.36955048498178306,-0.5059993202681906
1.416375,-0.3165496809398626,-0.0870895560966847
1.4165,-0.28071205297963103,0.22146514497571343
1.416625,0.013535267139322456,0.07529031417457466
1.41675,0.4384551670241177,-0.08419293496155628
1.416875,0.20822478366280522,-0.1627834953522747
1.417,-0.548526932987711,-0.045119221712206774
1.417125,-0.49670082669522614,-0.2531924765284301
1.41725,0.5237824675341711,-0.001194694010370306
1.417375,0.2734806520198644,0.43198424048200507
1.4175,0.08876885684315743,-0.1795722625865386
1.417625,-0.19161159037264894,-0.3478685311752386
1.41775,0.2457479692746987,-0.46128535973741547
1.417875,0.13484393122508476,0.060660167621387526
1.418,-0.061385500797260184,-0.029930478724723108
1.418125,0.45854538347375295,-0.10220788104599975
1.41825,0.4299034593234973,-0.04524950157947459
1.418375,0.11834303505682194,-0.2755742156126875
1.4185,-0.12075481083571965,-0.15272115579780804
1.418625,0.2125523618303594,0.08225426468199012
1.41875,0.6133584854237613,0.3086702207271898
1.418875,0.24510996589707598,0.26615812105434555
1.419,-0.15473466057562554,-0.2976982449631316
1.419125,-0.025760482797416488,-0.40920778169355543
1.41925,0.13551643034971395,0.5021125479030419
1.419375,0.4047223590773129,0.6836263008221127
1.4195,0.4392370718871081,0.12525979357985817
1.419625,0.33020201867074306,0.1392262569725854
1.41975,-0.199888695104322,0.13391389163790512
1.419875,-0.27286664551331336,-0.03963680489018053
1.42,0.1754098240525691,0.04960968473397344
1.420125,0.4631076437354148,0.3083461783193868
1.42025,-0.08219137171939232,0.28968808014898373
1.420375,-0.18636839136133365,-0.18929914023130187
1.4205,-0.07123472778952152,-0.2873121046893555
1.420625,0.13441482682544945,0.0510893694346921
1.42075,-0.10367768521562888,0.289046979022166
1.420875,0.5664180946041336,0.24277940737031956
1.421,0.17797445838234882,-0.05019345301560507
1.421125,-0.44766773002165283,0.0023968489605008846
1.42125,-0.5451677780304667,-0.025024321503874153
1.421375,0.22510124880355498,0.2465036357792717
1.4215,0.28438458538073125,0.2873137081099055
1.421625,0.08114404297040574,0.3392852676014581
1.42175,-0.5000224908638772,-0.13100375998565664
1.421875,-0.13159935013615856,-0.37048133444996123
1.422,0.13345879901986019,0.0967736680358785
1.422125,-0.20903309437962828,0.46526996461602577
1.42225,0.34390674126136633,-0.2682737369266895
1.422375,0.15848115073571592,-0.16002692541407978
1.4225,-0.0747819984658701,0.029579420971146353
1.422625,-0.2664994744809973,-0.09011468416166975
1.42275,0.025256865358874173,0.04263024952956223
1.422875,0.5276050119499056,0.24614743590706084
1.423,0.0461595943848731,0.38962865631113597
1.423125,-0.3873933333976619,-0.3006571720959465
1.42325,-0.4014411247252867,-0.25146432621528364
1.423375,-0.2652179459417529,0.21551685178530433
1.4235,0.11995577624887821,0.4954715405948694
1.423625,0.20712212468773764,-0.03430917577661288
1.42375,0.2828554201689191,-0.30493098100755267
1.423875,-0.23546567013925257,-0.42603698814950597
1.424,-0.4590938783222136,-0.043627173439240385
1.424125,0.04195897257454646,-0.05789711182462791
1.42425,0.3715882919824823,-0.12852803429086396
1.424375,0.2901974288815875,0.22284353363408493
1.4245,-0.2307427312188431,-0.3234325671943471
1.424625,-0.1559748182881101,-0.3506580031116711
1.42475,0.1637737690039017,0.14226818570055608
1.424875,0.18389455271540395,0.36597615665809186
1.425,0.13412616054598947,-0.043955052665591916
1.425125,0.15880546553002176,-0.15506759333790576
1.42525,0.00896431802150671,-0.3811483226004141
1.425375,-0.09256025108070974,-0.30986476075196256
1.4255,-0.005280816298065633,-0.19033831759097308
1.425625,0.21873250428235605,-0.01189526331174422
1.42575,0.2011208337481452,0.40838347503772054
1.425875,-0.2037881074069449,-0.12756775814637913
1.426,-0.12277555721197883,-0.5338878240572505
1.426125,-0.00043192597227695144,-0.12042232441264741
1.42625,0.09003564468169085,0.2632488510969796
1.426375,0.1486103023217669,-0.048081592042489005
1.4265,0.25102175323866543,-0.22869247150912758
1.426625,-0.17955329138318946,-0.09225890603218641
1.42675,-0.28965638664106846,0.10517337924387878
1.426875,-0.1635386493531995,-0.018772033356618638
1.427,0.5828880355544616,-0.0005591682725622289
1.427125,0.6152063456088238,0.17275467428419572
1.42725,-0.09448666514983359,0.15401895203262184
1.427375,-0.12018823793131991,-0.2857600294013077
1.4275,0.029519802257145802,0.14927220554418022
1.427625,0.12697630679107938,0.2821362679897787
1.42775,0.15244306353455037,0.6470219683946455
1.427875,0.37437900899220405,-0.12901365168240422
1.428,-0.0041526030685326235,0.07980746096972884
1.428125,-0.2813728956747534,0.33781762334585586
1.42825,-0.12003600548128313,0.1735885347561319
1.428375,0.24857690644847266,0.12991725789823813
1.4285,0.34626773769369623,0.3012952583160593
1.428625,-0.15062679182432695,0.008290466243574228
1.42875,-0.22002825008735336,-0.23831742525785116
1.428875,-0.0639478287578033,-0.08678039013911265
1.429,0.15088026627395823,0.4053371584090639
1.429125,0.16741419432560714,0.3119793926336844
1.42925,0.11365628397929056,0.2512193453563597
1.429375,-0.04114942137350023,-0.0991220936706759
1.4295,-0.29361411151193845,-0.08575166787905909
1.429625,-0.4790713929706545,-0.19204480314620778
1.42975,0.13250683033782387,-0.041939192125804485
1.429875,0.27016766081268845,0.2903718412080754
1.43,-0.4052234839507404,0.08122854000692431
1.430125,-0.4363518446782156,-0.24347872542883023
1.43025,0.159228898325183,0.020220854080162057
1.430375,0.2432300826761786,0.6094412615479037
1.4305,0.2655977259624874,0.48182161701389137
1.430625,0.11324105089418146,-0.05695201060201967
1.43075,-0.16310933790458906,-0.134674745934889
1.430875,-0.41095386479214707,-0.2889194155395919
1.431,-0.27683618444718494,0.2933046231267434
1.431125,0.21811522256492374,0.1196084770400798
1.43125,0.5357744376323007,-0.06057206902539419
1.431375,0.30026418247033915,-0.02542434419494988
1.4315,-0.32309443609877264,-0.2825950924329181
1.431625,-0.11775318381233046,-0.19172146235991155
1.43175,-0.042446183890625815,0.5558786978079459
1.431875,-0.04382724548265448,0.34296902146544145
1.432,0.11681282571366985,-0.1067497543825925
1.432125,0.00859818325347847,-0.46689592472084807
1.43225,-0.44066478412129606,-0.07091183726558262
1.432375,-0.6504919811905222,0.18813998572469842
1.4325,-0.03625346811710442,0.2855291129365453
1.432625,0.5491347964221522,0.22783347675840004
1.43275,0.048128873421231025,0.1755953491964751
1.432875,-0.48298015883681455,-0.3708049402978401
1.433,-0.18555276159125192,-0.15664729923338233
1.433125,0.10349529426215424,0.4096299312886692
1.43325,-0.00838810985678774,0.3675525601323748
1.433375,-0.0065480760070111,-0.08380695072500158
1.4335,0.1572241169833735,-0.4388951586609592
1.433625,-0.30703420245328894,-0.19394798959234974
1.43375,-0.4733639030832206,0.06290560058403857
1.433875,0.1920408374081494,0.0005989247977705145
1.434,0.23080778363403098,0.19964255607905085
1.434125,-0.015582463445273321,-0.08708946910606868
1.43425,-0.36634301696730687,-0.18441494180486057
1.434375,-0.3538823814761964,-0.17095359998418183
1.4345,0.5277328299640515,-0.043385994301946236
1.434625,0.3911363630998156,0.22252224996751183
1.43475,0.08705910585991529,-0.031893155984754624
1.434875,-0.18965153439811142,-0.3395074607050521
1.435,0.16954138256632734,-0.3992655066880428
1.435125,0.13937733413144382,0.05050764055031056
1.43525,0.38594667923423387,0.11512917891992987
1.435375,0.5876437020043195,-0.09533571584000168
1.4355,0.3744103109058972,0.10920706337356624
1.435625,-0.12572950936165025,-0.29664888454737853
1.43575,-0.2255117120262856,-0.16500302258876168
1.435875,0.4403181725958894,0.2876027611213111
1.436,0.12341588916426112,0.3979658059875769
1.436125,-0.025377970713505348,-0.047772889598424594
1.43625,-0.24526764542594365,-0.4445137016490604
1.436375,-0.18966367768835743,-0.3446627678005895
1.4365,0.1020265395278763,0.2491742879527139
1.436625,-0.00379531901326227,0.2827032155176414
1.43675,0.45740119681185837,0.30529872192657054
1.436875,0.055687836840431,0.07327763799051815
1.437,-0.4383835476744279,0.09306526573399203
1.437125,-0.24510136533968518,-0.12550483955352754
1.43725,-0.13099915639292792,0.03772826833958261
1.437375,0.407387398980518,0.35549528868180336
1.4375,0.20202399297926346,0.47685064522560094
1.437625,-0.00028526868509500333,-0.0736047624783171
1.43775,-0.29314007138986464,-0.1269178294661538
1.437875,-0.4919274063919007,0.47791797489059645
1.438,-0.1084594562304967,0.3175450693160111
1.438125,0.06644767398841557,-0.16607330491533592
1.43825,0.07986019039037894,-0.33774132559764675
1.438375,-0.7635595579121268,-0.33479842675822974
1.4385,-0.7595223124110606,-0.268821960935246
1.438625,0.10907224258620346,0.11473667823419914
1.43875,0.4253344827865163,0.5500773000801844
1.438875,0.23084877352410896,0.08011023146965773
1.439,0.11614809531691651,-0.3097058045484972
1.439125,0.017019603593761937,-0.36642320229970854
1.43925,-0.2612917773952921,0.2978968589815465
1.439375,-0.09196699643340252,0.5373450806649531
1.4395,0.4049938792844107,0.1173811850754288
1.439625,0.5715576256518305,0.009812947366533854
1.43975,-0.13252245030391552,0.022366687491955396
1.439875,-0.5392481479864599,-0.1545019810649966
1.44,-0.029049990731390595,0.09416774811315377
1.440125,0.21926104708024682,0.42496249920726187
1.44025,-0.07435796769036286,0.030490104244549298
1.440375,-0.41993840717651354,-0.49187835205089336
1.4405,-0.13533450416297307,-0.7768267164405099
1.440625,-0.377588214246091,-0.06967626787938498
1.44075,0.03466942622923723,0.29732504983593555
1.440875,0.04005016333556733,0.3487056184741121
1.441,-0.030446005182478614,0.0655289151377879
1.441125,-0.2100590300269108,-0.07481255004677013
1.44125,-0.5546564721846798,-0.1775911977105742
1.441375,-0.0019148099443303977,-0.1194516242624972
1.4415,0.4527571900918869,0.5265903157448476
1.441625,-0.05479377425681415,0.26467176703726086
1.44175,-0.6992235666182802,-0.04874220703632958
1.441875,-0.14394904760247793,-0.44003390548340177
1.442,-0.12715642198600868,-0.09463378307848998
1.442125,0.16742261627635002,0.4863502542533147
1.44225,0.493515590732871,0.032686873673361774
1.442375,0.34140437551086644,-0.19853991293204817
1.4425,-0.002288182934997433,-0.2791547138841845
1.442625,-0.4739101530584397,-0.2887093396262534
1.44275,0.1085270578563309,0.002047173544716043
1.442875,0.7466886348681961,0.1324161353404405
1.443,0.3330274792117792,0.24735970619685874
1.443125,-0.09677871400117848,-0.3413505384241629
1.44325,-0.11723686916842319,-0.575880491155746
1.443375,0.1450095821145981,0.2615863767118745
1.4435,0.4259424315549017,0.3500617456258983
1.443625,0.6038173785658949,0.33137978149141367
1.44375,0.3900824679389471,-0.3929436125718292
1.443875,-0.11680433186466883,-0.2503392249760698
1.444,-0.47500281243800063,0.022492539505455735
1.444125,0.029137404138285392,0.16143171851535723
1.44425,0.05736582860181674,0.3807374491510867
1.444375,0.2425288158553853,0.3468154417373492
1.4445,-0.10020786264535159,-0.11541984353669252
1.444625,-0.19336814313929135,-0.18818484229034396
1.44475,-0.008606005617098985,0.3803230259262709
1.444875,0.05468563052294681,0.5791168285664615
1.445,0.11400666921486634,0.33507549413884596
1.445125,0.4500531046584847,-0.2616048989139334
1.44525,0.13007391176918834,0.016138246307522593
1.445375,-0.26534110478450873,-0.019254896240191163
1.4455,-0.09864630458002231,0.3324102862904154
1.445625,0.34991800484086605,0.5374808330518759
1.44575,0.5057784354242436,0.33518190503633855
1.445875,-0.4588267292588795,-0.16523254611338836
1.446,-0.32242658116568107,-0.5925851459492546
1.446125,-0.10481480392666245,-0.24457811366549015
1.44625,-0.22762594839415778,0.16013752509527643
1.446375,0.04208435584527904,0.369974446960378
1.4465,0.19604009124797422,-0.3116520293423016
1.446625,-0.011395162718901704,-0.18599627335326935
1.44675,-0.29107211673654426,-0.09492107701050306
1.446875,-0.09960844196087837,0.1406120780440613
1.447,0.21233004556162094,0.208913762896959
1.447125,0.3384382372362406,0.585864609694444
1.44725,-0.3372857907983044,0.1730740820718487
1.447375,-0.8545572847177317,-0.33077481901953265
1.4475,-0.2652018539533558,-0.22053746720080747
1.447625,-0.2147812340861052,0.34863248697715765
1.44775,0.2039633909326277,0.22214255483045714
1.447875,0.08618511560572324,-0.30398491792871274
1.448,0.09278985620453269,-0.23468608040676836
1.448125,-0.2409166594310241,-0.14896920663418944
1.44825,-0.30656670201312475,-0.2295211903903469
1.448375,0.4114996733724133,0.2055221642709316
1.4485,0.31452594714444776,0.35083760840588785
1.448625,-0.2003243317474102,-0.25061461859483686
1.44875,-0.6543351313301234,-0.28395875607708043
1.448875,0.06137982181018313,-0.23972297212791446
1.449,0.18574660554513067,0.23126066895939754
1.449125,0.023809917038771843,0.14557937289026002
1.44925,0.1267313942897603,-0.29834207975085736
1.449375,0.0642221717726412,-0.36402774268640764
1.4495,-0.5876873861134574,-0.2527758129143353
1.449625,-0.30417346141909096,-0.26897206135558904
1.44975,0.0918319773020286,-0.08896606912584491
1.449875,0.46862473200141824,0.23660112136400346
1.45,-0.21437659086975822,0.0061053862930599365
1.450125,-0.5410935513292668,-0.22258447075038787
1.45025,0.029439705005614096,-0.06286675589185788
1.450375,0.36656348582466025,0.03225272634656872
1.4505,0.34961422294756517,0.012434200411932125
1.450625,0.35583202717174395,-0.549684324338567
1.45075,0.2703134625362777,-0.5296473923540665
1.450875,-0.49365592924667456,0.08272764313564118
1.451,-0.16028860569737008,0.15688541364134656
1.451125,0.348043387178648,0.022307950845885494
1.45125,0.4410587685966692,-0.07297799271681696
1.451375,0.18835007241747045,-0.011169358511125882
1.4515,-0.31810830864502515,-0.6735234928580122
1.451625,-0.12798041915794886,-0.3130184273718914
1.45175,0.22026922594269902,0.08918515871935097
1.451875,0.48441179197951684,0.3749455045345268
1.452,0.09851958697359399,-0.022245098560848227
1.452125,0.11678489648479944,-0.28047738742892
1.45225,-0.08577970600220222,0.03169179884563522
1.452375,-0.2744695099168309,0.2492753292047462
1.4525,0.5126594416610782,0.24519746795604755
1.452625,0.36338476528869484,0.22056762289704485
1.45275,0.03639428002068371,0.22141688116379243
1.452875,-0.6216746463247389,-0.284887309133922
1.453,-0.05336673947618146,-0.2429717290735975
1.453125,0.3387985295889865,0.38181167145489314
1.45325,0.13112480094623227,0.3950165120020508
1.453375,0.349856956933029,0.05201021143473489
1.4535,0.1446922549679855,-0.38366671313708745
1.453625,-0.17196630239847527,0.09344964678706555
1.45375,0.032960344059926754,0.2520638308322634
1.453875,0.3117905832886026,0.293478647665241
1.454,0.17795596340523365,0.007882870691168982
1.454125,-0.07945704961066391,-0.08612645203779089
1.45425,-0.3546695759694278,-0.3866081027934333
1.454375,-0.2556548654270865,-0.3960187479420871
1.4545,0.41562558638077746,0.5743496222977711
1.454625,0.26857821859456366,0.5985685610447834
1.45475,0.08885899924007819,-0.22683269179271134
1.454875,0.27991191168740526,-0.33913160751852106
1.455,0.057302574204362605,-0.22075384412517826
1.455125,0.0020238716836250355,0.1304806079058317
1.45525,0.09528489653384872,-0.055542435812792626
1.455375,0.4760292472508419,0.28038811659464635
1.4555,-0.030426107002160873,0.13798246259673752
1.455625,-0.03724434048069522,-0.03013889089619328
1.45575,-0.11987429269857018,-0.06672565890155244
1.455875,0.15635035987040566,0.12798236623450995
1.456,0.0915672350356403,0.2735082715868543
1.456125,-0.3184630672974504,0.09582375576050998
1.45625,-0.11786339528534645,-0.5701147290555747
1.456375,-0.41246069740344454,-0.13539134505202957
1.4565,-0.37738925555878045,0.16116230394941602
1.456625,0.030616208625353816,0.17431500673016598
1.45675,0.3124226758334349,0.25454917266348065
1.456875,0.2297672196886221,0.09705369151169899
1.457,-0.42067085754371325,-0.04183859040559112
1.457125,-0.5143539843646344,-0.39188884996696804
1.45725,0.4090680993258016,-0.05952351982019261
1.457375,0.2861635613239149,0.32025262668437726
1.4575,0.051634219783677035,0.14413391584178115
1.457625,-0.049155736981763204,-0.33719748206230066
1.45775,-0.046259846195588934,-0.14938761613861057
1.457875,-0.3395473790941182,0.19614458737065857
1.458,-0.07796146557200133,0.08127348863370443
1.458125,0.18383386625076922,0.03120001504272284
1.45825,-0.04350402597012467,-0.3392089794090283
1.458375,-0.33102445633003397,-0.09789884378764152
1.4585,0.004300056744269395,-0.2629271681860833
1.458625,0.0398196363418807,-0.1426110131962484
1.45875,0.3189737386807385,0.39720301247752265
1.458875,-0.24458803541575225,0.0660099192189457
1.459,0.09446105769152363,-0.5389485735815738
1.459125,-0.010591094438412144,-0.6554979329037189
1.45925,0.1273049003742213,-0.09357810541546378
1.459375,0.24797734063553392,0.3575251282686208
1.4595,0.47997899330034804,0.2659512193784672
1.459625,0.40645770849694923,-0.021135868661318422
1.45975,-0.2326213000804526,-0.2109373644015855
1.459875,-0.35946772172013636,-0.23958439280892335
1.46,0.3799269381084738,-0.1353721918818931
1.460125,0.46081790000766887,0.18911288036699486
1.46025,0.024743885285525992,0.1475597366674303
1.460375,-0.06660996602403677,-0.4219159473588145
1.4605,-0.2267226219130813,-0.18585078348231515
1.460625,-0.5028695876133453,-0.05179277675503549
1.46075,-0.21206911054679412,0.39283281560032524
1.460875,0.46628893018180445,0.14317370176204122
1.461,0.2272423803952752,-0.04687316199564464
1.461125,-0.6213781571970337,0.20960425681276493
1.46125,-0.5391568546670676,0.18911904932717394
1.461375,-0.11414701735478505,0.5802628853260052
1.4615,0.8710661318989301,0.5948952307967836
1.461625,0.33689683653532015,0.44662088317753834
1.46175,-0.2652830543072793,-0.08124143127291203
1.461875,-0.2483202206229254,-0.6202802050026542
1.462,0.09151557695003029,0.3434607280386615
1.462125,-0.20074839964244018,0.3825926230944447
1.46225,0.5537544478881562,0.2758858423515953
1.462375,0.3548550841342445,-0.3446663392184377
1.4625,-0.28483037058306154,-0.15707188826553908
1.462625,-0.20792201272615435,-0.23763572084189918
1.46275,0.23320957297896044,0.1074406400953134
1.462875,0.400149318873296,0.3400011477400151
1.463,0.22811732889535957,0.2493635534498373
1.463125,-0.3517198823923654,-0.3232208188401062
1.46325,-0.12015279615642119,-0.5455237718752182
1.463375,-0.1822374715442703,0.29881107381918093
1.4635,0.1251807297344983,0.72801902268643
1.463625,0.47635838302909056,0.37884975627119244
1.46375,0.07554500182955848,-0.04712978253115198
1.463875,-0.3526033239784657,-0.3248162696382443
1.464,-0.7419189040407828,-0.0230379134820023
1.464125,-0.12553215232729234,0.0718822736691992
1.46425,0.17997575896497417,0.5628590059945521
1.464375,0.19170935473636772,0.5280964167019161
1.4645,-0.3570365642937476,-0.3361145260684399
1.464625,-0.4428125330727211,-0.2948593385699049
1.46475,-0.1360948070731125,0.10947362652232934
1.464875,0.1730985695304605,0.3609907188325425
1.465,0.2566773661380728,0.06731414111386164
1.465125,0.44495793227272284,-0.21729714304797057
1.46525,-0.13852643758945057,-0.2652678762587763
1.465375,-0.43300358904873065,-0.04684229429179387
1.4655,-0.3699080241389843,0.15175475961279788
1.465625,0.18770040850479935,-0.09040670789823578
1.46575,0.07977272165528028,0.30136067858387766
1.465875,-0.3656726274589887,-0.20049835062807675
1.466,-0.514482985800929,-0.4598041668117817
1.466125,-0.07629205369895327,0.04134743809093099
1.46625,-0.05131628318573799,0.5154463204923501
1.466375,-0.20977152940656632,0.06939238611811044
1.4665,0.12064842257107494,-0.20501757772042303
1.466625,-0.16983905047571768,-0.24980700864496339
1.46675,-0.6844001521305222,-0.24548490102762696
1.466875,-0.10312028627204244,-0.15327354204433355
1.467,0.14779286144685444,0.22794572719201386
1.467125,0.26852107287995997,0.20353261579515436
1.46725,-0.11539594388895606,-0.31097709597364914
1.467375,-0.1521122581689968,-0.4332634311697965
1.4675,0.31653504061047566,-0.28932091058931003
1.467625,0.31666975698143895,-0.06347296149025157
1.46775,-0.033047522971018824,0.3863547201842314
1.467875,0.2088099793195532,-0.2594583240075382
1.468,0.14629271649122103,-0.24620523130802682
1.468125,-0.2322920086183452,-0.22594042715153476
1.46825,-0.0986207616484688,-0.08509961988842939
1.468375,0.4045435764767302,-0.0034774659857396153
1.4685,0.6451836675853911,0.04190923658660721
1.468625,-0.15293653138048308,-0.12866686205531683
1.46875,-0.2636613781447917,-0.4911637360704966
1.468875,-0.12891786858963655,-0.3679598304582565
1.469,0.19443980176586043,0.3258994013478332
1.469125,-0.0732255443660118,0.4394532033880414
1.46925,0.35525297520692156,-0.2750486725918256
1.469375,0.020108853429743626,-0.018763946165506716
1.4695,-0.4651770091503089,0.03252065336975435
1.469625,-0.37332384101503224,0.32194819217946014
1.46975,0.5087128508429477,0.1297153092740575
1.469875,0.44412576724201386,0.3162717230515866
1.47,-0.024099967108593065,0.3025903046517446
1.470125,-0.21680238702384383,-0.003456068737338694
1.47025,0.1540438144303615,0.10506876070806306
1.470375,0.3552801241278468,0.2980160758649997
1.4705,0.20390638991489968,0.18225299476343837
1.470625,0.16515242435085647,-0.08594896888517804
1.47075,-0.12236551669138734,-0.4814438115889527
1.470875,-0.303182707687063,-0.14393945683918746
1.471,-0.35189630935925775,0.1064919051545326
1.471125,-0.0357802209283907,0.04629776793517058
1.47125,0.5054269178491712,0.1761509732578229
1.471375,-0.11876095684403896,0.0035993914158136226
1.4715,-0.3482078494130349,-0.1683591419632685
1.471625,0.053414399918175266,-0.2672046873961678
1.47175,0.24329101609455234,0.2429421828889384
1.471875,0.2136544159852965,0.36178389188283555
1.472,-0.016185847744713416,-0.047873084767860626
1.472125,-0.1323307399903461,-0.05192506634162249
1.47225,-0.2865871045453422,0.12885997729626783
1.472375,-0.10920320993551358,0.3746400193312317
1.4725,0.11412636193916556,0.2239202333292589
1.472625,0.4545875274165433,0.24593921704780633
1.47275,0.2480679801097698,-0.08432400210259695
1.472875,-0.45709947056171374,-0.42552610075279296
1.473,-0.25673856263916583,-0.06336815436062128
1.473125,0.09131303733382486,0.40555180150028236
1.47325,-0.0272661172908733,0.3523733758035529
1.473375,0.012585644778034708,0.015408212744812827
1.4735,-0.036170032048299015,-0.29235402966646346
1.473625,-0.3661556080300843,0.09634719617368469
1.47375,-0.34729472766977243,0.3235444593702737
1.473875,0.16971311475184572,0.06969815916943302
1.474,0.02761308987867707,0.10481789245113866
1.474125,-0.08259952267800122,-0.3621616440949871
1.47425,-0.7289481204364231,-0.346065558381643
1.474375,-0.4285027278645897,-0.1534363171927017
1.4745,0.36776659093816405,0.07719486237909273
1.474625,0.35699082652141656,0.5297881893078146
1.47475,-0.19060416415469844,-0.11326672937143979
1.474875,-0.03087665207654742,-0.33846704507202835
1.475,-0.23764483378927173,0.028139861771846686
1.475125,-0.45809671481291697,-0.031544130162616875
1.47525,-0.03233004015183665,0.13452281081844422
1.475375,0.5129334325278345,-0.07074590302844788
1.4755,0.17136185268046533,-0.0991936789942965
1.475625,0.022780935278514616,-0.2511289503361476
1.47575,0.20958722633386442,-0.3522828086100416
1.475875,0.6276798479477755,-0.07979285697745093
1.476,0.40332085072165225,0.16382324391522365
1.476125,0.008820204153449347,-0.14161457012780224
1.47625,-0.15191628433412283,-0.5114923606583711
1.476375,-0.02537221175927719,-0.17379883810325694
1.4765,0.03382923891009332,-0.1039763203905655
1.476625,0.4909515615820678,-0.0723113022649609
1.47675,0.5701728907237952,0.09748083210868082
1.476875,0.4905206930684754,-0.1909596077547786
1.477,-0.38244217096448,-0.1850653388143208
1.477125,-0.3379605420171764,-0.2095390938576382
1.47725,0.06047575014286393,0.11893085476885845
1.477375,0.37854360530874115,0.5099069636312898
1.4775,0.1882060815102313,0.4383105780832754
1.477625,0.03036560222165889,0.047787342472469255
1.47775,-0.21396635777132497,0.04354720526018446
1.477875,-0.19902994145019304,0.4933576226963189
1.478,0.18375956098149904,0.2488806942904725
1.478125,0.22219117036744562,-0.23406778444499746
1.47825,0.07153490075498682,-0.05167663273140223
1.478375,-0.3275497140651415,0.06577718407796686
1.4785,-0.1645382362979193,-0.08420054724947931
1.478625,0.35361676239215917,0.0680100507288106
1.47875,0.3267935449381576,0.3376905843488761
1.478875,-0.049276929269351344,0.36898425704459725
1.479,-0.1764357120481965,-0.019318501855229844
1.479125,-0.17681816491967794,-0.2970895959793669
1.47925,-0.18723761047255194,0.05028963610590548
1.479375,-0.16323173177225284,0.08102740952503516
1.4795,0.45379590620559873,0.12520813427400485
1.479625,0.22210053161714957,0.06048786387273689
1.47975,-0.35783446132889524,0.09166700741753206
1.479875,-0.4892101269656361,-0.16246905534280107
1.48,-0.10860117291510303,0.024748944194357428
1.480125,0.36826386218316604,0.3884003025432828
1.48025,0.2232076779481697,0.10344354448530256
1.480375,-0.09829219856395206,-0.6647339308500789
1.4805,0.012919649248314157,-0.3231624763424015
1.480625,0.009060480538895783,0.4097573986596551
1.48075,-0.08625093759143465,0.2611944872829935
1.480875,0.08739406356343192,0.06782313376159924
1.481,0.2573489415695187,-0.37716956285521214
1.481125,-0.3716085253851493,-0.26228389121303003
1.48125,-0.39246189181013885,-0.1507122577920449
1.481375,0.03855386967178272,0.14872532907084382
1.4815,0.3988470022049779,0.1989432464717076
1.481625,0.1352014215376815,0.21494373592427324
1.48175,-0.22392696333683962,-0.3575015538115617
1.481875,-0.5311493459060448,-0.6812291814063473
1.482,-0.3308813907390465,-0.001957767552963407
1.482125,-0.25539181928622073,0.6743669166482154
1.48225,0.16183617692242125,0.4622584965664919
1.482375,0.075475454246083,-0.25200300551638805
1.4825,-0.08216166222639734,0.11974027812359743
1.482625,-0.6384833149015402,-0.02597345157135298
1.48275,-0.28340543947032,0.036637865123419516
1.482875,0.46779655734610454,0.18839333382484788
1.483,0.03398995713785393,-0.03319777561647389
1.483125,-0.14415286224148136,-0.16446919667568793
1.48325,-0.40762045359229265,-0.3969574463188084
1.483375,-0.3343929324185109,0.024548205083195256
1.4835,0.10681092866731456,0.3802662974051148
1.483625,0.10661059947778398,0.09927772578183318
1.48375,0.2342559216864056,-0.22812538877956
1.483875,0.03438772584443601,-0.26721179247082294
1.484,-0.232870722555687,-0.0603345953907824
1.484125,0.17248561416500244,-0.18067579675813022
1.48425,0.6447216716337368,-0.024598716815259256
1.484375,0.33406057507414155,0.1272980170751434
1.4845,-0.16156005316826408,-0.4334172489995451
1.484625,-0.16432399183123142,-0.37077512353769154
1.48475,0.27392598243118,-0.2653326703667113
1.484875,0.2953369360902011,0.054201184559963526
1.485,0.2832331469930895,0.08402085874704031
1.485125,0.18167643666410088,-0.27990212901325207
1.48525,-0.24059957427799702,-0.01532013209768803
1.485375,-0.24730572827404623,-0.2211425396536537
1.4855,-0.13296238365191532,0.0035881114098849404
1.485625,0.542048355219732,0.13614121806925558
1.48575,0.4924651959651417,0.43161307172501234
1.485875,-0.03381294365222236,0.17501706222227914
1.486,-0.2259586359304726,-0.2579852157625172
1.486125,-0.2656027472229907,-0.13692218544999404
1.48625,-0.03366708346992298,0.6663138521476867
1.486375,-0.01063670769604745,0.6305205332704271
1.4865,0.3707571778622086,0.0022309747781704193
1.486625,0.08922608071508566,-0.10026672178582115
1.48675,-0.1601043941130061,0.07814027739251293
1.486875,0.08335912578150648,0.08303446923791646
1.487,0.3094636999305848,0.4740758207925507
1.487125,0.1844481302375871,0.1088471969733803
1.48725,-0.03292588042739601,-0.1683014648907389
1.487375,-0.2929316758408548,-0.2719364235154383
1.4875,-0.04406180522963507,-0.14915119045966171
1.487625,0.032492437063677444,0.3788113674770137
1.48775,0.08440592087517758,0.30739818432545785
1.487875,-0.15890712161879533,0.04856277628252213
1.488,-0.18299496286269762,-0.1545508949750566
1.488125,-0.37671124656188687,0.09674773757010376
1.48825,-0.2596447836170286,-0.10385866979640156
1.488375,0.3455536251436878,0.04754328069586478
1.4885,0.5460899274245923,0.11375130997174433
1.488625,-0.09811505090199744,-0.14510771437599881
1.48875,-0.42330945442683143,-0.08330664217796951
1.488875,0.10701560056086204,-0.11046798744319404
1.489,0.1334304388773764,0.11634189760656448
1.489125,0.1520275567681358,0.20416829479385445
1.48925,0.17602577297475086,-0.1830759459171284
1.489375,-0.08350034918182725,-0.2182433910542018
1.4895,-0.6019435524101778,-0.38392496357010225
1.489625,-0.36316422923321623,-0.16855921304561425
1.48975,0.4371119779236545,-0.13675755705271098
1.489875,0.4921376916005363,0.24615510571116272
1.49,-0.16775931452873694,-0.10004162544586251
1.490125,-0.485709692630339,-0.23006701431873078
1.49025,-0.2958611183432707,-0.09711699952364938
1.490375,-0.053404805602350135,0.30319745255793995
1.4905,0.1264316722043239,0.2107977171076367
1.490625,-0.03553417292963805,0.10348857470442847
1.49075,-0.24132198064907495,-0.3829208681439499
1.490875,0.005486382753919453,0.10777794084314789
1.491,-0.3824965535320387,-0.15600922939413714
1.491125,0.07576348809567789,0.07990863142451667
1.49125,0.23996452952688072,0.23735512493329436
1.491375,-0.1602091476988923,0.0751629316018991
1.4915,-0.5690226907830314,-0.1762580676530029
1.491625,-0.08502282699909736,-0.16631856027472372
1.49175,0.2025706015882439,0.4875130618264405
1.491875,0.20030530480845435,0.29209374260130844
1.492,0.11406046311682143,-0.16591085184780593
1.492125,0.11435051240335489,-0.5628974092698813
1.49225,-0.2306782297063653,-0.36587967238172214
1.492375,0.10338160951705774,-0.020323497913966482
1.4925,0.3956587389426523,-0.08785291962613047
1.492625,0.6594878561636637,0.23942960646427916
1.49275,0.13609010045939646,-0.09010539868019715
1.492875,-0.1746889363461241,-0.11105007739543495
1.493,-0.2227708831600149,-0.3354176973399907
1.493125,0.05826161687013989,-0.09006967504499155
1.49325,0.14232452752718713,0.2633714684375141
1.493375,0.22857207259895054,-0.15447617606076594
1.4935,0.3034409461129739,-0.47886215351497996
1.493625,-0.11097767120596042,-0.05221297443688726
1.49375,-0.0934593703061428,0.24837337799409173
1.493875,0.11248823621887666,-0.1279738316240949
1.494,0.5158596024174785,0.06163262727595013
1.494125,0.2946336257117253,0.24152251583523363
1.49425,-0.14487798537247867,0.032943540712348354
1.494375,-0.3192195896809359,0.05256356468466846
1.4945,-0.0982639415949369,0.2588270624831479
1.494625,0.2742133905726287,0.4603991589538315
1.49475,-0.11716584095387512,0.01702896496112582
1.494875,0.05020221316503643,-0.2585586466861641
1.495,-0.05448560710203567,-0.32126949833631663
1.495125,0.022524116252592766,0.26717310493066326
1.49525,0.19294422953879448,0.36897838484938467
1.495375,0.21477876481788932,0.3134844780738407
1.4955,0.16830653441967403,0.2990042732860287
1.495625,-0.28950282071244804,-0.1106499042881673
1.49575,-0.3039738740670208,-0.46802351026112776
1.495875,0.005442012807407206,0.035750351723556915
1.496,0.1894058558756442,0.17850749992179302
1.496125,-0.21607012261738034,0.00958773671449178
1.49625,0.22728445915450787,-0.24145681339427147
1.496375,-0.19954055042626206,-0.37252601975824395
1.4965,-0.37881844651615815,0.19235646403844758
1.496625,0.22612152293089174,0.2478287431972342
1.49675,0.23021911088313232,0.0800368865913226
1.496875,-0.03351420350737525,0.10111560214390711
1.497,-0.46411915047258484,0.06623917142756727
1.497125,-0.21944787380536115,-0.12297828078176806
1.49725,0.0743220620165302,0.3870519942479014
1.497375,0.2610061228393377,0.4684309675035074
1.4975,0.010452663541643177,0.40513758699893465
1.497625,-0.25789641746979824,-0.37921199619255813
1.49775,-0.37991205181004134,-0.34022894082736765
1.497875,0.028131853317462725,0.20843318504035233
1.498,-0.03957945512088114,0.03268699537402003
1.498125,0.27698751779912856,0.11253587490130629
1.49825,0.04085841560666529,-0.07058732075466677
1.498375,-0.41161420844200136,-0.024061278112329568
1.4985,-0.4670850928677926,0.04262340633522665
1.498625,0.031514007438437595,0.17104895122962183
1.49875,0.14411706160060564,0.08737092418526861
1.498875,-0.15916651889256886,-0.1052643145621307
1.499,-0.4124356960213095,-0.37099649729092704
1.499125,-0.31668613015297087,0.01740624363593133
1.49925,-0.3236850622243995,-0.02809928163601466
1.499375,-0.20778017844809243,0.2781496189204346
1.4995,0.4477951682114939,0.12410265591703293
1.499625,0.21808056386602354,0.01962408696940097
1.49975,-0.6298705579827896,0.0529628918091959
1.499875,-0.7362314559884039,-0.06814342445758495
1.5,0.05426231290111833,0.23453793809457288
1.500125,0.1781521109038301,0.15760187764569614
1.50025,0.2904873605964878,0.3067925523220262
1.500375,-0.0014282129629960842,-0.2790440383557594
1.5005,0.25598900990569556,-0.3061822763193446
1.500625,0.049051200183720854,-0.13755123029593375
1.50075,0.12144812395396735,0.17651833104736306
1.500875,0.38901298910121584,-0.1470463821442715
1.501,0.09917094626315431,-0.4544975794494282
1.501125,-0.005810270492463357,-0.5445121741219296
1.50125,-0.28138684476867776,-0.24315175684888568
1.501375,0.21402936336627376,-0.10950087613936925
1.5015,0.63065988636799,0.2421329975706951
1.501625,0.4385287215150717,0.3208199989372427
1.50175,0.034233307902720896,-0.34902592875543575
1.501875,0.008407010192852582,-0.44784686255992834
1.502,-0.09255524144741403,-0.0504888083086678
1.502125,0.28410809231460615,0.26462664602597796
1.50225,0.4645797008997746,0.19657368129803665
1.502375,0.6067753427125149,-0.03976750228353656
1.5025,0.0721898846819152,-0.08599628057132234
1.502625,-0.8546864909502196,0.15104942739996335
1.50275,-0.10138156272326491,0.06619886375983818
1.502875,0.2056555557240173,0.47276208828537913
1.503,0.1414100251252558,0.32248080415478
1.503125,-0.03659578760163724,-0.11873358192445593
1.50325,0.010849928869004936,-0.1859386184438949
1.503375,0.07842230830708502,0.26140148217851283
1.5035,-0.05891535247676449,0.30769293968623945
1.503625,0.37257089432655927,0.3827972952622271
1.50375,0.2990670842947943,-0.01817167576441321
1.503875,-0.07329986325198201,-0.1795378228794819
1.504,-0.12330845772445731,-0.20045502722903605
1.504125,-0.07968177052768557,0.07756389416397773
1.50425,0.5043992250466572,0.5968832346831366
1.504375,0.022758443640347254,0.47593101996668463
1.5045,-0.12399923836234956,-0.07367399916948607
1.504625,0.0780241163766079,-0.6850177959730019
1.50475,0.07720376011969429,-0.006272777805290457
1.504875,0.2256468749331465,0.5027920077150139
1.505,-0.1706551117457195,0.539286856015104
1.505125,0.07870151373694839,-0.2014342677025524
1.50525,0.2095295433842816,-0.18777203075675364
1.505375,-0.09032946917445608,0.06012521957406082
1.5055,-0.005867533018051599,0.09280520460550538
1.505625,0.22768231792815005,0.13827360412980216
1.50575,0.6198457555286199,0.10325041103452756
1.505875,-0.09369609887507109,0.05096176139148959
1.506,-0.49176790716634117,-0.0858927321723758
1.506125,-0.11252280674300669,-0.03635253416368193
1.50625,-0.17189958973086822,0.3187387704046897
1.506375,-0.26719427850804095,-0.023281935680429786
1.5065,-0.0776048798854036,-0.19032710953844367
1.506625,-0.324059821638362,0.17385421912039503
1.50675,-0.3556852266970276,0.12996354767433427
1.506875,-0.1620823416796891,-0.03177536170193735
1.507,0.31320563096384174,-0.06053353484469802
1.507125,0.002009709625430742,0.3604965272377443
1.50725,-0.29449113889111656,-0.10611853299277026
1.507375,-0.251961117904875,-0.2506301077615811
1.5075,-0.050562871834476476,0.13685780173668052
1.507625,0.3108748197768731,0.24654481670329684
1.50775,-0.1353857210331215,0.2793469573634967
1.507875,0.21672545710333924,-0.24365725943424704
1.508,-0.4562483109710375,-0.32204634568454776
1.508125,-0.07269557213909342,0.09872493910214189
1.50825,0.05686021620344856,-0.1422435731776221
1.508375,0.31752943854428056,0.04346789509962663
1.5085,0.01361582195124716,0.12275584558723283
1.508625,-0.22079840170825366,-0.3987698416419703
1.50875,0.16716440624411852,-0.525430939008452
1.508875,0.14885516791025552,-0.22499453546080547
1.509,0.5324620039727945,0.08690638616609987
1.509125,0.05253918447877295,0.28673264548667554
1.50925,0.33761788776866297,-0.4032443030989236
1.509375,0.1934251956683414,-0.33963393710662376
1.5095,-0.01585604223530602,-0.321956828359259
1.509625,-0.08175152578333054,0.014483079252924556
1.50975,0.2630833031736562,-0.06730466959057904
1.509875,0.5543348768151974,0.12331460703852827
1.51,0.29247344344786225,-0.08145060059964673
1.510125,-0.17379832515265184,-0.23548792323281062
1.51025,-0.041199411892869714,-0.0011671675622347412
1.510375,0.13580586795471766,0.27495679564099224
1.5105,-0.12925294455323458,0.22177042944203068
1.510625,-0.29995557978699117,-0.1086114983581754
1.51075,0.07860727917432174,-0.3234995287261859
1.510875,0.04542945127721218,-0.1299334498997155
1.511,0.11614731892198554,0.1576943548937838
1.511125,0.3144708885580019,0.18830316633803135
1.51125,0.3286477029241571,0.18070445097585525
1.511375,-0.0514061633421035,0.2007413527139702
1.5115,-0.42200487740249754,-0.006457830935111923
1.511625,-0.20872594145673617,0.08302897807162768
1.51175,0.06314578764267137,0.2231803998549017
1.511875,0.05018678212258465,0.36258679160595153
1.512,0.08567300085368397,0.0945067258671542
1.512125,-0.035495967729119816,0.014528510197848137
1.51225,-0.09391140183132358,-0.027898734803435285
1.512375,-0.19350236469882248,0.16702492802900834
1.5125,-0.0018596988648405964,-0.23698334182694503
1.512625,0.16918836775880616,0.231850614874714
1.51275,-0.028478046713474352,0.10707521714337803
1.512875,-0.23518616262671185,-0.09437269318990739
1.513,-0.36025516125961676,-0.226681141539195
1.513125,0.13264452854162534,0.3059751540891506
1.51325,0.3883380890034536,0.4638759638410073
1.513375,0.2281095563671265,0.05420218862283179
1.5135,0.007963987001269655,-0.212144154300043
1.513625,-0.3899465606624158,-0.2754506077657713
1.51375,-0.2929455416763612,0.03590019668434031
1.513875,0.16993608381216113,0.1550956669905535
1.514,0.47834429374795867,0.08084564686251783
1.514125,0.05716716478029875,0.06411695363054103
1.51425,-0.20051475386248171,-0.06892128183474774
1.514375,-0.39875662527894196,-0.2467147152506885
1.5145,0.12267207851691095,0.25839090828438077
1.514625,-0.06568139331521695,0.34566283048055074
1.51475,0.1479110917459612,0.11488685463020615
1.514875,0.09285376868509436,-0.47512417106695715
1.515,-0.13087898644972615,-0.08795146179027416
1.515125,-0.28191228433089077,0.2803007750895029
1.51525,-0.18978689737572796,0.17979701789971214
1.515375,0.23921768545708438,0.14219884438447342
1.5155,-0.21066458463955268,-0.034118177144170925
1.515625,-0.49806638726175095,-0.23296191998515411
1.51575,-0.10042749157495288,0.0714344570779639
1.515875,0.20920913238928007,0.113007970540067
1.516,0.1320502922044745,0.5772876977326069
1.516125,-0.2295498916369774,0.43964231206353266
1.51625,-0.0925858775970631,-0.27207331297953774
1.516375,-0.4619976726578534,-0.15264345742237873
1.5165,-0.39628305660293833,-0.005740968549960331
1.516625,-0.41794781139705084,0.19492282114773415
1.51675,0.25161701664143293,-0.02713254332946343
1.516875,0.21326250119415321,0.17726583321812556
1.517,0.02121747723080735,-0.2208697699891817
1.517125,-0.01682461945942035,-0.43631379223613836
1.51725,0.4103712068391243,-0.13441605810350127
1.517375,0.1524632477018222,0.1756957142627298
1.5175,0.2591276361122859,-0.05977900472433809
1.517625,0.033889820716483804,-0.42801272603229656
1.51775,0.22891411873001483,-0.17140858213964186
1.517875,0.1248969349506268,0.14473255378796163
1.518,0.11755537929603921,-0.07483583512900885
1.518125,0.1944631160327676,-0.15549609529174466
1.51825,0.1022054848675292,-0.17039135015898058
1.518375,-0.5033797669131195,-0.36428916901685704
1.5185,-0.24123426882801077,-0.3259657405979343
1.518625,0.1316373990140538,-0.04686386971254789
1.51875,0.09632023329702386,0.4552269666825059
1.518875,-0.006521155972117899,0.11446931824542052
1.519,0.1274792897188768,-0.08134666117856199
1.519125,0.023211019735720765,0.01738626019790541
1.51925,-0.3516316218403263,0.16511881610761955
1.519375,-0.12855427411124012,0.35848439443177477
1.5195,0.31217245924464143,-0.2150759517426808
1.519625,0.45831255151898376,-0.0660009878037235
1.51975,-0.15025827296802963,0.02597172365492445
1.519875,-0.1840561230890459,0.2108866153437878
1.52,0.2847293262230721,0.3089134974817538
1.520125,0.25914546339298666,0.5562988861819462
1.52025,0.26584934935298055,0.09714583033647341
1.520375,0.03656152956883363,-0.27376376225038934
1.5205,-0.07899257337209092,-0.16378097640647923
1.520625,-0.11007877786493388,0.18058047549786818
1.52075,0.023699081766775813,0.35162649968129955
1.520875,0.0886413185321644,0.1498071747133207
1.521,0.29847160157859426,0.04880137470828454
1.521125,-0.1291080592971985,0.022194837133634272
1.52125,-0.36100451862543004,-0.2621281830202478
1.521375,-0.123510371455149,-0.14136417393356354
1.5215,0.2735057325889047,0.23083905423314371
1.521625,-0.14874403922603102,0.454298048322101
1.52175,-0.19525818614529802,-0.25179911815998646
1.521875,-0.10994721634104511,0.05247637401434418
1.522,-0.20434320959815744,0.014638469486145639
1.522125,0.06670725389187043,0.25210625055479646
1.52225,0.13306467049752577,0.24715667146401168
1.522375,0.29728709997257396,0.12875118077589082
1.5225,0.14317725799296402,0.14043788736900928
1.522625,-0.34955355823587475,0.22631178477762257
1.52275,-0.042397800275662326,0.09621118073295322
1.522875,0.19185894265009357,0.4459427869547261
1.523,-0.1213028749495282,0.25821398590951405
1.523125,-0.0888229385155302,-0.105266597942935
1.52325,-0.2517502946844347,-0.45553543492052256
1.523375,-0.2669247996387176,-0.05074751436472689
1.5235,0.07881221166437831,0.13182815719600352
1.523625,-0.0827944720884798,0.08034543718928332
1.52375,0.11196303277029163,-0.19176947922706306
1.523875,-0.1943807476749626,0.0522227112152596
1.524,-0.6832442500963011,0.12980737577388857
1.524125,-0.3824228415646025,0.015211546532085904
1.52425,0.14851569288735159,0.16732949865479796
1.524375,0.24821765340439866,-0.0004985247731011382
1.5245,-0.5915037859258666,-0.25456661619451465
1.524625,-0.2924852099135188,-0.0011301606057086638
1.52475,-0.176320588828556,-0.06773309725968775
1.524875,-0.0014476498363203167,0.2545456458933316
1.525,0.09834545694066169,-0.2057201093503232
1.525125,0.3008725741376112,-0.265769436159339
1.52525,0.22883854839790066,-0.23223665235620924
1.525375,0.04020980809962201,-0.02240540046334871
1.5255,0.11630190262163641,-0.13397967514223438
1.525625,0.3566335631643085,0.09563920379369206
1.52575,0.03056062325708154,0.1845555026054405
1.525875,0.06290489449629393,-0.19107111182148798
1.526,-0.1320890810385641,-0.4160209375148723
1.526125,0.28050516102580825,-0.18743095368985038
1.52625,0.6656837628080733,0.23799926414465697
1.526375,0.36475119701804304,-0.15839507263819774
1.5265,0.02906472171587121,0.10993450854745862
1.526625,0.01404292133919476,-0.2244933286005727
1.52675,-0.057019461791337996,-0.10536506298598645
1.526875,-0.1010339062137398,0.05234914211442473
1.527,0.3181070027755369,0.3790231671149411
1.527125,0.13559592665054904,0.38230872029419466
1.52725,-0.06631851567068506,0.08298632820766592
1.527375,-0.033872949674172634,-0.03323591231743125
1.5275,0.12790770255922349,0.1526105039400952
1.527625,0.05089691800685992,0.37505776903684923
1.52775,0.27162007049230724,0.24458826315594312
1.527875,0.154294750021295,0.06879347715705197
1.528,-0.14405382315506607,-0.05896690813964789
1.528125,-0.09529488885829855,0.08679231087204643
1.52825,-0.0800857356612241,0.31560169564334795
1.528375,0.2665114931703429,0.2640666126263448
1.5285,0.2239128892934646,0.13744692290753927
1.528625,-0.23384524437841603,0.1167109240346207
1.52875,-0.5070241614029344,0.07468522566931236
1.528875,0.06434287873038472,-0.12618868072121964
1.529,0.14059055952927002,0.21521786241193624
1.529125,0.2633568764236007,0.11676531892741697
1.52925,-0.012476583078213576,-0.23008940163321448
1.529375,0.02518792547594257,-0.18337887820951032
1.5295,-0.38447821256584136,-0.02314121385538337
1.529625,-0.11327395762841928,-0.09697885104883242
1.52975,0.4602601200482495,-0.04944534648097179
1.529875,0.2271552146313382,0.22742716850151384
1.53,0.12153115622549822,0.0511213410621292
1.530125,0.02626364719676334,-0.18807694253251883
1.53025,-0.09679499942507963,-0.12584853010299743
1.530375,-0.036587695911173404,0.2163047971745912
1.5305,0.17950264262698293,0.09167827884812102
1.530625,-0.01382702385957173,-0.41686066825139995
1.53075,0.08555219865033781,-0.39773007309991154
1.530875,-0.17290146238692186,-0.19111067174153423
1.531,-0.47200662460664033,-0.02978973274053026
1.531125,0.07396450943536187,0.0351589992517501
1.53125,0.2043997507323302,0.258938353938135
1.531375,-0.25443046478997905,-0.04370268721972779
1.5315,-0.4559956925610523,-0.310151822996567
1.531625,-0.20291850330566835,-0.0019089283859879875
1.53175,0.06920734353421891,0.23751665888419154
1.531875,0.36131357662813673,0.37773700602124155
1.532,-0.216099991154289,0.07225672170297802
1.532125,-0.16546562255070724,0.0748290629513927
1.53225,-0.22522947227633372,0.10332690230678346
1.532375,-0.41050049449698417,0.14974499031924826
1.5325,0.12707554684654118,-0.12812728442482182
1.532625,0.02812554372758701,0.05962011436015685
1.53275,-0.1512290083578543,0.1847434662442212
1.532875,-0.24614697559345128,-0.10152590418889616
1.533,0.1516524150559317,-0.23325616779045014
1.533125,0.23217609162849256,0.2667024688012546
1.53325,0.3016276314494736,0.4074828744310654
1.533375,0.11393267789160309,-0.08460130621655929
1.5335,0.006715918009093654,-0.34647292556253434
1.533625,-0.04418574781523856,-0.24565819863286914
1.53375,0.13511748127798465,0.17055020464120987
1.533875,0.07842001292253171,0.14131271818282445
1.534,0.4616203947283802,0.066097393655855
1.534125,0.045593015906432416,-0.21157754306203702
1.53425,0.3046633512188758,-0.222401970346305
1.534375,0.05503926126310768,-0.4348296244380847
1.5345,0.11366089258844733,-0.03593534737900389
1.534625,0.1097763903928266,0.20075042450377253
1.53475,0.07044588824217894,-0.25176695486837564
1.534875,-0.0029549958786516638,-0.4076556534223565
1.535,-0.13428252889112152,-0.12423817996054803
1.535125,-0.09638072810691352,0.19775492060025998
1.53525,0.2856760484318983,0.1318448037448469
1.535375,0.5285395231480061,0.20186396595323466
1.5355,0.24981280493552752,0.026089488283829943
1.535625,0.20231743504073083,-0.3200276557165052
1.53575,-0.17706357154119345,-0.11735611990345693
1.535875,0.41008908327861154,0.013878937895919494
1.536,0.4978069294558301,0.4318589429850384
1.536125,0.08797171809585819,-0.08804167343772962
1.53625,0.008521734958879892,-0.08314400348421247
1.536375,0.2055880091326036,-0.19936078960454554
1.5365,-0.3788346759245138,0.16071234928268857
1.536625,-0.03772375880099564,-0.0261442108698356
1.53675,0.6011408713455584,0.023012783996869117
1.536875,0.3166356581546032,-0.10221901481424026
1.537,-0.31530792150579456,-0.08821840856589405
1.537125,-0.230276583640713,-0.07548842956662688
1.53725,-0.04117654570515642,0.26163542981599436
1.537375,0.1900166735489017,0.2482689329753945
1.5375,0.2354138975751199,0.21752129899732697
1.537625,-0.04829813724431828,-0.19792819743208223
1.53775,-0.1300783677592139,0.04557445091118262
1.537875,0.04151861330900692,0.3153635424967004
1.538,-0.21467928891286817,0.3777348587131822
1.538125,0.12652214476856366,0.02751704839524988
1.53825,0.06973121065042763,0.24084546180733143
1.538375,-0.2628325054568864,-0.07412076810497156
1.5385,-0.3284835575640434,-0.20854629111714526
1.538625,0.11193822061864277,-0.018636474769495214
1.53875,0.16537168803802316,0.2509484058365734
1.538875,-0.1983130103696286,0.45687123281671577
1.539,-0.19336255220705617,-0.09781957410199502
1.539125,-0.22333544158879398,-0.03728488202816052
1.53925,0.035092119338497284,0.1901962120366947
1.539375,0.17135062361420084,0.2119973679704437
1.5395,0.08403485783225607,0.1521535756118875
1.539625,0.19751016626089507,-0.17964738073042194
1.53975,-0.11914798142124669,-0.23719443232268234
1.539875,-0.31884230958306603,-0.11010747432739573
1.54,0.09677205230632656,-0.24700208744990873
1.540125,0.4647671443538579,-0.03178556832405756
1.54025,0.004440525067381339,-0.29696405185082425
1.540375,-0.24412447216998862,-0.23963466392904784
1.5405,-0.47688286689444254,-0.13621560877129488
1.540625,-0.2801809399761894,0.16286175344116957
1.54075,0.021504117787674547,0.11640726352582688
1.540875,0.08891103769688125,0.006791311209844918
1.541,0.0035506894234147504,-0.1571944237047381
1.541125,-0.3818205432285,-0.33087827253839164
1.54125,-0.456900646175162,0.0242997419449261
1.541375,-0.04164263889310617,-0.0014979134031990586
1.5415,0.1812103898866736,0.17186976709296972
1.541625,-0.01827372806681691,0.05956437195565201
1.54175,-0.3159011038268901,-0.2251281920290619
1.541875,-0.2835148535905641,-0.30316236430687304
1.542,-0.32756512976248514,0.1762506821803714
1.542125,-0.015769041834384923,0.12344544251980533
1.54225,0.17274544146424164,-0.0054476560523105625
1.542375,0.16861212891919458,-0.13048084004708843
1.5425,0.14361658358805696,-0.3367780208001425
1.542625,0.11263144767335448,-0.13517563589998963
1.54275,0.10827318632447176,-0.1990493758806192
1.542875,0.2647828170766027,0.08589548643544773
1.543,0.34670374265559,0.11669322881267469
1.543125,-0.13650038533136738,-0.22300372155103562
1.54325,0.08998532919287673,-0.3516390731315717
1.543375,0.08629458184949809,-0.02057722392570882
1.5435,0.18430310908711453,0.1428641300875916
1.543625,0.14259766946450148,0.09096201781429503
1.54375,0.3598878605369732,-0.24512340690979043
1.543875,-0.1344185633444587,-0.18588119002909193
1.544,-0.43745105948519497,-0.028616205555633094
1.544125,0.023503619374948822,0.32676513855345035
1.54425,0.47257478133348535,0.35857123867789975
1.544375,0.3495595619023355,0.30935963103023456
1.5445,-0.05561566451440065,0.25284459287092365
1.544625,-0.17493490977297274,0.029335313505607998
1.54475,-0.24103708713771385,0.3575865607464166
1.544875,0.2101889216135516,0.33905732672259353
1.545,0.37589007688147624,0.24429558351909889
1.545125,0.22071318198811135,-0.12383212929884241
1.54525,-0.08257071497844437,0.21761944878969294
1.545375,-0.1978346635172763,0.10773488018558328
1.5455,-0.01075158646177982,0.0923431804749758
1.545625,0.12649865669604904,0.06372129061428647
1.54575,0.2686686295690076,0.07050919325707565
1.545875,-0.19340816543979772,-0.2562793595881977
1.546,-0.061403624666594575,-0.1998498077573595
1.546125,0.07793745219399652,-0.3064339150216343
1.54625,0.24760244547656798,0.1782022909819246
1.546375,0.28010967902763034,0.08241729688565899
1.5465,0.15987514204158207,-0.0850296373256842
1.546625,0.12160271773821328,-0.17487257743215698
1.54675,-0.37860410728845023,-0.08246164104011136
1.546875,-0.1951051426433615,-0.09015386757049207
1.547,0.18560851900040812,0.0844488436724521
1.547125,0.2959784198253986,0.3379066776241393
1.54725,-0.03689853586185292,-0.0789247300331432
1.547375,-0.28356503413570355,-0.06672520224650971
1.5475,0.21105659252095407,-0.28447041586454774
1.547625,-0.029126299085191494,0.2732651432752778
1.54775,-0.17835035645013933,0.2079885121836082
1.547875,0.1968501922327466,-0.07987664373558712
1.548,0.17708595377945757,-0.05103060673133919
1.548125,-0.2993540128202833,0.01566797891325236
1.54825,-0.4292246947900961,-0.09226251319933117
1.548375,0.2997039244063753,0.10309420497885795
1.5485,0.2902965365607167,0.09867453252022468
1.548625,-0.07192387220696721,-0.2042573338914426
1.54875,-0.332212964515197,-0.6194774027707343
1.548875,-0.0037881528468548392,-0.2687854173602256
1.549,-0.07646906591984395,0.04824432607240528
1.549125,-0.16373720528359004,0.5147569297841539
1.54925,-0.4588132837247451,0.032534602029711514
1.549375,0.13770176028518352,-0.584085610886052
1.5495,-0.3358893364552115,0.1378744486521569
1.549625,-0.01404996086311621,-0.0002456575101956911
1.54975,0.1322510458425907,0.06537127446243747
1.549875,0.0712937519106109,0.47403994874785754
1.55,-0.11045442712895139,0.02252764274758057
1.550125,-0.4336466644785991,-0.5765237164107742
1.55025,-0.19292168532500348,-0.21501483181010825
1.550375,0.20924455094320607,-0.10104252777207018
1.5505,0.1800606218834823,-0.13894663242037777
1.550625,0.0429668688098286,-0.27631355995993934
1.55075,0.08173057923266606,-0.5002004141512406
1.550875,0.023904941796355966,-0.2066937857587631
1.551,0.18205729082535152,-0.12709200497219417
1.551125,0.5163457868852404,0.12187662145053771
1.55125,0.6761548291714349,0.044053729151634496
1.551375,0.403630321855111,-0.32302785702280784
1.5515,-0.20218985159181627,-0.11144205303584169
1.551625,-0.1814054007381219,-0.20559805804600728
1.55175,0.15497682698856,0.33126448554956217
1.551875,0.4043987791732758,0.5297049677988014
1.552,0.2437160383334943,-0.3578070040256972
1.552125,-0.06956976354004604,-0.3536889175879515
1.55225,-0.41590417566204485,-0.07852210442668085
1.552375,-0.4472651465961776,0.01746966280008092
1.5525,0.5317310901228338,-0.01258885617541355
1.552625,0.2168163195154998,0.15155633004202212
1.55275,-0.13899997602733472,0.16530923547209256
1.552875,-0.40688403404623424,-0.15529218188269742
1.553,-0.11491695236354771,-0.08755499830489952
1.553125,0.29711529825177535,0.17970215448301768
1.55325,0.1858390160021482,0.4245392255815472
1.553375,0.32404892312996886,0.017054421182039387
1.5535,0.2047526226379642,-0.20495919416980493
1.553625,0.15347778554955496,0.02762751430025345
1.55375,-0.26080904933983856,0.06726475537032148
1.553875,-0.15694125736604808,0.4426905366382776
1.554,0.17305515543313504,0.20198840493273595
1.554125,0.22358008422455644,-0.1633998735314595
1.55425,-0.1483645112096998,-0.3292845095472901
1.554375,-0.03412952209247436,-0.3053289674183819
1.5545,0.3192848642256618,0.3211484527727725
1.554625,-0.07642730054463383,0.6361795170177579
1.55475,-0.07975099209026362,-0.13993423000851118
1.554875,-0.23038349017953574,-0.16856772520168767
1.555,-0.3599797097118581,-0.15786809492533443
1.555125,-0.21967534756149787,0.03245373931147503
1.55525,-0.0486605825410909,0.30049768899391893
1.555375,0.07522379946080371,0.38324027017300416
1.5555,-0.08512647647097828,0.05735944054904038
1.555625,-0.3341858743232018,0.1896768885037992
1.55575,-0.2695886435428043,-0.06975408678088192
1.555875,0.14414748407382466,0.27420072588300753
1.556,0.2745767451030591,0.18203539871700394
1.556125,0.34090646724807894,0.0743916057143846
1.55625,-0.19517770336515977,-0.15304173744910288
1.556375,-0.2976184310502955,-0.07523592528399635
1.5565,-0.19160399533878356,0.28928217632276026
1.556625,0.03590695897294099,0.25433784218212896
1.55675,0.42536494328266966,-0.04470748990964054
1.556875,0.08191710402193703,-0.1252715776974192
1.557,-0.3885768763414444,-0.2233897580320614
1.557125,0.10177053362774592,-0.2949155466144266
1.55725,-0.0046657463798595415,0.11432320645112062
1.557375,-0.14870073857248745,0.3215201209201798
1.5575,-0.027486929315966933,0.05474715094486531
1.557625,-0.17344051277671743,-0.48642179739222546
1.55775,-0.2262304644675204,-0.1336897263434736
1.557875,-0.2455729680011413,-0.09601761861027283
1.558,-0.17367144696149805,0.19605085261646402
1.558125,0.27595792713833545,0.12153243086755003
1.55825,-0.02277359073727162,-0.373679447249787
1.558375,-0.4957258565312996,-0.22761871949860185
1.5585,-0.28006257409829477,-0.2996337087835222
1.558625,0.0995421544318735,-0.208205333050454
1.55875,0.3128007112656763,0.13643777145178806
1.558875,-0.10399852658374724,-0.08887199200541498
1.559,-0.08086850546513813,-0.33084303495659023
1.559125,-0.13289701497163336,-0.19687482658281405
1.55925,-0.014165217115854332,-0.0711870503397411
1.559375,0.21172674232222477,-0.05762991459959236
1.5595,0.2565624871827044,-0.18662677641502512
1.559625,0.42343102814550726,-0.2949549783883171
1.55975,0.009229510755013557,-0.17312632588268764
1.559875,-0.2146930333134289,-0.058946192114439175
1.56,0.3144034427357826,-0.20949502955654992
1.560125,0.4536508856891791,0.1648822001808077
1.56025,0.1277018793302358,0.20833224267126835
1.560375,0.03281429628413815,-0.2316581040224425
1.5605,0.08873088936635208,0.07750840481464617
1.560625,0.056775398099116706,0.03711116907975807
1.56075,-0.08206652103387228,0.3989480859819938
1.560875,0.29317057871229807,0.2508107304455206
1.561,0.09678204465053222,-0.1882942951102097
1.561125,-0.2913316359895647,0.01292503799572194
1.56125,-0.2549139011442233,-0.17938108934896388
1.561375,-0.08326573905334639,-0.09183368501718467
1.5615,0.26776500729089214,0.4216350631495954
1.561625,0.30917935516210704,0.3413469877807612
1.56175,0.2753789460095307,-0.23942036789553583
1.561875,0.2796584890671287,0.01841953095556113
1.562,0.18423619143981224,0.1282022465222043
1.562125,0.09791310900395482,0.4449803487957384
1.56225,0.07148617695581579,0.24067009222888616
1.562375,0.07694567361301378,-0.1403160928093911
1.5625,-0.15393550885877016,-0.0986632259089673
1.562625,-0.05038568129509068,-0.16647881867155498
1.56275,-0.10892409354218684,0.1398381563311032
1.562875,-0.06413412682944088,0.22347416948478416
1.563,-0.09341383492183557,0.1061283025573517
1.563125,-0.10884645386676885,-0.03837587867940673
1.56325,-0.3556336332660035,-0.3964075810750964
1.563375,-0.031906894672322356,0.2131782941483795
1.5635,-0.2107770400215987,0.35210525511475227
1.563625,-0.03646141303587084,0.09660516365207468
1.56375,0.3517036321989831,0.011135691795953688
1.563875,-0.04753770593084122,0.07281035910170763
1.564,-0.44713411388874225,0.01683940792051427
1.564125,-0.047829376576948156,0.18663634783783745
1.56425,0.46496329196827935,0.250754913403486
1.564375,0.19059818430247683,0.15979900902613203
1.5645,-0.05084897685304509,-0.2040196733515524
1.564625,0.048283534990755224,-0.6338253469184579
1.56475,0.2676984647796012,-0.14749618011680998
1.564875,-0.06146439426144739,0.13195733796513553
1.565,0.10192202566633464,0.006051380501169167
1.565125,-0.32521785187538216,-0.03726662527823645
1.56525,-0.5418596651075313,-0.3442414010946045
1.565375,-0.4525955724632411,0.10699394942192238
1.5655,-0.16045840085662408,0.03295124645229625
1.565625,0.29366256221593623,0.31433646087942385
1.56575,0.13150656482238013,0.2546610572888875
1.565875,-0.25585981163449345,-0.09002536389763065
1.566,-0.16138882432757787,0.055947263469932056
1.566125,-0.10734873893666123,-0.4019513689960422
1.56625,0.09040073768380164,0.29700690277866304
1.566375,-0.2464251863279778,0.21951789347736445
1.5665,0.1063794177710077,-0.023888333734353357
1.566625,-0.35738321097840237,-0.20421253326651195
1.56675,-0.4631690996251727,0.21003627327760144
1.566875,0.08145310701690583,-0.006714463787583239
1.567,0.10237975816701989,-0.2450196407641
1.567125,0.4505671635534278,-0.3375233785127295
1.56725,0.28973769535919885,-0.331730472620742
1.567375,-0.04632638698718655,-0.42163856211669914
1.5675,0.3659299669998925,-0.33757701188806777
1.567625,0.1989184965077439,0.00830713279765449
1.56775,0.23791178140037522,-0.049873503890864354
1.567875,0.36044590054477366,-0.15700560501428507
1.568,-0.04745134764173308,-0.2973506121966015
1.568125,-0.06589560237358587,0.02342331001869737
1.56825,-0.2098310858640976,0.045144957477868716
1.568375,0.43788405766725386,0.006787329809520401
1.5685,0.41483517652296065,0.06627381205281639
1.568625,0.007338938843022757,-0.07124489023565822
1.56875,-0.22276497091867412,-0.01396276927626782
1.568875,0.3745558551803256,-0.13258315949976357
1.569,0.05169564696178012,0.13918342945253212
1.569125,0.14174773668892163,0.2641199681665266
1.56925,0.017454348176862967,-0.1575687999738068
1.569375,-0.022895427944970213,-0.07167157581092222
1.5695,-0.39023147814327147,0.2539999563069157
1.569625,-0.07596930007999893,0.2894015376310095
1.56975,0.23864085709708455,0.4440404313564876
1.569875,0.1785585962850398,0.12918079419869974
1.57,0.16102858803522416,-0.004830693215668941
1.570125,0.01092602500505308,-0.18742394362921472
1.57025,-0.06432125361367033,0.03962319398526588
1.570375,0.04154089026198161,0.31724556989938135
1.5705,0.052061512440775594,0.06127616305740499
1.570625,0.17653569411611808,0.04195494563738321
1.57075,0.027245230620214462,-0.40617589585927694
1.570875,-0.3674064602737031,-0.03706691377630687
1.571,-0.3071766363482267,0.21866768357008382
1.571125,0.0013971509436242959,0.1653147110391147
1.57125,0.393919629227663,-0.06660301703106952
1.571375,0.2581341765256783,0.11467679620997909
1.5715,-0.11742348170824037,-0.157455811301634
1.571625,-0.1367451449135944,-0.22126250007685194
1.57175,-0.029285627508333363,0.12619880580038054
1.571875,-0.0810561966028721,0.4531204074520017
1.572,0.26698832037541587,0.1294660937049662
1.572125,0.2911117442719718,-0.08457151346644541
1.57225,-0.2913529435084129,-0.1709382849949706
1.572375,-0.09365028829253663,0.09531184091404798
1.5725,0.04988520153227154,0.0591969626400745
1.572625,0.05585706443826393,0.09985316248003867
1.57275,0.03916013464391367,-0.005977547319762929
1.572875,-0.309799596947003,-0.14203954529430257
1.573,-0.36182039891052215,-0.23908046956347956
1.573125,-0.058765423602318935,0.03829415824234292
1.57325,-0.26902944219337094,0.28075238682704484
1.573375,-0.24768397090961253,0.058733466607199684
1.5735,-0.11120137464502537,-0.28294395684420903
1.573625,-0.12568645289155628,-0.16152188531664732
1.57375,-0.05621399993694297,-0.11360430223956941
1.573875,0.01657160888829303,-0.1072185646785624
1.574,0.07144405833520497,0.04740826145171613
1.574125,-0.1293303246061414,-0.03688959053465951
1.57425,-0.1375081490974944,-0.16315725934205366
1.574375,-0.1707499129439524,-0.13481745522838673
1.5745,0.03173093454106493,-0.2309048294294126
1.574625,0.10460858529305,0.04680394899038771
1.57475,-0.21871544981566057,-0.28974986735673997
1.574875,0.09123544775173419,-0.1899777114541312
1.575,-0.08485823350859498,-0.15587900362736848
1.575125,-0.022567993482953793,-0.18894846513998861
1.57525,0.48030112135488057,-0.21973166076664022
1.575375,0.16202493309581484,-0.2151099888877388
1.5755,0.06579919587637738,-0.07639437950244399
1.575625,-0.27441704830517755,-0.19267908557150493
1.57575,-0.15803602608203762,0.011994363638474583
1.575875,0.17662854190384772,0.06363763817192833
1.576,0.21693223296316097,-0.13534165587731753
1.576125,0.2713860015654104,-0.11142167884838362
1.57625,0.293977452580082,-0.22085804112707344
1.576375,-0.07372139066177759,-0.03427184794500384
1.5765,-0.1895469669239601,-0.006972743654485511
1.576625,0.17411209146082998,0.062179741725414975
1.57675,0.3970664518656686,-0.10435818300741888
1.576875,0.22401189626214404,-0.14582290097696363
1.577,-0.00010181205142639153,-0.02803342626952354
1.577125,-0.2221188626118125,0.04537150494394043
1.57725,0.005538848099523155,-0.1005007220728223
1.577375,-0.046922325900629044,0.4347986812583891
1.5775,-0.2313200627619236,-0.08993892761182727
1.577625,-0.15585507413483438,-0.17692284509533976
1.57775,-0.1780132243737167,0.06838356217860275
1.577875,0.1108191205861613,0.38842538431880225
1.578,0.12359405530286098,0.1331397039496164
1.578125,0.33215983375998764,0.40191440204213047
1.57825,0.5140124352860588,0.457332416966682
1.578375,-0.21731436658151077,0.16217913700528755
1.5785,-0.22779175299893395,-0.10388290807548439
1.578625,0.385160086163998,0.28457383708267203
1.57875,0.12455581826788294,0.5341036786149054
1.578875,0.007746763498540662,0.4289229687871869
1.579,0.022422681884861337,-0.10805178963561868
1.579125,-0.08060395174619073,-0.051580009930534514
1.57925,-0.21040762188707657,0.11151115726632539
1.579375,-0.02990212695658296,-0.030490521571140954
1.5795,0.31707648317338255,-0.09253448422477648
1.579625,0.10408625992883198,0.08587057976615153
1.57975,-0.22194942687148037,-0.015459631164100823
1.579875,-0.505719148762341,-0.21100460582343813
1.58,0.14788220313220488,-0.3138357079083018
1.580125,0.10737212545832496,0.20285360848996475
1.58025,-0.15987371532562264,0.2210348489234739
1.580375,-0.02581592311686307,-0.09203546842653283
1.5805,-0.0713987594496792,-0.12012870346374642
1.580625,-0.18001534916514544,0.3481824340115576
1.58075,0.1711353935842449,0.43660734951490937
1.580875,0.12436122857005864,0.14170125419395396
1.581,0.050678992722142116,-0.09039216041654072
1.581125,-0.11170748121411049,-0.09762610587708907
1.58125,-0.5745164570805554,-0.12324767803367229
1.581375,0.11793073177295745,-0.09598029814863304
1.5815,0.1773760828121066,0.3208197489739762
1.581625,-0.22827286280734635,0.08476606002039432
1.58175,-0.34754551179467214,-0.4260523650010053
1.581875,-0.1703326511324001,-0.0965422511731036
1.582,-0.05154429010859989,-0.06940643893989987
1.582125,0.0075027429537318415,0.23986267586282667
1.58225,-0.25090493581225254,0.1163053853289324
1.582375,0.1315058433564739,-0.21466721299248492
1.5825,-0.10519590542605081,-0.2521825044995789
1.582625,-0.30357970055845773,-0.10426204534078722
1.58275,0.0707871811131824,0.0003025660679221083
1.582875,0.2512118282953613,0.2859569222927758
1.583,0.026344160294757203,0.1960151051154465
1.583125,0.04350505490652419,-0.26058688885269965
1.58325,-0.017922975834081867,-0.37717581874322
1.583375,-0.1610409280777176,-0.1983088045142223
1.5835,-3.367366045597048e-05,0.2154262171774161
1.583625,0.10135025315026897,-0.1959121688216922
1.58375,0.19644715648286734,-0.18231926929056222
1.583875,0.12773473778246758,-0.07903818519092007
1.584,-0.450885816382175,-0.06913154559839425
1.584125,0.037571873371685424,-0.1574969565435447
1.58425,0.27681987327035307,0.01305096915921687
1.584375,0.005399024323214528,-0.23610765339153428
1.5845,-0.17024725916561012,-0.23352383294221013
1.584625,0.06124439737905645,-0.22473896748401223
1.58475,0.11883969438933627,-0.0024718896484356317
1.584875,0.1449254170634585,0.4075643263084929
1.585,0.36458494677552394,0.0415007294144114
1.585125,0.1960709194628441,-0.13523662636438893
1.58525,0.15235669839034943,-0.2749509487613596
1.585375,-0.116633084922467,-0.07431563926685328
1.5855,0.06472681622066664,-0.22018068509923422
1.585625,0.1239675631094923,0.09360060515838196
1.58575,0.31414145799526366,0.2217704395175973
1.585875,-0.2954492211663112,-0.08006033712180116
1.586,-0.20855111312315813,-0.24908266246948194
1.586125,0.19219410046616628,-0.19681683035177883
1.58625,0.006882507081046853,0.3541345389061299
1.586375,-0.040135742221782705,0.08974700487801796
1.5865,0.02228018487832921,-0.08591290982428107
1.586625,-0.3693106615454065,-0.07103216383074037
1.58675,-0.242114450902646,0.20894392696665143
1.586875,-0.49180762453587523,0.0651635889330152
1.587,0.3666444432518095,0.23955803642108828
1.587125,0.5005217660482708,0.1972268607114698
1.58725,-0.2632377868643595,0.025427481395879498
1.587375,-0.3397716219948812,-0.359868482407125
1.5875,-0.08812343471556039,-0.14211765229290355
1.587625,-0.08339288444882521,0.1761881744646026
1.58775,0.22196303755731508,0.04430746457003842
1.587875,-0.06469168909882479,-0.12972466436316585
1.588,-0.11734461991768214,-0.10184027201674012
1.588125,-0.35682435949261004,0.23908800376996267
1.58825,-0.45405826386030973,0.20369295714806615
1.588375,0.4775723346965483,0.27877557639855227
1.5885,0.23308934862925978,0.0758092361205628
1.588625,0.12511650474630265,-0.03909091972289318
1.58875,-0.3020630799457055,-0.3431742814977391
1.588875,-0.11200387822067062,-0.35014919070349565
1.589,0.12231361035313243,0.14412185122719495
1.589125,0.236898163708305,0.2713337829714123
1.58925,0.19614631983642508,-0.1419847969769074
1.589375,-0.11169291605192104,-0.3264169057968643
1.5895,-0.38568559093411287,-0.05498794923116845
1.589625,-0.4685053946145727,0.12843442869365645
1.58975,0.17115647770447054,0.11346519897160484
1.589875,0.5187941531535432,0.18752419351419913
1.59,-0.0494016985486178,-0.20591158892527409
1.590125,-0.6559721915091827,-0.15212922002230062
1.59025,-0.5652743136267311,-0.22184166903671887
1.590375,0.16146080561922477,0.030405283212173756
1.5905,-0.12559051224785325,0.2819985416010536
1.590625,-0.16643709928312128,-0.035805795835795705
1.59075,-0.26599706991607014,-0.2931442427370018
1.590875,-0.3955113931539018,-0.19421168971790465
1.591,-0.5714436615899681,0.06157456670363124
1.591125,0.06918494171881358,0.1623890667109841
1.59125,0.16336035082204095,0.14531477981688637
1.591375,-0.15932414850506732,-0.12544846699390955
1.5915,-0.3279571659181496,-0.3239083376069176
1.591625,-0.3508156802483513,-0.49471496175205776
1.59175,0.11528157211859658,0.07020311511561436
1.591875,0.5054793921886086,0.31506742642727575
1.592,0.4240125256244066,-0.21727105949025055
1.592125,0.15690899572752445,-0.7449009658961904
1.59225,0.03378096033085056,-0.32004276989832575
1.592375,-0.3070061060436325,-0.041858761353135085
1.5925,0.2604025182987221,-0.0548400940289215
1.592625,0.38994938642099847,-0.25041444908362703
1.59275,0.20611059514422445,-0.19364973949944644
1.592875,-0.20818908408599934,-0.4041022888433283
1.593,-0.016621336820888618,-0.3091043061906353
1.593125,0.3432549859252711,-0.031236209314055203
1.59325,0.4565227918585902,0.20041019293546877
1.593375,0.4062578343931414,0.0029340272232187604
1.5935,0.025631259299603096,-0.29955567636392877
1.593625,-0.16314264338648415,-0.0991230372119268
1.59375,-0.1869194345175808,0.052112358047495866
1.593875,0.20152504021822049,0.20114486307920648
1.594,0.7818197038620964,0.029226471478506693
1.594125,0.45618443081760185,0.281762885186533
1.59425,0.11674468744834042,-0.10933824941881383
1.594375,-0.08796280390965758,-0.13767665915938854
1.5945,0.4600953517781106,-0.025944882673767402
1.594625,0.25589198568728955,0.30528819603094387
1.59475,-0.034168900523716426,0.2005166717363959
1.594875,-0.07428026373994559,-0.26455984502113783
1.595,-0.2132704549033822,0.07762090747474601
1.595125,-0.24155015577116032,0.2660984636231489
1.59525,0.0025533306490862716,0.1510086466575986
1.595375,0.2874077670770275,0.0440584778652283
1.5955,0.10076372612837553,-0.029798965809748078
1.595625,0.05183691105403217,-0.18251094393636674
1.59575,-0.3507086891123071,0.018265464855892168
1.595875,0.0921600327524797,0.23539364260449366
1.596,-0.0670088463006107,0.1392023049874216
1.596125,-0.15395672663444385,0.2915748885593612
1.59625,0.048380319971351345,0.08186783740119122
1.596375,-0.23790771786702739,-0.12173499316768145
1.5965,-0.21952158998722898,0.17437586808052769
1.596625,-0.12199260667419332,0.06645900096707666
1.59675,0.29065221060136076,-0.22279254513768537
1.596875,0.01821086970773099,-0.04948725235456917
1.597,-0.46023358464696484,-0.17760532680200125
1.597125,-0.37004466496311533,-0.15084959997269692
1.59725,0.16273151094230726,-0.12625695105348994
1.597375,0.3572273134868922,0.11512186395415078
1.5975,-0.38532335033123083,0.1268086344199673
1.597625,-0.14146760026356078,-0.12087388839633857
1.59775,-0.1021972875473742,-0.06253434214495475
1.597875,-0.377798036274636,0.3326313691534536
1.598,-0.10525716601269093,0.08013542299686469
1.598125,0.3765616458486331,-0.07681324766301822
1.59825,0.23091210984353447,-0.04549225676225453
1.598375,-0.31450056261503373,-0.3959727076785605
1.5985,-0.47385507926900794,-0.31777495239462245
1.598625,-0.11051067854080669,-0.2672010348341583
1.59875,0.3238148265831885,0.28558719554674306
1.598875,-0.22631331314747752,0.2009869180131117
1.599,-0.17726064599899258,-0.461354479220734
1.599125,-0.12731200640719723,-0.44123197421290666
1.59925,-0.2677465451505025,0.13418197181297017
1.599375,-0.1959890012663895,0.325668856873041
1.5995,0.25074042409283936,0.16543479474846728
1.599625,0.07981685845005976,0.01746742007593117
1.59975,-0.3982268741372269,-0.2182361072310314
1.599875,-0.17846046353538778,-0.27972691476538225
1.6,-0.022317927343301718,-0.006568246994341255
1.600125,0.39132722969124223,0.13597959523395606
1.60025,0.10728664128968693,0.340805812641566
1.600375,-0.15515988446884496,-0.2798430219821248
1.6005,-0.17106824457484437,-0.5536642183317153
1.600625,-0.31016289938226455,0.0989339134691084
1.60075,-0.0008462725310477625,0.3804697349988024
1.600875,0.2905167778932968,0.19530567087787037
1.601,0.6596566560634991,-0.04991041957761943
1.601125,-0.0895291769393726,-0.1937952183641005
1.60125,-0.21603937889042474,-0.2705262002145918
1.601375,-0.016895250921134464,-0.43629932882818107
1.6015,0.40074636519575274,0.31783558106643395
1.601625,0.3978320537878985,0.08178676918815211
1.60175,0.22556737025029858,-0.1594170603500434
1.601875,0.14139186992220656,-0.33984669919443516
1.602,0.06861033414614433,0.03504991709446643
1.602125,0.4611173466854125,0.15672897925016677
1.60225,0.4212941841367327,0.17041162642103014
1.602375,0.4719983870229542,-0.2819073608162933
1.6025,-0.21755464866438468,-0.06267763188484593
1.602625,-0.24547346346190144,-0.04529110426575785
1.60275,0.1273864733227569,-0.17601598572299343
1.602875,0.5553004852430341,0.10963486883193478
1.603,0.27429528702738554,0.2844031264866988
1.603125,-0.05650825265819195,-0.17769591578934832
1.60325,-0.13242640053932206,-0.23333586616806126
1.603375,0.21891330092178235,0.11329643421307549
1.6035,-0.00956450617058485,0.7060691215730165
1.603625,-0.072489686379966,0.3707051757183294
1.60375,0.2665674094118955,-0.08959757448378296
1.603875,-0.27736912257275065,0.13710334602027716
1.604,-0.5526660138281105,0.05400028957530377
1.604125,-0.13783602245815701,0.30391664144794106
1.60425,0.2027735675784872,0.2942476147097714
1.604375,0.022520023427396937,0.5227782304358465
1.6045,-0.12206934386419364,-0.10235032058772314
1.604625,-0.08987845091740342,-0.16631206636044477
1.60475,0.04330355509517442,0.2090539718838985
1.604875,-0.03913746175645533,0.6072728616266978
1.605,0.19643726579307585,0.08280783919873806
1.605125,0.32657076255801865,-0.18497478240330265
1.60525,0.016665939895070512,-0.14820606086439134
1.605375,-0.14448940412425565,0.02190801529055914
1.6055,-0.03290294332958617,0.12244627239768785
1.605625,0.1656331580416794,0.03324475236445624
1.60575,0.08879737979284438,0.19403178219241604
1.605875,0.06567920809947636,-0.18801955730273795
1.606,-0.1391569011658727,-0.5161174687843534
1.606125,-0.012061325906836068,-0.06098676616210035
1.60625,-0.08868338933818387,0.1490873472021872
1.606375,0.06529725304910253,0.04422623707767973
1.6065,0.1393321041852155,-0.3635138741355337
1.606625,-0.24140009902839904,-0.1423275559810012
1.60675,-0.7020265658026289,0.04141151187965712
1.606875,-0.48318216293614513,-0.04975828125292705
1.607,0.13829776654829465,0.06687754117972154
1.607125,0.35659220317563395,0.12735347121948357
1.60725,-0.05267781546944969,-0.21553575632174712
1.607375,-0.27847890326156716,-0.09157957511180606
1.6075,-0.30657367308698835,-0.2799779393279791
1.607625,-0.15227024734117603,0.2839653686441512
1.60775,-0.018543252063164543,0.15934758554906553
1.607875,0.06304953790354813,-0.22210800578922207
1.608,-0.048825636908318426,-0.25087493697438745
1.608125,-0.15919052037295894,-0.11662624270209736
1.60825,-0.10753557020448364,0.056509527015140656
1.608375,0.0028231123141034178,0.24408273016857
1.6085,0.2414245918984008,0.07303674764807115
1.608625,-0.170339521702051,-0.32866814915286996
1.60875,-0.5300912914357128,-0.6923531642117473
1.608875,0.18420509985349653,-0.24740059506732837
1.609,0.4186160489998645,0.20370428007220143
1.609125,0.1308164311444288,0.5004670978404137
1.60925,0.34454450226670946,-0.26116848013448296
1.609375,0.18873133123323882,-0.5343894780146395
1.6095,-0.11672270300966028,-0.11550747640358558
1.609625,-0.24662460210838064,0.06914581852599141
1.60975,0.5860009784969878,0.030368112802923068
1.609875,0.8150242396982661,0.03133044144896559
1.61,0.4399532772831007,-0.15962504026829502
1.610125,-0.29281432779807703,-0.14684482734784648
1.61025,-0.0665517508310923,-0.06265424111134632
1.610375,0.3346620988024606,0.16724427375690498
1.6105,-0.03890996605786079,0.20279551574885762
1.610625,0.3190485132164414,0.07979952658858608
1.61075,0.13856436639272515,-0.3229369316864461
1.610875,-0.3052165257393164,-0.027325444218790507
1.611,-0.1335681443208126,0.1005178014582617
1.611125,0.15280424114729102,0.5763031619926965
1.61125,0.5116199709362098,0.31099322009200814
1.611375,-0.2544981490485739,0.026263961419434132
1.6115,-0.4398320729974708,-0.23136555259390598
1.611625,-0.17760090685152424,-0.16298792426099076
1.61175,0.28805010479293264,0.45227592158261454
1.611875,0.2826840127460674,0.5141980390316282
1.612,-0.10829171062772767,0.21757613195475597
1.612125,0.16270120984324585,-0.06614207954920519
1.61225,0.1014786388096628,-0.07136418647695655
1.612375,0.12022127293781726,0.19918916861486494
1.6125,0.4452047896469721,0.2817682294593907
1.612625,0.6422600437101313,0.00413186157393351
1.61275,-0.0019242797327157773,0.09223825065114775
1.612875,-0.18882284249047843,-0.22326355357620253
1.613,-0.10047325547258756,-0.33043705626140374
1.613125,0.14627071258904603,0.3670179663976841
1.61325,0.026469626969662752,0.26963233863888475
1.613375,-0.4262698196215475,-0.17108069659371392
1.6135,-0.23367261714769005,-0.4545185638655272
1.613625,-0.47842827746907424,-0.14374876210645388
1.61375,-0.18672807086945728,0.2717904126686831
1.613875,0.33621087388166565,0.030219492968427804
1.614,0.294122567002507,-0.07413428466276928
1.614125,-0.1118975329794733,-0.06844084489091243
1.61425,-0.3126881952581834,-0.3139090165532178
1.614375,0.056646336139426975,-0.04436013354988946
1.6145,0.07152048192699154,0.2882703786822913
1.614625,0.27521114622825105,0.3219986344413309
1.61475,-0.0031169661001280266,-0.07918944895038348
1.614875,-0.22500341431525828,-0.2828521219177888
1.615,-0.13707396997593507,-0.14599230142856395
1.615125,-0.1174506470627163,0.30077516300823876
1.61525,0.06950184716747201,-0.006925968420868406
1.615375,0.235880893344611,-0.16197789888867734
1.6155,0.1251993361345528,-0.16937139019946004
1.615625,-0.6444518784839658,-0.03972801694999353
1.61575,-0.32093788872683554,-0.32691206749357693
1.615875,0.22281237418423797,0.08761924224941696
1.616,0.40529120842616106,0.2853863121325038
1.616125,0.13625729786208662,-0.2505192342362039
1.61625,0.10796786363864466,0.007427525299396527
1.616375,-0.21483968028121983,-0.2380333707936616
1.6165,-0.19327054687974507,0.16914921840519187
1.616625,-0.18209422046152324,0.06403431036707337
1.61675,0.27517000676761144,-0.22485052563997032
1.616875,0.42453803986312755,0.11986521542905432
1.617,-0.4036140154645478,-0.27933974654708704
1.617125,-0.36447783546081397,-0.31070969047644115
1.61725,0.22754387424348763,0.11294346722838039
1.617375,0.6296637756852259,0.07938393260831232
1.6175,0.02832124400799955,0.08576381628544949
1.617625,0.2615110180696767,-0.38720110258782
1.61775,-0.00883041550034691,-0.09442391062152827
1.617875,-0.059409462422509884,-0.1074355566581251
1.618,0.2160026905313005,0.1287482421298398
1.618125,0.36261443829032675,0.18623875350742913
1.61825,0.2563842768630846,-0.01965853392620835
1.618375,-0.09744951118408679,0.06453131863756682
1.6185,-0.4633199369334332,-0.25808306147021215
1.618625,0.2354610187327693,-0.1380286804165057
1.61875,0.4884716389156153,0.6376785874832811
1.618875,0.13087581187727385,0.26890561439740174
1.619,-0.05074906760080781,-0.6643242153903914
1.619125,-0.468411149414485,-0.14823576513205539
1.61925,-0.3225971484058675,0.13357140594571246
1.619375,0.1369457425670978,0.2704832532629747
1.6195,0.4938242915554981,0.14045256877596018
1.619625,0.3526608955375248,0.18141285537416427
1.61975,-0.1368670133408818,0.13916435313155107
1.619875,-0.037027072437170114,-0.008529100948379368
1.62,0.0674776010780422,0.3310004268500906
1.620125,0.40935640587829836,0.3176536143428408
1.62025,0.20330036028829873,0.25380222653999107
1.620375,-0.2954028365297866,-0.22821774839066672
1.6205,-0.29064561843410214,-0.2992699039500384
1.620625,-0.0255525037288881,0.044055269571854246
1.62075,-0.06424830193979869,0.2768177737364167
1.620875,0.34458796357222976,0.20115500935458794
1.621,0.49195651134243673,0.05056844321262107
1.621125,-0.5443638927338554,-0.32276510890024646
1.62125,-0.8089858958871091,-0.14890467730611437
1.621375,-0.07458203176583111,0.06300486508048529
1.6215,0.30024470302707795,0.234841525357073
1.621625,0.15024753931392834,0.23476735884916772
1.62175,-0.2715362567942978,-0.03895781736028825
1.621875,-0.33107536435970814,-0.2538064353832505
1.622,0.007098909271584869,0.35343898902673443
1.622125,-0.08452436584471848,0.1590206895115529
1.62225,-0.009567696431906197,0.06480981278604578
1.622375,0.018708010192570682,-0.4043017485993802
1.6225,-0.06714921398004292,-0.24923310138728236
1.622625,-0.3061460110663046,-0.08145716263605178
1.62275,-0.10255466622524383,0.31004062030420027
1.622875,0.33518736861644066,0.31637879679001785
1.623,0.2061789072180239,0.4912790672271067
1.623125,-0.12043867775504835,-0.38394818266201164
1.62325,-0.26444493297743427,-0.5065671762530537
1.623375,-0.055386044769813056,0.020943753524156453
1.6235,0.10603385002435219,0.4546209164679565
1.623625,0.41535967706388405,0.10744653222701377
1.62375,0.02389447377225044,-0.2544327760872022
1.623875,-0.18468664915898916,-0.06611786259773836
1.624,-0.708083157844468,-0.10937196073376622
1.624125,-0.2554594455160108,-0.12361040518922485
1.62425,0.2526660768227786,0.24328786582676587
1.624375,0.07047001098981606,0.03319501875084606
1.6245,-0.48883556546224743,-0.20121636933666598
1.624625,-0.5986001902861021,-0.12496276511442887
1.62475,-0.09312915100192647,-0.10696623406479042
1.624875,0.15376972453934215,0.2970151704500339
1.625,-0.03235509043940399,0.31830093676379007
1.625125,0.17398019738163029,-0.19784821349448997
1.62525,-0.10851574355045601,-0.32060444520716147
1.625375,-0.3096297724227057,-0.12729559485682557
1.6255,-0.0458898044836901,0.09865827572959646
1.625625,0.6072140054991512,0.14760876740743792
1.62575,0.3783847300072845,0.21331656264395094
1.625875,-0.15366536287934804,-0.2406461668298056
1.626,-0.09999242036587831,-0.7121246403515642
1.626125,0.28646247651417767,-0.054785636686140955
1.62625,0.26882115781093807,0.16309226984789893
1.626375,0.12593655046190388,0.17141892558850794
1.6265,0.47863100867034747,-0.3787720789656585
1.626625,-0.02171439340622718,-0.23188505848544788
1.62675,-0.10839960213044375,-0.3043602343146268
1.626875,0.12617263714498353,-0.015244011809708309
1.627,0.4058352169025816,0.3500161313149515
1.627125,0.5015985862711929,0.3010187114685509
1.62725,-0.3516096752719988,-0.09472415014089834
1.627375,-0.42860076696820676,-0.4931458902463774
1.6275,-0.004551880669667104,-0.07084910997910793
1.627625,-0.08416550984815435,0.4663727070779257
1.62775,0.21775711093942524,0.1325587256722399
1.627875,0.31639081265510294,-0.42653387003499704
1.628,-0.2220657350216343,0.08222288611526354
1.628125,-0.49319440613608884,0.24895195844727996
1.62825,-0.20894572973984865,0.4117438858424732
1.628375,0.3533840715872576,0.22407740106816865
1.6285,0.5102745405715332,0.03385730480724712
1.628625,-0.10489520388577073,-0.04051136005529372
1.62875,-0.3135160794871843,-0.24965430716115508
1.628875,-0.3041688684803044,-0.06960885244971382
1.629,0.010922023606187586,0.32659086819506766
1.629125,0.01393828430780699,0.3692182547431665
1.62925,0.22228206885504262,-0.14031895409022285
1.629375,-0.07815776034828001,-0.15040187279527223
1.6295,-0.5230898860066264,-0.15992631556749623
1.629625,-0.1607652387491228,-0.11582991816567788
1.62975,0.17422637779999467,0.013643036377867249
1.629875,0.24498860940363323,0.05319669346936706
1.63,-0.0928406762749334,-0.23912466830559642
1.630125,-0.36759827258502437,-0.6775334069732293
1.63025,0.05194676554007983,-0.19302308154150088
1.630375,0.2306678719651315,0.3138728542681614
1.6305,0.08328104983807431,0.6341910154617192
1.630625,0.1882904762084357,-0.15166777660282998
1.63075,-0.22179152943037736,-0.26518418776311126
1.630875,-0.3174416062941599,-0.04342398140339103
1.631,-0.49991667273805235,0.10041869714815439
1.631125,0.1878694307488919,-0.10646185427268841
1.63125,0.4457852993320617,0.07739430694831068
1.631375,-0.12894572286268657,0.12684567420166895
1.6315,-0.47456772352582055,-0.18339905002168314
1.631625,-0.3569963644931093,-0.13516448014308532
1.63175,-0.02462245024245115,0.24228510299981668
1.631875,-0.11563458527716455,0.4531933637649637
1.632,-0.14206104744807035,-0.164185547267932
1.632125,0.014194655846148735,-0.43172920814426524
1.63225,-0.2379203113454199,-0.29411672005553285
1.632375,-0.2029341761004414,-0.20388888355700044
1.6325,0.21950218860044554,0.2591146456864757
1.632625,0.2309749575918228,0.21642863323572636
1.63275,-0.14764681442172833,0.07213787849115956
1.632875,-0.47981485662802664,-0.17757822851535707
1.633,-0.09442103136222159,-0.3509319752489545
1.633125,0.055362314138448374,0.15058046455005558
1.63325,0.17003661534219514,0.17357089280549234
1.633375,0.07007953588834002,-0.24132820228398438
1.6335,0.039015826406316755,-0.6197317928682116
1.633625,-0.0777658643638443,-0.1457077499785905
1.63375,0.10439380019147713,-0.22065847903525973
1.633875,0.5494257905478271,-0.09704886223536509
1.634,0.8475807076025592,-0.205849057421419
1.634125,0.12297009963570762,-0.14902469858266498
1.63425,-0.38799122771462374,-0.07287505357971762
1.634375,0.15069673706681821,-0.36899436089798326
1.6345,0.3221006791639518,-0.18211063654038256
1.634625,0.37517052935307277,0.22720950778766388
1.63475,0.059104885066664635,-0.04483499403396014
1.634875,-0.35210650047347103,-0.44412998760710787
1.635,-0.09494183127368672,-0.36132699420073466
1.635125,0.03316118860179365,0.16841257257414438
1.63525,0.35854270028668483,0.2740592866742558
1.635375,0.6671049582360989,-0.030847925609416616
1.6355,0.08244543901883329,-0.11237341519133189
1.635625,-0.3964853051879201,-0.20332920951478686
1.63575,-0.23209657048480417,-0.09185653949744471
1.635875,0.37548252823029077,0.3571562871222011
1.636,0.26744414565511954,0.7414811702483561
1.636125,-0.10951440846360597,0.15684373430963713
1.63625,-0.16494437858364228,-0.3458066473773339
1.636375,0.018694731811293917,-0.03768155073802283
1.6365,-0.26583482787866297,0.41568291861965273
1.636625,0.126497955979434,0.3598617784343623
1.63675,0.6030751052273381,0.28627589245737045
1.636875,0.45262327892219933,-0.12129701863823429
1.637,-0.1120303264175473,-0.23449001295679192
1.637125,-0.5869950890991772,-0.06622033437979624
1.63725,0.1741945758075335,0.3756791480730995
1.637375,0.34604388546909043,0.45845183417862795
1.6375,-0.04337184918556353,-0.09564333946015599
1.637625,-0.043988743518022975,-0.3338599100582385
1.63775,-0.17091054542259365,-0.2865120053820707
1.637875,-0.27795041007494703,0.17819842885024312
1.638,-0.08486297385644019,0.21539286567947014
1.638125,0.3549087059828786,-0.03238769136761048
1.63825,0.2269655114355147,0.1885300492661766
1.638375,-0.7247904982419382,0.0653929346936038
1.6385,-0.5127317834127959,-0.1074498547440818
1.638625,-0.0408950926303127,0.1573750232033226
1.63875,0.6772492993589952,0.5625517083323656
1.638875,0.06461443981795839,0.19356748753139172
1.639,-0.29374905302821686,-0.1392093240009439
1.639125,-0.4025005136600544,-0.45351445721614836
1.63925,-0.3037433652965177,0.007559739125765199
1.639375,-0.19777745736131996,0.21295493090923978
1.6395,0.44499536408834184,-0.07235692693858176
1.639625,0.459832975091889,0.039746627833276336
1.63975,-0.13813053188831478,-0.1141148956456153
1.639875,-0.45158982781628487,-0.23341081638574723
1.64,-0.1867637261655686,-0.05060424128458489
1.640125,0.2830576697999705,0.3134840581420479
1.64025,-0.0970404432113722,0.04438964758648543
1.640375,-0.28627564064350364,-0.4769162683078418
1.6405,-0.0993768690152706,-0.4481588912640614
1.640625,-0.3916145747477526,0.15830821802386685
1.64075,-0.05294169264937338,0.5003071583603094
1.640875,0.10227742930684817,0.0750099882242131
1.641,0.2284404259550798,-0.06030405110292985
1.641125,-0.2798905098667191,-0.3166710226755325
1.64125,-0.4771702096776251,-0.19590818677127744
1.641375,0.06510271445925486,0.15500944926656302
1.6415,0.34407956297821113,0.18722552462148792
1.641625,0.25697027643896275,0.4300046768453915
1.64175,-0.38135031527835006,-0.4535806369077063
1.641875,-0.1780027284326933,-0.6296283823816332
1.642,0.11936922959002151,-0.00466065909629412
1.642125,-0.059230057169247126,0.29779058133518127
1.64225,0.3934282321409638,0.1434926523481495
1.642375,0.5652398103028388,-0.31752292515940667
1.6425,-0.19253421391345463,-0.6530429052893604
1.642625,-0.6047994406102919,-0.22532096856454756
1.64275,0.13095850282627933,-0.07335166024778318
1.642875,0.5590034047290955,0.21583886309382427
1.643,0.4208538179278686,0.3179131675254517
1.643125,-0.005698554739338699,-0.12141824690004388
1.64325,-0.30160003632144206,-0.40434645456845886
1.643375,-0.28689730301892075,0.06607152108864082
1.6435,-0.01819458966634898,0.523473901468214
1.643625,0.30674976319256797,0.17165048993868168
1.64375,0.3411682366345682,-0.2725243781687679
1.643875,0.17857486921634935,-0.12160468985165349
1.644,-0.394412219109604,-0.06751966259404572
1.644125,-0.22683924878026782,0.29084696948156485
1.64425,0.7225181243605077,0.4131500441872699
1.644375,0.2556291181793483,0.2976572514044814
1.6445,-0.21557277908719258,-0.3600058960488278
1.644625,-0.15212181997764476,-0.43731492156280827
1.64475,-0.23602500246961397,0.08351578568202668
1.644875,0.04745757265025483,0.387716731941356
1.645,0.19722717437327436,0.4175917106677261
1.645125,0.16141314629953932,-0.22566586785337203
1.64525,-0.14322039879810136,-0.17457599703319532
1.645375,-0.1607667362087778,-0.1547868432674587
1.6455,-0.018580667059700857,0.22754565241542177
1.645625,0.6385454157976928,0.3512724043477802
1.64575,0.38510899877833105,0.33326712560880245
1.645875,-0.09397668706791498,-0.18741800692764715
1.646,-0.5937497708600028,-0.608357653139592
1.646125,0.08376126342162991,0.15343834153214042
1.64625,-0.007661673700816131,0.3802356517177627
1.646375,0.12187225850832413,0.2945105544979534
1.6465,0.1355358257010751,0.05427653909167189
1.646625,-0.3697510721108876,-0.22941003881127287
1.64675,-0.5362845094559201,-0.17079584536481138
1.646875,-0.4491080274846135,-0.06873453118314006
1.647,0.43980500657180693,0.12691394647736362
1.647125,0.6434462237910662,0.37672964895523003
1.64725,-0.5520775923366602,0.08142192548129121
1.647375,-0.5844636539472805,-0.25956759511302985
1.6475,-0.1981639833553221,0.055466554434116085
1.647625,0.060787769250695664,0.3004887684757884
1.64775,0.5089508483355382,0.40681293714923206
1.647875,0.19578319979974085,-0.3511982101525945
1.648,-0.1513472059694316,-0.2749060252787071
1.648125,-0.3321172159704406,-0.0363759718994125
1.64825,-0.19310564907587158,0.0889687265961119
1.648375,0.3041860370680009,0.15293562171745712
1.6485,0.4850985511770444,0.10747595512335678
1.648625,-0.4520003635692893,-0.3148789363908028
1.64875,-0.6746146133175711,-0.5288254941880777
1.648875,-0.2118670601643184,-0.21274285121369632
1.649,-0.020435500064555974,0.5107506302316382
1.649125,0.02339088508303583,0.27258769270348393
1.64925,-0.12725924163948565,-0.11157839307909931
1.649375,-0.34932655171702137,-0.3596914873671353
1.6495,-0.5813982422100394,-0.22920585619262962
1.649625,-0.11299035543597614,0.29014118746328954
1.64975,0.27246960377548957,0.18161878005693796
1.649875,0.028582119172439677,0.047466605236968114
1.65,-0.034098401608566246,0.0030302965674276153
1.650125,-0.42345683769788606,-0.060440096419745966
1.65025,-0.5233191523670548,0.013939369205137159
1.650375,0.4199155645091927,0.18200116339886147
1.6505,0.2593103382851072,0.27128620377332247
1.650625,0.2882117998158004,-0.24092762945945262
1.65075,0.3058376047548168,-0.4075508433872254
1.650875,-0.1090852925258151,-0.07214251448019499
1.651,0.3041980112915992,-0.07480368891782216
1.651125,0.744546259618113,0.02000851666713485
1.65125,0.36382856030076105,-0.2490855099957311
1.651375,-0.10588506285294277,-0.15582407913091578
1.6515,-0.4252981260072786,-0.6836360330716873
1.651625,-0.19171991866380703,-0.4452850576433576
1.65175,0.4944276932024535,0.24641976149055658
1.651875,0.647563002443364,0.42872349759087186
1.652,0.2976285987388443,-0.3443897195313594
1.652125,-0.05664667037193882,-0.43068857900798874
1.65225,-0.06429999938432092,-0.1283087717870726
1.652375,-0.17585867651893194,0.2928719896384539
1.6525,0.16103221611008037,0.2803752977189498
1.652625,0.7411780140213128,0.2667246951441169
1.65275,-0.04858758482056688,-0.01286889956452607
1.652875,-0.6294707086909492,-0.19215659093470175
1.653,-0.5471500107163981,-0.16510665669255914
1.653125,0.2584789695682474,0.3527641338487601
1.65325,0.24720177641177196,0.510442679582516
1.653375,-0.17666339201576534,0.040698835044208945
1.6535,0.11157932739401388,-0.34926465110098054
1.653625,-0.022596455905865887,-0.13889564626606493
1.65375,-0.12339189196376205,0.4854207255572898
1.653875,0.2647746024283136,0.33163822083575895
1.654,0.6575363668337154,0.3671684933084017
1.654125,0.05144231250602388,0.07576812767325722
1.65425,-0.23537524149469247,0.01734243522680774
1.654375,-0.14121361671406485,-0.057054927581555205
1.6545,0.20929884242489466,0.4522897432424317
1.654625,0.303281249896085,0.24238173158416285
1.65475,0.03399061398406609,0.18288602136069046
1.654875,-0.22825822437384452,-0.6018264656974448
1.655,-0.5760984040008472,-0.3405175166878945
1.655125,-0.3010009368671741,0.1405353502834474
1.65525,0.10892419121019493,0.3102948648207562
1.655375,0.6713045063395582,0.13388251859787692
1.6555,0.068401820156928,0.15321352908488228
1.655625,-0.3582087813079277,-0.07910479276011927
1.65575,-0.2925477408041418,-0.5099970137814276
1.655875,-0.13179676978153373,0.2448800867799243
1.656,0.1751575960221073,0.4880150029745402
1.656125,-0.17616491547585866,0.09175387350785957
1.65625,-0.04679880828330869,-0.5391891354176913
1.656375,-0.36032815233914783,-0.24513268491699733
1.6565,-0.5774790941515975,0.19446362695274189
1.656625,-0.09682142325585129,0.17445084360342572
1.65675,0.4759768892645051,0.12267761961002889
1.656875,0.12638940325419676,-0.005206339391057671
1.657,-0.6170371975160994,-0.1228497213961887
1.657125,-0.4566721185225764,-0.2575596630873251
1.65725,0.103312266696827,0.21377664552740344
1.657375,0.027224315245190252,0.4797375142883066
1.6575,0.01516143866965621,0.14552097622625956
1.657625,0.0948015206082142,-0.5095894571431531
1.65775,-0.3716419503822128,-0.2167781315802319
1.657875,-0.30707544921262037,0.08543923871017162
1.658,0.107583435395277,0.03797894605548288
1.658125,0.5980357629951781,-0.14539414717436067
1.65825,0.31301571019380936,-0.2044142187723257
1.658375,-0.28614233978725495,-0.0057009076568509615
1.6585,-0.28506527820915056,-0.37615749297096573
1.658625,0.39955655559634523,-0.14233631569575142
1.65875,0.6504928875365855,0.2920174374318402
1.658875,0.023791755518230175,-0.016399522243679767
1.659,-0.16052711686988555,-0.5386413734067058
1.659125,0.023854131676715972,-0.5178190879465034
1.65925,0.4054847501955608,-0.08633207903612054
1.659375,0.11565049454020573,0.3016237415988881
1.6595,0.6070846726031974,0.12049940438419054
1.659625,0.31116537667773836,-0.1861447281429829
1.65975,-0.17739235912151283,-0.04506667358296345
1.659875,-0.18261742212343363,-0.08603451160340969
1.66,0.25176061990835197,-0.04719571003820149
1.660125,0.5153414348778511,0.5162653262663454
1.66025,-0.09728088436205438,0.24526251896362586
1.660375,-0.23830944564313666,-0.700489291110405
1.6605,-0.1389204093574733,-0.43691309165295944
1.660625,-0.05885219917996728,0.08516882815039573
1.66075,-0.09359889697252649,0.4813831502226981
1.660875,0.33632526992288925,0.11906910933321026
1.661,0.34022980303751926,0.09443921771204346
1.661125,-0.1520478043215508,-0.1274082580901859
1.66125,-0.32866472939164293,0.10233118111078329
1.661375,0.09530976351734484,0.23145640783411214
1.6615,0.5911030306159625,0.30901204225173196
1.661625,0.2570095188165314,0.46255626129805305
1.66175,-0.4985920811735028,-0.11387028355301564
1.661875,0.16152270481866962,-0.3545775612629863
1.662,-0.021482900449980448,0.5517468087457865
1.662125,-0.058458275037977285,0.4076894542350451
1.66225,0.3383644156514355,-0.16294755552913562
1.662375,0.20327690026187845,-0.2971413489376701
1.6625,-0.2601369486586049,-0.22984537985562165
1.662625,-0.623412284968198,-0.001994319397210881
1.66275,0.24897871780533315,0.09499506155321748
1.662875,0.5687053908214524,0.30588361813066633
1.663,-0.10240999192190832,0.004883766456571679
1.663125,-0.2926232878160221,-0.47753131843144814
1.66325,-0.2150292062177622,-0.3050069227085647
1.663375,0.045676433267265705,0.19949313373924582
1.6635,0.07862164829607227,0.4912045243638744
1.663625,0.14742311912451844,0.22953536429408133
1.66375,-0.0021459413329007306,0.06257757279904567
1.663875,-0.1720141479367111,-0.30509724639713276
1.664,-0.34738582399436946,0.1272337323796485
1.664125,-0.052643110350627846,0.10922975398527854
1.66425,0.4342266908102064,0.34890257672609654
1.664375,0.1522650074173201,0.2193696122714331
1.6645,-0.5896642964600757,-0.5216028687202859
1.664625,-0.22633347229948964,-0.4626119791732161
1.66475,-0.17684529640400068,0.029205538098377844
1.664875,-0.1663886030828131,0.5116107440215863
1.665,0.16161031199647347,0.4051698157078354
1.665125,0.2782987700599585,-0.2629788872293292
1.66525,-0.21201350724172954,-0.4657243603970031
1.665375,-0.538237868196834,-0.07624877603970534
1.6655,0.09278595793345717,0.1326083489488028
1.665625,0.47671512271116684,0.297770512147644
1.66575,0.01839425346789431,0.25683747949852415
1.665875,-0.376550480432353,-0.36568361542964867
1.666,-0.7334786315882316,-0.44439455109576403
1.666125,-0.06440190825727907,0.027342359572484435
1.66625,-0.16551887189183917,0.49234561135982485
1.666375,0.24896627900587856,0.2876600312475855
1.6665,0.1712070221346789,-0.5229694347156257
1.666625,-0.12181225463746734,-0.33900174034226865
1.66675,-0.3740764339384767,0.2370314500025662
1.666875,0.027852050343382173,0.020427329142599808
1.667,0.5330929619706004,0.17064447140376027
1.667125,0.10455333731273178,0.24065774279796823
1.66725,-0.09069031269493434,-0.2669492508825412
1.667375,-0.28508211840580466,-0.3879813201532668
1.6675,0.3812146065081585,-0.17158404796089538
1.667625,0.21692066742334828,0.2556456865016329
1.66775,0.7195417522876054,0.3113466612649831
1.667875,0.14095523472340923,-0.46572759292014754
1.668,0.1576599451273615,-0.6418052514268254
1.668125,-0.21690456382872617,-0.056378059095702454
1.66825,-0.2560982470055118,0.19788261016280315
1.668375,0.4110691438033524,0.2811216107547944
1.6685,0.6569418127965857,-0.09004957906174732
1.668625,-0.03071475456859338,-0.01862811584300622
1.66875,-0.45937801239676945,-0.35609275913136174
1.668875,-0.1229212789320213,-0.10538459342018883
1.669,0.15095739360278818,0.3676542800158393
1.669125,0.45233574319959796,0.13960043012908932
1.66925,0.1169190104016138,-0.20797895179572143
1.669375,-0.13320472001919537,-0.42175847205886485
1.6695,-0.4878790058141228,0.05959438719867893
1.669625,-0.11359757062119576,0.5556681133829551
1.66975,0.34911474707457674,0.22202794081471222
1.669875,0.5037767932504674,0.2872783627571519
1.67,0.06004859826434005,0.03085168003495267
1.670125,-0.3261463618120279,-0.2536533881099105
1.67025,0.06815876392372058,-0.13429492266414786
1.670375,0.5941334595077932,0.16295502602761197
1.6705,-0.03548327936816557,0.42534393873715276
1.670625,0.02332381718774265,-0.010792638684789527
1.67075,-0.3849149988318472,-0.2994964251254832
1.670875,-0.39985412352113053,-0.3297120511470486
1.671,-0.06874461961708149,0.2788543122900513
1.671125,0.35463611643356224,0.3954492268523498
1.67125,0.36774324339074854,0.3950787093039123
1.671375,-0.35795724706476284,-0.11087898633198763
1.6715,-0.5112762222438152,-0.0982334960876438
1.671625,-0.32439166078353626,-0.20754155511244912
1.67175,-0.1871137999585543,0.5786036500602637
1.671875,-0.11027880667592393,0.6965149311224245
1.672,-0.11239636771055171,-0.0874338230690154
1.672125,0.19077196298275764,-0.3702358181768101
1.67225,-0.18039941759983608,0.31613379380368983
1.672375,-0.27274367366260505,0.2610819098968619
1.6725,0.3296239211521527,0.2364151226690517
1.672625,0.4357080378914061,-0.12591888730160308
1.67275,-0.15546863605581104,-0.1867825291621342
1.672875,-0.609448700180491,-0.4952951754545619
1.673,-0.5498545249779745,-0.33390860104078246
1.673125,0.05687205506342368,0.0670828279364588
1.67325,0.20821585179175028,-0.03503570671905465
1.673375,0.1891994754162074,-0.16011962082863873
1.6735,-0.06877909075918422,-0.6359698862365838
1.673625,-0.27358939726623116,-0.34554388670880326
1.67375,-0.3501340162858555,-0.02926445133339207
1.673875,-0.02871673528442671,-0.013150888432110003
1.674,0.29022643960857,-0.0030800245281567672
1.674125,0.19837459010784952,-0.07549522738138487
1.67425,-0.5430873576978927,-0.11699776127464272
1.674375,-0.2648715549693831,-0.20717867900820028
1.6745,0.43498211281598215,0.2941435580674738
1.674625,0.16443449541074556,0.5255386078597527
1.67475,0.013329257057244474,0.019197848137387574
1.674875,0.13741266360736182,-0.7595720199287676
1.675,-0.2621335994453417,-0.4002610337626176
1.675125,-0.5183288794424967,0.002361471362400213
1.67525,-0.25960512805329217,0.38724977456612314
1.675375,0.46619205010334946,0.18188702276999344
1.6755,0.25724130808847595,-0.023111227943606018
1.675625,-0.3331109135061174,-0.3266756894497746
1.67575,0.08658324557843795,-0.5726617588113723
1.675875,0.5381893019276817,-0.09311839511385873
1.676,0.320982470462477,0.47914980576247024
1.676125,0.00335171255433871,0.06125368195744492
1.67625,0.10923803376587568,-0.7076423791832926
1.676375,-0.013793955665406418,-0.33710198359144866
1.6765,-0.16836353353830646,-0.06510245665806337
1.676625,0.29414557898214827,0.1181667863796304
1.67675,0.3803434961186455,0.06800060069821622
1.676875,0.25866025824401995,-0.0704296148514419
1.677,-0.26127408417111103,-0.16477245063170673
1.677125,-0.3531603376969195,-0.23073183130007285
1.67725,0.21665199063416657,-0.10105613915447255
1.677375,0.5962420905279886,0.579672690050033
1.6775,0.009630274743533816,0.46516394590426163
1.677625,-0.26518571855697426,-0.061903658643753426
1.67775,-0.10684292635279709,-0.02053793077733538
1.677875,-0.25930226266527473,0.2873508262574323
1.678,0.3451640566981606,0.4814942403983858
1.678125,0.3511749193869452,0.20465574064099373
1.67825,0.1405379463875132,0.4109571807615633
1.678375,-0.22021524216938412,-0.16510168176274168
1.6785,-0.19686804031636115,-0.05735682685753739
1.678625,0.17313636239055455,-0.05478886869693797
1.67875,0.09475642570184249,0.38934933004594385
1.678875,-0.1786418905547203,0.19643413277669228
1.679,0.22176417701778414,-0.29630536242000377
1.679125,0.11366156272916288,-0.26258036674056845
1.67925,0.01866958119691745,0.08233321556262521
1.679375,0.15005487237321022,0.3303501117839825
1.6795,0.4317553279651195,0.2066332237269287
1.679625,0.006333403449464928,-0.2975962232323081
1.67975,-0.37621822432786567,-0.1302776620232287
1.679875,-0.3749560630372356,-0.21852740403773122
1.68,0.28815803284382324,0.1775237514136712
1.680125,0.5311623012682508,0.2823138359131882
1.68025,0.3811749409021619,-0.05650048405906303
1.680375,-0.3326253302273201,-0.5005290994669986
1.6805,-0.1453909729501088,-0.3507351459354899
1.680625,-0.29067642369899677,0.3349937591519239
1.68075,0.16559660040605362,0.36774279568501345
1.680875,-0.08055527421365169,0.007780009746637212
1.681,0.08000085243145538,-0.040485845368463814
1.681125,-0.2711291881198466,0.1507744075695945
1.68125,-0.42863359894804787,0.1307249896725772
1.681375,-0.15590895442406938,-0.040442416362088986
1.6815,0.5143259076031029,0.14743503631503935
1.681625,-0.10009179176731196,0.2439176789460018
1.68175,-0.3524901148019964,-0.23609798780322314
1.681875,-0.5923620163173492,-0.3414349221280142
1.682,-0.2094127991174384,0.12958090616502013
1.682125,-0.1921386883326683,0.5496503394654295
1.68225,0.11391426479431725,0.30578642811699086
1.682375,0.2119727289032437,-0.06839655839147667
1.6825,-0.29205309841452554,0.05065337619532004
1.682625,-0.5513837116259482,-0.19684151220067567
1.68275,0.04585318813429474,0.10331761199100788
1.682875,0.4652381433987006,0.16701621804515293
1.683,0.35436914845225403,0.17133538388318126
1.683125,-0.27329155235572705,-0.518458619920143
1.68325,-0.3829450235582472,-0.6617789698219286
1.683375,0.3194507717895243,-0.15045494333132184
1.6835,0.21452612601000748,0.3449587863594602
1.683625,0.4085769297503928,-0.10667724053220885
1.68375,0.5634353122814184,-0.37234089493815803
1.683875,0.04308567245625346,-0.8378036358707179
1.684,-0.3293407316065129,-0.23078568616075576
1.684125,0.32567614343092416,-0.08325500087340049
1.68425,0.3818710166349526,0.3799352585032985
1.684375,0.23692070732519094,0.45914761495132916
1.6845,-0.09942038547510933,-0.11750818099280852
1.684625,-0.2561058815376194,-0.4717742859906506
1.68475,-0.010910318466510445,-0.11743047240958066
1.684875,-0.09284600975447233,0.2440360193536556
1.685,0.12651722309473784,0.06885237804495345
1.685125,0.26817277497049924,-0.3586748898951113
1.68525,0.07180805765326438,-0.18296080784088367
1.685375,-0.32982248355055077,-0.018620635643356725
1.6855,-0.05338999296147781,0.15516396688920428
1.685625,0.44533814407222716,0.5039896610289871
1.68575,0.43931527081174443,0.30518144260306507
1.685875,0.09786575242739202,-0.034942060609140894
1.686,-0.10404919524766669,-0.3470855965684975
1.686125,0.22267813185194055,0.33429644195131064
1.68625,0.1253932879636092,0.8241727292206711
1.686375,-0.004880634857936871,0.3136964872450561
1.6865,0.2222922405199712,-0.11825618652022249
1.686625,0.030586060077305497,-0.207518262684922
1.68675,-0.2473532496594137,0.08182193011283061
1.686875,-0.033129870577849344,0.02918029431661149
1.687,0.17224028331482244,0.1748351412152941
1.687125,0.5316976229067459,0.005880243399127245
1.68725,-0.07917544248128802,-0.20093277585977548
1.687375,-0.3138974768625936,-0.11176980865148804
1.6875,0.2206602545349575,-0.06369917856397087
1.687625,-0.004534158126148755,0.5814135367343974
1.68775,0.17100539632459075,0.09190301338435307
1.687875,0.1705670966748849,0.02004636115006319
1.688,-0.07234387451037345,-0.25810519328248116
1.688125,-0.23099618939821467,0.3230365846516488
1.68825,-0.10551143530510342,0.08346631855969147
1.688375,0.40793840414665666,0.2478011164913211
1.6885,0.6739768325573974,0.31997580968583067
1.688625,-0.020732300885239918,0.012605151695056662
1.68875,-0.32388227513459306,-0.2850012584802291
1.688875,-0.18000913521052767,0.20084308224101774
1.689,0.03159887393687347,0.17296353438658865
1.689125,-0.008146752699077572,0.3153123374585128
1.68925,0.12656271594595833,-0.0800856865212907
1.689375,-0.0303756250393515,-0.1785997810895052
1.6895,-0.4494261303646881,-0.05414737169433097
1.689625,-0.49735595672388094,0.11831538441822612
1.68975,0.16963499596349194,0.021862096449337717
1.689875,0.25256229419144954,0.024019558118598076
1.69,-0.19886774408968935,-0.0689719768876203
1.690125,-0.3363773312191217,-0.24886636598634015
1.69025,-0.2891937801635856,-0.07914158626243153
1.690375,0.1854471674877028,0.6210940173802924
1.6905,0.14360118200770824,0.4362937959896731
1.690625,0.08909156505001588,-0.08787544281601224
1.69075,0.049917267975190006,-0.4716406370193224
1.690875,-0.3970785926970547,-0.34807279814700226
1.691,-0.31118218561760586,0.04588088048463121
1.691125,0.37035246115373854,-0.07360010622189604
1.69125,0.37768247773393293,0.03647089480999449
1.691375,0.04319139719373581,-0.3338688917078689
1.6915,-0.41406490961511005,-0.3047938837941671
1.691625,-0.09922113394983753,-0.1989958194046895
1.69175,0.11578362979521427,0.12960554780864889
1.691875,0.0624956901892225,0.15626540897403776
1.692,-0.04924133268866144,-0.23318074618487591
1.692125,0.12240521245094586,-0.40497709793309616
1.69225,-0.2222963442495367,-0.3456078437339189
1.692375,-0.17548311292978255,-0.0977815408386418
1.6925,0.4512642700543103,0.12193211508483828
1.692625,0.5586592573154648,0.1587959245214201
1.69275,0.07141397490159433,-0.11630129889291149
1.692875,-0.23421336633396664,-0.2629731252593256
1.693,0.024593247515505897,-0.2824682427743667
1.693125,0.1257271862152537,0.1654075971458862
1.69325,0.23112494480108434,0.3446471256540497
1.693375,0.1268100619608151,0.005505262518141697
1.6935,0.09066375553237276,-0.5096439036197208
1.693625,-0.07291772220806589,-0.13364968136380384
1.69375,-0.271764457163992,-0.07480662906722099
1.693875,0.22682990859774285,0.20719316017485137
1.694,0.40521383063039096,-0.015614701265113447
1.694125,-0.0088288001441166,0.023619907808989565
1.69425,-0.27475615479751486,-0.03580910862942223
1.694375,-0.29740552079273225,-0.05223118057922595
1.6945,0.1204288745983998,0.42852481078438276
1.694625,0.5203811728513936,0.24698679764655418
1.69475,-0.11616988282057521,0.23569580836679982
1.694875,0.12943238793676556,-0.4075502888108934
1.695,0.17783041621034773,0.167355295072939
1.695125,-0.2892570910614654,0.23275053680904084
1.69525,0.12489082954425892,0.4835958547085693
1.695375,0.6270137044233831,0.17650823019908055
1.6955,0.2889722245881145,0.08205938752835698
1.695625,-0.21318695378945118,-0.1001777242505046
1.69575,-0.2247216676539298,-0.2230589050956603
1.695875,0.3552043488383914,0.11936969764967201
1.696,0.21649329729658504,0.47351518707843393
1.696125,0.17013377287941683,0.035448831469070394
1.69625,0.08741520674562486,-0.4679576007863671
1.696375,-0.17740329655661682,-0.38818530649752275
1.6965,-0.31458571940412056,0.03544247945481322
1.696625,0.11337777764217688,0.26952901104806953
1.69675,0.266366252114227,0.12508867668211618
1.696875,0.07854314028021622,0.13534277101715228
1.697,-0.34188923858389203,-0.0220995473273546
1.697125,-0.5743868452484467,-0.14832657994281223
1.69725,0.13824620782603722,-0.09469981551800949
1.697375,0.1597717627126049,0.4162710083099481
1.6975,0.14496916760688625,0.23242642179654754
1.697625,-0.5691490848338855,-0.2574580598253013
1.69775,-0.4719060539157863,-0.2813614794565885
1.697875,-0.24957581710941693,0.32180287440610594
1.698,0.1194520783248989,0.1674729706127689
1.698125,0.33223199337097326,0.269523156447221
1.69825,0.03206533528632572,0.22747343540871234
1.698375,-0.5891852522542081,-0.2432680148362194
1.6985,-0.5371440868640971,-0.31813345337433124
1.698625,-0.013461730068645754,-0.21120135409862487
1.69875,0.13662985647817666,0.2515606150164124
1.698875,-0.08713453316395404,0.17425648075759875
1.699,-0.18936558914490553,-0.3595939164589052
1.699125,-0.2572618697803557,-0.3195868181524507
1.69925,-0.15349955236231352,-0.19683702967563796
1.699375,-0.11713217437418563,0.3672601667089187
1.6995,0.21015768469364982,-0.020113217837812104
1.699625,0.18600946034022592,-0.36224981214980534
1.69975,-0.04367378130654597,-0.12576709695284397
1.699875,-0.6345853790022676,-0.060592260737982115
1.7,0.20545784241746512,0.26602024264513036
1.700125,0.23398945950023906,0.23487045251780833
1.70025,0.3741913677248137,0.07215306091638707
1.700375,0.15558979738582518,-0.3300550757188475
1.7005,-0.0314111046758728,-0.46470328117646365
1.700625,0.11071762986159811,0.1391564427638964
1.70075,0.3444769543039544,-0.01597273306699912
1.700875,0.5826582175869454,0.0983719749867643
1.701,0.5245807235181911,-0.14863788160778357
1.701125,-0.3206471863365062,-0.0875481038872225
1.70125,-0.5920606153108816,0.03945545715029906
1.701375,0.11859795585308494,-0.23038923718929952
1.7015,0.4206848924634752,0.054591383518311304
1.701625,0.29837422712669487,0.322629923107316
1.70175,0.12852607683511227,-0.07710344479131995
1.701875,-0.10628145514825241,-0.17716711262025767
1.702,-0.32705960189632544,0.22994115173903498
1.702125,-0.0756635055369648,0.1299272138410622
1.70225,0.37341326216208065,0.2802408555754845
1.702375,0.21403610957669764,-0.1537260962956859
1.7025,0.19294069624504182,-0.014572987060501183
1.702625,-0.5052036502939573,0.18766326932159458
1.70275,0.10013935800309645,0.12441823647752265
1.702875,0.2931126083586246,0.378055361362455
1.703,0.24522088226715782,0.42117024662727026
1.703125,-0.2048160983304163,-0.2987256146071415
1.70325,-0.07471406849385105,-0.4376703169327867
1.703375,0.07228973861716026,-0.06813371082045709
1.7035,0.038539007174098104,0.2416193821007086
1.703625,0.5035770338518807,0.1349382262455998
1.70375,0.41863088217969946,-0.10213668633393104
1.703875,0.14535830001380085,-0.04814581540870416
1.704,-0.4677230287481905,0.20342802196394782
1.704125,0.001126270295021019,-0.01564347578926333
1.70425,0.36401155933765467,0.17835529331938182
1.704375,0.1829519820023778,0.4000041240082147
1.7045,-0.4268067690137275,0.005233108304373303
1.704625,-0.1174785008822173,-0.39593134592814827
1.70475,0.04352362347163129,-0.029349973348699713
1.704875,-0.1361947708438495,0.4314273367766018
1.705,-0.008402846312498552,0.14536468294766808
1.705125,0.1330954060045565,-0.20397332685444364
1.70525,-0.5334391589440766,-0.231777483331218
1.705375,-0.1816319417361471,0.0006563055690054817
1.7055,-0.11569515723080655,0.047301231813097575
1.705625,0.44920668747986464,0.07778455504313993
1.70575,0.3525570196580582,0.4312872911734387
1.705875,-0.07029012477994025,0.0023597270324445955
1.706,-0.44693948713405507,-0.08597426933178119
1.706125,-0.4188973648120711,-0.02604925656425945
1.70625,-0.29347239975602785,0.22574527470122915
1.706375,-0.1625948107639713,0.28195282426512497
1.7065,-0.14020753004306089,0.02422243266941948
1.706625,-0.2711535627207752,-0.16045687235224076
1.70675,-0.3258643745190727,-0.015429293942350318
1.706875,-0.24957914165586062,-0.023320007147251277
1.707,0.31311812013471546,-0.018791950506870703
1.707125,-0.01735461613774849,0.03934315962479691
1.70725,-0.3643059266532829,-0.02335134658705611
1.707375,-0.49468826338300753,-0.2702689274212721
1.7075,-0.15610138727836617,0.048785465849570504
1.707625,-0.10648108795644748,0.22328692034706524
1.70775,-0.16426709201929332,0.14910927418256778
1.707875,0.21136595077805262,0.074414723126201
1.708,-0.05976061509883168,-0.3793044277092997
1.708125,-0.22003919445460443,-0.16804905714406848
1.70825,-0.19116748133658057,-0.14148623879971603
1.708375,0.19228793128910357,-0.056303913818707155
1.7085,0.08163479057629569,0.04245956408094955
1.708625,-0.12537907237548895,-0.27425193988450414
1.70875,-0.37096571734652073,-0.3088297848821406
1.708875,-0.05601038499335921,0.0958832346908082
1.709,0.11255654208980208,0.49192283895479333
1.709125,0.33018504268770615,0.06900845632305805
1.70925,0.4103626913835177,-0.5775817262602932
1.709375,0.25244613358699286,-0.23018647206808535
1.7095,0.10690137141057134,0.0047217779429968715
1.709625,-0.045035089721568146,0.0031605848625430965
1.70975,0.5001738467134005,0.10190862196733479
1.709875,0.5396651176148236,0.0803288169923371
1.71,0.02304901558573825,0.12374448482503266
1.710125,-0.13010324881945964,-0.48106119207193637
1.71025,-0.3625966694267437,-0.16236193195105375
1.710375,0.07781980845899832,0.07958332141914652
1.7105,-0.11067800531016206,0.4168446607539936
1.710625,0.20475098559416913,0.13171726655920465
1.71075,0.20595883187188666,0.0025469676410541805
1.710875,0.09232528594893148,-0.073734913303729
1.711,-0.3750150448604081,0.11975370234602768
1.711125,0.6159360591339852,0.1288460893746607
1.71125,0.4384858775888119,0.3426007957916453
1.711375,0.008523173090250023,-0.15865185726124678
1.7115,-0.24113636783307077,-0.1790250429059749
1.711625,0.08868292905980385,-0.08952459030550028
1.71175,0.1889428783560743,0.334893886967069
1.711875,0.22163889666349604,0.7408628052744584
1.712,-0.09456431788225206,0.05718974011286346
1.712125,0.03778537830311051,-0.13831577731427297
1.71225,-0.22456351126105772,-0.17403815052784602
1.712375,-0.08512760277315942,-0.1019386899119537
1.7125,0.152753780655172,-0.03421293937254103
1.712625,0.20431789817475743,0.15894357291304906
1.71275,-0.17499346209889907,0.11061914210154535
1.712875,-0.3038048894913455,-0.09357176684974017
1.713,-0.0036354930151546757,-0.2822679107612026
1.713125,0.19924354754175744,0.25341485461227575
1.71325,0.2993884212187122,0.26973894040096136
1.713375,-0.09576322498282286,0.04058791376638066
1.7135,-0.09619926016737597,-0.03213020561801533
1.713625,-0.1674890771186045,0.1117536657843254
1.71375,-0.2804021263620979,0.23819215470547528
1.713875,0.19293608221410852,0.2662460153564034
1.714,0.06392205422789655,0.04466591452120926
1.714125,-0.03456437270237445,0.18976177689121568
1.71425,-0.1765918929618002,-0.24010029944101574
1.714375,-0.21602014066106706,-0.40636938712770315
1.7145,0.217460068606995,0.08893471620559099
1.714625,-0.038534248973315276,0.32018563754485274
1.71475,-0.14260189586266603,-0.18073038963187577
1.714875,-0.03263868892575823,-0.49983944659880536
1.715,-0.11371040211047896,-0.2507497264380921
1.715125,-0.26169224462443236,0.25637356044470244
1.71525,0.1824383805434908,0.03640545388346258
1.715375,0.3014390977608329,0.1823452185393206
1.7155,0.045507331873027454,0.13060431672927023
1.715625,-0.28153377594605455,-0.19833609721646364
1.71575,-0.18697490989947854,-0.3887848253383602
1.715875,-0.10118124828142298,0.06803418298324879
1.716,0.08206723837847003,0.20916848363024879
1.716125,0.11847043679623784,0.18156277157854722
1.71625,-0.07724379642998362,-0.40892191397023847
1.716375,-0.2762268165512726,-0.20982713123170066
1.7165,-0.5928317982230409,0.018993651152000707
1.716625,-0.15744806534503453,0.072646139749051
1.71675,0.2272996760295413,0.2177858584678207
1.716875,0.19564625793866525,0.03248426255243796
1.717,0.03540794626380582,-0.29961669131753155
1.717125,-0.33349328389483107,-0.26100771932883504
1.71725,-0.150450400730621,0.02263749712137341
1.717375,0.2707051458096664,0.1084057644500653
1.7175,0.06143251075984746,0.16217225180484585
1.717625,0.3032907071784954,-0.4468751422106922
1.71775,0.5957325211432783,-0.5468780159987727
1.717875,-0.16903366707790218,-0.10672516427770101
1.718,0.3718886849595191,0.05035889839724422
1.718125,0.43145587903611626,-0.1354688353653654
1.71825,0.3607857383807096,-0.036684125892313166
1.718375,-0.2261151475217599,-0.40912772928976293
1.7185,-0.14397336856477158,-0.0855036662568352
1.718625,0.3370206367601609,0.16501316577055233
1.71875,0.25798748389762743,0.26170346285811297
1.718875,0.0916519103257283,0.2862468841777603
1.719,0.10654473124742556,-0.26122004945466964
1.719125,0.0562440979156233,-0.018843794126333448
1.71925,-0.20269337122904457,-0.0987475676156827
1.719375,-0.12860782716571367,0.10495425667799213
1.7195,0.390532923179275,0.1484283008575511
1.719625,0.4925045470660464,0.11984274341910475
1.71975,-0.3289849798618037,0.24632003098745928
1.719875,-0.05089852093794812,-0.1453424671921179
1.72,0.18444268749908538,0.19886924797468603
1.720125,0.27371081586634594,0.4825146723680063
1.72025,0.11546685029048023,0.248511063798844
1.720375,-0.1733962261619244,-0.2827723063030923
1.7205,-0.11598762652478058,-0.3485060723700517
1.720625,-0.10415989913345355,0.03280686903913191
1.72075,-0.028066745523806405,0.14470358819055823
1.720875,0.09907047245011547,0.14432616943907775
1.721,0.201349949031131,-0.1824393318292105
1.721125,-0.15535064493510123,0.16935774722527597
1.72125,-0.6031369223020966,-0.054359902828119
1.721375,-0.20655024743773512,0.10844107093358926
1.7215,0.45344073387251005,0.1758488993639024
1.721625,0.30954300015314273,0.2426439032255428
1.72175,-0.14090286371642635,-0.29369710622866335
1.721875,-0.5741929094716611,-0.07714217660780939
1.722,-0.0707991314060544,0.1531006605571692
1.722125,-0.032762048237836426,0.33509859622670407
1.72225,0.31114187780125124,-0.05527526917651806
1.722375,0.2040416590419287,-0.279333713165621
1.7225,0.01589280492914949,0.00978310306568279
1.722625,-0.24923181286357943,-0.1419514050028816
1.72275,-0.0777096176617552,-0.1672064264301892
1.722875,0.24591516393239093,0.24399239750747653
1.723,0.2616541365660738,0.24308880284647497
1.723125,-0.08115845679178746,-0.3484289914527151
1.72325,-0.2864331234547949,-0.589130615864103
1.723375,-0.14071019093974907,-0.23085673368378543
1.7235,-0.10447999481513347,0.08253557748420537
1.723625,0.23081411403886568,0.2840934158009879
1.72375,0.17447668625412546,0.12653483210317287
1.723875,-0.03219896357567445,-0.23613187973255167
1.724,-0.3724844950151096,-0.03168730994332065
1.724125,-0.40000369090165894,-0.0896926864197056
1.72425,0.31465018176301995,0.0780879538220506
1.724375,-0.021526944310311942,0.08099357929774868
1.7245,-0.26720532985387246,-0.22383697158653584
1.724625,-0.22204471996051986,-0.5782699400137353
1.72475,0.0367489355919618,-0.1780407496092741
1.724875,0.12359000982542133,0.3110574659042402
1.725,0.2311433891078308,-0.0365222584023047
1.725125,0.2518618105670134,-0.09504010964059159
1.72525,-0.1864116563240683,-0.11970967194179329
1.725375,0.1418025659954755,-0.07501511408495817
1.7255,0.017004638689043096,-0.4693593733527324
1.725625,0.38687085738939286,0.07772701077100423
1.72575,0.6506862594959452,0.46254936774419037
1.725875,-0.023488373355195945,0.13879540697116832
1.726,0.04782200381397854,-0.20550966810984975
1.726125,-0.10675140432510787,-0.07137861937393374
1.72625,0.19161807296969377,0.24644400644759487
1.726375,0.19598698765038514,-0.04306711853420096
1.7265,0.0709284278791536,-0.3362074370630765
1.726625,0.08003854928819988,-0.29664507551516694
1.72675,-0.5032001253068298,-0.056985946649323126
1.726875,0.04409377058553579,0.15170209784756314
1.727,0.2007771951880271,0.1601937532124785
1.727125,0.24030447152208617,-0.09765598301678181
1.72725,-0.17439829470599283,-0.004765104993425094
1.727375,-0.5054510974333445,0.02326348788342455
1.7275,-0.22645270919742258,0.008586054891277856
1.727625,0.2704614201637073,0.48802222664995765
1.72775,-0.06092123553065539,0.37773266344447265
1.727875,0.08777284645806678,0.01784512493443242
1.728,-0.010113440330373577,0.08289442500365067
1.728125,-0.23809326775633968,0.06271456491966075
1.72825,-0.32171689605600456,-0.03314374158884355
1.728375,0.22348989051067805,0.2256747280694845
1.7285,0.0923796700923044,0.26175655890549243
1.728625,0.13225835032711153,-0.04046100002910395
1.72875,-0.15395084281664106,-0.2851381504155293
1.728875,0.02057674954435564,0.14463575525361994
1.729,0.28958412597781696,0.3796972401007963
1.729125,0.036979316587195596,0.4761714646478636
1.72925,0.26819817133438345,-0.15115827391490377
1.729375,0.00866968145148181,-0.07930864048016956
1.7295,-0.2591086803968057,0.028415692096433763
1.729625,-0.449220568129387,-0.08390799472296223
1.72975,0.2763312063695233,0.19389774335641238
1.729875,0.6399685646325431,-0.004489391532172431
1.73,0.04695026109951242,0.006717883795281332
1.730125,-0.40084329206534597,-0.40614104136996876
1.73025,-0.15445133199118835,-0.08544472986301671
1.730375,-0.15760140059255281,0.20502913460302996
1.7305,0.2325221858901481,0.2798955454217988
1.730625,0.07501634723030608,-0.07482853894475737
1.73075,0.14771121173721158,0.08718843174393721
1.730875,-0.21718283758023918,0.3673919535065309
1.731,-0.20290203721157296,0.2623683104834305
1.731125,0.30966358863404153,-0.010942817541729063
1.73125,0.31127568751480517,0.061584535396533475
1.731375,-0.16848614305579837,-0.3785136042142538
1.7315,-0.26122210610181357,-0.2556670928235602
1.731625,-0.14694458614460817,-0.16063678150198246
1.73175,0.15253585271885944,0.2097984048625083
1.731875,-0.36552972712861603,0.3404858684734597
1.732,-0.07468190690670902,0.1315695618018014
1.732125,-0.3884280037092019,-0.33942583054705694
1.73225,-0.16290565500008933,-0.1104349187505873
1.732375,-0.4973645433134079,0.06804281557230275
1.7325,-0.18494845260628673,0.1975006318392974
1.732625,0.062159387263516545,0.17024550421446236
1.73275,-0.06812954390201376,0.04735034375077078
1.732875,-0.35161901022856834,0.043701134504837966
1.733,-0.5396998892510798,-0.0706209769270439
1.733125,-0.03581880426475467,0.17316256634178526
1.73325,0.3051165518837606,0.20656971636602645
1.733375,0.03842349618438055,-0.13720852816284582
1.7335,0.2515584341252484,-0.24708310934629457
1.733625,-0.3435402182254139,-0.11702367524331642
1.73375,-0.28196057739879654,-0.04294780532873765
1.733875,0.16080748919847676,-0.31439285998741434
1.734,0.5482953981509894,-0.24826958325464932
1.734125,0.5412647277321739,-0.3029218875811046
1.73425,0.24300718837661553,-0.3285533759747814
1.734375,-0.08605204484009904,-0.4508331374135174
1.7345,0.3055137720612293,0.07940532326114733
1.734625,0.09549525240035497,0.1887191583979876
1.73475,-8.300308245595254e-05,-0.05153606748652493
1.734875,-0.04954947352440527,-0.42037732467033795
1.735,-0.0917544417453133,-0.16832261465073708
1.735125,-0.08678126185535781,0.038279499467524465
1.73525,0.24731540322004197,0.1534246613978469
1.735375,0.6123553470161591,0.14676344659433085
1.7355,0.08510535100252502,-0.03559921069395734
1.735625,-0.28938477626968245,0.01264863602875557
1.73575,-0.1635972115919258,-0.27778745255393833
1.735875,0.15954056549273213,0.00411951465457879
1.736,0.35026745154095035,0.35442598171300554
1.736125,0.01394758859479043,0.0859220127592775
1.73625,-0.11344693956278382,0.09648459244265366
1.736375,-0.14567506416244488,0.19034933902679504
1.7365,-0.380462247563169,0.2528972911985852
1.736625,-0.1436383629355637,0.2419760716515091
1.73675,0.3162462616110626,-0.04000927415929472
1.736875,0.3602122781584872,-0.25115486706401224
1.737,-0.36247215649266146,-0.1989685461199621
1.737125,-0.32973400120376806,0.050773411427541874
1.73725,0.1916109168926388,0.22736380811092088
1.737375,0.3656544730962439,0.2892947737417866
1.7375,0.01665924940606266,-0.1324307034553446
1.737625,-0.18999660375079103,-0.37752913948265987
1.73775,-0.016978691931947218,-0.18483462313110366
1.737875,-0.2804551634200219,0.16889768360192112
1.738,-0.22929930695046452,0.321514877528752
1.738125,0.32088290234876937,0.17936049920758806
1.73825,0.16633136116272385,0.14691284697753518
1.738375,-0.3018466372777335,-0.1313209888339106
1.7385,-0.3985707853290213,-0.30217319826095485
1.738625,0.08228594878205439,0.1705302161971678
1.73875,0.34048568940698,0.3168538926619242
1.738875,0.09903046699597723,0.31142952038738736
1.739,-0.09179225419877889,-0.13905213778383105
1.739125,-0.2814104013201965,-0.2310860200683178
1.73925,-0.2060956713307665,0.1875343835604605
1.739375,-0.08927383388342906,0.0398090881524208
1.7395,0.27738190939767654,-0.08750827436042516
1.739625,-0.03452258332132362,-0.1836377954168679
1.73975,-0.2819342813334613,-0.2436570335911123
1.739875,-0.35243253549490833,-0.15019011082303266
1.74,-0.039033120154691896,-0.03389388458490521
1.740125,-0.08406198943029433,0.39241613410903453
1.74025,0.12444711314097259,0.11273689024941907
1.740375,-0.14620266165803186,-0.28984009017910095
1.7405,-0.4194744971135944,-0.031916568170480775
1.740625,-0.2547802132755667,-0.00172921623610698
1.74075,-0.1624353686852986,0.2916855524865403
1.740875,-0.0033784411507919985,0.11548037176660234
1.741,0.010744462176118061,0.10084608951303259
1.741125,-0.4118968376945493,-0.2679072524079059
1.74125,-0.07818257348025348,-0.2684556197873659
1.741375,-0.013326533784969268,0.0936723022831841
1.7415,0.38650665915649973,0.13996750470104447
1.741625,0.24886638793260996,0.1542497477229249
1.74175,-0.4444304564588015,-0.31973216286085976
1.741875,-0.3275175714721533,-0.39484951886447034
1.742,-0.1751057769481465,-0.05474965995750706
1.742125,-0.042913609425865494,0.014491154161393795
1.74225,0.3104651985134378,-0.03158565987855158
1.742375,0.2977092653973376,-0.2797311383910494
1.7425,-0.1831546256290011,-0.29469099167696056
1.742625,-0.10161889026711611,-0.2325505162767327
1.74275,-0.12888259395754584,-0.42346166057389023
1.742875,0.6059170420352155,0.10109320316654859
1.743,0.16408536664433623,0.13704324346585461
1.743125,-0.3305226507166375,-0.14563125456152018
1.74325,-0.07277191776454127,-0.2607097252181844
1.743375,0.07342010521414456,0.07779552563721953
1.7435,-0.13216696348523585,0.4066021228729798
1.743625,0.1073666822154743,0.3673225049390359
1.74375,-0.024135657342916905,-0.0627239885626241
1.743875,0.23768398798100843,-0.1551062545251945
1.744,0.3196145916166471,-0.07298214915630029
1.744125,0.2072696671164358,0.26879280362566305
1.74425,0.34006856543060326,0.5504029544212559
1.744375,0.3236284175662076,0.22943806849200596
1.7445,-0.012123102365724047,0.11963671439453648
1.744625,-0.31221858827720633,-0.041900830726877766
1.74475,0.08833949617368844,0.014615279107154475
1.744875,0.05159993812956061,0.01997998303057457
1.745,0.06256123879546724,-0.06545218862584903
1.745125,0.22153461934418783,-0.1057894007968016
1.74525,-0.07074801611875017,-0.13855964529763595
1.745375,-0.047164456847622695,0.3100923430382278
1.7455,-0.08741945720153847,0.07359861442009266
1.745625,0.3085173064020758,0.10229579271094742
1.74575,0.026506245169587363,0.3184842606323149
1.745875,-0.11050398342656499,0.12955490372988926
1.746,0.07722683674423934,-0.1621455869740773
1.746125,0.10111953269120637,0.2956807842580403
1.74625,-0.003789470976381391,0.21004415747741034
1.746375,0.1501764280686309,0.16360102801374232
1.7465,-0.03547990426238307,-0.05814789827170787
1.746625,0.12591146214925514,-0.008552927877469545
1.74675,-0.04570734857526236,0.3851047556908031
1.746875,-0.36942515589816927,-0.020012090015436437
1.747,0.07245980254241317,-0.010764462473485897
1.747125,0.33116441382418327,0.1477757725034139
1.74725,-0.24832142248525263,-0.12781351029503438
1.747375,-0.3682132540324488,-0.3758686434810922
1.7475,0.01604667007896053,-0.10046977105597453
1.747625,0.17167420863602764,0.2981357075727206
1.74775,0.1657008441383614,0.040301533234689685
1.747875,0.2515697653608747,0.19530410040812154
1.748,0.18241850908074342,-0.07555929357315719
1.748125,-0.2013517940803184,0.07498713430178301
1.74825,-0.30895710116328023,0.2364926225521443
1.748375,-0.18665911458664572,-0.1444581303875561
1.7485,-0.09156613397784097,0.13149384283643245
1.748625,-0.22505742052955519,0.14295198893606292
1.74875,-0.46667859604606043,-0.16059373803720162
1.748875,-0.3914168082700466,-0.32912867893211484
1.749,-0.2948203783026789,0.0920689029299728
1.749125,-0.14146941610423097,0.1448588036521789
1.74925,0.08328087302703611,-0.1636831210884613
1.749375,-0.40315777328178115,-0.055148826616569974
1.7495,-0.33345871206114897,-0.0093147213401556
1.749625,-0.16017443602736361,-0.1424864263763226
1.74975,0.2587986801900978,-0.01738909190625926
1.749875,0.4580154078217166,0.28335060391723804
1.75,-0.03534051628753411,0.08747963426277813
1.750125,-0.23382729698671265,0.02510304548316177
1.75025,0.009318955190131317,-0.28773628487299596
1.750375,0.3966228966193307,-0.09852860814202949
1.7505,0.34291672409244417,0.04503788072373741
1.750625,0.1832129797336124,-0.1306500335463651
1.75075,0.12707068709557182,-0.22658680841574025
1.750875,-0.04176427621098034,-0.461649488999707
1.751,-0.10369999784802718,-0.055721521632909506
1.751125,0.29362735166716364,-0.1181504012297643
1.75125,0.6273220369189751,-0.19727153924401586
1.751375,0.025296904294747794,-0.2550123328756113
1.7515,-0.20725298377538054,-0.5783756767455901
1.751625,-0.11458484579225289,0.06935562804142843
1.75175,0.20231227715127012,0.3242234943601785
1.751875,0.2097587297504224,0.31507281418125826
1.752,0.12227269278817698,-0.027124970807978127
1.752125,-0.08757647753359729,0.036933652427071466
1.75225,-0.09537013314943076,0.07727511140202577
1.752375,-0.07719465886049547,0.3384527634806527
1.7525,0.05463932438562564,0.2949308968563555
1.752625,0.2455124083619201,-0.0005881844704014978
1.75275,0.2262205115807366,0.2510217189620684
1.752875,0.08934061206747956,0.1679780779903677
1.753,0.0322337920929732,-0.15201631925805809
1.753125,0.3053227979069197,0.15037186507088326
1.75325,0.03594249216721673,0.2426016615614387
1.753375,0.008331875540371606,-0.062319160821686224
1.7535,-0.050594804677043026,-0.10478146798723888
1.753625,-0.17405529213538884,-0.10650102330033495
1.75375,-0.11656262946451272,0.24054642644056357
1.753875,0.32424183173297455,-0.04874402814440059
1.754,0.47392481069914744,0.04673695918992587
1.754125,0.3105800643813263,-0.028918148890366667
1.75425,-0.09004594462304653,-0.07136196269918423
1.754375,0.0055612595042674896,-0.02872829630631461
1.7545,0.16987977753453168,0.03377751457731266
1.754625,0.07303259370859973,0.40777797995974446
1.75475,-0.13626533951968697,0.11695074516565976
1.754875,0.2501411379924346,-0.03962677129248993
1.755,-0.05273833617669288,-0.031282728156404684
1.755125,-0.48910219583719805,-0.07234862655062511
1.75525,-0.20025822823469328,-0.030101871971192788
1.755375,0.12181731390349963,-0.3245044881146583
1.7555,-0.2504656672527788,-0.06459636188555193
1.755625,-0.4013002849177041,-0.15546572421843516
1.75575,-0.3760181953464432,-0.10783842399470157
1.755875,-0.09717447396812463,0.28879661559842074
1.756,0.22374473902786515,0.4162849697527623
1.756125,0.011796749860477924,0.19475944532902176
1.75625,-0.12513095067756944,-0.1982121607126711
1.756375,0.08980708516262308,-0.3172642877622017
1.7565,-0.3667407737997175,-0.07608128234027173
1.756625,0.02137561929571143,-0.011367046385404558
1.75675,0.23443377677613658,-0.0537433223587264
1.756875,-0.04227883766675055,0.026180339655047666
1.757,-0.3664067914861538,0.012092779107348357
1.757125,-0.39376350297585744,-0.16238681927915943
1.75725,-0.180774543760079,-0.02525927366556539
1.757375,-0.17222705563962984,0.255671315287651
1.7575,-0.17383477648993587,-0.12011417718228831
1.757625,0.11120251088767419,-0.3080837544196062
1.75775,-0.03121774658972407,-0.2675311274623071
1.757875,-0.2670059736182887,-0.035975323347957805
1.758,-0.14732068389969757,0.038836625844545815
1.758125,-0.08522580149411797,0.08866949766538622
1.75825,-0.06559336418851829,0.02650191702369034
1.758375,-0.22235999987166363,-0.03578893704224703
1.7585,-0.04570128025995187,-0.10342312150489179
1.758625,0.21870227617567675,-0.2047603539495378
1.75875,0.5271107657034146,0.4808497704303436
1.758875,0.3161058873431158,0.0897929188957313
1.759,-0.14539706269590116,-0.15271775264924062
1.759125,-0.09497104358897752,-0.3632036390836884
1.75925,0.14953396406448968,-0.3409061754202537
1.759375,0.018092763298624137,0.02121280862975568
1.7595,0.1076594940391343,-0.2519964909301506
1.759625,0.5532245516016459,0.007188499146218067
1.75975,0.002625656155519178,-0.1973662551468724
1.759875,0.030894514376075752,-0.25509805911921424
1.76,0.06395486524705617,0.086597038676444
1.760125,0.262378685583157,-0.05423906095470919
1.76025,0.05006776550375172,-0.11385344214408874
1.760375,0.1406017080356929,-0.22282528562659634
1.7605,-0.19271916618190968,-0.10370952208078618
1.760625,0.01286198936409672,0.32394512352673016
1.76075,0.02575336015264784,0.16744866661300675
1.760875,0.2121822771975255,0.2604505237573975
1.761,0.38372213907772146,0.04533551078323615
1.761125,-0.38540239560474787,-0.020813445057168187
1.76125,-0.22437762063354036,0.1636872550650496
1.761375,0.17985577581102147,0.09530583005260003
1.7615,0.39129258634580616,0.2392586995612021
1.761625,-0.03662679376977254,0.51880012662553
1.76175,0.059088837197498766,0.09468709461310251
1.761875,-0.36412580130412814,0.04082332116115905
1.762,-0.21739341276564123,0.24235639912854703
1.762125,-0.03428215016673937,-0.17151493225447068
1.76225,0.19309524369024506,-0.00303430843564497
1.762375,-0.08050568315969027,-0.178719296464264
1.7625,-0.02225158864181122,-0.18829173463548537
1.762625,-0.2997083840323068,0.10086833162206654
1.76275,-0.05940833952895712,0.2828345191438065
1.762875,0.5214742728412747,0.2658126064553317
1.763,0.24142849533418778,-0.01419072017007508
1.763125,-0.20278507274791338,-0.3726534413863082
1.76325,-0.3894985778308315,-0.29003326700674414
1.763375,-0.05785899390455695,0.1588560070977341
1.7635,-0.11631200452630165,0.28310535581207114
1.763625,0.11745122007262275,-0.132450043419089
1.76375,0.2817295577749384,-0.05674219312974533
1.763875,0.1198783109390223,-0.1520630062309151
1.764,-0.13332742863476604,-0.034165944520317224
1.764125,-0.21840144120047064,0.043542006273006945
1.76425,0.021190324578195256,-0.0088927865514892
1.764375,0.13623790839975153,0.276596194629292
1.7645,-0.08609638748705216,-0.02730898266477118
1.764625,-0.1273146233568173,-0.37342272063980064
1.76475,0.08607149096640952,0.08973393562292015
1.764875,0.028187434539290325,0.3085424089571556
1.765,-0.21060313060378427,0.10608309517259677
1.765125,-0.07463696016235298,0.05187820090037139
1.76525,-0.3331219290079067,-0.10026873124464597
1.765375,-0.6328213544486454,0.007936504933406635
1.7655,-0.12890146615567089,0.2541988815629759
1.765625,0.09082229520200226,0.015529435030215883
1.76575,0.11652149395059228,0.17925581472426674
1.765875,-0.5293474553245631,0.27062314065088083
1.766,-0.44387636815199777,-0.24305240080536564
1.766125,-0.23038556450877512,0.006313313531229699
1.76625,-0.17413617936601392,0.2647098261847536
1.766375,0.14014356622270643,0.18580841864021005
1.7665,0.21143612459704955,-0.2339087118101197
1.766625,-0.06799482249303036,-0.19619593945498554
1.76675,-0.16618210584204093,0.01046872388156283
1.766875,0.05029124662519918,-0.15103404426878425
1.767,0.5011504626552606,-0.2675721626545502
1.767125,0.35856051853186,-0.12393871166668181
1.76725,-0.0215538840632087,-0.15375658759923286
1.767375,-0.2361567973668008,-0.39094897504732856
1.7675,0.09743544377162702,-0.2696046012922586
1.767625,-0.04087745855948097,0.21278075002786587
1.76775,0.42947259701820895,-0.14005679797556408
1.767875,0.398813504854226,-0.17978232264302355
1.768,0.10213499237026293,-0.4254556983076056
1.768125,0.10931147224039266,-0.14843319975920985
1.76825,0.23048028574851231,-0.07080749028188811
1.768375,0.747852434725129,0.10757097023878363
1.7685,0.2579000600840487,0.1676936069842951
1.768625,0.201301496098757,-0.06379845247613948
1.76875,0.005351906209263155,-0.5351269386018795
1.768875,-0.064522674033113,-0.10142790587811092
1.769,-0.1475306722469272,0.39036872432425274
1.769125,0.2176353391664937,0.2858515422807703
1.76925,0.0493654104428495,0.12231527875915395
1.769375,0.2555186361575153,-0.009311672318298752
1.7695,0.07284019176502259,0.09105858177687992
1.769625,0.17491352752267764,0.18096664776095103
1.76975,0.3329330439879726,0.2795505100359979
1.769875,0.42190167099236775,0.14064589828405574
1.77,-0.1300441937448782,0.4260986840192589
1.770125,-0.3598528649582523,0.08812905666635919
1.77025,-0.2329841223451167,0.12420173758355313
1.770375,-0.0325832546340732,0.23979909780506628
1.7705,-0.13106535256914284,0.0529497046708312
1.770625,0.13763547821412078,-0.014169454683212245
1.77075,0.05824190984540091,-0.17401764055106814
1.770875,-0.0989067903320016,-0.17351250541346788
1.771,-0.3103528811896824,-0.0024077340048921686
1.771125,0.03361189180713004,0.019699235523754768
1.77125,0.3776518895879817,0.02055445748019919
1.771375,-0.1877553349960252,-0.10199767598756738
1.7715,-0.3240135457526136,-0.03217158237080235
1.771625,-0.12666317535082713,0.10725780780341775
1.77175,-0.161957792138341,0.17963098711219028
1.771875,0.24658030040600337,0.374365439026364
1.772,-0.12993493737081796,-0.11516492817141041
1.772125,0.1362010173035655,-0.15419179774020936
1.77225,-0.09833605803548774,-0.09421295027350524
1.772375,-0.2461654244041853,0.03701571713942509
1.7725,0.01699794295716365,0.1850615076022149
1.772625,0.38968276571373933,-0.061229322098813536
1.77275,-0.09294722419029429,0.09500905428266014
1.772875,-0.26266375057108265,-0.1454131937887603
1.773,-0.4032844280212487,-0.04981224175627947
1.773125,0.04537228225712601,0.1697074544341148
1.77325,0.053373186732907606,0.08910902533327839
1.773375,0.21912628156649455,-0.31953440485099643
1.7735,-0.08689185222998319,-0.3305400208980171
1.773625,-0.3578118833646362,-0.17564188985532872
1.77375,-0.2296188777466074,-0.006204470510453283
1.773875,0.36749202206827625,-0.010642152250464993
1.774,0.37803819233706176,0.2356268952442076
1.774125,-0.019621251218150514,0.18499219599706493
1.77425,-0.41986133068455517,-0.12255645974221453
1.774375,-0.21973746472595113,-0.17924207168458137
1.7745,0.16219742867466555,-0.02641969453543772
1.774625,-0.056745973463261226,0.12994034743982572
1.77475,-0.2980432927802089,-0.04955536890971219
1.774875,-0.2326281449496831,-0.43883050040699145
1.775,-0.15955986000139996,-0.28774723960738835
1.775125,-0.12137393648833318,-0.10223825587726908
1.77525,0.11771434782717033,0.1487798310661615
1.775375,0.480345690196475,0.24190548545438276
1.7755,0.03754983020912639,-0.07835365871236914
1.775625,-0.06221952286050219,-0.21598305146693186
1.77575,0.29950606353823206,-0.18922970944041173
1.775875,0.24972303856280587,0.16825404243892308
1.776,0.3988815894907167,0.21910280380339342
1.776125,-0.0563635853141313,0.02869168334194078
1.77625,0.11547284686198504,-0.3015323061698021
1.776375,0.018834422707575557,-0.14911555055979392
1.7765,0.16413966591019555,-0.011996889145973194
1.776625,0.09311844798333657,-0.05626436680085333
1.77675,0.32510700864254777,0.07640368340707417
1.776875,0.04217698871243272,-0.13035855883019815
1.777,-0.2192111013090118,-0.1301079810724896
1.777125,-0.11880580400885626,-0.3496716701939258
1.77725,0.2732471445844319,0.2690092903984825
1.777375,0.490987825215344,0.26472447561603246
1.7775,-0.11214127360101821,0.40316062479707376
1.777625,0.0011930712174297847,-0.2927392660202213
1.77775,-0.06956329063154618,-0.053508709319485113
1.777875,0.13253697625483263,-0.07826365204719664
1.778,0.003992541611718616,0.07667815446876089
1.778125,0.4454747484542453,-0.1282482555504569
1.77825,0.3221907863947351,-0.06537646074453997
1.778375,-0.33605901503683255,0.16452458067350467
1.7785,0.06960258870049899,-0.04948587735555638
1.778625,0.13532236368614736,0.062424067384852726
1.77875,0.3356143599163941,0.23447325439971628
1.778875,-0.20013169018445412,-0.131002089261899
1.779,-0.39584974887243435,-0.14901787120031046
1.779125,-0.33769155601642414,0.027420290018419283
1.77925,-0.021790287936509525,0.43623472602419167
1.779375,0.04244895758595759,0.34154439538963016
1.7795,0.2667349414043112,0.3432419252365421
1.779625,0.21072415136310385,-0.03497225944701717
1.77975,-0.48086424320662824,0.11020048823529598
1.779875,-0.4413309213857848,-0.05906705015560443
1.78,0.027088711296575706,0.19101979815990708
1.780125,-0.03268412954362559,0.5703659135626984
1.78025,-0.12277789979775028,0.37948574241738614
1.780375,-0.263406415750461,-0.3193848768851096
1.7805,0.01625119071065547,-0.1793072916126716
1.780625,0.18687939752799385,0.0479167883027412
1.78075,-0.08083485020990715,0.3195010826330752
1.780875,0.04859319230529869,-0.07823355285993552
1.781,0.09445620085990164,-0.21229040875295396
1.781125,-0.24187165018444937,-0.5291955321714179
1.78125,-0.2120646055780846,-0.1893111908220766
1.781375,0.08613718202140054,0.043797898351878355
1.7815,0.4934671810513573,0.3147788142137437
1.781625,-0.016501047251533122,-0.011530196950033511
1.78175,-0.03637249363726821,-0.40680095956292833
1.781875,-0.16357388776493662,-0.26375157589746256
1.782,-0.32994843062215906,0.18147332433284635
1.782125,-0.20586385665190512,0.12297373251912948
1.78225,-0.06389475021984722,-0.250046385564052
1.782375,0.19596144165542906,-0.032035782179459855
1.7825,-0.41281117963318514,-0.013270003825460239
1.782625,-0.6050356660876776,-0.18771536885656623
1.78275,-0.1878504212020124,0.04936353940530288
1.782875,0.16919691921575444,0.19129699520228186
1.783,0.06477409999384612,0.04617410120070129
1.783125,-0.2871394227383013,-0.16836647923805864
1.78325,-0.009563821192805355,-0.29384781110773334
1.783375,-0.07019187183461778,0.12284543749362721
1.7835,0.14909032035337488,0.35694730141649517
1.783625,0.23517362804146472,0.39918385181005106
1.78375,0.1836310332383374,-0.23557203918125483
1.783875,-0.15799425790139635,-0.12016153827888897
1.784,0.07717553467904587,-0.21779778861053883
1.784125,0.03059014960575458,-0.17481809632277506
1.78425,0.30160223606520975,0.008025455240405018
1.784375,0.30052293823938964,0.1464849044438358
1.7845,0.025763540937552634,-0.19752736989071984
1.784625,0.050554414149608325,-0.2823340289892199
1.78475,-0.003955522777678551,-0.21835866103739318
1.784875,0.2973239233910239,-0.10247438766012426
1.785,0.20587696825454188,0.0854022001709515
1.785125,0.5303315001314611,-0.13067962409448824
1.78525,0.1312074675826607,-0.2983738259198524
1.785375,-0.24281419792935777,-0.10614426427830488
1.7855,-0.10763499105845727,-0.08010103582339943
1.785625,0.2112926005898351,-0.03463730196628523
1.78575,0.07663926684704814,0.1693929789531472
1.785875,-0.2547703208075467,0.07993802824732416
1.786,-0.23817958277014556,-0.11538459048020573
1.786125,-0.10103454475085631,0.1691400223967739
1.78625,0.15215934890927887,0.1770021700964342
1.786375,0.3071238727171848,0.36531939865965085
1.7865,0.29973963755869837,-0.12039814754675916
1.786625,-0.02678539988491059,-0.03400797065599233
1.78675,-0.20280190192792666,0.16825139509928527
1.786875,-0.3417550193004044,0.02999113758203005
1.787,0.4894191453695748,0.2934277465348609
1.787125,0.36673437428237565,0.21734520966320187
1.78725,0.030275367049456846,0.26329058325747123
1.787375,-0.025462213003001007,-0.3286973242096227
1.7875,-0.2885187432964893,-0.13201165661643874
1.787625,-0.2620290461520388,0.08613218175364894
1.78775,0.02763186211981105,-0.025097726011889334
1.787875,0.29357618538256663,-0.10402402691011359
1.788,0.21398181252713913,0.012572476652454218
1.788125,-0.4699052030169696,-0.03938151234959863
1.78825,-0.14405598690834157,0.019151932808056323
1.788375,0.24644827148096254,0.2475376367455409
1.7885,0.18331891387745267,0.34939622070929727
1.788625,-0.10714298971580354,-0.2490235749768678
1.78875,-0.3808730810050079,-0.161337368278576
1.788875,-0.013557119055705783,-0.324364645171497
1.789,0.08907925367204118,0.5566381823219984
1.789125,0.030571137817193148,0.3970584265287458
1.78925,0.21181258101360412,-0.15963191216766656
1.789375,-0.04651545450735553,0.017305694879153802
1.7895,-0.3219026887355786,-0.3023974132993883
1.789625,-0.007440341447783239,-0.04682721917743921
1.78975,0.16830325271890212,0.0010659593160985933
1.789875,0.22630880497868208,0.23295609407464085
1.79,-0.21315395937760903,0.09661550433567133
1.790125,-0.6450205319509136,-0.14796396037788123
1.79025,-0.0742090644183865,0.1198038437423537
1.790375,-0.14324068321409622,0.12544532174712994
1.7905,0.10625606314252364,0.10867995614548906
1.790625,-0.23261622504020008,-0.1906085265444296
1.79075,0.06373623894088491,-0.4420619817937098
1.790875,-0.4608265270587962,0.021720801628379874
1.791,-0.25558589811842863,-0.1276417325510353
1.791125,0.1293764581297877,0.10826791381670131
1.79125,0.12473762511223561,0.1374073427752824
1.791375,-0.32268458777146497,0.10791291961448576
1.7915,-0.4017718465556668,-0.11348512570213197
1.791625,-0.11537414810931212,-0.17983330628140765
1.79175,0.1443499419385793,0.25826665647518493
1.791875,0.2102507281203183,0.26768133014961754
1.792,0.24501444705471537,-0.30386244256589945
1.792125,0.30696503706223494,-0.5447560792044777
1.79225,0.15646876881200608,-0.22159595819269315
1.792375,0.2652581755770192,-0.3170358380165474
1.7925,0.3156496896774296,-0.14712246172192245
1.792625,0.05980435976902243,-0.023972749964408752
1.79275,0.19989134233241582,-0.2888749740714585
1.792875,0.061799540853869,-0.4584737630105309
1.793,0.05099747538699353,0.017570311030276294
1.793125,0.2063254544305734,0.3690036164026693
1.79325,0.14336396786348712,0.42088465358381394
1.793375,-0.3158592756125197,-0.06263127842064578
1.7935,-0.13189833734856,-0.23819449042725152
1.793625,0.05013305623587157,-0.18797704622963746
1.79375,0.09137314461160695,0.0631230112163884
1.793875,0.16298915777577536,0.29674324842172983
1.794,0.387328953903087,0.2266732711692896
1.794125,-0.01140541066812227,0.11879192660583776
1.79425,-0.34406000467253345,0.1878019364998333
1.794375,0.04584260199641324,0.14547326674275174
1.7945,0.6443791040855382,0.18616641261077688
1.794625,0.2941959839159527,0.3964129968128316
1.79475,0.06623573306895099,0.13702052831030884
1.794875,-0.1634377128236377,0.03756744441945865
1.795,-0.036611359598724975,-0.033471626996468204
1.795125,0.15480626634402694,0.15013908241267987
1.79525,0.25573259250762675,0.11219181306652103
1.795375,0.14338944994300118,-0.11948165773862304
1.7955,-0.06621208593071234,-0.17375807870801271
1.795625,-0.23227529876577582,0.07874743270614033
1.79575,-0.23131531501410063,-0.01158258067637519
1.795875,0.2052387821431379,0.15852488892489244
1.796,0.19594952092302495,0.17044698734047492
1.796125,0.10893226310564938,-0.05066297703995772
1.79625,-0.5854273955229156,-0.14302624586587442
1.796375,-0.058915578524593656,0.05858546813552626
1.7965,0.07713729894752715,0.3874001360147981
1.796625,0.267409560340349,0.45133311834690665
1.79675,0.5231662497719274,-0.16147104688744435
1.796875,-0.054640067783315725,-0.058110678053965435
1.797,-0.22106048684800395,-0.14549649617648563
1.797125,-0.4213870298768099,-0.05734574113919067
1.79725,0.11419416649890314,0.18075149021514225
1.797375,0.288623295548951,0.4087123268712332
1.7975,-0.18185712202283832,0.037632728732584976
1.797625,-0.2207031183441142,-0.30167074329520754
1.79775,-0.1953305698863572,0.04478864313355972
1.797875,0.06405038939795824,0.12451071008527174
1.798,0.10085463437125354,0.25147939575431444
1.798125,0.059213473487229544,0.0641200141210185
1.79825,0.13107723002614016,-0.16666761824346643
1.798375,-0.28793346762301647,-0.014610758191882029
1.7985,-0.15329089414307473,-0.06263160918137838
1.798625,-0.0758718219737428,-0.02060633534358042
1.79875,0.027606880061023624,0.3338077315819329
1.798875,-0.475975235128246,0.03587285307760907
1.799,-0.35923630618154556,-0.1387978864389132
1.799125,0.04782573781449498,-0.2956309457975808
1.79925,-0.1566482443172252,0.1837383481509439
1.799375,-0.029084402458470954,0.1421293551291987
1.7995,0.18147153653144257,0.1686948550296844
1.799625,0.00022375820735516492,-0.21845289348599126
1.79975,-0.20966609171051737,-0.18245212648889522
1.799875,-0.5395572853756703,0.0034594255380299742
1.8,0.1915207105728693,0.13571916627327843
1.800125,0.20769970934911053,0.11108753059698381
1.80025,0.293471780641951,0.1292973085678996
1.800375,0.06681667375889766,-0.33447111115464273
1.8005,0.16409601279229888,-0.4073438092640861
1.800625,-0.04859639957284697,0.10604638576939178
1.80075,0.17533671676614374,-0.04351994211091189
1.800875,0.33243974452636227,-0.22763577181066738
1.801,0.15113141365762844,-0.31744619363652476
1.801125,-0.04650292858047715,-0.31437359066886034
1.80125,-0.4021874946032146,-0.08991022067075384
1.801375,0.04672645288526145,-0.343882140706044
1.8015,0.42105657881037667,0.22096152615193365
1.801625,0.33719011946101807,0.029537339629735187
1.80175,-0.217840167957468,-0.3669724321416436
1.801875,-0.11382741548401987,-0.432632221828637
1.802,0.046908451332943565,0.12932174844017585
1.802125,0.057210757322926506,0.3505981176198564
1.80225,0.08450179085390837,0.46043961803346845
1.802375,0.18388130081466464,-0.08077783700304682
1.8025,-0.20310105430579592,0.032923430210380654
1.802625,-0.36538183598240126,0.2114126927198041
1.80275,0.1680242914254024,-0.12495385373227519
1.802875,0.5402444218932333,0.31836853379251134
1.803,0.4553783043360875,0.32849806956146577
1.803125,-0.25822473721284395,-0.011775883376891928
1.80325,-0.39303963644196444,-0.26726069483847475
1.803375,-0.25106692637304845,-0.07894665689297141
1.8035,0.1917752842863628,0.2858160599769247
1.803625,0.08832275763711141,0.3079455122712795
1.80375,-0.014589328482208284,-0.03193879047199772
1.803875,0.05580227369947642,-0.12702211286352091
1.804,-0.36805376793136524,-0.15093466563299818
1.804125,-0.25984902122715836,-0.2067138576459762
1.80425,0.09793140143873327,0.2564963376375175
1.804375,0.13089485513067514,0.29314544279032506
1.8045,-0.12102527976948153,0.09700766122924663
1.804625,-0.11175851367964788,0.23030639990753604
1.80475,0.0631100136526118,0.17548401511381018
1.804875,0.050557764341780116,0.4361802327195491
1.805,0.38651722801658983,0.07747218146395453
1.805125,0.1257848712027739,0.01587622715975723
1.80525,-0.1325819415823176,-0.05062194973492858
1.805375,-0.3518547458331579,-0.20483073150852107
1.8055,-0.0434646633214079,-0.3116144659798431
1.805625,0.45763633333892256,0.18608152086863988
1.80575,0.2083223530738162,0.2918563432359119
1.805875,-0.27961290449449766,-0.3202709621856341
1.806,-0.3812979184135015,-0.56524787677894
1.806125,-0.02202359045043009,-0.22086255204155517
1.80625,-0.22411263888097954,0.220397832849932
1.806375,-0.025303136423645976,-0.12591927888839644
1.8065,0.32025057251208766,-0.34510873325974983
1.806625,-0.15309815598855253,-0.18742452272999927
1.80675,-0.5253093127791094,-0.06500336292512023
1.806875,-0.18953104937561666,0.34834408164560543
1.807,0.18869178052665306,0.5315589884667866
1.807125,0.12715663347631942,0.13079754090806492
1.80725,-0.2781762402984533,-0.13075372448750955
1.807375,-0.31250707297448377,-0.5155462637935776
1.8075,-0.41372076713317935,0.002996076304428371
1.807625,-0.3497486032436499,0.09761749703523216
1.80775,0.15142132503747377,0.16533680353202096
1.807875,0.19969224330049695,-0.3574357014007742
1.808,-0.19355139251105016,-0.1337189252851797
1.808125,-0.43655406960615073,0.03725138404472044
1.80825,-0.48517379302540264,0.03863065478669603
1.808375,0.13231954609278962,0.14693807137269893
1.8085,0.42293494373216584,0.1443032093641993
1.808625,-0.29671207670178257,-0.08301062838480076
1.80875,-0.33808977206137797,-0.581859371029595
1.808875,0.1811567274121462,-0.14283280080660726
1.809,0.5841453947793693,0.3497454857477501
1.809125,0.19666899201256066,0.24350619446836125
1.80925,0.5434796316248848,-0.3016770635383793
1.809375,0.13945424782482616,-0.4587527913479768
1.8095,-0.29354871305331076,-0.24684922236603415
1.809625,-0.2365329261076343,-0.013439859075280612
1.80975,0.5530088446162035,-0.0219439980293362
1.809875,0.3446728063937381,-0.09987469042918848
1.81,-0.19909084331253285,-0.3054243422598733
1.810125,-0.1911959990256318,-0.262430723562061
1.81025,-0.06609406704989625,-0.3076388237253725
1.810375,0.19048372579802697,0.33144501144665256
1.8105,0.3507637626550653,0.1590198116443752
1.810625,0.2800692911437577,0.1021898482743679
1.81075,0.09746945219403658,-0.03931621494146801
1.810875,0.02192535047102791,0.2590620603708809
1.811,-0.059091808897675166,0.13283736123773313
1.811125,0.3491502642992296,0.11727260819160007
1.81125,0.5567425820256986,0.2909066382108194
1.811375,0.1204329610021133,0.0349936547468022
1.8115,-0.1527498642202392,-0.21485939137398188
1.811625,-0.17429464677158493,-0.263063672977686
1.81175,0.3696656548990226,0.311364675850437
1.811875,0.0791049375012424,0.1971803008644635
1.812,0.1959621981675008,0.028315519145249393
1.812125,0.16084203003260933,-0.283464944773011
1.81225,-0.2756584544721586,0.2098036944692356
1.812375,-0.21547713934582166,0.151923868885943
1.8125,0.12576866725687982,0.17431839704548244
1.812625,0.35341489779589247,0.041341029097849216
1.81275,-0.15400638480206608,0.044640631284742494
1.812875,-0.6393064341652995,-0.3595073699196335
1.813,-0.1338633419916919,0.06954589007148126
1.813125,0.1215188709749128,0.28363820665009726
1.81325,0.13847690237641289,0.5014072693014107
1.813375,-0.022289078888372484,0.2373387221464761
1.8135,0.028322339210738876,-0.3793808613456285
1.813625,-0.15618196423717648,-0.21074953446506153
1.81375,-0.08207530060100925,0.14619020777101635
1.813875,0.1563107614828843,0.28293920201957434
1.814,0.4777639418055653,0.14683079897580564
1.814125,-0.01816877848718057,-0.16883463351038372
1.81425,-0.1655285960335698,-0.13692941913827872
1.814375,-0.24794148057403276,-0.2015872597859765
1.8145,0.2948603549058924,0.1706139578456364
1.814625,0.31848461330301436,0.30827577738032663
1.81475,-0.24872840383201986,-0.005050632062633124
1.814875,0.10988999693674831,-0.4973017616022185
1.815,-0.22538690852724183,-0.0894942351016086
1.815125,-0.19190067440589811,0.06945970747114084
1.81525,-0.1052678817237464,0.09558700788498553
1.815375,0.40217736764447715,-0.04513545538371294
1.8155,0.11823937659630912,0.0824181325307891
1.815625,-0.466499995392275,-0.050349836268839016
1.81575,-0.4146789961766546,-0.23335762257681955
1.815875,-0.11215034609122067,0.18238908405159326
1.816,0.01583612352926439,0.031278502011834894
1.816125,-0.0475953129838307,-0.020899950370762355
1.81625,-0.1813503395942985,-0.3811155596200576
1.816375,-0.2559269661013036,-0.12824044611489344
1.8165,-0.3069986638819223,0.12037784267151122
1.816625,-0.14841317966113318,0.0038627685831452026
1.81675,0.2577146621975556,0.014112821408716964
1.816875,0.36410924991623334,-0.05395592133976101
1.817,-0.1703448159314684,-0.16439571511242915
1.817125,-0.13974121454873537,-0.03732023734548196
1.81725,0.36715458532011935,-0.09100372074071388
1.817375,0.7407541057114405,0.13913752167938429
1.8175,0.3299744996647105,-0.17291061461375704
1.817625,0.4120003693672534,-0.5283432457221819
1.81775,0.026759088894306154,-0.45490056917444793
1.817875,-0.14439525691128421,-0.2827416588363366
1.818,0.12013780689740752,-0.1790798635482725
1.818125,0.5769285318782854,-0.21968578708085748
1.81825,0.38365919328736825,-0.2055191112157239
1.818375,-0.16290670194790194,-0.01807494871881725
1.8185,-0.10306003509083998,0.06084914321207214
1.818625,0.6918682220851207,-0.0010813437919903256
1.81875,0.3234148990589641,0.3553140725895722
1.818875,-0.019105695106730967,0.40907269729062723
1.819,-0.06040707112199758,-0.40465420816175485
1.819125,-0.11084803144732389,-0.3749170626381964
1.81925,-0.26039036845967556,0.132693973063756
1.819375,0.19544707000011982,0.6312401667731106
1.8195,0.4311570997663806,0.4400196712324903
1.819625,0.04828874106859024,-0.12566374164025854
1.81975,-0.45968884876993754,-0.06908478817068034
1.819875,-0.3686438745836922,-0.31678981603655254
1.82,0.3387118342438787,0.09701901886965242
1.820125,0.2423601970057031,0.41954209668266396
1.82025,0.05059387275314849,0.34058098870193015
1.820375,-0.0780542374811794,-0.38713419632829843
1.8205,-0.38002992010336084,0.05832148926397302
1.820625,-0.09614246851695725,0.3737068483602797
1.82075,0.04429398964570368,0.34212543498308456
1.820875,0.33863091222889696,0.06596864571794475
1.821,0.26502726517854164,-0.2782077289831909
1.821125,0.06119738175376021,-0.21447870696508411
1.82125,-0.34726366302763767,-0.16700960101893927
1.821375,0.09088401671746987,0.05919528044357036
1.8215,0.33595432039425327,0.32723928839150174
1.821625,0.1730315024736996,0.07396666139737927
1.82175,-0.39343209485416863,-0.07558887746013597
1.821875,-0.3911465456731836,-0.2426590971633463
1.822,-0.10896075641044282,0.41064329044186304
1.822125,-0.19744148655234756,0.5198057567011755
1.82225,0.3695473832561728,-0.05015964723062638
1.822375,0.3904257503527873,-0.13504484156911772
1.8225,-0.18747520090508066,-0.19526138942845314
1.822625,-0.6248160090312189,-0.35909237922528475
1.82275,-0.18117496679384146,0.04906775197270055
1.822875,0.6038142313144358,0.23669923424621991
1.823,0.19686579225821005,0.28498891826748574
1.823125,-0.2896345908235768,0.05163817849697827
1.82325,-0.11522692687756433,-0.24970103795780124
1.823375,-0.3042187800734556,-0.18473959806210433
1.8235,-0.2809244070552873,0.3655818272801654
1.823625,-0.018507455639680374,0.22205760159583604
1.82375,0.269404302324982,-0.12620793864157276
1.823875,-0.22733743156632397,-0.17864531596281127
1.824,-0.3130436467972211,-0.12954645542958004
1.824125,-0.04066670023904675,-0.1859391842282579
1.82425,0.37731822067369597,0.1429009971694076
1.824375,-0.1798943819070127,0.134006825654057
1.8245,-0.4938211431823399,-0.34972292325580495
1.824625,-0.15036196973660831,-0.5372733332347824
1.82475,-0.024585802691762262,-0.25801857497625863
1.824875,-0.08587189132413454,0.2798653570210314
1.825,0.11513869464940302,0.07477447881298988
1.825125,0.44925825475663217,-0.09042595369261823
1.82525,0.07303005886017784,-0.21804113624612842
1.825375,-0.24594903707130056,-0.11534983526419317
1.8255,0.1923404156592162,-0.5166584675035589
1.825625,0.5177818032973781,-0.19768226853496426
1.82575,0.6876317280311562,0.28977716685910804
1.825875,-0.09038718589439981,-0.07142092927572904
1.826,-0.049836627287911786,-0.4860408753172606
1.826125,0.2835107746685281,-0.04690648848846764
1.82625,0.1055025116417606,0.4937314792523932
1.826375,0.24032160204767972,-0.14956192946529034
1.8265,0.3266674476426967,-0.5072485035035673
1.826625,-0.2338848641514699,-0.1945303835793701
1.82675,-0.5013980265414472,-0.02879486368632079
1.826875,-0.31502572528048073,-0.10884107391664237
1.827,0.5375271184035986,-0.009560788940047213
1.827125,0.26482242410132834,-0.1246315078335016
1.82725,0.026263257498837247,-0.11036113003734749
1.827375,-0.2779942955545927,-0.2626980290404057
1.8275,0.20082521548205995,0.04971045242281734
1.827625,0.2585646774352913,0.49120278316305643
1.82775,0.32690955460800514,0.5446731426875221
1.827875,0.3545767255365635,0.0892890907084542
1.828,-0.13304223938644408,-0.21101943401913878
1.828125,-0.3437968323029046,0.16280385169176104
1.82825,-0.11411088409388033,0.08308976635753008
1.828375,0.3406112804544045,0.07352689546692122
1.8285,0.43457963790391246,-0.033190876089973044
1.828625,-0.1311866361086249,-0.002516894921047148
1.82875,-0.17662568380536328,-0.4881077372910602
1.828875,0.009118114983100164,-0.28469032003419237
1.829,0.08482333177894391,0.6000254000037464
1.829125,0.29937867077839,0.5544720099126621
1.82925,-0.06265687218951524,-0.10441697863812428
1.829375,-0.14639205482578535,-0.33467122634577334
1.8295,-0.48315178901779604,0.11694936667541363
1.829625,-0.31625432313840013,0.3651020170856741
1.82975,0.1575945392149377,0.427964116481836
1.829875,0.46462845711109907,0.1436778063546081
1.83,-0.4498951014892226,-0.0846165834839575
1.830125,-0.2864608039724015,-0.23286498192215546
1.83025,-0.40956728468135334,-0.1451438965793036
1.830375,0.2366639472134883,0.338709232416086
1.8305,0.06898061892396498,0.36348687707267885
1.830625,0.008248853746025608,-0.091344519119411
1.83075,-0.1803396475953056,-0.1424868839744257
1.830875,-0.33842895122340577,0.2767410233875393
1.831,0.12936322671823014,0.09873658551863869
1.831125,0.20377527543697685,0.03788094381001097
1.83125,0.38047385732008354,0.08199849121097828
1.831375,-0.1259147399532219,-0.06739916472565952
1.8315,-0.4601867231480315,-0.4194837273432878
1.831625,-0.030590493210980542,-0.23290188316897772
1.83175,0.13165948505517866,0.24363112148648106
1.831875,0.15076503998818827,0.10262418358171084
1.832,-0.1034142804544307,-0.06686566423563803
1.832125,-0.3803325212920097,-0.13638470016750245
1.83225,-0.1701016015612285,-0.11825337901778803
1.832375,-0.3617488183248029,-0.1321506139382722
1.8325,-0.061584258748324544,0.08211593023831222
1.832625,0.42029643781129783,-0.2170750432197058
1.83275,-0.20704110348087396,-0.04000798620004801
1.832875,-0.6101797176189696,0.08211453513142933
1.833,-0.279540362548491,-0.01761717480014253
1.833125,0.17781741652157618,0.1742925572949113
1.83325,0.1290971047934433,0.27833149889204617
1.833375,0.15135092329776778,-0.24599127914972269
1.8335,-0.12077457882931748,-0.4621446167838876
1.833625,-0.15591473809969725,-0.19492833064314335
1.83375,-0.031050771036120733,-0.010793595083044236
1.833875,-0.09073840109691543,0.1110985524406185
1.834,0.3089155291756481,-0.023896257156710444
1.834125,0.24614199789757135,-0.30891186918151975
1.83425,-0.2158379936875381,-0.3007827502653279
1.834375,-0.08175603052562873,-0.5289133439226557
1.8345,0.3544412399835,0.28136950697651725
1.834625,0.25088191462966386,0.4383019830522679
1.83475,0.33951231010778665,-0.12502344855660835
1.834875,0.011036613363266725,-0.4365088961961301
1.835,0.044701990879078134,0.1140628652897211
1.835125,-0.3843833441500478,0.05890094967504181
1.83525,-0.24451695037183585,0.15568050412092102
1.835375,0.26122687935964173,-0.11199879605413492
1.8355,0.2547347421957871,-0.10757174040575174
1.835625,-0.20503245183174076,0.05582666568703743
1.83575,-0.047970058047863535,-0.24197836435054784
1.835875,0.5491177486403783,0.04707499619184127
1.836,0.3076090946272856,0.400118830847599
1.836125,0.0824491949048935,0.13648845838172333
1.83625,-0.3303900910887807,-0.27333922218804246
1.836375,-0.2789108098557027,-0.01482330890148618
1.8365,0.022015774808220232,0.31775035033787696
1.836625,0.28293645799484923,0.3130098449974975
1.83675,0.7030671067274351,0.014100069814253803
1.836875,0.36540006966598293,-0.042849516203828916
1.837,-0.4262962921536596,-0.2923903189998177
1.837125,-0.21629575968726628,-0.3119685599646451
1.83725,0.18093193059756854,-0.08453302303622123
1.837375,0.030691160721066355,0.3177155385547415
1.8375,0.10199121580571853,0.2143248523662758
1.837625,-0.01995833890674317,-0.13149959213997697
1.83775,-0.174663033483059,0.03797999402497142
1.837875,-0.09697206012615027,0.37187074112402796
1.838,-0.16274648776226502,0.4266482978557811
1.838125,0.19109446882634012,-0.016494519867063774
1.83825,0.37324693036929985,-0.4203661328685918
1.838375,-0.21201903864975347,-0.3407872740438617
1.8385,-0.41967191125448516,-0.4151035920164019
1.838625,0.25684460271186044,0.36005564592808015
1.83875,0.43150810928831607,0.5624999238188693
1.838875,-0.12552201411002203,0.3897928718395775
1.839,-0.45635778710265507,-0.42528553542406855
1.839125,-0.26920758631882946,-0.28551125883727435
1.83925,-0.22761796950910831,0.20972547153752377
1.839375,-0.2063909147839477,0.25402827902016856
1.8395,0.5415269860525058,0.015102972222883563
1.839625,0.2054010873034174,-0.13038267644672955
1.83975,-0.3269283406241513,-0.24633437806992806
1.839875,-0.4296843232563919,0.06557177200055872
1.84,-0.004857004841968358,-0.15811238772403108
1.840125,0.25981552358672994,0.23005387079846382
1.84025,-0.010745368467502129,-0.09054703424123871
1.840375,-0.18224795999251714,-0.39678552329774247
1.8405,-0.3279246508157518,-0.37471503057705224
1.840625,-0.3431785922231425,0.021380321846988876
1.84075,0.12607363474068894,0.1912502819178699
1.840875,0.2415794058025336,0.01220105979158436
1.841,0.2969297331559714,-0.27704136684356456
1.841125,-0.2302278483813946,-0.06058723210191388
1.84125,-0.3183306038698641,-0.2467886870715012
1.841375,-0.05437599793681906,-0.19423058044719818
1.8415,0.25435716385160534,0.2733974556169374
1.841625,0.12346375880606293,0.19999516921539467
1.84175,-0.4334834057567539,-0.3840129279264914
1.841875,-0.13208304738906126,-0.6401528494918169
1.842,0.027468239718328354,-0.17813413731582625
1.842125,-0.2707464783619883,0.1831829642011103
1.84225,0.5036023996615424,-0.10346063219244071
1.842375,0.5064426250011389,-0.2835195709669569
1.8425,-0.24653025881770058,-0.16705447768513018
1.842625,-0.5211637381972867,-0.15983086338695485
1.84275,-0.0704004473266141,-0.02912692342012684
1.842875,0.8890093349810757,0.3549967859721909
1.843,0.49776416538663804,0.15015084643207843
1.843125,0.010588760768669905,-0.03115757391810618
1.84325,-0.29160441088350303,-0.3843919262873007
1.843375,0.12262915575928625,-0.25065910868916164
1.8435,-0.05266841155949334,0.07065479304971434
1.843625,0.053916016468748974,-0.08654576789076819
1.84375,0.253485462681485,-0.17038189513817464
1.843875,-0.24977577145004526,-0.3939316870924751
1.844,-0.33726559348030355,-0.27705893569503115
1.844125,-0.15886561059981216,0.08117371012200351
1.84425,0.4138789211389321,0.33590751771334804
1.844375,0.35682446275982005,0.3382955909867825
1.8445,-0.20824235889630135,0.08489378894799238
1.844625,0.0763743069582618,-0.43003166833964607
1.84475,0.08544232736619511,0.0724413911287928
1.844875,0.1223533350557211,0.5685260804636926
1.845,0.34501839352068336,0.4136993313805771
1.845125,0.023169208321686587,-0.09183795893281253
1.84525,0.05903487779534003,-0.14676450074342703
1.845375,-0.2965326189711124,0.13224049376232908
1.8455,0.057368721817897574,-0.07508970954697704
1.845625,0.6425452734066457,0.16111913638743766
1.84575,0.3763116776518343,-0.03946106574103589
1.845875,-0.10416490003716548,-0.4258660134513389
1.846,-0.4867873728518898,-0.4584111494322101
1.846125,-0.2747890570615138,0.05996825842177845
1.84625,-0.1201807402118177,0.43112335963363296
1.846375,0.10958706381388028,0.08628672071508776
1.8465,0.1613874516946424,-0.34106381728325097
1.846625,-0.17318950887322543,-0.46378296526318075
1.84675,-0.5167216208673668,0.21754376856797736
1.846875,-0.06327707298291091,0.3174299356381727
1.847,0.3732419957722222,0.045882501774688576
1.847125,0.4143763029382044,0.3391155423544995
1.84725,-0.19977635201007296,-0.20080789943257624
1.847375,-0.3108770439596511,-0.3193702483781625
1.8475,-0.11752177862310789,-0.0011083479152699382
1.847625,0.04718822616633766,0.5150948870693615
1.84775,-0.07102805873561226,0.17243659062376757
1.847875,0.11002650261266486,-0.21545091141559486
1.848,0.14709678687527622,-0.34097064865500964
1.848125,-0.3536103594088681,-0.03332537518938942
1.84825,-0.10144359558745551,-0.05320549198804794
1.848375,0.33470929614557027,0.40650571106208677
1.8485,0.1550136587310384,0.2164931567510134
1.848625,0.0022718804942908157,-0.11837227601906421
1.84875,-0.29289279134893936,-0.3413551414006871
1.848875,-0.054042375263914214,-0.3763873226755593
1.849,0.10048476287753007,0.4127666595306863
1.849125,-0.09962679377402649,0.10403376932240373
1.84925,-0.0895153539673342,-0.1896543375969468
1.849375,-0.1523551021936312,-0.2408719395307027
1.8495,-0.49574879997722576,-0.28377312646117775
1.849625,-0.33501250386831627,0.04788843070756215
1.84975,0.37736265926766954,0.02742749366237237
1.849875,0.33579391768010797,0.23797602821377672
1.85,-0.0809149384498891,0.09119691879609519
1.850125,-0.46819364317328876,-0.06471051124015473
1.85025,-0.16699669121587724,-0.10067160724544583
1.850375,0.2974970030735709,0.25749807901026645
1.8505,0.39140170052498846,0.32246154363194085
1.850625,0.060035910077262535,-0.23548226776009043
1.85075,-0.051050208698654495,-0.5700422874242129
1.850875,-0.25837909163527306,-0.34191612887406764
1.851,-0.42647295390837087,-0.05429759423771539
1.851125,0.558467408175641,-0.16047266542240426
1.85125,0.5973045276513553,-0.01757622679740691
1.851375,0.013845271451262716,-0.03814632275158574
1.8515,-0.3028705633129939,-0.3491139811013676
1.851625,-0.08358455809126131,-0.2894395916881443
1.85175,0.2227765035620616,0.34319780444308745
1.851875,0.2727411759114659,0.7682277611099875
1.852,0.35161140247736006,0.0530521524928989
1.852125,-0.07943867210167148,-0.13991713108253997
1.85225,-0.4574479906967296,-0.15619896271081704
1.852375,-0.14005844436156942,0.024152091652149172
1.8525,0.21996312582108962,0.04245433676060629
1.852625,0.5657658774768686,-0.10332364320046354
1.85275,0.13283045575438543,-0.031206119407921094
1.852875,-0.07879580517922617,-0.4925085929254906
1.853,-0.08413276161346915,-0.13092409172531266
1.853125,0.31060862423829433,0.4358471209513645
1.85325,0.17625508517844063,0.5363986613060486
1.853375,0.20236852858455381,0.012160303102731685
1.8535,0.1218724401549318,-0.3430451262495674
1.853625,-0.23500757795030866,-0.0722310275968316
1.85375,-0.5748986397115963,0.3495389008743876
1.853875,0.29379382387325204,0.1568995999445528
1.854,0.598546323623774,0.22943063641486847
1.854125,0.046920300711768975,0.10995198329185911
1.85425,-0.7557396516586146,-0.5394121608887399
1.854375,-0.3838598732103841,-0.4475437086404264
1.8545,-0.04243724475835912,0.5127676350493158
1.854625,0.1891718301827121,0.5513717515370837
1.85475,-0.10004863153931648,0.042346029987554774
1.854875,0.10700954870071132,-0.11539810815632393
1.855,-0.16663537767015107,-0.22742359612254806
1.855125,-0.1368849053122261,0.017251483125684232
1.85525,0.017509554962842053,0.17000818942400833
1.855375,0.08935724188229817,0.31179137143970354
1.8555,0.04844964009519849,0.25484631732973423
1.855625,-0.5366896958543995,-0.21848823014418786
1.85575,-0.47634837406677794,-0.23134887166903972
1.855875,0.17621607045991813,0.14001199042274898
1.856,0.3003425911517794,0.387440595907413
1.856125,0.127437161475932,0.19243190565104812
1.85625,-0.019239975822686554,-0.38229105992702894
1.856375,-0.2243610641804997,-0.5418266142029908
1.8565,-0.17028543876650462,0.037738049863907365
1.856625,0.0556698628832926,0.1930456326476119
1.85675,0.21884770524741176,-0.0926712951019097
1.856875,0.09881252261609949,0.029825240098387835
1.857,-0.5965781341835676,-0.046951028239554486
1.857125,-0.5150399580659603,-0.31522325013112623
1.85725,-0.0577213527949395,0.32191461375383057
1.857375,0.2258358939934116,0.38783287208610334
1.8575,-0.26284354954521366,0.039590929517750416
1.857625,-0.41274858734252334,-0.49349172209125214
1.85775,-0.008144144583594123,-0.25001640755782484
1.857875,-0.3525131843552605,0.22542662723105453
1.858,-0.03546762727046871,0.23839415181122767
1.858125,0.2163471409144098,0.13627553449543145
1.85825,-0.23965921516599922,-0.28447307522294885
1.858375,-0.6004533298059881,-0.02498627575546873
1.8585,-0.7409526800199623,-0.16291710484884425
1.858625,0.20957267959464063,-0.252642999871124
1.85875,0.6386488212139161,0.13793234139647162
1.858875,0.20265254554351614,0.23927931385140183
1.859,-0.2662288278130054,-0.5059935688225912
1.859125,-0.19469827149128197,-0.5050918266526965
1.85925,0.09791022189369858,0.05534863193111133
1.859375,0.024856646270378206,0.52299727546531
1.8595,0.244524922534171,-0.022241888548801592
1.859625,0.12616819197502196,-0.09592041841615656
1.85975,-0.35918437892989347,-0.20947385089674236
1.859875,-0.23418616660443958,-0.1920395564718057
1.86,0.2335568946971605,-0.27237641049252365
1.860125,0.40164900232652784,0.1969585051274802
1.86025,0.3470203140982433,0.4928253086655035
1.860375,-0.020560526259356646,-0.47316469828805163
1.8605,0.18768932872561517,-0.20882302519171908
1.860625,-0.36313882603377856,0.11004756061500179
1.86075,-0.24102350352471968,0.3446057377929295
1.860875,0.19332163922227627,0.007129622660787507
1.861,0.2660743115565873,0.1823112268756343
1.861125,-0.2999464120096902,-0.09057250449386628
1.86125,-0.5005120717656631,0.08912833683237464
1.861375,0.10005581562331689,0.1610513237094368
1.8615,0.39716762376424447,0.026881059020970086
1.861625,0.25282599721805704,0.19915944325552262
1.86175,-0.15824506315496162,-0.0493472941791141
1.861875,-0.24465606002275064,-0.17501206491990381
1.862,0.07119789562578474,0.2766082333014905
1.862125,0.09991871875757473,0.3467910939216392
1.86225,0.17738632030266288,-0.028415247284094856
1.862375,0.32369305940205817,0.1922746879360162
1.8625,-0.3126371513628123,0.03768261072057179
1.862625,-0.7133510722097437,0.016139759736835728
1.86275,-0.12153635046650023,-0.004006311015153826
1.862875,0.029451953999386833,0.324160222828798
1.863,-0.0306232881915972,0.22770338239230917
1.863125,-0.2512249757107383,-0.15208104448162876
1.86325,-0.17524886546226,-0.38499371665616094
1.863375,-0.006063917211305813,0.2992236790589342
1.8635,-0.01914806517322005,0.7855154605302521
1.863625,0.2154035652568491,0.10501972534679459
1.86375,0.2562460762645928,-0.02934512070293382
1.863875,-0.035077602865342436,-0.1677801604136876
1.864,-0.38904120143378224,-0.060254261002779634
1.864125,0.05188051417947625,-0.15645468518480996
1.86425,0.598641521140334,0.19274385604254152
1.864375,0.1878664148923045,0.19688849633943434
1.8645,-0.25900851144055,-0.2552293684883358
1.864625,-0.47474405834187616,-0.9279471884958935
1.86475,-0.18691471494502748,-0.17444542740996521
1.864875,-0.21351966182641274,-0.048862873683052484
1.865,0.05822923172874503,0.1148349171784137
1.865125,-0.14078469292845472,-0.45066190985687243
1.86525,-0.35648467596797334,-0.4017269411074955
1.865375,-0.6101147591996706,-0.0704424984480627
1.8655,-0.41223134871249306,0.04083709885798852
1.865625,0.17935112392375605,0.5214023316201124
1.86575,0.08777332936812708,0.2686741131932326
1.865875,-0.3009909657220905,-0.3903748353988806
1.866,-0.3802791347538975,-0.6294559574168042
1.866125,-0.13623615650331644,0.12594732240198322
1.86625,-0.01860771243782747,0.6077020450058884
1.866375,0.4150863733730652,0.2722366099202063
1.8665,0.24448631123667988,-0.22452878171475596
1.866625,0.012390706883887688,-0.19512257362806323
1.86675,-0.482589570689837,-0.08561938946713034
1.866875,-0.1578871825801908,-0.20700060021148683
1.867,0.617211459451982,-0.051726768686288276
1.867125,0.45404310301932127,0.12874292243102145
1.86725,-0.0945623248051239,-0.28264633437218656
1.867375,-0.5169670257930177,-0.4575455285750205
1.8675,0.2166288076115052,-0.24746546126628402
1.867625,0.47504508686728436,0.2575714293949732
1.86775,0.38339780701404197,0.3605154792433845
1.867875,0.4269623958836133,-0.2870290783686911
1.868,-0.06434433660155359,-0.4437075513995175
1.868125,-0.020919668500897718,-0.3367146845894546
1.86825,0.10631346610744954,0.0444459271816089
1.868375,0.09216310898491896,0.15933465958293125
1.8685,0.38342683838018476,0.22120764644545032
1.868625,-0.09888286873042663,-0.15440606043987185
1.86875,-0.2489403037338618,-0.3687749952086815
1.868875,-0.04977631098756014,0.0894959682221013
1.869,0.0550667028138163,0.44794577320425305
1.869125,0.36559603994592244,0.32084506606407137
1.86925,0.2201468870647461,-0.1905430916581748
1.869375,-0.03466389205272309,-0.149136135232973
1.8695,-0.5302961608879742,0.1474329103441326
1.869625,-0.18088515700342422,0.19425206585016677
1.86975,0.08078674288779986,0.20481632653798262
1.869875,0.30987478068267366,0.11880244437371153
1.87,-0.3229829759874471,0.02660354896201823
1.870125,-0.4467873885227947,-0.21806933762750377
1.87025,-0.027677953330831912,0.011646488599773956
1.870375,0.2031589238631997,0.42035595416861227
1.8705,-0.17505553022645975,0.3437051765991144
1.870625,0.0405852022234847,0.037983618348515755
1.87075,-0.30703004969371755,-0.27822500973120307
1.870875,-0.24035025323489717,0.08527821864036884
1.871,-0.11401299387394134,0.09044301874063627
1.871125,0.40283057056370364,0.11039286172722083
1.87125,0.6304770681046726,0.2261919678136723
1.871375,-0.07288415069020514,0.016486200511868863
1.8715,-0.514933145362688,-0.5179275116663768
1.871625,-0.08996069352189762,-0.13162750676339682
1.87175,0.1387819413714804,0.31921589258435623
1.871875,0.09246999672072212,0.4808110799437595
1.872,-0.07187904470150633,0.0673813716830086
1.872125,-0.2565964908308426,-0.3353886181302514
1.87225,-0.23371102971825644,0.0821800329764113
1.872375,-0.5589941420760619,0.37713905150074944
1.8725,0.007509763395886131,0.05462091835434707
1.872625,0.4343684166944082,0.1573788436777065
1.87275,0.038158501871523864,-0.3472736888485392
1.872875,-0.4987121572958648,-0.28376056835263624
1.873,-0.10476363379993807,-0.0902011508723342
1.873125,0.3026244415545456,0.34646972102601514
1.87325,0.11943511036035757,0.7407950333592251
1.873375,0.031934411541747365,-0.13872190613342297
1.8735,-0.048670455099511234,-0.3131151878297884
1.873625,-0.38909281929321443,-0.1358201793254835
1.87375,-0.19225608575838893,-0.051493204966327005
1.873875,-0.14192252290932428,0.17406342126601207
1.874,0.3569361749712183,0.09429909861078631
1.874125,-0.011536884671225475,0.14640311118868782
1.87425,-0.5206760965966378,-0.19875938662638357
1.874375,-0.11852730517491422,-0.3863546287987139
1.8745,0.12936603598302118,0.4433055025188319
1.874625,-0.06286548701638503,0.5132870094947861
1.87475,0.012529738338302971,0.05943269065507128
1.874875,-0.1011202424531657,-0.31136643993588764
1.875,-0.1938775724694683,-0.5780317776392573
1.875125,-0.3769210591700875,0.5012015992488238
1.87525,0.43807054394770584,0.16603009030908822
1.875375,0.41599131589943095,0.22094581272720465
1.8755,0.2234543554835846,-0.08157865110409432
1.875625,-0.3186584430157941,-0.4182439803118662
1.87575,-0.021897402883731865,-0.5301454075907638
1.875875,0.21869174658420418,-0.018171072725573275
1.876,0.5114448183473194,0.30670641323368664
1.876125,0.2930567814586143,0.11227461320338246
1.87625,0.02530801887875974,-0.584008532094217
1.876375,0.0791241964451136,-0.3946840682762544
1.8765,-0.1955712733646513,0.08725511597213854
1.876625,0.5472926931896572,0.3468021006812638
1.87675,0.48692031293788546,-0.023381107807330073
1.876875,0.23594723876529905,-0.17610323168965203
1.877,-0.3858793895220382,-0.2882572723220828
1.877125,-0.30068272330896856,-0.17563089786352049
1.87725,0.1855647156556745,0.12488189484196702
1.877375,0.48804755941145317,0.40387170931908406
1.8775,0.1389651913780166,0.0669422606758661
1.877625,-0.24797783315850505,0.012127537751842471
1.87775,-0.26939156840379797,-0.2937465628835294
1.877875,-0.07735427429189708,0.677254717466823
1.878,0.20567230849409765,0.3337668294147052
1.878125,0.4191351001643692,0.22436780460139136
1.87825,0.29275843494614184,0.09232876263757167
1.878375,-0.38752757748631894,-0.031174190117793543
1.8785,-0.28537086369485193,-0.06511811920553308
1.878625,0.3690073953613228,0.26312232145186054
1.87875,0.5375321452124446,0.4601468870108015
1.878875,-0.20570764653327533,0.06210174251634788
1.879,-0.05015255881053821,-0.3900868641372242
1.879125,-0.3898856535428989,-0.082266630798202
1.87925,-0.4661614687118044,0.20036685279326055
1.879375,-0.15059208884116823,0.5136590104118556
1.8795,0.2072661310117354,0.11710764846952591
1.879625,0.1422773670036226,-0.1865986892712849
1.87975,-0.27471582555154034,-0.08577130172459103
1.879875,-0.5047618797708059,-0.3212549944205348
1.88,0.09468321563326453,0.12883735045395028
1.880125,0.3283774926520907,0.29584409823104035
1.88025,-0.0404911700330751,-0.072653427431702
1.880375,-0.33338218418872295,-0.20927506808027205
1.8805,0.05387291345502545,-0.22339701239425283
1.880625,-0.13904219901703185,0.32555445736958527
1.88075,0.04556737484739059,0.6078248684876861
1.880875,0.43945545066088243,0.36336287437213305
1.881,0.11564561653007793,-0.0816744423392711
1.881125,-0.5165358330477678,-0.2433503476932565
1.88125,-0.6241463736233956,-0.15602037265525073
1.881375,0.10798159589609146,-0.2935215301310833
1.8815,0.39922905911826,0.03128575817309702
1.881625,0.1494067940301666,0.025396060435161388
1.88175,-0.4250104044938387,-0.49013783998013494
1.881875,-0.14457795593403439,-0.45932711804362525
1.882,-0.31735788117583075,-0.08924217936202984
1.882125,-0.04338565194287264,0.14851915476832206
1.88225,0.07617794174548305,0.08541791820340712
1.882375,0.07869358131270124,-0.3099483458484308
1.8825,-0.2747442028471899,0.05193673368130455
1.882625,-0.7279403265146238,-0.008083674244195536
1.88275,0.15362443095758357,0.1839080346904446
1.882875,0.7149365450720158,0.44471922909188805
1.883,0.12496459566875262,0.4756848434145008
1.883125,-0.16800662181446394,-0.28617716844799285
1.88325,-0.1596124499453529,-0.4040259181365427
1.883375,-0.361882011790618,-0.022231155355879138
1.8835,-0.06533812065476612,0.116337739252682
1.883625,0.3114992615327885,0.04235650540067366
1.88375,0.46167942678088164,-0.31108803233430526
1.883875,-0.0996096104195855,-0.4539468688667211
1.884,-0.3762244492913869,-0.3201404411627262
1.884125,0.11745365707412352,0.07633832898935781
1.88425,0.34473304731596394,0.04878581025750971
1.884375,0.34030531563575794,0.15197441495148445
1.8845,-0.4002200009995903,-0.2904718894164523
1.884625,-0.11031080458490342,-0.37755572802225
1.88475,0.15137360059745852,-0.017308317585389758
1.884875,0.28825652997185003,0.04990734208435022
1.885,0.3400125089518234,-0.029561485343590006
1.885125,0.5666023583922178,-0.14847448927321866
1.88525,-0.1028087467928217,-0.18121475071112528
1.885375,-0.4012717239821131,0.13987651746402086
1.8855,-0.005081590883447386,0.0870185092822557
1.885625,0.20156658668060282,0.14687878887220066
1.88575,0.28973761427961653,0.24170119807001722
1.885875,-0.23584317562263554,0.0444172224578276
1.886,-0.24272976090500872,-0.08162535590580185
1.886125,0.08075900508917654,0.19827795960615277
1.88625,0.37984575446747815,0.5381745872065866
1.886375,0.3503735373254965,0.1916482069735038
1.8865,0.4720562025307819,-0.1954747859699893
1.886625,0.12276855172326803,0.056641830581427736
1.88675,-0.2775681652060085,0.20651109596208903
1.886875,-0.3044037898750182,0.11472726420239755
1.887,0.6757688144036758,0.45017943094300583
1.887125,0.35593920876441326,0.5464512446606118
1.88725,-0.16704156523212246,-0.12428779797026032
1.887375,-0.2679619028827664,-0.3811520137831345
1.8875,-0.14819381667021658,0.20320332747099926
1.887625,0.13936756495606634,0.23156286636629503
1.88775,0.4035673036064906,0.31985696495017346
1.887875,0.24876384758784914,-0.16596839732437568
1.888,0.18431436117240144,-0.14749213884436915
1.888125,-0.1830658069884152,-0.12296755534221794
1.88825,-0.07343179122112878,0.07822929807595251
1.888375,0.1407560390162066,0.2312371658557472
1.8885,0.08167268246961946,0.2736381287875295
1.888625,-0.20614852677640602,0.14986198513225762
1.88875,-0.17663395365147744,-0.5068959325368835
1.888875,0.0680287479318582,-0.1566430345916092
1.889,-0.20194714668738883,0.31040853105424937
1.889125,0.07558615070151017,0.3837748546020629
1.88925,-0.05899349037195888,-0.0013335695229377584
1.889375,0.01958360041710757,-0.060405971540939324
1.8895,-0.1864931044360666,-0.174104098754773
1.889625,-0.4262809563420582,-0.018798005588843016
1.88975,0.1609030347938211,0.18747283915889978
1.889875,0.46935541712520584,0.2562978104046198
1.89,-0.15006344523760234,0.07013205300308109
1.890125,-0.7128940730851147,-0.45410505483046465
1.89025,-0.36283320866475904,-0.020360473489668116
1.890375,-0.004585666990811024,0.1905062129527343
1.8905,0.18097822520417473,0.2216747651436335
1.890625,-0.08986066631544554,-0.4372040346283157
1.89075,-0.11689381471321895,-0.2527712603086428
1.890875,-0.38952598553116186,0.16996824335821822
1.891,-0.5948892419965386,0.34873818960641684
1.891125,0.04698086479691018,-0.06760632421726874
1.89125,0.26143001536713995,-0.09823257756750717
1.891375,0.004612276975768679,-0.061679993289987016
1.8915,-0.4602498665218174,-0.04780664613175553
1.891625,-0.00020229537841016514,-0.26633927245051353
1.89175,0.1861669360505745,0.17195978030126957
1.891875,0.12801731173668915,0.4672776306943108
1.892,0.17768459457937896,-0.16157028254803582
1.892125,0.1257346302798086,-0.3948846508492598
1.89225,0.014568406179128548,-0.48316595404162727
1.892375,0.23546849663909458,-0.14793048432775596
1.8925,0.29439467876876013,0.2671227284686028
1.892625,0.8902032961326183,-0.07405998795172572
1.89275,2.9166633559687455e-05,-0.08595565084320624
1.892875,-0.1463994467138937,-0.44355729542498973
1.893,-0.08954115184237513,-0.48380701105413054
1.893125,0.17205006150378427,-0.16241603162282411
1.89325,0.3052000835524189,0.090163852271051
1.893375,0.1372715925289419,-0.13207059688879547
1.8935,-0.018564580557285684,-0.7039750783222666
1.893625,0.044685210620151496,-0.03112773192648685
1.89375,-0.2526433455740833,-0.01443882828797679
1.893875,0.06331796074341468,0.26110903107710465
1.894,0.3944132279867066,0.06253050463896938
1.894125,0.2474869116856084,0.06519261056658267
1.89425,-0.43293441690340134,0.03710158906472209
1.894375,-0.22185057863008079,0.08260143663454529
1.8945,0.008128705732346616,0.4291943152252453
1.894625,0.19800101315987648,0.5364572065006983
1.89475,0.0005081968000650091,0.2934265242307549
1.894875,-0.14721172270931707,-0.28023846453239604
1.895,-0.07595459389062237,-0.183833137171429
1.895125,-0.06677491140981137,0.12743283187232585
1.89525,0.10150682352855188,0.36128305781294645
1.895375,0.6177490028731055,0.15313909793352418
1.8955,0.13687319335609943,-0.049699543111168844
1.895625,-0.40929536204899336,-0.16864560958485125
1.89575,-0.34535684021095725,-0.20588862526624482
1.895875,-0.04805262755855946,0.1288157082128085
1.896,0.05321030831307872,0.6856270913571397
1.896125,-0.15292796430344613,-0.10437691358971928
1.89625,-0.12453572275691611,-0.13670310509452663
1.896375,0.19701645882295654,-0.20239849426773288
1.8965,-0.24521803431613126,0.28271388877935344
1.896625,-0.07811843530648885,0.00999359567670343
1.89675,0.26747016287866815,0.09151985362308027
1.896875,0.1378877623757591,0.07902868849478924
1.897,-0.35249325625895334,-0.19591501576695447
1.897125,-0.4446393318870277,-0.15193348825241978
1.89725,0.32798874316651067,0.13362902675107638
1.897375,0.5126560272381986,0.6054037626129315
1.8975,0.059816795134984765,-0.033000745836866026
1.897625,0.1318329667578343,-0.28531719769711017
1.89775,0.0765521974733434,-0.1564621135205685
1.897875,-0.16072437827657343,-0.08919851825440551
1.898,0.05099266178371556,-0.017874227897826677
1.898125,0.0762363115437031,-0.00638154674575483
1.89825,0.027191356700823177,0.09660799623015186
1.898375,-0.3467620030401154,-0.03388767855589363
1.8985,-0.35932290529545496,-0.22265853764705448
1.898625,0.006335614160799531,-0.039616320383877676
1.89875,0.07534902558813472,-0.002189872139026527
1.898875,-0.2874427444124907,0.08113799582886415
1.899,0.11454627283822988,-0.39371946987734746
1.899125,0.06281064311840756,-0.20188633034690132
1.89925,-0.14415188120362096,0.040620530314485585
1.899375,-0.11361365363204128,0.28372497660123247
1.8995,-0.04530026930459485,0.07170466627648737
1.899625,-0.2123952279100777,0.01383608687044983
1.89975,-0.5413823188848779,0.0004257969343373606
1.899875,-0.3308666816757338,-0.028044979017643606
1.9,-0.17958882248458968,-0.14537916421207076
1.900125,0.03850857012279249,0.004245408203346208
1.90025,0.01665679257865784,0.32735878152793685
1.900375,0.14654988950879919,-0.5236811285517325
1.9005,0.5030400775715816,-0.355304288902052
1.900625,0.19733093707009883,-0.03251923267506183
1.90075,0.26608701303442395,0.22758335845130992
1.900875,0.19306415886485997,-0.12566673942116843
1.901,0.6181183409196598,-0.17781427574833408
1.901125,-0.041516279094966226,0.08032234903949839
1.90125,-0.03747698648542741,-0.09545584901329965
1.901375,0.5589493583680708,-0.05252590280073382
1.9015,0.3182522520023647,0.06674800407034835
1.901625,0.29065001146835673,0.1374812522904601
1.90175,-0.2721042824270469,-0.39726286887074647
1.901875,-0.2765521858200779,-0.09858849181998498
1.902,-0.0839733842612944,0.06866190061941582
1.902125,0.1979150869645184,0.241991080650111
1.90225,0.14260049517821793,-0.07182592180443631
1.902375,0.3499347357068242,-0.11178356344820625
1.9025,-0.2574454926551835,0.014647018711025712
1.902625,-0.10335293535505473,0.03471934201300485
1.90275,0.1674709833442823,0.18295979393943498
1.902875,0.4256971289457129,0.1762076489901166
1.903,0.369127341198558,0.2866648090029004
1.903125,-0.27428417831337354,-0.027605030923642155
1.90325,-0.07116443617714112,-0.10213147040027992
1.903375,-0.3580668335733856,0.518055975629268
1.9035,0.26671332498352607,0.6402309683136111
1.903625,0.2873300284692037,0.1946448251028452
1.90375,0.33451120027201453,-0.08273605238659834
1.903875,-0.2641397127497734,-0.3195574676797906
1.904,-0.1543728549130922,0.24252443624003897
1.904125,-0.00782117277092513,0.14402119023740487
1.90425,0.05305668618980068,0.1513831217729027
1.904375,0.46568660585584,0.29860613248584
1.9045,-0.1660755992868921,-0.04150419684466575
1.904625,-0.3874187009075116,-0.3113156920091731
1.90475,-0.14874437046240657,0.27060978648270667
1.904875,0.281239600330239,0.23693962829483556
1.905,0.3018193962426924,0.12700802783200493
1.905125,0.025660616038365565,-0.17580064894525568
1.90525,-0.22725832436423873,-0.4732542588138712
1.905375,-0.38394781420351887,-0.008460330237104019
1.9055,-0.2063372239085915,0.04438465441556361
1.905625,0.406657961902153,0.18813365147195654
1.90575,0.3481561519009016,0.0020530966575521025
1.905875,-0.18006493631858753,-0.22165725963082591
1.906,-0.3480148497657973,-0.11924421217588883
1.906125,-0.24569123908189247,-0.23324338688462778
1.90625,0.3258803379139203,0.5632082109081731
1.906375,0.008667983187185948,0.10801672569997028
1.9065,0.11169490040988812,0.0818722676822878
1.906625,-0.1859287392703296,-0.22222299991850464
1.90675,-0.6936795940141113,-0.060435407601873825
1.906875,-0.20777261303970374,0.05290586486050898
1.907,0.10843158185781233,-0.03010246617855209
1.907125,0.0924091341458477,0.01682843573088981
1.90725,-0.36736795994171806,-0.4352681957379746
1.907375,-0.2693382331731064,-0.5051997627720721
1.9075,-0.4455192271640055,-0.05586141266068269
1.907625,0.154350596111159,0.1167294207136147
1.90775,-0.0056634650919135795,0.3018339326285782
1.907875,-0.03735638044724394,-0.2704298828054504
1.908,0.03389616068290808,-0.21469762202182766
1.908125,-0.09673584450434525,0.06948945821084805
1.90825,0.1360317694390289,0.3323379599294454
1.908375,0.22178262929482043,0.19308076765112003
1.9085,0.3054150642218867,0.04001232681252663
1.908625,-0.22627592199881125,-0.16016163146623313
1.90875,-0.20454485942022543,-0.47717233115061225
1.908875,-0.03593171444862779,-0.23745905074581292
1.909,0.19990151367816972,0.2562099687570628
1.909125,0.37627375784840034,0.21925876906636832
1.90925,0.201408168932719,-0.2643867953348061
1.909375,0.016935759455353732,-0.3831292399864674
1.9095,-0.03599182158584175,-0.14223364146515954
1.909625,-0.02263607796228657,-0.024070628471054362
1.90975,0.17644997813742702,-0.20938783602698624
1.909875,0.6333568813019578,0.13015177301988304
1.91,0.005214753297462924,-0.13829738494092128
1.910125,-0.2780632412362455,-0.2774230778397202
1.91025,-0.07093367457817364,-0.06868881241332803
1.910375,0.2094914725205145,0.34940898030723916
1.9105,0.10971676077660761,0.4095023430442023
1.910625,0.18396002362091846,0.025340043820785092
1.91075,0.11913316178827861,-0.1642748614611673
1.910875,-0.2624535479438722,0.164040438203711
1.911,-0.17626536010971197,0.3223859611536855
1.911125,0.10238649213802595,0.16841359073388737
1.91125,0.47220992120666766,0.21194683458083183
1.911375,-0.22846845799067586,0.1822260323353393
1.9115,-0.07605143475916191,0.0009198550151217462
1.911625,-0.05391781359610793,0.005384202549806524
1.91175,0.060451840190509906,0.27763398817646134
1.911875,-0.2528882397958033,0.3328729794344128
1.912,-0.060572137561430706,0.019170934335946292
1.912125,-0.05892296393254446,-0.11193756800801954
1.91225,-0.10412106399144691,-0.24629486410135104
1.912375,-0.1132356870565104,0.1599818090799045
1.9125,0.2541036759689099,0.12071295840617632
1.912625,0.3682998969216854,0.12651496937791773
1.91275,0.13026623258800338,0.008410754158928934
1.912875,0.012666057724300331,-0.1920744733595625
1.913,-0.19064161602143487,-0.2410612751095288
1.913125,0.2857397239331378,0.029732083083607905
1.91325,0.15553776383579793,0.4048502074104749
1.913375,-0.11685568108961987,-0.12399932160073311
1.9135,-0.016629434744751512,-0.16937811578558198
1.913625,-0.09325323144210669,0.048532457012179675
1.91375,-0.2632378884999261,0.12317922495568807
1.913875,0.07314046743104444,0.059834277981148466
1.914,0.5151250802027396,0.1535134967565756
1.914125,0.07701518027333454,0.042992378608675816
1.91425,-0.8365911527513709,-0.14388433480327667
1.914375,-0.3376899641161073,-0.32364044751509685
1.9145,0.04912040545606494,0.09076023773931771
1.914625,0.22314574633523396,0.2695034494391043
1.91475,0.1772350324797466,0.17229796326553867
1.914875,0.28246724242986004,-0.355131896429699
1.915,-0.2935290433548825,0.09814532659634848
1.915125,-0.5504977782072682,0.27045926323111147
1.91525,0.022794237189133648,-0.008865785228417867
1.915375,0.02833201064355078,-0.05043575349825237
1.9155,0.0002879107409967564,-0.29315933005248057
1.915625,-0.3338296867869378,-0.11898231487419979
1.91575,-0.42996451810540914,-0.1905182194753731
1.915875,0.038207586021609334,-0.0036142241568548044
1.916,0.00033578432010197774,0.1253958654124326
1.916125,-0.09712129294410485,-0.04853510656410431
1.91625,-0.1858658476180611,-0.25311742840031126
1.916375,-0.3352168110446749,-0.5907795623055352
1.9165,-0.32802464349192806,-0.14411206864581608
1.916625,0.3055659621535855,-0.038454757898637955
1.91675,0.6274884028951939,0.05623330032941331
1.916875,0.03484703079722648,0.054408197943215775
1.917,-0.3642645386841374,-0.1195093706840653
1.917125,0.04626040902551359,-0.32685719860313983
1.91725,0.07777768635876733,-0.07836218183826535
1.917375,0.4582649579511992,0.1594195263734062
1.9175,0.18441645958560662,-0.20647964633396354
1.917625,0.12468122204999385,-0.38102237337305966
1.91775,0.08127769736196223,-0.08541885335149606
1.917875,0.113981145322724,0.2510434375869342
1.918,-0.10750469513061867,-0.011602756760146321
1.918125,0.20213201071173748,-0.0691436620298015
1.91825,0.31556588554621096,-0.23411247865695375
1.918375,0.11191187130100574,-0.2810520576914878
1.9185,-0.26355647560941164,-0.21820812674477127
1.918625,0.4219233212050177,0.1486442768311808
1.91875,0.3310882393591478,0.30297635468937684
1.918875,0.18411795397196673,0.1304573768577047
1.919,0.03622524891863588,0.04957995910903631
1.919125,-0.042680770202858265,-0.04186111172786033
1.91925,-0.16065958978237888,0.19131875203209076
1.919375,0.1204079986758048,0.49537625911765576
1.9195,0.2028305228770588,-0.06080404090236306
1.919625,-0.16916988051871593,-0.045917053665309585
1.91975,-0.2777176476670126,0.23153576556099364
1.919875,-0.20141582789699275,-0.13026017721931632
1.92,0.16879755553564124,-0.19248531740475444
1.920125,0.11272844380486455,0.1544642436713915
1.92025,-0.07542586315120513,0.25522902618514015
1.920375,-0.2697786923102315,-0.1279043310381222
1.9205,-0.31838065417634065,-0.37197091450863434
1.920625,-0.08962616510111182,0.11627373690288745
1.92075,-0.02432576865183506,0.3546000718923781
1.920875,0.12020893253859954,0.2760855828704765
1.921,0.2672844848659649,0.17041980313902638
1.921125,-0.05371247381994724,0.0011438298490989447
1.92125,-0.19633956476085182,-0.057884737579048794
1.921375,0.02282727462446224,0.08392911217252555
1.9215,0.030950115432140237,0.20073952926109842
1.921625,0.0786697539831429,0.019196357276420148
1.92175,-0.2664762625755718,-0.2610260001700405
1.921875,-0.3469155542079628,-0.3353433681370202
1.922,-0.16879459255893883,0.002799207358714507
1.922125,-0.2559809295510028,0.1181749450506459
1.92225,0.3375667411565017,0.0870958997520642
1.922375,0.46740648065193624,-0.24442674602452305
1.9225,-0.36164314354709504,-0.2520251555718958
1.922625,-0.48505544093992237,-0.01635440958627305
1.92275,0.026419935245701232,0.1519465674397468
1.922875,0.3637324491745188,0.3943711434330733
1.923,0.1190444992345085,0.45486014146446174
1.923125,-0.21268387174076306,-0.026740415762564022
1.92325,-0.3747101580915698,-0.45563234170259637
1.923375,-0.3365607489174243,0.18626177949910658
1.9235,0.025195537069472747,0.18935407337029111
1.923625,-0.1825702729287886,-0.06798051912668193
1.92375,0.02657963597438822,-0.16114556736883112
1.923875,-0.0702643509635704,-0.14930554548146427
1.924,-0.7457888958275286,-0.22231906445930424
1.924125,-0.4267445103620423,-0.06892544508524262
1.92425,0.04412598100847591,0.3607346064482835
1.924375,-0.045685335714853316,0.2373606333174593
1.9245,0.041195659091170456,-0.21777905027111777
1.924625,-0.14396021758336086,-0.4782677253843689
1.92475,-0.09480547720599293,0.0457377327302067
1.924875,-0.06530777958289528,0.2161005195455485
1.925,0.15526258672541918,-0.04578274275744327
1.925125,0.12556773093519158,-0.3246607253454932
1.92525,0.09402854743936034,-0.4340895395137644
1.925375,0.009039681289659159,-0.0940036711315406
1.9255,0.15722247089421074,-0.06847694344947934
1.925625,0.4605083420759953,-0.07378835165777599
1.92575,0.3965415473855717,0.07193455785092649
1.925875,0.09959226168332051,-0.2692247150819586
1.926,0.05461087055369301,-0.6536895504264888
1.926125,0.2875117284201699,-0.12371467519335724
1.92625,0.12736761169909838,0.16798672871393694
1.926375,0.2240140411401781,-0.1206599752355376
1.9265,0.21724932965510083,-0.3540713352294581
1.926625,-0.15587997992606342,-0.4142869970978067
1.92675,-0.08174762627616945,-0.004847803306447972
1.926875,0.013904770401121804,-0.24473694245532715
1.927,0.32911410401788704,0.09014806703280968
1.927125,0.5333003186680967,0.31075704198836557
1.92725,-0.1488537804558753,-0.03773164354792873
1.927375,-0.23927595040661614,-0.13292062764670032
1.9275,-0.15675242109260157,-0.21712869811894522
1.927625,0.13743645099869758,0.18219753958942392
1.92775,-0.06966199261021025,0.3119733289507095
1.927875,0.31047219438195295,0.04201892112114996
1.928,0.07482875723097736,0.12186902834026514
1.928125,-0.20176439447290487,0.27834931190111795
1.92825,-0.03402656086419422,0.36653845105564486
1.928375,0.24327842923294432,0.20984970229561858
1.9285,0.15217664883575388,0.2127140328203555
1.928625,0.2868033966690635,0.11032360181334265
1.92875,0.20326002858190756,-0.18396383873022829
1.928875,0.21890736148878046,0.03942433461483185
1.929,0.19493143695783208,0.22029365349067973
1.929125,0.07803090458895826,0.3193695852621928
1.92925,0.062454036084650055,-0.1186345736318681
1.929375,0.323922222194582,-0.2643607226361643
1.9295,-0.32581390788526104,-0.06899728832533134
1.929625,-0.08357434649492711,-0.09043780604254101
1.92975,0.06670656209401042,0.16239837055220685
1.929875,-0.16887792500675375,0.1375167818415743
1.93,-0.122314900315651,-0.21713673829993996
1.930125,-0.4286900440772181,-0.26569898429023725
1.93025,0.05515166647820217,-0.043863481976707926
1.930375,0.2350640026976322,0.042314127817421665
1.9305,-0.01020230878193846,0.17019992493337763
1.930625,0.14447847549046217,0.10599252654609687
1.93075,0.18888115872118214,-0.06427672238081719
1.930875,-0.23199640447953912,0.09079516993174934
1.931,-0.23972246668036357,0.1088852904557515
1.931125,0.23998020480964619,0.05812199432512552
1.93125,0.1859689494312826,0.06080843499791595
1.931375,-0.4382020941219755,0.08102966330508078
1.9315,-0.3369187256306827,-0.2630706256371125
1.931625,-0.14107462251332167,0.07438214720356308
1.93175,-0.06491789521326363,-0.25222427469492564
1.931875,-0.211581992101237,0.060263663993941195
1.932,-0.2982389912847788,0.24881312271323236
1.932125,-0.2944581489769443,-0.19094898837273436
1.93225,-0.20873975340301432,-0.06878940208334092
1.932375,-0.25130358484893267,0.013087507738537028
1.9325,0.139079805605283,-0.049030105905712974
1.932625,0.25683081671677804,0.03267389681929628
1.93275,-0.18699034894089786,-0.0008413481081166346
1.932875,-0.47797253162594033,-0.02227635280705091
1.933,-0.287163782756487,-0.20689136280550488
1.933125,0.09293243617603181,-0.145104401842472
1.93325,-0.007847177691426337,0.2396939335850315
1.933375,-0.03148436464326814,-0.2658281058320655
1.9335,0.3199049098124333,-0.3810438054681613
1.933625,-0.13868883939630566,-0.10944495258243186
1.93375,-0.1597906781382171,0.12538825986476254
1.933875,0.22219495313908397,-0.07984105377229675
1.934,0.45711021019792003,-0.07280991446965906
1.934125,0.2297406619645924,-0.06478624106694211
1.93425,0.24642804064754648,-0.21195602367482433
1.934375,-0.03698886886896939,0.0854887560000897
1.9345,0.5870813234711405,-0.013581444645558544
1.934625,0.45844799460349855,0.1606828887699357
1.93475,0.11378120666062362,-0.15867448962476993
1.934875,0.1692075269640244,-0.612250545505959
1.935,0.26624948441325064,-0.23255095986021382
1.935125,0.07044162123413882,0.05834263374415957
1.93525,0.3918498543178839,0.08463980128128085
1.935375,0.3670346930713763,-0.025311663063705202
1.9355,0.22642171716567153,0.18177570876389823
1.935625,0.15041408629680697,-0.0456659400071525
1.93575,-0.4190311420717562,-0.1628811176879218
1.935875,0.13206178841961014,0.2868348643836455
1.936,0.12340524986908653,0.37002768840754613
1.936125,0.21181526412859364,0.14731825133328302
1.93625,-0.023559412816014928,-0.03205361183602359
1.936375,0.0034276695732787885,0.013782385782281291
1.9365,-0.002925375445217887,0.3210488766287547
1.936625,-0.08091522032966574,-0.004604836083136047
1.93675,0.13326787031309686,0.07675434791495042
1.936875,0.34592107190720983,0.018828985380658164
1.937,-0.17364341537554004,0.04527542954165456
1.937125,-0.30427086268652337,-0.1961176129568326
1.93725,-0.04271186404570532,0.2001182069568577
1.937375,-0.05184247280807381,0.45816243647421645
1.9375,-0.109032856250617,0.29077675352342025
1.937625,-0.14122149746102342,-0.18973653802167204
1.93775,0.022241469283332146,-0.31576035304945765
1.937875,0.14169322428826944,0.04950640355596092
1.938,0.12012798642671871,0.14397497764112688
1.938125,0.25069059805467636,0.15540532150607853
1.93825,0.22947806130646842,0.12041119650157107
1.938375,-0.5336136552806139,-0.016597856769454092
1.9385,-0.25542077223698123,-0.22631351019290158
1.938625,0.2849277818257286,-0.17799255206665582
1.93875,-0.019376489528909902,0.23497106877646204
1.938875,-0.05935351586116915,0.297870071346646
1.939,-0.045229894368073835,-0.0887786383654206
1.939125,-0.11498416365183342,-0.21660034375858622
1.93925,-0.1602808372739493,0.07190240301055126
1.939375,-0.11203580980786218,-0.03882809146587544
1.9395,0.493430733308241,-0.006168790423036298
1.939625,-0.07570292810468837,-0.05176739917665433
1.93975,-0.09942720222320212,0.12158332697818279
1.939875,-0.3687135719382113,0.006689942666926299
1.94,0.050738477935791844,0.2767473374253559
1.940125,0.16348632763857524,0.30688201477450366
1.94025,0.02951521634125854,0.23917392774200102
1.940375,-0.26609026866641705,-0.21708488089576292
1.9405,-0.3625088257961008,-0.4768266988742235
1.940625,-0.27967996250892285,0.15746441366416664
1.94075,-0.15525207392195556,0.042881621931895736
1.940875,-0.11145962484397236,-0.10825964097727625
1.941,0.008443698200908647,-0.038224437442462726
1.941125,-0.19154596567014098,-0.23871815188438902
1.94125,-0.2732446112799641,-0.13802402906608274
1.941375,-0.003245994500259534,0.04913747302863153
1.9415,0.3070679477070871,0.07661115329044259
1.941625,-0.0936428052840633,0.23276183698267736
1.94175,-0.14284513740789775,-0.2228936073295843
1.941875,-0.09738618263328724,-0.13743992134243735
1.942,-0.05367400233934251,0.02940777734294039
1.942125,0.15123999121805226,0.12417544798558564
1.94225,0.2557717246906799,0.00631659621662687
1.942375,0.1718498551387252,-0.38424902262888366
1.9425,0.07536857911959954,-0.2595241338813594
1.942625,-0.17319487727483152,-0.4169512400434674
1.94275,0.07577713175452368,-0.24465290923959965
1.942875,0.29310571207816005,-0.0377999687930194
1.943,0.27987584642570174,0.10030769270186168
1.943125,0.10960446015540004,-0.40597972507254454
1.94325,0.029524936407264238,-0.6060144493611989
1.943375,0.07281690075673024,-0.04706363128543604
1.9435,0.06254227138849856,-0.0943093446152263
1.943625,0.11826894758962131,0.17009406605340535
1.94375,0.2839924977367766,-0.31052785131275373
1.943875,-0.15193116673439622,-0.11193306464320762
1.944,-0.1661944147560648,0.21330637883672177
1.944125,0.028808409087011815,0.11806036883484963
1.94425,0.4387070452862043,0.009282183248862184
1.944375,0.22662852381051826,0.26276642285516955
1.9445,-0.2493234908243226,-0.13044885357988859
1.944625,-0.19944369545328086,-0.2471143699080436
1.94475,0.11829387273456969,0.07898640033220684
1.944875,0.19248487673365164,0.5935571571422619
1.945,-0.13198167240810968,0.34010532210077127
1.945125,0.12124926961120316,-0.3047826583455121
1.94525,0.012604861031121304,0.26779678637031334
1.945375,-0.19092625166920615,-0.21429740998428762
1.9455,-0.15593372757953475,0.017908076117047634
1.945625,-0.09983342934416604,0.24346241296090998
1.94575,0.18529664548399655,0.35896941255903925
1.945875,-0.07815007762105285,-0.1384347126475649
1.946,0.058278126439628056,-0.10661812883372519
1.946125,-0.04484894753122542,-0.00010416173170985894
1.94625,-0.20675992431277307,0.44323872899932826
1.946375,-0.01816750113195908,0.29226362267016937
1.9465,-0.18626642259511803,-0.14037056693331057
1.946625,-0.12445218577731483,-0.19729654194169563
1.94675,-0.3236168318830575,0.08535440686264692
1.946875,0.017649540869862725,-0.10610734036730085
1.947,0.3458950752112323,-0.02457463136108721
1.947125,0.23552890323890965,-0.0285184035363558
1.94725,-0.23326129020645034,0.1445844967757349
1.947375,-0.3019837592322778,-0.2122763173552151
1.9475,0.06760519408582989,-0.391175400411826
1.947625,0.45493930297812685,-0.027697027999796037
1.94775,0.2682253643919277,-0.009430226477612573
1.947875,0.32450606101748825,-0.1611396711846664
1.948,-0.33454350302619507,0.06518003839194193
1.948125,-0.5438987429468616,-0.13531905981732278
1.94825,0.058415871752643775,-0.2198469205056537
1.948375,0.214188337310161,-0.07955055119674384
1.9485,0.2484710310951512,0.08832362546658468
1.948625,-0.043780916268105534,0.07803744783200547
1.94875,-0.4203811731723066,0.11870370357953043
1.948875,-0.12913976301724617,0.008933288487793001
1.949,-0.24277789947967574,0.21546175794275033
1.949125,-0.11426418160096502,0.06785439235646822
1.94925,0.13837838809768394,-0.0966932590392533
1.949375,-0.058155386649688154,-0.49989828907404577
1.9495,-0.17608111830343046,-0.09055381944183707
1.949625,-0.22717230728488333,0.358051206983035
1.94975,0.2342229959512395,0.19799956462253535
1.949875,0.18461144551996134,-0.04235057852541188
1.95,-0.10062354377733655,-0.05890163090815078
1.950125,-0.09247031756750601,-0.4976354546108691
1.95025,-0.042666997880253785,-0.25239569200863243
1.950375,-0.04728396442761039,-0.18064659743929082
1.9505,0.047341066963817936,0.06648327220003233
1.950625,0.17625904830807992,-0.1494525840818111
1.95075,0.15884500516178482,-0.4012942522675529
1.950875,0.08558935370973252,-0.4461402189506578
1.951,-0.4406600603418304,-0.10692649299053014
1.951125,0.42165913891228723,-0.10405346444744783
1.95125,0.7688508628470755,0.30033682969023545
1.951375,0.4552260199201911,-0.2887067275074376
1.9515,-0.25448257448163464,-0.32586250525457594
1.951625,-0.005737847630132393,-0.31010182654933854
1.95175,0.13577853564114106,0.01847216274269858
1.951875,0.1451344280947516,0.13162972322833316
1.952,0.22066518490954987,-0.04021537686757332
1.952125,0.2105775894146117,-0.0791071423624615
1.95225,-0.33292803658414233,-0.03711986858454492
1.952375,-0.011052323025576426,0.023292949672706065
1.9525,0.09500463532126611,0.2893337865697296
1.952625,0.12731685812845406,0.18125118596780393
1.95275,-0.2190684870866549,0.252703821033348
1.952875,-0.18330266181880187,-0.1654063083449647
1.953,-0.018954347343853525,-0.17819550801441966
1.953125,0.2879166904375232,0.3054507285024644
1.95325,0.39706413671588553,0.5963601292760534
1.953375,0.22205419403628388,0.23668016213420792
1.9535,0.09471589406085434,-0.3513240572446848
1.953625,-0.13167516903297646,-0.20502933413189134
1.95375,-0.10315689806284961,0.14376720538121873
1.953875,0.1877219616715071,0.1965430105401268
1.954,0.3670724037254095,0.22392709684309636
1.954125,0.12276016976821447,0.0632908382900718
1.95425,-0.21338849242744043,-0.2644919023682366
1.954375,-0.06813105705582805,-0.019337828280660007
1.9545,-0.15803241950073296,0.030185241971495
1.954625,0.19289415440030072,0.15061907736909172
1.95475,0.09557538504590117,-0.21256434736953625
1.954875,-0.03278947706772337,-0.23312977765658957
1.955,-0.3101432141510918,-0.12876051283773668
1.955125,-0.12857270025156306,0.2632739295895958
1.95525,0.08985011819479306,0.43238665653388814
1.955375,0.2360020347213898,-0.005085898544763476
1.9555,-0.11284286805466111,0.03455971263977678
1.955625,-0.05758976932510183,-0.12229311071134058
1.95575,-0.4813461790566276,-0.14327969092652657
1.955875,0.08481425490656455,0.2838061226968226
1.956,0.3569704418570294,0.4126056312635384
1.956125,0.03589724513016611,-0.06019914536559514
1.95625,-0.11578728882662494,-0.2865084761216179
1.956375,-0.1323602040594536,-0.07004932326727331
1.9565,-0.2065365224654273,0.34296546021093727
1.956625,-0.0007210153082528257,0.08866274120443408
1.95675,-0.150227868475115,0.002984592112319124
1.956875,0.16223095299015658,-0.12447939364401428
1.957,-0.2797311334879358,-0.22096428825360165
1.957125,-0.3460429926039024,-0.34840626473604025
1.95725,0.008476315639561093,0.20229895433854342
1.957375,-0.04440602956248661,0.10835503125341418
1.9575,-0.14512221730792063,0.2326608910637957
1.957625,-0.15554339726498648,-0.35663748289261993
1.95775,-0.022351756715062832,-0.11436518541259154
1.957875,-0.15510245284614382,0.01952444823976893
1.958,0.22592340897488752,0.20704418974881852
1.958125,0.08240587509130645,0.023475726082594364
1.95825,0.15564900734885653,-0.05368114336065867
1.958375,-0.05235882013911861,-0.23529294177200868
1.9585,-0.04707231585978726,-0.32733850395268677
1.958625,0.30786419898608564,0.06335993154131705
1.95875,0.3359639657542723,0.08552394131953386
1.958875,0.026877909807985986,-0.06664701629855825
1.959,-0.03759950560511376,-0.5275050452684529
1.959125,-0.12927875836802677,-0.32440044156041475
1.95925,0.0840244822782555,-0.0912285926646178
1.959375,0.11169434307979656,0.08403523399432121
1.9595,0.5092742418183533,-0.3108583661237524
1.959625,0.5632483729612123,0.017271094363417054
1.95975,-0.011899840193084684,0.01826174062956401
1.959875,0.03510205969577076,-0.2691005784415998
1.96,0.30200453568216196,-0.14193229503807508
1.960125,0.4513400481177019,0.004035313392315907
1.96025,0.25389784672785415,0.020878328582350027
1.960375,-0.08426001198257338,-0.1998342320003031
1.9605,-0.25081088209312213,-0.006422800082331165
1.960625,-0.301733707885202,0.15457422627799325
1.96075,-0.0831929975393645,0.3565433957494875
1.960875,0.17498982209844535,0.3355618257465085
1.961,0.3412126630558202,-0.021538160959102645
1.961125,-0.09620744126472057,-0.05460619388811436
1.96125,-0.006618125011346793,-0.005487580756384867
1.961375,0.02912977507259314,-0.12888863604287035
1.9615,0.2712178945981743,0.18453779256268926
1.961625,0.18972328777567088,0.24937105959911063
1.96175,0.04289487309165698,-0.10995753064763193
1.961875,0.1458018166643231,0.18626407913764703
1.962,-0.08403219430948664,0.17472993621766797
1.962125,-0.03587150138568762,0.33569959648057035
1.96225,0.05088002619544933,-0.10314932459336514
1.962375,0.5758094428233197,-0.09206725918729378
1.9625,0.0868550785368598,-0.17094099429375492
1.962625,-0.2785258107223239,-0.23275207763017627
1.96275,-0.17036101283990024,0.16636342977042548
1.962875,0.20899419475198242,0.14380299071674663
1.963,0.041803076964356235,0.12939199998494347
1.963125,-0.153061389283754,0.16454980942012373
1.96325,-0.09089041730811823,-0.24214186478765212
1.963375,-0.07321020823821217,-0.08870908660019253
1.9635,0.23287689763280933,0.033163569742152
1.963625,0.16460925960149655,0.16951954932539892
1.96375,0.13447357941228472,-0.02207055658805275
1.963875,0.24463547368408242,0.03183487167822137
1.964,-0.004414024552360271,-0.13143595800132388
1.964125,-0.04178247387757199,0.004873686487504025
1.96425,0.010594126192702686,0.23748828602926703
1.964375,-0.07728397446435607,0.3428664161304995
1.9645,-0.03035145303434252,0.08678457009136561
1.964625,0.020184913259526288,-0.2925268819278105
1.96475,-0.0809901305168196,-0.13833665023451833
1.964875,-0.034022511321479834,0.14289649837222068
1.965,-0.055668378278331904,0.03528649606950994
1.965125,0.0646286148999667,-0.42127154755129725
1.96525,-0.26060326424732744,-0.21297898881875396
1.965375,-0.23554077196043338,-0.1918207798381119
1.9655,-0.4067535562006591,0.10102419890547734
1.965625,0.03274286860478871,0.014660552653317461
1.96575,0.19107390391703202,0.41053613306237213
1.965875,-0.3951012386755982,0.0910241285048207
1.966,-0.2316608897294293,-0.09421830455186685
1.966125,0.15106724170657912,0.071126861800747
1.96625,0.08341189777440004,0.2770635149576932
1.966375,-0.0641588226987518,0.06871746153047036
1.9665,0.00462241930663193,-0.23186087250012177
1.966625,-0.025970331805995256,-0.23547673374874506
1.96675,-0.39306493721529984,-0.20957548382524524
1.966875,-0.002690854691569043,-0.045972960762576266
1.967,0.2776743523592937,-0.2896246582044929
1.967125,0.32630424641165295,0.2224007821085002
1.96725,-0.14273195960396773,0.02913257523871664
1.967375,-0.0028982588333168013,-0.44574839535637834
1.9675,-0.03095706205772295,-0.3157000737809607
1.967625,0.5334929890572734,0.0965082052333753
1.96775,0.26760929199520705,0.19337179614511157
1.967875,0.2089900423789945,-0.491898350160586
1.968,0.12087772078584026,-0.25823133187645525
1.968125,-0.1055595442434561,0.15415904587526094
1.96825,-0.13232049010991348,-0.16636122153739882
1.968375,0.3587730463371463,0.1377324640696724
1.9685,0.4911717749326479,0.03929900209205305
1.968625,0.19348339111177876,-0.23262733257963525
1.96875,-0.06022185976160527,-0.5244115931923553
1.968875,-0.021025682807356002,-0.13809076752618002
1.969,0.07969638723309659,0.17933516933286733
1.969125,0.05992216931542213,0.3370134341963779
1.96925,0.22401592845073418,0.04059527968539985
1.969375,-0.06877340901163866,-0.05359805805378915
1.9695,-0.13758843136677984,0.11658607172105626
1.969625,-0.10177402512344409,0.32295659795319315
1.96975,0.19914794607050568,0.33767856863007417
1.969875,0.16371739349240613,0.48520850706765084
1.97,-0.07664946318089345,0.050371417226259076
1.970125,-0.13139606595063066,-0.0011471388224732714
1.97025,-0.10610977893240428,-0.08614451590515328
1.970375,0.3022217270899515,0.2884323866685708
1.9705,0.24102218797139266,0.45473202413850683
1.970625,0.20273576607502852,0.026628084460890763
1.97075,-0.1482265320950054,-0.1526583722483154
1.970875,-0.4567619946958163,0.2139560326829247
1.971,-0.3845514212595864,0.1393440411906468
1.971125,0.015125810495252093,0.24938264532116977
1.97125,0.37172648291807564,0.1234299956584542
1.971375,-0.14270136493284827,-0.07672922866071386
1.9715,-0.5074164063883864,-0.41617649342263024
1.971625,-0.3936303707259411,0.06767848042673652
1.97175,-0.02173722539557282,0.1868296041240586
1.971875,-0.049485125317397356,0.007566534437241112
1.972,0.15014861820524358,-0.14655258530107915
1.972125,0.2558510932237605,-0.1426549491727556
1.97225,-0.4044130605189893,0.14074217440306447
1.972375,-0.660428394845236,0.09201134297378591
1.9725,-0.08275253637471626,0.11629554100206982
1.972625,0.0037538544193449494,-0.019495435831741764
1.97275,0.08158764334654758,0.05272721446693018
1.972875,-0.28233018382854413,-0.15358716551116733
1.973,-0.19897471754152715,-0.25232505094537927
1.973125,0.19694664315266544,-0.05596404087605936
1.97325,0.3408547567592148,0.1001737633984566
1.973375,-0.2013511215250144,0.04058929157265515
1.9735,-0.1873195808095232,-0.03158015880073703
1.973625,-0.08284371217937282,-0.15047241636037403
1.97375,-0.22378474663321954,-0.25864009722378434
1.973875,0.0379457730580175,0.10514146242615738
1.974,0.2723664065593979,-0.03758862781487043
1.974125,-0.27026732987518964,0.05154721760850518
1.97425,-0.36994996449998085,0.06082765348059413
1.974375,-0.08551067257570438,-0.21107429660006694
1.9745,0.08484941184394393,-0.036627701326601446
1.974625,-0.06640666014222749,0.14292266487173746
1.97475,0.147736419636708,0.026447066990244
1.974875,-0.2493086678047015,-0.5223901454502577
1.975,-0.3172272372811557,-0.2618839074846169
1.975125,-0.17626782168640776,0.09260857279495667
1.97525,0.18352401524946785,0.06831893753697989
1.975375,0.7067795039169503,-0.09995573873590334
1.9755,0.4380964624124313,0.11256240828572116
1.975625,-0.1062487320566713,0.004459988662581081
1.97575,-0.18111863933650346,-0.2064103067498071
1.975875,0.0652903776247891,0.19117893070073322
1.976,0.2884684539011314,0.11227690184507874
1.976125,0.04300114810892418,-0.24411381860265127
1.97625,0.07668697907369139,-0.5090214941029982
1.976375,0.15976674356115017,-0.43329141496600804
1.9765,0.2499935675903385,0.09012559790895269
1.976625,-0.03334665945446983,0.1793285278705867
1.97675,0.1935258786969571,-0.0861742392697726
1.976875,0.0690130580944876,0.0511195521012155
1.977,-0.12605242537242414,-0.28460598951846383
1.977125,-0.45350027843105156,-0.06832959455575627
1.97725,0.08501568747133931,0.010263536054618402
1.977375,0.06983266021059095,0.6413719346185612
1.9775,0.037724145997457194,0.3757712058862053
1.977625,-0.07642473516055909,-0.05935451849939015
1.97775,-0.20184185884256922,-0.13564038505074064
1.977875,0.1491130671711803,0.35248402551754315
1.978,0.09573875254556291,0.19477394113853774
1.978125,0.2407005586008515,0.017654377599404844
1.97825,0.16386656341501776,0.10399233318490159
1.978375,-0.08678134951883258,0.2804235016293865
1.9785,-0.23563307184215643,0.5468710847081995
1.978625,0.1779992999129148,0.005876386086261359
1.97875,0.11091231302700758,0.1455968807468572
1.978875,0.007390107703718206,0.06696461021783176
1.979,-0.06433203618659848,-0.0551966411325841
1.979125,-0.10600940625044306,-0.012624854046294692
1.97925,-0.3294627474344357,0.0948448885645761
1.979375,-0.12210310929778564,0.06146944635218075
1.9795,0.5612584545722198,0.07512886723791536
1.979625,0.3226815709727714,-0.1741787158645792
1.97975,-0.44501142431798,-0.15224229661256614
1.979875,-0.4132008410167915,-0.21508848718113724
1.98,-0.22231921169590335,0.19118407170923213
1.980125,0.010237507734154177,0.14185025779825666
1.98025,-0.12626992946089705,0.2776108548677799
1.980375,-0.10687045218011655,-0.4088604438708516
1.9805,-0.036574699385492355,-0.23526794583121002
1.980625,-0.020950706069089817,0.0707755413984592
1.98075,0.08606818067963538,0.5509740262435644
1.980875,0.22488119199097117,0.0878064052155605
1.981,0.30594468676835795,-0.24835420834669777
1.981125,-0.2722414052284629,-0.009705529821498683
1.98125,-0.4368867890232712,-0.02903537461026704
1.981375,0.13188642682132842,0.17755318756771382
1.9815,0.45064497635465683,0.03469454762573045
1.981625,0.09500575649777411,0.14322945299618786
1.98175,-0.2440388995086434,-0.23402955248703383
1.981875,-0.44281886895355754,-0.4111755481214405
1.982,-0.33146917484905114,0.2736954579878029
1.982125,-0.23681137101877892,0.14312651193924236
1.98225,0.1119807005343485,-0.1791038119337708
1.982375,0.24677094862702664,-0.40386742716692964
1.9825,-0.16024073015302961,-0.1538331435951348
1.982625,-0.5927835716560462,-0.15828944450569893
1.98275,0.08960400210512996,-0.07278104974983536
1.982875,0.5660197256874836,0.31180550716236616
1.983,-0.1579583421929337,0.28077984889330676
1.983125,-0.009123240515217788,-0.34637902946636145
1.98325,-0.502740986173368,-0.1969860318883337
1.983375,-0.3294325277778861,-0.20956555119775436
1.9835,0.027475120049887412,0.23892495694020666
1.983625,0.20819107006000984,0.2575858735496661
1.98375,0.11804401494190137,-0.30007262883100416
1.983875,-0.019959446377595766,-0.19619768736122137
1.984,-0.227625131811542,-0.29173041304381503
1.984125,0.4940225571013906,-0.24060217531823985
1.98425,0.49344935531015927,0.1247848241863175
1.984375,0.34408239313669065,0.10391824286669595
1.9845,-0.0443115948887346,-0.33288276804105493
1.984625,0.26256600408299474,-0.40681498051071063
1.98475,0.1628304078448137,0.26157687328281504
1.984875,0.38854511342207076,0.22135460060113288
1.985,0.361701724806207,0.09065154671686924
1.985125,0.22034541875698457,-0.2618393808055148
1.98525,-0.07827483164982402,-0.27606800016806843
1.985375,-0.36417635072522697,-0.06941222093583067
1.9855,-0.0016361826761413653,-0.0757480107906416
1.985625,0.25111816135434123,0.2592152133253458
1.98575,0.3035076809158613,0.28277846951360947
1.985875,-0.08338828079687324,-0.13175213901263244
1.986,0.034044062577706743,-0.1409707207950001
1.986125,0.1429364399845568,0.313525404065656
1.98625,0.12208413393116664,0.5676587886937575
1.986375,0.027902077151669726,0.12325174964330693
1.9865,0.19812865071626243,-0.021170212740339502
1.986625,0.3062199545665985,-0.13813040985911032
1.98675,0.06712549091279899,0.20865076369104774
1.986875,-0.2373891813099528,0.23544735678798545
1.987,0.2855318591068052,0.3695370982683838
1.987125,-0.013734271501273643,0.2579559554077839
1.98725,-0.23366179188772873,-0.04762073513506617
1.987375,-0.32273603319140964,-0.3629177986976299
1.9875,0.05609749694946685,-0.1399140468681034
1.987625,0.10209892899317778,0.18144540667571282
1.98775,0.21681490495450395,0.29570190359400456
1.987875,0.14959933888818103,-0.10094568595071506
1.988,-0.1359342525073765,-0.07772624931510477
1.988125,-0.24589384225498712,0.1038139728775633
1.98825,-0.27670681289669147,0.1067340974904231
1.988375,0.10305559828654304,0.3147021370729302
1.9885,0.44596068979689174,0.1553485809449748
1.988625,-0.053546525309928504,0.010106967113429179
1.98875,-0.4296076556533722,-0.21594265425368078
1.988875,0.01664228268294767,-0.05243664236140797
1.989,0.3252956037206136,-0.15271686651335895
1.989125,0.049201914678168326,-0.08543518103381263
1.98925,-0.036527237068214695,-0.030727424014207725
1.989375,-0.02655635669891098,-0.22901547615875803
1.9895,-0.2997891847325778,0.03970742762402713
1.989625,-0.27751898364114824,-0.07412412556612835
1.98975,0.0210804945780736,0.08647560611494912
1.989875,0.2650305592933503,-0.13271687951646371
1.99,-0.16967691614415426,-0.007023055672732986
1.990125,-0.34934533287753045,-0.31725410517062974
1.99025,-0.09113624146762184,-0.2361280557631531
1.990375,0.17289012919518573,0.043883852246983296
1.9905,0.04854020115292088,0.057809878550586155
1.990625,-0.14187698142602934,-0.07990255727609553
1.99075,-0.20435550316043188,-0.07300867459539412
1.990875,-0.4922780890528775,-0.11305765119057025
1.991,-0.20706579408891326,-0.07680876908842149
1.991125,0.1753912161228958,-0.019507036534972065
1.99125,0.3536033299493492,0.21024566828260038
1.991375,-0.2735309024237024,0.02523123411626336
1.9915,-0.3029575865146,-0.2712470237634689
1.991625,0.06350355503405546,-0.37447820272980736
1.99175,0.19414736732525414,-0.0036649143961481395
1.991875,0.35629842268211903,0.33727402685859403
1.992,0.31187379322298453,-0.074399301624318
1.992125,0.016851037342032086,-0.4548489872411491
1.99225,-0.21116672734587502,-0.017154246517178166
1.992375,-0.1738336881115668,0.03311996658146719
1.9925,0.31206634767447206,-0.15312244123147825
1.992625,0.25388860628359755,0.24673269207806436
1.99275,-0.032785254513038035,-0.08497673282938434
1.992875,-0.0626007964595998,-0.4036611660320461
1.993,0.3005757207489258,-0.15957557978869577
1.993125,0.5246116037272127,-0.09055361752501484
1.99325,0.33844929937840207,0.3912774558240326
1.993375,0.10982321565577055,-0.20413070337477726
1.9935,-0.16887070601810733,-0.49168552613295036
1.993625,0.007908720398484696,0.1367495321921271
1.99375,-0.19780598252848755,0.09562993100882673
1.993875,0.29642689343428336,0.22697554380296406
1.994,0.1838511179304421,-0.08300777392779952
1.994125,0.0839099764144395,-0.1325746700278058
1.99425,-0.2520518998581938,-0.27577246272606804
1.994375,-0.23868478087578157,0.038736853383891316
1.9945,0.42877131250425066,0.2871323173350521
1.994625,0.17848937258145758,0.25610244921845793
1.99475,-0.028525956980643405,-0.08851670444293519
1.994875,0.009742203794843507,-0.4027813408014977
1.995,-0.2547368235132279,0.2565190184324443
1.995125,-0.01453554197313593,0.23656551718102964
1.99525,0.044591360958179185,0.3095683937060371
1.995375,0.6301390941711652,-0.016554541819660987
1.9955,0.6045777269719048,-0.13783978173618078
1.995625,-0.31006955990532875,-0.0585427785782387
1.99575,-0.05620311610304467,0.015387626073104243
1.995875,0.15931979083632125,0.04245513956218547
1.996,0.22512295731284496,0.2901445174918888
1.996125,-0.05919738186686453,-0.1834966460951553
1.99625,0.09014451273291958,-0.27352082595708
1.996375,-0.12530348265749877,0.1702661757383781
1.9965,-0.1892044319693748,-0.02971005536734223
1.996625,0.0700078690083669,0.1453744347903223
1.99675,0.384220155670111,0.21160494408061148
1.996875,0.05344631964341225,-0.11467238549933842
1.997,-0.18724056013881443,-0.03573946346805445
1.997125,-0.21259299077959895,-0.29224982371873504
1.99725,0.27307202225830896,-0.13723965044851202
1.997375,0.30395120808723713,0.44757030012703486
1.9975,0.2416852092366765,0.08904117492420487
1.997625,-0.13605155146895767,-0.2616326006308138
1.99775,-0.08919329350823624,-0.017880188861101334
1.997875,-0.3090077658265833,0.05697034452555855
1.998,-0.29464034851760984,0.10724133846766257
1.998125,0.13044825307467434,0.07241174746872919
1.99825,0.14615981193592228,-0.20328394648631226
1.998375,-0.31196546093432287,-0.42118534796980045
1.9985,-0.01926051302758843,-0.3392035130070998
1.998625,0.13794678033545374,0.08289444680080418
1.99875,0.08954155306372652,0.29845419061274664
1.998875,-0.36624362907292507,0.23771810796800855
1.999,-0.4741215816929051,-0.2700980188105598
1.999125,-0.30142228871955323,-0.18076611235849824
1.99925,-0.4579766863555988,0.08432263066696126
1.999375,-0.05489945394085918,0.31920385587828237
1.9995,0.17291103428013255,-0.05785184802916664
1.999625,0.17744232798010529,-0.3655216193777702
1.99975,-0.25265316160611534,-0.19919539338590783
1.999875,-0.39491732312380534,-0.36838446033243466
