time_s,sensor_1,sensor_2
0.0,-0.06582525293340807,0.026094425569341526
0.000125,0.09796155936670889,0.06794870843194908
0.00025,0.071516383297805,0.18041180668694237
0.000375,0.5775295946849193,0.05295922336270177
0.0005,0.7462763405331867,0.08051543618038334
0.000625,0.7092718890957983,0.005735675900300107
0.00075,0.3970240429391062,0.011965644292928528
0.000875,0.34686169913278336,-0.046144345577998395
0.001,0.33733466266610723,-0.04793477007507427
0.001125,0.5131375177856049,-0.052957865777001865
0.00125,0.37075405430539393,0.05074698742344848
0.001375,0.18507929167075776,-0.08791563358216521
0.0015,0.02647110290694697,0.08665640068137573
0.001625,-0.19675874960470865,0.5604376956184095
0.00175,0.01480154287368461,0.7001795229942983
0.001875,0.20959925434143295,0.5096840749138076
0.002,0.42296152846054547,0.30604033338737824
0.002125,0.34505584111526477,0.3774390870446126
0.00225,0.22672040969830126,0.2809871806844089
0.002375,-0.03707371805373149,0.26971516883760677
0.0025,-0.13595852439879394,0.27100206018359646
0.002625,-0.017191734689919136,0.1838699697206328
0.00275,0.16414654058599623,-0.040966094778231626
0.002875,0.34139630753643996,-0.045739794259382106
0.003,0.20698172828347655,0.09225443674868199
0.003125,0.08271402627144583,0.26092152591104745
0.00325,-0.10711722953685425,0.28716698831610965
0.003375,0.03407964774325855,0.25522043152187074
0.0035,0.06461351467274411,0.105364301234505
0.003625,0.14403400999722776,0.029037531708369185
0.00375,-0.1734542521808647,-0.30000110166521876
0.003875,-0.27496501219914216,-0.052841725671632124
0.004,-0.28525895867752293,0.13460031643550804
0.004125,0.025996126732565163,0.2677131536133692
0.00425,0.16805060159483595,0.20207039377200434
0.004375,0.3404935589210969,-0.0732023292741663
0.0045,0.32508531168195604,-0.000906195119616742
0.004625,0.16700133017037347,0.07142272713896453
0.00475,-0.13614756110210458,0.21579600029201387
0.004875,-0.17275987551060148,0.1261699020384352
0.005,-0.31497170158772314,-0.18749625854642507
0.005125,-0.10035320325041533,-0.2632956804137632
0.00525,-0.03818495014654315,-0.23582023211463055
0.005375,-0.20259107737698276,-0.10325168128688837
0.0055,-0.40114067200527453,0.19299317510187117
0.005625,-0.02146368305677653,0.39448930519930114
0.00575,0.3405429434425492,0.34864802690559854
0.005875,0.3409585982292358,0.13455313273510333
0.006,0.2640393923051784,-0.08132592349148707
0.006125,-0.10489192694485455,-0.3048962162961063
0.00625,-0.5677275131936702,-0.25229447494355856
0.006375,-0.47633080288353885,-0.11795674093883052
0.0065,-0.36953914928786435,-0.1129602242503732
0.006625,-0.21284975214829693,-0.1630564554384581
0.00675,-0.2859554635192193,-0.28287425697259494
0.006875,-0.40208438709551053,-0.07984346885964144
0.007,-0.5031896322349915,0.3522422090531441
0.007125,-0.48062955202925095,0.5108056686124793
0.00725,-0.5191283117100267,0.2090897120917482
0.007375,-0.3200735516811388,-0.27355761395415695
0.0075,-0.2437654146945349,-0.479924393506058
0.007625,-0.13293093141237441,-0.39970013337829374
0.00775,-0.25137238355179736,-0.3018765196204095
0.007875,-0.2150546691944233,-0.21666495612866485
0.008,-0.42064549800882833,-0.30686062199701597
0.008125,-0.0954725325673432,-0.34186178707312653
0.00825,-0.13631508780955534,-0.38175576152986124
0.008375,0.25811019065896423,-0.4834407607308166
0.0085,0.5044757692759672,-0.4070799661662971
0.008625,0.48266500340618634,-0.36896869300287305
0.00875,0.26912963229957315,-0.24239302659189008
0.008875,0.12501734444723547,0.024907695229286275
0.009,0.28659576261760294,-0.11645924296936103
0.009125,0.35836873059758784,-0.07599371714631788
0.00925,0.38076958318577064,-0.2590168411086127
0.009375,0.3094634954070249,-0.2863349738671745
0.0095,0.3952454993687408,-0.13091373882699023
0.009625,0.2560295741285043,0.18062132711226084
0.00975,0.14074168855552807,0.4176677433125939
0.009875,0.432804264434464,0.37660823745131317
0.01,0.20334791784519396,0.1592085070454093
0.010125,0.04511498243575098,0.05413311258324519
0.01025,0.016405140933280805,0.33616936281088217
0.010375,-0.0205368053842719,0.5315499511251505
0.0105,0.004413123186114741,0.302094323303843
0.010625,0.18492959628919584,0.3184414121248287
0.01075,0.03323884226673643,0.17592410697278413
0.010875,-0.13619584486391123,0.36001312875648317
0.011,-0.0011669200134861127,0.23018003684450514
0.011125,-0.02881510797711816,0.2729174108950001
0.01125,0.24276128992375864,0.20799670495392808
0.011375,0.32749580875849105,0.1327412565015522
0.0115,0.16843084442293807,-0.026001876015417796
0.011625,0.11921445293078917,0.00969252451376185
0.01175,0.30538072867150273,-0.04323988719809652
0.011875,0.08172451191590063,0.1499939024141048
0.012,0.08575735836756,-0.04298162172236849
0.012125,0.06555986884150003,-0.16345339593927435
0.01225,0.2564168073740825,-0.09637395287594633
0.012375,0.23062494319247417,0.10071721306946957
0.0125,0.24542565670902117,0.24388461181533944
0.012625,-0.080961414776924,0.20328384006218866
0.01275,-0.22093590529423618,0.0485808424514888
0.012875,-0.45063765275305445,0.2114693039846079
0.013,-0.4719732982691628,0.04252908857051098
0.013125,-0.2708042293973657,0.11153661099378509
0.01325,0.09105689986655044,0.08790899746633961
0.013375,0.0025303463946391718,0.16219257523916344
0.0135,-0.20915779884554267,0.1334906455182641
0.013625,-0.2180972752126292,0.3210656492081844
0.01375,-0.3205186077644637,0.21790637942029203
0.013875,-0.10640347107723075,-0.06560126334373242
0.014,0.02017494438351349,-0.18794965835406052
0.014125,0.27812173603659934,-0.3923544423251205
0.01425,0.3628182212653036,-0.2358563197177046
0.014375,-0.12713158649142903,-0.05441334474420184
0.0145,-0.3066247664724219,-0.10387523313423204
0.014625,-0.14347301338025223,-0.08160728327419982
0.01475,-0.044142076880223036,-0.15286811372775924
0.014875,0.10097569151298254,-0.17140204424304897
0.015,0.05190628432449303,-0.35716998384136317
0.015125,-0.23992527068327096,-0.047729950218060854
0.01525,-0.5050730576011936,0.14464993298086676
0.015375,-0.6563768498352108,0.30977078125345964
0.0155,-0.5185051401038908,0.2919183970590774
0.015625,-0.2198028698131256,0.07939237020496424
0.01575,-0.1511304360376184,-0.177808233535653
0.015875,-0.19090518725471253,-0.11439830552375127
0.016,-0.4526410196478055,0.12060045115067555
0.016125,-0.3331631127634512,0.23876542297178582
0.01625,-0.2986156316425695,-0.10645793194830153
0.016375,-0.10538471159629886,-0.2162706853064703
0.0165,-0.37682869272136255,-0.586239821701662
0.016625,-0.15741743964570443,-0.5920191453103533
0.01675,-0.003303239107471315,-0.4095887458144961
0.016875,0.09303384773267155,-0.2839451458337864
0.017,0.08212894829163998,-0.056276357257893685
0.017125,0.053109630335311755,-0.13963495517644678
0.01725,0.2142431409367016,-0.3899303269539611
0.017375,0.45093365593939017,-0.4448244848126274
0.0175,0.3566557538161653,-0.43849299163027594
0.017625,0.3490069257422754,-0.1665660220767632
0.01775,0.3764648977499695,-0.2111301651092049
0.017875,0.5279255346518589,-0.05312785245771761
0.018,0.643283972456912,-0.09711367783185659
0.018125,0.6298779784846144,0.03896641436005112
0.01825,0.4800764861283164,-0.026071898962545314
0.018375,0.330539132999826,0.055479132237826814
0.0185,0.07863105671152633,0.14233241696721768
0.018625,0.09221527934131854,0.39040109012870416
0.01875,0.017157290150316248,0.4803268229473489
0.018875,-0.14310075649731305,0.40690865606560955
0.019,0.006070841029813627,0.3673040840509669
0.019125,0.06908915215519705,0.47386862545616504
0.01925,0.01297305097920826,0.5287607496635002
0.019375,0.006022372379379562,0.6115885985069067
0.0195,-0.01673626584954761,0.48710240027574153
0.019625,0.10399896706123844,0.1229319206803829
0.01975,0.11891289059668929,0.07651893932558185
0.019875,0.126333369498897,0.14286338584975222
0.02,0.17459139351968003,0.023910919557077217
0.020125,0.26777160615550966,-0.14977490134809485
0.02025,0.1567341397896259,-0.014823861402759219
0.020375,-0.133862865758652,-0.10406253993220432
0.0205,-0.3024144066695192,-0.10237131861800723
0.020625,-0.5286643019992153,-0.06765979584491127
0.02075,-0.24651469177536822,0.08121417893071951
0.020875,0.22652333487320706,0.11650899246442892
0.021,0.2644180542299822,0.037258408633798805
0.021125,0.3010665281647465,0.06211825648235113
0.02125,0.3106672663103013,0.059819024480570866
0.021375,0.14537304048311647,0.28378994980179456
0.0215,-0.1139800248471646,0.06882886268181237
0.021625,-0.15271226158547066,-0.05365872712759606
0.02175,-0.27462347102350615,-0.305854902878755
0.021875,-0.26245255720835803,-0.3254800462306384
0.022,-0.0732575327708297,-0.14940968172924887
0.022125,0.10065503923771,0.0827536777758603
0.02225,0.0002958217123614155,0.3047752330716503
0.022375,-0.21961495530126982,0.2697396348772442
0.0225,-0.11591280701090553,0.12361995548126108
0.022625,-0.11464971636016874,0.20277723480042215
0.02275,-0.07449383963558283,0.004669914669957968
0.022875,-0.059186888154447226,-0.2389143383288637
0.023,-0.008306270665903772,-0.1421593527138412
0.023125,-0.07902639664630313,-0.18528464652722226
0.02325,-0.03207948374407303,-0.016375752141421927
0.023375,-0.19048890599318116,-0.06673051690130112
0.0235,-0.4458915387773142,-0.03848072738498575
0.023625,-0.6065789517162417,-0.10352568145770764
0.02375,-0.5137934735413754,-0.20583603727975278
0.023875,-0.2749960347501763,-0.13015486356014197
0.024,-0.22027091868758475,-0.07217217457128135
0.024125,-0.20749081254035207,-0.029341409657940007
0.02425,-0.27912501003166207,-0.18757198640914388
0.024375,-0.3943463084537629,-0.035195566093964
0.0245,-0.19319433662254426,-0.08985618692724712
0.024625,0.0033210205769787105,-0.148077553633225
0.02475,-0.10985032530867087,-0.4488445292385453
0.024875,-0.12520364786628926,-0.3889838289888522
0.025,-0.15546810721704776,-0.5631359882006365
0.025125,0.1637032882307475,-0.31734710767111735
0.02525,0.5566102749749684,-0.1959947676014066
0.025375,0.3708635552194855,-0.08471863618158137
0.0255,0.21090475756153962,-0.45222196346704263
0.025625,0.024401096881901743,-0.15667593548619355
0.02575,0.0323217164729849,-0.15858141845518264
0.025875,0.2026247027604,0.0391889759786627
0.026,0.5190493300916549,-0.0966306474179101
0.026125,0.4828719288403004,-0.2306843725941956
0.02625,0.3025971118219569,-0.1505169233294174
0.026375,0.13136953349292352,0.124750177412779
0.0265,0.12154123900190465,0.46236214763682676
0.026625,0.30851354541966686,0.34018257707091465
0.02675,0.3664730256303993,0.15805831412932517
0.026875,0.5034890246769301,-0.02172115017951272
0.027,0.3109824859105698,0.02023339962651619
0.027125,0.011021334300373938,0.0024585893540322677
0.02725,0.0040380619480054015,0.452114110656748
0.027375,-0.1557183889438322,0.4476954112412839
0.0275,-0.05236365929679488,0.24219303713782453
0.027625,-0.07996508707995072,0.0539580845826459
0.02775,0.012412503514002322,0.16054352197572064
0.027875,-0.03486957929235424,0.2728699612707936
0.028,0.21910396506269506,0.22796467921604996
0.028125,0.35922674217959555,0.37774145405896226
0.02825,-0.015722825829839228,0.21468370198855916
0.028375,-0.16063168596363778,0.23306144921300578
0.0285,0.22595701780544794,-0.1643777192847729
0.028625,0.06125848572955684,-0.13363721651261043
0.02875,0.05465107201561745,-0.08161303723831745
0.028875,-0.06908111811030242,-0.12115688826695406
0.029,0.032859543334009055,0.10784943709802507
0.029125,-0.027291573579973482,0.0313087068678153
0.02925,0.18799629149033237,0.17566773962050206
0.029375,0.4486667242921604,0.1501915776322051
0.0295,0.23902490140132737,0.0627029942345988
0.029625,-0.08188347497816216,0.07262800614462585
0.02975,0.04034326193203898,0.07725654551638776
0.029875,0.041563068882285795,0.10799697538577117
0.03,-0.021677335622336542,-0.03342691537686953
0.030125,-0.029987211935455838,-0.08321630374028953
0.03025,-0.4282765784065376,-0.14567071962781317
0.030375,-0.33578044162184995,-0.16493246508249382
0.0305,-0.09799040554524302,0.19915305817903298
0.030625,0.0760412649216308,0.20887269795770783
0.03075,-0.18988322796448784,0.2675524056074187
0.030875,-0.4951798108722658,-0.0273109863477053
0.031,-0.6079567797901472,-0.0523440557044377
0.031125,-0.051751386637558336,-0.024173949457656184
0.03125,0.4262192210842376,-0.025482677458135965
0.031375,0.2272795664672945,-0.0793944348987568
0.0315,-0.20748020374607629,-0.3689374047033467
0.031625,-0.3982904082670976,-0.4088116654782916
0.03175,-0.33098355555682224,-0.16969936823922785
0.031875,-0.22273893707170586,0.03269135307441786
0.032,-0.06700270527855541,-0.182220409564967
0.032125,-0.12005455411733672,-0.3943617463199622
0.03225,-0.19513522009002138,-0.38275891242020377
0.032375,-0.47221206809498095,-0.021339686793410816
0.0325,-0.45953212318001924,0.36798895772106965
0.032625,-0.42050356785310855,0.2504420844700727
0.03275,-0.5441783898103275,-0.24157789732513454
0.032875,-0.26660406507462237,-0.5301005553440109
0.033,-0.09326071281903589,-0.39851827801059214
0.033125,-0.2424637694570606,-0.2543580297644926
0.03325,-0.19853492198053688,-0.0409472531618014
0.033375,-0.11414841359029795,-0.2322775329609812
0.0335,-0.046846036826650915,-0.14008556986663664
0.033625,0.4326900773802199,-0.26817737195597535
0.03375,0.24616417068267482,-0.39157869781295784
0.033875,0.4820089528610732,-0.3770378479975382
0.034,0.4664433239013654,-0.4722948769395916
0.034125,0.3902188004380913,-0.33035903493257357
0.03425,0.39290174495318575,-0.012301777933371094
0.034375,0.3094422610782971,-0.09210957992414257
0.0345,0.335365982304139,-0.19567336201037092
0.034625,0.6681738581877653,-0.1174360345481247
0.03475,0.3690789244635438,0.09321048450552785
0.034875,0.4092087057876942,0.15436604188012726
0.035,0.04608967373758338,0.37539824794903226
0.035125,0.24027825783506312,0.25437333178089977
0.03525,0.20307546838640184,0.3130311937235959
0.035375,0.15912660252138713,0.39729247849150795
0.0355,-0.07455837196907844,0.1937433222399529
0.035625,-0.1781055701667911,0.22096502243589916
0.03575,-0.12036891809305135,0.314978499587684
0.035875,0.07896273816567827,0.44145024929728494
0.036,0.014552761154111062,0.4722063728478647
0.036125,-0.10609642917374475,0.2430154581777674
0.03625,0.09131405146397373,0.20391202874845854
0.036375,0.15720457270599383,0.10458780734516152
0.0365,0.43922545581186156,0.25267697317337634
0.036625,0.3983852641918634,0.03206899087268257
0.03675,0.16228137632406242,-0.09958201543665786
0.036875,0.1745572171162087,-0.23439856803282294
0.037,0.11966919835149321,0.042502040284348404
0.037125,-0.22777565273063224,0.15797169151294646
0.03725,-0.2860336041295113,0.07994457950188447
0.037375,-0.06656126352114503,0.005885406285901301
0.0375,-0.06568115785040401,0.006941749923306806
0.037625,-0.07148401898285428,0.029538843159714726
0.03775,0.09930416369128411,0.4497881747309546
0.037875,0.1539532022951092,0.2494634671487812
0.038,-0.021392051057286015,0.21940490021234108
0.038125,-0.2270379132282775,0.1485239334224916
0.03825,-0.4495395845067675,0.06441087497431575
0.038375,-0.3366023489579553,-0.06686860994261547
0.0385,-0.22753140999479166,-0.12091246907323155
0.038625,0.16987216985006084,-0.19944886536868134
0.03875,0.40957262358962965,-0.09522936166519552
0.038875,0.2999142982143431,-0.07065360753140747
0.039,0.09946302382029064,0.005893911827354499
0.039125,0.06781181195798777,0.007626493824967337
0.03925,0.06692294739469204,-0.0051430757684114824
0.039375,0.038789140195772766,-0.23489035904357147
0.0395,-0.12482975795052022,-0.41113489643254675
0.039625,-0.14000681014544944,-0.2910162453255145
0.03975,0.021088046420757654,-0.05981432302478421
0.039875,0.09805299183143913,0.10044997106957468
0.04,-0.09547603850021996,0.24928393593759793
0.040125,-0.011977689490573496,0.18779193035711048
0.04025,0.027646658313527115,0.046460557846487505
0.040375,-0.4388877115368764,-0.016736691374413363
0.0405,-0.6184610035528751,0.11490879003936365
0.040625,-0.610241057163374,0.013531912277390359
0.04075,-0.6106164320306838,-0.12438338231635075
0.040875,-0.4676280227275845,-0.15170670683698437
0.041,-0.46745848676639357,-0.04886809454337245
0.041125,-0.23199856685130138,-0.1393719761774188
0.04125,-0.22794003351666609,-0.021190177013442293
0.041375,-0.0932793280488851,-0.2399121317439494
0.0415,-0.2743318089056958,-0.2823458170249627
0.041625,-0.34099658685419665,-0.3020683754427751
0.04175,-0.22022965283361412,-0.5033981945371006
0.041875,0.14233810379109213,-0.7895739091156413
0.042,0.4250507073444594,-0.4740826939953443
0.042125,0.5847826503847995,-0.36568737531971474
0.04225,0.15325361734497628,-0.36004501795417576
0.042375,0.033356148880920915,-0.2331032563080219
0.0425,0.16263950821268924,-0.1230730630524186
0.042625,0.4291465520139518,-0.17271649806480935
0.04275,0.5406361106354229,-0.18880087177813373
0.042875,0.5393227499105819,-0.2477687353371245
0.043,0.42969305701775373,-0.18813281179777086
0.043125,0.27943880516856845,0.3142761605883497
0.04325,0.281420564272366,0.5012561210311365
0.043375,0.3783707670821638,0.4802962013923874
0.0435,0.19238876051961,0.19342436568002816
0.043625,0.015227657848119315,-0.005391134709203759
0.04375,0.1652858682151112,0.16330974902508513
0.043875,0.399415787774334,0.41498339609892504
0.044,0.43281979872710796,0.3479140828439942
0.044125,0.281377658732243,0.34095821941090965
0.04425,-0.038835354869630315,0.21549083704937913
0.044375,-0.2778899260933083,0.2713575334537265
0.0445,-0.18105013151258995,0.21887824554122876
0.044625,0.15183958822476382,0.2598073435912584
0.04475,0.28508357883346425,0.1427392330972704
0.044875,0.26733590723073386,0.14440050777568383
0.045,0.054170343441146275,0.11434881418366853
0.045125,-0.04200726945174733,0.21725731009337573
0.04525,-0.05716579256577764,0.2574291154697042
0.045375,-0.06775671273054792,0.1496266111512356
0.0455,0.050769555574663804,-0.10841791350070075
0.045625,-0.15170240004655283,-0.1606132788533216
0.04575,-0.19386627563405534,0.03445238708055718
0.045875,-0.1674933916917284,-0.07130347633547036
0.046,-0.048700808787565844,0.1967029022319853
0.046125,0.022043423062816744,0.32223777782008856
0.04625,0.10389249844999905,0.1632211710308611
0.046375,-0.015113361583551818,-0.0322283594258171
0.0465,0.16901170872571464,-0.06935007707580898
0.046625,0.01890555920644113,0.09029027740030166
0.04675,0.06934201461133464,-0.02949591779496756
0.046875,0.019778758563694952,-0.14838813074313228
0.047,-0.1691751285663078,-0.05704076712414756
0.047125,-0.07278627007523708,-0.20018653633947955
0.04725,-0.08011748141735002,-0.05283867094004076
0.047375,-0.15312204179853683,0.09508365561776251
0.0475,0.09448441655630366,0.05486360294025123
0.047625,0.08167475192773431,0.11046335004523287
0.04775,-0.24832868276893236,0.04732380871841113
0.047875,-0.1664345926830597,0.11272532846218637
0.048,0.12944522626183835,-0.01997745419998317
0.048125,0.046829939883011824,-0.16082832426926838
0.04825,0.023574297403613467,0.06837147401974862
0.048375,-0.37802361232798903,-0.17262212561282358
0.0485,-0.5421243059202415,-0.06881080947566337
0.048625,-0.30222505996150906,-0.24931121584479768
0.04875,-0.08280812591902101,-0.06295049541288279
0.048875,-0.2612937662767571,0.023193772641558193
0.049,-0.4196455764021144,-0.08475492989536296
0.049125,-0.5755338047912395,-0.1704651354951556
0.04925,-0.15003830687133762,-0.057764609504341195
0.049375,0.029091213736951393,0.05088697239639155
0.0495,-0.2764983179440472,-0.11887419689737273
0.049625,-0.24980347887258572,-0.27555452458581664
0.04975,-0.3000004315274831,-0.4424764252741087
0.049875,-0.21511024935524645,-0.36089280502124965
0.05,-0.10396902632164946,-0.33132568929438266
0.050125,-0.18216288111759582,-0.23056030300771305
0.05025,-0.12349257382571865,-0.2851233555888019
0.050375,0.10395341317905975,-0.3925329023625838
0.0505,0.6461589661549927,-0.14884321140475132
0.050625,0.5788608244145548,0.004564814502750721
0.05075,0.4976779119088094,-0.045809915961074574
0.050875,0.30000104354731744,-0.18019054447023333
0.051,0.24698423174553497,-0.33013530595170315
0.051125,0.24625844551680307,-0.0841019691736507
0.05125,0.1648323935373342,-0.03774488720753308
0.051375,0.32523699615780344,-0.1655631246903457
0.0515,0.38579514387732905,-0.0087170720193006
0.051625,0.155770064043811,0.1765711911277979
0.05175,-0.09448167636750307,0.48524795634348034
0.051875,-0.13082681937110646,0.5922597561286076
0.052,0.06813960040241748,0.44815188995643535
0.052125,0.3154740651993697,0.16187836558553706
0.05225,0.4006354259415841,0.12389578084101609
0.052375,0.21198324295607907,0.21348557117180908
0.0525,0.17854943580567423,0.3330381045024692
0.052625,0.12856060619573123,0.3785581333241807
0.05275,0.10871339699381416,0.35216735090736867
0.052875,0.2803958614662382,0.14969665637037405
0.053,0.16353659155409558,-0.04680035774156299
0.053125,-0.08292621448380093,-0.25377345842486787
0.05325,-0.1642815149692478,0.05168664654577259
0.053375,-0.11187220970697051,0.04231950818898882
0.0535,-0.16602176558395584,0.27452565578652127
0.053625,0.013662781360872518,0.14839417798435509
0.05375,0.14907721071374508,-0.0720362011431696
0.053875,0.18632398748825363,0.07000092361985734
0.054,0.26480317166170386,0.15032795190836917
0.054125,0.12752166153222202,0.15083452921349308
0.05425,-0.004097543073780356,0.013080777774598852
0.054375,-0.23551250385174669,-0.0954554696448814
0.0545,-0.3061938750295489,-0.19586723695063524
0.054625,-0.11943778315947902,-0.2620441982293666
0.05475,0.11970244951557751,0.10259291375141423
0.054875,0.45249565107057227,0.19207461672904236
0.055,0.42829462930984497,0.1329454506486149
0.055125,-0.03514590522550295,0.18330736051154137
0.05525,-0.24319334346780164,0.31859996273232827
0.055375,-0.2052188691613828,0.17979728000602113
0.0555,-0.048971561181980754,0.08110986051750906
0.055625,0.12199563594754075,-0.036409209114960706
0.05575,-0.18406427698635197,-0.18050371984033625
0.055875,-0.21506622465921954,-0.20064826642684533
0.056,-0.2541708029273141,0.13942688105468445
0.056125,-0.17989514708906465,0.33944413566641335
0.05625,-0.05952428967682992,0.30197849688536793
0.056375,-0.16291749719505424,-0.15227037383534417
0.0565,-0.2004201536489647,-0.15241109214646142
0.056625,-0.09263267853936372,-0.16918185152259524
0.05675,-0.27051428263092225,-0.15761786696741673
0.056875,-0.22071615516371354,0.06893963810330321
0.057,-0.31218499170961983,-0.02453294274171334
0.057125,-0.24518548035558244,-0.3335649513469823
0.05725,-0.34583872061310944,-0.17864522135671576
0.057375,-0.49438156375287046,-0.23955676300870363
0.0575,-0.4121418888475293,-0.04599142625904131
0.057625,-0.371093168174311,-0.10057232883500933
0.05775,-0.2051962473945992,-0.026407679515224446
0.057875,-0.36789246746921395,-0.24314937613715445
0.058,-0.4347847661095305,-0.22820247049357778
0.058125,-0.3810372205505279,-0.16575643220404795
0.05825,-0.22462329368428305,-0.1495111690917162
0.058375,0.1684455891817132,-0.09889839108991975
0.0585,0.4105102625152108,-0.32429173515812176
0.058625,0.42991045260054594,-0.4189111908799192
0.05875,0.19601291085709305,-0.2528748866337751
0.058875,0.3285572144316499,-0.2795340846232765
0.059,0.33040728442494494,-0.22504564328252674
0.059125,0.05774577258809963,-0.25917784310863756
0.05925,0.1814906984162377,-0.29962286958205764
0.059375,0.010525670212879774,-0.4222088478638633
0.0595,-0.038834712233163975,-0.20303332714659436
0.059625,0.32391111414242924,0.1183048151171943
0.05975,0.4600927554359239,0.41432463498932326
0.059875,0.37368953601467764,0.41623487862564407
0.06,0.5102143331404726,0.3604904294315801
0.060125,0.35439233770002043,0.262197944602419
0.06025,0.2725025821168496,0.3474216875557501
0.060375,0.18091159377739344,0.24192692925682865
0.0605,0.16400970321671984,0.055904828891452096
0.060625,0.014560940597722059,-0.09830308805416946
0.06075,0.12993514403659043,-0.07260410052743285
0.060875,0.1610575601714341,0.252066157015583
0.061,-0.019328846295380803,0.4666182886715526
0.061125,-0.01360051930380094,0.39549138580280063
0.06125,-0.06193941991348571,0.450203939799818
0.061375,0.07582099107004833,0.30826441980821795
0.0615,-0.17217680253671735,0.3665593268612077
0.061625,-0.3269554501783343,0.16929669297896233
0.06175,-0.4570509313165632,0.04647687598716154
0.061875,-0.012194130855268966,0.09626857456800643
0.062,0.09216942937651669,-0.12461344169789232
0.062125,0.219308256281483,-0.007834621468937809
0.06225,0.280658737325411,-0.0931382417695327
0.062375,0.17659911345177698,-0.014149665206079312
0.0625,0.05264886037986314,0.10322217496427813
0.062625,0.24066617641193644,-0.03284218240580405
0.06275,-0.012759540067819056,-0.020315589128457674
0.062875,0.17755208671068956,-0.19619891879132978
0.063,0.24050774232434793,-0.31070329145681985
0.063125,0.06320301692920191,0.0035265555502279715
0.06325,-0.026347324894253753,-0.11751592406008893
0.063375,-0.27626086473431505,0.13903747117033532
0.0635,-0.4247588072715686,0.1931092811805026
0.063625,-0.08603823462016827,0.207502353854716
0.06375,-0.07560057741810847,0.1318621260000136
0.063875,-0.022773347141015043,0.1559921331531004
0.064,-0.1564209678372977,-0.004821671923545669
0.064125,-0.19222628494427624,0.11227637986859089
0.06425,0.04743310937327355,0.2418069243064103
0.064375,0.03468662113780652,0.08996021471952878
0.0645,0.050588279038436754,-0.15527520357349528
0.064625,-0.3448160294777899,-0.34151314774024866
0.06475,-0.37038143304307236,-0.22191526262183664
0.064875,-0.14438646639820688,-0.03848557622229822
0.065,-0.23995648954481957,0.05096159288549693
0.065125,-0.5409923843631458,-0.04749629917057397
0.06525,-0.8161053144570206,-0.26778553456958604
0.065375,-0.8429366844824788,-0.14693342252338726
0.0655,-0.3786383475470801,-0.09161070262417814
0.065625,-0.20862484935975908,0.1299555998603308
0.06575,-0.19754914141160845,-0.20713980610844895
0.065875,-0.2106907103030146,-0.10260887442650192
0.066,-0.2705883584312719,-0.305542733949399
0.066125,-0.2836149877702949,-0.34850258404120565
0.06625,-0.221011530750324,-0.3110054948973282
0.066375,0.05217891801922687,-0.44237753461625623
0.0665,0.02228762309487312,-0.6589252265684152
0.066625,0.06316901460879412,-0.481217249666499
0.06675,-0.10111537383791983,-0.4921066690171201
0.066875,-0.3672407628124077,-0.2804666706338138
0.067,-0.11546737282562827,-0.14625319452029115
0.067125,0.025864030475129623,-0.12187215545506826
0.06725,0.4063134218574052,-0.22349105327571261
0.067375,0.5195844988347375,-0.30142532574374353
0.0675,0.5108209719593466,-0.1541152632805347
0.067625,0.7029926497219328,-0.016647643226873038
0.06775,0.6618015203328828,0.008595619884967182
0.067875,0.7504621645699319,-0.039381560410795505
0.068,0.4433875974361689,-0.027495474608078996
0.068125,0.2805959892642795,-0.21537237116685445
0.06825,0.019689950595048727,-0.1366855958481598
0.068375,0.39345182150919583,0.08249440706910385
0.0685,0.2648328584578178,0.3408511068053436
0.068625,0.2500916546075458,0.611873635458613
0.06875,0.010230606102529224,0.6182892141283532
0.068875,0.08190923677968884,0.588681951009687
0.069,-0.04014348671896924,0.6145810140229508
0.069125,-0.24702140085905971,0.6507922680871258
0.06925,-0.13574726829321596,0.5556229268667732
0.069375,0.01564517092375327,0.18949990113019308
0.0695,0.23807189196947756,0.1300651958274716
0.069625,0.16744709775323102,0.23786610001875308
0.06975,-0.19811139966112398,0.3218712235832719
0.069875,-0.032097741631075954,0.05110395365994393
0.07,-0.09337520795867854,0.13391144309140343
0.070125,0.1409602948851534,-0.062271305518131065
0.07025,-0.21121998820347418,-0.13320384179276873
0.070375,-0.01345026131293368,-0.1781591655299285
0.0705,-0.059843683983951644,-0.08918215350507604
0.070625,0.2321997897012349,0.16074383953224425
0.07075,0.27568390228585093,0.05864898075231957
0.070875,0.043677710414928315,0.07953993650664112
0.071,-0.002654959950743936,-0.2077584219326312
0.071125,-0.2813109322946888,-0.08643270368327115
0.07125,-0.22988048086484206,0.012312972676723431
0.071375,-0.07169220870934637,-0.002391524792537573
0.0715,-0.22773701105271918,-0.044458628726760666
0.071625,-0.17271352758420616,-0.1451223306307333
0.07175,-0.2203639083958053,0.03602567644124357
0.071875,0.20777280265918643,0.25223318153120716
0.072,0.15526693304881373,0.22918815637889253
0.072125,0.0309468448372348,0.16361413544728584
0.07225,-0.012539149283623242,-0.00810745703927809
0.072375,0.007507436673397492,-0.25115001704048684
0.0725,0.4486502571126318,-0.08720545117157265
0.072625,0.296835286579839,-0.15971168393012697
0.07275,0.054704447435663654,-0.1450631338153342
0.072875,-0.05105626970482074,-0.036041904630573905
0.073,-0.43209803058956187,-0.023219469079010013
0.073125,-0.38297105124682257,0.12357371884284744
0.07325,-0.22303620211229025,0.11166335879814211
0.073375,-0.15381417251581977,-0.031560914439477374
0.0735,-0.1701576199416381,-0.159764586921784
0.073625,-0.40921292256539565,0.11025097380934754
0.07375,-0.5552898075691505,0.4272143969965326
0.073875,-0.49239976698867444,0.2219881402782061
0.074,-0.4145503327442556,0.2707124553057504
0.074125,-0.3963469290077049,-0.0783975263962086
0.07425,-0.28209229161760285,-0.2852149549924854
0.074375,-0.33713240580149456,-0.34920845112707893
0.0745,-0.3322788555866561,-0.20647258243327232
0.074625,-0.16452652755591327,-0.12561691774276654
0.07475,-0.2222877169924426,-0.18033737400803418
0.074875,-0.10321208150169309,-0.3247551220637067
0.075,0.08664364138230385,-0.5085814382524957
0.075125,0.23685719524255924,-0.3934533093052069
0.07525,0.219272533011359,-0.4356444535244366
0.075375,0.006247554383137084,-0.42983692007727753
0.0755,0.2706333797646091,-0.2973876772629374
0.075625,0.26974535341065925,-0.2915359850192122
0.07575,0.3895430795540971,-0.32231063944925165
0.075875,0.31562482099902384,-0.3139462049650711
0.076,0.24434950648445064,-0.13917615179326476
0.076125,0.31823833370706994,-0.001914452127194419
0.07625,0.24861813421865328,0.06774787619864157
0.076375,0.18900360928695345,0.13255601893089597
0.0765,-0.12751102128336697,0.13741859175207147
0.076625,0.24635892818596625,0.14216584563848048
0.07675,0.4859269534018196,0.11110580308357731
0.076875,0.6870674339647569,0.2187959248250233
0.077,0.320839166949496,0.3999891937652546
0.077125,-0.07866289864115898,0.3092104299909303
0.07725,0.06946454167189882,0.08824368285831069
0.077375,0.21587536119954626,0.3261373356966185
0.0775,0.3272131147494737,0.22927562858970038
0.077625,-0.013389110909807024,-0.04283700070685521
0.07775,-0.032930640140275025,-0.023205861890822292
0.077875,0.08844299438390679,0.2359817184344657
0.078,0.2826584675512826,0.5740037885772521
0.078125,0.23101760204886662,0.5505266452544928
0.07825,0.08040909953687386,0.2857134863570035
0.078375,-0.05465503664832656,-0.02739056187641356
0.0785,-0.11617509249955753,-0.0009030669973689086
0.078625,-0.025909276423330505,0.05067135046611904
0.07875,-0.044656160991442116,0.25459961793444813
0.078875,0.0033743999680945795,0.1302423445935319
0.079,0.21534512830486321,-0.14517261792253702
0.079125,0.27877671845787155,0.12003119890748637
0.07925,-0.18341334584439206,0.10994982288874959
0.079375,-0.5812753392714244,0.32662354145566774
0.0795,-0.5389033045649992,0.12686647368547532
0.079625,-0.04002099693949093,-0.06681377149249364
0.07975,0.2565217893615753,-0.04735489612444656
0.079875,0.3174043689820693,0.047925677068113105
0.08,-0.0665372083968709,-0.011837592719526644
0.080125,-0.02302647907261337,0.14950583317817326
0.08025,-0.05734650154280797,0.18337749053885907
0.080375,-0.053797244235231495,0.226804428848627
0.0805,0.14029856156354062,-0.161917285043848
0.080625,-0.052911275390707405,-0.4045479268682909
0.08075,-0.03423199694516299,-0.46610346354027066
0.080875,-0.2395927643447236,0.052511090182357986
0.081,-0.5153642636652487,0.21473896812557153
0.081125,-0.4588993343440922,0.1898745534239882
0.08125,-0.21658169431504526,0.18085537638094654
0.081375,0.036042277720439664,-0.10920889141544565
0.0815,-0.08389744469417207,-0.2100788389386815
0.081625,0.0705400390067884,-0.012095527778359049
0.08175,-0.08080666012102351,-0.059262895540484056
0.081875,-0.2550788279219075,0.012344572338053543
0.082,-0.31436572730449014,-0.07515717573383224
0.082125,-0.6848898368613983,-0.3034575283509672
0.08225,-0.5445358145084944,-0.4256462988759028
0.082375,-0.16987508734093554,-0.41532476793883566
0.0825,-0.33702735100832093,-0.39596235076615705
0.082625,-0.41773107789303604,0.0046058725442444815
0.08275,-0.3520325535039438,0.005638490485951964
0.082875,-0.22195014889807865,-0.015862653839853556
0.083,-0.04421430987042065,0.04205209148090045
0.083125,0.2420664057931133,-0.1581165149315424
0.08325,-0.07702604041024054,-0.27122558776434347
0.083375,0.04927986254855613,-0.45767660591791215
0.0835,-0.06262377600926579,-0.4312344415552259
0.083625,0.2616217814779562,-0.2023278595236755
0.08375,0.4052520103771155,-0.12296132644246047
0.083875,0.5147970280826549,-0.3792069217481414
0.084,0.4944212130406016,-0.3947723120739136
0.084125,0.2994545994495851,-0.1401816363585259
0.08425,0.23572578473577435,-0.046911593334190226
0.084375,0.0865980513470772,0.14091647754873596
0.0845,0.03075149105759006,0.1874777183492509
0.084625,0.0028297515587485736,0.10489449769162212
0.08475,-0.2608760563733372,-0.027577144953872028
0.084875,-0.18767015014222455,0.23170631378713027
0.085,0.18513062780565667,0.40007955729074124
0.085125,0.37699282974072873,0.509301579718582
0.08525,0.3343418713535104,0.5271889710278276
0.085375,0.4014441916588685,0.37623379812099633
0.0855,0.4486945283649899,0.18414497193203586
0.085625,0.3880677097726652,0.20320577648329796
0.08575,0.2374842959581415,0.1700440667771902
0.085875,0.17839158521178664,0.06262942454203181
0.086,0.054127966965487,-0.035462520765919665
0.086125,-0.116488291758515,0.12240822314073956
0.08625,-0.0944617796400292,0.12753050760491053
0.086375,0.15945628506808016,0.2710858460142959
0.0865,0.09778087813839886,0.2907323815866734
0.086625,0.15032090820032704,0.29873062310959836
0.08675,0.127310493885674,0.3798742674411216
0.086875,-0.014504431302950213,0.40528632322464475
0.087,-0.021416567141048042,0.370577643962493
0.087125,0.09641989045496804,0.14131866986144226
0.08725,0.15684289380316543,-0.04978624428079362
0.087375,0.05386627322063947,-0.0575306922740159
0.0875,-0.21530604433151287,0.14626728221453167
0.087625,-0.4148464876082962,0.0224949102006069
0.08775,-0.33161899352774993,0.2385779883937076
0.087875,-0.1407373264942045,0.14855428120924666
0.088,-0.11013624041102595,0.16226897417911826
0.088125,0.033220935723128855,0.09558397904501521
0.08825,0.1299407578968673,0.039938197145387176
0.088375,0.06273761141857905,-0.139185601503633
0.0885,0.01983497989938879,0.09086708181333482
0.088625,-0.08098613321933419,0.08984075123965127
0.08875,-0.24156828611354833,-0.18084452002133064
0.088875,-0.3145015551029964,-0.35421532263685773
0.089,-0.296040054249643,-0.3361910387415151
0.089125,-0.18847484979727855,-0.17445109612172569
0.08925,-0.024881373338884506,-0.09050069011563992
0.089375,-0.17363696898297945,-0.12100126926571883
0.0895,-0.11033410848493042,0.1406855205643632
0.089625,-0.41671497171032595,0.17764449817281702
0.08975,-0.26649847374688207,-0.017318531949671027
0.089875,-0.09344957029575356,-0.09392450940540492
0.09,-0.09954173527416554,-0.2212626679786275
0.090125,-0.1592848682058031,-0.1755563037035152
0.09025,-0.13532193034479004,-0.28143809879646625
0.090375,-0.24478758175723822,-0.15980653471727815
0.0905,-0.3158046396307029,0.020493988606103537
0.090625,-0.2778383451085422,-0.046116496206544184
0.09075,-0.17755647365057275,-0.18592236112818192
0.090875,-0.19885377692971176,-0.21868689077288264
0.091,-0.19026372992263926,-0.044503025056952236
0.091125,-0.5172964809422232,0.05320876384277779
0.09125,-0.4354853520629144,-0.12329310326366222
0.091375,-0.10928531334823859,0.00998757950945455
0.0915,0.11759324224100665,-0.12488267942066059
0.091625,0.1447245384623351,-0.21877592500419601
0.09175,0.40440946529631944,-0.22191383972043277
0.091875,0.29942244359484704,-0.22876672766079784
0.092,0.11981733316789935,-0.18259578162554027
0.092125,0.10867073509128954,-0.26418269690366086
0.09225,0.0732226745263903,-0.27749424755792906
0.092375,0.1667624324760342,-0.38768903169067004
0.0925,0.08624657067411111,-0.29555223429608124
0.092625,0.08624253254372177,0.005608727558778935
0.09275,0.1320212401224914,-0.014103144967193407
0.092875,0.4548422432419167,0.07148897742935638
0.093,0.3907589042430122,0.39415667417228195
0.093125,0.32899909983822395,0.3280773905327718
0.09325,0.1556753312803316,0.1342750573393884
0.093375,0.08499155767566699,0.10733820812537703
0.0935,-0.029916601362197447,0.058664293582231214
0.093625,0.2818614340018918,0.12419007904447649
0.09375,0.26558912985829847,0.06266846683123375
0.093875,0.27840052603743076,0.16514262612834155
0.094,0.1364780097473435,0.1279870143203071
0.094125,-0.14127420937870327,0.2308177494073371
0.09425,-0.034388808752944325,0.10319115149948026
0.094375,-0.02221284473816356,0.21537305531043785
0.0945,0.2548657173806274,0.11592801204352605
0.094625,0.3618611726068122,-0.07920542910955472
0.09475,0.29750922224656645,0.06562085107965661
0.094875,0.02290421419411933,0.10012604785913395
0.095,-0.2278174126104652,0.3572839082037381
0.095125,-0.07984508733517859,0.2373970834763578
0.09525,0.07838721843304958,0.06446185864807658
0.095375,0.19082805501712685,-0.09450458787770803
0.0955,-0.08358108175213456,-0.1894619766666654
0.095625,-0.3221327472074766,0.012432281011162578
0.09575,0.008032360271584032,0.3032726877053127
0.095875,-0.14757569194906156,0.3757211496007181
0.096,0.014261915597018924,0.2673312128441262
0.096125,-0.17694219428117844,-0.023142842295484252
0.09625,-0.04102184716327466,-0.11446546241762613
0.096375,0.25674828708883196,0.011817989782506163
0.0965,-0.012376531219678287,0.1771670268669777
0.096625,0.12101909931220223,0.09208587285906965
0.09675,0.22565313282455465,-0.045591081289818085
0.096875,0.10000648918883556,-0.16591067052349734
0.097,-0.06037036799645873,-0.17594950173870808
0.097125,-0.04237240266821513,-0.1616154880728095
0.09725,0.18126738228779227,-0.033064202125812445
0.097375,0.4784285128631044,-0.05457914049502402
0.0975,0.40619029341492824,-0.08958957330875088
0.097625,-0.09296727422683208,-0.0011736706901546684
0.09775,-0.42110549812831366,0.05235142809637483
0.097875,-0.4010284597875597,0.09333495360852759
0.098,-0.21491845115296077,0.10957936105718474
0.098125,-0.13721430380124905,0.120078733725603
0.09825,-0.12079858399177358,-0.06998977507455537
0.098375,-0.44406977920949275,-0.10935730900819514
0.0985,-0.4514141738357753,0.2504499766497066
0.098625,-0.2770637133264022,0.3583071785029382
0.09875,-0.2691100907379762,0.3228507960871224
0.098875,-0.36756349848775755,0.11208984549222521
0.099,-0.2320742634553203,-0.4560793821861385
0.099125,-0.179986172548455,-0.3519585559841978
0.09925,-0.181003093948569,-0.15077879035604988
0.099375,-0.33055011754487573,-0.043179523652413475
0.0995,-0.5085772804170424,-0.40568342059061274
0.099625,-0.2393150197557454,-0.30821824909671386
0.09975,-0.004744639503206744,-0.37414290342463435
0.099875,0.2195391757772739,-0.14748430623911765
0.1,0.14806511231051359,-0.19081128083890356
0.100125,0.04515801899593167,-0.36120854247768003
0.10025,-0.1345741113396009,-0.4475839535196309
0.100375,0.0038650739806374928,-0.17924619980838774
0.1005,-0.023502768927136927,-0.15828343638554068
0.100625,-0.06110947706893655,-0.3570872989921136
0.10075,-0.03495648754275258,-0.4109281393429926
0.100875,0.15751529452761717,-0.2550477689295239
0.101,0.4018582919060657,0.060419748189818476
0.101125,0.6163103277749232,0.05149334857554566
0.10125,0.582432836468563,0.05299778651420286
0.101375,0.40663546494978736,-0.16422987101854591
0.1015,0.2567412825249123,0.00012229341279775796
0.101625,-0.017731835916978043,-0.11328534462371938
0.10175,0.01243858927069423,-0.2286102756624979
0.101875,0.22371192248824415,0.023587106023614763
0.102,0.15599734764620382,0.008449002211733852
0.102125,0.15750721819995955,0.1221930597881381
0.10225,0.08431226723605406,0.26604797083794146
0.102375,0.4242881210730934,0.3972405261386079
0.1025,0.3706302594117304,0.565565484582143
0.102625,0.2935328941530074,0.4916735101133871
0.10275,0.3802841145352686,0.3358287835290741
0.102875,0.24457511306559515,-0.05106829186332594
0.103,0.4564740929827098,-0.06970966822853923
0.103125,0.45855472329068675,0.05760334617735447
0.10325,0.17150685556348474,0.09256814748844716
0.103375,-0.2506209271333151,0.09478345299427315
0.1035,-0.24291320065556904,0.1764596371017969
0.103625,-0.0519142396852757,0.17806494725561012
0.10375,-0.10338156324350492,0.16043945980545332
0.103875,-0.3902973075102064,0.20970529819548847
0.104,-0.4251243236139571,0.12436647609825414
0.104125,-0.10875676135869278,0.23679637873058754
0.10425,0.10261600981495118,0.434383787056568
0.104375,0.028867508282813155,0.5422858945783353
0.1045,-0.19109427771772236,0.08769064885874957
0.104625,-0.19815404417812463,-0.1456566839280509
0.10475,-0.23525835833220088,-0.2024632145302817
0.104875,-0.09482078425205595,0.006292195478803931
0.105,0.08069564734630033,-0.07828466170969084
0.105125,0.22335030664572972,-0.27590685698356754
0.10525,-0.04683469674479788,-0.3428617871365931
0.105375,0.2135032651395645,-0.23905424508502884
0.1055,0.1369168620957384,0.2124414552866571
0.105625,0.26857132631151104,0.09427707224775406
0.10575,-0.1294763880772661,-0.16293097626229605
0.105875,-0.16423577811151033,-0.29570831804670056
0.106,-0.17639013647605162,-0.22876366352147845
0.106125,0.11765939903143371,0.0028748934412748317
0.10625,-0.058266985044215694,0.1990215991356371
0.106375,-0.5004911076936048,0.1342040220390679
0.1065,-0.5785453890099423,0.0812492026595533
0.106625,-0.6628092792612389,0.10210245310305416
0.10675,-0.40524867753811167,0.2571949517553204
0.106875,-0.14225007521423094,0.18998631460157298
0.107,-0.09517366341285231,-0.09363088224579573
0.107125,-0.2961873131286466,-0.27685477949022397
0.10725,-0.6998134620931603,-0.0605830147457985
0.107375,-0.3957592590094209,0.10242132869572379
0.1075,-0.30911546489643454,-0.04174759556945202
0.107625,-0.10429516680747061,-0.20373323408153085
0.10775,-0.06489221025905258,-0.49571068153377595
0.107875,-0.23937546614643018,-0.7149385637827319
0.108,-0.17532013296884222,-0.475836327503285
0.108125,-0.15548764834630713,-0.08001860479574292
0.10825,-0.07758085330086593,-0.03843359346259436
0.108375,-0.2742347110563752,-0.2608612215662336
0.1085,-0.018731527625382424,-0.6275650420993325
0.108625,0.33959596309054235,-0.4402658660719618
0.10875,0.4651897261827553,-0.19734315960044044
0.108875,0.43792094886199906,0.027161517426002042
0.109,0.14744097628889205,-0.18248429903398364
0.109125,0.03615453647026374,-0.19323015849911698
0.10925,0.5249822549856188,-0.13308010859889097
0.109375,0.6007792668895289,-0.08632433637351469
0.1095,0.46026942182562225,-0.14216099418833356
0.109625,0.2099442394362308,-0.24980156386679783
0.10975,0.3232004705739414,-0.05589310245089155
0.109875,0.4420264339100239,0.14511832005013864
0.11,0.15202495482058265,0.5059606600127029
0.110125,-0.08596281660068814,0.3341403528303184
0.11025,-0.29362461133365036,0.18209767028415286
0.110375,-0.07333936259937282,0.16243986771426794
0.1105,0.2064831779413492,0.31075159001991653
0.110625,0.2628629251403145,0.4991622931088763
0.11075,0.15418187785303658,0.3698644442127958
0.110875,0.14455675384157674,0.2630451706735682
0.111,0.3633185255810741,0.394118003266867
0.111125,0.2574817780593895,0.27771417601906334
0.11125,0.3222743956484574,0.23065304297829645
0.111375,-0.19589219300090396,-0.019605893003699387
0.1115,-0.155275729867939,-0.23569590723072426
0.111625,-0.09906355639323214,0.03990920623324045
0.11175,0.33372285816526137,0.2862923455786696
0.111875,0.18234596587696528,0.1621843609478859
0.112,0.08713228870199077,0.15299980430486465
0.112125,0.12907779717720713,0.06107516455299464
0.11225,-0.24284461626574402,0.03124081838453677
0.112375,-0.002792387304686246,0.20467778877869008
0.1125,-0.10312793068568951,0.22934771985419358
0.112625,0.15577951668471643,-0.10171155542560434
0.11275,0.14724078817689357,-0.14576998202971492
0.112875,0.16013628704273963,-0.25203719264825064
0.113,-0.25310418231175136,0.13114018969468902
0.113125,-0.24564605799889813,0.24532613017893415
0.11325,-0.20578600017336962,0.22713161619582073
0.113375,-0.10129773880879596,-0.01936937096468304
0.1135,-0.13432396804923838,-0.18425739819883996
0.113625,0.1002718627633022,0.008185830089988945
0.11375,0.1757231335008115,-0.10266964636405936
0.113875,0.10709910920148352,0.1017548768484049
0.114,-0.05927721287837292,0.13695166225696578
0.114125,-0.33077298866475174,-0.008711494341262244
0.11425,-0.39797143172971566,-0.19804561228610557
0.114375,-0.27208219754717305,-0.24736865955937057
0.1145,0.010873911465152016,-0.14202806401501245
0.114625,-0.01343886245681436,-0.16371546916133356
0.11475,0.03080011792044514,0.05112498130628302
0.114875,0.0013785110275462114,-0.00947539318066823
0.115,-0.1637024113097375,0.16130856766142557
0.115125,-0.3399298445202997,0.09840282310197183
0.11525,-0.4709961798235669,-0.03299464087372776
0.115375,-0.4008545222624248,-0.2542160695638801
0.1155,-0.145818615077583,-0.42394163331806867
0.115625,-0.16997722659410266,-0.24424754805417695
0.11575,-0.3299032823397657,-0.27209258882458665
0.115875,-0.4342786615835038,-0.03454945298625396
0.116,-0.43917169249778265,0.0427787114451274
0.116125,-0.1872110011861609,-0.08398090521438642
0.11625,-0.1082781908184769,-0.10672372259687572
0.116375,-0.241478697704656,-0.2353996538225708
0.1165,-0.3722381782942526,-0.1979527241624107
0.116625,-0.31644491164554794,-0.26160267803612486
0.11675,-0.03526610585392974,-0.12914197804371166
0.116875,0.24355034625547992,-0.29257818228462273
0.117,0.1760372300300138,-0.20155055009226022
0.117125,0.24372116272285102,-0.5115361645481876
0.11725,0.34681804452008286,-0.3742705000992631
0.117375,0.5530039632141543,-0.25569964463289907
0.1175,0.6848752881116906,-0.04085445288624665
0.117625,0.5603360730873935,-0.1799798040481074
0.11775,0.6556888899089997,-0.32264359464977443
0.117875,0.3726892131407994,-0.1995012189561197
0.118,0.17376701007134956,-0.09912586316817712
0.118125,0.24669308091984876,0.11637959075996426
0.11825,0.1615614573885843,0.165482590803853
0.118375,0.24148233940870736,0.06152025687117452
0.1185,0.19580548614205337,0.3965160779887967
0.118625,0.1429016439569477,0.4307753207701708
0.11875,-0.14517057293831426,0.5409898674766292
0.118875,-0.19184478526998577,0.5442611233669504
0.119,-0.04450566248120937,0.48512869624631016
0.119125,-0.146177738994159,0.4474958699805058
0.11925,-0.2300864335477654,0.1200800152229959
0.119375,0.03265416112896587,0.0611675225149943
0.1195,0.023806567403496903,-0.0382723472152609
0.119625,0.10260225256675189,0.24900769517730947
0.11975,0.05830912855052923,0.20132046437398823
0.119875,0.16819993924874185,0.01660631972164843
0.12,0.6098281752987302,-0.07310251194819076
0.120125,0.6296344844527995,0.00609973533710717
0.12025,0.18552052944477695,-0.06518432006603134
0.120375,0.03306081824875331,-0.2700847999693834
0.1205,-0.29642570126432066,-0.09818089718219208
0.120625,-0.2932866278290193,-0.056900515180745355
0.12075,0.13005965598964192,0.09383536916392657
0.120875,0.30208760724060263,0.12104159026959106
0.121,0.2736815819289344,0.14656676810534328
0.121125,0.011117080228028585,0.3029512844748253
0.12125,-0.1557161308874456,0.4901940734637344
0.121375,-0.12643107087330174,0.46444318827319986
0.1215,0.051462461287773126,0.20559189661870017
0.121625,0.1255176695621235,-0.08045348039929816
0.12175,0.06066785341752907,-0.1699678092953948
0.121875,-0.23372747267515823,-0.17183776255986086
0.122,-0.6204677822751271,0.053592237844895925
0.122125,-0.42584946858539063,0.2318599911982732
0.12225,-0.10354182357840237,0.24974592134599277
0.122375,0.006685252808517819,-0.11801912443669269
0.1225,-0.11086549858971974,-0.2651816312811117
0.122625,-0.2251886850623954,-0.28552327341588607
0.12275,-0.08478321505865498,-0.051654635896263366
0.122875,0.0088876166663598,0.2054294825200027
0.123,-0.07206572966090216,0.05565487979401012
0.123125,-0.23030455444135006,-0.23584816000275333
0.12325,-0.26978454399305946,-0.5264022386773086
0.123375,-0.2911034126487294,-0.2786431280075499
0.1235,-0.2523738926505244,-0.1542209854093492
0.123625,-0.03127890534969243,0.054953971484322996
0.12375,-0.1942852876170174,-0.1029379791038441
0.123875,-0.08276732526496446,-0.11288738762810994
0.124,-0.42919735355609057,-0.1899163826701851
0.124125,-0.49625708311082345,-0.1537494063156633
0.12425,-0.5301981117717702,-0.12993492778480023
0.124375,-0.3200051913608941,-0.27666867909094833
0.1245,-0.07986214311386851,-0.2852599771416022
0.124625,0.12893827560328258,-0.2873831324383085
0.12475,0.11858538650215264,-0.23365033334680638
0.124875,0.10284327568330512,-0.12496834364861562
0.125,-0.06610474650957278,-0.16091931318657002
0.125125,-0.2543056302803091,-0.18469378184185628
0.12525,-0.09685008808063612,-0.23457264494113617
0.125375,0.0733438737277364,-0.4936753418558403
0.1255,0.36789309892621497,-0.30205707832339085
0.125625,0.3327147122988398,-0.3015202351682394
0.12575,0.26130429347845624,-0.09212089480815493
0.125875,0.2478422498603598,0.24040412747025722
0.126,0.5382730106182482,0.2024468410500938
0.126125,0.6135120090039757,-0.10181677545203399
0.12625,0.5103829012054397,-0.2639816939409196
0.126375,0.18652732995544802,-0.13551566989501754
0.1265,-0.0511466862524167,-0.07568208829678742
0.126625,0.13034325305174427,0.24670724761814034
0.12675,0.5250157078426279,0.39758642833454383
0.126875,0.5017656513942729,0.3012411266203923
0.127,0.31625325336615623,0.18480466954161462
0.127125,0.1301639483152642,0.24264319954743718
0.12725,-0.031249836742093078,0.4346903461792049
0.127375,0.022188860038975734,0.6246374668366275
0.1275,0.20246637703114162,0.36673389919910626
0.127625,0.1906569413000814,0.1523491269829813
0.12775,-0.03390908736812892,-0.12289060730605696
0.127875,0.1470787692217395,0.2315510091616505
0.128,-0.015978201323280608,0.5072491500839534
0.128125,0.10115340526646437,0.4550570895958785
0.12825,0.2793720486559491,0.09326686847072835
0.128375,0.07623440190205741,-0.003028154533468266
0.1285,0.21747812596261462,-0.13476862954855712
0.128625,-0.2310499799501355,-0.05665332079326727
0.12875,-0.06683866502386064,0.038503667398418005
0.128875,-0.2556903614338448,0.02365152929679391
0.129,0.012761460216095182,0.04715822204224598
0.129125,0.23265140547122376,-0.13578562941480543
0.12925,0.46035080858556515,0.07079540740069938
0.129375,-0.037513901531390545,0.19080346907246926
0.1295,-0.15872175462678922,0.12729160058263103
0.129625,-0.03202908089210894,0.11378604579154086
0.12975,-0.15211845487661788,0.09405725020943263
0.129875,-0.030865489022150732,-0.07803307824136395
0.13,-0.27525644044715813,-0.15911262411369848
0.130125,-0.3345645855235976,-0.10253738320683019
0.13025,-0.10278853420969022,0.06389389749321735
0.130375,0.09795525446320053,0.27955197944415616
0.1305,-0.15384959945844684,0.33543790006460894
0.130625,-0.4201718698998625,0.0519228191021362
0.13075,-0.42590455321836274,-0.19127094908285086
0.130875,-0.11165651316430042,-0.20666630611994827
0.131,0.05551505343049591,-0.0878793521059345
0.131125,0.22088202436790597,-0.08307170211117544
0.13125,-0.2419384840732075,-0.21061288771253214
0.131375,-0.35068808115725075,-0.21882580858818387
0.1315,-0.35802292439384664,0.03251734362335954
0.131625,-0.31324860402146854,0.1818740581493588
0.13175,0.13736016939530354,-0.06686510424836613
0.131875,0.08414296402725402,-0.4906689104968328
0.132,-0.02087780641420422,-0.46064023276823884
0.132125,-0.1392556260530154,-0.43179117215527446
0.13225,-0.31812611040092886,0.1595469199964994
0.132375,-0.18635980629110596,0.061414819244015324
0.1325,0.031469340718323496,-0.2639142157769032
0.132625,-0.17691179549845698,-0.41195145596192617
0.13275,-0.3646523064062177,-0.3622944890735153
0.132875,-0.08270621564620562,-0.19697524117413695
0.133,0.022384589407170773,0.06134546975515348
0.133125,0.05525579549141338,0.2495640085107041
0.13325,-0.19375044340666575,0.0551442917912049
0.133375,-0.27758832310555165,-0.1337087765758928
0.1335,-0.3297046205677833,-0.23252715347141484
0.133625,0.10544215863230184,-0.20766046115677445
0.13375,0.3584699704199233,-0.046210942077313764
0.133875,0.5540130278672679,-0.3032454799860848
0.134,0.5110905804806585,-0.03788675256162421
0.134125,0.44585764635595915,-0.21476494076597671
0.13425,0.24509193450645592,0.07092767160767058
0.134375,0.3381429853313663,0.13346940912676378
0.1345,0.17129003969472864,-0.06234916971732592
0.134625,-0.008556259553103655,-0.33015992426060237
0.13475,-0.3657456030078004,-0.3262732164489573
0.134875,-0.3077454661831668,0.011074559844841333
0.135,-0.27244025711365316,0.2720492566306914
0.135125,0.22817972280685633,0.6258408979639858
0.13525,0.5760488612248579,0.4934107824391337
0.135375,0.4802661618618117,0.21416021923713138
0.1355,0.11593213546904865,0.2306198461644105
0.135625,-0.03871310728689956,0.38292183425006815
0.13575,0.04017119729434625,0.2893537531765744
0.135875,0.3040978823451181,-0.002743850439446806
0.136,0.20420629332320245,-0.16266939534976782
0.136125,0.044900071030350895,-0.2726259328603948
0.13625,-0.06098247377003323,-0.010097442841673708
0.136375,-0.23618683916470073,0.3692211972581128
0.1365,0.21656604453856224,0.5254406809363562
0.136625,0.45153358319724224,0.3530126890647503
0.13675,0.18839352762713765,0.07200942203100415
0.136875,-0.06548967418994851,-0.07921471137704143
0.137,-0.39454428160263777,0.17060491453574336
0.137125,-0.01467602361944701,0.1725094461584471
0.13725,-0.0607906725559397,0.3022214987665847
0.137375,0.18065630825387663,0.02158717632256969
0.1375,0.1405240201007798,-0.2077827446400195
0.137625,0.22764254795506583,-0.014492760778933344
0.13775,0.1265738922397892,0.3329049059662605
0.137875,-0.14815662091252588,0.3843359148026543
0.138,-0.17640594491209238,0.24970977725275242
0.138125,-0.09406346636729825,-0.04327207414894654
0.13825,0.016970839730816808,-0.32624666100285693
0.138375,-0.03018841706463612,-0.172235993971698
0.1385,-0.21490954919683172,-0.0063360059250062205
0.138625,-0.20713666322840768,0.19175355959269036
0.13875,-0.07564065333490808,-0.01611989110026583
0.138875,-0.09889110439789137,0.12450544207194802
0.139,-0.2141706943990478,-0.024485340125776803
0.139125,-0.15384747550763314,0.00014045219660009862
0.13925,-0.09054877088173399,-0.015517317061186886
0.139375,-0.043277148331100905,0.1410725054570957
0.1395,-0.03745521667035052,0.07128751345230352
0.139625,-0.014547587461984547,-0.08646908849650965
0.13975,-0.40910463261335706,-0.20223434964883139
0.139875,-0.6335423811484484,-0.13040407889590955
0.14,-0.5474035478792028,-0.10729149360457511
0.140125,-0.2980176627346094,-0.05309343224973768
0.14025,0.05238619743483379,-0.14988076657727184
0.140375,0.30225594459019295,-0.3671376911648837
0.1405,0.04726461931574035,-0.07574236382732268
0.140625,0.0390011835326233,0.06475393872111271
0.14075,-0.43136805123167693,-0.10352384684176066
0.140875,-0.42516074796048503,-0.13597762465338994
0.141,-0.3565599368632609,-0.17398056590558653
0.141125,-0.2670027056530496,-0.4249114839176741
0.14125,-0.17568479172511423,-0.4062099562608233
0.141375,0.03555415370206165,-0.5012762947273479
0.1415,0.03763772342655996,0.032873920150476035
0.141625,0.06788100789506092,0.2165429851805365
0.14175,-0.05012555122605075,0.0028917586261155174
0.141875,-0.17424188767990859,-0.1211249885326292
0.142,-0.031047716076836554,-0.32467721864059945
0.142125,0.04538836782504966,-0.36959574049825566
0.14225,0.36572790975436253,-0.3277896109303969
0.142375,0.12889612655197535,-0.2631680251287645
0.1425,0.25600180788159344,-0.09142282780066971
0.142625,0.14599945446064594,0.05961145230384852
0.14275,0.3980227565218577,0.09217518153131256
0.142875,0.5299458474442585,0.022943279065589635
0.143,0.4519418223495469,-0.1702173616901307
0.143125,0.1333632749084198,-0.07192483315560415
0.14325,-0.0013926495274065732,-0.04580336427749064
0.143375,0.1862450647380667,0.17328433867650353
0.1435,0.42916680850249705,0.1625159357379151
0.143625,0.6292922910930651,0.14939648250483117
0.14375,0.30273150057456905,0.21208845911596177
0.143875,-0.09836292198010987,0.2639172773991926
0.144,-0.17748961892405743,0.3165674883828491
0.144125,-0.07703907026081794,0.396267009602435
0.14425,0.14162075842686137,0.3105739792345818
0.144375,0.43426539191654984,0.28216702673188976
0.1445,0.3381103469097328,-0.028224561560180935
0.144625,0.18108933617460735,0.159114577331456
0.14475,0.06268337348200553,0.3870330666356693
0.144875,-0.01423114432343994,0.5630894696427114
0.145,-0.02347782280894737,0.29749124442903796
0.145125,-0.14550954215431117,-0.07537499752368344
0.14525,0.0758192679096775,-0.26003309932340524
0.145375,0.30081188134276265,-0.20776717817316515
0.1455,0.15556016907648376,0.2913350254185961
0.145625,-0.16360110635430064,0.2677308091449731
0.14575,-0.37158031317478774,0.20107760226242485
0.145875,-0.5408271512995559,0.10950213633986007
0.146,-0.1628334180146907,0.0563252973996265
0.146125,-0.022053329490174096,0.0003073739882014302
0.14625,-0.03644032673438859,-0.04210504354542819
0.146375,-0.23367854139404676,-0.10537503827566058
0.1465,-0.2298656807348688,0.03138032109617742
0.146625,-0.047792528358673717,0.24634039550147308
0.14675,0.21923110054601305,0.16496228437819965
0.146875,0.18334154017323875,-0.2248212552173957
0.147,-0.08314291136069185,-0.28468553025914045
0.147125,-0.10516663822664545,-0.3905179706955918
0.14725,0.21006180745368364,-0.09892636214744582
0.147375,0.2220811646774271,-0.05719880388442855
0.1475,0.2437864559169229,-0.14309263730428234
0.147625,0.1807164613983114,-0.24054658965492046
0.14775,0.053867985732094815,-0.32604947874433565
0.147875,-0.07483919456863719,-0.022230275464172087
0.148,-0.1485188221642581,0.09782613067365589
0.148125,-0.3443700295843876,0.18170441765611076
0.14825,-0.571800453736822,0.041225316726149666
0.148375,-0.4584981068848884,0.006356049062799845
0.1485,-0.10674399105152725,-0.02322369643588697
0.148625,-0.10085782116691092,0.2201626142858503
0.14875,-0.32360290558321547,0.20554678101371582
0.148875,-0.24701919724350885,0.06635167649691913
0.149,-0.3250382256972292,-0.04815950142074302
0.149125,-0.2806851967290731,0.042048977894251646
0.14925,-0.07051747375799743,-0.11984988743136844
0.149375,-0.06850333648772111,-0.4186227103742301
0.1495,-0.10660268956427621,-0.5025061451468738
0.149625,-0.20900522879126646,-0.2763688230820965
0.14975,-0.16900461077377088,-0.1854096627658457
0.149875,-0.1414231370484146,-0.24751296121790958
0.15,-0.2566502695887848,-0.22007342639772523
0.150125,-0.2569242706029724,-0.20919255702343145
0.15025,-0.16511085167118625,-0.15856388926934295
0.150375,0.021935135646446648,-0.11215358877265734
0.1505,0.18323040641451643,-0.08329641923049849
0.150625,0.4651355482206375,-0.08491336957461215
0.15075,0.15015449766059052,-0.2090810526155116
0.150875,0.14613113265118122,-0.11204275959491544
0.151,0.25305701553454524,-0.12540857956514362
0.151125,0.5655077039548878,-0.08532093282015484
0.15125,0.24090270656625576,-0.16782407845973132
0.151375,0.2807745298664648,-0.245792753028138
0.1515,0.344198803566243,-0.04193991354959143
0.151625,0.3130462331789506,0.037076169549078324
0.15175,0.23482067129334586,0.14959999252404432
0.151875,0.0092227206072903,0.11618122628409437
0.152,-0.1077393869278774,0.17852017010307403
0.152125,0.10914742746972204,0.05473084833562247
0.15225,0.2143873796447841,0.29691329010876544
0.152375,0.34594290999159955,0.3913513458472003
0.1525,0.14663412820313768,0.4128871976364792
0.152625,0.03535365443148175,0.27188461190106333
0.15275,0.09009032010526917,0.15629184645245775
0.152875,0.36185363595443254,0.3377255302828249
0.153,0.3749242365943901,0.29311197433214653
0.153125,0.3800989759301985,0.1377253868359051
0.15325,0.13344556900373322,0.0946040365189213
0.153375,-0.11556925738901941,-0.058604202605249796
0.1535,0.10519416017091075,0.10436062374847228
0.153625,-0.026990036801744485,0.38058588546491906
0.15375,0.06231192195484596,0.15095497456128573
0.153875,0.0870703250789502,0.05283745147443188
0.154,-0.07480677512293511,0.07583000766034684
0.154125,0.018839656121550682,0.33800374773762765
0.15425,-0.23035021740453251,0.31844529600032606
0.154375,-0.4045046208991994,0.2734764867572961
0.1545,-0.2296132787380538,-0.02494406466386631
0.154625,-0.23705349400912923,-0.05496161193970435
0.15475,-0.11566785710921952,0.189203293137907
0.154875,-0.05131300255571015,0.23867981941981134
0.155,-0.3169003734396145,-0.044751042820881624
0.155125,-0.11255134021173643,0.041512430699460395
0.15525,0.03777917050908227,0.1737477006639024
0.155375,0.3079885096952803,0.03890204526657753
0.1555,0.20798136656833424,-0.14664046472765832
0.155625,-0.17892395664505759,-0.3362969427307239
0.15575,-0.3242997016631264,-0.4359109474181105
0.155875,-0.20744898997402542,-0.2255143347397586
0.156,-0.034244667449053134,-0.11662305326326439
0.156125,-0.23507351157067216,-0.033999535864663664
0.15625,-0.028243365277266792,-0.23545104390910143
0.156375,-0.23033632482851887,-0.10201327906929535
0.1565,-0.20157989580484045,-0.04144518142286372
0.156625,-0.062485704177554606,0.3206646990277059
0.15675,0.26251558737757524,0.3444315897879331
0.156875,-0.03744812193261585,-0.06273850647203551
0.157,-0.46370959341771883,-0.2133784925862581
0.157125,-0.562189983093469,-0.15890557306313974
0.15725,-0.5838756406440581,-0.18786865645006834
0.157375,-0.2947753510782501,0.013102663574006471
0.1575,-0.5033228903380114,-0.22327907331680266
0.157625,-0.5133891898088457,-0.28880748392684763
0.15775,-0.36808927166415695,-0.19258865173814854
0.157875,-0.24025921024308905,-0.09842403734086021
0.158,-0.13318248506934025,-0.013720019797068645
0.158125,-0.07003266201330573,-0.2548272343048156
0.15825,-0.01242205635309685,-0.4326754564290576
0.158375,-0.1249225102402412,-0.6996214338184794
0.1585,0.002609341150859962,-0.40728783758852616
0.158625,0.13696258221544114,-0.3681038814371588
0.15875,0.23118326094274894,-0.4273875123523233
0.158875,0.2817684661949552,-0.4097455497128984
0.159,0.22451977124328026,-0.3274373975179911
0.159125,-0.026231346559317196,-0.20139539319095615
0.15925,0.20771635915934802,-0.06420290825116469
0.159375,0.38253818093592323,-0.047923710119664856
0.1595,0.7269694740352073,-0.024011674999604223
0.159625,0.6198943251034922,-0.09320399356698905
0.15975,0.4750508453786195,0.1289851459338437
0.159875,0.3106924218030509,0.2606385480773347
0.16,0.30668941148989787,0.30064267197824474
0.160125,0.4275344949344334,0.2647134652173689
0.16025,0.3325214756510444,0.2267364846566773
0.160375,0.26028216864180503,0.09314998025957032
0.1605,-0.11526000622287276,0.07054434719400324
0.160625,-0.13238228006765676,0.32364434644771545
0.16075,-0.24180999726025929,0.4884510279284457
0.160875,0.04989565704680407,0.7385695202476743
0.161,0.19525101877194145,0.4547760964504809
0.161125,0.30276287486692904,0.30049947421192924
0.16125,0.10021460967896705,0.27300494758232946
0.161375,-0.12955086866312812,0.3605662187063691
0.1615,-0.32117512838705875,0.3855508287928257
0.161625,-0.4379780271441184,0.13565916817410842
0.16175,0.03915284753575703,-0.07003551665519724
0.161875,0.4604337831479804,-0.07412167057089741
0.162,-0.0798775082104365,-0.22731155948044998
0.162125,-0.26909906309917997,-0.032900861224666456
0.16225,-0.06899693178135999,-0.038787640335583295
0.162375,0.1345782301511553,0.26419972065811687
0.1625,0.27445628466604843,0.15402014228609226
0.162625,0.24078447978552445,-0.11326973200210956
0.16275,0.05204591855427392,-0.37940984527333954
0.162875,0.08366177009690799,-0.19747814761493365
0.163,0.15109124443765862,-0.09681797686832669
0.163125,0.03686085642741384,0.1471409258421106
0.16325,-0.06071563454157441,0.022756889047099233
0.163375,-0.24900063524197236,-0.18723332783193844
0.1635,-0.18757289721783119,-0.06320392062251513
0.163625,-0.059266108057512236,0.2106447591588344
0.16375,-0.03983584419659948,0.23215759885517143
0.163875,0.08452583979821526,0.1983560534947664
0.164,0.003103156247397887,0.03935629614225965
0.164125,0.006003404402919816,0.11956283879129541
0.16425,-0.21369102937099232,0.2893332783415575
0.164375,-0.3399775827488075,0.1764690061660934
0.1645,-0.28520395621328504,-0.0234096631178979
0.164625,-0.30184647920579744,-0.11307605602467509
0.16475,-0.03604282556272027,-0.006052492047774073
0.164875,-0.12786759230979552,-0.17458370485419317
0.165,-0.15405684516790766,-0.044371281312547486
0.165125,-0.2529970424336841,0.10082604663206102
0.16525,-0.31555274875577694,-0.06876160291724848
0.165375,-0.2843640830467384,-0.026982353726225504
0.1655,-0.22145432082885533,-0.17655632805435612
0.165625,-0.37802076726108313,-0.37104473905770785
0.16575,-0.5074617383040042,-0.22003652024115397
0.165875,-0.6972754650495244,-0.1923030837175785
0.166,-0.5198844323067374,0.033682120593917945
0.166125,-0.45319808645049187,-0.09235399412339049
0.16625,-0.372233422160488,-0.14882869571638052
0.166375,-0.07922851257114506,-0.25488785546253895
0.1665,0.2688790890859897,-0.2919893627332355
0.166625,0.39878603236332827,-0.35186779259508166
0.16675,0.32892740089012257,-0.21491956945566126
0.166875,-0.1083775089401305,-0.2140185010660092
0.167,-0.04793959123177219,-0.4108221860133251
0.167125,0.15785897078182204,-0.6575785681451727
0.16725,0.1649682823627488,-0.5915175207460482
0.167375,0.15556616459850037,-0.41522056011428354
0.1675,0.25297138956226284,-0.10651855492117035
0.167625,0.3564019760391969,0.11729788846715974
0.16775,0.7063834888941704,0.35286682526365865
0.167875,0.43541126300744193,0.30133520778725154
0.168,0.433414266435913,0.16419544846836193
0.168125,0.22622518909673625,0.005125459071173265
0.16825,0.14149219187498507,-0.16183940461525703
0.168375,0.11335126511962987,-0.038965763785089196
0.1685,0.6043801028523572,0.1544157123576761
0.168625,0.5762929944761497,0.057036238717118805
0.16875,0.1759402661464298,0.16941638057425662
0.168875,0.07738601883357954,0.15299793539184256
0.169,-0.0444835384727729,0.42434662423244934
0.169125,0.20569790692939363,0.560888544575588
0.16925,0.24615037520441352,0.40917970713121704
0.169375,0.04639661403817185,0.26566049079609355
0.1695,-0.12992732356276904,0.0849981878369426
0.169625,-0.15447632364639002,0.2046999644335514
0.16975,-0.023887929759135684,0.39685730256961277
0.169875,0.0810995215227094,0.5792331999431312
0.17,0.12797910300397358,0.2485372029387725
0.170125,0.026081961406558184,0.13322430445060354
0.17025,-0.10912772233975555,0.016807594033116147
0.170375,0.1740582027005706,0.19745571703583376
0.1705,0.3406127479438785,0.13735277108253988
0.170625,0.07432991875796133,-0.013783577452910877
0.17075,-0.29910062205558274,-0.04362242574323303
0.170875,-0.39598322172075345,-0.1145241079366856
0.171,-0.16347954930390676,-0.002946430396598559
0.171125,-0.12319428537767317,0.16374496904489638
0.17125,0.11560513252914549,0.15785652459910196
0.171375,0.04202345234951462,0.02582641119592597
0.1715,-0.12312257543994473,0.020596480169702332
0.171625,0.03780872435762611,0.06005429352833702
0.17175,0.17028379823675768,0.18795888754422882
0.171875,0.1042468220063712,0.1057707820982803
0.172,0.13715765066167554,-0.11296988993531411
0.172125,0.04210690085355705,-0.45078425430001057
0.17225,-0.27768585932484424,-0.2768546466142913
0.172375,-0.1184817677242435,-0.041930719647659945
0.1725,-0.34099198380033907,0.022085614672488953
0.172625,-0.17112954282828635,0.12907255700911993
0.17275,0.025848712265482625,0.0357292376944807
0.172875,0.27835336419171824,0.10184423228406636
0.173,0.20688290252051228,0.10984246586231042
0.173125,-0.14712961784674164,0.007300105298115326
0.17325,-0.290366941194769,0.033602466256196194
0.173375,-0.28792506326957745,0.002473199860243812
0.1735,-0.3079104146526962,-0.24324558984149697
0.173625,-0.21869559313197054,-0.3366432736689017
0.17375,-0.5532565597885523,-0.28291203041472845
0.173875,-0.6216920878891921,-0.043920663712366866
0.174,-0.14566474351680728,0.0332690624058696
0.174125,0.07115777850325214,0.16568387026250417
0.17425,-0.2140902997517648,0.08041864756740037
0.174375,-0.3519009453868208,-0.2646745932082721
0.1745,-0.33476224438559804,-0.26085628959987917
0.174625,-0.24076627353092986,-0.27361389168684086
0.17475,-0.07502307426110734,-0.13589744876912865
0.174875,-0.09479577376063175,-0.24108958563099844
0.175,-0.18415210776771687,-0.46224237066053286
0.175125,0.0872273726533321,-0.5329013477318778
0.17525,0.18122611053441667,-0.27272086960093234
0.175375,0.14066719502495043,-0.04167653791790475
0.1755,0.14912642706575607,-0.11266312695224558
0.175625,0.22739928633614606,-0.30951396691464145
0.17575,0.28042500424857597,-0.2883985886782196
0.175875,0.37616790062212274,-0.23039938499999232
0.176,0.5312466413794368,-0.0950219341218514
0.176125,0.45872198210008364,0.08221205494394745
0.17625,0.3524733031329973,-0.13753788242814746
0.176375,0.37362627540266685,-0.06281711548461225
0.1765,0.4672753089468605,0.052020603131691275
0.176625,0.4377943476927402,0.04983120156615964
0.17675,0.3037286482138017,0.21948578845271685
0.176875,0.14479386119732587,0.27568189214130456
0.177,-0.09829613279493604,0.2888389001657397
0.177125,0.2773467127804698,0.5050920994158343
0.17725,0.14881265466263838,0.4323777972712411
0.177375,-0.034273183414385774,0.3899807058258033
0.1775,-0.22864495596921533,0.2510982848523947
0.177625,-0.1268262482186618,0.33860337450247113
0.17775,-0.021822930886755448,0.3898318322301994
0.177875,0.07741041320169795,0.5043585392600376
0.178,-0.11699803826082854,0.2008911176375977
0.178125,-0.2534299416219727,0.14337961014334735
0.17825,-0.09764503525428946,0.128670337983591
0.178375,0.18751797687885974,0.15482640562143019
0.1785,0.37857700191850246,0.14185072936262275
0.178625,0.12217842456705914,0.004182309184180046
0.17875,-0.20782333994782182,-0.23372006969666567
0.178875,0.22503681383001117,-0.11447360817246875
0.179,0.40011338740005403,0.09614629852606314
0.179125,0.25270972305374456,0.037582503241428686
0.17925,0.0623837918546565,-0.11985837239449285
0.179375,-0.13482825500336515,-0.08784319882243895
0.1795,-0.1457064873779141,-0.2181855177757294
0.179625,-0.23807951797961222,0.1368365525937953
0.17975,-0.19244887952473388,0.14260588667029347
0.179875,0.12443728787559581,0.25677628067718133
0.18,0.2506081264866752,-0.0355958360848008
0.180125,0.3766088403459901,0.16523141694134758
0.18025,0.1319387522919646,0.21049113785248566
0.180375,-0.24361874016809923,0.26179409795642705
0.1805,-0.507082638149119,0.18184579397794967
0.180625,-0.721293925903203,0.0376924933792867
0.18075,-0.512836440634359,0.08538083147002692
0.180875,-0.31215751172823475,-0.17438084682546026
0.181,-0.040339389196758016,-0.15772859111950469
0.181125,0.10352728329618772,0.09720032366154814
0.18125,-0.30525919663016754,0.30512891074160026
0.181375,-0.15566636598265227,0.42005642721282843
0.1815,-0.10369518852916308,0.14810718818755098
0.181625,0.020838160815232196,-0.17496123903351668
0.18175,-0.2449710801850818,-0.4366073072027743
0.181875,-0.3296248130297301,-0.6534310407539274
0.182,-0.28805398796992054,-0.46850116008926895
0.182125,-0.10031645648652403,-0.20060181960096554
0.18225,-0.23870379883828852,-0.0343499621323294
0.182375,-0.3420882321047617,-0.05265842665323371
0.1825,-0.1303866679859473,-0.10720842838690958
0.182625,-0.030690779472740657,-0.16810930355306916
0.18275,0.0049712725896546885,-0.191597478495683
0.182875,-0.12336364887505022,-0.1776596833352672
0.183,-0.2608000251773812,-0.2402100944147329
0.183125,-0.5435390885830186,-0.29501613922050307
0.18325,-0.6136695523428892,-0.36874038388648034
0.183375,-0.5657416182809544,-0.10932188340670675
0.1835,-0.3813671051913002,-0.14657326871966564
0.183625,0.05531066925622156,-0.18238176278728582
0.18375,0.33049438078228366,-0.11361034221225771
0.183875,0.542798905735604,0.04851052881478437
0.184,0.6434694629642383,0.19114991349984
0.184125,0.519865049426523,-0.012760317781662908
0.18425,0.44924376274360195,-0.32178923870744663
0.184375,0.41526791439969163,-0.47547674761628306
0.1845,0.2658121213477227,-0.4015944527825531
0.184625,0.38219148940554026,-0.3350801091600927
0.18475,0.073232047152601,-0.24023523221386384
0.184875,0.0013896674708806021,0.09634685875715741
0.185,0.3100952069944465,0.3224445092818539
0.185125,0.2272404505578959,0.5149146609057014
0.18525,0.4426999096842256,0.5937178117288082
0.185375,0.47799664279640003,0.5065335450422961
0.1855,0.24052945171383952,0.41547492134076364
0.185625,0.14004610903815623,0.3732643649844862
0.18575,-0.13893566922235764,0.3524084166450949
0.185875,-0.13744434928950774,0.2729965522627786
0.186,-0.06498884319329808,0.05574409170944117
0.186125,0.28584468748104386,0.03560075523215249
0.18625,0.22464127679035822,0.10222139967357195
0.186375,0.06372188940932799,0.14845692988643577
0.1865,-0.06875603178095985,0.39562905468056825
0.186625,-0.022417720436090215,0.3472764868710576
0.18675,0.14718305755679081,0.2291625239634853
0.186875,0.11471382431028249,0.10105549910054536
0.187,-0.010182703729545538,-0.13645845311967544
0.187125,-0.12808951925516351,-0.23448527314945306
0.18725,-0.1744615023719529,-0.032202105298422795
0.187375,-0.09852372146820343,0.16463409788330516
0.1875,0.2077901620212246,0.34345669619772956
0.187625,0.42472873711590414,0.063181815207973
0.18775,0.05526525628192774,0.03078522419706071
0.187875,-0.16158124935529752,0.09677296120438618
0.188,-0.2718536663044409,0.03466956494506208
0.188125,-0.003555309927110129,0.04502213742049417
0.18825,0.09777208846882622,0.06074139628216269
0.188375,-0.04898272564768818,-0.10094356275430892
0.1885,-0.3025107842801709,-0.22441764119271118
0.188625,-0.48419033066879635,-0.06790337509441054
0.18875,-0.3145342102225235,0.18947998960143728
0.188875,-0.23328347981187642,0.3527357670377826
0.189,-0.01882949340322224,0.1213507070329021
0.189125,0.10410342255368114,-0.296200074975882
0.18925,-0.031087856289719447,-0.40516917594318347
0.189375,0.09608848583291528,-0.12470360159033174
0.1895,0.011182668987430826,0.198956878088917
0.189625,-0.09230005446969479,0.03771421625732556
0.18975,0.20060493954357234,-0.24637796354638683
0.189875,0.20455722847196636,-0.24387045083293582
0.19,-0.0814100042301404,-0.14858177047045015
0.190125,-0.34006282825642026,-0.1628218221798137
0.19025,-0.39444597130867254,-0.09728812916285494
0.190375,-0.2794231347410386,-0.10121377317559288
0.1905,-0.27245916771520867,0.033539978940549844
0.190625,-0.2574634195219185,-0.053347371980069815
0.19075,-0.49242988378594027,-0.034332820186004843
0.190875,-0.635273621427863,-0.018862150563926254
0.191,-0.5044423110579652,0.225272818186062
0.191125,-0.38214926077584244,0.1837575593786643
0.19125,-0.21999269506743288,0.0018030652172000446
0.191375,-0.26746638869747247,-0.20926955211797968
0.1915,-0.2974865525732991,-0.4247832240823989
0.191625,0.1387234530326537,-0.1678897691000209
0.19175,0.3264458460563157,-0.06918302695716318
0.191875,0.48968873296859905,-0.32980927974870333
0.192,0.20184144532637452,-0.45287859534176617
0.192125,-0.19675816653020683,-0.5487585218691142
0.19225,-0.2573192866813552,-0.3633716715545625
0.192375,-0.20466407421714544,-0.14587407120964288
0.1925,0.2399391763581319,-0.13773695219996226
0.192625,0.39541669853807654,-0.21053664073933465
0.19275,0.47060752555979457,-0.2406357075179693
0.192875,0.3224965864253714,0.056435826975272746
0.193,0.27294771895057174,0.3149283386110776
0.193125,0.22814947391227655,0.41761675367533524
0.19325,0.21955657296462253,0.35904409325275766
0.193375,0.13233438002005232,-0.21099192811022285
0.1935,0.18706363762662706,-0.3623357265731578
0.193625,0.1949861554008161,-0.1363730893487592
0.19375,0.28885499732843817,0.11044331381428532
0.193875,0.19099121708151087,0.3858775743716596
0.194,0.2096557827228312,0.3912189554295957
0.194125,0.2643742982818168,0.34955578425909756
0.19425,0.3012171477237927,0.33513290271467466
0.194375,0.36757497290792845,0.2534589404071874
0.1945,0.10947599566471797,0.3603111161542532
0.194625,-0.06324680429631373,0.18694238648223752
0.19475,-0.18564994987429181,0.2973999561598905
0.194875,-0.04078530258760733,0.17683251984664614
0.195,0.11713880597309698,0.29724813296099567
0.195125,-0.024965891302587355,0.13539849567352263
0.19525,0.049922139549112926,0.04469687320823042
0.195375,-0.048296526492660405,0.31925873810255057
0.1955,-0.023042140674927575,0.264695046486716
0.195625,-0.24186437423668108,0.32129282329383557
0.19575,-0.05296751334403936,0.12037525155828657
0.195875,0.007141868954744206,-0.04887559822058622
0.196,0.13702026908951684,-0.1297164124807198
0.196125,0.07602356908179995,-0.12003263528266138
0.19625,-0.18447659917974665,0.1795187766363223
0.196375,0.23029409816594157,0.08073982370610419
0.1965,0.03406697671078777,0.15257593515025017
0.196625,-0.129349662610324,-0.07557057661319824
0.19675,-0.3836229607401329,-0.15187326971807846
0.196875,-0.46401442815243654,-0.16068736199146702
0.197,-0.06012151175072754,-0.05678704471771656
0.197125,0.12814377587092984,0.0758082976701535
0.19725,0.2058783210304227,0.0652204950662496
0.197375,-0.11691408592173078,0.055005825878894694
0.1975,-0.1697813647845431,0.009965780142812712
0.197625,-0.21406079020689578,0.08303628159176042
0.19775,-0.0003533000556434232,0.10834926185430323
0.197875,0.0469721731093891,-0.020400647773386536
0.198,-0.28788175280822814,-0.27583040265440517
0.198125,-0.17033798643226772,-0.33759257542199994
0.19825,-0.29428049802402995,-0.11045714756141091
0.198375,-0.002101847263505796,0.14210043286557644
0.1985,0.045170681734699146,-0.0438967951385683
0.198625,-0.1562105671480928,-0.0007758791478664938
0.19875,-0.1507779162231679,-0.11664767666813913
0.198875,-0.3916843299338929,-0.20104045515132543
0.199,-0.3564168589547033,-0.21853373526176334
0.199125,-0.5202997294319387,-0.15019724350329616
0.19925,-0.2921382461191982,0.004971323517958817
0.199375,-0.269712418574054,-0.1189714065097317
0.1995,-0.35813203493628293,-0.2225538353969073
0.199625,-0.2235181711098602,-0.02529694742025304
0.19975,-0.20638339399586372,0.08657327719963738
0.199875,-0.2394025736148676,-0.006121038478994404
0.2,-0.05631253365303754,-0.22114110511662685
0.200125,-0.043165321958265196,-0.4462801418490692
0.20025,0.18852463990452284,-0.5983013766255487
0.200375,0.3394649934720452,-0.43317496965557645
0.2005,0.26881946027620945,-0.3421753509175231
0.200625,0.1609325452039566,-0.1403914521633825
0.20075,0.22902847978436583,-0.14134492886849842
0.200875,0.3700954579421239,-0.1549586150060056
0.201,0.555275888117659,-0.22992606706227653
0.201125,0.6481858248667682,-0.17404896564705583
0.20125,0.6172502119440801,-0.18841145059286502
0.201375,0.3589373991790898,0.007856893918004596
0.2015,-0.0007132800817088677,0.20588714081056042
0.201625,-0.0549840487334775,0.38116164246859713
0.20175,0.017656177079000433,0.23046342050829915
0.201875,0.29989508312313046,0.27348990532904416
0.202,0.2977254679102799,0.24912341908946947
0.202125,0.2997629882709363,0.0966461852827662
0.20225,0.021923262569537263,0.30742443030054245
0.202375,0.03724098819623965,0.5970083246849581
0.2025,0.06084421330242066,0.590926708198275
0.202625,0.2814575974749658,0.30098089651432564
0.20275,0.06270607453915925,-0.03783231562355527
0.202875,-0.11414928492160875,-0.22366251940409837
0.203,-0.10568038517006371,0.10609187042390547
0.203125,0.11059963585480366,0.3012180007715766
0.20325,0.16268851938153717,0.31726720895643146
0.203375,0.023761872834139285,0.07689825687575289
0.2035,-0.2519389310923675,-0.01964888193867071
0.203625,0.0173781089056232,0.1632969801886369
0.20375,0.07932495899690067,0.13709930197799292
0.203875,0.1935726942527401,0.237901027152473
0.204,-0.14619390217195513,0.1689535356651055
0.204125,-0.21717848020402084,-0.08294350446713411
0.20425,-0.18604701276223265,-0.04742940618804977
0.204375,0.1888895534929675,0.25053318790630963
0.2045,-0.004442534261257235,0.10785430472054541
0.204625,-0.37608813158370236,0.057074644857574595
0.20475,-0.3247119156182371,-0.14273979624272823
0.204875,-0.08649447679384381,-0.1689496014700446
0.205,0.28446297638884943,0.19634495246617387
0.205125,0.4420120816087701,0.05165293028806894
0.20525,0.19576778263156178,-0.20842323621485007
0.205375,-0.10662711354857639,-0.1934889440062284
0.2055,-0.4081055458187706,-0.06188202381410308
0.205625,-0.21622654763810611,0.11174598367601375
0.20575,0.03139366845496338,-0.013750826672670776
0.205875,0.17965315199095735,-0.23950349502256027
0.206,0.014627006586053589,-0.4089182966927803
0.206125,-0.243729850383621,-0.028936509953443275
0.20625,-0.23081899736126144,0.22667764518285488
0.206375,0.034663286492636926,0.32010655257672815
0.2065,0.012663311103470703,0.14314807018451925
0.206625,-0.17224972327279867,-0.07258325163633748
0.20675,-0.5084570014315357,-0.23170130414073506
0.206875,-0.3311033446096138,-0.10313483560613299
0.207,-0.49623569301144344,-0.06167485243428346
0.207125,-0.5829286139449323,0.09265571557157347
0.20725,-0.5783157570562928,0.06284077030130039
0.207375,-0.2732369283190886,-0.2913450235183253
0.2075,-0.15029809622676932,-0.042307304614624806
0.207625,-0.0025272565782960455,0.020725059379811412
0.20775,-0.16685213404366336,0.06476781055892104
0.207875,-0.283492319560767,-0.19986713623849892
0.208,-0.296739880391655,-0.5074728442793068
0.208125,-0.16725795919059666,-0.4158493213480194
0.20825,-0.1335120114794993,-0.3207257534542691
0.208375,0.003047613396182,-0.2888040915837965
0.2085,0.0035125458063589763,-0.36864632460572516
0.208625,-0.09096440110792194,-0.2222374257458796
0.20875,0.21055304852200404,-0.08465617563932978
0.208875,0.26054827290635096,-0.014898473728496503
0.209,0.22291843317581536,-0.2602285749488758
0.209125,0.13390157856470186,-0.27503856224607137
0.20925,0.305427219147037,-0.2518868846782205
0.209375,0.5868441371701123,-0.26151018779047436
0.2095,0.6738342081675196,-0.12731248194957662
0.209625,0.5174386724366083,0.0542678215451216
0.20975,0.18011454646932815,0.047707560629003415
0.209875,0.23991561588805466,0.06037519541322544
0.21,0.18468174465614615,0.12891138285790463
0.210125,0.4322607451527632,0.18507653298170873
0.21025,0.39165788169756877,0.2844795930145246
0.210375,0.4401333107592285,0.18543240858488533
0.2105,0.2256213509791331,0.34740290076624086
0.210625,0.19530570178739307,0.4258195240720774
0.21075,0.008465041934941256,0.5318934657568677
0.210875,-0.06023040457747324,0.42437811240049966
0.211,0.002560257857242477,0.27793700598528703
0.211125,-0.05495641932172218,0.07536109750307586
0.21125,0.1246463376488867,0.020452610134446055
0.211375,0.14538439001719708,0.27824929373156615
0.2115,0.1521070911636188,0.2730031752979569
0.211625,0.05871237239445176,0.29522865625840006
0.21175,-0.051547464421967504,0.25076986170705434
0.211875,-0.08971009727773348,0.1515061538006532
0.212,-0.006193827848377532,0.008326224788364662
0.212125,-0.09011561338615605,-0.04213554377474046
0.21225,0.03769267591702415,-0.18742632327819259
0.212375,0.04536376406735302,-0.2788216730626058
0.2125,0.2110061638747739,-0.14542703646719915
0.212625,0.15215480436112847,0.18012783407361022
0.21275,0.13439136892335626,0.16694251868098847
0.212875,0.05489436725831029,0.007974105579559904
0.213,-0.28616210785942947,-0.12568779980163236
0.213125,-0.13602074106106635,-0.21305878492839825
0.21325,-0.38071669989741264,-0.0814222950207098
0.213375,-0.1573729767372611,-0.11734932838210721
0.2135,0.1962844833430556,-0.011764788104330836
0.213625,0.2868159621582836,0.09600139012957963
0.21375,0.1460023381200958,0.20387005794824636
0.213875,-0.12275655504238554,0.23264093398681782
0.214,-0.29691801887998903,0.22353348587150906
0.214125,-0.10789424047602666,0.015866788251928002
0.21425,0.024684784434554057,-0.3282993890019883
0.214375,0.026182868290747365,-0.31582893508715665
0.2145,-0.1583699971959079,-0.20868554519191637
0.214625,-0.07463568505840926,-0.09144332365729886
0.21475,-0.024376460980462054,0.12967241518515216
0.214875,0.12457412042378938,0.3227762709158477
0.215,-0.20330362091726473,0.16861886957895536
0.215125,-0.6062384995149988,-0.006618715021714216
0.21525,-0.73979533489639,-0.149028140854132
0.215375,-0.42037645503306187,-0.18536260983153155
0.2155,0.007255452851632645,0.004284442510900117
0.215625,0.01911872842843156,0.24326729611116457
0.21575,-0.41690833555950685,-0.06055565689721426
0.215875,-0.5310174830106141,-0.19330627825485133
0.216,-0.47848158502755234,-0.05110791011405509
0.216125,-0.4165815317938045,0.17044709689420842
0.21625,-0.38476858234150085,-0.1585377257330858
0.216375,-0.4207023587399762,-0.3995516098483309
0.2165,-0.32922304051094126,-0.5259380582455148
0.216625,-0.02685519546433257,-0.18652755243919142
0.21675,0.29876574143629764,0.05329068501315709
0.216875,0.26614721746638476,-0.027395170385130077
0.217,0.014902258816886824,-0.1233878058164331
0.217125,-0.04509134572174642,-0.4266049993340959
0.21725,0.40031894071272695,-0.352529900521797
0.217375,0.4899988472879659,-0.48381313460409303
0.2175,0.2744071761020034,-0.5052995884588255
0.217625,0.10222782380210585,-0.6830184041262167
0.21775,0.17687735304616045,-0.4055295117672222
0.217875,0.4529216307844533,-0.05911783098066231
0.218,0.6600980866259014,0.2559652947063249
0.218125,0.1003064642803679,0.12756289999285197
0.21825,0.214511545783166,0.09435890085898066
0.218375,0.052189219108934266,0.09643927790211679
0.2185,0.11093565807026973,0.30980998549879857
0.218625,0.07968653437407329,0.46355892884182526
0.21875,0.2097995708154236,0.09640499084534636
0.218875,0.07479951219172574,0.011606458275932673
0.219,0.1899756074468686,0.23974026200093715
0.219125,0.35596692243168737,0.40814701513482027
0.21925,0.17233790506675484,0.5160352785000412
0.219375,0.14082452945531546,0.22671012815505018
0.2195,0.306544157262661,0.13706078660156223
0.219625,0.40087406918317703,0.21467705761247075
0.21975,0.4216964311345678,0.1399397101132272
0.219875,0.26680679699259624,0.18794814423089473
0.22,0.16172641177048855,0.09922999736829166
0.220125,0.007693817144512811,0.35257034432334194
0.22025,-0.1425373036889894,0.2712138223747716
0.220375,0.16723372905618694,0.1389812069471885
0.2205,0.16276938402308108,0.17216445838640296
0.220625,-0.07768988066164284,0.004314211096162185
0.22075,-0.44454477628293676,0.18696154404331455
0.220875,-0.30005136568091384,0.26086975385185973
0.221,-0.11850191812230039,0.36856586911561656
0.221125,0.014000190186913848,0.2587510867386688
0.22125,0.0660474936557062,0.14394898695746494
0.221375,-0.17905855898741305,0.04721622777794351
0.2215,-0.18351858871655008,0.07564869300976654
0.221625,-0.13411634420293206,0.06918741994509875
0.22175,-0.026886072261709852,0.027275780565453635
0.221875,-0.05681577521623716,-0.008185559580456624
0.222,-0.3722090240877036,-0.17846818710796816
0.222125,-0.22578257035371133,-0.28773260208568197
0.22225,-0.14118968295973466,-0.1807341451784123
0.222375,0.05892229242829258,-0.15899634368021404
0.2225,-0.016596309746039192,-0.04608383794205603
0.222625,0.053776069716386786,-0.18204239964695831
0.22275,0.016147430623325517,-0.1649511095449119
0.222875,0.2130154664238606,-0.10471637827478338
0.223,0.16527571945075664,-0.10351707382827638
0.223125,-0.14777161393556118,-0.1522722372014856
0.22325,-0.29735286853629334,-0.18484194278791996
0.223375,-0.318405919247963,-0.23128987616975022
0.2235,-0.2857095618056993,-0.05672441854063235
0.223625,-0.41753860766722894,0.03441701958607775
0.22375,-0.39030083969459617,0.03951547352444774
0.223875,-0.6086317064528396,0.05966923730354992
0.224,-0.3613034781956557,0.23439674073632433
0.224125,-0.009517328534459545,0.1310102802211057
0.22425,0.02835734365634315,0.18534453807669882
0.224375,-0.3714683365335078,-0.1966918236653073
0.2245,-0.584312501890276,-0.3361853117611579
0.224625,-0.3705312582702945,-0.29393023883479324
0.22475,-0.20606893458709583,-0.28155091240873587
0.224875,0.34200963642307397,-0.17655031103367225
0.225,0.07565764333249352,-0.3628047499870745
0.225125,-0.016328698869217496,-0.43126775439463105
0.22525,-0.22745290307112898,-0.24018713653964507
0.225375,0.07910779641103918,-0.1543567368998855
0.2255,0.3586994635779259,-0.020326681824202275
0.225625,0.6381692772592988,-0.3927887822158142
0.22575,0.4015407392188995,-0.5223520237281302
0.225875,0.07443831107030427,-0.27201403411549996
0.226,0.146297593783693,-0.08941040193588326
0.226125,0.2899689296807276,0.22853916408990146
0.22625,0.6783444985820436,0.12558072192996247
0.226375,0.7148546168062678,-0.057870019687671234
0.2265,0.534303835404517,-0.18506887203436087
0.226625,0.14728467334186324,-0.0226246016936447
0.22675,-0.09340811190385741,0.329550451407492
0.226875,-0.17875725597724337,0.3823480967218197
0.227,-0.1357882298914223,0.23498164396223956
0.227125,-0.03603899227523477,0.12419102972620409
0.22725,0.2708980248809664,0.03559083024712178
0.227375,0.274910599126071,0.4270490529487593
0.2275,0.3979213603587669,0.5400008393863823
0.227625,0.408787047044598,0.6527835904212372
0.22775,0.3628371315833903,0.4489502762527302
0.227875,0.2598501569255895,0.19455474478990084
0.228,0.0906171928511582,-0.04920325985246218
0.228125,-0.2335417029977664,-0.17188955454039254
0.22825,-0.26314238052847116,0.045580750099888816
0.228375,-0.38245921460976534,0.01062103036185275
0.2285,-0.22653223876211176,0.09423752133690728
0.228625,-0.3256337605520777,0.31122736490166414
0.22875,-0.35218886982409525,0.2903697299728164
0.228875,-0.23087105478553832,0.3833992591831041
0.229,-0.05999772879262079,0.3033335153991414
0.229125,0.40265467372351127,0.18213688681206128
0.22925,0.3450740201878747,-0.1255681605778009
0.229375,0.06104280072225962,-0.1339348678044484
0.2295,-0.17975864843089392,-0.10633930555711603
0.229625,-0.0768236179407323,-0.14685764131387202
0.22975,0.010136576882208176,-0.18952924803471133
0.229875,0.14877483078915688,-0.23282829705761005
0.23,-0.17844403177080875,-0.5027017133840812
0.230125,-0.41494258564540126,-0.4636833498679777
0.23025,-0.10627811596824739,0.07155470504109189
0.230375,0.18093824459141933,0.33883785670255123
0.2305,0.20786968330180658,0.36601095060300903
0.230625,0.23601257324422256,0.05972399900543231
0.23075,-0.08059691594258414,-0.23337073701007552
0.230875,0.028017398992179896,-0.1219927676515019
0.231,-0.1042936083119368,0.05904724864227871
0.231125,-0.048982063501127646,0.08729776172514513
0.23125,-0.08711563601058596,-0.1672584438485805
0.231375,-0.0002076806418931322,-0.24132725279879633
0.2315,0.2832744884168466,-0.0768959204801735
0.231625,0.15286368618753407,0.0999004136385438
0.23175,-0.02594089859130705,0.09785079333833496
0.231875,-0.35075320004935423,0.13195820269499967
0.232,-0.6443024911506305,0.1819573190065235
0.232125,-0.4998977631507733,-0.1559423347545113
0.23225,-0.29273527888873596,-0.11378054781705646
0.232375,-0.054626803773121416,-0.18754041311972447
0.2325,-0.1935326763221899,-0.1232564655807303
0.232625,-0.477018439710655,-0.06431143600447214
0.23275,-0.3826397500687497,0.09210522610667368
0.232875,-0.1378833746127249,0.01999435645269439
0.233,0.27355501873909327,-0.0018857493509152022
0.233125,0.39483505777601835,-0.2354600000546483
0.23325,-0.15800015908038428,-0.6153655820828273
0.233375,-0.6736514662276502,-0.5896731031305262
0.2335,-0.6017795801627989,-0.14788428124951092
0.233625,-0.2516682222099158,-0.04582260631612477
0.23375,0.4747170391561485,-0.2385664436418432
0.233875,0.6518120363749587,-0.5336403438877269
0.234,0.7886645096854558,-0.5397797319378893
0.234125,0.5557364007893467,-0.13417848782426134
0.23425,0.21661563063855577,0.3591181866044901
0.234375,0.18868290035189117,0.3322508782699947
0.2345,0.2975982666494098,-0.24671903467003534
0.234625,0.44807393137449336,-0.4899498745454425
0.23475,0.3058831599587633,-0.6471502231695684
0.234875,0.47672120800471696,-0.13269021244426446
0.235,0.34648167756002535,0.4038239286578399
0.235125,0.5119868041037537,0.6753795391137376
0.23525,0.14384985841418216,0.5309082521051559
0.235375,-0.2802952889668989,0.2994880998763292
0.2355,-0.33659315712571525,0.2241913777546579
0.235625,-0.06704180521965217,0.1565972720663447
0.23575,-0.06401097166959706,0.16816522294279185
0.235875,0.1982367029160516,0.15220899823010267
0.236,-0.10696261840498318,0.2944638771373663
0.236125,0.1706132741932399,0.21356873590038
0.23625,0.09687701550142953,0.17068059733257143
0.236375,0.14097413975011366,0.3512020786237624
0.2365,0.08521918451904059,0.12730505379115256
0.236625,0.2718603400681128,-0.176017908209602
0.23675,0.3469923518424042,-0.33980766578847843
0.236875,0.40039079228746266,-0.29599416146316554
0.237,0.3367234938638248,-0.07081398833655252
0.237125,0.08555982766047464,0.008895330553743638
0.23725,0.08573939007851662,-0.0007171756623753395
0.237375,-0.039013428652595904,0.057895965631148946
0.2375,-0.07502069592331066,0.1533988331906341
0.237625,0.018795792863311168,0.22185396780939878
0.23775,0.1693672768409398,0.29432306283713466
0.237875,0.10162496193675487,0.23189989627847774
0.238,0.04025988317764195,0.3077254601617708
0.238125,0.07463495955580905,0.39617256400897277
0.23825,-0.09967581170295182,0.3815624928272719
0.238375,-0.2308580900356911,0.12044227797455427
0.2385,-0.2636702617866812,0.002854340511938529
0.238625,-0.3178705420615176,-0.0036031514951695032
0.23875,-0.158937755325471,-0.03343359041681638
0.238875,0.05172745037190222,-0.01645503712282402
0.239,0.20304967553566186,0.02404377810968353
0.239125,0.37153321498341335,0.07098074739487739
0.23925,0.09347979887738836,0.0014947868307334448
0.239375,0.02644412487570542,-0.15375529940800448
0.2395,0.037675539932992566,-0.22387649711047966
0.239625,0.05890783089780811,-0.16513613569612007
0.23975,-0.15403649736361963,-0.29379533261761953
0.239875,-0.23486211185966713,-0.1746407151305449
0.24,-0.35725998380024515,-0.19659815525232968
0.240125,-0.5859833277086864,0.022920262554054695
0.24025,-0.4506245006590148,0.2019802174611601
0.240375,-0.3727240759533466,0.15985059499305582
0.2405,-0.464394723332797,-0.04759657459039043
0.240625,-0.3643803996619489,-0.016892260993408677
0.24075,-0.11717065757316707,-0.08363568956616133
0.240875,-0.4179893921066616,-0.03719907628953227
0.241,-0.39771870849557694,-0.03398919967318464
0.241125,-0.4877457102807132,-0.1452529951289683
0.24125,-0.1973531484429449,-0.3208349507094162
0.241375,-0.06813252684393915,-0.4258288700167626
0.2415,-0.1022646306903376,-0.3242968334564089
0.241625,-0.22806152581664435,-0.3988645171733488
0.24175,-0.12045828517952246,-0.29158325928041195
0.241875,0.3345684526099108,-0.32627182376319913
0.242,0.2120523741502261,-0.16959154967193446
0.242125,0.4094695527163957,-0.2634151702081631
0.24225,0.4409801240312833,-0.4711595864482958
0.242375,0.36251232944024875,-0.3756510861381019
0.2425,0.48447235764604507,-0.14243673744908136
0.242625,0.4043575028697645,-0.12937139560146527
0.24275,0.33044115735468577,-0.29495747373414305
0.242875,0.3102923771292029,-0.20504485419672772
0.243,0.3875162737034567,-0.08067416869670038
0.243125,0.1952096332369304,0.33963383443001643
0.24325,0.14322671288745278,0.3668015083207373
0.243375,0.15951701386685085,0.23674666800084865
0.2435,0.3434534360430918,0.3527822728224781
0.243625,0.3081490257109011,0.4136353598783385
0.24375,0.48108159790478333,0.4094173069039426
0.243875,0.4851619223381167,0.3458834506638278
0.244,0.264546962552524,0.29816605721364386
0.244125,0.10157750597980177,0.10229787124442803
0.24425,-0.10273530711098891,0.1944242795037007
0.244375,-0.13912251638800688,0.2462053135788878
0.2445,-0.06517010686318278,0.31611966097855526
0.244625,0.10008501210644048,0.3331508049019859
0.24475,0.1049944680682853,0.39134422651515943
0.244875,-0.17831447225883412,0.4483355858200646
0.245,-0.3210588808895527,0.38745145231073425
0.245125,-0.184168693583918,0.32561266021773766
0.24525,-0.06995089754861258,0.20435671266935457
0.245375,0.07346750571776801,0.2201368097495029
0.2455,0.20332948973643053,-0.08160710470258065
0.245625,0.1627026129917007,-0.17001962356178654
0.24575,0.15832958721662838,0.11845825481127394
0.245875,-0.16812887190324713,0.021957362381568077
0.246,-0.17866555902654577,-0.04218660684715378
0.246125,-0.1826900781778012,-0.1336749994477076
0.24625,-0.23151694814664966,-0.26097169896714356
0.246375,-0.08950408869492527,-0.1622295762083218
0.2465,-0.036833472904387383,-0.12762919444147006
0.246625,0.09811672082938452,0.04521849682612382
0.24675,0.15963557204652856,0.1401679983835241
0.246875,0.06818940124209315,0.1841913184338224
0.247,-0.23335509177229402,-0.01984684496759649
0.247125,-0.24482535696301547,-0.11827139423382528
0.24725,-0.03803297001264676,-0.24095149203048552
0.247375,0.059669715753296784,-0.25393283560263913
0.2475,0.014714629311654601,-0.08404370709894839
0.247625,-0.20618317909255002,-0.11039777460899779
0.24775,-0.35083899485334036,0.08350893024430611
0.247875,-0.11563665910619107,0.04587658602389025
0.248,0.09086868348593252,0.08734341636609531
0.248125,0.3431743094714936,0.055741362787858205
0.24825,0.22561149774442277,-0.09903283726566375
0.248375,-0.04283743147026254,-0.21013717694891046
0.2485,-0.37522025250358326,-0.11422012874613903
0.248625,-0.5300768389616457,0.12866705493284386
0.24875,-0.4998287084296104,-0.0733696601846436
0.248875,-0.45870603874254673,-0.1887847056387877
0.249,-0.18317320781290078,-0.21051880622751515
0.249125,-0.10459470310261317,-0.038265939313383075
0.24925,-0.13587040996954544,-0.09129826342158436
0.249375,-0.2699863589614513,0.15036794452464414
0.2495,-0.3828295916714248,-0.11432513400390887
0.249625,-0.2817272962124525,-0.14082362246127442
0.24975,-0.13382147883043705,-0.31339828150978377
0.249875,0.13262751190687977,-0.45900034905658044
0.25,0.13934766721944075,-0.5206866911287854
0.250125,0.06111619324078866,-0.273515397473836
0.25025,0.3242472259221642,-0.2167671879243606
0.250375,0.2155597367090449,-0.1952216125018137
0.2505,0.500281556485111,-0.24008953262187288
0.250625,0.06862354098413437,-0.31754931337452824
0.25075,-0.09633782959819501,-0.3871985794078559
0.250875,0.0006681753427270093,-0.2189963914596772
0.251,-0.10455698622863938,-0.042010129906729025
0.251125,0.058280171628961305,0.10497632783530367
0.25125,0.32494937384047845,0.2636343245254883
0.251375,0.5385293364572904,0.18478142118464239
0.2515,0.4522448457694203,0.21861946122942888
0.251625,0.3496121114630296,0.559764587046335
0.25175,0.009923561623516864,0.3231398025516926
0.251875,-0.005233944955769336,0.08322560727024678
0.252,0.1304730612816796,-0.1458628096512233
0.252125,0.09835866861124866,-0.10309185152660157
0.25225,0.11377706409424798,-0.1887600878770489
0.252375,-0.001577108179702049,0.116798498575436
0.2525,0.36620064294417815,0.1250122125157237
0.252625,0.6123339743968435,0.3507521350691477
0.25275,0.6515952621092507,0.38485364055419385
0.252875,0.19810702439843866,0.26178513914107776
0.253,0.06137936648034971,-0.06394659084336901
0.253125,0.23572902632389586,-0.13090309685528
0.25325,0.008065053978009712,0.06992560748117851
0.253375,0.17658725392979868,0.14137575449119524
0.2535,-0.3871089768954418,0.04189222072665195
0.253625,-0.440929127919027,0.12912787226683725
0.25375,-0.33491498507077616,0.3309322356198536
0.253875,-0.011467091613443366,0.6015169908334365
0.254,-0.03534248381915332,0.7000465626103642
0.254125,0.2726212109468564,0.17484616476401735
0.25425,0.21668025719706785,0.07796452283804622
0.254375,-0.051147208304825026,0.13019404291236553
0.2545,-0.2096367431646185,0.11202004063346797
0.254625,-0.4143418960278161,0.010192668793352557
0.25475,-0.3430609791786031,-0.30956142259188424
0.254875,-0.5092519286229925,-0.34484013140085357
0.255,-0.4390741857055482,-0.2959927223139674
0.255125,-0.10395827308272844,-0.14715225122794803
0.25525,0.26526305168287057,0.1448712441086612
0.255375,0.30892743668102973,0.1782876858998482
0.2555,0.336658209766528,0.10327525868971538
0.255625,0.1832348268178986,0.15730248343794476
0.25575,-0.006677626490606361,-0.2887413301809591
0.255875,-0.07750523887563249,-0.33096484792638625
0.256,-0.14864378599689576,-0.40080156427306957
0.256125,0.0655156656193754,-0.3050782101754016
0.25625,0.1418111019533985,-0.33617697350265346
0.256375,0.24264689697384667,-0.09682075200124086
0.2565,-0.2466902945512786,0.15432898319598182
0.256625,-0.58757008086575,0.18992670652084234
0.25675,-0.5096044070160959,0.13405505531501388
0.256875,-0.2685156954951758,0.21346058426363615
0.257,-0.15258118098156812,0.05633936822119949
0.257125,-0.008436079386622662,0.04226952386471273
0.25725,-0.1459319026774693,-0.10818302488861216
0.257375,-0.20760710522287762,0.09486903801816358
0.2575,-0.5741819939124024,0.14684135810221982
0.257625,-0.6916190283819602,0.2098100650122419
0.25775,-0.37072604534749704,-0.08276173412713234
0.257875,-0.26623566589577263,-0.5288778073642278
0.258,-0.3481378171670573,-0.5146084373826383
0.258125,-0.13084304910534714,-0.3181360505441858
0.25825,-0.04087206145203056,-0.07182431817525427
0.258375,0.06731018910860118,0.1955213606750928
0.2585,-0.0036363659539999115,-0.13212997815295213
0.258625,-0.027627917789229257,-0.3370553613097517
0.25875,0.14820218003165145,-0.5186144900520075
0.258875,0.5229319455479945,-0.6385706371646368
0.259,0.7359507257004945,-0.5556766874610993
0.259125,0.6536743541236822,-0.3003722375138495
0.25925,0.5942701418412801,-0.2747931346193238
0.259375,-0.05853790841498429,-0.2593317954544414
0.2595,-0.2612301879658124,-0.023772057563814585
0.259625,-0.14278306056366846,-0.048720763729652714
0.25975,0.2746128268642225,0.03563673198234182
0.259875,0.3586325075328155,0.1253047715741125
0.26,0.33341371609017123,0.10596782908268092
0.260125,-0.03034315315772689,0.48813674908456445
0.26025,-0.036363969062204474,0.7120024795311876
0.260375,0.3835002872960335,0.5712403598888008
0.2605,0.24374062983438985,0.4245535044523082
0.260625,0.1952967582231828,-0.11950565844229372
0.26075,-0.10508236542304543,-0.11321868391472867
0.260875,-0.01898565405549397,0.034420823892268936
0.261,0.3074352637235085,0.2916816330899373
0.261125,0.32631294393564936,0.3490800161755811
0.26125,0.2454222276767223,0.14021686990673343
0.261375,0.12217383429716731,0.09899485699391568
0.2615,-0.08982385748677552,-0.04218993201317743
0.261625,-0.16266261421908937,0.1603109383488083
0.26175,0.21807315574134464,0.42543657459856676
0.261875,0.3740995191662293,0.2710763237597438
0.262,0.1389148408355876,0.0909274352593262
0.262125,0.01792590979785089,-0.04033239792544268
0.26225,-0.17118013440266655,0.10531418317829135
0.262375,-0.02827465156441641,0.28732215726627125
0.2625,-0.07807526671007226,0.22591783381072114
0.262625,-0.17471744246992618,0.08810451610333053
0.26275,-0.32549751503328367,-0.04859433134586471
0.262875,-0.1807705219663975,-0.04329884216199055
0.263,-0.21043772107949846,0.2979946430357784
0.263125,-0.32299982269548866,0.23824934953614904
0.26325,-0.12347000202964632,0.21745239350929135
0.263375,0.10011188112056998,0.15975157231081885
0.2635,0.011292691427130864,0.10439816009043722
0.263625,0.044296323175957046,-0.06648730629003073
0.26375,-0.1846783854992374,-0.025468254301701077
0.263875,0.003670081659126753,-0.11590612079206337
0.264,0.049922066973004525,-0.21159413880396452
0.264125,-0.06432747013657218,-0.2313602762581715
0.26425,-0.24154697785881354,-0.3653928930568176
0.264375,-0.27422254263105034,-0.29202711441096585
0.2645,-0.16684588910943296,-0.08320169248718617
0.264625,-0.28308784629039413,0.1801464437135961
0.26475,-0.14098309632234976,0.2774209610647224
0.264875,-0.23166825552022854,0.0028343849575688616
0.265,-0.10323138103076046,-0.1520579486451813
0.265125,-0.04936946836369284,0.0790967804011692
0.26525,-0.22548602974741375,0.013729810510148727
0.265375,-0.42376864172641204,-0.08880395693354888
0.2655,-0.5510768646566275,-0.06654642446952776
0.265625,-0.5709613849542081,-0.13706100660209622
0.26575,-0.5686353817030482,-0.3038122371640042
0.265875,-0.573811744142952,-0.19950025059187523
0.266,-0.3456255592550323,-0.2924780672660925
0.266125,-0.31261393346628963,-0.18796298835545602
0.26625,0.025868373618453913,-0.02475881084499309
0.266375,0.1231988299097859,0.028048268584729207
0.2665,0.24923047492998665,-0.12403028674855447
0.266625,0.31108342302018066,-0.4090777658641908
0.26675,0.2905537384166483,-0.38106370116415594
0.266875,0.23440205998934457,-0.3968476879875456
0.267,0.29816483792111714,-0.49267427027981947
0.267125,0.18848853356932874,-0.6734972880563046
0.26725,0.2545915398479231,-0.4190255116707371
0.267375,0.2190184155897288,-0.1438029118839907
0.2675,0.21465125422437695,-0.051516116760415905
0.267625,0.20213238547615092,0.1906110499785851
0.26775,0.2686632853981933,0.2619709682656662
0.267875,0.19380325565048764,0.36223861704022176
0.268,0.3490175682725618,0.37766891320400275
0.268125,0.3962517511455556,0.0434125665962841
0.26825,0.3194301658490053,0.2275667082703569
0.268375,0.2849026353626097,0.2739750751529091
0.2685,0.19284371679453885,0.29244636558692516
0.268625,0.30928015560671046,0.25218469320143244
0.26875,0.18058537907781258,0.03990010344675814
0.268875,0.1666432314932575,0.189828358799569
0.269,-0.00759049572110555,0.2011793910765428
0.269125,-0.15284783101263785,0.27481389757587804
0.26925,-0.38515747417048,0.22349124017979463
0.269375,-0.270380094167799,0.31402802627653753
0.2695,-0.13059799450412132,0.2566503773501851
0.269625,0.11759748338448554,0.2565924071586394
0.26975,0.12673424582295414,0.22480770586081159
0.269875,0.17064649854829972,0.06775268859107597
0.27,0.3140871786709488,0.20107096995332285
0.270125,0.1762889496777831,0.225045916376829
0.27025,0.16416660986222473,0.11800439691010867
0.270375,-0.007789811231554664,-0.1379902956068395
0.2705,0.13331672697081212,-0.361710952967273
0.270625,0.1909403135953607,-0.11703772701313082
0.27075,0.06649898659989902,0.10588831658458875
0.270875,0.04699898018934765,0.06596392589002754
0.271,-0.027098709430374547,0.14999263218158237
0.271125,-0.10223708343817127,0.13080018634047266
0.27125,0.03745717997041713,0.17377412274373294
0.271375,-0.266129448145039,0.2851478889809624
0.2715,-0.2286711498405781,0.13262736769376757
0.271625,-0.26246938610982307,-0.05307979477368055
0.27175,-0.12065592693291106,0.14117897891408995
0.271875,0.19062389211965694,0.214810771550778
0.272,0.11845395189897949,0.10660816637392981
0.272125,-0.07340947242300642,0.008898503388054566
0.27225,-0.2034979854840045,0.13382269406173633
0.272375,-0.15609542854042807,0.021125610268319862
0.2725,0.1123677889688921,-0.04474316013326475
0.272625,-0.0041638416806656945,-0.30339368103654496
0.27275,0.09575165840202496,-0.25586112325784294
0.272875,-0.0951947706790366,-0.2588846598581197
0.273,-0.24716443643785188,-0.05310411139294159
0.273125,-0.1595734034631977,0.013369393271664545
0.27325,-0.1202831554156456,0.015036652342898789
0.273375,-0.008078775984705076,-0.02560406420810415
0.2735,-0.15201792082578408,-0.07832803389576606
0.273625,-0.2185520174286929,-0.08692096215468506
0.27375,-0.35221132044022546,-0.027330745964515058
0.273875,-0.28059190690280866,0.056148291754992107
0.274,-0.22657904268455228,0.2436480297313018
0.274125,-0.6599615450498683,-0.035707232217532525
0.27425,-0.5995523066866134,-0.18899023918784819
0.274375,-0.36545256394701275,-0.21421109668737282
0.2745,-0.13239633799266326,-0.1543223042634727
0.274625,-0.13485659670887476,-0.11351082482749222
0.27475,0.0034416371943341555,-0.19844740062998423
0.274875,-0.1456220021481621,-0.2138931711719676
0.275,-0.1923751945579123,-0.2422918331696938
0.275125,-0.21152039392925795,-0.12064490570574134
0.27525,-0.047129056559389954,-0.3828497996304003
0.275375,-0.2127857369822817,-0.3766924902900142
0.2755,0.28221814167672055,-0.5329017218549591
0.275625,0.5280134018696451,-0.3524678453260355
0.27575,0.5897702476890327,-0.2699084680026805
0.275875,0.6035294799266083,-0.060897336838285666
0.276,0.386975178177776,-0.04463280018473718
0.276125,0.1278490133765082,0.022855068477464678
0.27625,0.22975555404643702,-0.05706523481909922
0.276375,0.5330703501603173,-0.1412237092671515
0.2765,0.7567275792511003,-0.1782156892655927
0.276625,0.4605385894529212,-0.010443913957295896
0.27675,0.16368668103486372,0.34795296417539173
0.276875,0.07918197183301293,0.39047255693037375
0.277,0.3235672631839024,0.5989402053793952
0.277125,0.39312560375731387,0.5163679847624648
0.27725,0.07995884925767383,0.3611408475101256
0.277375,-0.2951159737940591,0.22402601327343077
0.2775,-0.3047813179454577,0.31351972193568495
0.277625,0.11991877553027462,0.6254909689024201
0.27775,0.223735539863205,0.6332089754727748
0.277875,-0.2698221015754873,0.4034223393591056
0.278,-0.3000128275902596,0.15328921359035616
0.278125,-0.15426590149460598,-0.0250265208755307
0.27825,0.1164187821296738,0.20492028483293115
0.278375,0.3222906001856521,0.3483834223118256
0.2785,0.1140880920067639,0.07636069202534405
0.278625,-0.15364167886390084,-0.3115564548839087
0.27875,-0.10079239944240644,-0.3069143642890746
0.278875,0.12882149905100548,0.1339451481454494
0.279,0.1679652862099217,0.29772851635491093
0.279125,0.20314605364831148,-0.17522729321442632
0.27925,0.2198271489159133,-0.2817544405492633
0.279375,-0.018486598962895,-0.1399545447690953
0.2795,-0.4014952605344716,0.2693439642961603
0.279625,-0.3065328604565459,0.2552512887731791
0.27975,-0.3132295311982232,0.11345237406132753
0.279875,-0.14561692459223483,0.034008986979588866
0.28,-0.10251362102548207,0.08990360894696327
0.280125,0.05466614508158031,0.16071429121408182
0.28025,0.09361940629579074,0.18864015404111545
0.280375,0.25393106657345016,0.25220244818357895
0.2805,0.08143798935701771,0.16865133654897058
0.280625,-0.005103951313207463,0.0813162948124175
0.28075,-0.0998143121580427,-0.22887556209588786
0.280875,0.13254975861031848,-0.4085790043020986
0.281,-0.07117085207164428,-0.25710477423168504
0.281125,-0.14049473551319472,0.011009834885622618
0.28125,-0.22829977101323812,-0.09283565699175132
0.281375,-0.21046634666902192,0.059454943608142914
0.2815,-0.23623268793429691,0.158157083092264
0.281625,-0.2643388276658891,0.05699025781918725
0.28175,-0.3366349326910558,0.04725911995729149
0.281875,-0.019673439425557677,0.03732727076392106
0.282,0.064513829456434,-0.022999607357551494
0.282125,-0.2834149921823787,0.003982079638583937
0.28225,-0.546073771543808,-0.049235568725670954
0.282375,-0.7590689106062342,-0.1796692029911046
0.2825,-0.46760609480852255,-0.23310721306323398
0.282625,-0.3472483343348281,-0.20779619976658462
0.28275,-0.11316634894186915,-0.16180557252585898
0.282875,-0.0404859731509964,-0.30194246968324145
0.283,0.018027734272310605,-0.251147774283795
0.283125,0.03547001635041813,-0.07509178732899588
0.28325,0.1332243287149269,-0.1551743963075204
0.283375,-0.21070852477545632,-0.26984302425794016
0.2835,0.03935604923985676,-0.5418889116429314
0.283625,0.06554375191392835,-0.729831837186369
0.28375,0.2482079894830234,-0.541253175216571
0.283875,0.4014851312288405,-0.3832460862043641
0.284,0.2578199642506553,-0.22413481128312687
0.284125,0.41469052496681497,-0.14099430213419697
0.28425,0.4097303634806345,0.17940482883511463
0.284375,0.18807866313414434,0.11743387254284322
0.2845,0.09473692353342324,-0.02013823902709518
0.284625,0.37204295667205245,0.008387955124871022
0.28475,0.5873411679183734,-0.03606778228821616
0.284875,0.5645858892206816,0.2132604702124414
0.285,0.5857864509543256,0.2004228231568532
0.285125,0.18913988002531804,0.14419631392016297
0.28525,0.12672825120272457,0.1399895203680507
0.285375,0.044032768578534325,0.1353591279569073
0.2855,0.1673140907345185,0.3474518109511244
0.285625,0.018574020782411105,0.2403453052432518
0.28575,-0.0955108202317189,0.2190428861811022
0.285875,-0.11028306459058265,0.2278384479777016
0.286,-0.12633651771918986,0.5502339084326574
0.286125,0.1732464256028537,0.6409125820819903
0.28625,0.23060332149545051,0.5406199975865421
0.286375,0.1135554895982937,0.2371782033483425
0.2865,-0.014321598413401347,0.04826825805340338
0.286625,0.15490113688966695,0.035801875422399265
0.28675,0.12998376397464004,0.20070660617523342
0.286875,0.21473013791824413,0.13671636091226186
0.287,-0.25012101509885404,-0.0033204124131078565
0.287125,-0.4156687019589686,-0.0996788615232667
0.28725,-0.4245180954639523,-0.1561551234989242
0.287375,-0.0351667354130835,0.06208554146888385
0.2875,0.008213581854822427,0.22722372138376937
0.287625,0.14224951402386932,0.15426546367322136
0.28775,0.12144116170115901,-0.044379207662333
0.287875,0.03556238580050058,-0.05797975282335706
0.288,-0.16231788669947814,0.18634116663471484
0.288125,-0.2279653420583818,-0.08354979426695251
0.28825,0.036771138927430946,-0.18519635288957165
0.288375,0.22909322317447153,-0.35573110818212167
0.2885,0.14286060353745259,-0.16606117821012073
0.288625,-0.2066159434059867,-0.045578957138209975
0.28875,-0.20455600174229738,0.12216973270256001
0.288875,0.06259217982302863,0.10361290362563337
0.289,0.3730809120157453,0.10190092770930549
0.289125,0.3423867218407191,-0.028520045548900582
0.28925,-0.012487492056352583,-0.15844347771756326
0.289375,-0.24233256458044497,-0.22088677812697954
0.2895,-0.15464818150480703,-0.04375844297136922
0.289625,-0.33944489029814845,0.31077463865661076
0.28975,-0.5780808548547925,0.12311773970010562
0.289875,-0.537611353322967,-0.16694141802096862
0.29,-0.24344047852793385,-0.3128470797813146
0.290125,-0.0066198094820110595,0.08778231777186156
0.29025,0.05441488705661465,0.20447658096682014
0.290375,0.07022985082021165,0.2544792357608432
0.2905,-0.47093011404874224,0.10564077780248826
0.290625,-0.5625658043150579,-0.1845213474120582
0.29075,-0.5935166236365877,-0.26902851637490505
0.290875,-0.5768101047151042,-0.41406814414568555
0.291,-0.4735841270217587,-0.22144364247772713
0.291125,-0.5906345570029554,-0.3741272759409125
0.29125,-0.5142730035161915,-0.15303131330067837
0.291375,-0.26811240573733164,0.011280030183692561
0.2915,-0.12478807396413563,0.1086395700925228
0.291625,-0.04041961380098435,-0.08049253816274292
0.29175,-0.16261698042235315,-0.24914675436026756
0.291875,0.009958873451461901,-0.533404846734852
0.292,0.21154287018552817,-0.40775067180666125
0.292125,0.39009344811376845,-0.4067900964980643
0.29225,0.552018860175965,-0.25279331592946486
0.292375,0.535035966388531,-0.35454107220618103
0.2925,0.3963093069370252,-0.3094874662190257
0.292625,0.5413194340081898,-0.20361901913160452
0.29275,0.43399518937705417,-0.19923757647344195
0.292875,0.5699875841546277,0.1407318557398639
0.293,0.3735152156873092,-0.13742231539024172
0.293125,0.3100191023564084,0.029946656833660195
0.29325,-0.03317123735617251,0.3149169197454216
0.293375,0.04215726876356636,0.3200195064063014
0.2935,0.07953377888005032,0.4019999994533858
0.293625,0.18151865897218122,0.30418754985630536
0.29375,0.16044839431670815,0.2440860928596904
0.293875,0.38384817634949236,0.46479037784536026
0.294,0.25371314691267216,0.5719586795702093
0.294125,0.03197571815557042,0.640842461053016
0.29425,-0.09137052966532708,0.49038716615790506
0.294375,-0.24901271785633913,0.27668915386597587
0.2945,-0.12343072347887848,-0.1505676055883849
0.294625,0.014445784487254004,-0.031267106710604904
0.29475,-0.14912718904289662,-0.005661035875993801
0.294875,-0.1426471990004558,0.04672316821238691
0.295,-0.27355397605156256,0.25371009945606177
0.295125,0.0324896502639735,0.3899491021025463
0.29525,0.07998541128786876,0.3737676785975462
0.295375,0.15424313709706994,0.221473174350642
0.2955,0.042364460679582897,-0.05502697717372324
0.295625,0.022200284017992625,-0.1255315211922464
0.29575,-0.06737216200037609,-0.1002854916903179
0.295875,-0.0723105341897447,-0.1758711988821016
0.296,0.1737193135144602,-0.26479565174212266
0.296125,-0.030638517168444214,-0.19341153832287825
0.29625,-0.006557185859575363,-0.21909515800949725
0.296375,0.009352774321617149,0.0989170401234466
0.2965,-0.23921335653969844,0.05589385579066914
0.296625,-0.19373033168410722,0.14435098428493193
0.29675,-0.008781086144798807,-0.1169191023388854
0.296875,-0.01543028163999693,-0.12055270326024278
0.297,0.19383961842856723,-0.07676636817967158
0.297125,0.4458060749746542,0.053603752145928406
0.29725,0.36615951148900255,-0.028477701753030465
0.297375,-0.027628274966157006,0.11006677680925053
0.2975,-0.14445439495986662,0.08968987365372974
0.297625,-0.11328908253200068,-0.12480964680328362
0.29775,-0.11433999702170368,-0.04597772501614225
0.297875,-0.07508896982167577,-0.19584595685230144
0.298,-0.4357618536139281,0.15765651835050778
0.298125,-0.4396999339702855,0.10047903263830663
0.29825,-0.12326388474011933,0.2421081722280248
0.298375,-0.10643042839821067,0.2203337300059154
0.2985,-0.11264474922043463,0.2598004275311818
0.298625,-0.29236354451260266,-0.02928233045893272
0.29875,-0.5043776523462439,-0.13023648923909548
0.298875,-0.5445075151312714,-0.0645330615949342
0.299,-0.49687042339436643,-0.05797524739626739
0.299125,-0.7342390864716744,-0.042790963819249496
0.29925,-0.5522549654250029,-0.320119763482055
0.299375,-0.33748482761963894,-0.37062812820910607
0.2995,-0.13320029101368613,-0.24657234924325186
0.299625,-0.04344625199158631,-0.07075400277700403
0.29975,-0.17090971066955643,-0.08373665639789843
0.299875,-0.0040983269651557385,-0.23431026185061887
0.3,0.1652494861944545,-0.4163881242800391
0.300125,0.3608852973304479,-0.513840504363641
0.30025,0.09079164133221698,-0.5961572237252029
0.300375,-0.04134772798332356,-0.6394896918423387
0.3005,0.23738121952403243,-0.5934272305289954
0.300625,0.3738203723766728,-0.2718829951898588
0.30075,0.49750934942313085,-0.007866314351304768
0.300875,0.32098770316488434,-0.07476170862626996
0.301,0.3176527865438304,-0.21692062472435222
0.301125,0.27602286726469694,-0.05621715520489013
0.30125,0.17628234454262393,0.32405280855507634
0.301375,0.16673539513156244,0.15426193044278547
0.3015,0.11447860558810588,0.18040463514578145
0.301625,0.06360453722225869,-0.07936553457540307
0.30175,0.3048117332960239,0.19804063547509904
0.301875,0.2573689861362813,0.35579821944314216
0.302,0.3076736959328683,0.5896970408716531
0.302125,0.13749481502429045,0.3854492661904673
0.30225,-0.08900362151117355,0.26471821665976536
0.302375,0.11033397186579921,0.2932658999980247
0.3025,0.25254331396783364,0.31992271548857315
0.302625,0.3225625737256147,0.3486399197882411
0.30275,0.09943540322772283,0.04610885202723952
0.302875,0.055040430533868985,0.21792658301532972
0.303,0.14813282635333344,0.16418464360776283
0.303125,0.03456474467390839,0.1688307150881456
0.30325,-0.35327973415077296,0.3284916875047563
0.303375,-0.33523725541197746,0.14458718236442292
0.3035,-0.2213438249769291,-0.2088206352999121
0.303625,0.38381293513375586,0.021889009429718543
0.30375,0.6440350998480843,0.23747760804944698
0.303875,0.20829331954321473,0.349384728119669
0.304,-0.31908103395771426,0.24846419362628355
0.304125,-0.27881720798208853,0.09426359131427213
0.30425,-0.0739545386836046,0.04724998464395304
0.304375,0.13327184875067166,0.06676537899652983
0.3045,-0.047128780875154076,-0.20391434138317396
0.304625,-0.28172933169048386,-0.31873546905390177
0.30475,-0.1569014998755619,-0.032691968619036116
0.304875,0.003075175786233921,0.36363716199338936
0.305,0.2831072703570138,0.4429275322492518
0.305125,0.03598796105740333,0.16876437980885767
0.30525,-0.2664719932061144,-0.0647553617729621
0.305375,-0.45387398490331826,-0.3098303554367561
0.3055,-0.46889618432620683,-0.12404398344377203
0.305625,-0.28205624166540305,0.19751723484062356
0.30575,-0.08937495561540758,-0.0496312964540333
0.305875,0.16404453002393188,-0.2417521090637197
0.306,-0.0009170462313147116,-0.35127032157856847
0.306125,0.08799854140650808,-0.09996097555081576
0.30625,-0.1046855609758163,0.37148426396244877
0.306375,-0.20582994673978716,0.13970908796061096
0.3065,-0.07103123262707489,-0.21154262105529525
0.306625,-0.1645772566497648,-0.4658174537140673
0.30675,-0.11035736155020395,-0.3316554632241244
0.306875,-0.13830553218156216,-0.07463302574758923
0.307,-0.21860919709373797,-0.04784092800551256
0.307125,-0.35424627546932386,-0.08385836110116979
0.30725,-0.2013409885309468,-0.16283742932544465
0.307375,-0.04267264801645998,-0.03190283456714979
0.3075,-0.013307100508429228,-0.10973606765796552
0.307625,-0.11349502415160997,-0.10244100348889805
0.30775,0.001593017433562992,-0.09654556984190743
0.307875,-0.12360478740388696,0.019004814033647722
0.308,-0.35641677313145514,0.07187677752497806
0.308125,-0.2549155505914598,-0.10198012449963419
0.30825,-0.057206429569641684,-0.17520400570245964
0.308375,0.03514466065267503,-0.2757052749852563
0.3085,-0.10733813397907409,-0.24647242835747707
0.308625,-0.3496014837895571,-0.0927197581067259
0.30875,-0.06868237111777754,-0.0938868693898376
0.308875,0.38465241176101894,0.02358824439932787
0.309,0.4732099975140666,0.009695399126896417
0.309125,0.3974061679399705,-0.07556467804202519
0.30925,0.19473960500110765,-0.048965183306349185
0.309375,0.342778154802707,-0.0998420529699076
0.3095,0.28437787645338725,0.15039587195070797
0.309625,0.32125673506451496,0.014460606517675563
0.30975,0.21157073580969488,-0.3351076252508241
0.309875,0.04104760672750858,-0.24578795556799563
0.31,0.24319415855270776,-0.048325867532937265
0.310125,0.28159187262095786,0.2543046589893451
0.31025,0.47738420420329475,0.43614022682910053
0.310375,0.23767340361828346,0.343482941935324
0.3105,0.07260834308626805,0.3731881248596088
0.310625,0.007557852686934856,0.28032690730774407
0.31075,0.20740486281150064,0.3565118372265178
0.310875,0.12502258483962272,0.2080913665470389
0.311,0.04931716759260351,0.019642349498002223
0.311125,-0.08545565328072172,0.11682729476232906
0.31125,-0.19575512443861945,0.13474958317561547
0.311375,-0.05065011284357254,0.21017239526005319
0.3115,0.0011900176449452515,0.3000714946579947
0.311625,0.06134790415987624,0.2438704654397811
0.31175,0.13444083749755834,0.15856566109019568
0.311875,0.33572821604110875,0.058536688095361465
0.312,0.1771688232011121,0.22090075007811422
0.312125,0.13908734517390292,0.24181436957649957
0.31225,-0.2623222726417869,-0.04122678724307106
0.312375,-0.15879434530807657,-0.030036396837397495
0.3125,-0.08555472420943594,-0.06548138749439056
0.312625,0.2584059131788571,-0.13379840107636645
0.31275,0.26022651815047115,-0.10101488392952768
0.312875,0.2233864714667097,0.20272113714447546
0.313,-0.17817589107686305,0.15671626967997704
0.313125,-0.40502282778471166,0.2668774521511839
0.31325,-0.44864389593537274,0.23700335856850271
0.313375,-0.3407803855993492,-0.017738656560928025
0.3135,-0.260390114868493,-0.18244590763405344
0.313625,-0.05957927215895986,-0.21046081071341544
0.31375,-0.0023458368575433024,-0.11014866754593411
0.313875,0.25464116021693517,0.15100062959161992
0.314,0.31393792031015044,0.33327053306005877
0.314125,0.1675540025530486,0.20941847523340001
0.31425,-0.12365232675870008,-0.22795798893619423
0.314375,-0.24245669083103305,-0.4206713167059377
0.3145,-0.27609506087162883,-0.49345872334940405
0.314625,-0.19021769267062788,-0.26238815719026926
0.31475,-0.2118958707151297,-0.20696467396105056
0.314875,-0.25401544445083013,-0.06623203629364008
0.315,-0.40756384150001873,0.025234584069032347
0.315125,-0.4772498708567933,0.26323072147837767
0.31525,-0.25460097148926497,0.3610455321698887
0.315375,-0.15993865432515827,0.13254090861084755
0.3155,0.06821713506727506,-0.20976897960656843
0.315625,-0.17626185791637936,-0.1337441052327926
0.31575,-0.24396989164366753,-0.2183961670795789
0.315875,-0.28839808214602775,-0.21377251816206336
0.316,-0.2464758720471895,-0.2769980999793391
0.316125,-0.2994193210004621,-0.19517125130508275
0.31625,-0.2890876434984805,-0.36118639515747974
0.316375,-0.40897627658052643,-0.39816689590508403
0.3165,-0.32095566349160193,-0.26318138992165874
0.316625,-0.18430594074770826,-0.18336563701622247
0.31675,0.22271001503528398,-0.09266376808509152
0.316875,0.3747027641290032,-0.1687978353722744
0.317,0.34311600878405546,-0.4282295056478558
0.317125,0.20898176213844,-0.3417088040735586
0.31725,0.29560607617640294,-0.39210990137476254
0.317375,0.49917667748871813,-0.14135466868107147
0.3175,0.2934195789709958,-0.23714556293765052
0.317625,0.2663037559256928,-0.3553815715166609
0.31775,-0.05364461399001984,-0.283004793585213
0.317875,0.27204720840426194,-0.2771254524078031
0.318,0.2582720345871851,0.3168801291032688
0.318125,0.4845597363057054,0.3990351668816831
0.31825,0.5647964739190325,0.3731384226745658
0.318375,0.5174572522741042,0.1936654371323455
0.3185,0.10715200703107332,0.28061824743657415
0.318625,0.15944622067103584,0.3806346786748774
0.31875,0.1356274472258948,0.3949818552045663
0.318875,-0.250461923188075,0.244268153631485
0.319,-0.10117894929743938,0.22556148313210672
0.319125,0.03597888517560785,0.04785034735374787
0.31925,0.02610762403260738,0.26823321237554965
0.319375,0.1129867901297155,0.3530382187882277
0.3195,0.004408556227841763,0.5250980871951626
0.319625,-0.16009827516870828,0.3082716486255643
0.31975,-0.03274891923514524,0.16861318435937403
0.319875,0.17856305031344713,0.06973595872767469
0.32,0.17313090339728096,-0.003193093681901364
0.320125,0.18894927365750314,-0.05474079609019987
0.32025,0.0991535902893861,0.01947450758916092
0.320375,0.09091981202772578,-0.1324201388526435
0.3205,0.3501443807476894,-0.01530060470415219
0.320625,0.33470195195655217,0.15322278132521344
0.32075,0.32794844335233087,-0.15943158437709345
0.320875,0.13444706913755727,-0.09441597377115864
0.321,0.20893831765747184,-0.12510154768589876
0.321125,0.01204090678133785,0.11787125714283646
0.32125,-0.21727814889083638,0.14086403146856416
0.321375,-0.22584399970991265,0.09235624496329357
0.3215,-0.1623726858172619,0.134683361305445
0.321625,0.08856162654253358,0.2255701061481014
0.32175,-0.04837590730112456,0.3851621938566684
0.321875,0.04789184626274725,0.5361500845987202
0.322,-0.23227324245964076,0.36898731421563896
0.322125,-0.28316130094132935,0.28863082870569495
0.32225,-0.39663962486370685,0.23961184258805454
0.322375,-0.24082152461014633,0.09903715797456412
0.3225,-0.24236652749168228,-0.10653268668079505
0.322625,-0.4784240088639642,-0.3534069764454929
0.32275,-0.3573113686602648,-0.062128831660219555
0.322875,-0.28169629857957446,0.13302157428318293
0.323,-0.3020151964825533,0.15870883649353087
0.323125,-0.16586052335841522,0.03923204882146667
0.32325,-0.0813377808374406,-0.1629606051143793
0.323375,-0.049595143597273045,-0.3169093564330437
0.3235,-0.03508957221966827,-0.23894868112334303
0.323625,-0.1939505281916031,-0.18018791927548872
0.32375,-0.5646055794977847,-0.24548422717231333
0.323875,-0.6277220094415815,-0.26384912505121877
0.324,-0.4742230214761534,-0.24731343394032929
0.324125,-0.34273566865818117,-0.21343547096960366
0.32425,-0.11521927128372488,-0.26981302133780655
0.324375,-0.14601802073961198,-0.17643501544604476
0.3245,-0.09807263181401688,-0.03217884536471404
0.324625,0.03730410577813242,-0.0745774329388915
0.32475,0.01833135015087465,-0.029305130511859886
0.324875,-0.17465105102115883,-0.16859921866648578
0.325,0.008513955715781996,-0.6988419061936199
0.325125,0.097336467287052,-0.4388608254704066
0.32525,0.6483247718118488,-0.19180905857306219
0.325375,0.5964517996144192,0.048791390411181884
0.3255,0.511051024216352,-0.20020743660067536
0.325625,0.0846343780712536,-0.10899540301505353
0.32575,0.11976881001590112,-0.1667289007423443
0.325875,0.43627779078341705,-0.06383931252953451
0.326,0.5060314071494527,-0.06628397165236753
0.326125,0.027593220323489653,-0.20326924729561607
0.32625,-0.12920772451937315,-0.07743441694761456
0.326375,0.03573529822644457,0.25983433209731416
0.3265,0.16038857064254836,0.4587573804417357
0.326625,0.04151905633892596,0.5062405882746862
0.32675,0.0010480491350189616,0.3336460715903085
0.326875,-0.1923845104825203,0.102544955723302
0.327,-0.06080024925197007,0.1309912205524152
0.327125,0.34568671029696957,0.407212920933304
0.32725,0.28540601254318365,0.3686341139635085
0.327375,0.10056236704823432,0.021068134692288902
0.3275,0.12741016527018667,-0.12184470185806519
0.327625,0.2127497558566867,-0.09651465673096027
0.32775,0.34654710778633513,0.306911207586456
0.327875,0.1190996876795944,0.1403593384038184
0.328,0.17157134144606526,-0.014789231569330537
0.328125,0.03747130986694448,-0.2924998446544632
0.32825,0.15093071456914134,-0.10665291975671336
0.328375,0.09503974061683287,0.06363798253796236
0.3285,0.3503893235586133,0.1544414790074396
0.328625,0.19308619616979555,0.21485046643302128
0.32875,0.26659374267753705,0.013637029038726035
0.328875,0.07872437198604147,0.27652050718895205
0.329,-0.03917242737888626,0.20882576427299046
0.329125,-0.2206770601967189,0.1487144572776144
0.32925,-0.19959201167492419,0.07358699518878918
0.329375,-0.4216319320091447,0.13380002914316894
0.3295,-0.26457283501181456,-0.00993762798396378
0.329625,-0.20438090372941356,0.30867148575331893
0.32975,-0.11554511234654223,0.29336012900730335
0.329875,0.0739032408021688,0.208258351233296
0.33,0.33781550256191717,0.11642132316768847
0.330125,0.21991417310974762,0.04486601573980593
0.33025,0.18502390041119735,-0.026719564785254002
0.330375,-0.0953883623736524,-0.10072240034392763
0.3305,-0.055803487094219964,-0.22222290527697294
0.330625,-0.35255736797271764,-0.29281805269271294
0.33075,-0.5442932665678154,-0.41386352214523103
0.330875,-0.5338272053481288,-0.23245639634941268
0.331,-0.3685399613620223,-0.016713089764634974
0.331125,0.11555381320533058,0.1008496453079926
0.33125,0.2729483295797912,0.21848821792175732
0.331375,0.1221393666849901,0.21349122006714016
0.3315,-0.11702892670913352,0.0692890971270771
0.331625,-0.15445197693127144,-0.031231660648085233
0.33175,0.030354013674611418,-0.17393058297800704
0.331875,-0.18292632825556893,-0.3319509649415209
0.332,-0.08843201258471906,-0.48343099508461196
0.332125,-0.2676088394926516,-0.43729176618492177
0.33225,-0.2861917736044383,-0.123892954330399
0.332375,-0.2711876658355644,0.035062516966798574
0.3325,-0.3443240041916582,0.29610614091832743
0.332625,-0.27343030276325014,0.15478742709775653
0.33275,-0.22433619666241045,-0.027718701829657823
0.332875,-0.3513880912062489,-0.10229569345303693
0.333,-0.21613398452731988,-0.038728653776664776
0.333125,-0.2817460702988446,0.01741841071554292
0.33325,-0.26051246969419084,-0.06970300659496374
0.333375,-0.2532583556298512,-0.22126843759307832
0.3335,-0.08587923109076592,-0.38838564375160634
0.333625,0.06286525367461297,-0.15101578585819814
0.33375,0.09708215615874803,-0.3167192154327338
0.333875,0.5875999160541383,-0.35156162450616
0.334,0.5554599832725593,-0.3560690325896632
0.334125,0.5078649840826336,-0.17725391069395116
0.33425,0.32544529099391367,-0.2449868837110949
0.334375,0.14023436703559913,-0.2710800288818688
0.3345,0.1427695036028603,-0.28224052272667627
0.334625,0.18278368212145132,-0.04126528614046964
0.33475,0.16159428428950606,-0.09161769469971089
0.334875,0.1274168783284107,0.008714092410448798
0.335,0.17662360277102898,0.25590539389571615
0.335125,0.16527262495536255,0.3929502071842685
0.33525,0.4518563129633411,0.6761966481221047
0.335375,0.26601566921798236,0.5486200533861233
0.3355,0.45066122235762074,0.2485783868391122
0.335625,0.3167359009715638,0.18204368613006336
0.33575,0.004414358105636447,0.04008787018733173
0.335875,-0.10112453214693619,-0.007122652480140111
0.336,-0.08578917857519078,0.20168046501609993
0.336125,-0.2701965228398853,0.18273248996219676
0.33625,-0.3387758810534146,0.09584401406581164
0.336375,-0.05536825168855564,0.05542662864720339
0.3365,0.20925587683382504,0.39760079179309926
0.336625,0.13914837533004312,0.3619861642933202
0.33675,-0.16155543649254273,0.4022354562159928
0.336875,-0.014691397010448772,0.1544545751672008
0.337,0.06679991200919658,0.05756825780995724
0.337125,0.39896301358803,0.04528994770419113
0.33725,0.3018220333926714,-0.18687345701961833
0.337375,0.10054899336103021,-0.20755005625148354
0.3375,0.25910549400200433,-0.19894127092005562
0.337625,0.2623514134556104,0.05103845557867474
0.33775,-0.07317732098104177,0.11722100327482407
0.337875,-0.1136288293786267,0.02949754068792312
0.338,-0.15137332650181834,-0.04581178098517447
0.338125,-0.04000769090967479,-0.09727328485274203
0.33825,-0.00391332415637044,0.035846597006414675
0.338375,-0.11281239525848527,0.41817679024896415
0.3385,-0.13058678368570195,0.32668573112114696
0.338625,-0.4456410072424588,0.11326293305378234
0.33875,-0.4661671524042449,0.35168771835474055
0.338875,-0.45579830819129036,0.16553226534978008
0.339,-0.05908544759788432,0.0731935021937462
0.339125,0.11694901323944952,-0.2560575090294664
0.33925,0.11194732141588982,-0.24237709040958585
0.339375,0.0032515377106391873,-0.06511843347617892
0.3395,-0.10657736500648621,-0.1498590223897875
0.339625,-0.15139454529624835,-0.1135225631240996
0.33975,-0.1994229406796891,-0.10656534839347274
0.339875,-0.15096330333872368,-0.42363587469427166
0.34,-0.19914511332768042,-0.30104803994417173
0.340125,-0.28412239772070674,-0.3181057991110997
0.34025,-0.2309151044433373,-0.06096710661874944
0.340375,-0.16224935703913726,0.028831900282784984
0.3405,0.062310727349727764,0.22506415274025887
0.340625,-0.16898294477215697,-0.002038609248985582
0.34075,-0.594266779918871,-0.02104329042488905
0.340875,-0.42592206811986083,-0.14871553290288994
0.341,-0.5567193273213512,-0.08789051610364743
0.341125,-0.2800413489972638,-0.15270329397504456
0.34125,-0.33399908942777445,-0.21626277551497852
0.341375,-0.33170489143480597,-0.22084150932529714
0.3415,-0.014958927648911102,-0.22717654662297596
0.341625,0.025598817627808784,0.03452964543922696
0.34175,-0.09304650828962772,0.1771049647716133
0.341875,0.019287648202442047,-0.21634362054351405
0.342,-0.056903952756785565,-0.32834004126719396
0.342125,0.29174968135932866,-0.5141210394886055
0.34225,0.667390033128887,-0.3485312795967129
0.342375,0.472137769873315,-0.2848181423105588
0.3425,0.4083219102944609,-0.425451165328202
0.342625,0.139403321737449,-0.2890435919058077
0.34275,0.06508950410118376,-0.03868812942561237
0.342875,0.17452602241205067,-0.08725397639154016
0.343,0.6113882180730367,-0.05669981111012514
0.343125,0.6309107950443773,-0.09089801099705758
0.34325,0.2430149831307997,-0.2121640224680918
0.343375,0.16831671211014337,0.24024888654120105
0.3435,-0.005341150911887191,0.5344493121984274
0.343625,-0.05333152479802376,0.38363594178525795
0.34375,0.08989439708627904,0.28264520530351894
0.343875,0.2407600635619699,0.025044110332058254
0.344,0.1705221092975737,0.0885661940919137
0.344125,0.2727806345637712,0.2555909893701924
0.34425,0.2659324602093345,0.5612135987976217
0.344375,0.08577015848481905,0.46663969688865437
0.3445,-0.19454469623913453,0.33955672302910367
0.344625,-0.08496409208964356,0.1296616160368931
0.34475,0.17445373148822552,0.019501535417418468
0.344875,0.0637089622341993,0.0669170317581188
0.345,0.09505231959348731,0.09241008139309509
0.345125,-0.13073362815196232,0.20366436624464918
0.34525,-0.294288743840628,0.24753105030487157
0.345375,-0.28893610048077734,0.46233349915824606
0.3455,0.12819855387878423,0.26080482377710096
0.345625,0.09835251118345831,0.1719660556862501
0.34575,0.29789688292117356,0.060185884390700335
0.345875,0.1963838937683539,-0.08261202303033015
0.346,0.13633190678058835,0.143430001214685
0.346125,0.1933930343519525,0.05441208451128066
0.34625,0.27033693073860837,-0.08640006597819917
0.346375,0.03298914414686217,-0.12196294535981518
0.3465,0.11165693003803853,-0.2258604948905898
0.346625,-0.08429508569869873,-0.11984667719526046
0.34675,-0.17876732230921544,0.13408267996058237
0.346875,-0.22670078149621728,0.1585154488166866
0.347,-0.28911172248162137,0.09240305163211525
0.347125,-0.27028045304709963,0.08697198909496988
0.34725,-0.29518784938175313,0.06958325218908383
0.347375,-0.08062405746739446,0.18032416058679876
0.3475,0.027423033009689957,0.30240329377609665
0.347625,0.018541476048312817,0.15018972059764427
0.34775,-0.18744876030033322,0.16680044774642386
0.347875,-0.2797784744182601,0.0972312239027261
0.348,-0.23563788834942143,-0.058745441829460475
0.348125,-0.07176281445339688,-0.1502380838389688
0.34825,-0.15011540477355545,-0.29258640692194793
0.348375,-0.18720129533984103,-0.19680353470455758
0.3485,-0.20842478067560488,-0.255195422220698
0.348625,-0.319624082808259,-0.17062780420710724
0.34875,-0.2515812909169956,0.04849418890845081
0.348875,-0.4154429367191116,-0.16703318364941658
0.349,-0.31933722444951357,-0.1760672117967695
0.349125,-0.3419322189016202,-0.23737731922829405
0.34925,-0.24357227486581698,-0.14081534250269107
0.349375,-0.15829267015864573,-0.1730451284019035
0.3495,0.006199929716571811,0.02594726527509075
0.349625,-0.108287995362944,-0.2883349091385027
0.34975,-0.20634472159823317,-0.23063271881667824
0.349875,-0.11105900991189335,-0.40878805556234954
0.35,-0.07072869354100352,-0.21145872907385563
0.350125,0.23227086060542604,-0.12126956453101995
0.35025,0.14511672557435867,-0.349338083198111
0.350375,0.3573026840146818,-0.4015912289663556
0.3505,0.11211039502165328,-0.21853152729121203
0.350625,-0.07831646380214692,-0.1363201114676554
0.35075,-0.05232147290133834,-0.11260650301028105
0.350875,0.1682959570447647,0.01682850847545553
0.351,0.285527814863816,-0.024800006522706447
0.351125,0.4616133273120552,-0.09206981529317344
0.35125,0.7789178759280556,-0.1804521722421801
0.351375,0.445542814239709,0.11957005230820687
0.3515,0.2757310426638902,0.30999978614390056
0.351625,0.29851848552071575,0.3247644966212856
0.35175,0.20190167070231618,0.11909557050662666
0.351875,0.253165448433912,0.14795431346059232
0.352,0.18356216662881436,-0.1360242658553956
0.352125,-0.13310138857067774,-0.09447762686562157
0.35225,-0.06058744838115741,0.31641886793245927
0.352375,0.012775107792306917,0.5658096507450718
0.3525,0.08485904611935105,0.5591514424947396
0.352625,-0.2283749867456174,0.4395300633798462
0.35275,-0.1795426980495394,0.21056118533486148
0.352875,-0.1535255701179679,0.3399669763447699
0.353,0.09445472099348756,0.4326570148934901
0.353125,0.15402379170277042,0.4278036578378672
0.35325,-0.031318291636678,0.20684714540493476
0.353375,-0.10041499444376616,-0.0671875752031135
0.3535,-0.035015358002613545,-0.09816264685352735
0.353625,0.09402919603888968,-0.019953949674886482
0.35375,0.3422711251390176,0.018779632430550416
0.353875,0.19051954779922536,-0.1389530655331842
0.354,-0.009489459927971022,-0.23494562484083634
0.354125,0.09290325104946731,0.05275289636110876
0.35425,-0.03338187663664491,0.13953138314817187
0.354375,0.09113466233860762,0.2318443091579024
0.3545,0.017748318719032426,-0.0327883209730825
0.354625,0.08527354775843053,-0.20317115123062476
0.35475,0.016488785401901657,-0.05521840359952006
0.354875,0.21380623142790625,0.12206558260561527
0.355,-0.15467591842257222,0.18288318607248938
0.355125,-0.3286233906591824,0.22633506162665862
0.35525,-0.3364013552265422,0.0857343801566455
0.355375,-0.3835280403493263,-0.04730117099737403
0.3555,-0.12898131903135093,-0.04255815382096109
0.355625,0.10178212112719834,0.19928205586243672
0.35575,0.1111959923533617,0.15448997831954192
0.355875,0.028309694105607387,0.08690154781000516
0.356,-0.25782247213474063,-0.0497594980360715
0.356125,-0.5446129056297113,0.0057624575613739
0.35625,-0.2980207477313418,-0.06919305421882932
0.356375,-0.24200371704824108,-0.24028754362555604
0.3565,-0.28918395296417654,-0.2649904291150623
0.356625,-0.42726692269266453,-0.21926069523007255
0.35675,-0.5110947677028157,-0.10028501466209626
0.356875,-0.4434684687458295,-0.05107201289281685
0.357,-0.5296537792753662,0.2387676504272704
0.357125,-0.25981353410236985,0.013441202007823264
0.35725,-0.13470252664969587,-0.15352395633385035
0.357375,-0.06933732777266398,-0.2497773482516612
0.3575,-0.3155415559694427,-0.2751757539369281
0.357625,-0.18581728911331943,-0.18650879296410297
0.35775,-0.10031652969528117,-0.2015967335801069
0.357875,-0.04793759927780077,-0.4332155859862281
0.358,-0.04500456194127249,-0.4323841994258469
0.358125,-0.013140948935916488,-0.376562524510842
0.35825,0.0014117000190567294,-0.3228131784201308
0.358375,-0.19443382705255707,-0.17273181241366825
0.3585,-0.09621397456441788,-0.10208222583887568
0.358625,0.061187036497557544,-0.18818821845746753
0.35875,0.4375158423354199,-0.23910906583056007
0.358875,0.232610250137848,-0.18314958289604027
0.359,0.10259393863247535,-0.10851117978623114
0.359125,-0.0832349200470771,0.04895314351779384
0.35925,0.02274253671975276,-0.03637424010191812
0.359375,0.16286777379947076,-0.08066096806185974
0.3595,0.3402903284746082,-0.16503020889314157
0.359625,0.3280850373396272,-0.10184083409897246
0.35975,0.18351898751632864,-0.06932239622548639
0.359875,0.13196861011489563,0.1158990230283985
0.36,0.4019270869071193,0.2220103064852492
0.360125,0.4312774528454843,0.18043000774248996
0.36025,0.443320110607998,0.09278819338543615
0.360375,0.3235081653444898,-0.05820323197151281
0.3605,0.3350745350156064,0.02433685112210048
0.360625,0.2562437571995464,0.09278631351992707
0.36075,0.5049442787622601,0.36197107681050633
0.360875,0.5301315931072172,0.28222462511563884
0.361,0.09961140211523532,-0.001141262850347277
0.361125,0.128469743997589,0.061485331134270446
0.36125,-0.19864895747933028,0.15225277218532368
0.361375,-0.06013791309480098,0.4965193407719857
0.3615,0.0976671952491082,0.28220522923690505
0.361625,0.018136474081350062,0.3699330013335974
0.36175,-0.18543085577410887,0.27762294103762336
0.361875,-0.31670197966353464,0.4234020372558234
0.362,-0.18656781118525162,0.35075532162770623
0.362125,-0.1361323141514856,0.33332889299341
0.36225,-0.06844383961583048,0.31441031221274157
0.362375,0.12776572565545855,0.0025254933025735745
0.3625,0.11844564112329732,-0.03913920111652462
0.362625,-0.11621386625402179,0.027249645792105877
0.36275,-0.3094459493318087,-0.08478102964218481
0.362875,-0.2013911720445231,-0.011962820647991196
0.363,-0.21143115566117018,-0.07015176725093061
0.363125,-0.30006206613932335,-0.23326884201628645
0.36325,-0.43135628502056916,-0.20619432723682768
0.363375,-0.35912913898654136,-0.15695394414915673
0.3635,-0.1591852912739902,0.15322741411146465
0.363625,-0.03582658094751719,0.17392252585175894
0.36375,-0.09302526099587645,0.01893388373724543
0.363875,-0.10447458099421449,-0.17067458259302315
0.364,-0.03501809014487748,-0.2385180424581596
0.364125,0.09946542591150845,-0.11569469949342893
0.36425,-0.030124651731947373,-0.23147398335746286
0.364375,-0.10889327062221256,-0.1227325376905602
0.3645,0.2854480702160175,-0.17744507404430476
0.364625,0.12645222509626683,-0.18267850525740634
0.36475,0.18317269117830617,-0.23247605370920119
0.364875,0.05696772015859472,0.05707128389111214
0.365,-0.1643673866914048,-0.043671994833717
0.365125,-0.14455391829800415,-0.14965955531635128
0.36525,0.04434106639619051,0.10305170660679319
0.365375,-0.05746617954479019,0.0565004559041085
0.3655,-0.30996474243043404,-0.09841722842839243
0.365625,-0.23100877774582287,-0.14393274787605528
0.36575,-0.21614128381197908,0.14960075388705918
0.365875,-0.20443271291631201,0.11033977707640909
0.366,-0.4818399920178585,0.15784304178369343
0.366125,-0.5202225653226134,0.02862154551939809
0.36625,-0.45565079803064,-0.09780845377517533
0.366375,-0.13479088869852665,-0.0886512459279413
0.3665,-0.027590991588309778,-0.021185073193671133
0.366625,-0.12309511465687521,-0.06862173605985647
0.36675,0.027920960146845832,-0.2019010425720978
0.366875,0.2069719630287314,-0.17119432213142288
0.367,0.21861531430978354,-0.23046347039213572
0.367125,0.07897591126006252,-0.30077810088495033
0.36725,0.03655827996472421,-0.3949464786074225
0.367375,-0.24299851591946253,-0.38670002865131087
0.3675,-0.13408241107957963,-0.47324070724139533
0.367625,0.08286278504113496,-0.22935577070487478
0.36775,0.22280849466391753,-0.06713262606057513
0.367875,0.2358534530056116,-0.08363494186990983
0.368,0.2915328692725578,-0.0006431925018318506
0.368125,0.05141739087293008,0.10365886458919786
0.36825,0.1783278277514926,0.13372585539535725
0.368375,0.23515805117633465,0.024784257251582054
0.3685,0.2655959111464162,0.03074582165879803
0.368625,0.3390096517050102,-0.1316492886105522
0.36875,0.46839400493606537,-0.1922234403089881
0.368875,0.5576145225007466,0.0015260336799792227
0.369,0.37559625481729175,0.2753311163915939
0.369125,0.4569643257871448,0.3851137496193584
0.36925,0.37136120842345044,0.19196748185222734
0.369375,0.21609285217468613,0.19023420053626056
0.3695,0.3541138277100197,0.1019923088907109
0.369625,0.6889354743621404,0.16581582612867524
0.36975,0.333447305952997,0.2817571493148756
0.369875,-0.0706783486853664,0.4114289216554888
0.37,0.0690073810553116,0.41882188119254016
0.370125,-0.00792171821377228,0.5443697265198767
0.37025,0.03409449811640898,0.5106294396103837
0.370375,-0.37724342078338247,0.2662801822642963
0.3705,-0.3315800494261075,0.08284093579951636
0.370625,-0.11000764598151933,0.17721714300954383
0.37075,-0.10574899241773124,0.4076105136856459
0.370875,-0.10920930445224422,0.3317871167063941
0.371,-0.165923111181362,0.21655820065232081
0.371125,-0.168705044337165,0.20836083104640296
0.37125,-0.04263050033897327,-0.01589677868589337
0.371375,0.09992634535847866,0.0962185933342
0.3715,0.10812587804364539,-0.023544603596060688
0.371625,-0.15594686488437923,-0.08288404854734094
0.37175,-0.180118325411264,-0.23385882960285953
0.371875,-0.37449035457475827,-0.21247172559461142
0.372,-0.0514245335728874,-0.19162516016190448
0.372125,-0.003236067032715898,-0.12105099912913836
0.37225,0.11691671152349145,-0.08022680717707847
0.372375,-0.11721032285412157,0.003909299560784872
0.3725,0.10458079578605345,0.10265690034676615
0.372625,-0.002071751170351251,-0.07562303517157458
0.37275,0.06617468773691927,0.15649940556523867
0.372875,0.10846255146688324,-0.020317974236716815
0.373,-0.20495448009765788,-0.35133227395083316
0.373125,-0.4614623707817896,-0.3075275630898597
0.37325,-0.5147729450808701,-0.1963212698231456
0.373375,-0.5208660729134077,-0.10756039867552464
0.3735,-0.4442621337244916,-0.15014222102687647
0.373625,-0.26140462210191545,4.0988175041171724e-05
0.37375,-0.3769546083129764,0.00460409652142451
0.373875,-0.3647561261930214,0.2553280213922486
0.374,-0.40755982575987953,0.09872107481126291
0.374125,-0.38398590119595377,0.01840195072540706
0.37425,-0.16023660896752867,-0.23229927217701685
0.374375,-0.17025206425661588,-0.29848554628315327
0.3745,-0.01441619307114806,-0.42714418045373226
0.374625,0.21484592354515636,-0.46453658458401076
0.37475,0.03217262245867748,-0.3820073768196828
0.374875,0.07452808590875558,-0.28691040804867335
0.375,0.17161858687506085,-0.223544255544116
0.375125,0.16305610998839548,-0.20313092603711197
0.37525,0.0795038242372878,-0.2584409336358705
0.375375,0.343211151394482,-0.2558897491575888
0.3755,0.41505804738760926,-0.2055749390404099
0.375625,0.33740295474829646,-0.0212258572008142
0.37575,0.1101911938548245,0.09465059656761836
0.375875,-0.18941497341805594,-0.007376650511295721
0.376,-0.11255916907767066,0.12396181696086894
0.376125,0.056585943645139164,0.0506376650766103
0.37625,0.20651243648141143,0.00224613858306766
0.376375,0.3020793431520741,0.10563995475845203
0.3765,0.21729508763589253,0.2887624402349075
0.376625,0.2530217767108551,0.35218590206372424
0.37675,0.33525317355362044,0.32305287108791425
0.376875,0.34420524032981764,0.13047571553104662
0.377,0.12954070728407224,0.004354203018348589
0.377125,0.028650050875227286,-0.32290831852368274
0.37725,0.10424402592778978,-0.08832269043288911
0.377375,0.1057524161213706,0.05203937151083085
0.3775,0.08941382719010561,0.3089733353597136
0.377625,0.12352038540727917,0.33547445575161433
0.37775,0.22523258089416967,0.08245448275250707
0.377875,0.03072932045000925,0.027171634466967486
0.378,-0.034784090536698654,0.26893065510907244
0.378125,0.12924726927390948,0.15381834079065135
0.37825,0.12083477279513548,0.12400269195786448
0.378375,0.09567865522595297,-0.04081483402437113
0.3785,0.07538896787891493,0.23336287382212612
0.378625,-0.1459202177931026,0.1894970354761524
0.37875,0.15646041179432615,0.04808567116634514
0.378875,0.28117962920924644,0.025486508576961768
0.379,0.19663167731535605,0.04169886190367833
0.379125,0.07808893004145566,-0.06438950584154875
0.37925,-0.23482369566423508,-0.04851867086323902
0.379375,-0.3913323103679088,0.17516443846621402
0.3795,-0.11207982931355646,0.09147011440492582
0.379625,0.061928279645488055,0.11610894607789973
0.37975,0.07772613189692676,0.0790343991841807
0.379875,0.0313461823031508,0.06047750974602733
0.38,-0.34195367563615325,0.15050600729104993
0.380125,-0.0812640734517882,0.15318278233498486
0.38025,0.17863190575950047,0.08014682341269257
0.380375,0.1288473321979521,-0.013510195869568383
0.3805,0.027618080898122847,-0.164539167474618
0.380625,-0.22382413753379382,-0.24525593398161794
0.38075,-0.2857410162966644,-0.20920236739001594
0.380875,-0.2798753762134259,-0.0026702752560115533
0.381,-0.12708529302316027,0.056735058289841
0.381125,-0.2564719706412452,-0.09520857236273304
0.38125,-0.31355686752605283,-0.1177622096579687
0.381375,-0.13399679479009158,-0.2580948964490837
0.3815,0.2814629561452211,0.14870365480241088
0.381625,0.3001727397743359,0.15488149563742856
0.38175,-0.10396047161496431,-0.17256773459777824
0.381875,-0.2176254794489881,-0.187359292740071
0.382,-0.3187839377862892,-0.4069513549482685
0.382125,-0.3494791141412825,-0.18168431552470804
0.38225,-0.4449199638136809,-0.16637070839146303
0.382375,-0.535874674357057,-0.06217758570356879
0.3825,-0.46597139400322146,-0.1594102956137993
0.382625,0.06762286737824026,-0.17179485322616025
0.38275,0.17528980149351137,0.10879219900475545
0.382875,0.10547645626677504,0.10898191370734572
0.383,-0.11718484835034412,0.013127582285836657
0.383125,-0.1497909207576948,-0.18010821116954262
0.38325,-0.00873168647261085,-0.26755520439879615
0.383375,-0.11335426147475923,-0.40147665735835414
0.3835,-0.4566031995492894,-0.40906894932759974
0.383625,-0.3691225984546744,-0.5210763063238101
0.38375,0.16501184981124872,-0.43115596373709264
0.383875,0.6356829558298407,0.045179177391682104
0.384,0.575877085667451,0.26317344819853933
0.384125,0.3179781805816899,0.11417334054607635
0.38425,0.1209651851551145,-0.17547107918967195
0.384375,0.2060431702147602,-0.19428826078824052
0.3845,0.31773983419018903,0.050004151528015045
0.384625,0.41919556463981145,-0.23847988947187906
0.38475,0.4230691332872094,-0.4230335896317119
0.384875,0.3307630915060353,-0.3397431563789459
0.385,0.3436758692120095,0.085360116707154
0.385125,0.4687659712714888,0.5159884180039648
0.38525,0.32995011228346166,0.53642156671237
0.385375,0.1322475306766969,0.31626412067876974
0.3855,0.14179737449181642,0.14895769011816776
0.385625,-0.12723160052883503,0.10631182025532429
0.38575,0.23059277172577683,0.2777252958686636
0.385875,0.24673372097731242,0.3085832448297324
0.386,0.18405346285277951,0.29762519711656915
0.386125,0.039546381180712985,0.4251329166964116
0.38625,-0.14438214911582137,0.3195434711897629
0.386375,-0.1593030595903944,0.2710182649865751
0.3865,-0.03097685751501744,0.27205696042098876
0.386625,0.0940478730252423,0.15463010743819244
0.38675,0.12087989491146436,0.08460670964229915
0.386875,0.37510258184900896,0.08182398555030315
0.387,0.20858365519175562,0.09031891738367556
0.387125,0.28067037099116604,0.1466610701560989
0.38725,0.13367213166440628,-0.0029927911242318083
0.387375,0.02306869063018412,0.05040388744953504
0.3875,0.07932358494760779,-0.15878692124878677
0.387625,-0.11786944782443792,-0.030083851012984057
0.38775,-0.40608848792223406,-0.01012982298893881
0.387875,-0.4003470302868733,0.033895617926392854
0.388,-0.15917366713034775,0.1106997017635047
0.388125,0.2052933051395806,0.31277967002164936
0.38825,0.15548231816077188,0.22516517743216727
0.388375,-0.05254945216312526,0.3116509946017135
0.3885,-0.1580762053779199,0.1164365444065603
0.388625,-0.11283318167690815,0.07639399928903706
0.38875,-0.03237568031499594,0.13334206632305415
0.388875,0.31858893254910786,-0.059038098815515944
0.389,0.08344698218050922,-0.46469846017617583
0.389125,-0.20193058882445003,-0.37239202029688434
0.38925,-0.0665579089160756,-0.14143650422510992
0.389375,0.2953270843598268,0.21829306791786146
0.3895,0.16722321948617058,0.02947637738097606
0.389625,0.1443828292358016,-0.1835360720019369
0.38975,-0.034955168217344706,-0.332439040966394
0.389875,-0.19761840508078854,-0.17342965199224172
0.39,-0.1633498077111811,0.09058669223358982
0.390125,-0.22451638994663928,-1.622196543376189e-05
0.39025,-0.5209016840720597,0.09403196706159957
0.390375,-0.7773459870442553,-0.023181126615677967
0.3905,-0.5400508321226202,-0.07701138329778116
0.390625,-0.39256977029920137,0.02388146560489721
0.39075,-0.3998412168973704,0.12579322635856938
0.390875,-0.25486825675635544,0.16613371840168628
0.391,-0.12934191478420193,-0.053086392339796895
0.391125,-0.24303197264539314,-0.18267037710576692
0.39125,-0.12475168798559744,-0.3128223600093336
0.391375,-0.10508133731033549,-0.15107961596116176
0.3915,-0.19873439800717504,-0.2998004955532147
0.391625,-0.3321974046203804,-0.6222986558761103
0.39175,-0.20323548245586984,-0.7569500911598518
0.391875,0.001031766681556574,-0.3327334118906582
0.392,0.24300982693951484,-0.274692092351607
0.392125,0.24167591528842347,-0.2227879385403417
0.39225,0.28374956435358156,-0.16810145275138688
0.392375,0.1929087754967082,-0.14466431337083344
0.3925,0.1702900543348933,-0.0823809993119172
0.392625,0.24189270574393779,-0.032577604084160376
0.39275,0.44200859068003534,-0.09986695994196981
0.392875,0.422867212068089,-0.2065285149242353
0.393,0.3837846726735512,-0.2020769160512001
0.393125,0.4655041269308442,-0.1598586183437905
0.39325,0.4471085664745376,0.16793531103668893
0.393375,0.6811919619633137,0.30468554187150904
0.3935,0.28297565508514455,0.25626189451208314
0.393625,0.05364350411050045,0.1421077574145529
0.39375,-0.22084806756945752,0.1709805548131828
0.393875,0.0012334429015057825,0.29507092333615526
0.394,0.00033406695442828434,0.31614417626573976
0.394125,0.1515156500578489,0.31275095673644887
0.39425,0.21462927332580722,0.2660725267505186
0.394375,0.2784681221578483,0.40633564979444925
0.3945,0.27016644573343745,0.4837669788425334
0.394625,0.2107737227369976,0.5273411658504225
0.39475,0.07744936238384527,0.196155336612804
0.394875,-0.00670834872244726,-0.011948798325551766
0.395,0.4933376000860305,-0.21003590296877467
0.395125,0.5029222767660677,-0.09721517475987991
0.39525,0.27481902312763085,0.04496859907066414
0.395375,-0.044893333577830145,0.27450096563561094
0.3955,-0.10826739328055904,0.23196695719093635
0.395625,0.018916694749211985,0.23403092547192567
0.39575,0.14393421251919894,0.1310703029436252
0.395875,-0.0840275656877743,0.16277211857906224
0.396,-0.30049429271543054,0.11706116228560681
0.396125,-0.40652366981277466,0.14050424368347916
0.39625,-0.36013518657029164,0.38819872081094653
0.396375,-0.34303524271882746,0.4033168517998139
0.3965,-0.05807716099970639,0.10318432433267553
0.396625,-0.10111502473702276,-0.17124891995529304
0.39675,0.032850708554261296,-0.06576098804851914
0.396875,-0.21664621071088053,0.057665691152882344
0.397,-0.16938486738043435,0.16668260587444783
0.397125,-0.06204788150204646,0.02120656623652394
0.39725,0.02357625438915375,-0.19813043704432842
0.397375,-0.3127839016520044,-0.2878275117740166
0.3975,-0.2600564851359468,-0.2669322029681509
0.397625,-0.3858824372824054,-0.2541837033507973
0.39775,-0.10522814665968036,-0.1407447375648978
0.397875,-0.11323469874202809,-0.06446518076305431
0.398,0.055728285552071356,-0.20195563360156715
0.398125,-0.16075636528919376,-0.025453111941837
0.39825,-0.12799965627648577,0.04199426349483725
0.398375,-0.15015214257841966,-0.047089171171056786
0.3985,-0.1110540663047752,-0.006618278680520725
0.398625,-0.2684503245730935,-0.17024855045146925
0.39875,-0.27691424823036104,-0.2771568048805662
0.398875,-0.452082416555018,-0.31812863211970904
0.399,-0.27132782834226066,-0.1939241297393582
0.399125,-0.11510664528776762,0.02000629626506967
0.39925,-0.05662177982722031,-0.09319135115111704
0.399375,-0.12119677524158848,0.0469354954789576
0.3995,-0.15284184755987218,-0.11837092682124944
0.399625,-0.23568446738428595,0.04992045929272953
0.39975,-0.2736772812781409,-0.20655478995640003
0.399875,0.028941120991425824,-0.22605486837934885
0.4,0.08637106220219493,-0.21945124416390102
0.400125,0.06661533753484036,-0.36603011486282566
0.40025,-0.21939888102774718,-0.17248163437573852
0.400375,-0.24592475894258323,-0.30172897779808594
0.4005,-0.0014241453510844327,-0.2207618542005008
0.400625,0.34703061364495064,0.05790357444755477
0.40075,0.36674779268024005,-0.0695742752046019
0.400875,0.4191498581534364,-0.35691643060984457
0.401,0.41568496188651427,-0.15246647394028368
0.401125,0.22096846443441362,-0.1628014671419371
0.40125,0.12829865446550182,0.08817042362172632
0.401375,0.27058761008973287,-0.02215317035735212
0.4015,0.40444398743950094,-0.13275033751378487
0.401625,0.47383318093367444,-0.367002676734716
0.40175,0.427036148372887,-0.09162500118306373
0.401875,0.12958103100360946,0.21862556058094548
0.402,-0.14456608917825542,0.4122815146209548
0.402125,0.045410976746269066,0.4706297653489947
0.40225,0.2729925625650623,0.35778627405853336
0.402375,0.43626849163906994,0.26182366369164695
0.4025,0.2706359677917118,0.2612572944484125
0.402625,0.0724511441826934,0.19212280264078196
0.40275,-0.09227972837978414,0.3425972509194618
0.402875,-0.057089956150132494,0.3758654120917692
0.403,0.06557364645417281,0.41263948764741587
0.403125,-0.15256823276437936,0.24334347245511206
0.40325,-0.04334679760673611,-0.0274816738362033
0.403375,0.24471659489721015,0.04065136368512362
0.4035,0.30242500291303304,0.273214938580672
0.403625,0.17715519934683266,0.4289789694522069
0.40375,-0.0643721216175397,0.22306048705955187
0.403875,0.025422964951698306,0.06677298073769423
0.404,0.13526395112669484,-0.0076204632661485555
0.404125,0.07733963050337415,-0.05638463112597839
0.40425,0.028688946685737154,-0.07439497797967926
0.404375,-0.029810930667817516,-0.05870049939957402
0.4045,0.06795774081009766,-0.017460799686287214
0.404625,-0.0692598578302268,0.03929701500252557
0.40475,-0.09142477045263497,0.32860885185797173
0.404875,-0.24275967806790985,0.13633930973483036
0.405,-0.25575112552496926,-0.17444605955824183
0.405125,-0.2745603969193651,-0.035582133375132746
0.40525,0.12292337478397908,0.19200745680783057
0.405375,0.08806497443442618,0.14274886741851514
0.4055,-0.24729630373911501,0.06971652157840001
0.405625,-0.0923520169730713,-0.032850649199436595
0.40575,0.0244321377663022,-0.03197004124261104
0.405875,0.1282663519524774,-0.05886100504460898
0.406,0.029798975315951926,-0.3001555101186184
0.406125,0.04580954743890931,-0.3284042752630865
0.40625,-0.33740585246138255,-0.39845372629954595
0.406375,-0.4682023776610158,-0.19617147305827254
0.4065,-0.3030333870467048,0.030031313919302742
0.406625,-0.40968401972200413,-0.021301701539672226
0.40675,-0.300611193056498,-0.12798379348954486
0.406875,0.13715794693737596,-0.19927845174549957
0.407,-0.0559407485145925,0.0027968797563292075
0.407125,-0.2521360860095143,0.19474913762332985
0.40725,-0.4515675849035712,-0.0014713150347093551
0.407375,-0.21912397628694383,-0.08300645586610636
0.4075,0.03382750998791244,-0.24651761112757142
0.407625,0.0995573166684927,-0.24440916052561235
0.40775,-0.06495115488219468,-0.23977631399839305
0.407875,-0.19336898173229197,-0.1724388946809828
0.408,-0.32069964857503575,-0.045822442948951124
0.408125,-0.3843286302983314,-0.07892716789525037
0.40825,-0.3700027685351255,-0.17285712622365249
0.408375,-0.11928617534521048,-0.2750802486819096
0.4085,0.10161974060261064,-0.23964516945406186
0.408625,0.3189832889625362,-0.18735628812894667
0.40875,0.18914678238963917,0.013420822986345093
0.408875,0.35663063852139637,-0.026149624184180473
0.409,0.2676400588356797,-0.051010437920851824
0.409125,0.2925074937845235,-0.2857036379044676
0.40925,0.477626563845986,-0.2522485115062289
0.409375,0.34969298370346563,-0.23004582147733907
0.4095,0.38924718031396977,-0.24876510764041201
0.409625,0.3649747131514918,-0.12585060620552133
0.40975,0.3094394085488444,0.26874463847788355
0.409875,0.25523759770166304,0.236016273359395
0.41,0.2641208049763525,0.006614651060653471
0.410125,0.38436475659911407,0.23969472453089824
0.41025,0.2830505605666127,0.2270876894150396
0.410375,0.14187233183525785,0.313912335754026
0.4105,0.12074485836314727,0.4053496443749602
0.410625,0.1327103965932797,0.316450647969252
0.41075,-0.027041971944704937,0.3278687228253053
0.410875,-0.04709621217853303,0.16217366592598656
0.411,-0.059212093261431564,0.19242745410383075
0.411125,0.17265678901644588,0.23068677089583708
0.41125,0.11910910061443417,0.18888065561393852
0.411375,0.11680070984357022,0.14596636176334227
0.4115,0.19671701099147743,0.2941530654096519
0.411625,0.17367865692125845,0.07348137292789628
0.41175,0.04065184632191342,0.13575117152645924
0.411875,-0.001983501041823747,0.19252309896788514
0.412,0.1982179935609838,-0.034986331033069216
0.412125,-0.022844105518479294,0.03564619738608148
0.41225,-0.0690933713219108,0.04838780695751824
0.412375,-0.09963677187583973,-0.02475010085513285
0.4125,-0.26421110402488635,0.07970884188640262
0.412625,-0.14900034447656685,0.1355028941697142
0.41275,0.2221788974808263,0.15347932356293698
0.412875,-0.07446332594005681,0.06681528273808197
0.413,-0.10056263387668073,0.06768794538018888
0.413125,-0.3949060448094528,0.06788691633920899
0.41325,-0.09492565072954938,0.12105266013275964
0.413375,-0.15577915038315682,-0.06607868591433512
0.4135,-0.09784630212317069,-0.06127164764210641
0.413625,0.15725851711264247,-0.24832942424841672
0.41375,0.14653344985566977,-0.11137087039954115
0.413875,0.14652893427549424,-0.11563431700364041
0.414,-0.04358267451584199,0.03032722857115055
0.414125,-0.30648996877155427,-0.036448619807957786
0.41425,-0.21529265643632667,-0.1655610430653552
0.414375,0.09061479162833497,-0.21538030594514168
0.4145,0.05800583283776477,-0.23430177957128534
0.414625,-0.10944649149107413,-0.07633121175086248
0.41475,-0.2032053932329912,-0.03907620150055952
0.414875,-0.1645164270013371,0.15131724779726494
0.415,0.24057160318021817,0.008461333369863886
0.415125,-0.014928971919914484,0.08013899782901669
0.41525,-0.4575788385389775,-0.1121547001036462
0.415375,-0.8121388259174189,-0.08829493723748019
0.4155,-0.8362882147186169,-0.1843661241438822
0.415625,-0.29615735947951854,-0.16255456156761605
0.41575,0.07911571010339769,0.17483821772400301
0.415875,-0.08305967284119657,-0.2565138830518545
0.416,-0.5147291602141695,-0.19817119891098256
0.416125,-0.515013823922391,-0.05113777209600544
0.41625,-0.08654985651998005,0.10103794254750481
0.416375,0.21226764686668076,0.002451333647697642
0.4165,0.01204152246446333,-0.36956827673124304
0.416625,-0.12877106626191862,-0.9221096296680457
0.41675,-0.1579318004108859,-0.7388904209537296
0.416875,0.23175144260285782,-0.3492952796616703
0.417,0.4260327828299802,0.02902760952869629
0.417125,0.3421781915748766,-0.05944920657051139
0.41725,0.31141417303827945,-0.5282439887684718
0.417375,0.2677738322364478,-0.5181456666647515
0.4175,0.43063826290917523,-0.15406000778004636
0.417625,0.42831640054749254,0.18401660321559943
0.41775,0.4326749493874748,-0.05163051392232507
0.417875,0.41871336878057547,-0.14842189157210134
0.418,0.3767423810999378,-0.07422879631071583
0.418125,0.31466056850615043,0.15573191912006767
0.41825,0.14145977779783342,0.43769453366945876
0.418375,0.15422034979859262,0.3952281344763193
0.4185,0.21712016419263697,0.24399895606806343
0.418625,0.25494369357476077,0.1461360902019669
0.41875,-0.10552614202819824,0.3026094055949517
0.418875,-0.24934479681858482,0.36336835656287464
0.419,-0.050416714736959474,0.34441996353265225
0.419125,0.0999177656100941,0.21856977764403526
0.41925,0.10741890230484692,0.3175081610944555
0.419375,0.0409951682508655,0.21216015599905044
0.4195,0.10668670883779457,0.1745127925018769
0.419625,0.10622380964944353,-0.08795775431660384
0.41975,-0.007817574470821037,0.14808004297216823
0.419875,-0.25751385443859787,0.1535696973532504
0.42,-0.33657141876165964,-0.06115912831255097
0.420125,0.12569814283913622,-0.10835480259994673
0.42025,0.41407903068697804,-0.09196611295101022
0.420375,0.38053354727874933,0.09653713599097068
0.4205,-0.08194469917949838,0.11846731735495408
0.420625,-0.08642376375644599,0.13315511820492285
0.42075,0.02605551035080086,0.03387903488854853
0.420875,0.25804904264655304,0.1780945778376917
0.421,0.220280377503261,0.13003213982549847
0.421125,-0.16101494250218398,-0.3419524712473778
0.42125,-0.31838585257227253,-0.31017048457514934
0.421375,-0.29843812365692407,0.191608120053052
0.4215,-0.08027380923312494,0.19985495163540012
0.421625,-0.004243576715520754,0.315178155448406
0.42175,-0.24044970375206443,0.0040040935063945515
0.421875,-0.20050963363992944,-0.1422737972460872
0.422,0.0525131423213479,-0.028894683116113044
0.422125,0.14977608188699898,0.20499683160277032
0.42225,0.295233182501398,0.09873700680946032
0.422375,0.01847689854795077,-0.1599115598685503
0.4225,0.00686859643568022,-0.3589069252766943
0.422625,-0.19939525305941735,-0.4231257071881755
0.42275,-0.028271861052157985,0.050545046194771556
0.422875,-0.039279619273200804,-0.02150691933092656
0.423,-0.14883592422946137,-0.21837678519749812
0.423125,0.01690293418916706,-0.22434655628769254
0.42325,0.006916295674447109,-0.04816603825109332
0.423375,-0.09993369600334429,0.06027712060462295
0.4235,-0.4334581722407213,0.17781930115795183
0.423625,-0.5714164948738343,0.10581137169713997
0.42375,-0.49937690485029396,-0.04310295283245613
0.423875,-0.2839791292932068,-0.10405775317434379
0.424,-0.33523768985026536,-0.0842066079366935
0.424125,-0.43589363125104325,0.07243582669349784
0.42425,-0.5032897036225951,-0.009530517899279617
0.424375,-0.08185697212914377,0.10823500672109099
0.4245,-0.05428681649097593,0.00816600865796731
0.424625,0.051730438109124754,-0.11121639045649655
0.42475,-0.27331218002575325,-0.43081785915102117
0.424875,-0.40579545899616243,-0.5019238040151109
0.425,-0.2513435682914483,-0.5127739468115082
0.425125,-0.11926043360624153,-0.2953262703224891
0.42525,0.07990787706436439,-0.3108967586077504
0.425375,0.2207742800106364,-0.46240336613083705
0.4255,0.14801950271008388,-0.5349649492618799
0.425625,0.11627748098331064,-0.28592487474423744
0.42575,0.08115765025009596,0.1508285688443341
0.425875,0.2272433980887001,0.1512061990860636
0.426,0.4173688771892724,-0.1319316212492121
0.426125,0.584422991368882,-0.3660092826562703
0.42625,0.34819080358648496,-0.2735320652110402
0.426375,0.14133564194148615,-0.0863570796055305
0.4265,0.07183815625649267,0.18062223537232444
0.426625,0.19222902810142528,0.28186877305921826
0.42675,0.09615084723871434,0.24400285352885864
0.426875,0.017811802961850545,0.20481178061797134
0.427,0.03848085625858599,0.16927186252917387
0.427125,0.3935686962508561,0.07113831802001504
0.42725,0.3382664399463529,0.3908869753499603
0.427375,0.3436427379114879,0.49781045833760174
0.4275,0.12146717962687201,0.264872834269508
0.427625,0.1247998637955371,0.05675429814566148
0.42775,0.35832681457686927,0.1444972725808722
0.427875,0.3587713533849593,0.18383065661320558
0.428,0.34434182319360435,0.17880395587814074
0.428125,0.1123143750074231,-0.02378883128282633
0.42825,-0.3762130068722388,0.06496760110608236
0.428375,-0.2977680392685191,0.29661389240751396
0.4285,-0.23392149073148838,0.4350327732160261
0.428625,0.027293479847491493,0.29974026730924325
0.42875,0.2310667472320978,0.15972509947071953
0.428875,0.35532834762154364,0.0886723565439657
0.429,0.2661123967996927,0.16310811844785347
0.429125,0.01297106727509759,0.36235635911105785
0.42925,-0.2149962877748358,0.24045206810439287
0.429375,-0.4114045259550506,-0.00047648134027202107
0.4295,-0.3822603202015572,-0.0918416539502089
0.429625,-0.19108651064584453,-0.3080748723444522
0.42975,0.08344887056076515,-0.13542833410478936
0.429875,-0.11848866957563234,0.04320755276104148
0.43,-0.5088567649795294,0.3306869700195099
0.430125,-0.4369448408039339,0.23062091812092422
0.43025,-0.39587208323154,0.32044642208793606
0.430375,-0.12536297422626108,0.00045409740562536954
0.4305,0.08596267810960818,-0.16583489612507116
0.430625,0.21841255933714754,-0.37511729275956884
0.43075,0.32010805654678803,-0.24047070358303285
0.430875,0.27349654010930474,0.0010342522626338355
0.431,-0.052262535247859,0.06338251255310541
0.431125,-0.18715727572483326,-0.08150247096958181
0.43125,-0.1906494381770834,-0.339735748170328
0.431375,-0.16273182931169747,-0.39927791093948767
0.4315,0.08057734706084763,-0.27469023081906646
0.431625,-0.041152914809382345,-0.06648693460949012
0.43175,-0.2813247985524458,0.09464143845035744
0.431875,-0.4712367805378628,0.24415253904392084
0.432,-0.24795151785529737,0.2726443260424738
0.432125,-0.2709642266996567,0.1618716020348021
0.43225,-0.3116220029219056,-0.2975516590771012
0.432375,-0.1359647051719748,-0.24880817461283192
0.4325,-0.3371190878522983,-0.24410100638122553
0.432625,-0.27469874781770415,-0.1556960868755366
0.43275,-0.028372145976080676,-0.09137658562978945
0.432875,-0.06813406314392095,0.15879659027251306
0.433,-0.1314263133175579,-0.12862299852516346
0.433125,-0.1602383328455121,-0.2841023998696925
0.43325,-0.19035222819306113,-0.464844860780327
0.433375,0.04963061996801381,-0.2201868709014306
0.4335,-0.10017135498455679,-0.20080091026619049
0.433625,-0.10726480332604504,-0.25294496972259434
0.43375,-0.04024724480278311,-0.3096838353407149
0.433875,0.11294067000579647,-0.30945790483492314
0.434,0.3426363323907142,-0.023684626102015275
0.434125,0.4511631273837824,-0.0040742551938636505
0.43425,0.39000490461005055,-0.12617874670908522
0.434375,0.4037593980662158,-0.08149346771633598
0.4345,0.267044881293685,-0.11166467491949905
0.434625,0.26172865779804355,0.1995372740099175
0.43475,0.1622655145331143,0.1219833114879777
0.434875,0.06938998831177197,0.07606239018711905
0.435,-0.028941899143815866,0.007941192638879163
0.435125,0.057473309619562984,0.18366261489492777
0.43525,0.21725028915606176,0.3321889015841452
0.435375,0.34006799716653235,0.40871721874807054
0.4355,-0.06834371479784662,0.4246013988608029
0.435625,0.013585028640011697,0.3366357940040331
0.43575,-0.05549766415306111,0.4495791164515759
0.435875,0.0632027716344355,0.27957174105796423
0.436,-0.015261250190901247,0.1896489422226449
0.436125,0.03851050193634533,0.019307803216009754
0.43625,0.02141670824264391,-0.05014620309237345
0.436375,0.03953923002414334,0.13902026480423912
0.4365,0.1262908177158866,0.1775549287875052
0.436625,0.06042637555318052,0.16793248355197785
0.43675,-0.005069576856181977,0.07389925837842451
0.436875,0.2531915075043969,-0.11624204592874914
0.437,0.35224080653065676,-0.18964270754161833
0.437125,0.35605495584016694,0.1651090339850556
0.43725,-0.007459363003851792,0.09936659564784771
0.437375,-0.09875680454864628,0.03523974130454496
0.4375,0.3651528983344034,0.06630403025854653
0.437625,0.3276517654452885,0.08271946095728518
0.43775,0.13007873715131119,0.06656987364517442
0.437875,-0.377766222304384,-0.041046305267180304
0.438,-0.27146995691535836,0.008304245989055523
0.438125,-0.11008356489976695,0.17822610763812718
0.43825,0.1399063981909587,0.4360726790945313
0.438375,0.19645569326125578,0.22486248810378068
0.4385,-0.15152718913502872,0.06252807986915616
0.438625,-0.2054353007782686,-0.049017838983611166
0.43875,-0.16500889527400803,0.30085773680426564
0.438875,-0.08600090471411195,0.3085001765736853
0.439,0.25445819228642846,0.11176608870342915
0.439125,0.10163860417252556,-0.25859829907957665
0.43925,-0.06215321637411428,-0.4316275843411854
0.439375,-0.18372257296331726,-0.19360893558852563
0.4395,-0.46088021614813274,-0.00024792841366376054
0.439625,-0.2705743017671515,0.05271890166048801
0.43975,-0.18017762198975817,-0.12484395913419374
0.439875,-0.22482482603231344,-0.09194397257496331
0.44,-0.21296420576380062,-0.2087726316676696
0.440125,-0.4390305315236107,0.0484315558840627
0.44025,-0.08020373033669534,-0.13090011733401596
0.440375,-0.2463686909427464,0.13101878030564354
0.4405,-0.3107788382891135,0.03796492051373824
0.440625,-0.4629731838087459,-0.18246824537130096
0.44075,-0.5529691086732289,-0.35931593905686854
0.440875,-0.39357945387807225,-0.2395331178093558
0.441,-0.4671010542300877,-0.16124742773753922
0.441125,-0.1941804315819891,-0.2520136017627127
0.44125,-0.18989727293048114,-0.3512662788941663
0.441375,0.14963845060854036,-0.2689372317702096
0.4415,0.342323057974812,-0.3830612032415498
0.441625,0.27002722741597346,-0.10036733276267581
0.44175,0.40606131342500196,-0.28389063137887977
0.441875,0.5554215070471465,-0.38869250950441137
0.442,0.6049105378615245,-0.6268274963384582
0.442125,0.27188579417934045,-0.43019405556834356
0.44225,-0.13217754768860446,-0.2704870627114731
0.442375,-0.3937121638126775,-0.2342639452368537
0.4425,-0.008436969198886037,-0.287456532129663
0.442625,0.3540013563229831,0.04553504182012085
0.44275,0.7055556741191135,0.11420514749089784
0.442875,0.5143037563828323,0.1034649781668797
0.443,0.33370965315866613,0.3037187926690899
0.443125,0.12789440416898648,0.4341893745471058
0.44325,0.02407420559134958,0.33928073652514107
0.443375,0.26965451813278435,0.21214989624608502
0.4435,0.20887207227730212,-0.1037120123540459
0.443625,0.20108818430790978,-0.33656431493410055
0.44375,0.2281050379414956,0.022702370895918176
0.443875,0.024212981731178213,0.20572701296657206
0.444,0.024681088494996728,0.5501635944231505
0.444125,-0.33562492899567054,0.460461498537444
0.44425,-0.24097889383139964,0.22042430293352547
0.444375,-0.2128971777841134,0.23907080698086522
0.4445,-0.16553682504891343,0.1433266953927915
0.444625,0.12251918085278417,0.21536566874106672
0.44475,-0.007380632689745636,0.224946505512173
0.444875,-0.1541025534879887,0.17468857397528442
0.445,-0.023144561196299516,0.23809310180615592
0.445125,0.0794000676742216,-0.007967819528696886
0.44525,0.3481390143129508,-0.09173918114173067
0.445375,0.44524994970844695,-0.1755497535107988
0.4455,0.3123687784364643,-0.2591765403134118
0.445625,0.22756739412140037,-0.23806887244140357
0.44575,0.4099785334508448,-0.14954240431164467
0.445875,0.17711073534943172,0.0664173840745907
0.446,-0.2510120077338931,0.006576843153159211
0.446125,-0.14049049279751374,-0.202989206414518
0.44625,-0.28231405875615007,-0.07867952544001958
0.446375,-0.2698186059361595,0.15914544069571449
0.4465,-0.2416171038996887,0.32029430210911064
0.446625,-0.21306093922042826,0.4714756578654079
0.44675,-0.2201988622179571,0.3180675153450605
0.446875,-0.03452513374794426,0.2365506596649374
0.447,-0.04740469489222112,0.29106843246147696
0.447125,-0.053335486120342446,0.20786866620465538
0.44725,-0.0976332166727839,-0.12681860336729867
0.447375,-0.17104397538686872,-0.1550816972364194
0.4475,-0.18340411569718842,-0.3305741840362659
0.447625,-0.004202596571741708,-0.31702844636087446
0.44775,0.14242300537668082,-0.028853421981017164
0.447875,0.10100079553964118,-0.2316879433861496
0.448,-0.22233030250733343,-0.09050498816731764
0.448125,-0.3850312518367531,-0.04952434318810692
0.44825,-0.1931162741364219,0.07374875740684657
0.448375,-0.06702772504210805,-0.04728461450348058
0.4485,0.11697373952604852,-0.06514124492091512
0.448625,-0.23173117017225778,-0.2435248321447566
0.44875,-0.28909835171269765,-0.1920001376093785
0.448875,-0.46373108596841023,-0.04841725410860761
0.449,-0.35095795493425125,0.04378733077020568
0.449125,-0.28134484949738453,0.08803044859751753
0.44925,-0.23220142077495426,-0.32698245291697137
0.449375,-0.6038801023831498,-0.1362971550505433
0.4495,-0.5023588834774294,-0.3106665769953105
0.449625,-0.26011954476584376,-0.1502799934932974
0.44975,-0.07369645632867738,-0.008813660566669138
0.449875,0.0608904287674314,-0.10155986557066507
0.45,0.1159985957770367,-0.23078590083370165
0.450125,-0.02173829635961145,-0.3590088434852172
0.45025,-0.16863766412651734,-0.2624266125037402
0.450375,0.08939248474577235,-0.3463489962999563
0.4505,0.195313119221722,-0.167634083990692
0.450625,0.21669619376454327,-0.28493173764494717
0.45075,0.4365072425515085,-0.32969730564768146
0.450875,0.26695767749638355,-0.33570179335302336
0.451,0.3383686693116184,-0.25087176926832333
0.451125,0.39120000400049626,-0.17692017726101072
0.45125,0.19772156344028852,-0.0395992160766132
0.451375,0.43874719471019075,-0.09151082749426563
0.4515,0.09344301489084927,-0.053964715164759904
0.451625,0.13655346510175595,-0.022386650143741575
0.45175,0.7261774442736161,0.11931817115523943
0.451875,0.5735976248303664,0.19490272974016032
0.452,0.4550421726310258,0.28828332796533074
0.452125,-0.045833806338062076,0.3235275201890241
0.45225,-0.030140801742574906,0.2895995504286075
0.452375,0.012621036901643422,0.3113256116769176
0.4525,0.10351854651020828,0.2563570128015011
0.452625,-0.04375790542640424,0.12613968381516025
0.45275,0.12519133208076721,0.14208777989521607
0.452875,0.2675817472607254,0.33257159380838824
0.453,0.2234169032134458,0.5415421358917376
0.453125,0.16522687996524815,0.48429581440880987
0.45325,0.07319237277855271,0.3496718584510348
0.453375,-0.1806871311556255,-0.08729509577046471
0.4535,-0.21132881230515427,0.03939404875673205
0.453625,0.018301625201769284,0.13597391524507157
0.45375,0.029282468728442437,0.17857600276403704
0.453875,0.031904303149362476,0.13599706992197363
0.454,-0.25940674348157733,0.1721984500763048
0.454125,0.030133364368778635,0.17444079301897744
0.45425,0.3755681713215747,0.1043973175569124
0.454375,0.35254359054023277,0.223525187642007
0.4545,0.019910299956059915,-0.029487826975883827
0.454625,-0.14142556712162635,-0.10752242013509807
0.45475,-0.05389675184957026,-0.05061624455848878
0.454875,-0.0940278032668496,0.07291415319427247
0.455,-0.17908682889057367,-0.035645476821025805
0.455125,-0.3034647960152305,-0.22039116784597634
0.45525,-0.29382933257509253,-0.27608797188833384
0.455375,-0.10355199967164781,0.0986496408404722
0.4555,0.05582006564277781,0.3511364642793896
0.455625,-0.0075834073537598716,0.18601357892048262
0.45575,-0.07019135583637581,0.132243635109941
0.455875,-0.12410530626568486,-0.03735571956777449
0.456,-0.24298873408201555,0.02320159198940089
0.456125,0.11278463735242662,-0.1321526821586564
0.45625,0.25611802931653566,-0.13724139982386088
0.456375,-0.024756653482620985,-0.2921773437287875
0.4565,-0.1987547752623589,-0.2223210980171934
0.456625,-0.3187998690721724,0.046054782177379766
0.45675,-0.3580014200541164,-0.06060395743472624
0.456875,-0.29524950369373565,-0.19255445917200842
0.457,-0.43675229651077857,-0.029866219514027192
0.457125,-0.631030104944712,-0.08243046699124955
0.45725,-0.4418567045392864,-0.040752456379115364
0.457375,-0.5862964286034597,0.09114293714694617
0.4575,-0.34670884714912115,0.24487233534470887
0.457625,-0.40586075766028074,0.03494813196667316
0.45775,-0.2510713994098894,-0.32604567653624045
0.457875,-0.10624827502138189,-0.27689687263623886
0.458,-0.1798251232983235,-0.18312465538483394
0.458125,-0.12698409674858804,-0.32799786181418455
0.45825,0.045582348414806025,-0.4156431535504424
0.458375,0.1381408120079576,-0.5899311387046486
0.4585,0.288559150598733,-0.4032703681737511
0.458625,0.2349666447377442,-0.3831869514898895
0.45875,0.3614067797006168,-0.1720969659183177
0.458875,0.4055145768665824,-0.1659106553007727
0.459,0.2259693616276098,-0.3407787596591052
0.459125,0.26771341203142496,-0.19268621833937463
0.45925,0.3332409392806768,-0.19264677034926625
0.459375,0.3338868094123316,-0.05611081319562621
0.4595,0.39857933928754435,-0.020820561021275087
0.459625,0.3504450161312244,-0.05177880486274874
0.45975,0.34000827788508653,0.1682664361719765
0.459875,0.22655229859266388,0.3085390020168989
0.46,0.21713535568785097,0.4080889946005993
0.460125,0.3813091148821174,0.2783814618100421
0.46025,0.5616250684477383,0.2165863147840209
0.460375,0.27119706278214983,0.23597130719029832
0.4605,-0.11971973609605484,0.21200078618007326
0.460625,-0.14946833727593478,0.02380090252722479
0.46075,-0.006037027766357159,0.2303552336423418
0.460875,-0.03964064175159067,0.30311463451164794
0.461,0.08690064985082165,0.2996984526276303
0.461125,-0.017774856103495527,0.2323387931014061
0.46125,0.008007049476195635,0.10521117354508466
0.461375,0.04460308235814229,0.29787970112541223
0.4615,0.00036230472268041885,0.3690075005407462
0.461625,0.1926906424378442,0.3103471793038458
0.46175,0.07847592747429327,0.033549075078978176
0.461875,0.15477863789977653,0.03851396081007048
0.462,0.09894924738281811,-0.12125413068696514
0.462125,0.2177623024277496,-0.08139087870372429
0.46225,0.3351539797222917,0.06240729595207061
0.462375,0.002224315982359359,-0.043431935936852475
0.4625,-0.1277417182335061,-0.041458876663022684
0.462625,-0.26289346570525335,-0.12688342855307896
0.46275,-0.09033914071426617,-0.2124083583518325
0.462875,0.16745120203778754,-0.05186020026060411
0.463,0.05346823713317303,0.10983027448187518
0.463125,-0.10503537462143815,0.0769949357755851
0.46325,-0.29102381161396623,0.28270931635054375
0.463375,-0.47660895411115595,0.24918410999101692
0.4635,-0.3051364381663421,0.3161000100312804
0.463625,-0.08346418750264047,0.03533444953443967
0.46375,0.2237874465918563,-0.09052350658532413
0.463875,0.0575565764023124,-0.09537210241973999
0.464,-0.14109039293718825,-0.06597964833581234
0.464125,-0.2923148004729296,0.03627463509425188
0.46425,-0.3007277564548614,0.09423310692789894
0.464375,0.013230256439753112,-0.008564018359852226
0.4645,-0.11531052458917285,-0.23495525828223082
0.464625,-0.2409612022937935,-0.3576067415408641
0.46475,-0.26624361905035127,-0.300718921172053
0.464875,-0.14988939986846625,-0.05119206067218398
0.465,-0.07897068861747789,0.04226121524260381
0.465125,-0.10682960140237317,0.04435412208048331
0.46525,-0.2723800924747723,-0.15655050791792033
0.465375,-0.23496830323371778,-0.2898921745906034
0.4655,0.017349300969566675,0.01611815430102067
0.465625,-0.06666443676100159,-0.06515246175840737
0.46575,-0.5214642794902627,-0.022247080547751333
0.465875,-0.5475894263444482,-0.09255172566152588
0.466,-0.4009363449935802,-0.21217151686009925
0.466125,-0.08348930817183202,-0.11340973516013685
0.46625,0.1849555735543848,-0.06753520751058302
0.466375,-0.3164436566710127,-0.26222197408119324
0.4665,-0.2589023577528372,-0.2614087208710143
0.466625,-0.19238374107025152,-0.17509765061397636
0.46675,0.15042786740659542,0.007581540802226301
0.466875,0.372760986411974,-0.17890473381555397
0.467,0.24391120591147888,-0.5169166406840173
0.467125,0.03765206685032365,-0.4443776534039532
0.46725,0.20430456029978347,-0.4001453069680046
0.467375,0.3839908702504627,-0.098316329152919
0.4675,0.25966966939076574,0.16556497075799007
0.467625,0.05536797721198146,0.008536568193801403
0.46775,0.0045213502908144606,-0.273939589219881
0.467875,0.1532452476321583,-0.05770420281950638
0.468,0.6945297891412318,0.1869153097900064
0.468125,0.631183786726147,0.5086050572505769
0.46825,0.14066308033233516,0.24726774364369736
0.468375,0.17036861655476948,-0.09118164144807167
0.4685,0.1547853199860519,0.025402560339400235
0.468625,0.4489257400479789,0.2290675880012201
0.46875,0.4538558414992653,0.381578683013885
0.468875,-0.15188211238487517,0.07044825410264793
0.469,-0.3275304697736658,-0.045322735919852995
0.469125,-0.26733608926773683,0.13105043820751863
0.46925,0.2483157362180266,0.5717817956747995
0.469375,0.2193484927837334,0.4035704926375793
0.4695,0.027691351253526984,0.04987858981851831
0.469625,0.014738704801869323,-0.02109111875650128
0.46975,-0.03638557589138179,0.2550387525316752
0.469875,0.3033623630863432,0.3527426534626833
0.47,0.515957966115678,0.12645231295945616
0.470125,0.5241467911243439,-0.18840915188431645
0.47025,0.3103540836028835,-0.16272055812838132
0.470375,0.11301495654944729,-0.0786603397849409
0.4705,-0.04002485852960286,0.16219502177562356
0.470625,0.05829396128680331,0.24115925695018395
0.47075,-0.1365770888433773,0.11001305706973852
0.470875,-0.2658282151858075,-0.06381714876866221
0.471,-0.2681024080627991,0.02787365176099151
0.471125,-0.3174174977071777,0.3610838547007098
0.47125,-0.2323711058254331,0.580309974641005
0.471375,-0.2521257233234199,0.6353997301095187
0.4715,-0.03591519876950897,0.45314173128325247
0.471625,-0.2965101333809743,0.23517527438201144
0.47175,-0.3203269211573273,-0.02808061565897997
0.471875,-0.3287467748712744,-0.04960162577363147
0.472,-0.34293264720692274,0.028353630529457163
0.472125,-0.13766560768505842,-0.08234974215401562
0.47225,0.2897599414509081,-0.2023143867913177
0.472375,0.17177734543580075,-0.2775296001771518
0.4725,0.04631525769833352,-0.07209847196245744
0.472625,-0.17721660809125528,-0.059803400735448056
0.47275,-0.06603536217990152,-0.062030317752187314
0.472875,-0.21421733104544072,-0.33826926920559897
0.473,-0.1744795942547497,-0.2586298653596954
0.473125,-0.25113585140248884,-0.3485642984284776
0.47325,-0.4313038331671278,-0.232974810310375
0.473375,-0.5093722873501495,0.039738908230820824
0.4735,-0.2664900629514234,0.4161701038211784
0.473625,-0.21780920830927114,0.19593749764781662
0.47375,-0.18303453788370846,0.029974927008807953
0.473875,-0.3354302005573055,0.04050078261409001
0.474,-0.3599219551987166,0.07522559357813184
0.474125,-0.32196653911319734,-0.16650543032935267
0.47425,-0.22632509053165664,-0.11394093868469826
0.474375,-0.29737255183855865,-0.21241522278094782
0.4745,-0.0472897504720478,-0.4164132136131221
0.474625,-0.12796610544855572,-0.20163705116675718
0.47475,-0.07790205838012666,-0.2902787160622643
0.474875,0.04748029670213785,-0.23554526262592201
0.475,-0.08518173952612473,-0.312549815580775
0.475125,-0.21587880907967835,-0.2350084969241939
0.47525,-0.08894137651841517,-0.24196175896947136
0.475375,0.004225391898269741,-0.3535239462189014
0.4755,0.12039226804740993,-0.2952395287183796
0.475625,0.17407802988471996,-0.02468795461514262
0.47575,0.37243275149374877,0.06371832771910703
0.475875,0.41598384987344544,0.02172129469926075
0.476,0.5428839252726743,-0.028289348072371996
0.476125,0.5406878356382139,-0.10681398525900189
0.47625,0.42928535416514335,-0.2632810461757426
0.476375,0.31809988573467074,-0.13702723691018068
0.4765,0.27613946492990615,-0.00978543178381263
0.476625,0.3720792053262193,0.15529022614514632
0.47675,0.28040979822865697,0.22894080997102897
0.476875,0.2498163028606375,0.26581199927164656
0.477,0.23137842138003314,0.16030094399374523
0.477125,0.2866715226566007,0.3963310779326511
0.47725,0.0448570229121086,0.4849996969982455
0.477375,0.1977235135656099,0.35142342302837376
0.4775,0.05695502532888335,0.131834177153132
0.477625,0.23837511425369473,0.14146793025906002
0.47775,0.051461034774553674,0.29578686270886084
0.477875,0.009007261418446032,0.3410600633166491
0.478,-0.025921542904841444,0.42289990240199055
0.478125,-0.11076867249490388,0.2662756678635035
0.47825,-0.14160827934178738,0.2677935273521876
0.478375,-0.03990108720143697,0.21806412675661296
0.4785,0.18180703185522726,0.2182021922487316
0.478625,0.5213731990080464,0.04959708255981316
0.47875,0.454610382151365,0.028727964304445994
0.478875,0.08255893802080091,0.16591779603011114
0.479,-0.17021311940101566,0.0708247589115644
0.479125,-0.13718153810634073,-0.01813071116562467
0.47925,-0.11787876842301376,-0.09371235252119996
0.479375,-0.021227922044421067,-0.303437579524876
0.4795,0.17818331845079552,-0.026640904529883457
0.479625,-0.07122841713543797,-0.03328365130454942
0.47975,-0.18288077102103328,0.20938415691803644
0.479875,-0.2270813306260738,0.42438388112875786
0.48,-0.24943129378635975,0.363342795503801
0.480125,0.10702474497021809,-0.005206400369925935
0.48025,0.07733011600461019,-0.20537501768096975
0.480375,0.002076817652058881,-0.2363547748323083
0.4805,-0.13343106561697318,-0.017247363685807614
0.480625,-0.1252638835850604,0.04920190468084044
0.48075,-0.013782150402979499,-0.035829199079704
0.480875,0.25405342504083095,0.02184693014585742
0.481,0.055582732576607105,-0.09540211820986141
0.481125,-0.5549155762329346,-0.1902595756012853
0.48125,-0.546484585599333,-0.15112635312785894
0.481375,-0.25806086006325807,-0.0459154570310451
0.4815,-0.015917727725051657,0.08577378212883245
0.481625,0.03135408596668087,0.04945410531298273
0.48175,-0.2300062677021277,-0.10206454547597538
0.481875,-0.2503057810572432,-0.1356587748375547
0.482,-0.04610094801512028,0.0022265241256704356
0.482125,0.004719006800697229,0.06132381101850103
0.48225,-0.14622088304497313,-0.005342731928044185
0.482375,-0.5667847003821981,-0.5364248150051077
0.4825,-0.6767013510218102,-0.46161621057441116
0.482625,-0.5783952850134144,-0.3440352337454355
0.48275,-0.1780521186886844,-0.014941216974657081
0.482875,0.09936418890903387,0.12127401446249833
0.483,-0.20176290026998084,-0.25973700900383667
0.483125,-0.03829257694389161,-0.3451434319001401
0.48325,0.1290308192470563,-0.2282777519991157
0.483375,0.37508891592813826,0.004788478339645295
0.4835,0.20077899860581727,-0.0019926498565114733
0.483625,-0.07955746684734308,-0.4395832382719103
0.48375,0.04852712236525781,-0.5959495202560225
0.483875,0.3179573858933257,-0.6019679955178177
0.484,0.37385786899556567,-0.26344380901915887
0.484125,0.5462657124416134,-0.25813174624089896
0.48425,0.2768924416363806,-0.17524716567120455
0.484375,0.2782467453526704,-0.02339509823113251
0.4845,0.17360901292722503,0.050521409791937075
0.484625,0.18215370068660489,0.1543236725762865
0.48475,0.28644647777842985,0.2340228354766494
0.484875,0.3314654618356994,-0.057139294524864624
0.485,0.12018255609452229,0.19768891121021245
0.485125,-0.12764899604920354,0.2905504832986343
0.48525,-0.10226600594807758,0.4412631678885452
0.485375,0.034465564776695976,0.27883903490004386
0.4855,0.4344737009471131,0.38747732331120033
0.485625,0.2951636371182597,0.1714855175501462
0.48575,0.23853774838673067,0.13200246291415432
0.485875,0.05670155280558551,0.09537644299695681
0.486,-0.14354186618986478,0.31137418004528983
0.486125,0.016665787174869117,0.23499392639093922
0.48625,-0.00982775721601084,0.16563761639564942
0.486375,0.28949924209846717,-0.06978296071497274
0.4865,0.44158593594948425,-0.05581934333333822
0.486625,0.2254934990848549,-0.04251784662194806
0.48675,0.11073850755585353,0.3498711310541636
0.486875,0.012029671564223101,0.30567217131815344
0.487,-0.13101976808553517,0.22633463014593985
0.487125,0.02217777952051624,-0.02258862490111929
0.48725,-0.03627016435495473,0.04889943578494784
0.487375,-0.1031772121071358,0.07448573652487635
0.4875,0.15243004083949802,0.16587556309944995
0.487625,-0.08288990031872777,0.2949167132117545
0.48775,-0.07674772731160087,0.3227058464895223
0.487875,-0.13622854428887077,0.32347914870498573
0.488,-0.10484427935079468,0.2531126237481297
0.488125,-0.16623845034226695,0.14713964079684527
0.48825,-0.3542066290432273,0.05077451733257912
0.488375,-0.49656915484134206,-0.010171062179379756
0.4885,-0.38054849805977786,-0.1337626398440309
0.488625,0.021286963517662204,-0.13613613754525594
0.48875,0.35377584077333996,0.014579824708881571
0.488875,0.46200870249248494,-0.03557443609000136
0.489,0.33488737801129387,-0.03556538172731839
0.489125,-0.0719059104969719,-0.058302269734359126
0.48925,-0.23391174858580288,0.10767049752537021
0.489375,-0.2481734561718629,-0.1476384841502896
0.4895,-0.13972461579864556,-0.3385305858599608
0.489625,-0.13752275268397046,-0.46116902145541355
0.48975,-0.24874623616014607,-0.3529824384988604
0.489875,-0.6389546576294103,-0.05369223373420525
0.49,-0.6733331004467629,0.3140704800126121
0.490125,-0.32956738966126503,0.40354870420847766
0.49025,0.028195967535824047,0.21400804773158472
0.490375,-0.20692160047714417,-0.039917171425418826
0.4905,-0.23816544260168715,-0.0887631113825918
0.490625,-0.2383069115172713,-0.11968214462307862
0.49075,-0.13870933612313355,-0.154044692255642
0.490875,-0.1845549819252057,-0.10015084704558673
0.491,-0.5135407915328505,-0.3433936619792111
0.491125,-0.5515699183345744,-0.4979896277657699
0.49125,-0.5050324656837253,-0.464330729327068
0.491375,-0.009005561217370284,-0.27327361948403467
0.4915,0.010455704588390853,-0.07363900645474819
0.491625,0.1842569065848483,-0.0005907649361924263
0.49175,0.0589797739466859,-0.10477638547353163
0.491875,0.020371683437747142,-0.1827423170240637
0.492,0.013811140076479794,-0.2750243765772348
0.492125,0.19119230961259248,-0.21808665285184403
0.49225,0.5677728791991148,-0.2930722200822145
0.492375,0.6400249457209453,-0.34835706383259446
0.4925,0.7245121624242586,-0.23574580126847483
0.492625,0.21892067377633684,-0.21615955750361265
0.49275,0.060607839824168654,-0.06973379484651444
0.492875,-0.13760652750200877,0.17092444645855762
0.493,0.2346621703573467,0.09304491905971056
0.493125,0.47086118265498167,0.13532361753943287
0.49325,0.6746008949179684,-0.05670354632169115
0.493375,0.448383813183674,0.17002290222458652
0.4935,-0.017667021172277877,0.5315644725020614
0.493625,-0.27835543362896686,0.6094138254648463
0.49375,0.032301492792640385,0.7033861918269025
0.493875,0.013359434825382283,0.2811550652702621
0.494,0.05899009974473911,0.027477753350318775
0.494125,-0.049476148404487705,0.04101671077954398
0.49425,-0.16820606785897846,0.07753384647961593
0.494375,-0.05032344328615301,0.2858547105713264
0.4945,-0.0969952099261949,0.4160815438693054
0.494625,0.1225923171048598,0.277076332867031
0.49475,0.2778913054177585,0.11161876265024522
0.494875,0.3143750435231816,-0.25579465540189394
0.495,0.3192718481161556,-0.03174535596799538
0.495125,0.3508497517850819,0.0656188867809629
0.49525,0.15234487187297344,0.08005799463853723
0.495375,0.02324707652185656,-0.06121222219689795
0.4955,-0.1576837585254797,-0.10027606724911704
0.495625,-0.24235485087356426,-0.22802585660731428
0.49575,-0.049215124426122414,-0.034816802333476116
0.495875,0.02571661714139864,0.08380356927258226
0.496,-0.08130108919276896,0.2274679140658504
0.496125,0.1534171582114952,0.18957882921534064
0.49625,-0.1499747007129545,0.28723046855736906
0.496375,-0.00014661878359404325,0.3135716433671014
0.4965,-0.0499856162353907,0.1377349905381243
0.496625,-0.05911932245129124,-0.0995949275663284
0.49675,-0.15433811392874036,-0.24182391866896236
0.496875,-0.1004860058198189,-0.08709686947329144
0.497,-0.04985718716486478,0.1475443165257258
0.497125,-0.18699481523704922,0.06755756169790393
0.49725,-0.33473774329517425,0.09675906771278274
0.497375,-0.08560845957623622,0.03952019029890674
0.4975,0.0966489305296298,0.08700150688388689
0.497625,-0.018759028249732954,-0.09397932194244547
0.49775,0.11766232980209586,-0.08451045211490292
0.497875,-0.08973736252183986,-0.20920306049695656
0.498,-0.24915445444165144,-0.017149993577571764
0.498125,-0.36223774513366125,0.10311376357590409
0.49825,-0.40683613669397656,-0.10243203874145736
0.498375,-0.14117460575264104,-0.14211089629971285
0.4985,-0.05268268213158748,-0.35210432210153375
0.498625,-0.11253549300626008,-0.10304116674737408
0.49875,-0.16563726389598704,-0.04198848243480315
0.498875,-0.22731727419611822,-0.033902991591631175
0.499,-0.15883742301934675,-0.05835660266893624
0.499125,-0.01846519697564917,-0.0819983981208076
0.49925,0.07029264619203321,-0.13117698555087
0.499375,-0.22243089726986523,-0.24590416949227045
0.4995,-0.23160548751953813,-0.3458858877586898
0.499625,-0.3510964518380569,-0.21261840997607886
0.49975,-0.33804277264737814,-0.050286141001550176
0.499875,-0.31228292468975594,-0.050003483018722344
0.5,-0.06616231090199166,-0.2843585046320452
0.500125,0.07492431166426373,-0.23671695842310192
0.50025,0.015424221670165444,-0.23168608668815588
0.500375,-0.01803782062414071,-0.039879558048771996
0.5005,0.12255915188961429,-0.1714871566449412
0.500625,0.2161493734629147,-0.052774455882224944
0.50075,0.41629278236428935,-0.26260377131377205
0.500875,0.41874076192994586,-0.2756714350290512
0.501,0.3389299744764325,-0.40912337172908997
0.501125,0.12143547202712314,-0.20677078064890045
0.50125,0.38918331707868764,-0.16077766462439083
0.501375,0.5305939862960208,0.12462872921672688
0.5015,0.3674913025831164,-0.04863259031900532
0.501625,0.1771993634723853,-0.09739280952021095
0.50175,0.3536956171904673,-0.05264777277007812
0.501875,0.1609465020620455,0.4076257106151882
0.502,-0.11633954023745302,0.37560028598577777
0.502125,0.09248976839066145,0.4554730645344702
0.50225,0.40700521268680934,0.22895933273686342
0.502375,0.43709413592600493,0.2193864215081698
0.5025,0.3111436223631033,0.2578094463600009
0.502625,0.1306972236389156,0.30252443981659943
0.50275,0.13566453640371606,0.30083299846636724
0.502875,-0.06292947071187706,0.23156113555269314
0.503,-0.07589279673460074,0.2573088369329202
0.503125,0.021140988473254498,0.1410281427273007
0.50325,-0.11095290511133861,0.04123610081306866
0.503375,0.013178506341813043,0.04526602477728337
0.5035,0.26745520737789674,0.3212974203334327
0.503625,0.2710147362158093,0.3585370861486434
0.50375,-0.1762430313791395,0.17997899402368722
0.503875,-0.2213949025052149,0.09351158542021928
0.504,-0.13824768071105514,0.01785349867608429
0.504125,-0.012769465295283727,-0.02076763372905829
0.50425,0.17488616998622197,0.09590631238936355
0.504375,0.12290681217053852,-0.002288461578364138
0.5045,0.16091976546909292,0.11671729252428202
0.504625,0.22048035771971528,0.15579641672017813
0.50475,0.16682000881095677,0.2336124617454904
0.504875,-0.06280009923054283,0.062199886649824766
0.505,-0.26432956297220334,0.03538026487631376
0.505125,-0.17729359249048168,-0.24978758864298334
0.50525,-0.03342196308698829,-0.2875303656507646
0.505375,0.03619239489691531,0.04318138689024458
0.5055,0.10045881047794708,0.01827802449288663
0.505625,-0.16647112099306588,0.09334740471510439
0.50575,-0.28705800821764527,0.024013489794392603
0.505875,-0.1000562758460666,0.11131875387485375
0.506,0.2707252957671975,0.2645480781176519
0.506125,0.10408989948684556,0.13088066327103673
0.50625,-0.17085957764545187,-0.20768604948108882
0.506375,-0.476370206579344,-0.20008767614977666
0.5065,-0.25898455430921086,0.013573595914431148
0.506625,-0.21302189962567683,0.020179084707398084
0.50675,-0.408309271490367,-0.12005128558811416
0.506875,-0.35844599425168217,-0.20557512070841055
0.507,-0.34910468561391467,-0.17647392334880313
0.507125,-0.3533459866430829,-0.0557178725355118
0.50725,-0.3004523483614187,0.12894853221510977
0.507375,-0.541739011442108,-0.09689064153766028
0.5075,-0.6463610266678985,-0.31302636227991937
0.507625,-0.31461631945187,-0.3691690925428968
0.50775,-0.23731808564694803,-0.3648020672850998
0.507875,-0.010784712349434756,-0.22242841218904805
0.508,0.020815804035232532,-0.3255047502387643
0.508125,0.012810816689170154,-0.3887308991541441
0.50825,0.03794601271337533,-0.3334896846814734
0.508375,0.26530729560415245,-0.22474308657464803
0.5085,0.19424234745567448,-0.11762220918055348
0.508625,0.22246037811013847,-0.3876542870787176
0.50875,0.06152564296604422,-0.41896037073435205
0.508875,0.2573930792563969,-0.40392847678809723
0.509,0.6012383804853534,-0.18385254021579223
0.509125,0.3762711102008755,-0.08369435859214537
0.50925,0.14145370193595355,-0.09281710824761141
0.509375,0.19245572021227553,0.06635248777866472
0.5095,0.17158596631063727,0.08742970392434524
0.509625,0.3592949103994616,0.20340757999300957
0.50975,0.4059545522768422,0.244722895845578
0.509875,0.4145148591307438,0.10260977669368443
0.51,0.3372909149629046,0.03753422636892385
0.510125,0.15717409448489836,0.2300883770865455
0.51025,0.10699909314663275,0.37684763704547863
0.510375,0.014561659356849926,0.48661706490905876
0.5105,0.19616950186207308,0.25987446593109687
0.510625,0.2270512384983419,-0.056350279841808626
0.51075,0.22308145873777735,0.012502761228378862
0.510875,-0.0814837326706136,0.07932956853308475
0.511,-0.04465811600284682,0.38084171419611157
0.511125,-0.19265455952851457,0.22169881389976634
0.51125,0.12029144516029587,0.24170343000343286
0.511375,0.19024666287054562,0.2685193159978872
0.5115,0.3513987439497127,0.051709534425800605
0.511625,0.1564728633055257,0.10855262831986504
0.51175,-0.1505034693785639,0.03867650722117025
0.511875,-0.16747436867219254,0.09301160782882682
0.512,0.034318242075516196,0.09171472013187734
0.512125,0.17017423794663616,-0.05503529327404324
0.51225,0.1368828057041956,-0.19608584896972348
0.512375,-0.07031818035781776,-0.006316902260102633
0.5125,-0.017192790443850966,0.19342677195666724
0.512625,-0.05995869249605722,0.16619826540570706
0.51275,0.2631237097838087,0.32185220788333424
0.512875,0.004048734962418141,0.10368301408238421
0.513,-0.11880617321465561,-0.08948971002095546
0.513125,-0.34620980529910067,-0.18989458577623605
0.51325,-0.1619599809318859,0.15291811880259218
0.513375,-0.21935131106621925,0.3184944723361112
0.5135,-0.23099333892376173,0.12437891057233677
0.513625,-0.11423037500943438,0.06783380830316972
0.51375,0.09998976469748878,-0.05002071458682207
0.513875,0.14711652238804673,0.18202007683953267
0.514,-0.011226192176022479,0.16944083824210063
0.514125,-0.006821470312927525,-0.04606040847670674
0.51425,0.16337382180098914,-0.13681877722686242
0.514375,0.04545134211729435,-0.23498657380151858
0.5145,-0.16014583975486008,-0.21158461989835367
0.514625,-0.7307792357714936,-0.17013963601379936
0.51475,-0.6323518301178828,-0.20250864582161288
0.514875,-0.4816347044468296,-0.21059495210340437
0.515,-0.39437827707409345,0.02152398546597057
0.515125,-0.31377669023880644,0.1049914027193727
0.51525,-0.4295867453749035,0.08681727141174445
0.515375,-0.3313435501488644,-0.010205381825579743
0.5155,-0.03644563630257305,-0.00569281161610464
0.515625,0.022059185945238136,0.12970380489165106
0.51575,-0.1578765018104553,-0.3112572020782998
0.515875,-0.5179113374087306,-0.38173146618297016
0.516,-0.5717414713480957,-0.5219067854594205
0.516125,-0.3030000296494899,-0.4478456635472954
0.51625,-0.3539573638177207,-0.2865839113214777
0.516375,-0.2596378646440936,-0.2794673214305924
0.5165,-0.24455940567366788,-0.16535107581766695
0.516625,-0.1723989510077882,0.010568097933787332
0.51675,0.18098321111018986,0.03228145786490199
0.516875,0.25868568277480253,-0.05564313614842104
0.517,0.3001527396438241,-0.21182405088006848
0.517125,0.43971774742357556,-0.4841512284829808
0.51725,0.45193282011591873,-0.41819497768349123
0.517375,0.4278869949399672,-0.26574589125685877
0.5175,0.3087124147021637,-0.3019455926584381
0.517625,0.2672206812215875,-0.23326910306437823
0.51775,0.4128708712228608,-0.1798223282639953
0.517875,0.385934291779762,-0.0006547993333192131
0.518,0.19747544273710618,0.048407317982378274
0.518125,0.02154092248555388,0.13285722588161963
0.51825,-0.03846413922209081,0.3635272429252899
0.518375,0.012068726195168435,0.47586007944334274
0.5185,0.17994411742415367,0.3557654539149632
0.518625,-0.05345198139426905,0.3796617827907547
0.51875,-0.06088205989092992,0.22669863162399967
0.518875,0.1570963052530308,0.3420311143839965
0.519,0.33954617031133444,0.41795909928661507
0.519125,0.40489256463407647,0.396109897984225
0.51925,0.027722816385169727,0.3258710863700538
0.519375,-0.1686637762649544,0.12688845375129745
0.5195,-0.33416278475419453,0.043739532888742765
0.519625,-0.2223485647292903,-0.010168995110625715
0.51975,0.054284448593753795,0.09119247075080256
0.519875,0.23004957111187488,-0.03809375179092641
0.52,0.16650899146922152,-0.053103172378939016
0.520125,0.23476206667071242,0.1310013563502242
0.52025,0.14275823681903904,0.3137734359577021
0.520375,0.20024435055981207,0.3596097636275206
0.5205,0.33103053264858334,0.08138249548340154
0.520625,0.1563003038112517,-0.003816852983301327
0.52075,-0.06660300769513905,-0.2790829948332093
0.520875,-0.0752787420306659,-0.2519415233577548
0.521,0.008802404145748517,-0.09259700978544501
0.521125,0.142923206482336,0.2395865581359435
0.52125,0.16672458794834874,0.14886880923304294
0.521375,-0.009860223261156577,0.12599512807509178
0.5215,-0.22970448300561103,0.06688691373250172
0.521625,-0.3014452228817384,0.16723180553930522
0.52175,-0.25006692025349564,0.2607957260776922
0.521875,0.013222045927193418,0.0359733457541729
0.522,0.10659918644894963,-0.2051162418587104
0.522125,-0.04751928495307186,-0.04653178730087816
0.52225,-0.11791967353712363,-0.003663637664036795
0.522375,-0.17176733613299142,0.16392542627775283
0.5225,-0.18102761733552128,0.0916798044260947
0.522625,-0.15431603901372973,-0.07982850766090037
0.52275,-0.08859330331217605,-0.34263875507463315
0.522875,-0.13961637172817018,-0.36807049349817383
0.523,0.0011867304277663935,-0.02349639352079046
0.523125,0.019729568696602928,-0.05125883345293536
0.52325,-0.14662628446948098,0.07436428859407987
0.523375,-0.22442810992743303,-0.15332329287789292
0.5235,-0.5019610847443053,-0.25318134777334417
0.523625,-0.4630575204592401,-0.15299086457017927
0.52375,-0.4374774827151812,-0.11697809518538745
0.523875,-0.420773974307706,-0.11220874936974783
0.524,-0.3774512893461078,-0.16713175197500563
0.524125,-0.576374748478353,0.008437693832215645
0.52425,-0.4111592717684492,-0.09420221307000405
0.524375,-0.2102434368090208,-0.05584535810589768
0.5245,0.1861446756832701,-0.07260383182957944
0.524625,0.14056800371295355,-0.37926599791817955
0.52475,0.08966349248447307,-0.4216484661141567
0.524875,-0.11066919534520042,-0.4794123282190023
0.525,-0.1038906840895536,-0.3428872444031736
0.525125,-0.01075451048364926,-0.1807078022455637
0.52525,0.14078050705557638,-0.5319715775124256
0.525375,0.06950262436981702,-0.6086213791353609
0.5255,0.14048854096253513,-0.5158430258745624
0.525625,0.09538281333401037,-0.08110284121047567
0.52575,0.1619385482679419,0.12393976821717666
0.525875,0.24319901184557527,0.2670800346247078
0.526,0.22277165143356195,0.17605785261189824
0.526125,0.26795655790236245,-0.0037018618663520004
0.52625,0.37825855226699073,0.014203141570120995
0.526375,0.5654037901798923,-0.06423441822227399
0.5265,0.41490464227619095,0.09588643331119225
0.526625,0.18400134214727873,0.12765187708854256
0.52675,0.45557256349499725,0.1083926285383661
0.526875,0.3708930668496251,0.2744217180702859
0.527,0.7042255046303633,0.20592424819687313
0.527125,0.42275605910818476,0.1096096703488692
0.52725,0.06613487892807096,0.27173547507909007
0.527375,0.031326917410869154,0.1135379330205478
0.5275,-0.12610039670068016,0.27412413434881566
0.527625,-0.09514764378692453,0.331192238377028
0.52775,0.15277448801413493,0.37829822253016665
0.527875,0.1536298249020665,0.08853807955542312
0.528,-0.20914111540559407,0.16283433515339446
0.528125,-0.0018409029347051993,0.44028811682601166
0.52825,0.16851523556359027,0.5536362015681248
0.528375,0.28940563118918544,0.3824818631702629
0.5285,0.20637608849989292,0.06944674646975893
0.528625,0.004214180903654466,-0.22895306656669792
0.52875,0.06509762060066798,-0.2581120850308511
0.528875,-0.004688556683792933,-0.04290050684148732
0.529,0.04328094495927357,0.034798196735817306
0.529125,-0.18412797711852472,0.09519262343493473
0.52925,-0.15809500546085245,0.005215933186988082
0.529375,-0.009550636085618902,0.008254879784390799
0.5295,-0.05540021070543071,0.18521775710664945
0.529625,0.061261766133308,0.10038330666682822
0.52975,-0.04812601522624775,0.12504150820300863
0.529875,-0.0968205234054929,0.0010511685256103752
0.53,-0.10468309394902321,0.028164786419992753
0.530125,0.005229271852096287,0.03029492601715037
0.53025,0.28048665919890775,-0.054908967202225684
0.530375,0.13572466895311486,-0.10977741862360359
0.5305,0.011710894971648707,-0.25053699145318675
0.530625,-0.20356557303365297,-0.06413961078980253
0.53075,-0.4156974535258974,0.18731078092107878
0.530875,-0.30667493293759174,0.10475008280324706
0.531,-0.11726533103458979,0.11932589439476744
0.531125,0.06830734200143353,-0.1201168328140591
0.53125,-0.15666732811032646,-0.055547069615547735
0.531375,-0.25006376731135155,0.09163154143966651
0.5315,-0.27639677487510395,0.07080673751183765
0.531625,-0.3509254639759518,0.09787346604127929
0.53175,-0.3869181286363338,-0.12406536887842573
0.531875,-0.21659612304467601,-0.2560146871768023
0.532,-0.268868642352045,-0.2959680477319935
0.532125,-0.2527809075904316,-0.14948362565063922
0.53225,-0.37674275151776715,-0.1454673159006471
0.532375,-0.28711167325255205,0.1319348107514286
0.5325,-0.3311228595644545,0.11801325650593089
0.532625,-0.11783836504945283,-0.35999190716040347
0.53275,-0.2434073473401206,-0.21236098841219372
0.532875,-0.19808695400051793,-0.4762206713220014
0.533,0.018700919253439096,-0.3278412516383834
0.533125,-0.14834384251565585,-0.27435175326756184
0.53325,-0.02391006941560814,-0.18983440294776452
0.533375,0.12437659751829487,-0.24071879879205813
0.5335,0.3005041192674121,-0.3730982870059806
0.533625,0.4634784024626127,-0.46330435837135336
0.53375,0.357952525648527,-0.28126786947557975
0.533875,0.4297396764100521,-0.2765955832419216
0.534,0.27449648890127126,-0.09642121179827969
0.534125,0.29447650537364767,-0.2757716754254238
0.53425,0.24933654183351223,-0.2094540718611444
0.534375,0.16318093001871858,-0.054839667111577436
0.5345,0.0552524484663139,0.01624888800349294
0.534625,0.06615259726065417,0.1831716962826033
0.53475,0.2906837653850605,0.29636164004557525
0.534875,0.31074463080908593,0.3834523222092566
0.535,0.49460588216367957,0.3374539853227757
0.535125,0.3141318874932685,0.20155048006693305
0.53525,0.045499036462838024,0.2024109715681595
0.535375,-0.16893463287092075,0.26191529750517434
0.5355,-0.3478722811912321,0.16634314653445464
0.535625,0.046650353254213274,0.07732158796843767
0.53575,0.22908598515845002,0.10685086426193796
0.535875,0.13745481452133881,0.20062876280335704
0.536,0.2881980097421085,0.25309514236803804
0.536125,-0.03329519417091971,0.36939840913797056
0.53625,-0.08816495083290665,0.4178032604427382
0.536375,-0.06810835016820797,0.308066819363857
0.5365,0.2972601539458523,0.10306389747264005
0.536625,0.343647534320635,-0.17206474552748002
0.53675,0.3175202617319897,-0.33252805588050255
0.536875,-0.4061467341488506,-0.1469036389822484
0.537,-0.45945371353999614,0.1748571505122466
0.537125,-0.24446676759749458,0.2024394484661486
0.53725,0.2821875340936236,0.2816962017859577
0.537375,0.5457833135053307,0.0884593014618983
0.5375,0.24032582952008913,-0.2262158760111128
0.537625,-0.09042707991718976,-0.12136795859644041
0.53775,-0.07762799123149973,0.060892980708225984
0.537875,-0.04033062022804259,0.2032570879674018
0.538,0.1681828264341825,0.12159798854887802
0.538125,0.13806639374203125,-0.35842176584728525
0.53825,-0.24661009592582975,-0.25463704859587166
0.538375,-0.11775367591819225,-0.21867189499122922
0.5385,-0.1639282524024685,0.15919264909508646
0.538625,-0.04501010183420871,0.37224253088459025
0.53875,-0.10915669793831677,0.1463792179257391
0.538875,0.10382822926922426,-0.16529490264002886
0.539,0.386225783428933,-0.08761689556096872
0.539125,0.14894133665590828,0.08825335948895892
0.53925,-0.159252972439631,0.13680866793739963
0.539375,-0.2751396578935775,-0.11611113276556202
0.5395,-0.2867936157294795,-0.22575887278146264
0.539625,-0.07781279056681001,-0.3331899823779003
0.53975,0.20741321827315454,-0.04771422838669297
0.539875,-0.08846576805996624,-0.1256813956612483
0.54,-0.17872655896829784,-0.18930819189510162
0.540125,-0.3008293494874779,-0.005574716243227843
0.54025,-0.09732209103449901,0.1517226879623507
0.540375,-0.13116768198345688,0.16529266793051955
0.5405,-0.36728779550233065,-0.008973238012337148
0.540625,-0.3807850015621904,-0.3003898329964819
0.54075,-0.7899150791359735,-0.21017665493466234
0.540875,-0.47369438897785443,-0.11148622766952525
0.541,-0.3604019093039431,0.1830589834926049
0.541125,-0.4724223905886585,-0.08932381459383441
0.54125,-0.3688988996263863,-0.18985033907559384
0.541375,-0.2472724798916201,-0.22182942008837933
0.5415,0.05313928596047645,-0.17379440285443915
0.541625,0.06191734201538646,-0.13767273384939
0.54175,-0.25675112497287506,-0.16703327901002224
0.541875,-0.07963361542808067,-0.4663890484399791
0.542,0.2639606915241674,-0.5116987074152857
0.542125,0.4249397298444272,-0.4803379687386494
0.54225,0.3798455103952485,-0.35681775646301583
0.542375,0.36888905940766864,-0.39834228225223706
0.5425,0.3973534494536072,-0.37502127671067037
0.542625,0.5347410461642778,-0.22515828839800156
0.54275,0.3227637445560158,0.003910338225052238
0.542875,0.35973538767603364,0.09674426724796124
0.543,0.3615310057227759,-0.006710478099038623
0.543125,0.4371255440171849,-0.24011724887990776
0.54325,0.33577867806111933,0.0477807498695069
0.543375,-0.11913182801550251,0.26263143987912946
0.5435,-0.19728174398015255,0.30056612674521355
0.543625,-0.2700830283128697,0.17621853120155156
0.54375,-0.15034653992217414,0.30723621894710035
0.543875,0.013338842162863239,0.38141955359265567
0.544,0.15027062167941815,0.2896184329944325
0.544125,0.4782785749264376,0.2282951515572161
0.54425,0.5221411740143123,0.5206060081045514
0.544375,0.4444522498386049,0.5631584917953322
0.5445,0.10731086764064224,0.36746322536211273
0.544625,0.005786605579107682,-0.06544672259159295
0.54475,0.07116306270450222,-0.2435214666197646
0.544875,0.09948759954235714,-0.0056393943246770845
0.545,-0.06492593081440881,-0.005957875225584042
0.545125,-0.07886498617799152,0.02522216140251391
0.54525,-0.14454846868037888,0.3292408851087233
0.545375,-0.1282047405592456,0.519474898243251
0.5455,-0.1498334022400103,0.4973987683826682
0.545625,0.03752251338892759,0.3537000326600428
0.54575,0.1679401331460125,0.08935185764117015
0.545875,0.12837842645390038,0.006442010953671542
0.546,-0.22915857351549107,0.063734644062968
0.546125,-0.19342783566015215,0.1690414074890584
0.54625,0.14028317133131893,0.10298694811967449
0.546375,0.009871149627321796,0.05416721716643529
0.5465,-0.23724171551397008,0.02196552335418494
0.546625,-0.27827996878050015,-0.09893493515307508
0.54675,-0.24358267439799133,-0.1226641459344847
0.546875,-0.06189003653646104,0.021904752948846102
0.547,-0.09980164401196104,0.1007037216223831
0.547125,-0.1681220533585108,0.0040126854916389
0.54725,-0.281399777193359,-0.23073284302101937
0.547375,0.024440841244797895,-0.15463125531071936
0.5475,0.07357710732675173,0.014535608840693102
0.547625,0.04755345663094414,0.02117215319688175
0.54775,0.2681351321020754,-0.1056591254289268
0.547875,0.09214765166027691,-0.2013439512934594
0.548,0.15858918754820014,-0.2929807755474401
0.548125,-0.13603275394543674,-0.12608727150568472
0.54825,-0.19679132700691607,-0.236804037882042
0.548375,-0.2615825175693963,-0.15309223108189446
0.5485,-0.34256285998695196,-0.12090083274792546
0.548625,-0.497570070014116,0.06105763755224387
0.54875,-0.5348131136899388,0.0957995165552157
0.548875,-0.45794618059141795,0.12706494795902035
0.549,-0.20753251530908515,0.2249258315382512
0.549125,-0.2108930312303448,0.09641139358549218
0.54925,-0.22410187854014912,-0.060671955310011266
0.549375,-0.5339201335092848,-0.21779337708333496
0.5495,-0.5246932228183858,-0.16958948463087145
0.549625,-0.29689096551241034,-0.19232321361303742
0.54975,-0.2938299698226306,-0.24891067302130382
0.549875,0.04864833168660674,-0.3795314031865106
0.55,0.019310562170436696,-0.5398412841150102
0.550125,0.0822687524388902,-0.25974851661377835
0.55025,0.000532551137397133,-0.11101066863156804
0.550375,0.061137480059963625,-0.16381662875091862
0.5505,0.2585446521806644,-0.3830660537272005
0.550625,0.27296453437212465,-0.44072859839650635
0.55075,0.30355423712164076,-0.543622984590003
0.550875,0.41059553749995076,-0.3502669163809522
0.551,0.4622902985581403,-0.16168686965979154
0.551125,0.6725194250793224,-0.15365240161423138
0.55125,0.5830009036588085,0.022086685582343054
0.551375,0.40580439862887946,-0.05316200605552546
0.5515,0.008195521666265838,-0.03636170857134481
0.551625,-0.08495301362174495,0.07002222082698133
0.55175,0.2178697523259792,0.2959276272626631
0.551875,0.22209771454862798,0.2170172732887822
0.552,0.36123265168458984,0.4318834903528989
0.552125,0.216206835265647,0.355270490231334
0.55225,-0.05414616201114672,0.5405828762925877
0.552375,0.13315481832253762,0.5726915609155299
0.5525,0.10927919316907395,0.4453206599810363
0.552625,0.25698047741280877,0.3138033957617848
0.55275,0.2363735473679893,0.08155919818197306
0.552875,-0.10609263726092194,0.053255758588659684
0.553,-0.42198149020182935,0.06014296593649581
0.553125,-0.036765722525921224,0.24837834508635004
0.55325,0.13876673902374773,0.1855996475209197
0.553375,0.1487476827142977,0.1932697451099248
0.5535,-0.059414831077263586,0.04546392246286685
0.553625,-0.2833807054782486,0.000720431971401529
0.55375,-0.2827939496964083,0.2340826600673797
0.553875,-0.15703213719233264,0.20243901872310444
0.554,0.019785814278847635,0.10589174739256099
0.554125,0.023850445617953533,-0.07947764588014648
0.55425,-0.039016508953331135,-0.2061748326200603
0.554375,-0.08342390810263539,-0.15331464460361238
0.5545,0.0525393560807062,0.07247689351934947
0.554625,0.013513428314955011,0.24917401191447133
0.55475,0.31321553978320593,-0.07355443606305283
0.554875,0.1694626348866699,-0.1397778506551594
0.555,-0.0427462804090682,-0.2610306641410344
0.555125,-0.3009114397607156,-0.2777032944158405
0.55525,-0.26112829322748843,0.015416444564642254
0.555375,-0.14922062869812727,0.009133244138190704
0.5555,0.06171911435336308,-0.010854362505534235
0.555625,0.26027684718490746,-0.16772732771987608
0.55575,0.31251290332684434,-0.026702064923626367
0.555875,0.13723531734775513,0.13485663873393114
0.556,0.22878867765046956,0.2788194719746141
0.556125,-0.06651741932270287,0.26256934758591166
0.55625,-0.31276377687073115,-0.058730656238576054
0.556375,-0.39934887725775836,-0.21373275739903294
0.5565,-0.06661247600199016,-0.3182300342484658
0.556625,-0.20423493875254653,-0.2545807697276775
0.55675,-0.17714127028930257,0.18889989189049358
0.556875,-0.16207319408649073,0.2569341434952557
0.557,-0.5149148506249686,0.24360709483840287
0.557125,-0.34808322208092884,0.27195684208333215
0.55725,-0.5164769654168581,0.019429574142943818
0.557375,-0.1968395302362072,-0.12297928801335216
0.5575,-0.5210640024614487,-0.23702270056075656
0.557625,-0.380837348152027,-0.33657631908014285
0.55775,-0.39259799257608763,-0.3254770248084785
0.557875,-0.22642889082936513,-0.07280751955677328
0.558,-0.07947493030969024,-0.16640823192066248
0.558125,0.04960449998169461,-0.2713157287739495
0.55825,0.059719668884453604,-0.4252770223272794
0.558375,-0.06473204058446717,-0.3862501519148254
0.5585,-0.1880958914051248,-0.4796683153297116
0.558625,0.20501025974548856,-0.5050662477898412
0.55875,0.564387163571022,-0.35939653954665396
0.558875,0.6068503632019177,-0.294048337344317
0.559,0.2715933725802651,-0.331446441299907
0.559125,0.0273848063266374,-0.24320506745353437
0.55925,0.13454911270741648,-0.11981616987942627
0.559375,0.5845728000812642,0.04141103000028978
0.5595,0.6294644638077237,0.03210170892744908
0.559625,0.5159201213904077,-0.005562421635852993
0.55975,0.3120367912845202,-0.06064225991412278
0.559875,0.06825179491781137,0.14586328780200114
0.56,-0.17308482515397383,0.5715473105362894
0.560125,0.1318184614700859,0.5577068026792643
0.56025,0.16901465542657101,0.3165970924717346
0.560375,0.45195579465449165,0.17346529783871986
0.5605,0.11858945582521627,0.09250845752364484
0.560625,0.2533153242855555,0.41463202738614585
0.56075,0.1792366009841169,0.6557713225587947
0.560875,0.017948504162101062,0.5144593678376242
0.561,-0.31302367428510275,0.13335733004221448
0.561125,-0.188954189205297,0.03496448358468387
0.56125,0.06485320200051418,-0.008538132111132865
0.561375,0.19369202720862275,0.12008931998499145
0.5615,0.23351541622566643,0.23553350676301826
0.561625,-0.027582049994600476,0.25306943894774564
0.56175,0.3313587273161959,0.09840288902855393
0.561875,0.4887113310044007,0.1824501080671981
0.562,0.1358151858972508,0.13763011956633814
0.562125,0.04171156122462529,0.0851962210238627
0.56225,-0.2665068501216621,-0.19129568758981744
0.562375,-0.40265138100703984,-0.20108553841962795
0.5625,-0.14780801378524344,0.00405680119565289
0.562625,-0.26997983845747864,0.13944605856716752
0.56275,0.13320786992986183,0.07227767437934242
0.562875,0.2709251129162452,0.2164310468381719
0.563,0.37408330471023415,0.2807308449826954
0.563125,-0.12338353742356539,0.4155132900614179
0.56325,-0.4754061429084951,0.1968752404972478
0.563375,-0.6210522854586317,-0.15164753235968853
0.5635,-0.3805974006735052,-0.2651256343918359
0.563625,0.1373377966048693,-0.34070356119192663
0.56375,0.20948923617691284,-0.24717103988619193
0.563875,-0.0334821746270646,-0.17052972632297733
0.564,0.03153582973523687,0.042468762091723365
0.564125,-0.11579013569997983,0.34377427748729555
0.56425,0.004690997439871154,0.23424330357009773
0.564375,-0.006812839227008806,-0.0029037073344379072
0.5645,0.06283773747746353,-0.5997198025180245
0.564625,0.08071395622478,-0.5358019381539761
0.56475,0.1874242495057668,-0.24616786504467253
0.564875,-0.14054705116715455,0.040764701991585134
0.565,-0.08535370704904341,0.3053059267452279
0.565125,-0.5281031285966112,0.1129986610932049
0.56525,-0.7150391132899113,0.01723115406209361
0.565375,-0.8584173064967234,-0.06018466861342137
0.5655,-0.5744689485679595,-0.06771881734822424
0.565625,-0.3080180470696369,-0.054551247724443294
0.56575,0.0542232521475798,-0.03117544900076773
0.565875,0.39525064336814414,0.09881697128148181
0.566,0.3272095220715798,0.09596803523077954
0.566125,0.29546072280308217,0.11582143713123612
0.56625,-0.16335068361633878,-0.47793733034638897
0.566375,-0.5302053201816295,-0.40685510466755237
0.5665,-0.3801186379155543,-0.6726757754508214
0.566625,-0.13224673365817247,-0.5332943216004253
0.56675,-0.23093246728197458,-0.5890748262045336
0.566875,-0.45364198320647764,-0.36101372457356856
0.567,-0.4218364532746713,0.0655237822494154
0.567125,0.02367953314582158,0.33087850506457495
0.56725,0.4223793421639445,0.23071538437161798
0.567375,0.5812381197942725,-0.013686673726562276
0.5675,0.4702349021422952,-0.3574806320776076
0.567625,0.28333851333396654,-0.3480461723590649
0.56775,0.2128333320233738,-0.3804175712096836
0.567875,0.2509372442720547,-0.13820127223814627
0.568,0.5345317126447321,-0.22045093911334238
0.568125,0.6300449162070724,-0.39206862153490285
0.56825,0.11452705758504311,-0.26678530848050447
0.568375,-0.023952740344225988,-0.05938092607737066
0.5685,-0.03503621586096894,0.3592877880776087
0.568625,0.13715379908275105,0.6598996994642549
0.56875,0.2825714019836983,0.4429913661478432
0.568875,0.190655557206582,0.15155105077503758
0.569,0.3189507820401143,0.06948549149980357
0.569125,0.4979940594730128,0.3134709393636943
0.56925,0.272027980806726,0.530022615227059
0.569375,-0.09589053540508939,0.45715325348448127
0.5695,-0.2188892577278916,0.16064255786136974
0.569625,-0.20550003217899818,-0.14747487377754853
0.56975,0.10719706388503074,-0.08874154838883126
0.569875,0.21606069064166816,-0.06204352196552982
0.57,0.06405672679284784,0.20510622792367422
0.570125,0.08893400359416168,0.24880753809023806
0.57025,-0.01935538879068893,0.4197368150450658
0.570375,-0.08866491063455582,0.30921519921019786
0.5705,0.08064004953366109,0.26002292250915376
0.570625,-0.12407751746508154,-0.036123054534821036
0.57075,-0.13165320011111495,-0.21768822008366806
0.570875,-0.11269730143267727,-0.14717607421198733
0.571,-0.18034557723809289,0.06634448581042063
0.571125,-0.15354427880144128,0.18815764947663025
0.57125,-0.11394467691525052,0.15214270488507772
0.571375,0.1311181383621314,-0.02695310613365631
0.5715,0.20741658449761782,0.14473574997105793
0.571625,0.08001765049610028,0.024069933286568732
0.57175,0.03753737272976432,0.16432658086527055
0.571875,-0.13826384177618278,-0.007741576941446574
0.572,-0.09012578313020306,-0.01408552810257888
0.572125,0.05646272005252219,0.10508966087684944
0.57225,0.07156304146182388,-0.15659042002119739
0.572375,-0.10896779641386702,-0.1674294036098401
0.5725,-0.134563484781135,-0.007949222796336228
0.572625,-0.10622846267886459,-0.04931460159815394
0.57275,-0.20678689762586308,0.06268886130985998
0.572875,-0.07024556988461324,0.10199921444593313
0.573,-0.16347405469610995,-0.07378489362649913
0.573125,-0.1398493068060112,-0.07955571599425999
0.57325,-0.169160956498291,0.09187670601833235
0.573375,-0.28575948770491977,0.007969297258164042
0.5735,-0.34296043476601634,0.12841028032354754
0.573625,-0.5292506252125934,-0.08964143292492331
0.57375,-0.4113250889246287,-0.21937098820996603
0.573875,-0.574497098858285,-0.11528863393563155
0.574,-0.5906405729263384,-0.04293203284446893
0.574125,-0.36845557441893223,-0.13535711124251135
0.57425,-0.40749820528686964,0.09104627702049713
0.574375,0.19921586328207186,-0.013591067000116308
0.5745,0.018027683849639296,-0.1883356866446574
0.574625,0.17713498172208494,-0.3372773897523534
0.57475,0.07956516334583036,-0.3397435047031157
0.574875,0.03865004171813519,-0.4836935203489562
0.575,0.07200090836945452,-0.32611661456230545
0.575125,0.23969477837778996,-0.38117153995137115
0.57525,0.12324440918086504,-0.47921477138943175
0.575375,0.07334608443313542,-0.42055945863296695
0.5755,-0.1297442249629496,-0.24142288061159767
0.575625,0.005097296752418123,0.013881425722193556
0.57575,-0.028765476372491362,0.11445997132112054
0.575875,0.15488244864879713,0.10019014567184603
0.576,0.5837078709048563,0.03155537027517204
0.576125,0.5154416203278311,-0.06610117825800986
0.57625,0.39057425875577484,0.12354608608241893
0.576375,0.16246496187848458,0.20742068210823866
0.5765,0.2602494179477681,0.2342456025588512
0.576625,0.30789230803101264,0.16291545820872322
0.57675,0.08063463336263947,-0.07546654087158802
0.576875,-0.1568105494131724,-0.03869872409491631
0.577,-0.2445694837896099,0.09866859179984548
0.577125,-0.08562327878740551,0.15423868511424654
0.57725,0.19466402986281625,0.30746805055837895
0.577375,0.4852030968458672,0.566149773780748
0.5775,0.051948403841459774,0.34097455703504076
0.577625,-0.11959733929904919,0.29952918417815133
0.57775,0.04220299912419064,0.171720726868298
0.577875,0.14386874756512585,0.19965379276121203
0.578,0.16260760324495765,0.15088510575366842
0.578125,0.13795994534529393,0.01975963761487788
0.57825,0.08841309296471496,-0.2900632645722463
0.578375,0.25834202974209325,0.010686699363402092
0.5785,0.1977621333013172,0.3567889279600825
0.578625,0.05004218398808657,0.35936482923110596
0.57875,-0.16656398124756816,0.10927409923505148
0.578875,-0.3056999628930502,-0.06224310531655764
0.579,-0.2225561709587686,-0.19359295429944068
0.579125,-0.08690130557062886,0.2366853136010648
0.57925,0.17127704224339926,0.1526091676858217
0.579375,0.17876354719308468,0.16597548003451862
0.5795,-0.2300527222954121,0.31076496611973997
0.579625,-0.060174651395451466,0.2066114173417072
0.57975,0.0941713249311644,0.09554667519857332
0.579875,0.28410054086630326,-0.0007726466582262813
0.58,0.005975973868552469,-0.23073518397793585
0.580125,0.08775644578717051,-0.15698521608335317
0.58025,0.257368618783242,-0.125922471686603
0.580375,-0.0024232737002315196,-0.19695283278959128
0.5805,-0.10577251898621835,0.12084500701578299
0.580625,-0.3411725870462412,0.06164405264234281
0.58075,-0.19370101510034907,-0.05080254083631409
0.580875,-0.19267999564094682,0.012021242609622703
0.581,-0.1409364292150233,0.009812844718435375
0.581125,-0.10846470127983844,0.11998222700360027
0.58125,-0.06497749570070685,0.2016999692436764
0.581375,0.07442233453039834,0.20708225214193562
0.5815,0.061073408002347215,0.29417466355759847
0.581625,-0.16074743233490602,0.0678548017146536
0.58175,-0.6531514781377699,-0.1936571805844472
0.581875,-0.7442783182818504,-0.32308595612170765
0.582,-0.6423764546608838,-0.18699089816811862
0.582125,-0.15723295459122477,0.010019969383980443
0.58225,0.0819104850468917,-0.13597490194464
0.582375,-0.0006473061404137544,-0.2609961418252993
0.5825,-0.34346999034603215,-0.2204023721326549
0.582625,-0.2761630563234367,-0.07904681295608995
0.58275,-0.10965604768741051,0.09377735970912723
0.582875,-0.1725307489781365,-0.16880191180987086
0.583,-0.03812052741991239,-0.4615988933105572
0.583125,-0.07115130013107529,-0.643930053340904
0.58325,-0.08453737053083306,-0.378160073183553
0.583375,-0.09178019437569951,-0.11350460406700959
0.5835,0.023888117919987736,0.004952712443807928
0.583625,0.025451330616074838,-0.08340723844320042
0.58375,0.08561613953811802,-0.22526389277756834
0.583875,0.16339390974341209,-0.31128106138311445
0.584,0.2669825277589132,-0.16827414159102913
0.584125,0.15445824742344913,-0.02045393329827073
0.58425,0.27124457249204587,0.06290119540872949
0.584375,0.10202045563464773,-0.17003101408696272
0.5845,0.23404339945466857,-0.263460295287474
0.584625,0.3113248095052778,-0.22054812737642066
0.58475,0.3994071953084292,-0.19361244096216942
0.584875,0.42864154259676335,0.06549468088213044
0.585,0.399192244343742,0.01657238006645547
0.585125,0.2529078098189259,0.1916602292748636
0.58525,0.23822908767046652,0.1183464748994933
0.585375,0.32689704049538304,0.0680235494209014
0.5855,0.39832393815780937,0.15198474885417518
0.585625,-0.0019090249106211003,0.09923902657571017
0.58575,-0.11826271189754377,0.27809090011876103
0.585875,0.16960681696908667,0.2862593246188079
0.586,0.233970644242304,0.4164071263054402
0.586125,0.3536975769497745,0.4952360687234252
0.58625,0.05393300185317998,0.29624567327715634
0.586375,-0.40657249811302737,0.12314097316395459
0.5865,-0.407649911728434,0.09763671488706768
0.586625,-0.2891835115725926,0.2782220657490205
0.58675,0.31416310766027955,0.20002437516204985
0.586875,0.3387372795103867,-0.08015409090434311
0.587,0.2354303871554784,-0.23936644058919812
0.587125,0.1437601141098274,-0.037416434485113365
0.58725,-0.08931055034232933,0.2856775266663463
0.587375,0.2241837346576349,0.32192154914403415
0.5875,0.31166246500859135,0.021962297436272062
0.587625,0.397809252927225,-0.3826353834943547
0.58775,0.2691541934708668,-0.39207876289115284
0.587875,-0.003495488482208877,-0.10940844557757566
0.588,-0.11947500651632725,0.1996174481080072
0.588125,-0.09056100931707253,0.2881598166582013
0.58825,0.01803866772218244,0.17791411396503945
0.588375,-0.08436955730735875,0.006159758322884668
0.5885,-0.31105893129011325,-0.10989060382708474
0.588625,-0.49002948100068744,0.1150522237829906
0.58875,-0.2832817995056197,0.24352864845729424
0.588875,-0.1615725125357934,0.42706258288546617
0.589,0.251675975086374,0.21882459126903359
0.589125,0.06412047723859678,-0.04790311981705334
0.58925,-0.13444815286857228,-0.12624087646243576
0.589375,-0.33724859595302165,0.010897921383400476
0.5895,-0.28008125769020553,0.05684807831631502
0.589625,-0.19282424027051476,-0.020722466938870747
0.58975,-0.3314911488463271,-0.36773605914822305
0.589875,-0.2826769935392484,-0.4263694265700994
0.59,-0.5298904736275537,-0.5045419652374814
0.590125,-0.42234401418648987,0.01488757657043831
0.59025,-0.540235215475246,0.20719255183275168
0.590375,-0.2669289167654389,0.2028723595068512
0.5905,-0.21446896735265755,0.03959585705029341
0.590625,-0.19941604882981748,-0.3260824802501357
0.59075,-0.23695605487337176,-0.18068023898418914
0.590875,-0.14636400845380343,-0.10804458016121189
0.591,-0.2624953695711073,-0.20374950980232545
0.591125,-0.35258372634337753,-0.24683764692510263
0.59125,-0.45169373071475305,-0.37669343264990685
0.591375,-0.14360331416398361,-0.39348241940187684
0.5915,0.1254434513951738,-0.4773107070556803
0.591625,0.12944821294577577,-0.32103395387815736
0.59175,0.21303734715476225,-0.17275115866892152
0.591875,0.43141066848953535,-0.17162245018524522
0.592,0.4465162883995402,-0.029947691707574404
0.592125,0.3365786714211725,-0.1067093845105854
0.59225,0.31469292792939385,-0.3590040266219137
0.592375,0.30826045460270357,-0.4152636147135048
0.5925,0.3400465191236233,-0.3014122060375642
0.592625,0.3026308973514183,-0.1818750788412997
0.59275,-0.0011624072017004654,0.15469801828849766
0.592875,0.24143460318467225,0.2736780089769864
0.593,0.22431971670261286,0.13819725905943284
0.593125,-0.04338772475712745,0.14845260161245552
0.59325,0.11040135948440931,0.3648934003545377
0.593375,0.11005394142589901,0.23522627929883866
0.5935,0.2280600176661594,0.1517293651028886
0.593625,0.0545710998678072,0.22837528869548304
0.59375,0.05987573560271273,0.344740810557859
0.593875,0.19997754925718927,0.040372375447866926
0.594,0.17435080377707782,0.21419050356202995
0.594125,0.3378690065276652,0.18859895437287177
0.59425,0.2491756501213175,0.17693180893765043
0.594375,0.06645340029104199,0.0866023488252952
0.5945,0.004714341724827242,0.11516875410364584
0.594625,0.14694145645819215,0.15608388962310482
0.59475,0.21723473527096732,0.319584831664648
0.594875,0.30724310594981147,0.1001258153074597
0.595,0.15905781854826412,0.04954571344210499
0.595125,-0.27439208541269033,0.03684309890349769
0.59525,0.005429688187409291,0.09464922321199518
0.595375,-0.18543461240876977,0.12884218545471782
0.5955,0.08278867193235771,0.19210845370311555
0.595625,0.10580115468486757,0.05440501980913654
0.59575,0.12069554302228748,-0.0467361019591242
0.595875,0.14638620015291687,0.19211043239996695
0.596,-0.1447708270080948,0.14547751460825506
0.596125,-0.35537945046104547,0.29203460936030323
0.59625,-0.3928443302110845,0.11840550536844108
0.596375,-0.2796271088480649,-0.08451242850493978
0.5965,0.03440759235213261,0.03730050485568281
0.596625,0.2304545869918228,0.06146407509026406
0.59675,0.23637072578351476,0.008791987732717476
0.596875,0.14349146825733988,0.07158583717401829
0.597,0.14650564474635835,0.02541571610760582
0.597125,0.3067971729295953,-0.03150265090962997
0.59725,0.11941600236706638,-0.12633988163241136
0.597375,-0.3698435849832747,-0.3219710436581372
0.5975,-0.5321097480724375,-0.2960261481349724
0.597625,-0.3788113551104181,-0.4259453419293031
0.59775,-0.12236799409913358,-0.11534996673176333
0.597875,-0.025063691942791635,0.3172412216358095
0.598,-0.15454115757959402,0.27132371603087607
0.598125,-0.20550090951889294,0.16730643842191276
0.59825,-0.31704380462116877,0.16368508822421263
0.598375,-0.35003009690275366,0.20531233179456615
0.5985,-0.2700041740435733,0.03155345872823414
0.598625,-0.1891366820971291,-0.28045763023995035
0.59875,-0.2724582944651149,-0.446820779270797
0.598875,-0.256957080902847,-0.368152757202833
0.599,-0.20381343091179502,-0.23596952793546125
0.599125,-0.4923718609296668,0.09640317454280112
0.59925,-0.3079620332484253,0.1745037793440659
0.599375,-0.2305781356474766,-0.2822486254762548
0.5995,0.002498711137748616,-0.1936008690160899
0.599625,0.06941581147388284,-0.19427995978949616
0.59975,-0.08663518243432244,-0.14336566121553967
0.599875,-0.10674228693404271,-0.18753522702439615
0.6,0.07250327915153572,-0.030593110536898428
0.600125,0.26910049186125284,-0.16732384773333786
0.60025,0.25809315866186966,-0.2625187674528502
0.600375,0.10677415293718462,-0.2702653456402651
0.6005,-0.05257153115544137,-0.37987482892034585
0.600625,-0.2334164398016692,-0.12733220330443307
0.60075,-0.02632166690138006,-0.12277926262364491
0.600875,0.2377993099757631,0.12258941483135644
0.601,0.6676866218317882,-0.10091798661431182
0.601125,0.6221905597242214,-0.1525130056605362
0.60125,0.43163123807616416,-0.015303166775492611
0.601375,0.3293704825082183,0.34450218886834555
0.6015,0.37820938908105456,0.3316972925706306
0.601625,0.19226245791509208,0.020380790819942336
0.60175,0.09013752547322641,-0.21003346910741014
0.601875,-0.15666534117685021,-0.05956432650111648
0.602,-0.20296013085372694,0.11693394067830047
0.602125,-0.21812253003113052,0.27997781982478986
0.60225,0.36194875081357586,0.6475424410037083
0.602375,0.18137954860260488,0.5635440219942359
0.6025,-0.006252945734217543,0.46900558917731794
0.602625,-0.14894043599457918,0.29924516797688744
0.60275,-0.005311783510211656,0.4290444461260554
0.602875,0.1227088843238333,0.20959742337623224
0.603,0.1387419871614672,-0.006203088793601119
0.603125,0.31128148987070386,-0.100114734279638
0.60325,0.3270284592302132,-0.08612627186726207
0.603375,0.2554346200211258,0.043793496244188504
0.6035,0.15300954068074218,0.17759264183470871
0.603625,-0.15146415899506382,0.08656736857237532
0.60375,-0.1581882824706684,0.011418574588503878
0.603875,0.005291362462756181,-0.024046637281335582
0.604,0.3122216681648988,-0.08448655805419059
0.604125,0.44911101214833543,-0.019590198747957588
0.60425,0.23299620151390593,0.23983655285079314
0.604375,0.051150467466506956,0.3001068107986407
0.6045,-0.1961474180955583,0.2856130312050978
0.604625,-0.19228192130549024,0.29162921109472195
0.60475,-0.07665435261766887,0.05993368615561722
0.604875,-0.34195018184803866,-0.017596592512953542
0.605,-0.49844844918270825,-0.15329226756964237
0.605125,-0.1207816955466376,-0.1593167793606266
0.60525,0.27120869188619007,0.2895612780588311
0.605375,0.39368923530819994,0.4875331518182314
0.6055,0.18416117105016847,0.20504698093977702
0.605625,-0.2778706957463296,0.05252737451284096
0.60575,-0.31250439078626535,-0.26901224273057617
0.605875,-0.13289878818285042,-0.12566685930035262
0.606,0.09318079609576779,-0.06438602827382257
0.606125,-0.02461707413290771,-0.29885415734422816
0.60625,-0.4030730163547039,-0.33269950899741313
0.606375,-0.6247565884167852,-0.14805120912501402
0.6065,-0.4237543916969765,0.14381293070311582
0.606625,-0.07394886179470087,0.4701401124014526
0.60675,-0.2568278554821375,0.11300657712942744
0.606875,-0.339364794993013,-0.3276400560599116
0.607,-0.8331532333012585,-0.21202947013361453
0.607125,-0.7030725188088475,-0.1382192104794369
0.60725,-0.41206526370569474,-0.0014949535985685448
0.607375,-0.12717279786328609,-0.2875041328168819
0.6075,-0.14128606101946695,-0.4328640440705597
0.607625,-0.18368134610405132,-0.48918751203646393
0.60775,-0.34349744216911343,-0.3222165797959379
0.607875,0.04306837018204072,-0.13899057160349407
0.608,0.37570575000721196,-0.13126657831904318
0.608125,0.4141005704087658,-0.40787211459167433
0.60825,0.3127071987604926,-0.649490563916919
0.608375,0.15322573446820287,-0.7933631568102405
0.6085,0.13947022643284354,-0.45582251628842996
0.608625,0.04341803068862181,-0.17669766372756815
0.60875,-0.004992366533435891,0.031079866105965543
0.608875,-0.09319235021980914,-0.1766094816162764
0.609,0.3340529617245767,-0.1696290669726732
0.609125,0.4675924403254453,0.06725604482535881
0.60925,0.40904417991837977,0.17344081668234287
0.609375,0.013970526577196144,0.39660270498008177
0.6095,0.005220832852610397,0.20861642972832423
0.609625,0.31007119682164114,0.12683335921030245
0.60975,0.3429685473758493,0.017743664780279222
0.609875,0.3238164704077118,-0.07760250371324626
0.61,0.2579615941386205,-0.04785939265433159
0.610125,0.3947348773398817,0.026947167707404976
0.61025,0.4950714066937478,0.320498598392865
0.610375,0.29760926619294925,0.4647809919232131
0.6105,-0.022718349394367444,0.29672632639316665
0.610625,-0.05693853238939946,-0.011849944902850771
0.61075,0.08415642812979694,0.009595192730313727
0.610875,0.1867763208200552,0.1448166136115277
0.611,0.14041215597622508,0.2741843057617655
0.611125,0.017586748604531955,0.37278378922815986
0.61125,-0.1279130275373374,0.12787327836126658
0.611375,-0.09310497894423575,0.27435124468657923
0.6115,0.23871488279421282,0.2784127399209392
0.611625,-0.020659852346333357,0.25927696759139407
0.61175,0.1264613937001188,0.1983617555595875
0.611875,0.013209699172138555,-0.08261147463196031
0.612,-0.12508085985924253,-0.07552968770421532
0.612125,-0.023148648663208152,0.10374194128486956
0.61225,-0.1301032256117494,0.15909390489315256
0.612375,-0.03858777810901343,-0.0577901831730105
0.6125,0.058534673836318246,-0.08401769095139454
0.612625,-0.03066388440132556,-0.025970325149228264
0.61275,0.0679932613709634,0.06854185479794468
0.612875,0.13972534129578126,0.0874365541971725
0.613,0.1257217751539401,0.1535772876983613
0.613125,0.3122285059211977,-0.07918429889686804
0.61325,0.0742376306796614,-0.09823212940952891
0.613375,0.002902023357775273,-0.14524861369979516
0.6135,-0.3254421726249122,-0.10655184151844431
0.613625,-0.4795830407170318,0.007361761238454718
0.61375,-0.41424632315585724,-0.02382520047346731
0.613875,-0.13060056584001073,0.004676166125855338
0.614,0.03236520054655491,0.024348579623926343
0.614125,0.2700568872092257,0.16159913186206698
0.61425,0.17044638856407437,0.010110918035089891
0.614375,-0.16293653152189935,0.27697145392309896
0.6145,-0.31173197898636684,0.09546678219178166
0.614625,-0.3687839341214632,-0.2465401318539542
0.61475,-0.0453925209470511,-0.2222398586406371
0.614875,0.18921185292292425,-0.5300372694078719
0.615,-0.10336045036241547,-0.38123794739358313
0.615125,-0.42101958138655615,-0.0877219031540712
0.61525,-0.4393422898858426,0.12015394317590873
0.615375,-0.20006052563633533,0.19988622292092778
0.6155,-0.050199271348958754,0.18982177695310165
0.615625,-0.038655955023773884,-0.1632189938826999
0.61575,-0.1588398403226233,-0.3069695021341061
0.615875,-0.33737432241489607,-0.2641606669968974
0.616,-0.39550793530047273,0.11905820467837216
0.616125,-0.25043661965769615,0.2130120426138315
0.61625,-0.2754071653959144,-0.10195708422667955
0.616375,-0.3869083909818312,-0.422200829666178
0.6165,-0.21873333543286114,-0.19696365758344006
0.616625,-0.07348554197823869,-0.24656402482743836
0.61675,-0.08911357000319116,-0.05465771072978044
0.616875,-0.2205113353840118,0.062284906559076744
0.617,-0.12711244418867906,-0.0950287300395622
0.617125,-0.046247596930630824,-0.14060199844605403
0.61725,0.0933259262469897,-0.19682126115495027
0.617375,0.31279832226541443,-0.4661608175702307
0.6175,0.32630549042076323,-0.23344943462401496
0.617625,0.5724841243313671,-0.1908848419071409
0.61775,0.5609132751441851,-0.10008341054709607
0.617875,0.48029809697456816,-0.07389460353526518
0.618,0.5513660539255875,-0.2239261349910703
0.618125,0.5027385844204573,-0.21855277649278454
0.61825,0.14975445492656286,-0.04048414774429534
0.618375,-0.006242545775397053,-0.03834103341179674
0.6185,-0.25665740385075586,0.03912275246350262
0.618625,-0.11948584386216503,0.2992257720729319
0.61875,-0.0017495860562110385,0.3903089105914623
0.618875,0.031752905003443396,0.3379305764361411
0.619,0.06504272618430425,0.5097453287920622
0.619125,0.0948878542510086,0.4915361279036144
0.61925,0.26252957332849586,0.4759469844130274
0.619375,0.24673341012665198,0.3780299048221324
0.6195,0.07755473689200545,0.31293299612509556
0.619625,0.41436768519613293,-0.15105086519057043
0.61975,0.3384909997353275,-0.19100598800484614
0.619875,0.3295984279315837,-0.32535105629055167
0.62,0.2552730230204954,0.04442868113040682
0.620125,0.15491081465228976,0.10504466225578614
0.62025,0.22024367095375957,0.12627552499328207
0.620375,0.06524375594900379,0.24394195129040724
0.6205,0.206928732255229,0.19574609726558095
0.620625,0.21394955274728034,0.11820783838030463
0.62075,0.2655147073550351,0.12923347282213737
0.620875,-0.09065604233521608,0.1837516115833544
0.621,-0.2916664307379879,0.3365688624404265
0.621125,-0.2905269792784903,0.28690649816898633
0.62125,-0.1037030958838438,0.3004023768945174
0.621375,-0.07562420715229318,0.15932324414079443
0.6215,-0.0758919349591425,0.18635966513564173
0.621625,-0.22241901893898158,0.09426182494995
0.62175,-0.2850095728140701,0.12842606249101843
0.621875,-0.12470505822539409,0.06526634725280031
0.622,-0.23908802263569132,0.19357201008587552
0.622125,-0.14846856321360252,-0.1723182499784995
0.62225,-0.325056315404024,-0.2507626271167378
0.622375,-0.2948597523670925,-0.3457388925690753
0.6225,-0.1767595991556876,-0.2783885729042984
0.622625,-0.00047470822640422524,0.024564610681551264
0.62275,0.2125220966226079,0.07789497630274837
0.622875,0.12769523656919507,-0.1603575477147762
0.623,-0.008288988315457223,-0.1480969171518741
0.623125,-0.23267641862603963,-0.06633441278935545
0.62325,-0.4606843975874037,-0.014049651844080196
0.623375,-0.4516248434555301,-0.19156658253117348
0.6235,-0.07202481428436598,-0.21594620921731897
0.623625,-0.19427412695257007,-0.2534837483400148
0.62375,-0.2347654129044406,-0.23610142910824286
0.623875,-0.32896913802242256,0.021250212195639877
0.624,-0.42550715286047786,0.15619385323666338
0.624125,-0.52819839085015,0.08976308083294977
0.62425,-0.40542183459331993,0.19586679510208624
0.624375,-0.3040259674980114,-0.07583314059805893
0.6245,-0.5485154261410258,-0.3185603025000389
0.624625,-0.43998965883150654,-0.35404896572108446
0.62475,-0.3858067373834659,-0.21440289155804362
0.624875,-0.16219270287443596,-0.15205420757595353
0.625,0.11899333503039393,-0.08776789266550547
0.625125,0.44264066226206467,-0.3422953064102376
0.62525,0.416044141274981,-0.44008081854468145
0.625375,0.34293041255827555,-0.5738515869249423
0.6255,0.3256577300390892,-0.34527901875851363
0.625625,0.40504289951011446,-0.29689556561623026
0.62575,0.6465339551099514,-0.4344684143079778
0.625875,0.608276129835532,-0.3734661137830871
0.626,0.41776857645500226,-0.33222579536036395
0.626125,0.06288339191635406,-0.16236779318647154
0.62625,-0.05903830168278155,0.19470218585998783
0.626375,0.011345213417989565,0.41827669294284736
0.6265,0.4128641325788009,0.3643551972406609
0.626625,0.4876596727243183,0.2086124135147795
0.62675,0.4017984948294723,0.16295251091960042
0.626875,0.24463488463288074,0.38548922774198413
0.627,0.09732370339253525,0.5579244680557536
0.627125,0.11999819368704007,0.5125925460399674
0.62725,-0.05324680779011547,0.3931821455424148
0.627375,0.025484384540780468,0.18531861527805912
0.6275,-0.011801219866061873,-0.12376685297096914
0.627625,-0.017281274291847004,-0.03867362577676492
0.62775,0.08123720018852688,0.2129262415053739
0.627875,-0.0004150453902850605,0.48662886178282616
0.628,0.10773231810434937,0.40944696046838397
0.628125,0.2286718804153365,0.22220988140850745
0.62825,0.2144665503463355,0.05677164114197932
0.628375,-0.010313737951168377,0.05639909728941213
0.6285,0.19814528511075,-0.10759367659898242
0.628625,0.3345729654492877,-0.08763137709752046
0.62875,0.250419812521313,0.005259156233685651
0.628875,-0.07413229378558356,0.16085585540130254
0.629,-0.36321567266121185,0.06997671962652247
0.629125,-0.36702741409151257,-0.10487629095811403
0.62925,-0.45580664579817975,0.0699794008398665
0.629375,-0.07893406783529104,0.36190856515627134
0.6295,-0.02115998825040873,0.30354878506077
0.629625,-0.15360739570529436,0.21577430342365786
0.62975,-0.31847030001210314,0.02709710603744413
0.629875,-0.23264123776929707,0.34895359484578
0.63,0.043540717888665835,0.05294215224171293
0.630125,0.1547514150144752,-0.039905380308770846
0.63025,-0.29899858740707574,-0.5626396845949724
0.630375,-0.33682010599126255,-0.47359757104948136
0.6305,0.01168792368126844,-0.3447979316782701
0.630625,0.17055052034126372,0.0040419624478198425
0.63075,0.31426162622437664,0.09361178176182822
0.630875,0.06364859157413906,-0.35991214082862366
0.631,0.13588701652034268,-0.14823953569927437
0.631125,0.1388114185643264,-0.12487349335241778
0.63125,0.14505533204240897,-0.06444598692351496
0.631375,-0.1276994439746171,0.14329122170307176
0.6315,-0.17051986056306614,-0.0946797582425569
0.631625,-0.1372343871956617,-0.2992428745779401
0.63175,0.040958156179160016,-0.19004454552572894
0.631875,-0.10726865288706362,0.12163634867524516
0.632,-0.28084974615639785,0.16348291566118095
0.632125,-0.2908856031128823,0.0883227103525797
0.63225,-0.13463731771781798,0.13689238632776524
0.632375,-0.3151793162523832,0.06637931210512954
0.6325,-0.5227268026652391,-0.1787523971965369
0.632625,-0.5570482623415647,-0.0842788358948493
0.63275,-0.27056514841474155,-0.19079004641065797
0.632875,0.050696025819229835,-0.09507028962851471
0.633,0.0659454407689288,-0.04359544058732541
0.633125,-0.13848829090360198,-0.06686379353970236
0.63325,-0.44690394826330776,-0.15132778543415604
0.633375,-0.3436125621463934,-0.12526566283099336
0.6335,-0.0363754383294824,-0.37218067625834367
0.633625,0.13585600288410785,-0.2031024816363929
0.63375,0.23057415900589448,-0.45505829345206794
0.633875,-0.10028070530346599,-0.5121080823013641
0.634,0.06232645867545229,-0.24709909135326788
0.634125,0.19985434471344352,0.0012148208325333395
0.63425,0.5691425124914148,0.029667993284854317
0.634375,0.5435136389316921,-0.07570012036801539
0.6345,0.632910856255424,-0.2528076909885497
0.634625,0.5254475703105157,-0.08580473622505869
0.63475,0.33819209707855036,0.06940014522675791
0.634875,0.14578006065008667,0.17529795241615226
0.635,0.05634533565102935,0.08647370933278985
0.635125,0.07019025381847611,0.007123274260731662
0.63525,0.3353944093491992,-0.019868207064355395
0.635375,0.2546621339392624,0.10832189916320502
0.6355,-0.04922951265123186,0.2700128976891205
0.635625,0.07311353307463395,0.5986821399500585
0.63575,0.2295826272240825,0.5112334519465639
0.635875,0.28920060966612954,0.4525371122970065
0.636,0.06496917406891543,0.2566995991994854
0.636125,-0.22843998272876134,0.07919974557765702
0.63625,-0.07202948564665757,0.03886133110601261
0.636375,0.13875317432183007,-0.03002556915835925
0.6365,0.3386197865915265,0.3312687854923948
0.636625,-0.06118626281943111,0.08469632296236751
0.63675,-0.1730958601530358,0.056849781046233436
0.636875,0.2333777232228635,0.09638643043617214
0.637,0.24384124219642206,0.09915806122100715
0.637125,0.2610890341654353,0.20519331148513575
0.63725,0.2769269632640786,0.07019198973357804
0.637375,0.14724255835809602,-0.15864769437003898
0.6375,-0.048261621382982456,-0.03885740097654133
0.637625,0.11755801089587213,0.09410114446766464
0.63775,-0.10168349336051609,0.09280078956351206
0.637875,-0.167485292848711,0.09691254418159286
0.638,-0.13003189640229287,-0.06593227476655594
0.638125,-0.19267614045653403,0.034646269723566894
0.63825,-0.34624637047046397,0.21768846440930648
0.638375,-0.1234289449841104,0.247542188781652
0.6385,-0.3306788491520701,0.2801564355063304
0.638625,-0.40809752220340884,0.05227491214912855
0.63875,-0.3595677337351887,-0.03741789515538669
0.638875,-0.11408462553828501,-0.0393948222310036
0.639,0.2501825144422329,-0.12879152626249163
0.639125,0.12198095466458482,-0.07928710982913642
0.63925,0.16621943294740726,-0.31298926854094206
0.639375,0.015177260663620122,-0.12149753748291724
0.6395,-0.03867857334956734,-0.33977735932031855
0.639625,-0.06327891343081203,-0.32306686042622657
0.63975,0.10037216417029232,-0.28816162641128223
0.639875,0.12267402308979407,-0.3034348448122658
0.64,0.17730263161216173,-0.4090564347866467
0.640125,-0.11845399388394869,0.0034038893997255684
0.64025,-0.6776492528987246,0.3356995135178568
0.640375,-0.7953457533748971,0.2054754778064414
0.6405,-0.5961124502650134,-0.014945589506272778
0.640625,-0.41438645426382337,-0.04903927051170734
0.64075,-0.561692510014815,0.02486450119546918
0.640875,-0.6751673942276711,-0.1434349858919197
0.641,-0.7064913566454795,0.043430154577103586
0.641125,-0.6007178139744342,0.18466634880972985
0.64125,-0.11954723794373373,0.1398884352359559
0.641375,0.0432179397199669,-0.09010264478232384
0.6415,0.07477927090017025,-0.3814806811483216
0.641625,0.06069369880114797,-0.5387025956849961
0.64175,0.15664653416305768,-0.6116143168514199
0.641875,0.030152134668249623,-0.3018513735897459
0.642,0.05998545575922894,-0.2919636289306705
0.642125,0.43749146651366533,-0.48680303034585887
0.64225,0.6229523973953516,-0.7100113765490237
0.642375,0.7758059925321056,-0.5031666707000354
0.6425,0.65423303531214,-0.20888875551008423
0.642625,0.28950594506362937,0.027540388060378042
0.64275,0.12199767629611959,0.013869423790800327
0.642875,0.1449507072928177,0.17563559405168094
0.643,0.29386095895959713,0.0782828844397061
0.643125,0.2731034495492958,0.026922176115240882
0.64325,0.16026457154576682,0.12049774638316393
0.643375,-0.08377022129545285,0.3542032743278547
0.6435,0.1596320788268859,0.6541019318912441
0.643625,0.16643066520515215,0.7362394413111123
0.64375,-0.054198747978503596,0.7084788514987728
0.643875,0.039527163282149703,0.3048458158328625
0.644,0.15917286117355622,0.05798892081288903
0.644125,0.46013134650994353,0.027729506705808035
0.64425,0.4874639973425391,0.21280169073517657
0.644375,0.2110722767228754,0.3259536064977751
0.6445,-0.021911828787162982,0.22903118825764981
0.644625,-0.23877540612868753,0.10721759255095943
0.64475,-0.10952958018476977,0.047233330120555105
0.644875,-0.22597672317027442,0.00935006728469166
0.645,-0.42430964833714335,-0.10285836552094987
0.645125,-0.604792311494383,-0.10276202048027798
0.64525,-0.07811166525867608,0.22750308279644146
0.645375,0.5701790397733524,0.40878495901443884
0.6455,0.5790001149237431,0.4304449331013947
0.645625,0.4663292228563894,0.22961201200443496
0.64575,0.044831824910135126,0.08539934231924032
0.645875,-0.12517222687552795,-0.12285013477691357
0.646,-0.02483175292184926,-0.2090660913096004
0.646125,0.14770151226861936,-0.2362418671256262
0.64625,0.11528026912749388,-0.37243853531516885
0.646375,0.3071481181565962,-0.4267045671491982
0.6465,0.2230072014933116,-0.1617280540432272
0.646625,0.17828033918216216,0.38601470531574616
0.64675,-0.12367834021396355,0.5942341401950886
0.646875,-0.16306798912702958,0.34352290982807054
0.647,-0.2502105053582401,0.061357263140513645
0.647125,-0.22278459202681386,-0.08435094222122344
0.64725,-0.08139550479022063,0.14035556399933166
0.647375,0.08607559046117806,0.12195565775833056
0.6475,-0.06702306751350008,0.0299045707818936
0.647625,-0.3174303194512397,0.2208070224825084
0.64775,-0.3727312314595509,0.10492500705330837
0.647875,-0.13774673205969404,0.2760051160169043
0.648,0.03656805051889816,-0.07960229130926201
0.648125,0.09769948721548864,-0.23981580260308183
0.64825,-0.2019543568949199,-0.19859932490447818
0.648375,-0.2554553929012188,-0.2304644350027764
0.6485,-0.26899490767442386,0.010012222376356166
0.648625,-0.4336203430303215,0.06373620184958698
0.64875,-0.3470715880282499,-0.18592080823542548
0.648875,-0.1497503221762513,-0.3606626245475709
0.649,-0.18529253660107398,-0.34870451721077994
0.649125,-0.2346192277818927,-0.13963082506823965
0.64925,-0.22894793738012476,0.12158382197019228
0.649375,-0.17615725953826758,0.1584793889396274
0.6495,-0.33382108166938357,-0.00207148038198234
0.649625,-0.4025974895585929,-0.13905138748642915
0.64975,-0.3159910978926479,-0.3266620525295666
0.649875,0.025651261394596732,-0.34780528180394743
0.65,0.07383481310194029,-0.2318479603234808
0.650125,-0.1283447763764791,-0.26111481913795115
0.65025,-0.31867214585027603,-0.19118788791327618
0.650375,-0.38013945486891487,-0.09449179873879682
0.6505,-0.008494549429441375,-0.10590625440529862
0.650625,0.12446939293501441,-0.1805051597283405
0.65075,0.44569591959377125,-0.21674350081385324
0.650875,0.40466698147252655,-0.4484108899307853
0.651,0.3399514507585657,-0.1711918849143368
0.651125,0.48949828252780764,0.02577475802505073
0.65125,0.36454643296254813,0.15476314347791148
0.651375,0.5084998107654486,-0.20552408980592468
0.6515,0.5459786238498836,-0.4014153234652076
0.651625,0.5043088127507973,-0.24248030148650707
0.65175,0.17587926487914413,-0.01494572904853612
0.651875,0.22760701121688942,0.28915637014551887
0.652,0.07603832636052589,0.28269453926445637
0.652125,-0.14766492512549667,0.29802832022286685
0.65225,-0.11459781351252023,0.3962206861447861
0.652375,-0.10978655928668561,0.36919179663443374
0.6525,-0.055044724696475394,0.4275397161985379
0.652625,0.170863318014554,0.4029302346712636
0.65275,0.1350929703361306,0.5162984354023372
0.652875,0.33281622773857694,0.4063246083885406
0.653,0.2941896142259108,0.1850996431455605
0.653125,0.1677321519748515,0.14840805233869037
0.65325,0.03729570539509114,0.032520714067872505
0.653375,-0.05527321155495208,-0.03522957628274324
0.6535,-0.11928320718554146,-0.08974323029271114
0.653625,0.10981488643930278,-0.0577292904018935
0.65375,0.1042183579529781,0.16539195156363512
0.653875,0.2236473628968213,0.018691026465341615
0.654,0.15258880986580522,0.15638664368275387
0.654125,0.12122611321436022,0.16060533937324514
0.65425,0.05219873073029171,0.2593766385564015
0.654375,0.12350881941205173,0.21469677956688618
0.6545,-0.023049873730385077,0.055845407328056575
0.654625,-0.050538227840433964,-0.03176701313260338
0.65475,-0.2090866652725267,-0.0724708162594278
0.654875,-0.10180486755490069,0.019837349305905645
0.655,0.056706697880207435,0.14257568798995868
0.655125,0.05318731073331199,0.14190480788209647
0.65525,-0.11657405952488975,0.12724811013872483
0.655375,-0.057257940401335174,0.006378766567077005
0.6555,-0.07228358096852854,-0.02479347412821299
0.655625,-0.03803591444299212,0.032901207965206375
0.65575,-0.09923735672245608,-0.02951382313299059
0.655875,-0.1704196284656203,-0.045512896885464074
0.656,-0.10224288998781082,-0.29207071263337897
0.656125,0.0059849694284039474,-0.03331871986437071
0.65625,-0.14998847504231497,0.06327690500822505
0.656375,-0.2872665610415579,0.11918105534918484
0.6565,-0.4170505254660904,-0.03653881166477674
0.656625,-0.578815401713791,0.019123185411234766
0.65675,-0.5294538158280973,-0.03220729906392372
0.656875,-0.41154512874289156,-0.10573400504299384
0.657,-0.0336853541482536,-0.17633107666041645
0.657125,-0.07488558861891664,-0.23759593150658817
0.65725,-0.19436024483753656,-0.054130452628992846
0.657375,-0.23348211026283508,-0.08468421630606951
0.6575,-0.49324668720672515,0.021404229146834725
0.657625,-0.2641394215056296,-0.15084206707628575
0.65775,0.14119088008889938,-0.2865809098707385
0.657875,0.10408381659222263,-0.5623660545897123
0.658,-0.21968193526709467,-0.45438075506555264
0.658125,-0.18506023929874046,-0.43392164084589224
0.65825,-0.002291657741583391,-0.02452642155524155
0.658375,0.09652875369135362,-0.025977988424013842
0.6585,0.06491110329863384,-0.09088987958146934
0.658625,0.025024241503203745,-0.3714591347346011
0.65875,-0.06316890962714854,-0.3493478943290728
0.658875,0.18390654242402693,-0.04675176198500235
0.659,0.31403247283001146,0.06888087873471184
0.659125,0.5879653003928785,-0.1142053163700544
0.65925,0.5099799657825277,-0.2520389027616644
0.659375,0.6939168508614852,-0.08155940476934212
0.6595,0.44334344904909495,0.017716929866112036
0.659625,0.15002059534175263,0.0488845338819398
0.65975,-0.11100691147300605,-0.059795077415611145
0.659875,0.1616704295871965,-0.056743739931767366
0.66,0.3597952265770383,-0.15815883794464577
0.660125,0.24842556376152725,0.1835352890243316
0.66025,-0.06275616043973492,0.4358120622889063
0.660375,-0.09758561984422395,0.4172761815749161
0.6605,0.009114959090841557,0.5020003483925478
0.660625,0.19878783808477654,0.5611250781345624
0.66075,0.2536835824342033,0.3728290437068035
0.660875,-0.16600706902079895,0.16046801354497922
0.661,-0.13384359424452177,0.026212734400063508
0.661125,0.08670849350538617,0.11362819911361084
0.66125,0.29785253960622055,0.38725403512714046
0.661375,0.5320704776176255,0.12576995570368393
0.6615,0.30765561871194796,-0.07857432180437499
0.661625,0.1428457380266391,-0.10939648012552156
0.66175,0.12095201392280754,-0.05981823099871924
0.661875,-0.005886874337901769,0.18948054407945242
0.662,-0.11443528162920089,0.06761190603220944
0.662125,0.14867018062537626,-0.14780587152315863
0.66225,0.22030878344749982,-0.24412592216453702
0.662375,0.006833644298180568,0.028919394502723593
0.6625,0.08895863934630076,0.36913920382227133
0.662625,0.22926062872248396,0.393480611482713
0.66275,-0.1918134556362812,0.38071297728457787
0.662875,-0.21583700600233804,0.17497822526163095
0.663,-0.12942186403724362,0.2013002984872297
0.663125,-0.11684625492618586,-0.24813699377791967
0.66325,0.00302465686723515,-0.018275849783770497
0.663375,-0.05632557391127,0.16665634806652208
0.6635,0.1360707103121739,0.1554047428073174
0.663625,0.11428633041258132,0.1018249475161594
0.66375,-0.1430545483827486,0.10361182239631243
0.663875,-0.13821658827685168,0.2418011685823972
0.664,-0.4884040338555681,-0.02695571001083761
0.664125,-0.4167613039715338,-0.09477797058929681
0.66425,-0.3850776100977105,-0.09138090406743198
0.664375,-0.11023915730592802,-0.1666493687407764
0.6645,0.09720715762845394,-0.07173091758971095
0.664625,0.21509800586392874,0.04592399637742053
0.66475,0.01055975508522979,0.06243863038103354
0.664875,-0.1190844531276269,0.10164571766624558
0.665,-0.19059866540270645,0.16384078911218558
0.665125,-0.2853613597219929,-0.3681655266538813
0.66525,-0.20332770360313293,-0.24492010152767277
0.665375,-0.422852860066778,-0.25298535551695667
0.6655,-0.694387355793681,-0.3259685576943036
0.665625,-0.5111029053791653,-0.10557647571022341
0.66575,-0.22562598747729143,0.11525490461847675
0.665875,-0.15507667868861444,0.2092438115347319
0.666,0.014268690088182415,0.08720389185801068
0.666125,-0.16339447370982044,-0.1521835440284575
0.66625,-0.3123086156585747,-0.3376514693871315
0.666375,-0.44670905873920236,-0.2187379036242626
0.6665,-0.18244134903557777,-0.22659312408332946
0.666625,0.23711180267020018,-0.5806816270348172
0.66675,0.37986024146449704,-0.6181817910369242
0.666875,0.5488120673218625,-0.4808975600727134
0.667,0.5593335640826008,-0.33042222943112515
0.667125,0.3490482028752751,-0.0013127394751814606
0.66725,0.11433135178385416,-0.13957464918265602
0.667375,0.1695034312771225,-0.0304917411060664
0.6675,-0.013822142880800673,-0.2325771430041029
0.667625,0.21618994423619903,-0.30290652763352244
0.66775,0.15736704503821972,-0.06405810243265656
0.667875,0.06370354151847032,0.03570875523938863
0.668,-0.035601604761286335,0.432511559379798
0.668125,-0.0897641520679026,0.5717917407489169
0.66825,-0.1373356357513541,0.7041815348757259
0.668375,0.21206230708073376,0.3129771225617852
0.6685,0.6432915149005032,0.17121436904793852
0.668625,0.5981579504375275,0.05822566616712402
0.66875,0.3840965512164563,-0.09117422224292822
0.668875,0.2414665449362089,0.11103751375523106
0.669,0.18684484288111028,0.26649277790480463
0.669125,0.298558922314017,0.15098673840453944
0.66925,0.28522209033634854,-0.09699739615727672
0.669375,-0.19926015949338857,-0.27348555505415023
0.6695,-0.43160488924964335,-0.1519805010702572
0.669625,-0.21612877807294203,0.1955963968190611
0.66975,0.17929013863689147,0.2867574227817718
0.669875,0.402273806069093,0.4754318147810225
0.67,0.32896274922806296,0.2770231370870891
0.670125,-0.03137335774858388,0.20461756092351865
0.67025,0.020175811169750913,0.19683411165855447
0.670375,-0.1414278915963734,0.24345231107834459
0.6705,-0.058793415665056734,0.045244269600512095
0.670625,-0.06715128031870224,-0.2297484425381878
0.67075,0.051987859982868055,-0.23447056573283112
0.670875,0.0378871993854115,-0.14655955127768996
0.671,0.11768537040298631,0.20389017305473056
0.671125,0.21292495570558656,0.42900955082364944
0.67125,0.3433084317290605,0.3818028553543668
0.671375,0.2025154680888271,0.12921710201411518
0.6715,0.033637526345524374,-0.22334535241964132
0.671625,-0.05496297042630289,-0.1507495727551868
0.67175,-0.1800662013500144,-0.15172102000829596
0.671875,-0.2523597270943654,0.03395351477863771
0.672,0.15511340591954606,-0.08196677909169983
0.672125,0.1641094153803133,-0.000855887339132341
0.67225,-0.10669002605815961,-0.06098701965273408
0.672375,-0.07835144885370963,0.1104762259457211
0.6725,-0.0559246211285952,0.13255153174424844
0.672625,0.17148176524949807,0.17310951972495733
0.67275,-0.2724162593469043,-0.20143832737622874
0.672875,-0.45340014421112246,-0.2578887021198908
0.673,-0.614765339427492,-0.31178299183842145
0.673125,-0.3627323864187622,-0.1250595824310144
0.67325,-0.3657464162332532,0.09978525626797642
0.673375,-0.46489169871076524,0.11167147271811273
0.6735,-0.559647715709832,0.03013237588350229
0.673625,-0.3767449583857551,-0.14957606510586324
0.67375,-0.16475768306114177,0.059673861161156444
0.673875,-0.25240900852877296,0.07569469294320885
0.674,-0.3008934450834369,-0.11832059126669453
0.674125,-0.2547542101438526,-0.4385039286680863
0.67425,0.02504306886027163,-0.5737498524921271
0.674375,-0.23559227747311565,-0.41831719508965876
0.6745,-0.47985335683651476,-0.45903901069273023
0.674625,-0.23344123119134894,-0.4605761226154204
0.67475,-0.06727430472537715,-0.4160006442007816
0.674875,0.18829514080387955,-0.29570933990673626
0.675,0.18084694888521546,0.01529195121361192
0.675125,0.048708958042696295,0.016629793788249636
0.67525,-0.026069095942632115,-0.06493981364994467
0.675375,0.1313857686336659,-0.21875649679176062
0.6755,0.31730408565654805,-0.10141689048892227
0.675625,0.38713420997772785,-0.15027156149145315
0.67575,0.36289847850493584,-0.4535270742288112
0.675875,0.3765778209766553,-0.42059969537795194
0.676,0.5477653602827166,-0.17638633775562648
0.676125,0.7862456721922504,0.18418913203927606
0.67625,0.7617078013981444,0.24599189350101444
0.676375,0.3998054841936437,-0.030962952366061818
0.6765,0.16524351338374016,-0.10440921484924935
0.676625,0.03254778607968343,0.07751637063443344
0.67675,-0.07998107941134036,0.18363379551046005
0.676875,-0.09801200949865488,0.38126108417695426
0.677,0.383865910291922,0.366060774956349
0.677125,0.5483606988635793,0.3733173651518782
0.67725,0.4142222654736133,0.5174939420917173
0.677375,0.12479309141211899,0.6619310166426882
0.6775,-0.18571498883535453,0.672133889162827
0.677625,0.09892479948215502,0.4830478552129538
0.67775,0.15675259749786685,0.1524465560977778
0.677875,-0.1164553817955647,-0.11581674489029156
0.678,-0.3494734151620355,-0.14845458145390625
0.678125,-0.4277356586835666,-0.06453388933409916
0.67825,-0.10245615124071734,0.25342248228131103
0.678375,-0.1451057277550126,0.5088442344922472
0.6785,0.11423282294835166,0.3215355845789624
0.678625,-0.013744354490837574,0.1822679437292567
0.67875,-0.1791841548273624,-0.07968525093162018
0.678875,-0.0020798236398617822,-0.02103834536280562
0.679,0.23657605176677216,0.10227716709125864
0.679125,0.11442219283743703,-0.175803726199965
0.67925,0.08705880560351649,-0.17727444050565966
0.679375,-0.24532495642912092,-0.48916807887314956
0.6795,-0.1346790166495112,-0.1898583817137685
0.679625,-0.07900470026704345,0.014008244688458226
0.67975,0.0952632207567352,0.12940882207310447
0.679875,-0.22102266562643733,0.1647990178290825
0.68,-0.29784640710975063,-0.01642711725963819
0.680125,-0.06613033827410963,-0.10104311767078566
0.68025,0.26530375051254357,0.12369432795342064
0.680375,0.3433174366123772,0.1065502298433785
0.6805,0.21853011274962722,0.055683243181750615
0.680625,0.21309010349588925,-0.16816077856479636
0.68075,0.0830723527217378,-0.027984456682907888
0.680875,-0.05367791879776382,0.078839957215959
0.681,-0.14516636135885358,0.12386292843010431
0.681125,-0.5600506831163983,-0.11324634412571341
0.68125,-0.286873009164336,-0.3287580161936941
0.681375,-0.29622484999358756,-0.09355006242723891
0.6815,0.04188184353418666,0.1730855870096626
0.681625,-0.014108910873447223,0.28632513134373133
0.68175,0.07104011579644787,0.17238725575285452
0.681875,-0.03682657544015492,0.20394894985680362
0.682,-0.11697483341939433,0.18183306589120246
0.682125,-0.3900047542039521,-0.015621356672091054
0.68225,-0.376994526021142,-0.2220964929187528
0.682375,-0.5629373450049694,-0.4230262325824859
0.6825,-0.5588970300081922,-0.4965044430851022
0.682625,-0.1807503666562223,-0.2755007673431495
0.68275,0.07741193786095864,-0.0798261191725815
0.682875,-0.07409457387739517,-0.05380468007982997
0.683,-0.28608863786773664,0.08097545640447687
0.683125,-0.3995579344878298,0.042365670140681884
0.68325,-0.3914729065641429,-0.21470093172049082
0.683375,0.016602144607802884,-0.3703133882886577
0.6835,0.1872650795700387,-0.5071900530668073
0.683625,0.013291944805265627,-0.6104539135992033
0.68375,-0.18417076123444379,-0.286151546747935
0.683875,0.15904874541411027,-0.1989202105354736
0.684,0.2528331106603349,0.1268729949204274
0.684125,0.48948405360281555,-0.06634767284952119
0.68425,0.34495901202914836,-0.20188980156063674
0.684375,0.31839554847676776,-0.5027964448537932
0.6845,0.06854968469969128,-0.17401813373092373
0.684625,0.2050167590101236,0.13610415226580663
0.68475,0.273283946623339,0.2539743749163405
0.684875,0.27466513522442554,-0.15325053917228612
0.685,0.3131003064515004,-0.001766188545292514
0.685125,-0.02351480636020543,0.12120390348877304
0.68525,0.0695907341849806,0.22043907831259457
0.685375,0.264547973235904,0.41389183651050704
0.6855,0.18778464685310908,0.4314805000704403
0.685625,0.09082724360863392,0.3749114296799211
0.68575,-0.026471858395470768,0.13479353458287108
0.685875,-0.05088753814194218,0.1026833697676501
0.686,0.12864150573989386,0.2700335467285432
0.686125,0.3153081009631732,0.24773236435448268
0.68625,0.25798798822479796,0.1912456451180371
0.686375,0.13337562931496388,0.1844597451469902
0.6865,0.06884642360490918,0.056927662150695925
0.686625,0.03584805092679522,0.20778530493386277
0.68675,-0.10288294015754479,0.21931359243586812
0.686875,-0.16378828391227013,0.14303941148123514
0.687,-0.13191216769415648,0.03995144179580082
0.687125,0.31397159972601996,0.01582296741814418
0.68725,0.3063215827573945,-0.0001364126932269861
0.687375,0.11494184699843711,0.1442477915817026
0.6875,-0.23344175242583368,0.24973959214691094
0.687625,-0.2368884481124038,0.1713369348052451
0.68775,-0.14836708703257148,0.30265821547806687
0.687875,-0.019629684364912386,0.17468733825036944
0.688,0.011644748965401727,-0.06884753973471888
0.688125,-0.0797211295824303,-0.12028794398769946
0.68825,-0.08116073758985654,-0.07047871140680653
0.688375,0.028037510288556305,0.09923285014714875
0.6885,0.16091765951723655,0.3838649725154303
0.688625,0.0022759594618549997,0.10436068814148722
0.68875,-0.09150290983222262,-0.3110551845725201
0.688875,-0.055032153770700545,-0.5406613686569949
0.689,0.08096690593911515,-0.22260908811424374
0.689125,0.1770367358655335,0.015551526985640505
0.68925,0.2603332985067803,0.006259785072317147
0.689375,0.15930333154930548,-0.10005079494756287
0.6895,0.17767725973792375,-0.018067174716461198
0.689625,-0.21899808643659976,0.04803279584697781
0.68975,-0.17696944550715119,0.2180250124775218
0.689875,-0.3481541795756221,0.04470138882350707
0.69,-0.3949615036443735,-0.12444157290702594
0.690125,-0.22282636148086957,-0.23709155729573292
0.69025,-0.29901113687702846,0.10547362918917938
0.690375,-0.3661298752647957,0.19547313628315888
0.6905,-0.2174646611350121,0.18286390188468235
0.690625,-0.32841423106697437,0.04796463417077816
0.69075,-0.6448328213855843,-0.0718806512905563
0.690875,-0.8655059317377095,-0.05425515818848638
0.691,-0.6844534032673549,-0.24379268182863034
0.691125,-0.33912619201097377,-0.2228033641425087
0.69125,0.3257053115832091,-0.3903788623632653
0.691375,0.4904042782048459,-0.2589495114228383
0.6915,0.19685025576133489,-0.2072548651121496
0.691625,-0.006108027324434611,-0.351445797317262
0.69175,0.021267107088066426,-0.29027072384291486
0.691875,0.11164828300562814,-0.5002803040684131
0.692,0.3967416382743977,-0.5659737035598658
0.692125,0.2970857610615368,-0.8165393408469981
0.69225,0.3166850816066417,-0.7058004014562583
0.692375,0.39221679835579887,-0.4640143609767669
0.6925,0.32247793988089457,0.14045858053305246
0.692625,0.19824698678575547,0.4234796450341065
0.69275,0.19376642904639588,0.1826354813779174
0.692875,0.23026943400708005,0.07466679219722691
0.693,0.19679862503225232,-0.010920008698403608
0.693125,-0.004442542039476137,0.07063189640945597
0.69325,0.13558640124620172,0.2054918078495945
0.693375,0.4860633883133089,0.24675429725724876
0.6935,0.42960982883528304,0.3617205513316737
0.693625,0.246782714110783,0.31514397525252213
0.69375,-0.050517181565179516,0.3614466190381929
0.693875,-0.26081594321264706,0.2984128346445973
0.694,-0.10720803333451548,0.1718758212241272
0.694125,0.16750636401773314,0.1367708733613569
0.69425,0.19368509615551954,0.09679605059239438
0.694375,0.13150665592606997,0.006812238470334812
0.6945,-0.02611897948141781,0.03417062267425397
0.694625,0.09215490263000332,0.2766724259198364
0.69475,0.03066104004003683,0.3634491185222136
0.694875,0.06755541659521126,0.13053090816371862
0.695,0.1618620348870806,-0.024790483238309166
0.695125,-0.06378667023144707,-0.20009017104136848
0.69525,-0.038189275520769804,-0.07043182663597863
0.695375,-0.12478262290697234,0.21914934715683704
0.6955,-0.19614292327526872,0.1454804800385667
0.695625,0.08883118019045143,0.04674240118623584
0.69575,0.2525158862370064,0.007317542154039888
0.695875,0.37097480035596897,0.1511835839230876
0.696,0.08712040274330056,0.016182079824162098
0.696125,-0.00988739505072922,0.03866603780583297
0.69625,0.27961945126902205,0.10148321243632744
0.696375,0.2831826563726805,0.02593854404688701
0.6965,0.045017093694220404,0.0561850059724652
0.696625,0.10628506975246253,-0.045408430152800404
0.69675,-0.09484924730934566,0.00859994819987156
0.696875,-0.10510491704567111,0.1905122499362194
0.697,-0.21562774730551612,0.30694818854106437
0.697125,-0.25194942675798965,0.30180719997931155
0.69725,-0.04932606075105925,0.051793505963349015
0.697375,-0.03003964789082485,0.0933265384734598
0.6975,-0.0024946077696067345,0.10377780572166914
0.697625,0.05438810624784434,0.32340725704430284
0.69775,-0.016926303645665917,0.16142298350860274
0.697875,-0.049221551292900595,-0.036986664007108754
0.698,-0.3791289027264343,-0.01705723452725239
0.698125,-0.3972495388924952,-0.14140822015791404
0.69825,-0.6874710773356002,-0.0995924691697372
0.698375,-0.7649312225508279,-0.05858952881867043
0.6985,-0.8084224672400085,-0.10150056646365548
0.698625,-0.3824090999699394,0.022313452866524603
0.69875,-0.26231552303566347,0.0636481586019385
0.698875,-0.23920895841339154,-0.053516238589586096
0.699,-0.15477560544999228,0.011424645708743398
0.699125,-0.07920239051064709,-0.0802632779511535
0.69925,0.004908575335195296,-0.30919776688503287
0.699375,0.08173770543825458,-0.5779230051063851
0.6995,0.04588540164991827,-0.5805052247366366
0.699625,-0.13877280581664236,-0.5837447217643559
0.69975,-0.15857525892904845,-0.6752499001467779
0.699875,0.2619793929524294,-0.42909614328255546
0.7,0.2933330323869125,-0.2615069197818997
0.700125,0.3658567743957802,-0.0944583326962571
0.70025,0.1826970136760724,-0.1991997986298401
0.700375,0.2527426228514852,-0.09761670631405688
0.7005,0.22829453758256085,0.12466999563787952
0.700625,0.37464529055704293,0.0645802832248489
0.70075,0.3512144525754048,0.05526716358835887
0.700875,0.05861523154498041,-0.16364255867294164
0.701,-0.15428448916956333,-0.2193184988351981
0.701125,-0.0816293635670521,-0.002396298724025826
0.70125,-0.19492761884214246,0.2419618606481234
0.701375,0.06793173629785429,0.3620277902318732
0.7015,0.25880534089269835,0.2033905205506273
0.701625,0.5228954195914391,0.26953218023111225
0.70175,0.4404788832263907,0.16305866333993022
0.701875,0.21421639309721496,0.36487701629515296
0.702,0.10573762444527476,0.2708893113871361
0.702125,0.09783103379156086,0.06907422616000163
0.70225,0.09073649662554309,-0.06674050474826959
0.702375,0.07559170724177704,-0.06932234191175586
0.7025,-0.15484477961870977,-0.10532533944165612
0.702625,-0.13354574992600574,-0.0013909240075041685
0.70275,-0.05922695541249058,0.1547671176971914
0.702875,-0.089022260914378,0.27152460681943835
0.703,0.01615739317024321,0.3383691992611162
0.703125,-0.0032679545485534453,0.27805156849536866
0.70325,-0.08806363776281287,0.0629747515296761
0.703375,0.16260593079865057,-0.0686362374391155
0.7035,0.4380609056608472,0.05663404892268301
0.703625,0.34383031048851453,-0.030236406259423688
0.70375,0.25937131511339023,-0.06797065114614502
0.703875,0.06545655315238222,-0.12181256025630666
0.704,0.21240611074843704,-0.11303260119786498
0.704125,0.3628963977014895,0.17244402107252157
0.70425,0.335919629723935,0.09377988668612801
0.704375,0.2927851606877967,-0.04527393443534338
0.7045,0.02023437822644854,-0.16430466152162643
0.704625,-0.002802457466774848,0.1725936172766515
0.70475,-0.39928350817775954,0.33312499835055875
0.704875,-0.10988967123477661,0.3483852263208912
0.705,-0.11122869650501305,0.29622026731895895
0.705125,-0.2025791272199895,0.039035766250681635
0.70525,-0.1374189817832665,0.2192489023072971
0.705375,0.33962391183221524,0.34660251401351944
0.7055,0.11545830725996128,0.332095946002878
0.705625,-0.07198686292658914,0.13129871017397635
0.70575,-0.38086632260716696,0.05001326168905258
0.705875,-0.3731906860157484,-0.04394532241642974
0.706,-0.5453181691191971,-0.17098008120618688
0.706125,-0.20219257972420707,-0.21399350668710385
0.70625,-0.07360603095173869,-0.26670372385059443
0.706375,-0.0947571968470727,-0.1185570120881139
0.7065,-0.18604467998810487,0.01816634489068165
0.706625,-0.6042959424569451,0.1578168018609435
0.70675,-0.7619366146974951,0.07176373647415604
0.706875,-0.5973689087011372,-0.09369753569538077
0.707,-0.3540608181699948,-0.31185037476740607
0.707125,-0.036251105117703894,-0.4446965591916878
0.70725,0.13952945140854484,-0.4431065621904656
0.707375,0.05481178780923835,-0.18909794451612724
0.7075,-0.2712306601304183,-0.03532879317933632
0.707625,-0.4529005513504022,-0.09127962285293188
0.70775,0.05495519970246105,-0.3902922010127731
0.707875,0.24139944959126472,-0.46705682637011625
0.708,0.4730977780128255,-0.8485276685263157
0.708125,0.0606274912865414,-0.5596505166678404
0.70825,-0.09476771523760381,-0.3924508018300463
0.708375,-0.21027016809451726,0.022715310162002234
0.7085,-0.1035571979286415,0.24885999473745288
0.708625,-0.04553622940910539,0.06361332665721965
0.70875,0.14690934286599283,-0.1883835563422264
0.708875,0.04480474969861328,-0.20409100956307621
0.709,0.18799381242183108,-0.14915832911205454
0.709125,0.28972384236933546,0.15245631585420716
0.70925,0.4998843395863555,0.155318152254535
0.709375,0.29036669243689334,-0.03984405968657219
0.7095,0.14506551994496947,-0.3899038003910041
0.709625,0.19086127744107095,-0.22610954903842254
0.70975,0.43629497682505364,-0.11047907050034177
0.709875,0.6115220326922814,0.0878948633903997
0.71,0.36656243309249814,0.18410727996000553
0.710125,0.10734077114673135,0.006972080749861179
0.71025,-0.09456448698709816,0.18063143853738575
0.710375,-0.029038649670342264,0.2308667268847399
0.7105,-0.012733786238571318,0.4073421000492145
0.710625,0.10570802492440087,0.3413248545318137
0.71075,0.039038463615213785,0.22153735758256698
0.710875,0.13112429216997085,0.15602939014620668
0.711,0.09547412047531123,0.3159663836287042
0.711125,0.02589200095737383,0.43276264939790204
0.71125,-0.116520273325765,0.311608514260979
0.711375,-0.015493758813617203,0.11713841861014683
0.7115,0.08498816751878358,-0.11899813346653744
0.711625,0.29336116185561084,-0.023851206204411987
0.71175,0.3935977760703375,-0.04178913658965825
0.711875,-0.01156353143875449,0.051041594048711725
0.712,-0.1064772535466821,0.11356448269338773
0.712125,-0.2802210073350615,0.15985131819228635
0.71225,0.1940392251208246,0.1444625651324089
0.712375,0.4221554028865949,-0.06280305662757495
0.7125,0.31098140857504186,-0.1534753717490374
0.712625,0.3900691908466428,-0.07965764695341902
0.71275,-0.038735448556959484,0.19640897831673457
0.712875,-0.2769571870717774,0.3343233869453472
0.713,-0.37716691169791955,0.18549906713987704
0.713125,-0.26852069511772886,-0.05439219016549014
0.71325,-0.1414382981508541,-0.3076144174272109
0.713375,0.10898002513782176,-0.1714122250418801
0.7135,-0.09590926740542567,0.043904232222981704
0.713625,-0.23444483279045875,0.24273535512440295
0.71375,-0.2769284795840133,0.40924800818561463
0.713875,-0.1356952391139011,0.15315520269354954
0.714,-0.055971639812149775,0.042246104538311235
0.714125,-0.02416228841230553,-0.15007819411682638
0.71425,-0.21889102676829636,-0.33913612714566715
0.714375,-0.03335522612582408,-0.24487806502656148
0.7145,-0.1775294086843296,0.03166868226370555
0.714625,-0.2639885932984209,0.11595410763754653
0.71475,-0.3247050285550446,0.025408042177599295
0.714875,-0.13832629866933763,-0.1327843437374708
0.715,0.06200213447742613,-0.1041305844110725
0.715125,-0.07890166538514978,-0.12332597508591973
0.71525,-0.3918855438271152,-0.08842420947321786
0.715375,-0.36587519513216216,-0.1515444723671265
0.7155,-0.5777840259458523,-0.08609750833365455
0.715625,-0.433971793542408,-0.08716585640202092
0.71575,-0.28923179803806015,-0.35862972005755667
0.715875,-0.020450049940071383,-0.2068464695237676
0.716,-0.02115336301703342,-0.2055407704057826
0.716125,-0.1643805816865728,-0.15280156484452467
0.71625,-0.32848871430521887,-0.03851804663451485
0.716375,-0.028915034135367508,-0.09356307288981229
0.7165,-0.05774667235649893,-0.2778653031330099
0.716625,-0.10520149842528971,-0.3705937734029475
0.71675,0.009559919714863419,-0.5271055696743737
0.716875,-0.004693352899467471,-0.5454624487508587
0.717,0.12221549218614236,-0.11998301329071079
0.717125,0.061200956561053725,-0.17593445124996254
0.71725,0.359560524858376,0.10874561238442876
0.717375,0.7018041834704963,-0.18703656164997726
0.7175,0.9647009164459539,-0.2696740172655079
0.717625,0.6295380087292295,-0.0658748956841537
0.71775,0.2809629144182631,-0.11013796408752356
0.717875,-0.12450391584678673,-0.09061840751572048
0.718,-0.13935894520321684,-0.0443328552177878
0.718125,-0.07362829458249943,0.0259387492827762
0.71825,0.18307112975865977,0.12074261891271895
0.718375,0.16676179350952672,0.14301814321404085
0.7185,0.260302551088326,0.44234392186481114
0.718625,0.29869374970665524,0.4128283432002448
0.71875,0.12157526028071083,0.8088667185773911
0.718875,0.1697924046056742,0.46039583828325864
0.719,0.15464153531987354,0.12480903891259931
0.719125,-0.1241230032110808,-0.12322760686307911
0.71925,0.1414553705374762,0.052930954555063504
0.719375,0.15486863136921467,0.07328707774934502
0.7195,0.3229036399647983,-0.043943773959885614
0.719625,0.06608361276736939,0.2320294427850799
0.71975,0.0265391209203071,-0.005635668593503014
0.719875,0.022807369426909828,0.05466453551975997
0.72,-0.09108577396600309,0.21507975547950792
0.720125,-0.13738959879695584,0.14477756942070194
0.72025,-0.22464640143277678,0.1438693861690499
0.720375,-0.14213727078886496,0.005155343428905849
0.7205,0.47590988878412227,0.007952010524309055
0.720625,0.7257229612848323,0.04122737582673292
0.72075,0.364495091812904,0.1719710692719826
0.720875,-0.07636274756839707,0.15339617477675743
0.721,-0.3203645841230571,-0.06312276683722293
0.721125,-0.33090804963131126,-0.04082848638555846
0.72125,-0.19341648974939618,-0.12484199994505026
0.721375,-0.2940350720711882,-0.05644844640006424
0.7215,-0.22009978072673148,-0.24946476419519206
0.721625,-0.3610835496239055,-0.07236672150427993
0.72175,-0.12457870015173989,0.39703355023643216
0.721875,-0.13264832657785378,0.5857911956319041
0.722,-0.025566770189588407,0.3852818198615112
0.722125,0.26284842436802264,-0.06057699374949175
0.72225,0.057990748703296076,-0.1738232207190372
0.722375,-0.31327770148236883,-0.17665271397085533
0.7225,-0.32227332398378294,-0.28819959724529437
0.722625,-0.08119017653863203,-0.07982255060069796
0.72275,0.2633725942617271,-0.21169526647782327
0.722875,-0.015623127134863527,-0.3287686803883121
0.723,-0.0863304503985552,-0.1183562490405519
0.723125,-0.2798465607160808,-0.08170067957883845
0.72325,0.04447205835551555,0.08145795701510053
0.723375,0.303042348299009,0.2761327707629614
0.7235,0.09141167117992535,0.15080137121888865
0.723625,0.02559676103938786,-0.25372697983040715
0.72375,-0.4464021672708512,-0.35694017524096744
0.723875,-0.39363469004980073,-0.045849139628753706
0.724,-0.6515804682446756,0.12394038365482295
0.724125,-0.864690007913249,-0.10418236260892287
0.72425,-0.4790327200613662,-0.1994210078071936
0.724375,-0.22804462782064974,-0.25020204088095427
0.7245,0.07404847498706447,-0.026036875607163543
0.724625,0.007456216096842036,0.17538081841003733
0.72475,-0.10113199601509329,0.17433511503623828
0.724875,-0.009988969643408556,-0.1292083264207671
0.725,-0.077998820751639,-0.22674055230315987
0.725125,-0.37850063476151463,-0.39097402312794927
0.72525,-0.32860148770202646,-0.5565812068307566
0.725375,-0.053775836218494404,-0.7713222180296665
0.7255,-0.09200188163647008,-0.39986507614471234
0.725625,0.07258964133461668,-0.20958615667036132
0.72575,0.3435496531255933,0.34709501228135986
0.725875,0.5895965603530909,0.05465719484549173
0.726,0.6171706106359109,-0.10830196183982761
0.726125,0.6955693442948087,-0.13957473586182956
0.72625,0.3959479118929018,-0.14061759789082692
0.726375,-0.008066316873851174,-0.007526529231695712
0.7265,0.08674010431074766,-0.121078848992925
0.726625,0.22692135649147843,-0.2392909046298751
0.72675,0.23035807832652413,-0.07800402770412061
0.726875,0.2648875441045236,0.24335399811767638
0.727,-0.004311939373272418,0.3352372436294716
0.727125,0.17387290566927927,0.5862926249249456
0.72725,0.020542780234063637,0.610687673940517
0.727375,0.07669173901664865,0.5864273761072659
0.7275,-0.16220249238851062,0.4816042796458307
0.727625,0.0911472200329109,0.08185604446865355
0.72775,0.1222507289646645,-0.030629587471736476
0.727875,0.22500416113012647,0.1639885624858686
0.728,0.29669597145822707,0.2181182779652326
0.728125,0.1233397078502719,0.19013124982726964
0.72825,0.20435064041090475,0.08769882315397154
0.728375,0.06259361782380075,-0.00492960993199772
0.7285,0.21750763560053554,0.013565295452722666
0.728625,0.282222236908355,-0.13454080723302725
0.72875,0.37660878339502923,-0.10382691896744879
0.728875,0.35764941865115385,-0.020359373253365547
0.729,0.26709293254111366,0.02306325688599703
0.729125,-0.11136172775186104,0.1166449328325923
0.72925,-0.32425170238661716,0.15982070481231733
0.729375,-0.3280701416142924,0.15883680965254132
0.7295,-0.3600252230304522,0.09918931849621694
0.729625,-0.29397475992662075,0.033775287788716656
0.72975,-0.3431760667359867,0.11280016494172783
0.729875,-0.39387314698267295,0.09498240185535575
0.73,-0.09681704661491229,0.13996352378033322
0.730125,0.03572873740372378,0.325034793076923
0.73025,0.09603639458778107,0.2817926972542938
0.730375,-0.11434860708434846,-0.042184382789463765
0.7305,-0.12404266485018015,-0.283251876968399
0.730625,-0.10554474505956535,-0.3834434553521515
0.73075,-0.034462182067366655,-0.25552288605756024
0.730875,0.09505181082246149,-0.26576291740991476
0.731,0.2001520633371218,-0.3507305140656815
0.731125,0.024131787069304456,-0.18642686465549746
0.73125,-0.28810077420608465,-0.18030851911697054
0.731375,-0.32729110547451273,-0.14838420336819289
0.7315,-0.3720735177239345,-0.045943600093580346
0.731625,-0.23259070250482536,-0.08901686126582653
0.73175,-0.08608585191987371,0.014856371975854684
0.731875,-0.36808752236727954,-0.04844241486002953
0.732,-0.30491410963539195,0.055502170637244684
0.732125,-0.17365224696798398,0.023875489681015282
0.73225,-0.39916537090583243,0.15124282265731726
0.732375,-0.4599170875776788,0.008874106539801252
0.7325,-0.27762837904711213,-0.1115788881986055
0.732625,-0.22988179413379572,-0.2880339672706774
0.73275,0.0038840253862612983,-0.2727572585119883
0.732875,-0.23565029456857936,-0.20864470430094564
0.733,-0.3327925051571489,-0.15005706187822307
0.733125,-0.4066889599151112,-0.18685084642853594
0.73325,-0.04540702246061178,-0.20886535642044365
0.733375,0.23747311432164855,-0.3899942384951226
0.7335,0.14384589031472608,-0.22062336030123417
0.733625,-0.0031647621431603,-0.39136008628193036
0.73375,0.06450584926796683,-0.23153981092124215
0.733875,0.27994916651936363,-0.20626661087463674
0.734,0.44171747315571236,-0.15747869654346539
0.734125,0.5173226461308217,-0.22259950022035166
0.73425,0.5334953991929874,-0.30909592080234033
0.734375,0.22346715250225507,-0.3417841640296293
0.7345,-0.08812021314547487,-0.1851261615453661
0.734625,-0.08361061898416898,0.15557837242720246
0.73475,0.11345912353538835,-0.010320912070791529
0.734875,0.4699829901401611,0.03880729543110302
0.735,0.39903917142040657,0.03408256692502706
0.735125,0.47434406606539564,0.09151626441634589
0.73525,0.24683236235159456,0.40431872536980723
0.735375,0.11179026833605092,0.6713250828679195
0.7355,-0.12818651065676237,0.42448759225984334
0.735625,-0.03684751721387728,0.25155267836328143
0.73575,-0.03530667652613039,0.05270613141791014
0.735875,-0.053392717362384184,0.04179421562218809
0.736,-0.33225099816694664,0.03864357319355766
0.736125,-0.3918100099886283,0.1784459002598647
0.73625,-0.1887295488052217,0.25970400426690327
0.736375,0.11688679285340764,0.31294528703459695
0.7365,0.36236090015498135,0.2741538358851138
0.736625,0.6043967431277611,0.22556554822508926
0.73675,0.6659438249667312,-0.03576713674100661
0.736875,0.5381994365664633,-0.11214813532253476
0.737,0.504611550109989,0.13215946933730274
0.737125,0.1892324173021317,0.06243102979897674
0.73725,0.1557382218877609,-0.08442896188739556
0.737375,0.0269519242906329,-0.19784948883990644
0.7375,-0.28021625420680085,-0.2544211544956309
0.737625,-0.3699477398732398,0.07205117500205391
0.73775,-0.013732397359903397,0.36702439242407453
0.737875,-0.040532008555163215,0.5551900752727673
0.738,0.0226751748418734,0.5232194294479329
0.738125,0.17319776086646727,0.505814518815438
0.73825,0.09513481713190351,0.2509705811489973
0.738375,0.008534150743869165,0.10765136914774644
0.7385,-0.24460885206863112,0.1277932897180089
0.738625,-0.4394892674100013,-0.054849610366925844
0.73875,-0.5824034411201658,-0.2608320141387562
0.738875,-0.427035803775569,-0.1325806978632682
0.739,-0.09472913169885168,-0.07348023128668663
0.739125,-0.13595423234264611,-0.059007388127347106
0.73925,-0.414370197443472,0.10127681773549205
0.739375,-0.3783692483472788,0.11946910725665624
0.7395,-0.23691551993818,0.09333634189175001
0.739625,0.2178763964679289,0.12473593837700972
0.73975,0.06019570932406946,-0.13290594496234343
0.739875,-0.2820667957852254,-0.32655910297511
0.74,-0.4903710246191948,-0.40029395256424427
0.740125,-0.3933457229098681,-0.233474390032033
0.74025,-0.3412130084404175,-0.20823180681548398
0.740375,-0.015992026482061918,-0.2745665976915505
0.7405,-0.33555014120801036,-0.2635694834239248
0.740625,-0.5600326275531036,-0.2937933501781634
0.74075,-0.2560857477744279,-0.17556225554272972
0.740875,-0.08311320502895657,0.3686849842103572
0.741,0.08438899743768902,0.11226768772365422
0.741125,-0.13729626088474978,-0.22648080577711988
0.74125,-0.1443099731642165,-0.47070937876322966
0.741375,-0.16959477939286832,-0.38386337646278335
0.7415,-0.13893484140986095,-0.27843135662919705
0.741625,0.11158556935286343,-0.15879519765049066
0.74175,0.2000914931716296,-0.1572273071978792
0.741875,0.13351355532860434,-0.2491320821397608
0.742,0.06763985211604566,-0.2075466702781495
0.742125,0.37229839400436343,-0.0500202701320276
0.74225,0.4380140246809362,-0.14531888679291932
0.742375,0.33733296167921106,-0.1976597927347001
0.7425,0.26327744616307025,-0.13489260439246648
0.742625,0.32411373805123506,-0.1594809894529594
0.74275,0.3130381925152049,0.12225674558051011
0.742875,0.4265954835141923,0.2456826021805985
0.743,0.10719558699253524,0.10905046088815407
0.743125,0.10337016078011965,0.20073593497493517
0.74325,0.0862308398202057,0.13562247796979332
0.743375,0.3633787359258857,0.08374689434056116
0.7435,0.3108426909490599,0.3454410606168451
0.743625,0.08072422731429887,0.2421006685798315
0.74375,-0.08165879191376751,0.26265509140114834
0.743875,0.09565561862596529,0.24255620903060585
0.744,0.2508659425504685,0.4039006316715936
0.744125,0.11940405829344032,0.3640092839124219
0.74425,-0.1855334987431906,0.145960995141355
0.744375,-0.37365451184455745,-0.10888636825943904
0.7445,-0.16719913378477128,0.06693675489787812
0.744625,0.17877696422936032,0.37983777540234615
0.74475,0.16019450529325863,0.2397666454541402
0.744875,0.14034550452632655,0.09958645911311943
0.745,0.12245203371932534,0.05278944183135393
0.745125,0.3122490910226481,0.24222223205059082
0.74525,0.19949885012543414,0.21451208180970385
0.745375,-0.13351029822821578,0.02845354634878018
0.7455,-0.18248716275968344,-0.13649821835101533
0.745625,-0.0276358934773536,-0.31433726128782846
0.74575,0.17653067898702762,-0.091195457142035
0.745875,0.06635774531943711,0.21279656495801602
0.746,-0.17269619856299548,0.1275679844360655
0.746125,-0.1683054083337774,0.02024342734471035
0.74625,-0.009009135956021007,0.13989678327543686
0.746375,0.2130207734425953,-0.05537543960735351
0.7465,0.18883297389744244,-0.05201189523941713
0.746625,0.01528221595359043,-0.1365003240145683
0.74675,0.03636169647952619,-0.18175503057549158
0.746875,0.04601259216993449,-0.031085925145255492
0.747,0.05096836737167604,0.14564984081742896
0.747125,-0.012701546640062837,0.01005096399179083
0.74725,-0.22269346808195095,-0.28605218761138745
0.747375,-0.3386843994441538,-0.23750225314083157
0.7475,-0.14517813288145598,-0.09614984252335809
0.747625,-0.20497001468386777,0.12056996351966091
0.74775,0.000860996112743838,0.2382342608716619
0.747875,-0.3043428818816167,-0.08758462970487407
0.748,-0.22876840661717665,-0.1452564573077475
0.748125,-0.04111152105305558,-0.023555342074718703
0.74825,0.17951309535065565,0.06414721415381273
0.748375,-0.03729928312884578,-0.04147299658466129
0.7485,-0.18211191511630018,-0.274090331821077
0.748625,-0.2189637170480452,-0.24478610052140345
0.74875,-0.10505773769360152,-0.06473642673686758
0.748875,-0.09473188512146985,-0.003928858162487254
0.749,-0.19242661544627757,-0.07312917952604285
0.749125,-0.41828639835700204,-0.15607630804632752
0.74925,-0.5848733027293648,-0.30309294758805083
0.749375,-0.16609320675857742,-0.038811665159275054
0.7495,-0.14930843942686106,0.11999151153622924
0.749625,-0.31089882923024126,0.00026050935866001415
0.74975,-0.261681608207698,-0.12783169787679594
0.749875,-0.11147012686035901,0.015629239664183992
0.75,0.18828711556509786,-0.03715811475061821
0.750125,-0.020021565177623612,-0.08646574260396955
0.75025,0.02599444655332822,-0.21848533358047342
0.750375,-0.36734495656298854,-0.4111630882363325
0.7505,-0.35581938790483536,-0.35248248444467095
0.750625,0.1032689398372938,-0.3900613333476762
0.75075,0.43163576029809403,-0.08561835265769897
0.750875,0.5162292697359868,-0.1526411931919065
0.751,0.5176620132388479,-0.26623289170662734
0.751125,0.29020579163816873,-0.19201100307947838
0.75125,0.23577141771537719,0.02380455963035927
0.751375,0.06763846474810728,0.29820943506176956
0.7515,0.07209983235586735,-0.23031968327835423
0.751625,0.1471941535144544,-0.3302681957725202
0.75175,0.4696099243416668,-0.13501596364202126
0.751875,0.4557908632266676,0.25144985052369906
0.752,0.45826288452089764,0.38876782610310573
0.752125,0.29763205585763597,0.6207900134315358
0.75225,0.14910381981115234,0.6086567130064621
0.752375,0.17701836423789405,0.2609496676550323
0.7525,-0.08061869292866687,0.1142823301785001
0.752625,-0.19338453731621774,0.07349554915684764
0.75275,-0.27777401464185064,0.017413907967009052
0.752875,-0.0748391797513332,0.23245120427900218
0.753,0.3188935353045145,0.45979195569875164
0.753125,0.6469377408598027,0.5492841980475454
0.75325,0.5841661387808152,0.39887318691381296
0.753375,0.34679831574699305,0.11301483645849494
0.7535,0.06901028559980643,0.14812930791427886
0.753625,-0.005059827136245037,0.17644956494008324
0.75375,-0.2657413003613094,0.059959195067573044
0.753875,-0.04806478313808311,-0.20362076961236744
0.754,-0.00416550172558334,-0.30144326897014434
0.754125,0.06883289676650736,0.011760763751442777
0.75425,0.13612656071334261,0.30710113131351713
0.754375,0.08496378849582631,0.5943499966557947
0.7545,0.048430819448223646,0.4691143936241303
0.754625,0.21276250972824856,0.16868167232092998
0.75475,0.008278986918551851,0.041050272877121305
0.754875,-0.33030344635881537,-0.118922791280799
0.755,-0.2568091369938666,-0.25417420985171696
0.755125,-0.018893726938741393,-0.20619907995907677
0.75525,-0.15401257702832544,0.02003018773497816
0.755375,-0.061277913906318676,-0.021728910175637512
0.7555,-0.406338324599088,0.0352133001367214
0.755625,-0.5441598382130114,-0.006435608719257632
0.75575,-0.3237056220445453,0.18968164277356211
0.755875,0.014080788670928705,0.054172979775320915
0.756,-0.025185091776923466,-0.06561531994193516
0.756125,-0.2644903427003782,-0.2852957242261615
0.75625,-0.3790608023273387,-0.25114072394209297
0.756375,0.009527748911706744,-0.14480838960656475
0.7565,0.24783024258752673,0.04913720282670138
0.756625,0.17902143357919903,-0.18780759173492323
0.75675,-0.13166839857352822,-0.3759312645331436
0.756875,-0.5564174628750408,-0.4501809161086639
0.757,-0.6913811533157709,-0.14962316735983255
0.757125,-0.5051407619663192,0.08173760767200544
0.75725,-0.34641628874969255,-0.0029339766358348345
0.757375,0.01020610644320116,-0.304995221552444
0.7575,-0.050191041966444264,-0.23494310146404018
0.757625,-0.2827408686814919,-0.06086398455794374
0.75775,-0.2671050660564321,0.11402495376128087
0.757875,-0.13798016547884834,0.22106346374963787
0.758,0.034683314216630026,-0.2801953854185807
0.758125,0.049356376195325416,-0.5736241500036483
0.75825,0.13571106502821545,-0.6728859239062112
0.758375,-0.021256672079068416,-0.7202795657457345
0.7585,0.17082935737797905,-0.32753440644165466
0.758625,0.2639673535850456,0.03149336887144451
0.75875,0.21352132609582877,-0.09907918812621314
0.758875,0.12109960551280659,-0.2822659043847531
0.759,0.023185767920252117,-0.3030924123046171
0.759125,0.34142972856356285,-0.09222588716463466
0.75925,0.43888884014492163,0.08018823598339885
0.759375,0.5116847389904916,0.13336534888032742
0.7595,0.35744034587924,0.1878630399782463
0.759625,0.36033398458169175,0.14787259274873837
0.75975,0.4582464425968999,0.10374517686011063
0.759875,0.48323825955404404,0.2076928360224676
0.76,0.3655994892161637,0.2755749385156635
0.760125,0.08572335499444997,-0.018058275637755566
0.76025,0.05983474520454032,0.029727076657360848
0.760375,0.07819481183340919,0.2071277651292657
0.7605,-0.09925318191788014,0.27879019841150476
0.760625,-0.0771134487844524,0.513991206494524
0.76075,-0.06330242759430076,0.49043271369090496
0.760875,-0.08554289664147582,0.45096301740839834
0.761,-0.10546437471347649,0.35695849834127213
0.761125,-0.22561271303775068,0.41120134203931635
0.76125,-0.13293054202679846,0.17259078508793463
0.761375,0.36586020725913704,0.1309618414840365
0.7615,0.5171194537564962,0.010185556804750853
0.761625,0.7240462685912809,-0.04197021559707776
0.76175,0.37077039926381977,-0.06505809826236032
0.761875,0.045413815915922515,-0.09381211127183103
0.762,-0.053190133095803296,-0.04245738625800618
0.762125,0.17116431003656774,-0.0741425990454995
0.76225,0.2739868274832908,-0.0947443597250593
0.762375,0.3114585801552709,-0.25441331060865136
0.7625,0.19639701147034858,-0.21825372278412652
0.762625,-0.06499198764488015,0.23666895072147376
0.76275,-0.13395464903448334,0.4202247014340035
0.762875,-0.17626694781658817,0.489584059427814
0.763,-0.1249406945037766,0.21944183200919418
0.763125,-0.2525979194759521,0.0350548949737873
0.76325,-0.47892619741620274,-0.17433783403809072
0.763375,-0.5896449940955654,0.09776177714787565
0.7635,-0.06146734219929586,0.2556410884194511
0.763625,0.25954940887822725,0.2556582619623884
0.76375,0.2394344764326153,0.02107832822215178
0.763875,0.10646739485605347,0.059646339171457584
0.764,-0.16037133341395432,-0.1655220815081393
0.764125,0.1388997932936818,-0.04922372305817582
0.76425,0.16288755931673307,-0.1837159826097893
0.764375,0.10007088943528997,-0.29155150351704795
0.7645,-0.13694178589075626,-0.37590283204479263
0.764625,-0.32234253754173725,-0.28057376646613796
0.76475,-0.19447952762938267,-0.01845546753147861
0.764875,-0.2565457740365709,0.149944597502534
0.765,-0.5059389126476022,0.23424972254267362
0.765125,-0.44368152282173823,0.11693235596531301
0.76525,-0.4777227476044,0.033184981237612876
0.765375,-0.3124244329758136,0.0605560926454305
0.7655,-0.1780000686653769,0.2047228792494784
0.765625,-0.27751813811724135,-0.040351436037881626
0.76575,-0.29746635101246394,-0.08600492405429654
0.765875,-0.2032164308536907,-0.20666478618744774
0.766,-0.04382076848433841,-0.1617481406733311
0.766125,-0.039241824650783054,-0.2322639443036422
0.76625,-0.02130425977010418,-0.24664072812438848
0.766375,-0.2871708940628828,-0.2948251163455506
0.7665,-0.16524263245550944,-0.3189421979042998
0.766625,-0.015644789601216007,-0.24433025149661652
0.76675,0.04032668740749442,-0.28910089062494815
0.766875,0.15631237064496772,-0.20515826623106537
0.767,0.12791763646642504,-0.2685526315217974
0.767125,0.3329467456079854,-0.2486358168899485
0.76725,0.22051664255776193,-0.0008433893633752917
0.767375,0.31457698841723736,0.059126296719468126
0.7675,0.4749611172713388,-0.0804090035509432
0.767625,0.3425338067475778,-0.24052702001343013
0.76775,0.3960087333328759,-0.1321165370210525
0.767875,0.036064202477194815,0.05872670304282263
0.768,-0.09044343921848946,0.006254076386174956
0.768125,0.2596308999105175,0.20711828287724468
0.76825,0.34152690700785693,0.04670810276366327
0.768375,0.4397791007756567,0.1086982456116852
0.7685,0.17828140362152803,0.238111741304383
0.768625,0.11369564439794183,0.29482574475282153
0.76875,0.20972235901401368,0.242145717258848
0.768875,0.2873723497726103,0.2706768456067237
0.769,0.0869086172152793,0.35065262658537794
0.769125,-0.108343544596425,-0.03236506338825847
0.76925,-0.31829451759397553,0.12484160861027649
0.769375,-0.015281754063986892,0.15764650255465887
0.7695,0.19587801384474599,0.2684965393535248
0.769625,0.1646446361963723,0.4354327319336087
0.76975,0.10180474075553575,0.13859971089434547
0.769875,-0.03705549195550797,0.14189116022394568
0.77,0.13144797619796203,0.17853047340112804
0.770125,0.13203550016900348,0.241144241540667
0.77025,0.15560103091695623,0.11427761304437611
0.770375,-0.02141406103606206,-0.03538024177898578
0.7705,0.14171901556054428,-0.17056618125006928
0.770625,0.06428482861848467,0.09156648971751763
0.77075,0.12129195406676378,0.28985374984152773
0.770875,0.1451374058846754,0.15397588404168855
0.771,0.12385303352020563,-0.0038972997318408266
0.771125,0.16454296203621827,-0.039159191486377434
0.77125,0.049430935221071406,0.1938331702628269
0.771375,-0.13814786600872875,0.19423170548999055
0.7715,-0.46956825709853134,0.22519831905972243
0.771625,-0.1237684664226238,-0.003846730458613909
0.77175,0.010102498416554435,-0.004559056845857333
0.771875,0.017622517613055118,0.015952769233934162
0.772,0.021356262065662136,0.07965973580524446
0.772125,-0.25230661773622953,0.11010793297255697
0.77225,-0.2007484278760734,-0.0021350033267261218
0.772375,-0.17605800987702314,0.11090570329710657
0.7725,-0.04828564380632647,0.12314365047380964
0.772625,-0.013741019133421397,-0.0721010378147466
0.77275,-0.15088420236088573,-0.4321747178975343
0.772875,-0.17345150894125913,-0.2811972551859677
0.773,-0.05718033676090031,-0.11308906879371088
0.773125,-0.023453029008927897,-0.08678493128164769
0.77325,-0.057626692633371654,-0.01050081242841837
0.773375,-0.3147638015432304,-0.13227934890478837
0.7735,-0.2719996921243336,-0.13043953175620485
0.773625,-0.19127163254298235,-0.1378191476122598
0.77375,-0.07079586548921818,-0.151179619245912
0.773875,-0.11673793952939938,-0.028550174033714265
0.774,-0.24511250163532342,-0.23017765402599316
0.774125,-0.4049309491645038,-0.13075106870757253
0.77425,-0.4788532428007354,0.10396437605526342
0.774375,-0.5216115690385293,0.08177578502573758
0.7745,-0.23874227645856302,-0.042793395562599326
0.774625,0.1821882199131449,-0.28829999413432866
0.77475,-0.0017559131408663767,-0.32697791693819456
0.774875,-0.0692788749237171,-0.026447915379950036
0.775,-0.17501359893267218,-0.1924531489490254
0.775125,-0.08029024203958453,-0.2258172211018653
0.77525,-0.00879625163038579,-0.42154076010304303
0.775375,0.3893377418952725,-0.4090651843831768
0.7755,0.4886399325923488,-0.35069599709615606
0.775625,0.41855711693106634,-0.3000896104300936
0.77575,0.15118322550407418,-0.1026546533438191
0.775875,0.15406493411764105,-0.0883977274021111
0.776,0.17472486492422967,0.006208413169372582
0.776125,0.09366568661427424,-0.08659006086363849
0.77625,0.23359027332043888,-0.34935296841339003
0.776375,0.25608542820979663,-0.17330435595854063
0.7765,0.20947905103779219,0.08577233768152837
0.776625,0.15377082125003377,0.36750578874960765
0.77675,0.20672847767327895,0.39882626772314467
0.776875,0.18170347932776823,0.4492788612919652
0.777,0.306445912415222,0.14203857290313196
0.777125,0.4369068891218576,-0.009439365377239571
0.77725,0.4276414529260146,0.19089092641312486
0.777375,0.04106025792355731,0.09878163751674898
0.7775,0.003753962392818484,0.18383605011773396
0.777625,-0.016109985754059964,0.195828058084067
0.77775,0.025781202461824793,0.2260500684624068
0.777875,0.0481674424260427,0.13223544849023836
0.778,0.09733906449901995,0.17135369187426205
0.778125,0.3432641540238701,0.1192797969805482
0.77825,0.2990644995258167,0.3528954132418279
0.778375,0.18919118088033274,0.3809838603069134
0.7785,-0.003376776436851062,0.3173869082693107
0.778625,-0.028639039717014828,0.05640720454358558
0.77875,-0.06939069877157651,-0.16292298408547917
0.778875,0.041896692084067884,-0.040952276470374034
0.779,-0.16807480666569347,0.10096387834582271
0.779125,-0.05736476761390795,0.09241445665928442
0.77925,0.11609709032307909,0.09074055567065192
0.779375,-0.06420459593704156,0.20334048218819756
0.7795,-0.0607514257485638,0.22413689484907606
0.779625,-0.1628407110554979,0.1967875526020929
0.77975,-0.24474626867811244,0.05165757542334916
0.779875,-0.153865620445927,-0.1090060751066097
0.78,-0.2193114277393839,0.07800451975815377
0.780125,-0.27574773808748737,-0.05119621435977393
0.78025,-0.044045914954521724,0.06577702676948041
0.780375,-0.13274435244152613,0.05451785889073353
0.7805,-0.13978647342224748,0.16666853139775947
0.780625,-0.2532485132773283,-0.10645802406706398
0.78075,-0.5148640778562841,-0.01732478868429446
0.780875,-0.32883525986181034,-0.17941837010279624
0.781,-0.019584984587130334,-0.16646621071688705
0.781125,0.23885367078627293,-0.20489562068535308
0.78125,0.3659952141482451,-0.12792058669661438
0.781375,-0.17961662944949877,-0.13611055220620993
0.7815,-0.31750723154192023,-0.04588275628371182
0.781625,-0.06847566549763662,-0.14075970506350427
0.78175,0.09555470573294497,-0.09142767417955935
0.781875,0.09985714230285885,-0.39887044536310884
0.782,-0.1826747245883662,-0.33651004564413733
0.782125,-0.14779309413563707,-0.24202065626366928
0.78225,-0.11187985404263014,0.06510809564362444
0.782375,-0.13931247113196676,0.13188017555772985
0.7825,-0.310617550038856,0.05037432016871279
0.782625,-0.2809530933464956,-0.2542376811640586
0.78275,-0.26063477467099927,-0.15453784725411768
0.782875,-0.3891950181479103,-0.16214378351729858
0.783,-0.29089916042473474,0.10154921943346365
0.783125,-0.6088030845939596,0.09897945546612577
0.78325,-0.6166457966665652,-0.20873066527545137
0.783375,-0.2255075860313235,-0.10088221083941744
0.7835,0.08262656742159091,0.010467809166027752
0.783625,0.19846203163917447,-0.18314817766465544
0.78375,0.015807951769770283,-0.18700951361779783
0.783875,0.16673825396606048,-0.31153058824427937
0.784,0.3021921400309504,-0.2936926249023453
0.784125,0.3310378961612528,-0.3280855305871567
0.78425,0.46192557282691804,-0.4146032964928016
0.784375,0.27594576344588667,-0.5975475477827707
0.7845,0.25915941638874185,-0.25140607316317604
0.784625,0.30569202780470756,-0.13507292507138743
0.78475,0.28736457654058095,0.03109535310641555
0.784875,0.38768822861882457,-0.06426385285360113
0.785,0.37721258181643824,0.001577019989008714
0.785125,0.21489113574372293,0.029997575170408044
0.78525,0.15778193907796706,0.2898079159523535
0.785375,0.46521949514206257,0.3343923675096955
0.7855,0.3655357118890927,0.2619529824846017
0.785625,0.2412262190547768,0.29972645997378305
0.78575,-0.23421880723596397,0.17216264123017938
0.785875,-0.332052888968543,0.3407470965340658
0.786,-0.033305030780332666,0.15709263505908808
0.786125,0.4472241863277856,0.48099317892605176
0.78625,0.5874962047391231,0.2980766341636986
0.786375,0.46805059636964963,0.0043445618947580335
0.7865,0.3486746327109594,0.12971466879239762
0.786625,-0.03203463481300741,0.3581130922504494
0.78675,-0.03268566968520079,0.49039375020935033
0.786875,0.10618022329182404,0.2945230190985869
0.787,0.014420138402173042,-0.05810783406304568
0.787125,-0.0593645710672865,-0.23185149855803674
0.78725,-0.050992754755959976,-0.019600782006252065
0.787375,-0.07094462466078133,0.31139926965413495
0.7875,-0.22241719884775438,0.5793890490967962
0.787625,-0.3821382162374361,0.34836769622400765
0.78775,-0.2908642017806412,0.1379648511073732
0.787875,-0.06326809866811768,0.10051154298354506
0.788,-0.0556193633678686,0.007309566870373781
0.788125,0.12211605349760946,-0.0465290297055918
0.78825,-0.15942861258966265,-0.046466928380735274
0.788375,-0.01824737427318534,-0.018991217376749008
0.7885,0.08022065098156252,0.02580608142743589
0.788625,0.1011441930462605,-0.0019238577604133167
0.78875,0.11513767374250054,-0.20180244479025414
0.788875,-0.09317504864452412,-0.3284694227252555
0.789,0.01582708362874991,-0.2291220419654616
0.789125,0.17012375333686183,-0.24224081459365782
0.78925,-0.06425719663065736,-0.1201504506216453
0.789375,-0.2959301548674439,0.030893391000942624
0.7895,-0.4170472896318637,-0.15088641385707918
0.789625,-0.4556333451155795,0.006476482676300548
0.78975,-0.18598158463380066,0.10704144136198988
0.789875,0.15543429637187878,-0.04855770267557159
0.79,0.025112859420606173,0.0030966827771788186
0.790125,-0.2768783591583297,-0.10654890958567723
0.79025,-0.2593050582483836,0.2011503239192316
0.790375,-0.3016897074853315,0.20236992220835315
0.7905,-0.18498336429242576,-0.057214140557796854
0.790625,-0.16441923199018982,-0.3430098404984145
0.79075,-0.020706237858443274,-0.5118906302546465
0.790875,-0.050875240756165785,-0.3662781009344802
0.791,-0.22005437802308417,-0.1333294318862115
0.791125,-0.46806264721011126,-0.05084197974349801
0.79125,-0.2940055926380536,-0.09645657892769476
0.791375,-0.029956227750626792,-0.13164816735879006
0.7915,0.041901239333765834,-0.15918914780947072
0.791625,0.12434322050529353,-0.22499422849185896
0.79175,-0.13354684638723344,-0.20986413196400827
0.791875,0.06887547593484764,-0.17893510748365188
0.792,0.08039335722714606,-0.04136479733748468
0.792125,0.33378745573992635,-0.09523419324270799
0.79225,0.3409777645553203,-0.25665962576154694
0.792375,0.08196828344817951,-0.3615082314135712
0.7925,-0.14940556941192612,-0.32787949157716084
0.792625,-0.18787962248360163,-0.22980707778085138
0.79275,-0.007113827788682578,0.05750609127097928
0.792875,0.30557063636403436,-0.05431136025977539
0.793,0.43031484296838873,-0.01987826258269216
0.793125,0.35309651732301417,0.041159843923431395
0.79325,0.05660164167045995,0.07771746132991109
0.793375,0.1833376453638696,0.13839816992789475
0.7935,0.11513927091373377,0.2130999419844083
0.793625,0.1986803842127808,0.11349130615077566
0.79375,0.020892210787118393,-0.12384949278383373
0.793875,0.0351562884905079,-0.013406882909748716
0.794,0.21382548790977296,0.09608640045153262
0.794125,0.0381023503806289,0.29676777234824475
0.79425,0.14546243413030596,0.3572681637195025
0.794375,-0.06202121862910778,0.3235530405953365
0.7945,-0.09264624374177682,0.2389408167678129
0.794625,0.13325972575217856,0.08751365411055102
0.79475,0.35439756863229177,0.07063668885443736
0.794875,0.5228878973664934,0.2883856458302114
0.795,0.47810496550970993,-0.01884453266726933
0.795125,0.4423216382770424,0.05779869030361897
0.79525,0.21808742850252164,-0.0179105567681605
0.795375,0.12930685387800417,0.2323311487107559
0.7955,0.2792864434063943,0.07188037713787497
0.795625,0.10973544660709786,-0.07351442104473645
0.79575,-0.11616390103395029,-0.023219544431765018
0.795875,-0.16832860326495339,0.11189224207345841
0.796,-0.3576766543101807,0.18128302462660215
0.796125,-0.3125289994912742,0.47272056522404804
0.79625,-0.10004423136651854,0.42283015754002
0.796375,0.12871502067133675,0.27429447022013853
0.7965,0.10532331421465996,0.1753968017758334
0.796625,-0.19023065938839046,0.09528744176446953
0.79675,-0.4902431132782128,0.08585636889656725
0.796875,-0.4750448649179152,-0.013178666850453772
0.797,-0.00902270145032858,0.11108087266488689
0.797125,0.06336663657615171,0.01889054500517509
0.79725,0.013525400800817596,-0.30753879808137
0.797375,-0.2913096267739512,-0.23546076473773248
0.7975,-0.30149317876162696,0.06559192690651584
0.797625,-0.28652529078683,0.1745572824090553
0.79775,-0.2561619855819121,0.03572811061183369
0.797875,-0.18657612554874434,-0.2239833046396989
0.798,-0.36487633164449434,-0.4316856669799354
0.798125,-0.22803218359888827,-0.23302641711044622
0.79825,-0.11246202283397821,0.05998680346961159
0.798375,-0.046993357703239085,-0.053239676578577914
0.7985,-0.38850162571238694,-0.04811521355581942
0.798625,-0.32908501865029355,-0.06894093645557774
0.79875,-0.5454795022878298,-0.08225898767818392
0.798875,-0.28642077180698033,-0.21134875921214913
0.799,-0.45331366550841506,-0.1872827784400412
0.799125,-0.5374970772373142,-0.23862744803290306
0.79925,-0.4381472036121392,-0.3326077452009526
0.799375,-0.2858789871377209,-0.09501903483527789
0.7995,-0.1654526778849503,0.09932150793434937
0.799625,0.154739331933808,-0.110365539466875
0.79975,0.0005504128799176368,-0.1428915223476466
0.799875,0.07366049546035894,-0.2999378667271115
0.8,0.11350761347871265,-0.3131458442101496
0.800125,0.03264965142759451,-0.2510647847546436
0.80025,0.2688127076876319,-0.3452660956400413
0.800375,0.04498673021921201,-0.5233180723230495
0.8005,0.11609970051749768,-0.4814209768515321
0.800625,0.29487932164538394,-0.21837783733733426
0.80075,0.228871923900353,-0.2803117457988568
0.800875,0.3439355561376198,0.05733039997756755
0.801,0.5871409911922646,0.07532581412921509
0.801125,0.6466195079783503,0.05023658644750461
0.80125,0.40322214939241546,-0.016343879401913817
0.801375,0.28621077569442366,0.14479839603450526
0.8015,-0.031767948102493095,0.05104372159225318
0.801625,-0.15954266139928552,0.19167356825647097
0.80175,-0.1660692493931088,0.21939396803047842
0.801875,-0.01565517438605191,0.13812537202192482
0.802,0.050389584474883425,0.29191059779928513
0.802125,0.15494733051482898,0.25049584673943565
0.80225,0.2575687654438289,0.41721715332335013
0.802375,0.19615610303526357,0.587427048413196
0.8025,0.20133561369115965,0.5158676411089146
0.802625,0.08788937914549233,0.17792940834967702
0.80275,-0.06991552876452967,0.00715159373199129
0.802875,0.05143301712516619,-0.10622926841432016
0.803,0.10550947581124061,-0.16421361159090453
0.803125,0.19473457384430512,-0.016981995445818323
0.80325,0.012390517576101042,0.12515273607205185
0.803375,0.08294765109445583,0.26256335640783873
0.8035,-0.06335557153916979,0.2818154445575874
0.803625,-0.20784254526992688,0.1313356009600219
0.80375,-0.0013554399307148363,0.02991316136617921
0.803875,0.1257611241555898,0.13881484117326073
0.804,0.0951763946484561,0.07842183170190938
0.804125,-0.20867581576945826,0.06559216149526277
0.80425,0.013203917792792832,0.12767659778318088
0.804375,-0.23361899835333946,0.15748938232587717
0.8045,-0.16849847959478573,0.12520703189094526
0.804625,0.13497670397672465,0.20309327080552594
0.80475,0.11303916212762664,0.007235772194810662
0.804875,0.1116915939429743,0.02015152726855856
0.805,0.028006252020443708,-0.1313086363885967
0.805125,-0.2643601614646545,0.07307129694890727
0.80525,-0.12134748952105906,0.0936198715871785
0.805375,0.04264047023818378,0.08080876459893423
0.8055,0.017904068634455553,-0.21906590976548967
0.805625,-0.0004797525943732725,-0.26407087142249147
0.80575,0.04352943519146489,-0.1772887918860232
0.805875,-0.25327450760413506,0.0831311577598662
0.806,-0.37770767146888057,0.10475160649412671
0.806125,-0.4169114622495839,0.04403507257974537
0.80625,-0.5806195657888038,0.2725212971555391
0.806375,-0.06099594688336771,-0.07229767318580817
0.8065,0.030607900565760612,0.003073454397505656
0.806625,-0.16185195824938847,-0.12961393624538867
0.80675,-0.22104905170661793,-0.12123706582466798
0.806875,-0.47892085993554817,-0.02266933265817498
0.807,-0.4365406653611842,0.16641930281042006
0.807125,-0.4413208667419025,-0.16393803942637009
0.80725,-0.45927487697206887,-0.4743894604410842
0.807375,-0.6113693167093871,-0.4724592450035499
0.8075,-0.6468758863789019,-0.2634816693002962
0.807625,-0.40104048601194386,-0.06550824327836974
0.80775,-0.0618319806955255,0.11964765316010836
0.807875,0.10351377850470327,-0.09423241309266778
0.808,0.17057277921289857,-0.3299119953010011
0.808125,0.1250875881142177,-0.25312920886492296
0.80825,-0.08068409095769762,-0.3466231038695031
0.808375,-0.01903022258291758,-0.2762550250668904
0.8085,0.037187129861018776,-0.48262561762516315
0.808625,0.3314701207566408,-0.49438014979416406
0.80875,0.2408456313436338,-0.5668308775656731
0.808875,0.4957144050564827,-0.218475498118312
0.809,0.28353353405780823,0.02679279259024185
0.809125,0.1948412094709015,0.21156515718678662
0.80925,0.34311384683687685,0.1487661729183373
0.809375,0.15642881047511556,0.015753816217324655
0.8095,0.45056646343707507,0.11575039424750715
0.809625,0.3370547360767662,-0.0908203571861792
0.80975,0.006785178217273424,0.08922214239760207
0.809875,-0.14324393990617973,0.15830971167982294
0.81,-0.5072084165744406,0.2709787279011912
0.810125,-0.0302150816681245,0.5323644078340984
0.81025,0.27834392364005284,0.3959126259843572
0.810375,0.2138388905155149,0.1882266316101976
0.8105,0.25858216882341173,0.1289455671085889
0.810625,0.017890593778730545,0.2941655623454939
0.81075,0.08171032551023034,0.5261128219952425
0.810875,0.003811902642774441,0.3883692417755825
0.811,-0.02805771312498029,0.08477959429689912
0.811125,0.14799260051528174,-0.22692884532799018
0.81125,0.23536505605764474,-0.09753826246128527
0.811375,0.2658813574355695,-0.02972248089562048
0.8115,0.2720761325620825,0.20130151378732483
0.811625,-0.15680587747116267,0.3466960520044516
0.81175,-0.31524981449419504,0.16337357408424924
0.811875,-0.2823217545325293,0.029956069384383027
0.812,0.07042287211851461,-0.041866648403396316
0.812125,0.37917593780055364,-0.0509378675763677
0.81225,0.37236722991702076,-0.0006479523320041807
0.812375,-0.0731127057463329,0.14640704524959094
0.8125,-0.2929963882745961,0.09469435115627187
0.812625,-0.16057204567060934,0.24779257111611722
0.81275,-0.1098726345298137,0.14298356389538536
0.812875,-0.03055789038683213,-0.2351182111909276
0.813,0.12112783099527906,-0.37670483809992333
0.813125,0.007056527546241561,-0.23644753338700863
0.81325,0.1919882525111429,0.2654947239048104
0.813375,0.3256700383574976,0.4695706409283806
0.8135,0.07225874797792425,0.3315703894951433
0.813625,-0.10836262540226595,0.05183225837678294
0.81375,-0.2051737651998349,-0.3188114926548958
0.813875,0.0960791273083965,-0.175773625153751
0.814,0.025236440488627707,-0.05349804658216471
0.814125,0.08284833484633788,-0.00018631331067332752
0.81425,-0.015674812886160832,-0.0307434337547278
0.814375,-0.06826927134976477,0.27051308734123497
0.8145,-0.05174930163011854,0.14825275957126474
0.814625,-0.2725540328855331,0.08837353218701421
0.81475,-0.3146172407258816,-0.042215177370084775
0.814875,-0.2721228985810078,-0.0648116997571604
0.815,-0.17037828807995734,0.03943012375561069
0.815125,-0.21046863721419465,-0.0915957304960943
0.81525,-0.11414067400453116,0.11290067447818429
0.815375,-0.19633264336196418,0.04861629029761553
0.8155,-0.10744579530928336,-0.09117180360105755
0.815625,-0.3813967861446555,-0.1620270484294148
0.81575,-0.4296423744498224,-0.1876459314559998
0.815875,-0.4570135044395548,-0.07699333008581967
0.816,-0.40495659178222926,-0.41335320452494584
0.816125,-0.5557457043509029,-0.24562285523921787
0.81625,-0.539076068701318,-0.09809957670192322
0.816375,-0.3716740803622847,-0.08200423918064016
0.8165,-0.10713571961292312,-0.022480073417056563
0.816625,0.060737201459747245,-0.21758071653649066
0.81675,0.17368082490553166,-0.20153947021512092
0.816875,0.08719504645473783,-0.45021971607246536
0.817,0.04405350957860021,-0.26714418998355327
0.817125,0.18340749504422643,-0.47628048283796326
0.81725,0.1200281447002505,-0.390761180780182
0.817375,0.23727185330738165,-0.47553003939051075
0.8175,0.3294965816131916,-0.5581751608767304
0.817625,0.255774172647266,-0.3257713809321041
0.81775,0.4875254397190547,-0.029514869436653064
0.817875,0.6910587851526256,0.003128093968237188
0.818,0.4701593191545042,0.25780470587744364
0.818125,0.23000335770091693,0.18555343951181041
0.81825,0.09685499435352783,0.20768515563187748
0.818375,-0.030687255905178283,0.18546160518363147
0.8185,0.0513701289637503,0.23386730630697886
0.818625,0.17564573444246787,0.23996946783688328
0.81875,0.610068726570622,0.23494275042472046
0.818875,0.5857756744915508,0.30311064128987897
0.819,0.1735013420938146,0.45657110816608776
0.819125,-0.24695462112542163,0.5748219492915991
0.81925,-0.47879833956840484,0.6388833550762965
0.819375,-0.43292691627845836,0.26571162005995536
0.8195,-0.1598595119021138,0.08407349257230548
0.819625,0.1297546613656023,0.03072969557052043
0.81975,0.362273165894129,-0.005078310893370019
0.819875,0.26124194269386836,0.11881994836812959
0.82,0.35003457448320935,0.48588193658380985
0.820125,0.40466558093821114,0.40752637498648797
0.82025,0.3594968901680708,0.1867613808790289
0.820375,0.17851334128729338,-0.2127901267785215
0.8205,0.1333103793483788,-0.39881780896613783
0.820625,-0.08760779888903512,-0.5830687385184483
0.82075,-0.11395138209726294,-0.19331547415272915
0.820875,0.1809833017651223,0.04325623599846819
0.821,-0.17136890596139795,0.1486268364022057
0.821125,-0.1612740708368153,0.25416965810044584
0.82125,-0.49505682687931496,0.25045534986429446
0.821375,-0.18296189519313122,0.23898352981972232
0.8215,-0.17343068787099167,0.39833450766990214
0.821625,0.059849009330446803,0.29752271396739277
0.82175,-0.2826587743747455,0.05890068931709354
0.821875,-0.1858759429724643,-0.025329203076388362
0.822,0.09990544247014474,0.08834183434454
0.822125,-0.06307489046167013,-0.07797892953657114
0.82225,-0.09884891540334852,-0.14730896464116708
0.822375,-0.30661394596435687,-0.2796047970753327
0.8225,-0.044465204367746404,-0.2665688367363527
0.822625,-0.009418827686399798,-0.24093953608538504
0.82275,-0.08635180725318316,-0.007968067651910282
0.822875,-0.013592222367466726,-0.15717496419469693
0.823,-0.31377315265947153,-0.1503527095213117
0.823125,-0.28613066225648487,-0.16903656298781872
0.82325,-0.38686296648699037,0.060123059770476425
0.823375,-0.1550320656568974,-0.15173015908272472
0.8235,-0.12787736364937988,-0.07792097577266041
0.823625,-0.2493649131549802,-0.16731332165120102
0.82375,-0.3465906710423314,-0.01890923369947008
0.823875,-0.34153773948825433,0.007283988566710496
0.824,-0.1872336878022897,0.029466902519393174
0.824125,-0.24384051161500145,-0.13401883774965742
0.82425,-0.2903800994062264,-0.28025116329175737
0.824375,-0.3563065751389994,-0.3098587223666005
0.8245,-0.2428108424976487,-0.37052560262553336
0.824625,-0.13776319761360883,-0.18975118320292741
0.82475,-0.15841140189650801,-0.16751813622757056
0.824875,-0.12246898980466486,-0.2915715311187561
0.825,-0.05706526332799994,-0.21551263081735905
0.825125,0.041657195920213635,-0.2094252356797292
0.82525,0.1430846488009942,-0.16550243277850785
0.825375,0.3576582116971445,-0.2190713941025199
0.8255,0.372559245917379,-0.34769449839657984
0.825625,0.6545628444295896,-0.2053944347206613
0.82575,0.5283007025067279,-0.1466141472607961
0.825875,0.46785561006939824,-0.264777908832632
0.826,0.2902451779534254,-0.08506298887736453
0.826125,0.08508363756890272,-0.12217148264719498
0.82625,-0.07592633801384976,-0.10712104967029566
0.826375,0.11651724988578967,0.16807073560989882
0.8265,0.06898450698654539,0.03598423968176337
0.826625,0.3788324611397007,0.27644460246417407
0.82675,0.20625646542980683,0.3229252057025844
0.826875,0.0327912043370403,0.4101896477775549
0.827,0.10088326685802552,0.3447396690644419
0.827125,0.33459266273160354,0.34989386499095626
0.82725,0.29608877576301956,0.1962467016537832
0.827375,0.016804603256752232,0.006103940279864916
0.8275,-0.09053300066946922,0.013162544084182505
0.827625,-0.1298703465236653,0.18106249974793734
0.82775,0.023805297490217002,0.20595986880633355
0.827875,0.1288427626168774,0.1811410248388087
0.828,0.05138321198282788,0.02407750709157245
0.828125,0.14415336911843227,0.016923703537759887
0.82825,0.15734045896055424,0.024825214153506976
0.828375,0.405944598167566,0.11976918518033149
0.8285,0.26746955217379137,0.29292413098958786
0.828625,0.125703547932526,-0.0957820237874723
0.82875,-0.02949919365800745,-0.18044271172855297
0.828875,-0.2004649760691697,-0.13684492521770675
0.829,0.036499581775113824,-0.048444771847118144
0.829125,0.0466121930458344,-0.026917697967318
0.82925,-0.11282979376074743,-0.0044472969123860355
0.829375,-0.16991497787890789,0.04696685178276532
0.8295,0.002711313546701666,0.12739936341728175
0.829625,0.07332519704376189,0.41292253345165747
0.82975,-0.04826962551969562,0.3420851309271867
0.829875,-0.2301350788829508,0.151629320823624
0.83,-0.3039127004414888,0.1184231058913974
0.830125,-0.1247028704560374,-0.06305829252459924
0.83025,0.09054724144541647,0.04623731467799868
0.830375,0.25137370482368837,-0.02412654517936663
0.8305,0.08383207303267386,-0.19006108671277752
0.830625,0.08119276465378424,-0.1990757545257886
0.83075,-0.012919694293157672,-0.09695833211189214
0.830875,-0.3051506161257755,0.17326579323561184
0.831,-0.1712329340257541,-0.042228340256652556
0.831125,-0.15628680849964147,-0.17975794566403105
0.83125,-0.17272502403633963,-0.17258162063145574
0.831375,-0.1713681543033364,-0.19367967434085173
0.8315,-0.16131988550482218,0.012943028640020232
0.831625,0.04084602980615905,0.1691317682800958
0.83175,0.1904254365402347,0.20606707207371863
0.831875,0.17175137677931257,0.07420459251383851
0.832,0.012812360640452183,-0.08292449924508279
0.832125,-0.12759756868845681,-0.12784424849146503
0.83225,-0.45684642596132985,-0.21388919541265206
0.832375,-0.5622867676745323,-0.2115804091838067
0.8325,-0.5886173464716266,-0.2452421529103966
0.832625,-0.6314714060530733,-0.22568120737169814
0.83275,-0.5682095886920466,-0.30670175817789325
0.832875,-0.4915466765670354,0.0004051931382811196
0.833,-0.1278822458860352,0.1833330186624332
0.833125,-0.13037248512734695,0.212909505540876
0.83325,-0.17997207531517284,0.08415479209493819
0.833375,0.04773579467685591,-0.2018822294898501
0.8335,0.1756467843504391,-0.36727672819075735
0.833625,0.04992954350163222,-0.5645463438743833
0.83375,-0.08266655880695213,-0.6419030037042691
0.833875,0.010955036720839778,-0.5805755909210569
0.834,0.3004783619013889,-0.5412438673733586
0.834125,0.3730101561366695,-0.35447033496282937
0.83425,0.19137124987038182,-0.31008445904894316
0.834375,0.33822942661267386,-0.1290997894508831
0.8345,0.49941735840744705,-0.14034314232398631
0.834625,0.713861684924512,0.07691051871989286
0.83475,0.5726361774883564,0.16329232297299004
0.834875,0.24539421102807182,0.0129242968031653
0.835,0.07126175623992954,-0.04419946962451232
0.835125,-0.06025521810750773,-0.10709431633236739
0.83525,0.09803111516110695,0.16008610919401411
0.835375,0.09380865879083487,0.16074787604093368
0.8355,0.32544154571804873,0.181053039202141
0.835625,0.3166866495150096,0.2214761127064549
0.83575,0.14169948622199632,0.4624652597123628
0.835875,0.12304520303817991,0.6118131896256118
0.836,-0.08683362307502601,0.6648506815457569
0.836125,0.05446678791115631,0.41463180341140465
0.83625,0.21791242949036815,0.033378146993962264
0.836375,0.2209392637916877,-0.2377876169768095
0.8365,0.049143428819634724,0.0690575306381737
0.836625,0.03948066256833497,0.10073360045844756
0.83675,-0.309836824012638,0.23648987418946213
0.836875,-0.2114684527899554,0.30408058318667325
0.837,-0.14144034214263995,0.16826996010280393
0.837125,-0.037268861053760545,0.015022043979412517
0.83725,-0.0393074413901859,-0.04721991612076084
0.837375,-0.06374995313846299,0.1159362916034704
0.8375,-0.060962075557845136,0.07735893913126381
0.837625,0.12959329292579153,0.1938441193656813
0.83775,0.13712582194226403,-0.053071316662778256
0.837875,0.17491897816065466,-0.08175422202505796
0.838,0.18919566610706356,0.0355706325230361
0.838125,-0.0712092505010958,-0.09168360372806478
0.83825,-0.22602227716782206,-0.09740618618591622
0.838375,-0.07738217028397829,-0.015794389713441808
0.8385,0.2040264746435813,-0.10745566646775681
0.838625,0.0996817824617118,-0.14473928709557407
0.83875,0.10075967102935364,-0.0835761398443987
0.838875,0.03974759148778663,0.09444013116542818
0.839,0.2929632863058093,0.06928731675240754
0.839125,0.190309370873634,0.10238040550043372
0.83925,-0.2237608993701878,0.06161665424185014
0.839375,-0.5871470771449498,-0.1237967677349826
0.8395,-0.5123461733650367,-0.06020228717921002
0.839625,-0.4003048307261341,-0.08520841845335163
0.83975,-0.3177971235071629,0.15049345840356687
0.839875,-0.3365512685596487,0.15447835288642556
0.84,-0.35024025216786536,0.03912291058129317
0.840125,-0.2184547847650877,0.2637044853515712
0.84025,-0.46576015615730754,0.2696999821339069
0.840375,-0.36263635593211935,0.18369826614951423
0.8405,-0.1969068986184312,-0.16089587973138197
0.840625,-0.1754732397474398,-0.4702189682485211
0.84075,-0.056125267212873246,-0.5172982822841995
0.840875,-0.265614458046284,-0.29810994830019294
0.841,-0.3364456999631169,-0.40092971710313596
0.841125,-0.28543373363915947,-0.4181239945898441
0.84125,-0.19807912588595963,-0.2644288552852093
0.841375,-0.26054473865219124,-0.36815708204804626
0.8415,-0.05200944427018781,-0.3372967616624173
0.841625,0.2564606543403275,-0.3253943313692087
0.84175,0.1630669196661956,-0.24856278843017088
0.841875,0.08745845610190502,-0.028485990894105372
0.842,0.1855242300336136,-0.09483149898312065
0.842125,0.41952283457814343,-0.28831449563927214
0.84225,0.4226586553153155,-0.33132142048215396
0.842375,0.2524514294332217,-0.1702260669242131
0.8425,0.35824488533327864,-0.1459772113391302
0.842625,0.2661709122330565,-0.2949787322398503
0.84275,0.3876649953466703,-0.03432733759129755
0.842875,0.3092000374911796,0.37550311737838704
0.843,0.2666031551008659,0.1820842344929602
0.843125,0.18584313247656248,-0.03459413943480523
0.84325,0.1614194102697137,0.20561156637229772
0.843375,0.09844312089832084,0.36029389430503383
0.8435,0.2604641576721729,0.3145211492382055
0.843625,0.5724229238901729,0.3024145516460793
0.84375,0.6687896216437682,0.15468805221932286
0.843875,0.330253333611691,0.26148683177653426
0.844,-0.2692017139163353,0.4043796887184839
0.844125,-0.2446681942322378,0.28720756283235876
0.84425,-0.014290519232328444,0.41606786814466445
0.844375,0.10292144060088615,0.3016454494385479
0.8445,0.24949936848713405,0.14588379250588346
0.844625,0.06799956919967823,0.043083511920183414
0.84475,0.11662182504751019,0.2454951783750479
0.844875,0.2063828565781724,0.4089048834810921
0.845,0.09066326493840443,0.4597897342904669
0.845125,-0.20558186131878672,0.16479542556302745
0.84525,-0.2384053089492215,-0.09314779113463964
0.845375,0.03343430041380068,-0.2526677140183908
0.8455,0.23175472093693675,0.10284815025117097
0.845625,0.11415650354148013,0.18634878100342173
0.84575,0.13027129457715994,0.28198743925302305
0.845875,-0.03527258852922879,0.2189635418490444
0.846,0.0491399233531869,0.057542613836294054
0.846125,-0.07223356279338224,0.20170834225685516
0.84625,-0.22312205984696995,0.11741261969461773
0.846375,-0.2956839737218933,-0.16624580925955396
0.8465,-0.3639410184648578,-0.30556994271298127
0.846625,-0.06288675477515707,-0.13232492184315295
0.84675,0.1851164988665687,0.22649483227903475
0.846875,0.09384795913453324,0.10740822246327046
0.847,0.08703833399518526,-0.035779493723209446
0.847125,0.11964759669074937,-0.1474737915617714
0.84725,-0.21321915891755083,0.002454949611160108
0.847375,-0.09079651405946854,-0.02507750734985047
0.8475,-0.2700819631916217,-0.07346188421144431
0.847625,-0.12471226023745444,-0.26751280212398576
0.84775,-0.17583072447121006,-0.306033825869324
0.847875,-0.08095269249296635,-0.08607947398536914
0.848,-0.2664209331465206,0.25040626686880924
0.848125,-0.33894083298396965,0.12759466335620953
0.84825,-0.3007941100994784,-0.056033699239661235
0.848375,-0.25199790453577564,0.019621039297204008
0.8485,-0.3480998830877295,0.10661025289123272
0.848625,-0.1778274038472729,-0.030474467507328143
0.84875,-0.12431817794626578,-0.093303482639389
0.848875,-0.16137013513705106,-0.1943318781059437
0.849,-0.32470922127521096,-0.24570816913513208
0.849125,-0.4707492824565799,-0.022300177970443036
0.84925,-0.4421891670002006,-0.2057240330105792
0.849375,-0.2528751818557086,-0.3190246781147478
0.8495,-0.2022371288643669,-0.3239510534237178
0.849625,-0.14380215122117548,-0.22513517562143315
0.84975,-0.09953964260870081,-0.3368930357826073
0.849875,-0.22039605416529884,-0.22771890623621255
0.85,-0.014718305049965338,-0.21617244191801457
0.850125,0.15076743222563357,-0.3025976701304632
0.85025,0.2791182961502184,-0.47516552407977203
0.850375,0.36436127164787696,-0.38979242961711463
0.8505,0.23177558399669726,-0.3498913504453239
0.850625,0.2068889756744001,-0.12876936069655068
0.85075,0.23964715066219278,0.002328461162662347
0.850875,0.18092044359872117,-0.08719360835645798
0.851,0.11738933612548344,-0.1398234419883697
0.851125,0.2081756906468463,-0.15659800827849732
0.85125,0.5080000022326506,-0.061523364945830356
0.851375,0.5439813929816423,0.31312828825295047
0.8515,0.5365475560101701,0.1740939748700887
0.851625,0.3860663873845035,0.3754771890355289
0.85175,-0.06204186229446218,0.21562156446784245
0.851875,-0.001114289406078419,0.16444487038111136
0.852,-0.011846925612531947,0.23161495955843125
0.852125,0.05265024611471528,0.1092264333406479
0.85225,-0.004813953121054635,0.1622466210324789
0.852375,-0.13276944575363547,0.23916806277173067
0.8525,-0.0416810888787006,0.39431360691909056
0.852625,-0.2700453008830959,0.6140365626718813
0.85275,0.15901529382708632,0.4616105482255849
0.852875,0.09418424063676728,0.24601933307563853
0.853,0.22281458167459356,0.12844757987164465
0.853125,0.28523887160286776,-0.01550863669595793
0.85325,0.28761111962516456,0.0018141509108849775
0.853375,0.3134902787622381,0.08498876760393693
0.8535,0.26139881796838343,-0.026765369088140874
0.853625,-0.019799906236194428,0.02005079974607087
0.85375,-0.05602202071439692,-0.1736656897149943
0.853875,-0.15923822843625318,-0.06950150428457279
0.854,0.08430845821289053,0.13197659138121856
0.854125,0.043658280187620774,0.09960290618385978
0.85425,-0.008047094986654853,0.16675453522846917
0.854375,-0.22522154102893185,0.17854947171295682
0.8545,-0.2423643428031259,0.2754803978665824
0.854625,-0.05855685300494419,0.22930960137344958
0.85475,-0.01888955525517403,0.2079624562484026
0.854875,-0.037698603397559254,0.20292306054310252
0.855,-0.18432847379147818,0.07219519133792221
0.855125,-0.16241444631590687,0.020619716193245992
0.85525,0.03119030534705353,-0.021696488926403044
0.855375,0.22149625507576132,0.15420038546812126
0.8555,0.14951816214796723,-0.06636896615884616
0.855625,-0.0529600244526216,-0.11928766163256248
0.85575,-0.23886749573676877,-0.2204489295455701
0.855875,-0.2889345411344394,-0.18803442024596492
0.856,-0.08862321917505325,0.09271961237576015
0.856125,-0.21130330419703872,-0.014449036053305619
0.85625,-0.33944182138330864,-0.10378053207944617
0.856375,-0.30379332069314174,-0.14344829651779434
0.8565,-0.28959648483490064,-0.030724351149922387
0.856625,-0.04929505047583559,0.1705745159895121
0.85675,-0.10926213896222127,0.08272515570390981
0.856875,-0.09205114689228203,-0.1635479244788831
0.857,-0.22721868752962554,-0.26102663542537
0.857125,-0.2661127813120737,-0.16513158313117365
0.85725,-0.46565080855542906,-0.14909827147971902
0.857375,-0.21405539378468566,-0.14350714672422538
0.8575,0.09675808155455963,-0.29612362333263503
0.857625,-0.14795251452146427,-0.3067359143174479
0.85775,-0.41521524715943864,-0.2131596333730636
0.857875,-0.6660428326115175,-0.068005680327141
0.858,-0.5726751611577942,0.015925555569558752
0.858125,-0.140705966611554,0.012490564252135208
0.85825,0.10231709507856568,-0.23613335991162604
0.858375,0.1702308428985316,-0.37963447585907534
0.8585,0.13964085134928222,-0.20545986740756675
0.858625,0.17885440676718262,-0.05825220684094073
0.85875,0.0841147312805129,0.153348600631982
0.858875,0.17665446208729088,0.011678439749372823
0.859,0.20008912899063436,-0.422730188903612
0.859125,0.5429149646081745,-0.5975562638946154
0.85925,0.2985185291400729,-0.46517452441255275
0.859375,0.030245770013714424,-0.15745592181182502
0.8595,0.18345027497810298,0.059616138673721224
0.859625,0.6486979911117361,0.18618796990049624
0.85975,0.43237846659628776,0.18173058635412623
0.859875,0.2460214354858483,0.1041525438048046
0.86,-0.024328044894851616,0.1185979935634401
0.860125,-0.15638532172646877,0.2309495288550686
0.86025,-0.07422757977051803,0.31808911568271886
0.860375,0.06509621031628197,0.28555671919002007
0.8605,0.1669602804090206,0.27320628632279464
0.860625,0.1607817485004848,0.18099594666300356
0.86075,0.25262443272706453,0.24299094373497065
0.860875,0.19269277552735553,0.4203420403019861
0.861,0.16284897526133932,0.35338586419180007
0.861125,0.07022283238248819,0.28596171532309067
0.86125,-0.1066118094889254,-0.048462747538203635
0.861375,-0.1914427021110583,-0.0682377804390014
0.8615,-0.03310003856357785,0.007456420333453191
0.861625,0.231890800463681,0.3099073707944455
0.86175,0.30254569080997407,0.2461436324981096
0.861875,0.2390351006407575,0.07872179467241038
0.862,0.1529743138036775,0.23166557117445835
0.862125,-0.16423402027197398,0.15909004570216884
0.86225,0.2999516633876066,0.1644522042148409
0.862375,0.5629543873793751,0.14763624807639508
0.8625,0.39676231636379833,-0.12260752822417104
0.862625,0.11816214939590676,-0.0174061010630439
0.86275,-0.022459008746711976,-0.02446811800074514
0.862875,-0.25524282004413734,0.23670075437651242
0.863,-0.03135398003002868,0.27526210279325897
0.863125,-0.17947710093720365,0.3331084071766427
0.86325,-0.018567485665691125,0.16126821726411025
0.863375,-0.1636167565676861,0.016354837773891535
0.8635,-0.12831313236503902,0.04793512414345397
0.863625,-0.3777797205809556,0.4157123610867589
0.86375,-0.6366841637904583,0.3341607589311273
0.863875,-0.5930991866612831,0.03203927800553399
0.864,-0.16358949747895798,0.04290177282447352
0.864125,0.046921135002836185,-0.22742802143132762
0.86425,-0.08840869788527879,0.034423266304166276
0.864375,-0.0703335809912445,-0.011494432309602697
0.8645,-0.4219506511114444,-0.05259078144983589
0.864625,-0.3812762229132051,-0.0834441710928283
0.86475,-0.2966924338817418,-0.15303908672281077
0.864875,-0.090315629803442,-0.22283789130874235
0.865,0.09142128427985516,-0.4894577105352311
0.865125,-0.004976103421753251,-0.45410230450598665
0.86525,-0.1753746593206908,-0.11222713127020008
0.865375,-0.48892876199338886,-0.08217940434589495
0.8655,-0.6234044004774624,0.04894610575232587
0.865625,-0.4390497432258819,-0.1904698672618474
0.86575,-0.416575010046452,-0.40651203562264504
0.865875,-0.4940143318844699,-0.4680444249058142
0.866,-0.42764539904734294,-0.07853864505841585
0.866125,-0.3686572000631918,0.1395920812504585
0.86625,0.02866505727582121,-0.06336996235209327
0.866375,0.07464092215596951,0.047906416701061494
0.8665,-0.03883001663562385,-0.29259460043954044
0.866625,0.08455991736830858,-0.41762246339026815
0.86675,-0.036491401210805297,-0.49323929056305693
0.866875,0.2576200379312547,-0.6307710697866284
0.867,0.4469932412438536,-0.5520643409435517
0.867125,0.6191231331541169,-0.32855362543158406
0.86725,0.5179348056211633,-0.32549431247335947
0.867375,0.537003704153203,-0.1677941303328692
0.8675,0.3532888657456998,-0.006639735767897081
0.867625,0.3481983466927169,0.05258725449343327
0.86775,0.2747455811297782,0.1277180555768525
0.867875,0.49759861010692813,0.11043590589620494
0.868,0.602699950789479,0.02836445169791013
0.868125,0.37976502094296505,0.29308556874383357
0.86825,-0.14064631638296857,0.3143926116069012
0.868375,-0.3052513028321712,0.38730292627233753
0.8685,0.03945012084354759,0.39711377012259075
0.868625,-0.19487787092247508,0.3422142031195659
0.86875,-0.03985888444846307,0.2701032846014771
0.868875,-0.1671073096223523,0.1991466592379176
0.869,0.14202718517034124,0.3069472848198838
0.869125,0.4717499599261256,0.4439847383767615
0.86925,0.25994504839577387,0.627864438617814
0.869375,-0.03560988285716635,0.3872109182182625
0.8695,-0.16644219167670662,-0.03214852951968874
0.869625,-0.025174928141974837,0.022832746072176374
0.86975,0.22511934521096202,0.09557953413571747
0.869875,0.4821379440120445,0.016807911114008568
0.87,0.09513803348273839,-0.08094271651533647
0.870125,-0.0569897132453711,-0.23925240652207164
0.87025,-0.29586798400616904,0.10287778587034682
0.870375,-0.2243704124635191,0.3966221891648936
0.8705,0.08460557658250852,0.24767256703253396
0.870625,0.18721157169401717,0.02510584687177778
0.87075,0.16015805663823157,-0.17417919869211057
0.870875,-0.24710185215269553,0.16338043754335746
0.871,-0.15348553014238348,0.34506682077757767
0.871125,-0.05055098183590062,0.5245312598221062
0.87125,0.047601886781285074,0.21805211524022453
0.871375,-0.012697683936267424,-0.1568639440366294
0.8715,-0.059507831079793634,-0.291224401815975
0.871625,0.005059728137224966,-0.062008467241575146
0.87175,0.11794514026007666,0.05732292039258305
0.871875,-0.022810618651619208,0.36766110854832157
0.872,-0.03540598942364511,0.13853705949452708
0.872125,-0.3072678250159941,-0.1350158140867397
0.87225,-0.28457189953657575,-0.2043464853018361
0.872375,-0.20485827864620537,-0.12264859991813996
0.8725,-0.006715571152092259,0.07010281500029818
0.872625,0.08617576555960803,0.031402429915046666
0.87275,0.011535370152533002,-0.02742813284497489
0.872875,0.1753355455313619,-0.23917940280978797
0.873,-0.06197297538739059,0.04719145418534063
0.873125,-0.18941033645594857,0.09675456108180042
0.87325,-0.3855477680682338,0.03160063544601559
0.873375,-0.49802042295708776,-0.26309241700955044
0.8735,-0.3287741348249622,-0.28145227363034775
0.873625,-0.3440093279276202,-0.23045882713326313
0.87375,-0.14750967666662632,-0.038477080266198886
0.873875,-0.033719969856414234,0.009676769044132227
0.874,-0.14401453422808444,0.03361339422245753
0.874125,-0.348998325550549,0.0031033584280912986
0.87425,-0.4495732661467655,0.056602860674393254
0.874375,-0.3482470767874121,-0.17006510205144018
0.8745,-0.1836446125899517,-0.4436990234434424
0.874625,-0.21844476824950168,-0.5288662525297303
0.87475,-0.18871653458527685,-0.39589501608798255
0.874875,-0.027181200505905452,-0.3453407659010577
0.875,-0.01586330440229716,-0.1976386505757455
0.875125,0.3343450912581568,-0.08876038295820687
0.87525,0.27534590961606287,-0.26924836864302276
0.875375,0.1715268083210375,-0.23095821765977348
0.8755,0.29093260428765755,-0.3801575533580698
0.875625,0.2158494006329263,-0.38174381031901905
0.87575,0.3675554818889561,-0.25160521352539206
0.875875,0.2180460759244616,-0.04815068731938879
0.876,0.17974298794901303,-0.18251098121990736
0.876125,0.2146916867513366,-0.17894047114577782
0.87625,0.24306469467918942,-0.04353842198004602
0.876375,0.4683067622029335,0.11164301455301313
0.8765,0.35389082702423214,0.2855514626891085
0.876625,0.22053002625765183,0.15397941487962244
0.87675,0.1746489637739621,0.1521849155816228
0.876875,-0.08824795813159696,0.2541184946549895
0.877,-0.009560428135878919,0.3268768666737346
0.877125,0.07788564271025109,0.35978522547281294
0.87725,0.25138962026084294,0.21584916213348743
0.877375,0.05209146016390066,0.26831622965900276
0.8775,0.07770417471205307,0.32553930322377195
0.877625,-0.062144749281150706,0.40268573902565286
0.87775,-0.33692684602163253,0.3207915688058715
0.877875,-0.33767181208972574,0.2878289882970865
0.878,-0.255740625693791,0.1205549513861826
0.878125,0.1586844376349562,-0.09668633323243313
0.87825,0.09468180306768349,0.08666357617597303
0.878375,-0.09582448359068685,0.056733089047635056
0.8785,0.0962113923302964,0.28022192329998946
0.878625,0.18559318508467834,0.23570533636558721
0.87875,0.27332756824592647,0.26536529619942045
0.878875,0.3325245918991349,-0.12823996940725618
0.879,0.20618876585526869,-0.34455121605496464
0.879125,-0.25001683250712087,-0.31081124694385953
0.87925,-0.21112701604249473,-0.05027385253875815
0.879375,-0.3592106851032441,0.04525565059177341
0.8795,-0.13619430813576705,0.2365529929202573
0.879625,0.23971059808646134,-0.0582875262221887
0.87975,0.19530470426420057,0.009058641261275202
0.879875,0.013270785065335971,-0.0053391460934324115
0.88,-0.06795134918285561,0.24537240780574363
0.880125,-0.1520133590207959,0.25944343975607925
0.88025,0.05625380594923124,0.12181725055121685
0.880375,0.06869232889932439,-0.15165098892470708
0.8805,0.08501644777759204,-0.27104818580869267
0.880625,0.04344175840228581,-0.27749960548675184
0.88075,0.23811107837434012,-0.16379335334335654
0.880875,0.07555142866861618,0.12383021941323762
0.881,0.02523222736583144,0.15572760433634433
0.881125,-0.20475961880284893,-0.026678262848473647
0.88125,0.04701885905329047,-0.13136555949377135
0.881375,0.0761969723028389,-0.12436592501402664
0.8815,-0.09972248595812075,0.007510573576717086
0.881625,-0.06619747951046419,0.07010291869914041
0.88175,-0.49117319963834116,0.07013055081398847
0.881875,-0.4125471532255438,-0.0349447450323822
0.882,-0.3951168231333129,0.07986781285779686
0.882125,-0.4386712578427853,0.0320981944659185
0.88225,-0.4847743518487857,0.009210997348946127
0.882375,-0.48795898383959097,-0.1374874894708192
0.8825,-0.2426347321064322,0.15440284899901777
0.882625,-0.23441695544621113,0.09084633186377518
0.88275,-0.3856799287311327,-0.02144006955271142
0.882875,-0.405700118506778,-0.2890006134499513
0.883,-0.44689718590089367,-0.38643104806913403
0.883125,-0.25604835653291586,-0.3713228093999426
0.88325,0.005398824995598173,-0.4186186419360729
0.883375,0.118089449473317,-0.3002699556654815
0.8835,0.20943807756509228,-0.49478709765050316
0.883625,0.11551393511920856,-0.36957461526358054
0.88375,-0.15791126532923305,-0.27610599535311875
0.883875,-0.05332169352675663,-0.29745995636301537
0.884,0.08684307141738137,-0.24058489930551685
0.884125,0.34953710118148745,-0.41710558075164916
0.88425,0.46662101766686614,-0.32273972690320357
0.884375,0.560781318752546,-0.2709928831634418
0.8845,0.533356502639209,-0.15540535256686452
0.884625,0.46155059463826204,0.07502733229021803
0.88475,0.6061859453317775,0.1030153841105942
0.884875,0.8386980218324691,-0.0015811844006598968
0.885,0.6080369517004467,-0.180951838741806
0.885125,0.2999111223366032,0.018059293459766156
0.88525,0.05444302568470075,0.047386902171208875
0.885375,-0.22348754341111898,0.40195751685074765
0.8855,-0.2953094420405854,0.45337638415903087
0.885625,-0.15402424527928796,0.5320089945920333
0.88575,0.24668374231964793,0.3000393157057217
0.885875,0.33621699534829264,0.47244778612404037
0.886,0.24941620545852353,0.5115884859504672
0.886125,0.1662249099742779,0.5748071381511737
0.88625,0.09997238243054482,0.6678204228300407
0.886375,-0.07348099964652591,0.31854988324871586
0.8865,0.20147101146288932,0.02957838974575244
0.886625,0.10238255106779534,-0.24940600844607522
0.88675,-0.029672354373231475,-0.36084721761474225
0.886875,-0.01595367246675598,-0.07846864128120656
0.887,-0.1945654351211439,0.2935884125991952
0.887125,-0.13643201450497972,0.31776959726968745
0.88725,0.145099569773916,0.31227903132934015
0.887375,0.30564047340032646,0.28175442048155797
0.8875,0.2911232860971871,0.1295677937249018
0.887625,0.021963262468941893,0.13359257043586717
0.88775,-0.2598681317821484,0.04500758673206156
0.887875,-0.27124066998185214,-0.015178650598356167
0.888,-0.2900617986388863,0.012496045278334894
0.888125,-0.00861948084968897,-0.05368170430244114
0.88825,-0.12892456319513723,-0.1769314521888852
0.888375,0.008174267243256839,-0.15468551196370153
0.8885,-0.171456598708079,-0.037537560211255365
0.888625,-0.3167645732647728,0.1312669927483353
0.88875,-0.2996582168362476,0.23211936389784732
0.888875,-0.27337229617015435,0.06180208159624453
0.889,-0.1872055012400513,-0.24861208684484606
0.889125,0.04009955802335748,-0.2504890992279906
0.88925,0.038097487328379344,-0.2475278572144134
0.889375,0.23430818581464466,-0.12412061942350819
0.8895,0.11553198794990834,0.02537770881490709
0.889625,-0.23640185811430814,0.054957229988492805
0.88975,-0.29133462202961,-0.012288271163889745
0.889875,-0.20253134591567296,-0.29546655393568255
0.89,-0.1958162560238913,-0.3762708899116846
0.890125,0.07189853514940395,-0.2789647904444029
0.89025,-0.03383852840359015,-0.08096881254679539
0.890375,-0.2550081798609252,-0.06887981755324897
0.8905,-0.29507824345105305,0.2516525747012392
0.890625,-0.10086588538989393,0.26480273617849287
0.89075,-0.4565533688676058,0.17377378459991305
0.890875,-0.3623303722224579,-0.13586160997781024
0.891,-0.3907527428910215,-0.3151449061768898
0.891125,-0.09375756661079368,-0.08365631274084254
0.89125,-0.003971893540684302,-0.1507239521627356
0.891375,-0.053888141171276716,-0.1302878718251759
0.8915,-0.16990193897756337,-0.13327645414836944
0.891625,-0.23100202385073396,-0.08570603350006231
0.89175,-0.18508396472156544,-0.24724015145100547
0.891875,0.013045073529433952,-0.3282332761390203
0.892,0.3886858141997463,-0.36095868631425854
0.892125,0.4491091797258578,-0.32366145813069097
0.89225,0.35346356328657097,-0.16613220111557805
0.892375,0.23587054749947667,-0.07147148305585649
0.8925,0.23021176319246764,-0.04932171866398099
0.892625,0.558063242068171,-0.08182364987410204
0.89275,0.4420544446443391,-0.21035462346055145
0.892875,0.350967139082939,-0.22390672343461832
0.893,0.17209845713306846,-0.22176290601893417
0.893125,0.05856905946414022,0.08907564076758587
0.89325,0.09959695519960768,0.28089923797681116
0.893375,0.46265359660488803,0.42905152963432014
0.8935,0.26743294936177864,0.4144418461563194
0.893625,0.11158097380693803,0.14953159985647937
0.89375,-0.08010678909819186,0.1993539251486001
0.893875,0.12933307020382492,0.27181956428113246
0.894,-0.06261207973547131,0.2807279912670048
0.894125,-0.07112368540481052,0.3557538482645266
0.89425,-0.04011373381933963,0.10798970864872048
0.894375,-0.03748065844249842,0.002272369248273098
0.8945,0.1225452508607392,0.08296598164771614
0.894625,0.1697367448098633,0.2503982891018616
0.89475,0.08204522565869514,0.3190473783344414
0.894875,0.02462495108339848,0.1873928350244718
0.895,0.01007235714297983,0.05145020511107277
0.895125,0.046581200474425585,0.13536330173696642
0.89525,-0.176774990579371,0.0033852870206129695
0.895375,-0.3263686026531825,-0.0676852562281558
0.8955,-0.3223493270620151,-0.07696792759517329
0.895625,-0.01606365644321608,-0.0533917122340756
0.89575,0.42177135865534116,0.14130344676611784
0.895875,0.3453380021242303,0.11566289663198495
0.896,0.3064726870769617,0.08298278716586138
0.896125,0.10417222226500489,-0.05343209898623835
0.89625,0.15388049000869305,0.12623497890451463
0.896375,0.15494066050678715,0.026756186163934877
0.8965,0.3382602105876529,-0.18552033784686503
0.896625,0.2100667764848564,-0.37182145211481477
0.89675,-0.1604608797936738,-0.2577537129884958
0.896875,-0.47209668035460844,0.08614624834065916
0.897,-0.4842815226928648,0.21745312732382477
0.897125,0.04323893083041665,0.3647225770960373
0.89725,0.170278954608369,0.19993780255506421
0.897375,0.10356556762400017,0.035476094114620646
0.8975,0.053457125923313566,0.01975128689747703
0.897625,0.052347239738781026,0.13950401411098604
0.89775,-0.06213726864924807,0.40184181755189574
0.897875,-0.22390442904218724,0.1801288475454078
0.898,-0.1988319852363642,-0.2102482023007165
0.898125,-0.3531014637803521,-0.365889436846104
0.89825,-0.4009987458410009,-0.3387624101566714
0.898375,-0.3278089688910191,0.001508835931924889
0.8985,-0.5111936726672303,0.21861033965252413
0.898625,-0.6021460508979902,-0.022470820539899527
0.89875,-0.618344925782341,-0.007517355967462107
0.898875,-0.46714334231571286,-0.1050419523045428
0.899,-0.2650657349404034,-0.11471181583209682
0.899125,-0.42496898601889366,-0.2670682339554378
0.89925,-0.1756426865336205,0.03310681143642119
0.899375,-0.24942270651266557,-0.374459066859198
0.8995,0.04780634706898487,-0.36636579114181234
0.899625,0.11236309710425312,-0.387003203387109
0.89975,0.2700734848539328,-0.579419992971241
0.899875,0.08624013397508624,-0.556283666006486
0.9,0.2605186772631182,-0.4839654040473984
0.900125,0.055759300209098084,-0.2930879231981843
0.90025,-0.24949326961257387,-0.39237257875096765
0.900375,-0.03281904495331701,-0.31653644604626086
0.9005,0.22931643206699961,-0.38641997280325785
0.900625,0.3239197629480206,-0.1878239349688434
0.90075,0.3374745469382506,0.07094119318958068
0.900875,0.19694008798231272,-0.01749191010150422
0.901,0.24582016199647924,0.18672804753553487
0.901125,0.33159824318281433,0.307402266484568
0.90125,0.058236866288187694,0.21198328321034535
0.901375,-0.08341799468409984,-0.041992949604912434
0.9015,0.027285083273266765,-0.1661346156080133
0.901625,0.25058090152270734,0.019001828434645048
0.90175,0.43194012415120925,0.17264004368135966
0.901875,0.5811049864411363,0.25510843884634293
0.902,0.2761316779206962,0.2476487407694806
0.902125,-0.06598493634322808,0.190949775964278
0.90225,0.03002104014638413,0.2806961281981859
0.902375,0.09019781771155845,0.3035548664635795
0.9025,0.15848368684891165,0.010925980477535792
0.902625,0.09742269018959089,-0.1236165943513366
0.90275,0.06888298092913991,-0.06420497989018958
0.902875,0.03577543904927714,0.2520765250429136
0.903,0.09583623710278526,0.5989155485303438
0.903125,0.2263140085615716,0.5700972497676366
0.90325,0.23429648133229508,0.2912658532683138
0.903375,0.07664418849983837,0.12459716974216307
0.9035,0.10736722410447631,0.037586701538684854
0.903625,0.22195145872353364,0.14794891150765027
0.90375,0.03287837766820228,0.12278285704404253
0.903875,-0.04682400255542539,0.030938864536626552
0.904,-0.018873500996157477,0.0068266500766990795
0.904125,-0.029806891022488725,0.12155931209988716
0.90425,0.27137470229246885,0.18428855721216214
0.904375,0.18471635171270484,0.37423595164446893
0.9045,0.10657660721739644,0.2296242346670157
0.904625,-0.1156566387713114,0.139093286586683
0.90475,-0.2606631053513478,0.05935435273133186
0.904875,-0.21785865853451028,0.0886676448485775
0.905,-0.36350461511610505,0.07227756266865384
0.905125,-0.3724278938899209,-0.09958291036252775
0.90525,-0.22793622144002676,-0.17272923389970313
0.905375,-0.11259346159055944,0.07133812076502068
0.9055,-0.19727434470686056,0.058826382352641364
0.905625,-0.23954100516708882,0.1297556350027495
0.90575,-0.16276510981951905,0.05440560390792071
0.905875,-0.12610747824604984,-0.2227387031305192
0.906,-0.08235297258173553,-0.22086127989291035
0.906125,0.3034187798000202,-0.211337652178775
0.90625,0.2654860773144382,-0.0499751539252964
0.906375,-0.007806637359233567,-0.36338822237203144
0.9065,0.007009340269347148,-0.38428405591279047
0.906625,-0.17748875024429225,-0.023467881423664134
0.90675,-0.41817471387445815,-0.01923207477418436
0.906875,-0.6069907792025245,-0.10265884238948524
0.907,-0.5140125103230957,-0.20635846161844454
0.907125,-0.32026140058593877,-0.1297999605092742
0.90725,0.06481943653580319,0.040369499900011464
0.907375,-0.24226407265751665,0.20147884792543377
0.9075,-0.30458205743325495,0.2243280065712867
0.907625,-0.3903828664894796,0.17342917432255622
0.90775,-0.33361498899072733,0.14902552982019812
0.907875,-0.3029451344110815,-0.11841230375423795
0.908,-0.26879605206356905,-0.2616670879676547
0.908125,-0.07761001309512772,-0.4779699923600838
0.90825,0.054479417592507254,-0.5925628417749464
0.908375,0.09613765806453792,-0.41614818448754104
0.9085,0.0013556380585919307,-0.2784930163548962
0.908625,0.061285254870804245,-0.18022899180020857
0.90875,0.263732586639706,-0.30966311562945514
0.908875,0.4709329045006437,-0.18871233618333508
0.909,0.46837151292300117,-0.3941576557617978
0.909125,0.4165692427042977,-0.23650170603568527
0.90925,0.3435229543015635,-0.225747591807228
0.909375,0.23030555929037475,-0.1953586904473633
0.9095,0.37620858033204774,-0.10479869064330516
0.909625,0.48915078244812427,0.09955062645151909
0.90975,0.3878071903653503,0.14427704177079903
0.909875,0.2982880933953599,0.15632008752917279
0.91,0.029991604271042416,0.22777436767190018
0.910125,0.232795609612226,0.37207366251217816
0.91025,0.3698753116276392,0.4375060596443536
0.910375,0.4372849054643676,0.3224710797474016
0.9105,0.11558613456073003,0.3421903221756868
0.910625,-0.2035962382915104,0.049507943146252835
0.91075,-0.08672411690918111,0.33161969144229536
0.910875,0.011042319753460499,0.36907386061254344
0.911,0.14715417228316532,0.38085380295772653
0.911125,0.11767312605940446,0.09524592891882704
0.91125,0.008053612231612849,-0.10302641926500923
0.911375,-0.10014500361635902,0.05300890250339004
0.9115,-0.05684559189038606,0.26041189192551056
0.911625,-0.16039916275631588,0.3324522684311719
0.91175,-0.036293219277715935,0.3105796822208972
0.911875,0.11367832169865481,-0.16085248778592717
0.912,0.42382867202591606,-0.08008598059300781
0.912125,0.3095777400389815,-0.02411352101310461
0.91225,0.08942707832783382,0.0825868672451718
0.912375,-0.10006718350613102,0.09383537304687822
0.9125,-0.020742423653371634,-0.11037207282521179
0.912625,0.045334288574737196,-0.04466431895710057
0.91275,0.12957674627347956,-0.08103634810371797
0.912875,0.225278684874689,-0.022364566009435538
0.913,0.034933493411784464,-0.09696064380349666
0.913125,-0.05571033585849745,-0.017714430505828726
0.91325,0.0728184202542391,0.29275599867521807
0.913375,-0.13040380740905813,0.40222010107088463
0.9135,-0.10340054635599435,0.14749314804805255
0.913625,-0.4783142280221389,-0.009542860759535579
0.91375,-0.5197083968832761,-0.14558663760548995
0.913875,-0.19728608016157514,0.10140259681788975
0.914,0.2186488192444645,0.2028533556140706
0.914125,0.1314829391214664,0.17571871192909133
0.91425,0.06733071785291193,0.028971730668102103
0.914375,-0.12974009207483198,0.01721511825765015
0.9145,-0.05474907734642833,-0.07643877430610757
0.914625,0.03360883781024751,-0.13551432890628962
0.91475,0.011748615944445174,-0.07337801839435934
0.914875,-0.10053949437359848,-0.36465959534297704
0.915,-0.22377262367632741,-0.33932175061664505
0.915125,-0.20622845996492029,-0.0818687813646649
0.91525,-0.20408157469093455,0.2505748077398461
0.915375,-0.25632093115192345,0.2180653749643638
0.9155,-0.5684446478722142,0.08501887521937854
0.915625,-0.6559483716183547,-0.14285727231388096
0.91575,-0.5564226793665227,-0.1505069350160009
0.915875,-0.3655826096117301,-0.07774324737877071
0.916,-0.4800648910726437,0.06583947192266852
0.916125,-0.4553235228981393,0.0037189926598450765
0.91625,-0.23378752963022317,-0.2533470903345877
0.916375,0.21022870611726224,-0.13877864994952516
0.9165,0.164178884360886,-0.14522836139085796
0.916625,0.014959840468680442,-0.34819035672535037
0.91675,0.0024674049863898876,-0.4722490474974682
0.916875,0.2933308778602706,-0.5909944199129487
0.917,0.5652999319310952,-0.5049959991462809
0.917125,0.4183794027584164,-0.4710790169707384
0.91725,0.22285056887266114,-0.46330383998851804
0.917375,0.19991399131064447,-0.3360079206737781
0.9175,0.09448471922115088,-0.13581611201282887
0.917625,0.29595163966733495,0.12542486701688943
0.91775,0.34015463957578623,0.06790201840246825
0.917875,0.24679426752447403,0.1865165485857282
0.918,0.09625751313123788,-0.019491410617095542
0.918125,0.047597394595250975,0.2819254052437683
0.91825,-0.2226105685482413,0.2859460421340858
0.918375,-0.1564134857179262,0.342054114208698
0.9185,0.18425183932274872,0.40402622138001304
0.918625,0.23822803151828342,0.037811870929916884
0.91875,0.39918160958523025,0.026288024294570358
0.918875,0.7100551772896347,0.14020748252803192
0.919,0.29829524564237603,0.236944231181719
0.919125,0.07268034226032657,0.18101625258279186
0.91925,-0.13893209791971153,0.08214049379004128
0.919375,0.025116245364110126,-0.23332472209275895
0.9195,0.1800344222178901,-0.08441360558988883
0.919625,0.30861365302131694,-0.07664067127572831
0.91975,0.054939696991071596,-0.11893242767156725
0.919875,0.08081311670237108,0.26329599291754097
0.92,0.19850896654485722,0.4679866266573263
0.920125,0.21531562501770635,0.4978311386328568
0.92025,0.2438592459623089,0.27680138531392834
0.920375,0.012944970261346271,0.05886906971686626
0.9205,-0.02623929605002962,-0.16141228243567413
0.920625,-0.08137324141299372,-0.04108636608722055
0.92075,-0.16636084383292474,0.08141288703127338
0.920875,-0.13371694842911927,0.2783698625393241
0.921,-0.15462650547675733,0.25487987689409125
0.921125,-0.0573769958900002,0.01848660007004398
0.92125,0.04822163551090018,0.08245724298217408
0.921375,-0.10970516429196109,0.2812729591903375
0.9215,0.004833202055721468,0.06831157926756838
0.921625,-0.0830775753924706,0.07401675146246507
0.92175,0.2450371207322858,-0.21319477259849565
0.921875,-0.16037003307800127,0.103398057186918
0.922,-0.13342035791945225,-0.12148819270044933
0.922125,-0.17089554723410172,-0.07954769904216175
0.92225,-0.06923145843191289,-0.11609882739232529
0.922375,0.06723254845516792,-0.09232284450275663
0.9225,0.2907020739711011,-0.03124876898965274
0.922625,0.0823445395364598,-0.06906474144247386
0.92275,-0.42268925104248145,-0.038494934924553734
0.922875,-0.5582816787212699,0.10381030164450122
0.923,-0.36744125511082554,0.04968942972808909
0.923125,-0.21553964154865168,-0.10683478576029513
0.92325,-0.21101650622884147,-0.11561477108623146
0.923375,-0.3920351242838555,-0.05832859683530086
0.9235,-0.3204661703737103,-0.11924701047744465
0.923625,-0.14579515507360766,0.09466175819768133
0.92375,-0.26340384347531376,0.10637501841308108
0.923875,-0.47652197070366226,0.06007962734614641
0.924,-0.6739383247049416,-0.31671455569415446
0.924125,-0.46977714319605673,-0.425371063017046
0.92425,-0.21129843633577342,-0.17456616709564451
0.924375,-0.15676782354396313,-0.23807316182922036
0.9245,-0.11412473491571505,-0.27882555168414913
0.924625,-0.13848966423781167,-0.3272951137924021
0.92475,-0.05507534529223624,-0.3424677569357218
0.924875,0.05567831882749969,-0.45503650401061785
0.925,0.015556314027524032,-0.3573242652783893
0.925125,0.18281757063285098,-0.5131209750528235
0.92525,0.145817047668944,-0.5491849269967835
0.925375,0.38029198629628863,-0.3804832760238148
0.9255,0.5635447859812814,-0.10136271500135488
0.925625,0.5427507014979049,-0.1303901006131163
0.92575,0.39441864814420613,-0.19929589350042495
0.925875,0.22348142399589846,-0.19936526439989813
0.926,-0.0011752050235012987,-0.03334079162245704
0.926125,0.13054201390578118,0.019088240651717735
0.92625,0.10514239068583288,0.09271567605190313
0.926375,0.10249894628699405,-0.042141262395695454
0.9265,0.12513362840513265,-0.08670400500585847
0.926625,0.4155672113045249,0.3949378435714506
0.92675,0.5303840900697522,0.6867682216649668
0.926875,0.5179707642673933,0.5313279917565287
0.927,0.21444237426195908,0.3572265360456311
0.927125,0.17454437142326903,0.21453891541295145
0.92725,0.07337498435815856,0.21401895942120142
0.927375,-0.06173629608396449,0.09124591018656973
0.9275,-0.14818369780302287,0.21468542054002582
0.927625,-0.17907663298490492,0.007543749978777852
0.92775,-0.04186030340195527,0.14706738705366568
0.927875,0.0842797057081779,0.3191187036423193
0.928,0.06744383751408049,0.4508910546458682
0.928125,0.11620375577309844,0.43349683141183454
0.92825,0.11105508133465644,0.3722677800345789
0.928375,-0.14986664251796994,0.07035888599830159
0.9285,-0.2624197968780393,-0.10588630329094104
0.928625,0.07383321753809031,-0.268101418197707
0.92875,0.259552990277214,0.005468827344560544
0.928875,0.2629795279316639,-0.15118009823576764
0.929,-0.08397482247330956,-0.1817000120019449
0.929125,0.2985892710535459,-0.07716324398744161
0.92925,0.19288123914475777,0.08063664325275206
0.929375,0.3181593529052356,0.18190825349065118
0.9295,0.10547685432904053,0.009599793706926782
0.929625,-0.211464777095101,-0.12956605188844314
0.92975,-0.2862701905428707,-0.1200534977909891
0.929875,-0.21897945151602619,0.06800837864994737
0.93,-0.14073781117984313,0.12611263348726853
0.930125,0.08602163032689074,0.04789368381323171
0.93025,-0.3719124175936988,0.0939233299773576
0.930375,-0.14532563250972008,0.1342870701978047
0.9305,-0.014618648509071245,0.3635872144223889
0.930625,0.21127887966234346,0.2865147385390834
0.93075,0.24426051646030045,0.06406986778445505
0.930875,-0.03404739316703108,-0.13576551674533854
0.931,-0.13027367692697941,-0.13372794177299704
0.931125,-0.36013941724337967,-0.24481926406894047
0.93125,-0.2634800754278975,0.009412000132923952
0.931375,-0.42900193257061703,-0.13101015484546485
0.9315,-0.39368744754869617,-0.1937082320449179
0.931625,-0.1885539723328687,-0.2099273808290078
0.93175,0.1848356783594924,-0.04161224435822525
0.931875,0.01692949146068414,0.20189014065506586
0.932,-0.45888591749466595,0.14570038471830557
0.932125,-0.37113488441083914,0.0060997788777617705
0.93225,-0.35063895492389163,-0.1712145955310276
0.932375,-0.19509094601690757,-0.14555677468826028
0.9325,-0.26633736470358055,-0.20193438444740436
0.932625,-0.3479162481317508,-0.37177460520325356
0.93275,-0.14589045312065832,-0.3812399691139444
0.932875,-0.042763778564896,-0.1910846168588815
0.933,0.13699482868202187,0.09125814169873939
0.933125,-0.021975590765827464,-0.11693976915247238
0.93325,-0.1762595654883873,-0.2814294557039367
0.933375,-0.22704352073749742,-0.35894929191861
0.9335,0.0133137598468025,-0.2690252681642798
0.933625,0.03379120989685185,-0.2113557409976044
0.93375,-0.1372804638880343,-0.26364485724124137
0.933875,0.0335927401152547,-0.2949083515008922
0.934,0.31819538978143663,-0.14660144141633563
0.934125,0.7545543892832641,-0.1593093648464212
0.93425,0.7467882751218554,0.08182990855433156
0.934375,0.21948161941135663,-0.06048904313666911
0.9345,0.048220898276599665,-0.07304921903484843
0.934625,-0.016884284108109705,-0.09035117875005941
0.93475,0.3566574141222565,0.042078618672806864
0.934875,0.2944895313931795,0.03524696500676687
0.935,0.029221709589113375,-0.1250572465188614
0.935125,0.0025777984288742925,0.018757481839815734
0.93525,0.08738191050100522,0.2804413186121336
0.935375,0.3338364641443518,0.6107340293964835
0.9355,0.3657514115597296,0.8517093402605471
0.935625,0.37687629432847414,0.2489485530649479
0.93575,0.11574004676376594,-0.10157663081967347
0.935875,-0.03258337586330128,0.06464115873260676
0.936,-0.18357856124977856,0.1706066954258324
0.936125,-0.09356368899505467,0.266843388563895
0.93625,-0.056021770680779716,0.09334166541861488
0.936375,0.16208367344637453,0.045810246499816805
0.9365,0.12197732944140947,0.10708676726897663
0.936625,0.19235045911346507,0.3256369212012073
0.93675,0.11092201599820843,0.2873595998904628
0.936875,0.261084793081247,0.1369857284631599
0.937,0.4212661547846371,0.04705836700789912
0.937125,0.31329702727837666,-0.16821200776753137
0.93725,0.3431534968365675,-0.2322054841385621
0.937375,0.2733986495593172,-0.3482973056134054
0.9375,0.10800758354194435,-0.1268029395126997
0.937625,-0.04573940115642889,0.07830636575041255
0.93775,-0.1641452386455172,0.2101316239070275
0.937875,-0.27713841948640755,0.1201520217907236
0.938,-0.04320952217295481,0.2450698278659122
0.938125,0.17652382042863804,0.2805961128554793
0.93825,-0.011793058357428875,0.28150959121773855
0.938375,-0.18062673452810504,0.30451913728217944
0.9385,-0.2386814210911238,0.29233837246950717
0.938625,-0.17927540790511828,0.3120916495315769
0.93875,-0.1111089630833126,0.15358544990716594
0.938875,-0.11432250360132014,-0.043218266452672245
0.939,0.036603485232455595,-0.28650784165464716
0.939125,0.20773486799176236,-0.22843253484892553
0.93925,0.14795939983748296,-0.12627287326652356
0.939375,-0.2971058055096721,0.23156683664278396
0.9395,-0.2816383142632806,0.16855836615209865
0.939625,-0.44861856040006814,-0.156570668511424
0.93975,-0.24230053713159672,-0.19354040330791983
0.939875,-0.20850986675818925,-0.238604896261098
0.94,-0.3816873344071546,-0.2589887810200559
0.940125,-0.424335018439119,-0.03721734105268917
0.94025,-0.5473484649982333,0.1194896512619867
0.940375,-0.4089145753645601,0.19702742859436673
0.9405,-0.42617504712522636,-0.029361530116468238
0.940625,-0.06602819770923382,-0.24316006269947044
0.94075,-0.04722026575586859,-0.4079530390217786
0.940875,-0.13284617558425804,-0.33583693449476437
0.941,0.0021831156016716715,-0.34976530360370656
0.941125,-0.5383179011717671,-0.260432264521921
0.94125,-0.4299452506382462,-0.35422740728485475
0.941375,-0.18388353703961952,-0.5159490633360498
0.9415,0.09258220551150644,-0.5164668421400228
0.941625,-0.003994274230061641,-0.3429596767960017
0.94175,-0.02411122027723159,-0.20676627432031905
0.941875,0.028631976094112378,-0.12405741084820962
0.942,0.2035083489660731,0.013597580727551722
0.942125,0.3661677572787812,-0.03465207061381359
0.94225,0.6889207905131637,-0.1587658091584237
0.942375,0.6368984198702698,-0.5606924559780119
0.9425,0.42912041427105235,-0.4658550609879657
0.942625,0.17648216307038528,-0.1932138174961824
0.94275,0.24529422578694293,-0.07678250173501665
0.942875,0.48686708179797794,-0.010541575138901225
0.943,0.6963105144270022,-0.08345715831603209
0.943125,0.5830809442139785,-0.10118204817797705
0.94325,0.44233825609849736,0.3859282157244061
0.943375,0.09812571078741923,0.38669024385226686
0.9435,0.2650839567322645,0.3766039323065745
0.943625,0.1768294708207044,0.71896624886263
0.94375,0.17680054521472938,0.42047474709102384
0.943875,-0.06733029976211076,0.2713664189098588
0.944,-0.39275991523361004,0.10777227528897665
0.944125,-0.3472461997375105,0.2624935601677407
0.94425,0.0737687280616946,0.5840129318954262
0.944375,0.008897391164380626,0.6411796255555542
0.9445,0.08143298639139292,0.33834511273141055
0.944625,-0.08038728675490144,-0.001656131191948591
0.94475,-0.04578510072318449,0.1409927363054682
0.944875,0.09031759612177392,0.31648435827408783
0.945,0.03369909342944342,0.11368099386871387
0.945125,0.19853956592144417,-0.0950863599070009
0.94525,-0.24749322374082125,-0.34200349376010103
0.945375,-0.10555429083099609,-0.23440284762524718
0.9455,0.029213388823941276,-0.03325831883848029
0.945625,0.12050258274231469,0.2308630766844405
0.94575,0.12027200167535752,0.012799359214451182
0.945875,0.15469235837910897,-0.08065990561148467
0.946,0.1786995953453649,0.07898737127244594
0.946125,-0.09283578619697064,0.18292725219961073
0.94625,0.014350837316090844,0.3129565068919769
0.946375,-0.10448556843797936,0.011464762255408873
0.9465,-0.024784229452054638,-0.2863064890551499
0.946625,-0.06107647198813739,-0.1334771598194913
0.94675,-0.07573172517657521,0.04795161911105835
0.946875,0.0020815790901423307,0.07038198838771409
0.947,0.11283036208419357,0.2613721507953416
0.947125,0.12255801322482023,0.09951096585185322
0.94725,0.18723123975524514,0.049666805923134924
0.947375,0.2360226537884304,0.08192405773703632
0.9475,-0.11040774435376577,0.11262562900115408
0.947625,-0.09264096036607021,-0.031055215673388103
0.94775,-0.29585563114348384,-0.14700851290614353
0.947875,-0.21416787652489475,-0.1577967358620674
0.948,-0.21194736088915012,-0.061988472805229025
0.948125,-0.2996807511383805,-0.02963786077153006
0.94825,-0.29655198566544994,-0.14532501281585986
0.948375,-0.48380560806866246,0.15774626191920546
0.9485,-0.702948025757728,0.22035018212989754
0.948625,-0.6263489434889407,0.14893179001164886
0.94875,-0.5217891553733424,-0.07413476764880032
0.948875,-0.22839624257036747,-0.1606598104355616
0.949,-0.09574885822595969,-0.286260867963913
0.949125,-0.08634769309589245,-0.2219376564274353
0.94925,-0.4090868071852573,-0.19530189396238126
0.949375,-0.5058100861698505,-0.1868195317185592
0.9495,-0.06946161872527666,-0.37633548858889754
0.949625,0.1828755383834517,-0.3865652085285753
0.94975,0.3552965315638238,-0.6712137235312701
0.949875,0.37207505135496705,-0.5904864952726182
0.95,0.5259721951312246,-0.35950731572581807
0.950125,0.422783594765598,-0.09248770671579044
0.95025,0.18636244978722674,-0.05971658513769476
0.950375,-0.017211070020534156,-0.33794665635403365
0.9505,0.08724743110549453,-0.3521200951298765
0.950625,0.2854860035234887,-0.45481781665477977
0.95075,0.2947458076895639,-0.06609817957936598
0.950875,0.10285102853349248,0.08368816612683075
0.951,-0.023910222547525187,0.2856566806294413
0.951125,0.06078011932737129,0.43266992004135885
0.95125,0.4109663684842168,0.4640073973759099
0.951375,0.1975336841255355,0.3763115696802339
0.9515,0.037770521500724456,0.08953903680279363
0.951625,-0.2606431726728843,0.04240819018745613
0.95175,-0.20195853203470895,0.15209911785857436
0.951875,-0.17346644706001627,0.20263663248436864
0.952,0.11434193675883307,0.3526603186795496
0.952125,0.4468263469857599,0.23320260577569646
0.95225,0.4713626875952524,0.007825905513586954
0.952375,0.05160285742322653,0.0399486340056273
0.9525,0.06904375405062955,0.3011104114497615
0.952625,-0.03761216764735896,0.25985364812978334
0.95275,-0.17335325861866882,0.09649061957520781
0.952875,-0.01845932908210831,-0.18766093743931686
0.953,-0.010580865271295993,-0.36099380175756385
0.953125,0.04491771808699563,-0.025077574359000116
0.95325,0.34179060467652866,0.11397414877706875
0.953375,0.2714622455512922,0.31953807501619325
0.9535,0.35962578527610356,0.3500621968950129
0.953625,0.18959634849856874,0.21208082414644333
0.95375,0.3580403506981767,0.15177933965143497
0.953875,0.13901297284265712,-0.041513395287134505
0.954,-0.09436484096280316,-0.1733722800265071
0.954125,-0.04240176730527078,-0.08822750199645997
0.95425,0.3042455385068971,-0.05991719574756021
0.954375,0.35940034167678664,0.04144862679123561
0.9545,0.07559542855538845,0.22535511912680686
0.954625,-0.05872431327969324,0.08127997650255657
0.95475,-0.22936283645354422,0.17243688861769738
0.954875,-0.15357778626957713,0.27613592619195765
0.955,-0.09343495903525224,0.4106921139247927
0.955125,-0.2270954363481923,0.2770809489989115
0.95525,-0.3204761393751665,-0.028834126085150253
0.955375,-0.11029734740128341,0.09264437674955694
0.9555,-0.29717895296373803,0.05826197541486561
0.955625,-0.17864485993745452,0.4974279545001559
0.95575,-0.23838592869094063,0.09849343222009457
0.955875,0.030026067575594746,-0.12771538038251085
0.956,0.2118778700061364,-0.03388768615252136
0.956125,0.13399519777941446,-0.10867382641236988
0.95625,-0.3101596506802328,-0.1155001557036807
0.956375,-0.2634935389479899,-0.22846122212128805
0.9565,-0.328474678464654,-0.43995666612615664
0.956625,-0.2102360448440153,-0.1900205889081549
0.95675,-0.25437929884710203,-0.22284786402412257
0.956875,-0.3286652199494707,-0.34459355343814024
0.957,-0.3038210759330822,-0.20955867342337456
0.957125,-0.42623297236901003,-0.08130340687853449
0.95725,-0.5490612957010089,0.011180808698938532
0.957375,-0.47521371315918537,-0.010537311718433615
0.9575,-0.19954227946029215,-0.18458067768348868
0.957625,-0.16075876167790107,-0.16818031043844459
0.95775,0.022118510641931575,-0.2448130348256188
0.957875,0.056239593593916545,-0.3368256315855746
0.958,0.10084784137145258,-0.32361403279615514
0.958125,0.12899893643030344,-0.3291325081075638
0.95825,0.18172581718938918,-0.26596314483819206
0.958375,0.14716465601919068,-0.3473239711523251
0.9585,-0.08070962240632032,-0.4169596999561688
0.958625,0.0004773661923043361,-0.4063509547885536
0.95875,-0.1117856597407006,-0.4216581002637245
0.958875,-0.14930413510641935,-0.03198828554830575
0.959,-0.05156800682900675,0.11562900649097986
0.959125,0.17260292134329863,-0.03190400857611463
0.95925,0.2387561218318601,0.16013245503699897
0.959375,0.5045338582055432,0.2556982802243346
0.9595,0.3042594341323216,0.20255271415633586
0.959625,0.33084981926676016,0.13227130149418434
0.95975,0.3390815911590245,-0.007997222724628286
0.959875,0.16140221720115894,-0.049713536488092805
0.96,0.4910571824953145,0.00408734716208477
0.960125,0.4725660870776482,0.02164094763795351
0.96025,0.4423724780914716,-0.1368762550910362
0.960375,0.2869985371743522,0.03620532691952
0.9605,-0.03796627703489363,0.17099749807298742
0.960625,-0.10527392331129971,0.3333062117167135
0.96075,-0.0004771376326796941,0.3586831901413824
0.960875,-0.09405163690050099,0.279778067028521
0.961,-0.11221308726228774,0.1758734115321152
0.961125,-0.12705735420213762,0.3441959008342833
0.96125,-0.2630420422097944,0.29614626717715187
0.961375,-0.07733152339994435,0.5198398877636846
0.9615,-0.07590798778111103,0.48322890376528915
0.961625,0.1299188555932113,0.08943796273584695
0.96175,0.7615058374293783,-0.02735655779089842
0.961875,0.7386540589613956,-0.18437736802824284
0.962,0.46807492555553687,-0.06534367702775412
0.962125,0.08137404406112585,-0.16362076413665555
0.96225,-0.20857040964897355,-0.21811983906035096
0.962375,-0.1635936378283971,-0.0472840613735703
0.9625,0.21850640328835572,-0.19186853896025988
0.962625,0.2675991099856302,-0.06053808383020681
0.96275,0.022467330697543933,-0.11015846093680921
0.962875,-0.08884055736781003,0.22613887386444487
0.963,-0.09199827801191773,0.591652807495508
0.963125,-0.03907685587064994,0.6764406427268022
0.96325,-0.07694077287649928,0.4510458556988166
0.963375,0.08034392882157501,0.04103980161591106
0.9635,-0.020238322151008546,-0.2257040610340269
0.963625,-0.2276128037238439,-0.030546191093296197
0.96375,-0.13928668300551927,0.08854670990811105
0.963875,-0.0012195707125596102,0.2349523565432854
0.964,0.06059392099577491,0.03887491161440184
0.964125,-0.01561999219297525,0.032897787765637586
0.96425,-0.20974999675601314,-0.1562058474486933
0.964375,-0.3327565834762771,-0.16706603239013268
0.9645,-0.4452405198286168,-0.076545420344223
0.964625,-0.244038458200961,-0.009311152640890311
0.96475,-0.04063490541033666,-0.15401384363827203
0.964875,-0.16242267738137897,-0.13581009697742563
0.965,-0.20882570119133398,-0.24303935667995796
0.965125,-0.6175571042702633,0.07729001670393794
0.96525,-0.6216753078072824,-0.06045777274703471
0.965375,-0.33170742246623947,-0.07924613864949424
0.9655,-0.09748403200396939,-0.2084228408576653
0.965625,0.028958091025061073,-0.3171564914263639
0.96575,-0.2897261430532438,-0.2529537992525225
0.965875,-0.12504702359428596,-0.323923898673433
0.966,-0.09413540034412415,-0.12309565675195401
0.966125,-0.20327089236510834,-0.020003841642143288
0.96625,-0.1402577784727517,-0.33748600808164936
0.966375,-0.09844818717524091,-0.549981519379309
0.9665,-0.015395608279235588,-0.6491271865461894
0.966625,0.07207719869067572,-0.2942940648089669
0.96675,-0.12929808257758008,-0.06058946632343626
0.966875,0.0500655659964647,-0.01212913934103791
0.967,-0.05111127509490926,-0.09219771471811358
0.967125,0.37228226317458535,-0.21114687587320993
0.96725,0.7565393701224874,-0.1379924937050132
0.967375,0.7355411330858554,-0.025215826112703104
0.9675,0.19663831162564363,-0.22161316527639385
0.967625,0.0915281411890267,-0.13076505069872607
0.96775,0.20845474731701952,0.05163188068723917
0.967875,0.45493647747890326,0.06693695226696622
0.968,0.07871468932235381,-0.12278857037508206
0.968125,0.04582477615725213,-0.1442459406762021
0.96825,0.03643205781009466,-0.0022760439801130764
0.968375,0.23049530719718975,0.2340969557483384
0.9685,0.48991850299624207,0.5351937303177633
0.968625,0.3951713493033786,0.4401453776557397
0.96875,0.03590666375879141,0.14529905403360077
0.968875,-0.16768191422086606,-0.06741364091771118
0.969,0.0007608324611543043,0.13893428293853013
0.969125,0.21684085133946732,0.22043722553147177
0.96925,0.5673727969119144,0.21260691949836721
0.969375,0.5827004744034266,-0.0653240569885539
0.9695,0.4338897410681209,-0.0801955507243799
0.969625,0.10768772058198371,0.297483951301519
0.96975,0.1363334602931727,0.45788573089822016
0.969875,-0.0168527376577645,0.23168603155168258
0.97,-0.18954789692041732,0.08364806056477024
0.970125,-0.24782718146547347,-0.14841464527307915
0.97025,-0.1946265371270144,-0.09200535189354256
0.970375,0.03532021066950004,0.040827549305998995
0.9705,0.1410480944802544,0.4698005050546608
0.970625,-0.021489444848483225,0.5220979529971003
0.97075,-0.31898274267387683,0.26760438623158367
0.970875,-0.45253112763335385,0.19497684982698626
0.971,-0.3055366206055966,0.12396638177278076
0.971125,-0.08908404475845497,0.17395741620580218
0.97125,-0.0691467257855203,-0.20551886284114929
0.971375,-0.01025780693858033,-0.33783692403169074
0.9715,0.03311850787723124,-0.35908349429068326
0.971625,-0.011972842144903333,-0.02196549349443606
0.97175,0.1908257269718028,0.2804929376301327
0.971875,0.12268607225431064,0.08550300773870666
0.972,0.26607478110463656,-0.2874626965663287
0.972125,0.09139724252743157,-0.4345226845614594
0.97225,0.11067785018110328,-0.22602797400422858
0.972375,-0.28249399150755855,-0.05980416923137335
0.9725,-0.2484931449992018,-0.15440672153371537
0.972625,-0.03285768960780426,-0.10671331797033498
0.97275,-0.02223519674491184,-0.0849982437001347
0.972875,0.13071705951477702,-0.07539668622079553
0.973,-0.09945531197559648,0.2632621155014512
0.973125,-0.11108732180715944,0.2621912853407166
0.97325,-0.19284731169379463,0.13525196819532834
0.973375,-0.022917804806406688,0.10313444111272822
0.9735,0.052625802850142685,0.13897827725495907
0.973625,-0.0686331927140853,-0.2169107064650459
0.97375,-0.2807380050418271,-0.2446311150450247
0.973875,-0.5149222085778841,-0.06355274058478705
0.974,-0.6125731421611503,0.03754475346418157
0.974125,-0.4612858367043499,-0.012641734584264331
0.97425,-0.339725425074381,-0.1554263005706462
0.974375,-0.3957806002837875,-0.12104519437620433
0.9745,-0.21741458800838673,-0.2627413480643317
0.974625,-0.11539370517825376,-0.06711635892749405
0.97475,-0.02855309489090384,0.04562940184126524
0.974875,-0.10969308471462083,0.20977942455147222
0.975,-0.29209326538192515,-0.26968942808940183
0.975125,-0.1835558494439167,-0.5673863486230564
0.97525,-0.1890573741677634,-0.46796179014365136
0.975375,0.09410781522124188,-0.46835157551977236
0.9755,0.16838224172476163,-0.3632764930602878
0.975625,0.353978626789394,-0.2331115325783889
0.97575,0.27614787869183205,-0.19456634035156123
0.975875,0.4273109941437412,-0.15978731723724618
0.976,0.4990936064669121,-0.09256347812232116
0.976125,0.519902502275261,-0.07500739926521671
0.97625,0.241817146577083,-0.239391277814134
0.976375,0.2439585325891023,-0.37922710875291415
0.9765,0.2388865699242192,-0.18410323951464463
0.976625,0.3289747518874592,0.1122569484695558
0.97675,0.2600432719071852,0.3043188856063014
0.976875,0.2851009545370772,0.16136085804194736
0.977,0.22980217967388789,0.32075908205832077
0.977125,0.08631180550274256,0.31648410040988006
0.97725,0.06500556517262678,0.5036410282446085
0.977375,0.17506386315641329,0.3433606617613006
0.9775,0.22267625881709205,0.2077628533443114
0.977625,0.4884110000717401,0.2828317064657952
0.97775,0.18111236762828423,0.3333795799916784
0.977875,0.046233698989676365,0.3207557239783477
0.978,0.1024696836291353,0.40622870010621587
0.978125,0.14965417222186417,0.23521074943414358
0.97825,0.09815520305638453,0.15267639732475663
0.978375,0.13272156636997923,0.2004497288018498
0.9785,0.3601104021462159,-0.01883709516841637
0.978625,0.12259337054922029,0.1286555239126318
0.97875,-0.007804554506862859,0.15192483326840586
0.978875,-0.012306897611927952,0.05398338263299277
0.979,0.011137028406763418,0.1300016913987688
0.979125,-0.039836851307528794,0.17251013834091883
0.97925,0.03015109404579328,0.09481033410745307
0.979375,-0.3737603396050726,0.1428221458729755
0.9795,-0.41324803432464713,0.046988862548222425
0.979625,-0.24370134489134734,0.18556400435861406
0.97975,-0.07902869263971166,0.14625997537717536
0.979875,0.10805829201119233,0.16845773248190782
0.98,0.07356570067310723,0.019177557264273427
0.980125,-0.03542506854080292,-0.14217976716724434
0.98025,0.02986036025376357,0.10766224156065403
0.980375,-0.06081585598587986,0.24206012723153442
0.9805,-0.23508744181353938,-0.03592186645328478
0.980625,-0.20967971064925442,-0.396443434418667
0.98075,-0.30574291790330776,-0.38840004139110934
0.980875,-0.20956223501885957,-0.2710216506050769
0.981,-0.32749547394461626,-0.05533164977188442
0.981125,-0.0966431465519683,0.13370777596162164
0.98125,-0.12988286538622748,0.11484118271900214
0.981375,-0.24782888035819042,0.038722455582180605
0.9815,0.09093591302582257,0.006876835353508063
0.981625,0.012098857080874074,-0.13181025915478492
0.98175,-0.1980064356782289,-0.1396351099579093
0.981875,-0.23967965533281793,-0.18790947300094235
0.982,-0.3969112920045297,-0.2193562055416893
0.982125,-0.3372703170861613,-0.4158122120057317
0.98225,-0.24329557954685646,-0.06813368139620359
0.982375,-0.1729571799924298,-0.14065915141855928
0.9825,-0.18215399953300085,-0.022618109730559346
0.982625,-0.2822919863005544,-0.008011171774519842
0.98275,-0.553919837558868,-0.050884305486750055
0.982875,-0.4592754494684766,0.1261595677542876
0.983,-0.045940002802694536,-0.12553200069389936
0.983125,0.1077810866690625,-0.3440468796653842
0.98325,0.3384642059080247,-0.45910898648990145
0.983375,0.10797444764912384,-0.39384786761019425
0.9835,0.014849731384992024,-0.19148877259805952
0.983625,0.17870898406802627,-0.12380278970006092
0.98375,0.25131405599934437,-0.08135173882869866
0.983875,0.34642519043167197,-0.29190442879135003
0.984,0.20586301598322668,-0.572861293804436
0.984125,0.09618012324533479,-0.29862470599235
0.98425,0.41656916693678936,-0.1914730966207299
0.984375,0.7680902932850743,0.19905656576085035
0.9845,0.6592642737611503,0.3290379783944352
0.984625,0.48362219674220347,0.17815454661253663
0.98475,0.30130314607459235,0.14170429427614759
0.984875,0.15627530204937154,0.06441831686557806
0.985,0.1823485957223555,0.40215505970858073
0.985125,-0.10781335958219035,0.34327742387892674
0.98525,0.03045411576242687,0.12868803464313167
0.985375,0.06906627333431595,0.1367489843397817
0.9855,0.12807995906458544,0.43047263453921075
0.985625,-0.25172044743168004,0.6449154315548348
0.98575,-0.24205688097653966,0.6021390605823227
0.985875,-0.2508336036216416,0.41004887579703125
0.986,0.010942405623895797,0.10163457432652233
0.986125,0.11953599658526175,0.11513065253779395
0.98625,-0.09011381192091873,0.05353804190705038
0.986375,-0.20984007438026878,-0.04505826186672538
0.9865,0.04329823654089638,-0.008184713018210946
0.986625,0.38504012257623643,0.05722501572073967
0.98675,0.19544283583218694,0.030176996653189007
0.986875,-0.10577255779689776,-0.23651015324828994
0.987,-0.18406447908377033,-0.2520405065064728
0.987125,0.11057857253933726,0.027202186019121777
0.98725,0.1546723304624467,0.19164195947248938
0.987375,0.10713583528698704,0.13075146560866904
0.9875,-0.19750767429917343,0.02630961743540643
0.987625,0.19277097915163463,-0.15844665813504633
0.98775,0.3158206933436256,0.07000863942129443
0.987875,-0.043266962612620356,0.24221687918935647
0.988,-0.26023344850602287,0.1383206347120865
0.988125,-0.27340331312487953,-0.13345530497867475
0.98825,-0.04100270583885558,-0.018651439961347608
0.988375,0.1670971092752555,0.04919985737042963
0.9885,0.06578997694328063,0.21351536367929191
0.988625,-0.15499873312013923,-0.21586450606886143
0.98875,-0.1878621468956997,-0.01643925184071659
0.988875,0.005323005134148439,0.04439448885088132
0.989,0.3850656781855904,0.4156518564491367
0.989125,0.32525424835148625,0.15998750193238997
0.98925,0.16339773614333086,-0.061083177409476976
0.989375,-0.13272450554309514,-0.2694432295688572
0.9895,-0.026196731754501004,-0.09735255486715484
0.989625,0.13549830033385643,0.053910887361189895
0.98975,0.006206598781406581,-0.03973403184726888
0.989875,-0.6844256398474221,-0.2706601447416637
0.99,-0.8831535372722237,-0.3530551269555262
0.990125,-0.6448345646017949,-0.11951489899437298
0.99025,-0.33171019806977914,0.3581124998293635
0.990375,-0.15231994922796344,0.20674629206206563
0.9905,-0.12151030457470532,0.06558055003413887
0.990625,-0.1878834139541267,0.007120225458503891
0.99075,-0.37100481344161135,0.11472472642462674
0.990875,-0.552454051044212,0.09829386179372179
0.991,-0.7077654032724692,-0.042450057004971946
0.991125,-0.27997386024163473,-0.4694326996384268
0.99125,-0.12329830903018656,-0.681542235978381
0.991375,-0.04754897695165843,-0.6419184009740019
0.9915,-0.0002600568400486806,-0.29596303608962987
0.991625,-0.2756327569718354,-0.23790607407983969
0.99175,-0.12913224464875422,-0.08244728619282894
0.991875,-0.0371735647221397,-0.3391353002808538
0.992,0.3488874454628347,-0.40675927535617296
0.992125,0.36497213542582796,-0.5883332074685383
0.99225,0.3906797035690411,-0.5962742753945204
0.992375,0.48339724983117893,-0.17018176593371717
0.9925,0.363127038442952,-0.0750900663532272
0.992625,0.41925069821454725,0.058874676662284436
0.99275,0.2611946800571675,-0.10778771751878048
0.992875,0.36353788520527314,-0.1014848267417355
0.993,0.47350539833582306,0.02041817854942224
0.993125,0.3358768623653018,-0.11249740319489149
0.99325,0.3164227424521557,0.19899190796250343
0.993375,0.18487447801605597,0.265090362712927
0.9935,-0.18233392464454035,0.3660962620653651
0.993625,-0.2112870953643654,0.49322911911606143
0.99375,-0.005432604480618441,0.3609693292364526
0.993875,-0.02770499443527831,0.2566634487829558
0.994,0.13018043314164507,0.23834852951248361
0.994125,0.20040862352179728,0.3089313238650803
0.99425,-0.011098048198514834,0.5394607680439383
0.994375,-0.30978495984409865,0.3495348426429912
0.9945,-0.5427937478671581,0.3788283732207178
0.994625,-0.050130005727618505,0.11629226136448084
0.99475,0.1105318438097949,-0.08076115518022876
0.994875,0.2769313254854991,-0.018297732956448823
0.995,0.21306336304061568,-0.1174661530922321
0.995125,0.06294019072497682,0.21696143914939187
0.99525,0.279015298628283,0.1337953843064542
0.995375,0.5400044070337707,0.2813139821915074
0.9955,0.16391640212085468,-0.09814486423053224
0.995625,0.10760807731426723,-0.16322799252007184
0.99575,0.17579671951493694,-0.3396444183501887
0.995875,0.008784989365273952,-0.07420160319277203
0.996,0.011413951629310942,0.286940373442783
0.996125,-0.03752959760424074,0.17557415141392366
0.99625,-0.1867799157122752,0.1519464363284878
0.996375,-0.18351442703401963,0.04798605604340403
0.9965,-0.3813814624179243,0.23031981123831483
0.996625,-0.43784340634726976,0.24253636267885245
0.99675,-0.3245254146510732,0.3995599849477645
0.996875,0.03939683918966469,0.13227142867891858
0.997,0.05411511861632536,0.21492262089492847
0.997125,-0.017112449263447745,0.006640133375642033
0.99725,-0.141747465880934,0.04002981354876673
0.997375,-0.19267594380489902,-0.03014748628623934
0.9975,-0.03478935822410989,0.03535897606192417
0.997625,0.08245616198591794,-0.33582563792642095
0.99775,-0.044891896984613246,-0.32106593645570947
0.997875,-0.3262394862622156,-0.3563986220636504
0.998,-0.22375407917113546,-0.19254776210208746
0.998125,-0.34177007571766643,-0.1798926805324152
0.99825,-0.1265838634229394,-0.095841832639653
0.998375,-0.30694401984137626,-0.15028562766456027
0.9985,-0.40952640580701155,-0.18264142429376878
0.998625,-0.17244434039743733,0.09542148983493162
0.99875,-0.24218753303698493,0.16474528651311068
0.998875,-0.41256622044995406,-0.08478395641819768
0.999,-0.5347964378934206,-0.14836435219795288
0.999125,-0.5728264839738296,-0.282063121123665
0.99925,-0.3680489872641582,-0.15116427354124368
0.999375,-0.26042708521304525,-0.20373279302901265
0.9995,-0.1711347087068064,-0.18541786117511008
0.999625,-0.1311327275756207,-0.29400035128328766
0.99975,0.012672308427788732,-0.2159678540412589
0.999875,0.25345748283465847,-0.1744831502111065
1.0,0.3694061882968568,-0.10911875662484793
1.000125,0.12341134496263671,-0.38181928642051155
1.00025,-0.040528417088302814,-0.4714945063016849
1.000375,-0.12945021173045299,-0.592571859290168
1.0005,0.14247832380538983,-0.4113352348732092
1.000625,0.5130394021355513,-0.1487201165162049
1.00075,0.5712733138815864,-0.2048824985402655
1.000875,0.48203636786766274,-0.026050310854479935
1.001,0.20145837369465452,0.11002621605749775
1.001125,0.22811457830054704,0.20830849903134102
1.00125,0.16764473261066493,0.3017106020531533
1.001375,0.10036471926345367,0.1337049107805346
1.0015,0.14883750164425125,0.04328224897383437
1.001625,0.31363981493748994,0.03205008209905222
1.00175,0.4610993311199994,0.12430862156904118
1.001875,0.39679382581294287,0.4336981771895665
1.002,0.03588865990318968,0.6050971695458939
1.002125,-0.3080009796942034,0.46922603609581864
1.00225,-0.13005918448707224,0.13608971140598464
1.002375,-0.008237023715507089,0.0700118934255195
1.0025,-0.07444390087241583,0.3012522485988648
1.002625,0.18862178942339108,0.1693361699218438
1.00275,0.1580260582453868,0.11563971055963729
1.002875,-0.009598472436154328,0.3303073552513936
1.003,-0.01682043020911773,0.5229889208711533
1.003125,-0.17550684408098288,0.4306368235285928
1.00325,-0.2468363028044104,0.24140917761743066
1.003375,-0.3570943230798932,-0.14948440892367557
1.0035,-0.09610316414819062,-0.2447647737223327
1.003625,0.08134193454373136,-0.09455044831587936
1.00375,0.12067389000247215,0.15884614039110534
1.003875,0.3317057980660701,0.038808484301914366
1.004,0.1607377044098023,0.22793282161087233
1.004125,0.32963394942729246,0.07338555918287597
1.00425,0.19208979121252182,0.060840665882524014
1.004375,-0.1556856293947945,-0.23214234456162258
1.0045,-0.3161840717523836,-0.20619929733164025
1.004625,-0.23980138576613025,-0.20385064183199114
1.00475,0.09212118522402724,-0.25535324320842423
1.004875,0.09145903536744619,0.0060209088070916445
1.005,0.1749903006495685,0.2680640066346752
1.005125,-0.2036650875670821,0.3545391269988918
1.00525,-0.3321375612329251,0.314933689117705
1.005375,-0.27457318127729635,0.29656192455760727
1.0055,0.01254662585033499,0.19253706317996436
1.005625,0.2464047275653553,-0.04521072874312966
1.00575,0.4148570910066588,-0.359751290131712
1.005875,0.03586632771187951,-0.19353662583961473
1.006,-0.07917821327076668,0.03317180759236826
1.006125,-0.3344272081242591,0.18175705347502463
1.00625,-0.32382741691924327,-0.008805910063661949
1.006375,-0.13689962287598748,-0.2654323821228567
1.0065,-0.02137410518462291,-0.25203082311377994
1.006625,-0.13389795878125638,-0.2126641828028046
1.00675,-0.3772154688982682,0.02955873027222367
1.006875,-0.2859765625027159,0.29206231461674387
1.007,-0.2827502718299496,0.19084966199157538
1.007125,-0.6330387115398708,0.13795692804658877
1.00725,-0.6080179587871934,-0.12793142454014486
1.007375,-0.5533689579149421,-0.3472403200255938
1.0075,-0.44745394191043786,-0.2470762005354986
1.007625,-0.2506865128161546,-0.04988362980218526
1.00775,-0.06844987214515849,0.19686285675052606
1.007875,0.20599484459577314,-0.0892415318158035
1.008,-0.02989162276370438,-0.5085161573291596
1.008125,-0.0006124669199446301,-0.36172287844589884
1.00825,-0.2729707885097703,-0.48298138257791084
1.008375,-0.2530175580191053,-0.4174053052565424
1.0085,-0.004547609695802074,-0.5475109642462049
1.008625,0.4535432647936089,-0.6728281597080473
1.00875,0.5676901214050655,-0.39133155776779777
1.008875,0.459226318290556,-0.2881629021555955
1.009,0.37898837668479834,-0.07270368968056024
1.009125,0.5606541732412914,0.20821782605107608
1.00925,0.6335851449121821,0.0274676268955676
1.009375,0.41146373970767963,0.022737334766228745
1.0095,-0.034366673886321274,-0.18417036753274343
1.009625,-0.05869545723386099,-0.23087378247137189
1.00975,0.1378860806557168,0.024273939042178217
1.009875,0.4307528182663146,0.28159367722944334
1.01,0.16339133354241261,0.5517030252764629
1.010125,-0.017603613756563757,0.4177959952650114
1.01025,0.08299732322054452,0.46809958228512694
1.010375,0.054965363999523516,0.4983531512220012
1.0105,-0.054797861504126515,0.5510514879785066
1.010625,0.034517425120531284,0.30729651358788634
1.01075,0.09824309534859552,0.1547121793026046
1.010875,0.1420283300073446,0.03652432388404777
1.011,0.10052145452774083,0.31588313965603504
1.011125,0.14160477988809136,0.3047710763364796
1.01125,0.2221276535231463,0.11896177071977809
1.011375,0.20482880414373206,-0.038716109600903305
1.0115,-0.038038510527790864,-0.004115045149351575
1.011625,-0.23751024921802105,0.0009293126485364109
1.01175,-0.11056596316830684,0.0014101506864599115
1.011875,-0.13913796993729266,0.004262021605451078
1.012,-0.1071889373013853,0.039784910931434256
1.012125,-0.037184860337268075,0.1807051276654113
1.01225,0.24664565858559698,0.02954979211849461
1.012375,0.4496549279445277,0.15605677830728681
1.0125,0.016768852014610904,0.24001557148705377
1.012625,-0.25427488383079777,-0.07499726027215449
1.01275,-0.2697068852942812,-0.03178581519656099
1.012875,-0.11916114966678175,-0.05433980861807617
1.013,-0.014509875681183525,-0.01290731489642448
1.013125,0.15556637173835705,-0.11096512138993446
1.01325,0.3870410963394438,-0.17789072479427134
1.013375,0.22735313264820803,0.015241031459928613
1.0135,0.021017989994339948,0.24343855727307134
1.013625,-0.19042653539866206,0.27617420112193036
1.01375,-0.22027555528823617,0.1662352456532106
1.013875,-0.3037408899227057,-0.27001059459986637
1.014,-0.2231569899834182,-0.39522981326682777
1.014125,-0.03778388667094548,-0.17262828951323134
1.01425,0.14356222145720607,-0.020005023867909092
1.014375,0.03641500249010433,0.13217993537532058
1.0145,-0.24343330482041747,0.2840583463778511
1.014625,-0.270434094982973,0.2582161879262416
1.01475,-0.11998418971931796,0.026861419497689224
1.014875,-0.023823538968299647,-0.23559920100540271
1.015,-0.072456478374136,-0.16071935387520955
1.015125,-0.2152629775409886,-0.2876675139409888
1.01525,-0.20776431143854107,0.05776706306154166
1.015375,-0.35716254864639385,-0.09338025771207531
1.0155,-0.35752931543752936,-0.010004640717417745
1.015625,-0.335118275675341,0.018625486362692657
1.01575,-0.14185995679264118,-0.22792509778106876
1.015875,-0.23591915072536432,-0.23183116623825276
1.016,-0.2752619742551502,-0.1883158595348794
1.016125,-0.5203252452673571,-0.25838774124830877
1.01625,-0.2519793713829539,-0.18440410551325093
1.016375,-0.15005098478638515,-0.2650173338795346
1.0165,-0.19138101940889013,-0.2712213067993447
1.016625,0.2689184038422124,-0.3439702270218058
1.01675,0.2533087167795647,-0.3120338353063532
1.016875,0.2676043797407133,-0.4579426728723871
1.017,0.4216056311217614,-0.2511765886051295
1.017125,0.10182235526819057,-0.18960098449700663
1.01725,0.08362810604490414,-0.18444802233016655
1.017375,-0.037971535213802594,-0.3515790847540443
1.0175,0.12581915337845298,-0.23381191679186536
1.017625,0.152601257230332,-0.18096928850353114
1.01775,0.332499265673368,0.05145500606616553
1.017875,0.34516629347829636,0.2019557348056417
1.018,0.4689630124355007,-0.06251893656025682
1.018125,0.38348092235039893,0.1921088152358973
1.01825,-0.029099377545811763,0.23821502744823778
1.018375,0.033630186715039395,0.04159328365901767
1.0185,0.034759175146501585,-0.13394384876730597
1.018625,0.143979419232118,-0.08653323493999665
1.01875,0.384019395859395,0.1399328052302289
1.018875,0.37112719616731815,0.28828060385314264
1.019,0.44689559561894715,0.43984877648209286
1.019125,0.2323216625090123,0.4537470698008512
1.01925,0.2005453582155984,0.4780826422039198
1.019375,-0.04772523010139508,0.324770983300865
1.0195,-0.12281122132006941,0.1466244967984271
1.019625,0.035927417992359864,-0.14500277140012446
1.01975,0.11720358287344236,0.07487489646399649
1.019875,0.3451113901674249,0.16251976190601153
1.02,-0.012501151201640845,0.1837643607807597
1.020125,-0.16506635964668895,0.42346576074719816
1.02025,0.024135889664966534,0.4060031362983313
1.020375,-0.06953678412937896,0.4097836809892162
1.0205,-0.011495715978262395,0.2740469210332728
1.020625,0.0054917962714265385,-0.011682189828832519
1.02075,-0.043098473989369654,-0.14051144542862365
1.020875,-0.08942295350114217,0.16085419281905952
1.021,0.24437227034313172,0.20808409028603767
1.021125,0.2087085487218474,0.17204215439159246
1.02125,-0.07217174831588491,0.1692750075301903
1.021375,-0.15688025187254215,-0.205494928526798
1.0215,-0.28856488814432857,-0.1594034735886091
1.021625,-0.07949225819705268,-0.000769522290529892
1.02175,-0.022439618231792552,0.09686943170092799
1.021875,-0.13760687957771991,0.0704426977130493
1.022,-0.03965053992383455,-0.10092239355572151
1.022125,-0.25014991806630427,-0.026009236379259042
1.02225,-0.0320616313029878,0.039539445642971315
1.022375,0.06508998014651153,0.18771571245685326
1.0225,-0.10847808296244597,0.013343852308637041
1.022625,-0.32918559186029406,-0.21141010458828274
1.02275,-0.3759509889771883,-0.1522549720492504
1.022875,-0.0908256501127448,-0.03374602606049141
1.023,-0.02754260567299353,-0.1627803669381441
1.023125,0.03550935155464888,0.09161391648321952
1.02325,-0.04243732574042061,-0.11492128973113241
1.023375,-0.15685067950815257,-0.1801383114893224
1.0235,-0.3049424821271821,-0.03735714016802465
1.023625,-0.5294973481004986,0.041044764509629544
1.02375,-0.5744467926455976,0.08730831784905804
1.023875,-0.3258050620230053,-0.16472629907078745
1.024,-0.3198289579682483,-0.2084662138599397
1.024125,-0.4702294227290947,-0.10983950616048657
1.02425,-0.5110334371069624,-0.1408640334509128
1.024375,-0.24737719509025025,0.02761421420395158
1.0245,0.16876383928819172,-0.10022458519355434
1.024625,0.12538010756833368,-0.22260192561837253
1.02475,-0.21840122837168466,-0.22281743237635704
1.024875,-0.400366204259098,-0.5636692011535712
1.025,-0.2557026528091575,-0.5146572719110966
1.025125,-0.14229734827994764,-0.31679049724204217
1.02525,0.14408160678154613,-0.21272462296055641
1.025375,0.4338916376548887,-0.39283870761256445
1.0255,0.5576379127414286,-0.4866424727615199
1.025625,0.6116781524218303,-0.1378491665608277
1.02575,0.5788540427097105,0.0694232575083497
1.025875,0.5274016388290799,0.060656770646636646
1.026,0.42453540822478736,-0.1434189857022797
1.026125,0.2957209573171328,-0.2773750629573304
1.02625,0.22446268986832563,-0.48739618210486796
1.026375,0.11128944563944845,-0.2120612848670959
1.0265,0.28550042839194323,0.12410490006474989
1.026625,0.3972526518897851,0.3969727521022765
1.02675,-0.011445556870272797,0.6404443891219084
1.026875,-0.16475264253792007,0.6025939403289436
1.027,-0.23506229825476174,0.43566668239524703
1.027125,0.23151039279805544,0.3148055398643774
1.02725,0.2578115931293585,0.17900410101510414
1.027375,0.17341417547628332,0.3208237646746187
1.0275,-0.11957177291327035,0.0893396744223722
1.027625,-0.07581218439092578,0.22658690403575082
1.02775,-0.029218259324136863,0.3282947375709397
1.027875,0.464108421265492,0.2828001926765651
1.028,0.5558392925741322,0.06259502474099872
1.028125,0.18042205656534135,-0.19663106065336583
1.02825,-0.2491372020893169,-0.0918720994711377
1.028375,-0.29944533355800956,0.2033559340884098
1.0285,0.05035802843344923,0.298657820354127
1.028625,0.21199469741465693,0.3017814298498212
1.02875,-0.004374052442329853,-0.022041842035406396
1.028875,-0.26169854025880723,0.0449237240222937
1.029,-0.27853307303144725,0.21715181280705625
1.029125,0.12299859319334736,0.4395027884641533
1.02925,0.3809971137655698,0.5110766610860952
1.029375,0.2708627867586551,0.09074380485280589
1.0295,-0.01425498940609353,-0.3648399637538741
1.029625,-0.29390171067263826,0.02450369078307269
1.02975,-0.12371131925724478,0.031174709230460996
1.029875,-0.09694866931407604,0.0021044091147109697
1.03,0.048955186373910435,-0.06276039710248679
1.030125,-0.09697195564436446,-0.2623180694191246
1.03025,0.09351734658985278,-0.11696685183382699
1.030375,-0.02125184965356234,-0.1108232700876185
1.0305,-0.07735199448857757,0.17814723446650707
1.030625,-0.14532482738329858,0.14769050058679617
1.03075,-0.013720546503547452,0.0752750742144497
1.030875,-0.09234406837312449,-0.1358333337623566
1.031,-0.3322578750699082,-0.20846865104480322
1.031125,-0.2055149664803015,-0.179604964328138
1.03125,-0.2607855539447464,-0.0606861227649196
1.031375,-0.17797118378373364,-0.07662388474194005
1.0315,-0.13148289630895912,0.08271798759407026
1.031625,-0.040664153895411864,-0.08333073660784036
1.03175,0.08195790345117307,-0.11054785345994098
1.031875,0.15748506166574905,-0.16535503031353596
1.032,0.1648007331053305,0.06806531938799912
1.032125,-0.06311567568481406,0.09923896517724434
1.03225,-0.3352599466486654,-0.3034521173247801
1.032375,-0.5770416819516949,-0.3991304009752805
1.0325,-0.32118990166809336,-0.05273774394687583
1.032625,-0.38820192641773393,-0.2075527613086962
1.03275,0.06313515722285805,-0.06097520129355875
1.032875,0.03363225251558263,0.022271371321939064
1.033,-0.13146474566595556,-0.08216780436704796
1.033125,0.017101996455980827,0.20520518651962957
1.03325,0.18593182095339256,0.19004874933582624
1.033375,-0.010924216118119782,-0.10270417161799479
1.0335,-0.14865755410057968,-0.21684717946834975
1.033625,-0.18772624210197747,-0.5455241529020791
1.03375,-0.03502799872577848,-0.5946556199221998
1.033875,0.1139503945466099,-0.1847741032309154
1.034,0.01658085353991867,-0.08387390780710458
1.034125,0.023593661555254122,-0.19296572861080044
1.03425,0.19558674206604718,-0.0798107389032783
1.034375,0.16209229048933352,-0.07441842636215394
1.0345,0.41027047928173205,0.18144808056419678
1.034625,0.4235729536420456,0.03781059150250342
1.03475,0.2453253332994484,-0.17341588169364355
1.034875,0.33233264700974413,-0.20392615410782244
1.035,0.6427048393398165,0.016364343959312314
1.035125,0.5844213940450279,0.06867700329496534
1.03525,0.2301973920023378,-0.010408766866226424
1.035375,0.047244934109040675,0.0309222408702522
1.0355,-0.1160333159121389,0.16053969258036077
1.035625,-0.24045055830040182,0.1787289214230706
1.03575,0.037557257752639475,0.28011295004557213
1.035875,0.25653820088519785,0.38796543309509857
1.036,0.07753280681409695,0.36154068652882765
1.036125,-0.23792321569820157,0.2522551054549051
1.03625,-0.1301602137613118,0.448722022160749
1.036375,0.43365037138606555,0.427900921847033
1.0365,0.4980371749905738,0.3260893347048849
1.036625,0.48242899881801543,0.02164308778521184
1.03675,0.18996112077924104,-0.1004275911677734
1.036875,-0.13586756046161813,-0.07260606969719187
1.037,-0.1104439786750206,0.05095637168853179
1.037125,0.2941340046468068,0.09968898202335581
1.03725,0.4313650675090993,0.05213173052726123
1.037375,0.18176295893415192,-0.12789347594759096
1.0375,-0.05449336908890954,-0.10170775572106551
1.037625,-0.20715544369634192,0.23612929217901205
1.03775,-0.35056038921087534,0.6689194707808472
1.037875,-0.21880648966777078,0.43126683168605984
1.038,-0.20731525564054862,0.13918765881229547
1.038125,-0.27358401884367306,0.02137969407554347
1.03825,-0.31266186278083824,-0.03546969758779684
1.038375,-0.01754480788814709,0.18162008511549388
1.0385,0.1617050812621766,0.23795995512650694
1.038625,0.19295985863363133,0.23184630516842009
1.03875,-0.10732484310835959,0.1498251721968236
1.038875,-0.020766174266173918,-0.21266788972170922
1.039,-0.08809457745499402,-0.3683744652480051
1.039125,-0.16148759685371408,-0.30309923379503995
1.03925,-0.2517468310756378,-0.21707657491722948
1.039375,-0.2587577679529053,-0.27416978573095374
1.0395,-0.28961640832580915,-0.2689881224091673
1.039625,-0.3273539514664109,-0.008806803003103459
1.03975,-0.3061231099978433,0.15292360412750056
1.039875,-0.23555333311118143,0.0423749052165025
1.04,-0.24428077806928394,0.07804812448250102
1.040125,-0.18188042968351723,-0.08632470477892656
1.04025,-0.20256786901293353,0.10026536713352834
1.040375,-0.2096545515507058,-0.008138679913624264
1.0405,-0.26403059419496183,-0.2399029983999293
1.040625,-0.1602914480409694,-0.016615568253545772
1.04075,-0.4021142709420073,-0.2812212150620846
1.040875,-0.24206876559569288,-0.19366265780374722
1.041,-0.14254641450250866,-0.21617300808886122
1.041125,-0.08336602111880863,-0.25856191236416404
1.04125,-0.09746368580689814,-0.29991694152626563
1.041375,-0.3720734162112988,-0.10262494344460792
1.0415,-0.43285222161875125,-0.26443763444416296
1.041625,-0.41416341561355896,-0.09556151228012803
1.04175,-0.17685371261605812,-0.0828048231317669
1.041875,0.12782393433251266,-0.24363594484069195
1.042,0.398734786747542,-0.15530249693226114
1.042125,0.28508976244655465,-0.24770253978991053
1.04225,0.15827319202013124,-0.13318071710359525
1.042375,0.36984441538432344,0.08458788037578938
1.0425,0.49947321630445496,0.013889958699628424
1.042625,0.5055251715010537,-0.21626555348484783
1.04275,0.16454592946310867,-0.46535806699122534
1.042875,0.1310726991868974,-0.39534945849861935
1.043,0.294696344692304,-0.24006615709367843
1.043125,0.5262954744444428,0.0697099387110532
1.04325,0.2518307220564447,0.192143580705758
1.043375,0.07075820060076672,0.30615934074067425
1.0435,0.10110399446286884,0.2471496764495349
1.043625,0.3153460789163758,0.4516064925179547
1.04375,0.45340185685265666,0.4678719191801932
1.043875,0.43390011772973586,0.37669050369817925
1.044,-0.03611788393830133,0.16119671769712948
1.044125,-0.4680449578874897,0.07114942835944942
1.04425,-0.18676102751761808,0.2449704564270154
1.044375,-0.04538108307949567,0.34412040289514073
1.0445,0.368314903176887,0.20752729028382977
1.044625,0.6352185570098645,0.12289470399689832
1.04475,0.2947248082539946,0.20052153749666302
1.044875,-0.09759106480833123,0.16144159586146933
1.045,-0.23729132862574615,0.354529117313408
1.045125,-0.3221430740207985,0.2036514410719442
1.04525,0.13943401281141127,-0.00457952095639379
1.045375,0.23322051242470787,-0.25487573897577714
1.0455,0.2545643991855397,-0.26617946691011196
1.045625,0.20539126502344093,-0.13488786542617787
1.04575,0.017605057996879836,0.3553148844588934
1.045875,0.08026230017172278,0.5264353893356863
1.046,0.026398196442816477,0.4544084327793201
1.046125,-0.19372566051531365,-0.1164370302038773
1.04625,-0.19085750086679917,-0.27401230288803685
1.046375,-0.4400896265502307,-0.26850474839513394
1.0465,-0.20151640800719436,-0.0907032531321474
1.046625,-0.19219894043121527,0.24592393061572979
1.04675,-0.1182386819201922,0.2809242647253695
1.046875,-0.1983936123041846,0.22795770365000098
1.047,-0.3987894466764811,0.06996847878780169
1.047125,-0.26355163281006033,0.09782726850597262
1.04725,-0.1573152299523075,0.17925889414388826
1.047375,-0.02760806186731216,-0.22422687761903998
1.0475,-0.07402675939702846,-0.21250713975187113
1.047625,-0.0383979213485558,-0.2939587036404213
1.04775,-0.16215099593368273,-0.11653934416557944
1.047875,-0.138279664653265,-0.11894234327452087
1.048,-0.12156395039402863,-0.15292015200467587
1.048125,0.047665102101432585,-0.20040314230944756
1.04825,0.2726136304225371,-0.19042539749043874
1.048375,0.49530053687814285,-0.26737549375399045
1.0485,0.018609501233539428,0.027623127554914938
1.048625,-0.4184200648936575,-0.11263694429243307
1.04875,-0.23399964291938397,-0.07271735944604213
1.048875,-0.11052885444771096,-0.022893006201584038
1.049,-0.3211715061981838,-0.05148009159885428
1.049125,-0.2982729605587555,-0.19483569711453616
1.04925,-0.4116019616834621,-0.12981264045046223
1.049375,-0.3970918925654729,-0.04532024519081989
1.0495,-0.161464366250515,0.39961998641116125
1.049625,-0.2590215329350508,0.33461457260691285
1.04975,-0.38350452095714466,-0.02735463150957871
1.049875,-0.5076731951173781,-0.34636800979103305
1.05,-0.20230847983213757,-0.28462681374633525
1.050125,0.1324010414854542,-0.09301998834671962
1.05025,0.2803092972749007,-0.028382253469399536
1.050375,0.08988059969378258,-0.20241677467118518
1.0505,0.027770959807489826,-0.36091346514647876
1.050625,-0.15014098058680186,-0.1960984199862372
1.05075,0.11020139885354369,-0.2223471573454789
1.050875,0.24745538134377248,-0.27731491013513
1.051,0.29526853434833616,-0.42547390788049655
1.051125,0.16308041711144805,-0.39127781242282705
1.05125,0.11274555931951881,-0.08567599089785119
1.051375,0.3490596282886165,-0.00176326297076983
1.0515,0.6027554381189447,0.2709149303878795
1.051625,0.38039203935226196,0.07398487157084174
1.05175,0.48311614910484035,-0.21885828706645247
1.051875,0.06272983129516271,0.004858086703520663
1.052,0.15098466683137413,-0.041041982486328794
1.052125,0.3632566297918403,0.2378628417607761
1.05225,0.11820417255783876,0.2821894045174735
1.052375,0.021409891491398027,0.23337573950258933
1.0525,-0.03201606413337358,0.18928390512788348
1.052625,-0.046007243749584696,0.3212510186587944
1.05275,0.1047147960303378,0.554190155694324
1.052875,0.21483940785201244,0.5561371716900446
1.053,0.2853115344235629,0.26894859126883913
1.053125,0.17928798061542797,0.08546276901232597
1.05325,0.29562489112801316,0.02376206867241855
1.053375,0.10336980876015471,0.2565811475291966
1.0535,-0.16470595886874223,0.3130110789133896
1.053625,-0.006713554552206461,0.08497369763980211
1.05375,-0.0007870328514548525,0.0971577699523721
1.053875,0.11897206478593382,0.10156290463821177
1.054,0.0684356801483524,0.2010937791389654
1.054125,-0.030817769602493095,0.24265572747718595
1.05425,-0.2272466083113725,0.1588720809016419
1.054375,-0.23350078510824313,0.09049142641377834
1.0545,-0.40334636706751686,0.051383760837077457
1.054625,-0.2821995559069985,0.08270516869614798
1.05475,-0.2303562767696172,-0.1360759300715462
1.054875,-0.226978932709028,-0.11511538759289625
1.055,-0.0802742470421144,0.04321920434073624
1.055125,0.17341588770763577,0.22463818985370407
1.05525,0.115682779720835,0.20441706555855552
1.055375,0.0357656913231317,-0.05439791725002277
1.0555,0.2053376474920477,-0.15950279933624495
1.055625,0.0925686657636404,-0.3071920783279163
1.05575,0.08700714342585308,-0.3930946095775162
1.055875,-0.015916159049901003,-0.39283059303986884
1.056,0.04871894651469056,-0.35780767175146583
1.056125,0.09747479417565794,-0.17106132179922992
1.05625,0.006974309940931715,0.006503989877218992
1.056375,-0.22813312581110212,0.03369447962174115
1.0565,-0.3301835830674093,0.012149742211256776
1.056625,-0.2759253039346668,0.03323251648844595
1.05675,-0.3216260818099427,0.1209374035343437
1.056875,-0.5266793846160219,0.27937407022226884
1.057,-0.5574489839802478,0.0397423028480616
1.057125,-0.550799684629769,0.04792044482868225
1.05725,-0.3618008363781264,0.08093325434486258
1.057375,-0.1435563338448755,0.06853718808584866
1.0575,-0.07161525355813428,-0.09178391600041559
1.057625,-0.11037992250086527,-0.2601621271447597
1.05775,-0.298432776248378,-0.4400851125703172
1.057875,-0.05368854878501671,-0.30617541731453046
1.058,0.02368378490816529,-0.2966382973838908
1.058125,-0.504835893677601,-0.32800309273590306
1.05825,-0.661187683056883,-0.5946494458495794
1.058375,-0.36896959574305543,-0.48764381166864273
1.0585,-0.16980009497107137,-0.26808823681333577
1.058625,0.030012268042757397,-0.12039298769435723
1.05875,0.2636474549101986,-0.21419181913402732
1.058875,0.519547969346351,-0.14500743985023876
1.059,0.8154250850836657,-0.13982711092390349
1.059125,0.9660021953687858,-0.16280393786350053
1.05925,0.8213748691795729,0.08530946717968965
1.059375,0.35739597534749523,-0.3415892568929713
1.0595,0.2259648441878947,-0.5327763567423912
1.059625,0.11788907027839018,-0.4796890175805997
1.05975,0.2861480128349819,-0.1958002535304726
1.059875,0.29065081382170777,0.06690809870192926
1.06,0.05360956575651548,0.2478225862960325
1.060125,-0.025213446611652646,0.4027151779833996
1.06025,0.13291366414437011,0.6717636562310155
1.060375,0.13847593395903648,0.6630920034702585
1.0605,-0.048054154778382076,0.5843109822675072
1.060625,-0.0006973090500059497,0.2971884190020885
1.06075,0.08497418015632598,0.11345350359983385
1.060875,0.2667662137388979,0.15411976490743326
1.061,0.5273698989815535,0.2809049384386631
1.061125,0.25883653033465354,0.11014180675198113
1.06125,0.15713225250630267,0.13712003950461263
1.061375,-0.08075439974716637,0.09643842785187948
1.0615,-0.16265108868097627,0.2161726837331315
1.061625,-0.3110863262878888,0.1853646802668055
1.06175,-0.14176835889623288,0.07276925503326481
1.061875,-0.02550685880169602,-0.013123977554123135
1.062,-0.03979559376369609,0.019268720683779363
1.062125,0.09607404464157729,0.053118084169096615
1.06225,0.11402714341302624,0.2333335809603602
1.062375,0.048344003573514,0.1881416284729344
1.0625,-0.10092310482913881,0.118063169932706
1.062625,0.12786345435740495,-0.16493853168137498
1.06275,0.2984021984652255,-0.20087520801922745
1.062875,0.14195101178753833,-0.23161910730108642
1.063,0.32327055788238296,-0.030471533599180384
1.063125,0.015655658133939286,-0.07598086390899177
1.06325,-0.2418779286008476,-0.04589100199903403
1.063375,-0.246914008434706,-0.0625148662949884
1.0635,-0.1782739551944207,0.12535361758379995
1.063625,-0.006435584235062164,0.11120791304517955
1.06375,-0.010653808338384366,0.01075469680837164
1.063875,0.12518545383803031,0.18072393652343446
1.064,-0.38473360309508864,0.38983473231249727
1.064125,-0.07497367988687585,0.44540043968321685
1.06425,-0.023621676247327292,0.3414550852705105
1.064375,0.136158613744014,0.14737846176417482
1.0645,-0.12666913879558592,-0.0561818774552932
1.064625,-0.3729289718579733,-0.19910765998252097
1.06475,-0.549787000392454,-0.18266218091100742
1.064875,-0.498366565792723,0.000970660115691442
1.065,-0.6953291758911734,0.0710365671747321
1.065125,-0.46571203572623426,-0.003925320342110353
1.06525,-0.42593682962792384,-0.18670517532460576
1.065375,-0.3671528853532815,-0.125425230105129
1.0655,-0.41931070422494227,-0.0975296708055354
1.065625,-0.27654025114079167,0.16517424314978227
1.06575,-0.1479878759915232,-0.09082280971083526
1.065875,-0.46442711528811453,-0.3344424526516861
1.066,-0.3513354718397975,-0.49680500320532295
1.066125,-0.2474029156256811,-0.5250183310196093
1.06625,0.18198986267231831,-0.5502026752718664
1.066375,0.003748577737351353,-0.22509252602617413
1.0665,-0.030748642619854143,-0.30745287867621685
1.066625,-0.16367647970376864,-0.30444244217397665
1.06675,0.22932436911983528,-0.4907205397887649
1.066875,0.6119869147586217,-0.31733402550396855
1.067,0.6564132803200151,-0.2998203368379779
1.067125,0.14768354446637494,-0.31447479588776683
1.06725,-0.19035487620333844,-0.40419378744314793
1.067375,-0.09735416774604969,0.00010650633971422924
1.0675,0.0407066551102198,0.1022534758503987
1.067625,0.263856731907122,0.03244531915192625
1.06775,0.460241611594891,-0.1647957730117573
1.067875,0.4396520765576977,0.017252487376962878
1.068,0.7398522705184889,0.09602645706404975
1.068125,0.48248949515054856,0.5585936507177242
1.06825,0.21788424255990924,0.4820906732746026
1.068375,0.007272805858077096,0.14284318668064963
1.0685,0.04885597307865055,-0.21989050961257656
1.068625,0.001673935539945055,-0.2484552357283936
1.06875,0.12944419172252114,0.16379729969215462
1.068875,0.07816318631786752,0.29865419440927726
1.069,-0.03517022855889343,0.32199313176710675
1.069125,-0.11639416345234518,0.5600734900511657
1.06925,-0.07870520480771485,0.490343394753158
1.069375,0.1851190176291645,0.41759093781641027
1.0695,0.1972363297235586,0.07892766076990658
1.069625,0.07344570985849513,-0.10355621513787436
1.06975,-0.09224034125661805,0.0037040334608584905
1.069875,-0.02364313103885099,0.13564320744450745
1.07,0.2795269862719614,0.21833713551116649
1.070125,0.3198222491341377,0.07088793346907232
1.07025,0.11736563769909072,-0.09266840690516294
1.070375,0.07234592449279371,-0.08141820586552426
1.0705,-0.006377063764500618,-0.023167553987548755
1.070625,-0.11910928357733586,0.07882553213259592
1.07075,-0.27497827437923833,0.21845003950992703
1.070875,-0.16988843405122528,0.16171260020865758
1.071,-0.3910076713828534,-0.006500866979462306
1.071125,-0.1370286503649008,0.03313176868669419
1.07125,-0.09269391626233714,0.07627185530771442
1.071375,0.008515561838977418,0.19368441521908447
1.0715,-0.01630109455577987,0.06268656118447427
1.071625,-0.14909881907059055,0.06327589329280954
1.07175,0.05537465546779982,0.025321674758546492
1.071875,0.16592179587404018,-0.04910115375473354
1.072,-0.058249309155896455,0.023577797823935476
1.072125,-0.09512265740396153,-0.1601707000814584
1.07225,-0.24853214054054348,-0.16085475932951115
1.072375,-0.11366779787399091,-0.07860038931467248
1.0725,0.10771830658661713,0.0071707311045623
1.072625,-0.007539664119491674,-0.10486912279681511
1.07275,0.1504842111836067,-0.2858761626547401
1.072875,-0.13572888438501224,-0.18773665553674015
1.073,-0.05278652639802856,0.1444999240037126
1.073125,-0.10272797790153276,0.04984809184038237
1.07325,-0.22619617006911114,0.06421825679089725
1.073375,-0.25951178922558027,-0.13551662464652847
1.0735,-0.22413313723149006,-0.13919693580052772
1.073625,0.14326335256811137,-0.2672205453357077
1.07375,-0.12787338000847026,-0.014118432471719539
1.073875,-0.49405468088668325,0.03631724536522149
1.074,-0.9133527059837696,0.01687387186429407
1.074125,-0.7823509491717692,-0.19682504563418263
1.07425,-0.2860339504656618,-0.040417405420444835
1.074375,0.058274335622989476,-0.17754869725844669
1.0745,-0.109632953781738,-0.34627278439015463
1.074625,-0.23015675670416072,-0.12019220351528852
1.07475,-0.03605130386215928,-0.12343499395145165
1.074875,-0.005238147308114349,-0.0012536180506812192
1.075,-0.016029435755028926,-0.08591580226468823
1.075125,0.23508838186219586,-0.5499207074144628
1.07525,0.2926737483924481,-0.776647365747921
1.075375,0.2671571494681119,-0.6543617183089535
1.0755,0.16306843735161997,-0.27732214665708627
1.075625,0.1509650943016748,-0.10346918710181718
1.07575,0.35477411082212124,-0.10131519347935632
1.075875,0.4207114952020963,-0.1625728456272345
1.076,0.3658424128963978,-0.22419443614433954
1.076125,0.14800707289677903,-0.15167985464788397
1.07625,-0.0066705618147404186,0.045793035740681894
1.076375,0.21178680957753707,0.1335569850124647
1.0765,0.20743949796555455,0.0855003481165541
1.076625,-0.1844514287275654,0.216068654652176
1.07675,-0.04925662627923808,0.08293446555559367
1.076875,-0.005481296663803835,0.0639481685677897
1.077,0.14575245506007264,0.38901457050494953
1.077125,-0.15671950196899054,0.2630644189384612
1.07725,-0.07851134852460358,0.22782903083939657
1.077375,0.2583017247463003,0.20321188792919276
1.0775,0.4664791297199739,0.10120173214716886
1.077625,0.4713550995022796,0.1130904827021306
1.07775,0.5231249391956384,0.2322268505294286
1.077875,0.4493587164866005,-0.007635713707425355
1.078,0.2545785706883723,0.015136129858857698
1.078125,-0.0038614898357285246,0.00885889817315981
1.07825,-0.2311200500798337,-0.14276312866510357
1.078375,-0.22911647665547671,0.05375910592770204
1.0785,-0.12013487878855676,-0.13059716490144838
1.078625,0.03869728648602315,0.04212365436444625
1.07875,0.12529298299019653,0.310615136785808
1.078875,0.05616469978295532,0.49550113221200814
1.079,0.04264980321129359,0.4972446167546694
1.079125,0.2679018564890508,0.34859589913430217
1.07925,0.06783158095484117,0.33601054663848556
1.079375,-0.039840410486927186,-0.015933561147139896
1.0795,-0.29099125340276194,-0.0862269956490088
1.079625,-0.2013262907566418,-0.05208469243534461
1.07975,0.025137524696179355,-0.006051106063012015
1.079875,0.18612649144199064,0.07920795175559099
1.08,0.21429534481727938,-0.0015949578244488518
1.080125,0.060988034487883584,0.015157187270725942
1.08025,0.10544781137829513,0.025423792054426794
1.080375,-0.11696247964293081,0.03215816681635445
1.0805,0.17634076339353602,0.05840726727736313
1.080625,-0.04021344927492466,-0.08022013060286955
1.08075,-0.2111904245686657,-0.2116121670496642
1.080875,-0.25542518462360275,-0.08752444721834862
1.081,-0.22685804473886084,-0.05958058747064423
1.081125,-0.22264621088764056,0.17535886145937
1.08125,-0.1788899378220513,0.20588298480123388
1.081375,-0.08359072313126173,0.05875633959333298
1.0815,-0.08117550917402809,0.08743158853258357
1.081625,-0.04784838322014794,0.06379205206268745
1.08175,-0.4101833404863211,0.01986691753037199
1.081875,-0.3316204741580307,-0.05302446403066305
1.082,-0.12421879816277129,-0.14522448342192035
1.082125,-0.05642709236455271,-0.17125188058808186
1.08225,-0.4197671356341219,-0.2719012917075298
1.082375,-0.5581462664385215,-0.3575477972667289
1.0825,-0.6473659181857344,-0.24033984612418993
1.082625,-0.3594606361426814,-0.21162491512056858
1.08275,-0.20352665378733828,0.08756807348990701
1.082875,-0.11332401286193171,-0.2202654802268131
1.083,-0.2687472199083135,-0.35140149973559476
1.083125,-0.09660222753782292,-0.2706817647258478
1.08325,0.25564430719560294,-0.20318091613349867
1.083375,0.1894854181759206,0.0038590154676017637
1.0835,0.17564042225519072,-0.30834198842904037
1.083625,0.15303931747923258,-0.45553803161787876
1.08375,0.32648312730214035,-0.4866404546733518
1.083875,0.4584771702712266,-0.2800340347688883
1.084,0.39777837587101933,-0.15043660977859932
1.084125,0.28886582379867326,-0.18364377340539034
1.08425,0.3948310940561536,-0.20678161767728984
1.084375,0.28558192229093327,-0.07992794534277532
1.0845,-0.06365103759190646,0.08573205718753028
1.084625,0.12647914220188128,0.08524650250486526
1.08475,0.161840793228702,0.21535267727956053
1.084875,0.3580191172251564,0.2723415301584549
1.085,0.24250142819284665,0.4116389480020118
1.085125,0.15932468893892976,0.3244176076465549
1.08525,-0.013530244330563396,0.3350714262641407
1.085375,0.03892459459343069,0.40203003447676905
1.0855,0.37708240393731707,0.31062007346332476
1.085625,0.6861669135691004,0.14939046425325703
1.08575,0.508691998948061,0.048064518812871646
1.085875,0.10045400645052971,-0.026389197354928957
1.086,-0.024644248008845973,0.10677509470207178
1.086125,-0.3058234459599926,0.18413715488104848
1.08625,-0.07378214552519527,0.23782093579954539
1.086375,0.18732963001248376,0.044797101639424165
1.0865,0.13411390472284568,-0.15945976344605908
1.086625,0.31185465676550284,0.10628766022280588
1.08675,0.14818676816228327,0.2776174975807538
1.086875,-0.044734851458247085,0.43855537560684843
1.087,-0.286251163502303,0.5083296527820145
1.087125,0.07335140812855384,0.23172080580529658
1.08725,0.0753512144799192,-0.11853520975467015
1.087375,0.3003826609776475,-0.02881084283720481
1.0875,0.06076886558685812,0.10982957727224271
1.087625,-0.3986946274969044,0.12637290302191292
1.08775,-0.49649008132853034,0.1646976226298499
1.087875,-0.2828282914859388,0.28983912970277437
1.088,-0.09221701204533632,0.21580036800961888
1.088125,-0.1926216064534425,0.012501234947390041
1.08825,-0.3092117709103667,-0.1316867824842677
1.088375,-0.37160575476993324,-0.14700892601838958
1.0885,-0.24797056341410534,0.2821965565116108
1.088625,0.045077843777699425,0.19077681843907432
1.08875,0.2598673979380462,0.022771036032252976
1.088875,0.18797813282600193,-0.30188818533720385
1.089,0.019468370217092246,-0.468565590518048
1.089125,-0.14332580980392626,-0.40675529174119396
1.08925,-0.14843411668251,-0.07248105022544453
1.089375,-0.2521458988849752,-0.0590020855594598
1.0895,-0.07059919791408123,-0.2557805159892409
1.089625,0.0476536461876066,-0.23019575023911454
1.08975,-0.05667186561803875,-0.12473241625536483
1.089875,-0.11762825296317199,-0.025701043962613457
1.09,-0.11876156869083661,0.2878155653871411
1.090125,-0.18895422506400747,0.15879332532346893
1.09025,-0.06141322234535039,-0.035091073193007215
1.090375,-0.1415914288839299,-0.14033717328200748
1.0905,-0.1663501315363207,-0.21315184406987617
1.090625,-0.30427337254671644,-0.19243984902452002
1.09075,-0.4200387540975326,-0.002316063046068866
1.090875,-0.597404809733,-0.0349673561246801
1.091,-0.6676715094975434,-0.02493170902328095
1.091125,-0.29731942719542814,-0.08040643949375091
1.09125,-0.07333587744041319,-0.08737807316144422
1.091375,-0.21066853132218832,-0.12379553531279067
1.0915,-0.041279303115929464,-0.13194969421364
1.091625,0.11069669838569088,-0.04158319807561717
1.09175,0.16129456688457963,-0.10066177630387951
1.091875,-0.12055615367405859,-0.07172679734068925
1.092,-0.07287351800163892,-0.36643778811082717
1.092125,0.09767622414279735,-0.3888079764697594
1.09225,0.2866174679801118,-0.586881523023665
1.092375,0.3541982740836562,-0.38840265019346115
1.0925,0.17506110184699628,-0.14709132577932005
1.092625,0.025994300081244304,-0.001887102621344672
1.09275,0.08402021864683717,-0.08900068927460246
1.092875,0.287555723323172,0.062304985552829026
1.093,0.42077653785464697,0.05105320922039877
1.093125,0.5232017548638094,-0.15577742203573122
1.09325,0.26787934082821846,-0.1222263801682847
1.093375,0.004609821966870576,-0.002436218746936346
1.0935,0.07934661307652259,0.222799342552198
1.093625,0.2577527785751297,0.37433138190955206
1.09375,0.04796999286559082,0.2885838104893193
1.093875,0.10769982502837365,0.15188381668266931
1.094,0.028413028165572937,0.1502696331565452
1.094125,0.3545930844088983,0.27395528420483267
1.09425,0.3537214813210188,0.4191695919625575
1.094375,-0.06884891280859108,0.34946965774002015
1.0945,0.07732537491052609,0.3058046899162254
1.094625,-0.11124098509367221,0.1522294025463636
1.09475,-0.1785928218550301,0.1483593913445125
1.094875,-0.2427911026703832,0.02796272971837281
1.095,-0.037227993680202257,0.12788115493833307
1.095125,0.15256682499595878,0.13760563560422945
1.09525,0.33724832984026587,0.080405522974798
1.095375,0.15838653238664435,0.28746445057780273
1.0955,-0.17318932998023365,0.30449654401648807
1.095625,-0.23300557399221938,0.18916095829980178
1.09575,0.08632418239975428,-0.017593205421056444
1.095875,0.3680140396406559,-0.0679831664521128
1.096,0.24939079516960758,-0.18387240162221116
1.096125,0.20966832359291038,-0.1834935644059004
1.09625,-0.20455301933910136,-0.09486819397897926
1.096375,-0.3068533109301987,0.06653875658780202
1.0965,-0.21038491716736862,0.3168360237019862
1.096625,-0.05908612675230495,-0.10822420461880958
1.09675,-0.036727792094648645,-0.1077489007709492
1.096875,-0.009730197204019483,-0.14088670736233933
1.097,-0.09054823267722995,0.003888094135377772
1.097125,-0.11305362863046121,0.30006929552533224
1.09725,0.03678473892524431,0.32086870546235713
1.097375,-0.17891941305201867,0.1939120073986294
1.0975,-0.4073372303711137,-0.24906362379962088
1.097625,-0.30100527323878884,-0.2510659424031878
1.09775,-0.034136575475838,-0.10611446986376896
1.097875,-0.10475469172368289,-0.08442110364331062
1.098,-0.166586087903936,-0.04933813654591027
1.098125,0.1566080415057603,-0.10473763006519375
1.09825,-0.0033851146843289276,-0.09989264775280107
1.098375,0.045864866281519964,-0.007692105157418074
1.0985,-0.2870907050375256,-0.11734756943729185
1.098625,-0.25881943826437426,-0.20008306108985383
1.09875,-0.3960657721279772,-0.35141019630429965
1.098875,-0.2920578614544057,-0.3473915592869306
1.099,-0.14173839726573584,-0.08800998585504738
1.099125,-0.1041470612296861,-0.08490650381312012
1.09925,-0.1760923362501438,-0.06289026151887339
1.099375,-0.21403095517352644,-0.0019210920513816044
1.0995,-0.3867320875632102,0.052975864262646756
1.099625,-0.25082351106225625,0.07945407491150958
1.09975,-0.2789318836425247,-0.09416576611118038
1.099875,-0.002026990977532722,-0.27062963350114455
1.1,-0.13096637204030412,-0.3386885467766213
1.100125,-0.2596982572417641,-0.1649663328260394
1.10025,-0.059634550352689546,-0.13428758173460095
1.100375,0.05141045982834389,-0.22065550269922976
1.1005,0.14269624064083944,-0.22212050523504834
1.100625,0.337771268415942,-0.12026464095987648
1.10075,0.29790527014718676,-0.13831546063523886
1.100875,0.16713954958309116,-0.34885590345331735
1.101,0.2963771730979042,-0.1908325668376602
1.101125,0.08140275111470113,-0.14136213314171672
1.10125,-0.012980907197624004,-0.10747901044816571
1.101375,0.04713801944803697,-0.1884982384535928
1.1015,0.29347808504149914,-0.012217899052909778
1.101625,0.3009096903653444,0.056577171180323925
1.10175,0.46044671684302435,0.21119662206342998
1.101875,0.21139176737451365,0.28224388664915123
1.102,0.27405213226970343,0.036124285394934445
1.102125,0.2581531777163383,0.19717967883967596
1.10225,0.38960421753243507,0.41670644049913896
1.102375,0.28379018869754047,0.1437235357238308
1.1025,0.1470206085677339,0.10279379037958306
1.102625,-0.011366138332238306,0.05136775995400118
1.10275,-0.00198231856907247,0.30236395573191005
1.102875,-0.23714301695009846,0.2130639353380735
1.103,-0.12333809225442122,0.27434909648733935
1.103125,-0.0859496386541921,0.23232798259254062
1.10325,0.16054773611406556,0.21926066584157214
1.103375,0.1822330011863489,0.33337496844033854
1.1035,0.3020897787325476,0.27847428573094435
1.103625,0.23697652407579683,0.21576735464494293
1.10375,0.2607934141339958,0.08014808001716286
1.103875,0.4537029532458281,0.04673690867346349
1.104,0.44914981724817327,-0.26286147202605975
1.104125,-0.006860873874820362,-0.1256236847309015
1.10425,-0.44290266669261047,-0.1349770434356382
1.104375,-0.5098231032635879,-0.17490649659615423
1.1045,-0.41067276751261206,0.19303663272046206
1.104625,0.06902798689412809,0.27549986148329125
1.10475,0.09882075281376139,0.4161583148279349
1.104875,-0.1813952668147024,0.1700811354758124
1.105,-0.10450544388504897,0.195786408460909
1.105125,-0.009922466592771052,0.42783734149508884
1.10525,-0.015287561872204845,0.3591908590992043
1.105375,0.10943354340062064,0.021889495131229158
1.1055,-0.2066904613658763,-0.32228709054017435
1.105625,-0.18234077242494734,-0.4293894869307869
1.10575,-0.07317558944177721,-0.30251264735358985
1.105875,0.022509098647445273,-0.0660617795666081
1.106,0.03528587628262409,0.07852879406233071
1.106125,-0.04985688992143381,0.0019198066730110623
1.10625,-0.05599451448673682,-0.07436000422650059
1.106375,-0.46132854336682405,0.04065020920610196
1.1065,-0.6257298351527324,-0.023163726049426923
1.106625,-0.566265496224669,0.054795385681694044
1.10675,-0.34502861335987745,0.045279885447782615
1.106875,-0.1806278921412326,0.09505928531057296
1.107,-0.14574329952528584,-0.06315643295485274
1.107125,-0.2823749826110207,0.010000878126389607
1.10725,-0.35668448592279034,0.06739623878977256
1.107375,-0.19872015070181306,0.04854750561517789
1.1075,-0.40428798923582876,-0.21074253480257596
1.107625,-0.2396181193692983,-0.3746485913739518
1.10775,0.041621802648931665,-0.5884539230489553
1.107875,-0.020151615856317147,-0.4653243131170835
1.108,-0.007927197225432076,-0.29990027866122876
1.108125,-0.15482177430142807,-0.08155060562157794
1.10825,0.03067758081612494,-0.17599398623885232
1.108375,-0.013736427373243229,-0.2851261638450282
1.1085,-0.2350968352861435,-0.3817702010104906
1.108625,0.0953831795783682,-0.37285974276664013
1.10875,-0.03916975602185066,-0.2936894195818043
1.108875,0.25250822888556695,-0.22060181222534875
1.109,0.2918107398629696,-0.0487721026150005
1.109125,0.28239510255574796,-0.08269874798317203
1.10925,0.3449032968002912,-0.15040222781292653
1.109375,0.04498759651928213,-0.1336018947805243
1.1095,0.06619350137947395,-0.03220664052954319
1.109625,0.2895295753883872,-0.09022691760702259
1.10975,0.28077993252726424,-0.06751108723619824
1.109875,0.6689647559960233,-0.07098557961878339
1.11,0.599548079236574,0.20130047836054743
1.110125,0.5463444719561172,0.3363275797279373
1.11025,0.4106290174639746,0.33378243437333055
1.110375,0.4309410488588134,0.15256200394759792
1.1105,0.42648690378740356,0.05796151107990547
1.110625,0.4158450706841351,0.19988547464570378
1.11075,0.05225066158082319,0.11212204102873455
1.110875,-0.28519731813210625,0.09517660019046935
1.111,-0.1462607512638912,0.25437272481144385
1.111125,0.048752586530478585,0.34025525338704604
1.11125,0.22921545688585898,0.6346557965308944
1.111375,0.19384666515049254,0.5210065027363641
1.1115,0.004855363687526128,0.39600503731806075
1.111625,-0.18916296014531386,0.3274110119196887
1.11175,-0.2951108823168989,0.22724385186878074
1.111875,0.07918133860855417,0.2797991850238664
1.112,0.17232606745722195,0.14862843849751972
1.112125,0.2084978846758047,-0.25755413580282227
1.11225,0.1815003764197334,-0.08837431456065636
1.112375,0.11033336173824859,0.1191953124571992
1.1125,0.17007170452976292,0.19287969108420822
1.112625,0.0292853443233673,0.10667808428979389
1.11275,-0.07704555296895978,-0.05456671429944904
1.112875,-0.03272507773625091,-0.07362461481877526
1.113,-0.07527589114732666,-0.13792575192560724
1.113125,-0.18650562493350029,-0.035721493066247896
1.11325,-0.1994860823225122,0.10015616397401854
1.113375,-0.26342601579709046,-0.04764833946818413
1.1135,-0.3252446897886585,0.23343026610938983
1.113625,-0.4387584314909034,0.24288482409127693
1.11375,-0.36629142724429353,0.3493770468151348
1.113875,-0.059962273717969375,0.09846611003130569
1.114,0.003220830674631035,0.004326227035716524
1.114125,0.07349339139593074,-0.07815052515926832
1.11425,0.22408614062758586,-0.08343927388955738
1.114375,0.0003051689238921926,-0.23161667922306703
1.1145,0.1316769202461965,-0.22381154812167464
1.114625,-0.2749149128884418,-0.19306061615084807
1.11475,-0.3458945726936565,-0.30843237674912394
1.114875,-0.09921977392944005,-0.443410854797542
1.115,-0.03782414016837144,-0.08785178161716953
1.115125,-0.2735691237601518,-0.09086115416410476
1.11525,-0.7378674065039318,-0.017817386664999057
1.115375,-0.5313668433792349,0.07363701652488876
1.1155,-0.21725902673140265,0.1136330790508221
1.115625,0.007153491277169315,0.08686607138338046
1.11575,0.07819880370592852,-0.07108688787338326
1.115875,-0.2321680848858039,-0.17247659864253329
1.116,-0.4458239933428577,-0.2244266064203241
1.116125,-0.27649856434020614,-0.03321071614018252
1.11625,-0.24103210265449604,-0.07394246425698815
1.116375,-0.26956455060003126,-0.3331195064550177
1.1165,-0.44148211268847826,-0.7269484002587963
1.116625,-0.2181198255016377,-0.6194216458698146
1.11675,0.1365056366762192,-0.20427950958899768
1.116875,0.4168581974846965,0.07176478449160516
1.117,0.3301373152621069,0.15707727937872848
1.117125,0.18120592795105644,-0.1750186465935236
1.11725,0.3627418631234593,-0.4424627383374004
1.117375,0.5934393947007026,-0.39373827498602787
1.1175,0.5474252141982755,-0.16749099560858344
1.117625,0.27153035903421735,-0.15499203739348935
1.11775,0.025296489798412713,-0.22437222242882493
1.117875,0.08629093769525271,-0.2900475024195774
1.118,0.26167244197990713,0.011055558356843357
1.118125,0.49880596433059615,0.3484374934583297
1.11825,0.33750429230303347,0.34638385332581534
1.118375,0.35177939992087803,0.28126586777138035
1.1185,0.16750331066896243,0.4260706622214427
1.118625,-0.09089120458444748,0.5368240686446183
1.11875,-0.21471931726640325,0.43263306592368644
1.118875,0.016812664753379856,0.4278659459350453
1.119,0.18373249281732143,0.22347308654585343
1.119125,0.2016471784537856,-0.03885195085861686
1.11925,0.4706916226448709,0.07208465112565637
1.119375,0.10285126468391322,0.3727898601130812
1.1195,-0.17444850353778785,0.15249542373390307
1.119625,-0.328296126665505,0.19672974554492959
1.11975,-0.42479550106513625,0.08174118697797829
1.119875,-0.14839101897482046,0.15322341191436545
1.12,0.1271105307829838,-0.04220166496822171
1.120125,0.3292196141148541,-0.009241939155057848
1.12025,0.5304105963040181,0.25723971786377026
1.120375,0.4062332363448107,0.33512074613174997
1.1205,0.5268925090049693,0.4467500285072818
1.120625,0.5250080585263683,0.039405947213211445
1.12075,0.05535116828178543,-0.23200072253300622
1.120875,0.06814839149336666,-0.253946939683746
1.121,-0.36240068514354534,-0.37078348477546536
1.121125,-0.43884663457072093,-0.24827716600600622
1.12125,-0.4473635913949152,-0.042071804086217225
1.121375,-0.29201476924760683,0.10126526985262678
1.1215,-0.2055115932159418,0.37621465371537377
1.121625,-0.289875764537446,0.38217897277345514
1.12175,-0.29851851278727926,0.3603087785066505
1.121875,-0.10655366171170007,0.13942490389658876
1.122,0.10162588381161186,0.17105914949982248
1.122125,0.318364393655147,0.043461532870706074
1.12225,0.4106868718469996,-0.36030956801529446
1.122375,0.2769125221821508,-0.44999798416298975
1.1225,0.10715812176365024,-0.37276067433006643
1.122625,0.13516739446267223,-0.14326245445364177
1.12275,0.036925046290195385,-0.11079927454946277
1.122875,-0.2260814443032198,-0.33338951641343395
1.123,-0.2965522205091885,-0.255829139048229
1.123125,-0.23024500322321065,-0.08714321581780636
1.12325,-0.12879378972105324,0.15464718268789507
1.123375,-0.12705951583565195,0.37317519431685575
1.1235,-0.3178420218584768,0.3237979681783965
1.123625,-0.6040760282314129,0.1871861383409513
1.12375,-0.6753901604228111,0.1722688332553742
1.123875,-0.48776409640122276,0.1921999174936422
1.124,-0.3812424304185759,0.0291620647295268
1.124125,-0.4797631795757813,-0.2327371011799823
1.12425,-0.5306325173810219,-0.2477453343453532
1.124375,-0.5413376316150199,-0.30443616684849845
1.1245,-0.038867929324399565,-0.14546908476814846
1.124625,0.0449069428516414,-0.13849105240627424
1.12475,-0.026763623407240898,-0.33026336539808565
1.124875,-0.01819231746147812,-0.7526671142613016
1.125,0.015851937791456355,-0.547532999896265
1.125125,0.171467998586509,-0.4406291222922165
1.12525,0.3749969698232188,-0.4166690547061148
1.125375,0.24125345784867447,-0.22930275748631535
1.1255,0.11983206716664263,-0.3436934670786946
1.125625,0.040395624004166686,-0.41079592778037527
1.12575,0.266612283595766,-0.011844840594162133
1.125875,0.24302709008435083,0.0005021473329335687
1.126,0.3237170498720264,0.014096263905791528
1.126125,0.6101688056697184,-0.04545835082846597
1.12625,0.8115121416110224,0.10434129849709002
1.126375,0.6635028168768591,0.17153923696761664
1.1265,0.31736240527013415,0.26905690195787085
1.126625,0.2898246679581288,0.27901967198299515
1.12675,-0.047236639543395735,0.05662642719081797
1.126875,0.08757963579857979,0.06434752566605564
1.127,-0.18395720763586562,0.16441985873103643
1.127125,-0.14690292225839527,0.24139853563461725
1.12725,-0.03869131510991186,0.5255256768111516
1.127375,-0.040801688954624986,0.6989717398523924
1.1275,0.17338228809265294,0.6315920466478231
1.127625,0.11163850593973873,0.6127229279232005
1.12775,-0.03491756282271819,0.38959668452649954
1.127875,-0.09286470696662512,0.21156824739305374
1.128,0.032965641711912935,0.0022214522622415315
1.128125,0.11296954164642906,-0.04197300353703565
1.12825,0.229694762550138,-0.066446032872889
1.128375,0.09716046582097436,-0.31099614751007243
1.1285,0.14043761884530415,-0.11151853831647096
1.128625,0.10460091881078615,0.0765604816172265
1.12875,0.09263867754460768,0.034579946084875565
1.128875,0.09312539388424014,0.092765559069629
1.129,-0.04308261612776896,-0.02909075407920319
1.129125,-0.03962962507269415,-0.024933059972100175
1.12925,0.12440559999305689,0.2055683501532489
1.129375,0.12105333802989367,0.1668047391348866
1.1295,-0.10973589413159768,0.04649372596260197
1.129625,-0.0775997430672039,0.19618836295603487
1.12975,-0.1269554612203504,0.07903216250440916
1.129875,0.03289920183791928,0.1068461040648345
1.13,-0.053856680508414974,0.09568049066153006
1.130125,-0.1052081572541423,0.08331672145077497
1.13025,-0.29578050013033313,-0.25998159336167165
1.130375,-0.17215800074001472,0.0029991048643409654
1.1305,0.13280656673023183,-0.12628874699450593
1.130625,0.16993311877539202,-0.009763755588274156
1.13075,0.1714259658728595,-0.16834493491006722
1.130875,0.13684857104875875,0.013108101237374261
1.131,-0.16038351383147495,-0.028366794430276714
1.131125,-0.13518961070210153,0.1512620927411607
1.13125,-0.3800159536366202,0.0002683497512897411
1.131375,-0.14401089147735108,-0.1792222362341353
1.1315,-0.1930674607799491,-0.09665404533465961
1.131625,-0.10904018632231166,-0.04908431465022467
1.13175,-0.2375715302172737,0.062296926990998966
1.131875,-0.4253307645202976,0.0718796621224564
1.132,-0.476484318658112,-0.054600640963269
1.132125,-0.21770199026510342,-0.13258889148045688
1.13225,0.15029791695835956,-0.012311790493671395
1.132375,-0.0785083697936812,-0.2898064296111743
1.1325,-0.36499334320498283,-0.26596723178162834
1.132625,-0.6935544310409463,-0.3137815431534611
1.13275,-0.47763478899372813,-0.015381238071055367
1.132875,-0.34264159302643615,0.0852211942542519
1.133,-0.38937507024981843,-0.1561570337022163
1.133125,-0.4008168818380634,-0.32712816736913314
1.13325,-0.26378502753578814,-0.3759612973577961
1.133375,0.1665009150361262,0.026203474665634528
1.1335,0.3072179620826819,0.05838820399708205
1.133625,0.2771453385102158,-0.1866264886863632
1.13375,0.07467122740272157,-0.4190361308857417
1.133875,-0.03353785847970696,-0.45045082021535954
1.134,0.2053129725383606,-0.36273546547802454
1.134125,0.5802490731115559,-0.2564190725243725
1.13425,0.6523380331787201,-0.3140109932022591
1.134375,0.4723896488606935,-0.2702893692441119
1.1345,0.19688049929722484,-0.09433004200982816
1.134625,0.19650001713511933,0.09716292152019103
1.13475,0.2612716152794491,0.3314124882910429
1.134875,0.38603051547040884,0.38955520266543786
1.135,0.4199609147414772,-0.06076291499869279
1.135125,0.12004405036352797,0.04066775230804079
1.13525,-0.04646950742725197,0.125271665513967
1.135375,0.10752114768362833,0.3414250554352516
1.1355,0.046921571223008635,0.5896035637005106
1.135625,0.061766624698910116,0.3295357691823056
1.13575,0.16676891983125916,0.17638374868865844
1.135875,0.0903404674563186,0.056176977681636465
1.136,0.16421001964419368,0.27675840569468224
1.136125,0.10471222993378068,0.5058411480851579
1.13625,0.00017905182018970785,0.13216844412070122
1.136375,-0.15097330216234148,0.07425800788443682
1.1365,0.2659608795044585,-0.020975019864539302
1.136625,0.20295527149787845,-0.0011204870625993735
1.13675,0.04407531044325966,-0.1076218717808313
1.136875,-0.06052935068420856,0.21658806822017276
1.137,-0.1892772906290298,0.1656461609816378
1.137125,-0.001226204439913881,0.10804700876108561
1.13725,0.09824666944012227,0.17459398623387945
1.137375,-0.013550999540453468,0.12767493513574313
1.1375,0.017327051039779714,0.050401906945440667
1.137625,-0.10130713496840073,-0.1738621849316048
1.13775,0.08393506501358099,0.09414219781618607
1.137875,0.12768169778384103,0.2773673321096692
1.138,0.29174931085803935,0.17273672156388156
1.138125,0.1779355092651592,-0.2133328901181943
1.13825,-0.024636905156328458,-0.20931052790606902
1.138375,-0.27819758867615724,0.07028527668263874
1.1385,-0.5315092587864406,0.07286391579195806
1.138625,-0.24798431120051856,0.04386099238664897
1.13875,-0.028921920639331924,0.05539745291505986
1.138875,-0.2992262928816585,-0.13156799942225617
1.139,-0.321463222591271,0.004595529882494595
1.139125,-0.29105889332293444,0.15758172637033
1.13925,-0.24415034791448026,0.22482833802639177
1.139375,-0.04904919157297381,0.2625880547945628
1.1395,0.06876830803355298,0.04353615764675798
1.139625,0.043381660319560277,-0.34668147772575725
1.13975,-0.06946597661914782,-0.44549548332347655
1.139875,-0.18742391804422484,-0.41609143055016456
1.14,-0.2017095837616787,-0.02417491112584102
1.140125,0.023308668481141267,-0.0802941726759198
1.14025,0.07206939714819015,-0.17184994402631845
1.140375,-0.04197548417855813,-0.4059156266833416
1.1405,-0.3390926498482145,-0.1828724090580216
1.140625,-0.49645949541582585,-0.08088361218373417
1.14075,-0.2908199878604911,0.030293228079247152
1.140875,-0.01947944413309148,0.07094539719379536
1.141,-0.20618421111996493,-0.03322588933949267
1.141125,-0.27770123808944674,-0.018596182302483878
1.14125,-0.6208635725299969,-0.17787515810041965
1.141375,-0.4267177191631545,-0.0424817662753096
1.1415,-0.3414382095790762,0.15211304775041776
1.141625,-0.06880651492700676,-0.00028650775021714934
1.14175,-0.04152830868689865,-0.2944341735994133
1.141875,-0.14046656679425715,-0.3444722952170977
1.142,0.21269100611141015,-0.23552796165295778
1.142125,0.1799050567797267,-0.1663839408753169
1.14225,0.2529346716470583,-0.16199446560718464
1.142375,0.01541457000867248,-0.1960128428876564
1.1425,0.1665665451346192,-0.4909981226610111
1.142625,0.4753273885164517,-0.19802138194087027
1.14275,0.7324324591378457,-0.3132304337621287
1.142875,0.6362809131841518,-0.11166216899909033
1.143,0.08589845029066974,-0.16132830178447158
1.143125,0.31943750390448505,-0.05233393432292344
1.14325,0.3367350633804746,0.017700150147793376
1.143375,0.5721332910129344,0.1828518302240741
1.1435,0.27941249342756885,0.11343773879966156
1.143625,0.30201979094828585,0.11916476069132571
1.14375,0.19348275388114877,0.13769117423720467
1.143875,0.3055454170681229,0.389078692655324
1.144,0.3862098726846405,0.5228140223920459
1.144125,0.3312281529192364,0.45746919969031363
1.14425,0.03905024760044209,0.12933654155107205
1.144375,-0.05730804000806632,0.14585086543759104
1.1445,0.12658461769605023,0.3581330558286986
1.144625,0.13225125221545586,0.5312774688218442
1.14475,-0.038608829532480446,0.26720259318973116
1.144875,-0.08353183578973297,0.2197907892463544
1.145,-0.2725993295727804,0.23689193349023718
1.145125,-0.14068358664209651,0.24805282909321852
1.14525,-0.12732656418992352,0.26864632950792455
1.145375,-0.26091077055327383,0.11472274363706252
1.1455,-0.2082811530397516,-0.005961219103018165
1.145625,-0.05680895791171442,0.06137973505273987
1.14575,0.02887692578706405,0.08203005245674748
1.145875,0.14229532209335252,0.012269286241910596
1.146,0.22395939643663662,-0.05763793012866908
1.146125,-0.11887998098829973,-0.06776443075018852
1.14625,-0.33383056536991224,-0.05818268769617548
1.146375,-0.10704704188163715,-0.04755685060105878
1.1465,0.13524068402128886,-0.14871938949243124
1.146625,0.4088311994730904,-0.19973250562856656
1.14675,0.42066106143456977,-0.022168115494551305
1.146875,0.05118573165965652,-0.02963679704971967
1.147,-0.08387065717577541,0.12179911678129464
1.147125,0.09596103617976291,0.08321918556893182
1.14725,0.1990859161274496,0.02906384330202032
1.147375,-0.11402917924139298,-0.08998600413722736
1.1475,-0.25697330967030546,-0.25502328827064
1.147625,-0.34365190167017995,-0.1942751382091114
1.14775,-0.226417387990777,0.18186468232014985
1.147875,-0.04672640623688337,0.3876787359543424
1.148,-0.12487860100528272,0.434490060258108
1.148125,-0.26337021851554243,0.1963482673286717
1.14825,-0.10759550380674585,-0.038757719795454997
1.148375,-0.285904396824869,0.04646505348558683
1.1485,-0.24178272126001865,0.2536563205805548
1.148625,-0.44632167026090447,0.03245615116233026
1.14875,-0.6820329574487005,-0.23642605304590664
1.148875,-0.41768426779661744,-0.2775591661643903
1.149,-0.3145547948252084,-0.16476711529323324
1.149125,-0.27759835333322164,-0.07958182934825128
1.14925,-0.3597316730456391,-0.11844969131590598
1.149375,-0.2248157962046244,-0.28792543873139603
1.1495,-0.41532424115975464,-0.13314577191752386
1.149625,-0.245407844771576,-0.2170103730946151
1.14975,0.14788517936152887,-0.38728540671264294
1.149875,0.2516505051194454,-0.4581371139540096
1.15,0.09970644273465164,-0.7271328770638958
1.150125,0.06732974679381733,-0.5070068142669351
1.15025,2.7066329325310987e-05,-0.21708125040042148
1.150375,0.017140517157109278,-0.21967325252190567
1.1505,0.3492142970380069,-0.3424423939034521
1.150625,0.4407074257780463,-0.31197063209609427
1.15075,0.6325596705921099,-0.2667497581744495
1.150875,0.6079650812166324,-0.14915957013464917
1.151,0.4804627326173055,0.03647577866027782
1.151125,0.28823991022227313,0.30412223155745133
1.15125,0.027016025924283902,0.23662323375041797
1.151375,0.023322742636966664,0.05424707037800328
1.1515,0.37547887101755256,-0.07307696256013207
1.151625,0.4693203889694455,0.12865041886050022
1.15175,0.41724456286101425,0.3312481373491232
1.151875,0.29908993280310703,0.4662006494134408
1.152,-0.02536585584325432,0.509724478862472
1.152125,-0.14948108403273738,0.4960844604857947
1.15225,0.041283831234118135,0.3001167270859119
1.152375,0.12327036561407544,0.20913811971830926
1.1525,0.19889073152144632,0.16799546062067577
1.152625,0.30113619843109246,0.15917658613699412
1.15275,0.16426594194618924,0.18877139575069635
1.152875,0.1780791724825781,0.35390737696527097
1.153,-0.02855973451751661,0.5140330572494081
1.153125,0.07510987249456184,0.24339329661655731
1.15325,0.007692029288232299,-0.006501991185765643
1.153375,-0.05277911018538587,-0.22846272328459089
1.1535,-0.2609249540527649,0.07246468231047755
1.153625,-0.04428060752675437,0.05966924558326671
1.15375,0.11648657165658617,0.1689491382917331
1.153875,0.06868864407792476,0.30083171954635574
1.154,-0.14333985032237248,0.3136547027997336
1.154125,-0.0163349834952893,0.07602272919011481
1.15425,-0.16469238971939826,-0.12333766812099776
1.154375,0.006774314038682208,-0.04526611968584726
1.1545,-0.17507689984621305,-0.10771685239361203
1.154625,-0.337943784997442,-0.021626073496928088
1.15475,-0.363412219618957,-0.10901534866440563
1.154875,0.026379488149263716,0.08315347131870603
1.155,-0.06980070748018948,-0.09411985460475947
1.155125,0.07468596186837033,0.020671941352299678
1.15525,-0.1699732186918773,-0.06731509293254656
1.155375,-0.22988793108613703,-0.06613162609097674
1.1555,-0.15327082561952582,-0.021654316055016203
1.155625,0.13102865840345423,-0.1564276422084754
1.15575,0.17161166795815047,-0.1456987155012536
1.155875,0.045182066530348924,-0.307539334212668
1.156,-0.02591730547767367,-0.18205661154244182
1.156125,-0.18424357435906571,-0.004841121493050994
1.15625,-0.11115397941906871,0.19459004682839717
1.156375,-0.09373373115185711,0.07687742544727316
1.1565,0.15116704626058278,-0.08609459135781357
1.156625,-0.024622529506365495,-0.3242377811829679
1.15675,-0.1132399782757445,-0.10723945128066092
1.156875,-0.3404501328133405,-0.04098222717107638
1.157,-0.19313827871686184,0.24253618563217821
1.157125,-0.047941846900853076,-0.09152321581925242
1.15725,0.09106196324726061,-0.06592374914071619
1.157375,-0.21311583019981442,-0.20715206508018935
1.1575,-0.6557047891108309,-0.16965278385534407
1.157625,-0.5549908213523205,-0.07305448065212686
1.15775,-0.6018247631056612,-0.08093681421024015
1.157875,-0.21461538088024318,-0.12892094559806264
1.158,-0.03697980140203301,-0.02859060526178865
1.158125,0.0015943971934918079,-0.23124856304074748
1.15825,-0.1304557573230394,-0.15262279389471575
1.158375,-0.3556709523657449,-0.04654496273486233
1.1585,-0.33910332981044805,-0.08917013593435533
1.158625,-0.049506541714113235,-0.3773870957957583
1.15875,0.308251288808613,-0.47614700883037137
1.158875,0.7085791496346612,-0.6249197793881924
1.159,0.6762501269981039,-0.5770743001731011
1.159125,0.4995765831476783,-0.2928992111835703
1.15925,0.20664566334365037,0.10993354884771424
1.159375,0.07502693689703058,0.013498815639714385
1.1595,-0.012156452292931672,-0.004330642832840212
1.159625,0.3244729509652729,-0.1653181399200352
1.15975,0.19277011274201636,-0.27071204214354494
1.159875,0.1856358429496445,0.14941576843617765
1.16,0.33172409079040494,0.27467688745837826
1.160125,0.25763859346887813,0.4607154618112561
1.16025,0.2441944561548127,0.5822467933605797
1.160375,-0.043847088225159835,0.5731790030102066
1.1605,0.06227358158513891,0.17879834808629388
1.160625,0.07872352898205154,-0.012542501469844142
1.16075,0.034580075506849065,0.09239815618885636
1.160875,0.10352315972894081,0.135518296442059
1.161,0.12493280136100139,0.29910964729934236
1.161125,0.142425918616779,0.3040381557369635
1.16125,0.21873803775035752,0.29789399140682704
1.161375,0.10697295309767914,0.24247444538360893
1.1615,-0.02823711611793295,0.21812303400031935
1.161625,-0.05560355357504715,-0.03853990658525021
1.16175,0.20178634448836213,0.06594214106189158
1.161875,0.20016472344760544,0.05984452555872165
1.162,0.13305710544781238,-0.08817917987933742
1.162125,0.11070982450337333,0.2477384054159625
1.16225,0.06623727151326303,0.33072659642392216
1.162375,0.32574857657743467,0.23467121167242408
1.1625,-0.08478880781986481,0.14556869308342324
1.162625,-0.09954002690429656,-0.007689283478785914
1.16275,-0.15971678885446747,-0.17648509238041574
1.162875,-0.3610468775923439,0.01124956194047164
1.163,-0.37247272759038996,0.12437612703174761
1.163125,-0.2514697455838959,0.0942877726046318
1.16325,0.00642482544168219,0.11661840984620551
1.163375,0.03898894480313322,-0.0027897394280364217
1.1635,-0.01492146863910054,0.12237541123140248
1.163625,-0.0714848302283461,0.005257010930989613
1.16375,-0.12765239995380087,0.0356019834713737
1.163875,0.06611674061180656,-0.12212117773899564
1.164,0.2457327799602657,-0.2754605776439472
1.164125,0.014584248805200987,-0.3019690131562147
1.16425,0.13384226825683015,-0.3762757933721756
1.164375,0.02002129389745466,-0.2196930238342362
1.1645,0.07467279893548358,-0.22473984634938476
1.164625,-0.12712282025477784,0.0555589323676171
1.16475,-0.49885407101126195,0.12210623616523046
1.164875,-0.668526524341756,-0.15813698328922535
1.165,-0.35368686008129063,-0.1292196932391769
1.165125,-0.1584228341220005,0.11680572553344735
1.16525,-0.28227185059769405,0.20646538909686085
1.165375,-0.39096212612949394,0.09382049991680677
1.1655,-0.4200689611181028,-0.011520706572269173
1.165625,-0.1362763285243355,-0.12561071948722624
1.16575,-0.2995314192707152,-0.13917494035230252
1.165875,-0.12705410867649322,0.0072541848319513606
1.166,0.011172611694990278,-0.264942487146264
1.166125,0.19007971063115187,-0.34506370621169713
1.16625,0.236255346527451,-0.17836664790338605
1.166375,-0.10694348956263182,-0.26632342292100786
1.1665,-0.10868692479945348,-0.13949605207341342
1.166625,-0.04314688732819185,-0.3532981779131995
1.16675,0.10275435519369289,-0.487224851014055
1.166875,0.11890592433188175,-0.21546393602939407
1.167,0.0025779586069289368,-0.05702762460642848
1.167125,-0.0547088394762293,-0.09789195451395344
1.16725,0.04019235428874669,-0.05865207392515589
1.167375,0.26943448094062866,-0.03795094578924179
1.1675,0.21686989526803777,0.10016733874579026
1.167625,0.19679430839829457,0.01994416210990671
1.16775,0.15968767236800283,-0.16303415059610304
1.167875,0.38196054904950955,0.005034830788367472
1.168,0.3729188871790817,0.2192744966159821
1.168125,0.26872989901042854,0.32240420941759923
1.16825,-0.15237078913599766,0.06065420078159001
1.168375,-0.0608362907553973,-0.08356187374212495
1.1685,0.25612478099946867,0.04448893786443956
1.168625,0.21946034228949893,0.26874415457735723
1.16875,0.009561754381074754,0.23957174267924086
1.168875,-0.14260368725982658,0.09902904376645646
1.169,-0.18222043509989116,0.09079492159690958
1.169125,0.22965189788282703,0.22079668660079116
1.16925,0.41589817166279297,0.2161262219297766
1.169375,0.24888601203147281,0.14815807934204817
1.1695,0.2533481724482975,-0.0636303342174571
1.169625,0.14901617641136614,-0.024660803406599992
1.16975,0.11294084600860625,0.17354625802584933
1.169875,0.2268934152341637,0.05918124441884091
1.17,0.12881744960117023,-0.05542828849933519
1.170125,0.4064892438522723,-0.17235521477079402
1.17025,0.18213050541821352,-0.062101078221537695
1.170375,0.1603084629297698,0.07976891704487661
1.1705,0.10015882866616804,0.18063415516792217
1.170625,0.04234639022495185,0.28054504153808396
1.17075,-0.006739644080307205,0.21526814620763812
1.170875,-0.20153048366845758,0.03482487332569765
1.171,-0.08309022482453347,0.23008505868922116
1.171125,0.015277505679100514,0.09312390834348261
1.17125,0.1579828156014043,0.20886576235578247
1.171375,0.17339903770224044,0.3206604776233858
1.1715,-0.22515657909454279,0.0699164263811974
1.171625,-0.42352390908269577,-0.04858136245189048
1.17175,-0.3339831442104532,0.03168845787514201
1.171875,-0.4007918531489829,0.16564713877656329
1.172,-0.035070303227033243,0.04941176319429707
1.172125,0.1685370028108742,-0.06621170477123003
1.17225,0.33399678517314135,-0.09053397975436256
1.172375,0.31077089309728984,0.0028524725208063833
1.1725,0.3684548551317029,0.3316549516434173
1.172625,-0.19816747323487996,0.18489010697631242
1.17275,-0.17220448881347683,-0.10843963900358695
1.172875,-0.1080218997159247,-0.24504844886230445
1.173,-0.2808508227140675,-0.434641003085425
1.173125,-0.25069383780839466,-0.216957491298109
1.17325,-0.1731966976296572,-0.03057365754784206
1.173375,-0.2543788121943234,0.2574983121048005
1.1735,-0.2916643377460782,0.2067373464478779
1.173625,-0.46193048826032745,0.17315177148853528
1.17375,-0.6235754456465733,0.3011118255958282
1.173875,-0.6579875488810157,0.0115140226906799
1.174,-0.3824980211955957,-0.12238654644772792
1.174125,-0.2609491805034046,-0.24115172121016576
1.17425,-0.3520759610201408,-0.22124319593723318
1.174375,-0.36962428928906144,-0.1621569264720307
1.1745,-0.07217933992739671,-0.2230927397627957
1.174625,-0.22094815919004376,-0.013663980734346621
1.17475,-0.05677343374165685,-0.1072472065069127
1.174875,-0.15364069234760164,-0.3388168118529837
1.175,0.026170657571355446,-0.5534652730105338
1.175125,0.08651090645387167,-0.46798313173654954
1.17525,0.33618735568135183,-0.42160189610498683
1.175375,0.363684179693234,-0.39258278385091894
1.1755,0.3364269543989861,-0.481083814139085
1.175625,0.30914209820093447,-0.4536533454142181
1.17575,0.27384338867167407,-0.14290111705156458
1.175875,0.33966516286003196,0.0063716926581190245
1.176,0.7026209540092881,-0.09629876022315476
1.176125,0.5480142838466859,-0.05429684934372801
1.17625,0.3501317370394091,-0.013220834308017845
1.176375,0.10515014606748516,0.07984425523731423
1.1765,0.15348706735384865,0.1903571280895084
1.176625,0.2567953413780397,0.3504995650637379
1.17675,0.36015299158371145,0.22675605745832686
1.176875,-0.08450044066748218,0.17259559094242802
1.177,0.09894950786810289,0.15344776718596503
1.177125,0.21392581159190494,0.4209361051975538
1.17725,0.11346542184411418,0.5156121646663282
1.177375,0.006063608243397,0.5189739511157175
1.1775,-0.14800818079046743,0.26453596283873543
1.177625,-0.17646572927205026,-0.007451533383778015
1.17775,-0.15690497902281703,0.0347979883244065
1.177875,0.16036737936371473,0.18555256578540313
1.178,0.16796486235593885,0.29796681661820623
1.178125,0.16778214704704733,0.08833899821710472
1.17825,0.12275331764117399,-0.1303601375863481
1.178375,0.20928168134839076,0.09348358758688917
1.1785,0.08950877282823168,0.2861102040520557
1.178625,0.2473973986236461,-0.09673559431324243
1.17875,-0.0349558554548894,-0.02012923931449491
1.178875,-0.10554597351308184,-0.12443746440548213
1.179,-0.09730679698422894,0.08528278534453013
1.179125,-0.10296461908570959,0.1428598341246423
1.17925,0.10507221727002874,0.03769034316917946
1.179375,0.04620967953866333,0.050776948265167356
1.1795,-0.0990412852992576,-0.023973456950435595
1.179625,-0.07388017520325864,0.1511096790907066
1.17975,-0.0124718396735262,0.056916074379215593
1.179875,0.2713908384680508,0.22927833523395244
1.18,0.2342018884563437,0.10441941806945788
1.180125,0.049314421136681455,-0.1339580411011405
1.18025,-0.1235403683341432,-0.08911296287603016
1.180375,-0.384802465459094,0.011301212630108082
1.1805,-0.5268820743570098,0.0630468807652606
1.180625,-0.0029315957759586285,0.0014504618420221867
1.18075,0.04608507436310556,-0.261051265878925
1.180875,-0.1538939656724804,0.09390434621578939
1.181,-0.3500429550824526,0.07706150160907736
1.181125,-0.33133307937343714,0.15520918496896755
1.18125,-0.4172712402025158,0.17532479846372576
1.181375,-0.19177785180068266,0.16162407443294635
1.1815,-0.25433509354620404,-0.14859499872771273
1.181625,-0.22156502612941512,-0.3792074512387223
1.18175,-0.04476102480344676,-0.3906368786381951
1.181875,-0.20494565358416758,-0.041966410946698424
1.182,-0.2408130574107761,0.07861095156604249
1.182125,-0.36955850326189593,-0.03467983549589357
1.18225,-0.27587464985554594,-0.33732330225753754
1.182375,-0.2574675760536888,-0.37532988990294347
1.1825,-0.27164454074298555,-0.35854681636198454
1.182625,-0.41255225266857354,-0.26691925641852643
1.18275,-0.33066959069559043,-0.21436111539219876
1.182875,-0.3709540989174013,-0.17655791659655146
1.183,-0.038970796988514966,-0.13973855694704146
1.183125,0.05575860108547233,-0.10445156343900612
1.18325,0.19196873077190305,-0.09695974032673535
1.183375,0.36557471886016707,-0.2014489675434682
1.1835,0.35547333590642394,-0.35766118167204913
1.183625,0.37385532184159265,-0.24653762147300176
1.18375,0.17017907564291881,-0.1631145969162509
1.183875,0.06331340543509921,-0.296545214086397
1.184,0.3129414765498779,-0.34720339251245586
1.184125,0.4042011551869018,-0.2739289549926806
1.18425,0.3544036261985735,-0.08611167371369881
1.184375,0.26483948859903317,0.06847714181022832
1.1845,0.42142710090421615,0.21093183045436528
1.184625,0.37345759999271655,0.39896869884743336
1.18475,0.027412434455055482,0.4868969897584359
1.184875,-0.2801667490147156,0.205943125049597
1.185,-0.14280008704128533,0.1377860662461945
1.185125,-0.08748886394960546,0.17396592733831182
1.18525,0.12828111144520044,0.2129959042574041
1.185375,0.1876269043508442,0.2710724106337361
1.1855,0.2863127927534305,0.3144435209673724
1.185625,0.3127779242449774,0.38640786900706187
1.18575,0.260463434734504,0.5660279345141263
1.185875,-0.04771520315275473,0.22239960686059046
1.186,-0.3336568326912903,-0.14572606594434928
1.186125,-0.20178553604446925,-0.10834460459304564
1.18625,-0.02815023457309904,-0.05964123228387841
1.186375,0.31482647213142184,0.15118680691362407
1.1865,0.5374513268608307,-0.014541279179946378
1.186625,0.4476685528922167,0.1478180541790131
1.18675,0.1684189020312277,0.2685127056484281
1.186875,-0.052192851865201714,0.2809437151457745
1.187,-0.10402045624020229,0.2629052649323078
1.187125,-0.10496552780476813,0.009462013929534325
1.18725,-0.16189050649713604,-0.18705073230200364
1.187375,-0.09158785072637529,-0.12839280902754321
1.1875,0.124938989013885,-0.04878725061500637
1.187625,0.10749311805085404,0.21352964414975006
1.18775,0.07428391897649912,0.28753325537191105
1.187875,0.13536290142895532,0.40095997494547436
1.188,0.32598019457619964,0.256532502175699
1.188125,0.03914203157016548,-0.030704183024635994
1.18825,0.05355032293976783,-0.02337954530850268
1.188375,-0.026590006600370204,-0.07787825727732264
1.1885,-0.36955402400753085,0.05623123363833026
1.188625,-0.6041210120106999,-0.08551817610612207
1.18875,-0.273672366053816,0.09229601366759663
1.188875,0.09712614416592216,0.050612408624983785
1.189,0.2862214440263841,0.16649896398742864
1.189125,0.19646768305218462,-0.019163996823510283
1.18925,-0.2707429293512461,0.02741611675450811
1.189375,-0.5032598690016369,0.15722119916014754
1.1895,-0.4430586560316243,0.0028791487843886575
1.189625,-0.17069548771424461,-0.036351625370215905
1.18975,-0.10607849543404389,-0.2223533125699466
1.189875,-0.26112595661321464,-0.44029274091478193
1.19,-0.2885437628347655,-0.4209051694870457
1.190125,-0.43820886385005925,-0.033169772911823756
1.19025,-0.14828452310789764,0.2991432958163947
1.190375,-0.1477569007432164,0.14165044134069313
1.1905,-0.1993279425188912,-0.3126622143741942
1.190625,-0.2821599717149567,-0.5431518109777189
1.19075,-0.2801324396186976,-0.5030961901018184
1.190875,-0.2204113656231632,-0.18877476283016123
1.191,-0.05907584817957396,-0.11591145854716302
1.191125,0.08324527255184279,-0.07103376730473475
1.19125,-0.10425828606523803,-0.17622631463639407
1.191375,-0.25533730746806316,-0.31818786003696403
1.1915,-0.1800176243504542,-0.23356472627624827
1.191625,-0.19828703066106024,-0.19000695199442688
1.19175,0.13997490689214642,0.015895147888429318
1.191875,0.25503382142747283,-0.21468211680218866
1.192,0.2924424662534903,-0.18895085594382327
1.192125,-0.006210028585014147,-0.17875041537417163
1.19225,0.08662906918429235,0.004607675891389895
1.192375,0.46899382920165583,-0.031655401847144105
1.1925,0.7896694619910823,-0.16804005351718157
1.192625,0.5586887519123978,-0.13213592227796353
1.19275,0.5205044578401079,-0.3184767332297968
1.192875,0.1933041087252784,-0.20698205411539083
1.193,0.1073913478655429,-0.02472039903318247
1.193125,0.17607681425350444,0.15163051798063237
1.19325,0.39222018360321337,0.10732338699933532
1.193375,0.23016411207458223,0.05007039206692615
1.1935,0.1560447734822206,0.1574842875091024
1.193625,-0.27475944619761067,0.3227695754975775
1.19375,-0.08590409569197477,0.5899254847247504
1.193875,0.25577347254950006,0.6020740014584635
1.194,-0.004115688687128624,0.5009851322715442
1.194125,0.1080216934257227,0.10359365142231815
1.19425,0.002582004735693862,0.15498315140364896
1.194375,-0.1047124195384919,0.2962324669747676
1.1945,0.14397006021165645,0.19413677028457682
1.194625,0.28193865190399836,0.2640503683944318
1.19475,0.3274548951967003,0.03757574971490088
1.194875,0.3423410097944715,-0.0027221152350041336
1.195,0.201456158399945,-0.01579943968063144
1.195125,0.3267990181185671,0.09237456613109161
1.19525,0.3130911859798908,-0.05266026888539287
1.195375,0.21993969410844574,-0.05887971368634264
1.1955,0.03348608194380627,-0.05522711154146727
1.195625,-0.27729528470220133,-0.029334748516100177
1.19575,-0.2464145792634105,0.038651231792427
1.195875,0.14373717784660134,0.1602921743404091
1.196,0.1630813089134001,0.271912411236563
1.196125,0.08989746392351539,0.16758887349237114
1.19625,-0.22883420563478818,0.26926003482326116
1.196375,-0.2519077457609813,0.16423096284911298
1.1965,-0.12190454728092807,0.3460259793778672
1.196625,0.08772488424644952,0.09854183748254852
1.19675,-0.05621384479556645,0.062091517061736684
1.196875,-0.06315630684317974,-0.14269637831943205
1.197,-0.15349476119057884,-0.17295769954956994
1.197125,-0.33214353443859634,0.05576222086066394
1.19725,-0.14443544856933913,0.08246767675283025
1.197375,-0.17447610392973173,-0.06538629688708096
1.1975,-0.050057832766101804,-0.16215068665098065
1.197625,0.06489338327508792,-0.3132597013047003
1.19775,0.0024436790903371924,-0.2427352557259462
1.197875,-0.12172850332217929,0.003137610108937063
1.198,-0.3378286521214982,-0.06618505648814299
1.198125,-0.36786398845558227,-0.14052204138929297
1.19825,-0.40350796516481,-0.03199314571638804
1.198375,-0.18746611062405305,-0.18938802740626304
1.1985,-0.03909602545618187,-0.2553529195011441
1.198625,0.047420176629473496,-0.1679301849287411
1.19875,0.012386895237998822,-0.11286079110887329
1.198875,-0.39909781815091117,-0.08469114075661283
1.199,-0.7249091974614695,0.1467983964021217
1.199125,-0.58749467898699,-0.11713503647241803
1.19925,-0.3763185397702434,-0.1717316615912892
1.199375,-0.2945476074751392,-0.26944151800361216
1.1995,-0.1496382817281803,-0.15399014047744253
1.199625,-0.1874413966386543,-0.32017705622848247
1.19975,-0.014510736840929432,-0.021729344932763996
1.199875,0.42551422760815233,0.09518952757898505
1.2,0.2766737283245859,-0.29392792782025146
1.200125,-0.08604604700096254,-0.3805627473364059
1.20025,-0.08525278289920767,-0.6922345103974528
1.200375,0.12365331922438637,-0.5286012630520917
1.2005,0.4652547393018567,-0.3575194373795039
1.200625,0.5363395736265487,-0.14151159403471994
1.20075,0.18182537633447723,-0.15910202935430032
1.200875,-0.06267495649471017,-0.16048215028177604
1.201,-0.011650495082240838,0.18017342829332472
1.201125,0.10232132306862074,0.2241462393012872
1.20125,0.10703811301882626,0.12040695433140446
1.201375,0.5248224826002867,0.011850143505851637
1.2015,0.3037297265648742,-0.14353756796074757
1.201625,0.4725062937971205,0.04699258793346998
1.20175,0.3304615408970285,0.36866893804083334
1.201875,0.5278068162597755,0.4217802120077375
1.202,0.5773234207559959,0.09258826707426596
1.202125,0.25608880788665805,-0.048932861626052856
1.20225,0.15413080947551272,-0.11134397834274463
1.202375,-0.234196773331577,0.014165506727991127
1.2025,-0.2080798067641332,0.14186505639641334
1.202625,-0.0964061380036281,0.4268916215873243
1.20275,-0.10962803658893414,0.26709240518320526
1.202875,-0.03916846726963722,0.29233684000942756
1.203,0.07569618795465632,0.40185677981459234
1.203125,0.3558168730151106,0.4414919214371164
1.20325,0.4533632759380525,0.38781487659775477
1.203375,0.4475541435965259,0.3000098109272159
1.2035,0.0328399038184716,0.04661943741706081
1.203625,-0.4736720429479615,-0.18505990343577547
1.20375,-0.5112600879449328,-0.17996198924979084
1.203875,0.025162096352214655,-0.1971142021132474
1.204,0.407118280976076,0.038387493555248856
1.204125,0.23606281500064333,-0.01044753854974526
1.20425,-0.016655904070948357,0.10513471078430786
1.204375,-0.16356546675375272,0.20817145274064341
1.2045,0.12878211897132152,0.40050480894619345
1.204625,0.1326073824023156,0.479319337239053
1.20475,0.3739172951693997,-0.24390362966337417
1.204875,0.00856884807124644,-0.3228367275660441
1.205,-0.06188901067696636,-0.3657631581341307
1.205125,-0.243296413862356,-0.034262724766053326
1.20525,-0.2947035204008935,0.2815660398291901
1.205375,-0.3568943345137016,0.1903944735071365
1.2055,-0.1880951311282878,-0.12541342769183714
1.205625,-0.07091545354297012,-0.10798709722106983
1.20575,0.2687095568280968,-0.0022148428374383585
1.205875,0.39448931293299494,0.25259237368573567
1.206,0.43809210322473463,0.03428691361823277
1.206125,-0.029592787705156838,-0.03184021119424124
1.20625,-0.47258293406568813,-0.04291518026005176
1.206375,-0.3214566420474412,-0.07881542711496713
1.2065,-0.10320453745555952,-0.3264203935412352
1.206625,0.0470535698309561,-0.14342669078444906
1.20675,-0.1639646611683021,-0.31803879400887264
1.206875,-0.4521703503810466,0.012194962426813196
1.207,-0.6663335693846483,0.08130216690387863
1.207125,-0.3210094037046457,0.4971265925433551
1.20725,-0.35553246629361374,0.180591006845456
1.207375,-0.41532387109645014,-0.08559801720941289
1.2075,-0.13147564037566853,-0.43395624732377314
1.207625,-0.08693723392063302,-0.4074085288834285
1.20775,-0.13823128867273624,-0.258046454854152
1.207875,-0.04259998515543681,0.057847897442725664
1.208,-0.14042060111263838,-0.07757658594778946
1.208125,0.00021614143072883093,-0.5449446144560871
1.20825,-0.15611475835219052,-0.561935667404891
1.208375,-0.1507681430835286,-0.31017001223582735
1.2085,-0.09120387986878004,-0.28526598959022664
1.208625,0.12822883786276482,-0.3071334113978668
1.20875,0.30217780460583116,-0.18446282228521982
1.208875,0.19866855639067757,-0.05509604724815047
1.209,0.1999995746583229,0.1040139309914959
1.209125,0.3882744568781544,-0.11173845345272235
1.20925,0.44443732532698976,-0.17155539946156426
1.209375,0.39704284095033204,-0.14031117313480185
1.2095,0.0971199443909799,-0.10504176945538923
1.209625,0.027780236839546064,-0.017219273782755198
1.20975,0.15920091768800115,-0.05078117682786573
1.209875,0.167616906866526,0.21371942848330114
1.21,0.3612352456124327,0.24896877896412709
1.210125,0.5093146734156313,0.24215813382776566
1.21025,0.3099871442645595,0.31805239811417785
1.210375,0.30360519823931414,0.3810262680098467
1.2105,-0.002343479739526927,0.5602837670290495
1.210625,-0.06542411144522306,0.4572617933399915
1.21075,0.015394024808157703,0.24326202304858682
1.210875,0.1864758834424186,0.15671601816021266
1.211,0.24719336270709702,0.09349034990910192
1.211125,0.17703273229938843,0.2163754911264593
1.21125,0.07701494100233536,0.3989988980377757
1.211375,0.05003997592783611,0.5022769532743753
1.2115,0.13604291696166224,0.477867729612666
1.211625,-0.08885394111856373,0.22679656610226973
1.21175,-0.2388956479305688,0.032626438967767006
1.211875,-0.32258885120234976,0.005187486117366305
1.212,-0.03173981987141457,-0.0861025916535278
1.212125,0.21149637080472763,0.23659658278786663
1.21225,0.32118433024456405,0.11831430646342625
1.212375,0.12229674958860809,0.06807187514605359
1.2125,-0.03974965209774109,-0.018371059887284998
1.212625,0.045736829171815555,0.07396811890662046
1.21275,0.14029600603387432,0.13524076194837054
1.212875,0.06013852285247897,0.1392731193803679
1.213,-0.24407220545686864,-0.2915750495119979
1.213125,-0.25664923369640114,-0.17253520907077136
1.21325,-0.4809450742230283,-0.17655044319784305
1.213375,-0.24576969492084227,0.28439932595881495
1.2135,0.019559880595067792,0.09816729593433891
1.213625,-0.13573376123943065,0.10751104500367405
1.21375,0.20225479042452113,0.00033689119277945903
1.213875,0.1425152531338796,0.07533334295291624
1.214,-0.0010557555307738778,0.16548463671160143
1.214125,-0.20559075467285057,0.029374490912543356
1.21425,-0.2935902216668102,-0.12345235288465851
1.214375,-0.4901078109926245,-0.4451949319880103
1.2145,-0.29945413792458825,-0.3595215081495303
1.214625,-0.5238143836312661,-0.21958241382635443
1.21475,-0.20316668178783723,0.01569274030969585
1.214875,-0.09779891093287184,0.161800764947831
1.215,-0.06213472339609786,0.1757231860061968
1.215125,-0.09121961418217796,0.19491815785949074
1.21525,-0.14111285562801504,-0.02927825694574987
1.215375,-0.21869298025960915,-0.2366811396774756
1.2155,-0.2828935511405071,-0.33230414391276986
1.215625,-0.3074933332701136,-0.33157876751408344
1.21575,-0.49525479793640326,-0.3092405863147572
1.215875,-0.33645515533639314,-0.30573307262092286
1.216,-0.2679425138367072,-0.18397092440267085
1.216125,-0.23638940447939447,-0.23323573858600544
1.21625,-0.1585567270329218,0.02273104049056392
1.216375,0.18597574166978367,-0.10887450193511178
1.2165,0.1846699969975503,-0.1669003126291151
1.216625,0.2788669705885787,-0.2546688787335746
1.21675,0.23146300381085064,-0.2819230795082396
1.216875,0.1670918414989047,-0.30514987094039325
1.217,0.10979963870735224,-0.15958499480651436
1.217125,0.4306333811667243,-0.4100469446082948
1.21725,0.5836578792094415,-0.27268393160266136
1.217375,0.6374794148375529,-0.11338635574970259
1.2175,0.38868137491245147,-0.17487194767175984
1.217625,0.18566172758970761,0.019401915937682656
1.21775,0.20018660058022247,0.13361269910160758
1.217875,0.04698944151810002,0.05889085597060593
1.218,0.02791993999200149,0.04088343532036987
1.218125,-0.20794502086439576,0.15353095534932154
1.21825,0.01334784723650008,0.14103265046694183
1.218375,0.2602751708564645,0.5231627608632649
1.2185,0.22987061534319517,0.660313665205735
1.218625,0.18516923735898608,0.5628022201465074
1.21875,0.04097850570103318,0.44651540939969325
1.218875,-0.03489879230170013,0.29813214543330724
1.219,-0.1986345760418229,0.20930316714449287
1.219125,-0.09794056478506645,-0.061469593595295004
1.21925,-0.13890767619176733,-0.07928472241785546
1.219375,-0.32053027023239916,-0.058139765555503514
1.2195,-0.13832831359789383,-0.1769696910066854
1.219625,0.1898817188239366,-0.0281620909029367
1.21975,0.05942713070904226,0.13095347133776303
1.219875,0.09090997481204835,0.2663975678444751
1.22,-0.15609909386108414,0.03302454790727935
1.220125,0.0603014200704306,0.07086807231631273
1.22025,0.04591698767738001,-0.09226890698918357
1.220375,0.03138069234583027,-0.07542086389462731
1.2205,0.23450371832359954,-0.0887911826287589
1.220625,0.6301061246514323,-0.12637629885019916
1.22075,0.516748217776185,-0.11656678840650596
1.220875,0.23059253274673286,0.053124883003816514
1.221,-0.06546444930076269,0.019647809001392725
1.221125,-0.1150813223336896,0.06304110129761403
1.22125,-0.13276314351589727,-0.0865017399854541
1.221375,-0.14547948446933723,0.06839441144770093
1.2215,0.10158062927387435,-0.14963248571773086
1.221625,0.0012526575259041246,0.01722431024520057
1.22175,0.18752372420003022,0.235938072520338
1.221875,0.36830647195070865,0.6127764368980462
1.222,0.3706917129269028,0.44634505116128104
1.222125,0.23289956317853672,0.12312785738722966
1.22225,0.029949860250662534,-0.006952441775701454
1.222375,-0.1689255661111498,-0.31680781116310075
1.2225,-0.7255716280143024,-0.22886589820328784
1.222625,-0.8104164526547897,-0.09384806938362025
1.22275,-0.4890075836273892,-0.1058923603660426
1.222875,-0.2988507454229364,0.0033907293640253675
1.223,-0.05573178007859836,0.2473545359323879
1.223125,-0.12592249333734643,0.34120000995391725
1.22325,-0.21280899819791882,0.3558729480290949
1.223375,-0.010976328057401232,0.13818167934133624
1.2235,-0.01342787289645994,-0.04804977830607407
1.223625,0.030037435109119538,-0.27594637746645595
1.22375,-0.19715469958464124,-0.6159243998336033
1.223875,-0.37228644760454743,-0.6371344209196798
1.224,-0.5576584880886116,-0.46496863351896756
1.224125,-0.5705958714653168,-0.2505821825148351
1.22425,-0.8197125917064259,-0.1590738146729093
1.224375,-0.42921557917556785,-0.2056801469288533
1.2245,-0.07469970324850488,-0.21876073455940045
1.224625,0.10960172164762257,0.016451641875400658
1.22475,-0.03876580659287961,0.10382090948282613
1.224875,0.010509690304671759,0.12675201782929923
1.225,-0.08600554172631288,-0.29188642800848846
1.225125,0.05977736332976838,-0.37726803819329285
1.22525,0.21292598971848048,-0.6243111899423758
1.225375,0.241358860636788,-0.5388708019907845
1.2255,0.1829315436114945,-0.6086835125813794
1.225625,0.05283178033882438,-0.2937911922123538
1.22575,0.18537819839079375,-0.0783460413875896
1.225875,0.4169494079497123,0.0525445704398706
1.226,0.5477428765504893,-0.1017800458191264
1.226125,0.5359509823937149,0.00016086080527446116
1.22625,0.1882404186342926,-0.1469637924436894
1.226375,0.3621620710084523,0.00031737931851810334
1.2265,0.3939576506376875,0.1401333462391091
1.226625,0.23515853854973406,0.3032683469045799
1.22675,0.10033005087191091,0.11167426284524368
1.226875,0.11474369065812672,-0.0467830873923158
1.227,0.16072340783880182,0.1635305858201955
1.227125,0.18076046789648245,0.349929856423371
1.22725,-0.0432807008392605,0.6047911448929847
1.227375,0.034358905228931966,0.42775698397241224
1.2275,0.3599673452271512,0.2447014839875775
1.227625,0.21400494560456848,0.26535875959878463
1.22775,0.22645341706609814,0.22182640441018384
1.227875,0.028186604635695934,0.3089332602689219
1.228,0.13460479055252797,0.2172201021563807
1.228125,0.12484444661855176,0.13777674994998032
1.22825,0.16309104336720986,0.17913458986180256
1.228375,0.1497108269539114,0.12877742759841834
1.2285,0.30330958724578166,-0.03709069965905604
1.228625,0.5666353257816927,-0.012122007711216817
1.22875,0.21795808598062963,0.06184262983586414
1.228875,-0.11600163465694172,0.2060927588365353
1.229,-0.28421793787485844,0.1812456492770985
1.229125,-0.1322519784213348,-0.10802330375210163
1.22925,0.1405158043909438,0.05784988560663822
1.229375,0.2841938311439932,0.005463282425309034
1.2295,0.04850407014745908,0.15180204403972863
1.229625,-0.2139096711524729,0.24631815021053788
1.22975,-0.18157181416559506,0.2919524034044617
1.229875,-0.2098181908232697,0.40557185039663035
1.23,-0.16941416882225901,0.32132485330348654
1.230125,-0.45646906843357815,-0.07590437312234406
1.23025,-0.47299152480336754,-0.2780124874688131
1.230375,-0.24858008828798284,-0.20899674527433024
1.2305,0.2054023395038074,0.10324661349926294
1.230625,0.2968638616088904,0.10090022442433846
1.23075,-0.09592898401832371,0.09849127752756126
1.230875,-0.14589227596256188,-0.13910396575325498
1.231,-0.12300886849613193,-0.15280130613977072
1.231125,0.019070405641473148,-0.07696846512831723
1.23125,-0.25222208622900627,-0.11667718312381994
1.231375,-0.6877964376750657,-0.4458965560890902
1.2315,-0.2509500122357912,-0.5347372063189577
1.231625,0.021674481779676125,-0.2532112846332772
1.23175,0.12126888272762339,0.11576136545027269
1.231875,-0.03643395227336161,0.20693392203617117
1.232,-0.5198289725609729,0.0968433497423598
1.232125,-0.3074128158790961,-0.1521700157455006
1.23225,-0.16512053478428507,0.017005011255490792
1.232375,-0.10569594322258043,0.012279535786838216
1.2325,-0.2798879634853866,-0.18515844236565446
1.232625,-0.6117815955090878,-0.35574112952610626
1.23275,-0.5753845354837136,-0.18817089690862976
1.232875,-0.12163358599095254,0.05274161459671324
1.233,0.28560067817446255,0.1275040298769715
1.233125,0.3319891364499365,-0.11900842483474941
1.23325,-0.1463672618249747,-0.379620831525899
1.233375,-0.34588465223032056,-0.2976043177574652
1.2335,-0.1632021539434013,-0.06542646205098392
1.233625,0.3436561993906627,-0.21305633391471474
1.23375,0.5085201899366822,-0.3658245447035151
1.233875,0.3120338185750308,-0.5148229456018998
1.234,0.20410492729997143,-0.48415901800347805
1.234125,0.43796383993206284,-0.22364531329604886
1.23425,0.37345946867055946,0.2088166276937826
1.234375,0.42703216841447267,0.28849321276901363
1.2345,0.3923951629896337,0.05431189137035055
1.234625,0.2035949121804685,-0.19892818020614864
1.23475,0.1764566770941529,-0.016226585224727016
1.234875,0.3918783157870262,0.343869633947364
1.235,0.46342368760883546,0.46261964093985775
1.235125,0.22226590606001684,0.4207496821023416
1.23525,0.08432190319820229,0.27460350645085546
1.235375,0.07900011302871512,0.22789454701183343
1.2355,-0.06257006100964044,0.2657154893536833
1.235625,-0.21035366693994642,0.4369436113596975
1.23575,-0.4097040206955528,0.13753231157225626
1.235875,-0.4275379899020232,-0.024951291167822045
1.236,-0.20044804817047956,0.129588860125336
1.236125,0.15789786244740675,0.4011177747072621
1.23625,0.5091543714611423,0.36839831846656923
1.236375,0.17189254473414906,0.2444868908669483
1.2365,0.09676821844701625,0.07912694506690238
1.236625,-0.011067876948492678,-0.07554167297026829
1.23675,0.13214302682549112,-0.1248998511721722
1.236875,-0.004987776982182086,-0.20812652005840943
1.237,-0.07967423191807194,-0.316055936888534
1.237125,-0.04429759225673607,-0.3014710547879123
1.23725,-0.051769955516638606,-0.19640867267893458
1.237375,0.07288053000905785,0.19561215581227331
1.2375,0.22838434565045954,0.3460077742692784
1.237625,0.3785738779705947,0.30051250199949175
1.23775,0.06308833492532806,0.2272044400017328
1.237875,-0.05831907107631463,0.042713633596081456
1.238,0.2529563551135586,0.24355821257331933
1.238125,0.22128449291330538,0.022502038101284476
1.23825,-0.004057346255595998,-0.18996499752169058
1.238375,-0.22088194617039444,-0.17436774280630774
1.2385,0.0014608184501001473,-0.09732430645130102
1.238625,0.08859159144450132,0.22771545591914658
1.23875,0.027957104059633732,0.2768716269194636
1.238875,-0.16360597133287533,0.4162534622570681
1.239,-0.47939748412205224,0.019215238537694624
1.239125,-0.4912075335487665,0.2144175750005233
1.23925,-0.37869003395630424,0.22606227155122532
1.239375,-0.12934807585178296,0.2686743812539148
1.2395,-0.09679025561195344,-0.031878509608669336
1.239625,0.21346859549591277,-0.029148630731819867
1.23975,0.041194879917586746,-0.03601546666606901
1.239875,0.23278357188722054,-0.029557114628629273
1.24,-0.03937046692756711,0.0038268019627385086
1.240125,-0.2823990385677871,-0.17134999850705027
1.24025,-0.37510666534467346,-0.5341606902341542
1.240375,-0.7220449721402572,-0.4408437522967476
1.2405,-0.5367314256924844,-0.4090039036476536
1.240625,-0.5385952734260462,-0.10836265322672811
1.24075,-0.170746754874921,-0.07010768969998124
1.240875,-0.04953835497324449,0.012930663381521487
1.241,-0.04528270802944709,0.1385360179826085
1.241125,0.051067111788163554,0.18130011008371374
1.24125,-0.22562322170705182,0.04396167933390867
1.241375,-0.3341033361173061,-0.11442073053742316
1.2415,0.012639137265982911,-0.3905018131257471
1.241625,0.16962345788647024,-0.5382561890481709
1.24175,0.24040327186911706,-0.5031385209735941
1.241875,0.12195497325790233,-0.387718736203312
1.242,-0.04137428713736994,-0.2792951018119049
1.242125,-0.02295436820471281,0.03413566888524653
1.24225,-0.023570863683298467,-0.02760529380850299
1.242375,0.11004238810892326,-0.08357253253362379
1.2425,0.08123259524588303,-0.3700393714149525
1.242625,-0.05076504474284627,-0.29154556978588797
1.24275,-0.09132362909281214,-0.14228819409924814
1.242875,0.1152218476926254,0.24018976206788617
1.243,0.1374617288800386,0.2051654488200455
1.243125,0.25027386221101267,0.060886933154115905
1.24325,0.3691571933205372,-0.07897297037286768
1.243375,0.41569468982432933,-0.12889525530356993
1.2435,0.411947722790321,0.09536683082292774
1.243625,0.538450048310791,0.10599096866438354
1.24375,0.3612969770262016,0.17322990355920737
1.243875,0.48314372090898794,-0.04641063069958221
1.244,0.4422546142274667,-0.07926730023735705
1.244125,0.2616325159894835,0.06316914772000431
1.24425,0.07297952826079933,0.1605952728739766
1.244375,-0.11595521019171988,0.11004564399503318
1.2445,0.07516370483967218,0.1877683977970395
1.244625,0.23394954390894265,0.3871189810972461
1.24475,0.26923589209457816,0.5157300513799947
1.244875,0.24220985731786776,0.4826036589230485
1.245,0.2360136966007399,0.15873274849023444
1.245125,0.24879508145843993,0.4335987975768742
1.24525,0.13304340062241382,0.268230630922744
1.245375,-0.09640324375869655,0.15201068902945933
1.2455,-0.271732596006272,0.1040897253428951
1.245625,-0.4057953098978583,-0.14455966804758488
1.24575,-0.20753912661556656,-0.037266321055152776
1.245875,0.0543501149428029,0.2862111856223629
1.246,-0.20230338279189095,0.3550164756624409
1.246125,-0.13247344762591445,0.16689663583752784
1.24625,-0.26080205292310876,0.2307954039461386
1.246375,0.049603824722182034,0.2508544185546037
1.2465,0.16506485752980113,0.21414578816417634
1.246625,0.0028802024193437755,-0.05288469523077538
1.24675,-0.058901953995747616,-0.12388922614610584
1.246875,-0.3178791724235134,-0.21910410866420926
1.247,-0.11610611437103782,0.019806475061885483
1.247125,-0.22434033264909806,0.0012913375718998459
1.24725,-0.323499388354045,-0.09621638677189756
1.247375,-0.2388740490525289,-0.050405177382037425
1.2475,-0.12010698146294634,-0.20228169917708486
1.247625,0.12439659737109124,-0.024887379018993
1.24775,-0.1716119087335378,-0.00838666452273293
1.247875,-0.4859067657906134,0.04140573097764873
1.248,-0.29487743578379083,-0.16672480339727613
1.248125,0.20618073113440397,-0.026944120782555734
1.24825,0.5609649323631832,-0.03503050465990023
1.248375,0.3584586011795829,-0.18635544674019786
1.2485,-0.2560679591172716,-0.2527963556912991
1.248625,-0.33110339908092923,-0.2090575066887335
1.24875,-0.1536100558204111,-0.09447438640703525
1.248875,-0.19199563947844023,-0.0077194041385333974
1.249,-0.22546318610149257,-0.1912676338949928
1.249125,-0.34644793178770067,-0.3561075809818298
1.24925,-0.4650943559786476,-0.1730487118904378
1.249375,-0.14704213929009974,0.20636587200112966
1.2495,-0.23728244798279768,0.44657393868506723
1.249625,-0.4522282978635615,0.3267083908522172
1.24975,-0.44546579938399666,-0.2845089394034552
1.249875,-0.11335592201680988,-0.4662024220652112
1.25,0.1069120673147098,-0.3026150519833342
1.250125,0.04375991584874066,-0.18435953375660813
1.25025,0.09514096531889384,-0.29726406882438006
1.250375,0.025032168651063724,-0.2088539105106406
1.2505,0.22494568262349002,-0.3475002619571217
1.250625,0.11457093331847096,-0.16275885295831577
1.25075,0.2010465188504376,-0.3159143073028676
1.250875,0.1142482158467451,-0.3464642378513492
1.251,0.2073790847208452,-0.3449600076357892
1.251125,0.335071164561674,-0.08768198725281733
1.25125,0.41857284034781567,0.37845044299604913
1.251375,0.1947076895391913,0.1408134448387654
1.2515,0.13234775239571656,0.049009410640984706
1.251625,0.12953692506298273,0.015239064953881238
1.25175,0.32319479245815397,0.11713569699200942
1.251875,0.36597966475853344,0.27629355825993596
1.252,0.2239153107088653,0.1617993552669553
1.252125,-0.1270279990939714,0.14179650090159676
1.25225,-0.15870370101864004,0.27164507445922037
1.252375,0.06352863446998824,0.2950787299169856
1.2525,0.25991514564787144,0.332395438702804
1.252625,0.2608213163413723,0.31442013449573186
1.25275,0.308514081232701,0.15263227944081043
1.252875,0.249757917246553,0.273378836108131
1.253,-0.06305730666244318,0.26926086326658044
1.253125,0.25458492885752776,0.23722498624260538
1.25325,0.21877065014944766,0.2279375788479439
1.253375,0.16901170983716374,0.02268710741889426
1.2535,0.1356476256090936,-0.13753112828699496
1.253625,0.04013631383475946,0.09811090752809998
1.25375,0.05190092161879398,0.2246188159141245
1.253875,0.22627973948071872,0.36474846594492016
1.254,0.16140206575780022,0.26004196511611577
1.254125,0.07441389262783873,0.2323667410539382
1.25425,0.053966770684127495,0.18678499405996413
1.254375,-0.17455490482087085,0.20028894645485465
1.2545,-0.3075166545699773,0.16790719913590593
1.254625,-0.28009796910863294,-0.004721150193907033
1.25475,-0.30764146724157876,-0.062327246019254774
1.254875,-0.02074875812533963,0.13268315162529007
1.255,-0.1705310859681339,0.1665775122677901
1.255125,-0.1696492182636867,0.16688638443168213
1.25525,-0.42839235362702877,0.18477521913452893
1.255375,-0.2942461998081683,0.14574157185316353
1.2555,-0.17505078424035406,0.02634762037697011
1.255625,0.06016767395335517,0.004221961224233099
1.25575,-0.0023606387029375155,-0.2715967379392687
1.255875,-0.12094086221019883,-0.5051636827689469
1.256,-0.1499605245125615,-0.4002052447427065
1.256125,-0.029464344568161615,-0.08490317029934792
1.25625,0.14158977410054663,-0.055984612390320876
1.256375,0.043047155204543504,-0.3647470247882046
1.2565,-0.1425236086448,-0.3414232933818057
1.256625,-0.19931310024321955,-0.22084268661617246
1.25675,-0.20704705477305968,-0.09465074903045487
1.256875,-0.0908699273849506,-0.06818695934122246
1.257,-0.04647754128002311,-0.03100789161298816
1.257125,-0.06824020145448846,-0.1851664914606864
1.25725,-0.20968649031062883,-0.16482456643919624
1.257375,-0.17166426773190444,-0.00047657085268007265
1.2575,-0.26822181274996826,0.25571641882835927
1.257625,-0.507539183243015,0.1892463648283296
1.25775,-0.5093608469278079,0.010800091481004238
1.257875,-0.38918963998570416,0.0026096818612531677
1.258,-0.25122515976581666,-0.17146082164219706
1.258125,-0.17526212833582983,-0.022895676972305178
1.25825,-0.17938234504918676,-0.015827017980632328
1.258375,-0.031538453577393426,-0.31391954832170826
1.2585,0.2559073809412696,-0.14206492242553795
1.258625,0.4037255666278395,-0.10476269384215438
1.25875,0.4847070111641335,-0.37023771428127694
1.258875,0.5944984849674019,-0.5529176200508633
1.259,0.3680524709929708,-0.4373220709020565
1.259125,0.2903169758336061,-0.4466755110459416
1.25925,0.2673156343579089,-0.15871802664254497
1.259375,0.21168664341226212,-0.15724051117570104
1.2595,0.2749109338994339,-0.13638624710528383
1.259625,0.2781550203712041,-0.05744717484882816
1.25975,0.18698202176271148,0.22136167148563665
1.259875,0.14987916218836192,0.24570004260344463
1.26,0.2671273842851805,0.557388182146461
1.260125,0.3242961124400363,0.49664935481381733
1.26025,0.30257510092390255,0.44448138188153685
1.260375,-0.22049283678888437,0.3175199822592012
1.2605,-0.23144486964823607,0.2747973871942382
1.260625,0.03545109084157414,0.19284920963131458
1.26075,0.18197110172398662,0.22710062697759137
1.260875,-0.15617201830896263,0.2943714144602384
1.261,-0.2577990165973607,0.21220348991327126
1.261125,-0.13144435211219554,0.24250745260351456
1.26125,0.12664807681568577,0.11595230054363796
1.261375,0.24058641553003154,0.21090082745345476
1.2615,-0.07883475701841022,0.1583436312028166
1.261625,-0.2382300291423424,-0.07533962068620315
1.26175,0.018168474504718944,-0.24597737878396095
1.261875,0.32769370588713703,-0.07721925718785139
1.262,0.40440028750848345,0.10614208958537903
1.262125,0.2455739736225787,-0.06721454173268417
1.26225,-0.029668659704616587,-0.07642508164405638
1.262375,-0.10157776894082139,0.04842166126469017
1.2625,0.0524697955593037,0.05271551155649437
1.262625,0.23974404942614544,0.10253624942656206
1.26275,0.3313015530900787,-0.024314801494446054
1.262875,0.019824398625991946,-0.14577387064449285
1.263,-0.06920516928547753,-0.0003209522094493579
1.263125,-0.029023018511118343,0.22875989154303505
1.26325,-0.13877468611484983,0.42068899246159264
1.263375,0.090246197776458,0.08839527544089826
1.2635,0.13428070455800642,-0.01267549264537203
1.263625,0.008744411326794106,-0.17597884574236888
1.26375,-0.16570441216104734,0.04261751685840588
1.263875,-0.25081045938483865,0.23510777101452293
1.264,-0.22911875998287978,0.28175150990559295
1.264125,-0.24385945845593757,0.09118784057964475
1.26425,-0.21062916659529232,0.03335058587265702
1.264375,-0.14201584562468636,-0.16638707263581315
1.2645,-0.06468384568444331,-0.0750345248830795
1.264625,0.037222145334056385,-0.03841174471348877
1.26475,-0.174747863285365,-0.017497724381591438
1.264875,-0.3202652016767089,0.016809864977152426
1.265,-0.2374747455444226,-0.048807165104156364
1.265125,-0.4035474395206228,-0.2734720662159009
1.26525,-0.694742852374475,-0.22614580793476372
1.265375,-0.6393029016277095,-0.18202850426259218
1.2655,-0.5156416805232534,-0.1307999876610606
1.265625,-0.23931560678922664,0.11503289465765336
1.26575,-0.28086202908691854,0.041857731929731926
1.265875,-0.015812555930559444,-0.18303485502981223
1.266,0.05202276774047852,-0.23570461153674704
1.266125,-0.23036880958179193,-0.2970288237832132
1.26625,-0.41947015584099284,-0.28642489040925395
1.266375,-0.27832878092852403,-0.3631205757385209
1.2665,-0.09816170722098809,-0.5291917475912697
1.266625,0.20835804669469746,-0.6096675993404871
1.26675,0.11102289923581204,-0.4432935585663035
1.266875,0.1091864230810112,-0.31674626787337323
1.267,0.054064157779418906,-0.1272137061263335
1.267125,0.27901473321627673,-0.10006280444136427
1.26725,0.43658691249392295,-0.04587032601246872
1.267375,0.42140849736957114,-0.23994209604410677
1.2675,0.5176804404295535,-0.24931776138034809
1.267625,0.3720748553130189,-0.40280564627092014
1.26775,0.5202474357489157,0.03187046268394924
1.267875,0.7487009207133988,0.11153251771225996
1.268,0.4910133848525579,0.3271166568345408
1.268125,0.33616472164787115,0.05932591897652602
1.26825,0.09182361678094349,0.07031333114599808
1.268375,-0.07354535797717428,0.20331835910039525
1.2685,0.11524898444795281,0.2683623901971737
1.268625,0.28954869917116155,0.3634008374833602
1.26875,0.13642962898402314,0.22298550736164563
1.268875,-0.3759548088661232,0.3724924912126988
1.269,-0.5214089877117423,0.39772648538497846
1.269125,-0.17244939601958548,0.4469786735297523
1.26925,0.0558593081230382,0.671823273762189
1.269375,0.06845932534418861,0.17814436383381738
1.2695,0.13830735424529358,0.16667838664280465
1.269625,0.13166036859316935,-0.1818624982841049
1.26975,0.18832943536705138,0.12145137145650521
1.269875,0.3823425883813257,0.34534522194962647
1.27,0.35477467402655327,0.14950523795401477
1.270125,0.1218939237258172,-0.09647145321441401
1.27025,0.037261598829834076,-0.21958502527458326
1.270375,0.031139106554223934,-0.21403810860004935
1.2705,0.10405261586676576,-0.09946463587387898
1.270625,0.09293791913370399,0.1026166298607243
1.27075,-0.09903871924937939,0.2386431197404916
1.270875,-0.1854782913787716,0.042158995192128866
1.271,-0.07039064327983366,0.04081252381095949
1.271125,-0.12115789598615828,0.3635299437697855
1.27125,-0.2678092455750788,0.14956675342399903
1.271375,-0.2929721364650483,0.1679856445130217
1.2715,-0.06747944403207046,0.0546289852560372
1.271625,0.11757896608712835,0.045784238265696754
1.27175,0.13531760475574348,0.16311161481268138
1.271875,0.08572820917780409,0.08391085873982083
1.272,-0.09667691071377435,-0.09267913536904923
1.272125,-0.1168936056807858,-0.19578369389987382
1.27225,-0.2874445125653438,-0.015745901137638036
1.272375,-0.3710107887607776,-0.10515959352087718
1.2725,-0.35763616814397664,-0.07780067248629018
1.272625,-0.4496556062499363,-0.17417441821883126
1.27275,-0.2169816957905869,-0.10296118929696609
1.272875,0.02849877391636455,-0.05795614542648889
1.273,-0.004939556542788312,-0.005916037816155685
1.273125,0.0416940943635087,0.07366799503400735
1.27325,-0.05657135519010288,0.009511352660302268
1.273375,-0.014814142685580508,0.009384881232538896
1.2735,-0.14498844617672707,-0.10935258333350466
1.273625,0.03826536568832449,-0.21543619468691788
1.27375,0.11632987117172648,-0.4249945815775161
1.273875,0.0086766852621028,-0.42969365347739735
1.274,-0.040411170508149054,-0.2116410494412949
1.274125,-0.43031828625133633,0.010194247028327618
1.27425,-0.5910715031430621,-0.04228930231591204
1.274375,-0.5293016723503563,-0.0024708384223744075
1.2745,-0.2220234395756573,-0.1307956437761564
1.274625,0.06334013168550134,0.08814134775126777
1.27475,-0.036597884280225555,-0.06005517042174828
1.274875,-0.1955174043908727,0.035023352777693834
1.275,0.07061393525193768,0.06793465182148183
1.275125,0.10108393136351977,0.02708827031181175
1.27525,0.4086485263856801,-0.07089891133297069
1.275375,0.19245442726096146,-0.45940725144276223
1.2755,-0.015504188721344306,-0.33863650499385667
1.275625,0.06715320398592863,-0.18444202871406573
1.27575,0.09510765454966344,-0.10105861468088609
1.275875,0.0690849744531986,0.08433350516784979
1.276,0.029911205693196104,-0.1279660130190031
1.276125,-0.013694117444253959,-0.3476372677985606
1.27625,0.41284430072398204,-0.09032236738992339
1.276375,0.49990225999321103,0.12656532560046876
1.2765,0.33338511308758845,0.1754816231379123
1.276625,-0.06881190764154421,-0.021282569202525553
1.27675,-0.2167091866645458,-0.035838850466107616
1.276875,0.23472611182604602,0.3469700692205849
1.277,0.45016809734342106,0.29683548167810964
1.277125,0.2778324276467531,0.1498826020017728
1.27725,0.4002589079344418,0.02766845719911385
1.277375,0.19358341066904836,0.056900955776825704
1.2775,-0.06256690386213187,0.4429681293441801
1.277625,0.018408436425947573,0.4207049873929713
1.27775,0.13450757211579867,0.38303554129780165
1.277875,0.2276218200040727,0.07572637772117478
1.278,0.3070972301724074,0.09346571314193496
1.278125,0.07389239862484052,0.15698029334033983
1.27825,-0.24120855136076963,0.33258073300300406
1.278375,-0.17810230615964942,0.3223948059043839
1.2785,0.2504817141445493,0.23451626898989128
1.278625,0.28952156237960036,0.19361710006641192
1.27875,0.2686190070831304,0.06275463557138632
1.278875,0.1374661596181213,-0.07700672919795612
1.279,-0.06969295053027989,0.0005461411256844752
1.279125,-0.09438565693828922,0.20211507233377382
1.27925,0.1432973521950129,0.32665950221900475
1.279375,0.20198375145274072,-0.03738247568372169
1.2795,0.19085473456774285,-0.2855202614552868
1.279625,-0.06616271898638153,-0.06303586612524623
1.27975,-0.14723779082243194,0.05324308118547021
1.279875,-0.23069148006446596,0.2427164706003109
1.28,-0.12756992761205796,0.10931409940525574
1.280125,-0.08895264486347554,-0.033150919856616355
1.28025,0.05926746582346535,-0.024947812784601547
1.280375,-0.016217744200595675,-0.0008429731714106917
1.2805,-0.1294565619756906,0.12049707104882103
1.280625,-0.3565016140113265,0.07198803548185344
1.28075,-0.3260343071022797,0.03764730368018254
1.280875,-0.0772220270354362,-0.06959275694293311
1.281,-0.018515339328815977,-0.12803698861501375
1.281125,-0.020561997870705624,-0.14151921518109395
1.28125,-0.18370265146593745,-0.0612659070622169
1.281375,-0.13544119384631415,-0.003366577729861372
1.2815,-0.08305199335984795,0.05003140872936101
1.281625,-0.030060499968812212,-0.0020094403566314947
1.28175,-0.4422830127931649,-0.15985239233630266
1.281875,-0.6697982522677495,-0.26605363333144966
1.282,-0.7068395471145664,-0.3502373761991554
1.282125,-0.4477468319219236,-0.06977822116781633
1.28225,0.08053626210923136,0.12745087822761916
1.282375,0.06922817004585567,0.11722383317952995
1.2825,-0.19719861834972296,-0.061431443777602755
1.282625,-0.2616015647830687,-0.18858977924987957
1.28275,-0.3142562081176556,-0.10445288600480598
1.282875,-0.11573989456676922,-0.1977175852014291
1.283,-0.14748769734186193,-0.2700376282146369
1.283125,-0.06584028971258708,-0.663699238354641
1.28325,-0.1162045812483456,-0.6512575906993906
1.283375,0.17954616473330484,-0.2492753352742739
1.2835,-0.10196271607218078,-0.045817931746506564
1.283625,-0.07937915353880695,0.08898855577014249
1.28375,0.20966882442914112,-0.2157177661924404
1.283875,0.1512076955522092,-0.3400522411189267
1.284,0.43398639426414976,-0.22087692850983232
1.284125,0.5689902710277888,0.01526036816150762
1.28425,0.39179272107383983,0.0021442520196711333
1.284375,0.2607119144337075,-0.08662416059428966
1.2845,0.16571588715607535,-0.0032611493912989968
1.284625,0.4063383596691063,-0.017218926181424926
1.28475,0.28228631269215904,-0.027393192678466287
1.284875,0.3813640512585659,-0.09949666352857318
1.285,0.6059426583377955,-0.10692124545829872
1.285125,0.35238749181053197,0.3457397873886742
1.28525,0.20064989457194793,0.33663956374628506
1.285375,0.19014968546784733,0.3600651276765749
1.2855,0.3926849909158235,0.35584893803327755
1.285625,0.44799442312286414,0.27764951912901986
1.28575,0.3627917078000595,0.2801254862999415
1.285875,0.23628929389501646,0.26964937995268173
1.286,-0.18309857898618456,0.261509444515602
1.286125,-0.10985069674366359,0.3141297950189095
1.28625,-0.2756375619179116,0.37662727948488034
1.286375,-0.25384364326356534,0.33082422287658825
1.2865,-0.35873431313793386,0.10543102530839046
1.286625,-0.13604117419820194,0.043269711132626065
1.28675,-0.01915319013752799,0.30456413535686067
1.286875,-0.03854980151840749,0.27514197757257797
1.287,0.19815494259321012,0.2527596094501252
1.287125,0.2086005119695767,0.17905954144906985
1.28725,0.010568226313069702,-0.03644194759106944
1.287375,0.034682484751785744,-0.14523353799475278
1.2875,0.04871450722987827,-0.15296031623579098
1.287625,-0.12521107426549952,-0.06905229830463515
1.28775,0.06325570050544845,-0.1113052706018503
1.287875,-0.07688239023568903,-0.14601249868173538
1.288,-0.4041652587302462,-0.06028090924844881
1.288125,-0.3044356260742399,0.08965124315637293
1.28825,-0.3288561398310783,0.1696924434540491
1.288375,-0.2940712994430086,0.11402557006466346
1.2885,-0.2758146510089302,0.06289078248540488
1.288625,-0.03326736043917825,-0.06414806739403121
1.28875,0.3308426815532247,-0.07087984732770963
1.288875,0.2404384875035297,-0.040189560285559346
1.289,0.21830098139836793,0.022818001352072615
1.289125,-0.1134985095945529,-0.07200514581819689
1.28925,0.11264589110422298,-0.12911270348294496
1.289375,-0.03901419138796626,-0.20352544629744754
1.2895,0.030768821443825433,-0.07698689878403477
1.289625,-0.293489617988649,-0.23421296183230297
1.28975,-0.290178811486545,-0.1928152137803475
1.289875,0.02836111983696218,-0.08287597478963916
1.29,-0.04468076043373857,0.24034254471998662
1.290125,-0.0025798610610121117,0.34588324896205025
1.29025,-0.17288527633968542,0.18811577190752554
1.290375,-0.3791412235414106,0.05128400726088595
1.2905,-0.39315887484733075,0.25466751358136575
1.290625,-0.30275636233548564,0.06643443420796083
1.29075,-0.11197622694634944,-0.04670269679498289
1.290875,-0.057707089706022355,-0.18986063782606624
1.291,-0.13819976676297824,-0.22496476759962095
1.291125,-0.41797903103779327,-0.010328017893876556
1.29125,-0.3466234705354186,0.0219890999901302
1.291375,-0.36840635735749044,0.11975354028508291
1.2915,-0.3877688094418569,-0.274682688430926
1.291625,-0.45732452845451266,-0.41285819840594773
1.29175,-0.18039449665252238,-0.32845491431096396
1.291875,-0.007770917294984801,-0.3560787414379645
1.292,0.09271352400771442,-0.13339909147027532
1.292125,0.013248124050679677,-0.13881960501534452
1.29225,0.1558292949336647,-0.38392158446953856
1.292375,0.3057661358968982,-0.3896134797465982
1.2925,0.4895610493039118,-0.17467309044454557
1.292625,0.3977641205996427,-0.17562319441917792
1.29275,0.4796270589878242,-0.28141397576260374
1.292875,0.4123903421337745,-0.3580373009477757
1.293,0.455985575937486,-0.07890194670309446
1.293125,0.5299684065382407,-0.02839497526082525
1.29325,0.28759806469448335,0.03944393224281098
1.293375,0.31599165673816626,0.03566015955747819
1.2935,0.22955417510179574,0.16095057444111563
1.293625,0.3939415534821408,0.3111825120417765
1.29375,0.362453314281611,0.3301827956296473
1.293875,0.2729908807138511,0.5261591297888141
1.294,-0.043911077258662536,0.41773407789992556
1.294125,-0.0603710359984599,0.3289858203899826
1.29425,0.09344403601523854,0.3572540545365066
1.294375,0.10479584173989395,0.4380408245163582
1.2945,-0.10913382083876134,0.21861775758149626
1.294625,-0.09387194942533046,0.12573669082250497
1.29475,-0.23843433380960238,0.2921657032539144
1.294875,-0.18772578010827282,0.3790149423445285
1.295,-0.10557192026870417,0.4022719203900904
1.295125,0.1710179960746024,0.24367984499215845
1.29525,-0.01593065472073784,0.1956889438721408
1.295375,0.08039822446241866,-0.00472070965488437
1.2955,0.03383871707382599,0.1983132373058233
1.295625,-0.23926331923654096,0.07961694631106259
1.29575,-0.08643987467661311,0.013642287897025122
1.295875,-0.01904600923918437,-0.14181509261909797
1.296,0.12798016167357718,-0.3244228836060182
1.296125,0.0770234082959148,-0.1939069734432573
1.29625,0.04937789713359355,-0.08978580034798696
1.296375,-0.04168244057702571,0.10087263657604148
1.2965,0.31832290459699525,0.12055633713040001
1.296625,0.2990977651454148,0.09554061175595795
1.29675,0.03798849112945082,-0.029108607120381696
1.296875,-0.2679004488694045,-0.09955898196717794
1.297,-0.24690403812468056,-0.0008426280937196009
1.297125,-0.2546057974853936,0.14517816362359726
1.29725,-0.09926718231818771,0.16928560413910057
1.297375,-0.060368866498340744,0.10627204063875301
1.2975,-0.3243465202610426,-0.0036974114566071577
1.297625,-0.23060711332393177,0.17757555454352122
1.29775,-0.3270477873126253,0.31706389472241514
1.297875,-0.2197429442868706,0.07851624209856527
1.298,-0.2873395418655057,-0.14385675038420181
1.298125,-0.31380551842713095,-0.15384874761865308
1.29825,-0.45531191960091477,-0.27997855503736657
1.298375,-0.33509259984504747,-0.11333635915866858
1.2985,-0.08246487540212133,-0.14937858591028963
1.298625,0.07636690044734247,-0.07176999098658877
1.29875,0.11602211117987302,-0.12351715629774825
1.298875,-0.14618278589695943,-0.23541675405593943
1.299,-0.3983747197086706,-0.18555173263409488
1.299125,-0.3019964955946154,-0.27238752161155483
1.29925,-0.21978215047167274,-0.0785308983468003
1.299375,-0.3243959542371749,-0.021168217086231816
1.2995,-0.40995546864393234,-0.07833946408058812
1.299625,-0.18978793843582606,-0.3736284885405878
1.29975,-0.153704107702166,-0.05155711624871885
1.299875,0.27481497276075434,0.19216254809977154
1.3,0.11104353410277937,-0.07947653881654594
1.300125,-0.08972686863350926,-0.3038455446534831
1.30025,0.23093283564267827,-0.24768005293190243
1.300375,0.38570598235647724,-0.39466252876223057
1.3005,0.27653377851175875,-0.16467802674028922
1.300625,0.10721209861683967,-0.42174293802610663
1.30075,-0.011096700102289178,-0.27684194600185713
1.300875,0.03997342888570392,-0.20491996982431657
1.301,-0.08550524419743273,0.09523486037662414
1.301125,0.0729244294113634,0.2218111034826497
1.30125,0.2140001350362109,-0.09764852172942025
1.301375,0.17169187017830811,0.06322080736473851
1.3015,0.16077302243852054,0.20547217465916098
1.301625,0.3143881954726494,0.31073703881348896
1.30175,0.38164575170593473,0.22981867449922885
1.301875,0.35455738393032066,0.06287244643783105
1.302,0.33880356616799384,-0.018629439242665184
1.302125,0.17920689109442708,0.05232823438212058
1.30225,0.3650002263404696,0.06476112255111596
1.302375,0.05206687568627879,0.09703717603123944
1.3025,-0.11429531661572262,0.21298675820802404
1.302625,0.011732666202109011,0.16150830875307573
1.30275,0.1729942190991468,0.16469743079429391
1.302875,0.2602881594108516,0.30277820630066554
1.303,0.048868604587115186,0.3254097780877517
1.303125,-0.12364607506207143,0.3941999178064428
1.30325,-0.17141115029482384,0.3743138076950621
1.303375,-0.004948403907249732,0.2918386127831886
1.3035,0.2138382991436337,0.15996046318971074
1.303625,0.2788613338604535,0.14577628761327355
1.30375,0.2591534585575847,-0.04040159769923457
1.303875,0.02372924161375622,-0.01865934753204698
1.304,0.04165429806089278,0.22865655043773606
1.304125,0.10688652251257882,0.16983739832022474
1.30425,-0.014317646678965032,0.13077930981132954
1.304375,-0.2540263551629475,-0.1456883936604887
1.3045,-0.20022384241159186,-0.258522231975669
1.304625,-0.05520393618688105,0.041586697854047186
1.30475,0.11708409874338366,0.16395191724617617
1.304875,-0.01608796415211055,0.1723804043878152
1.305,-0.2228305121762156,0.14277742673547267
1.305125,-0.33109397410712677,0.1559879099273754
1.30525,-0.15203707229316668,0.10530758946917894
1.305375,-0.08162866610194916,-0.05851597434196108
1.3055,0.030119466805947723,0.10694169140957878
1.305625,0.005769278940443127,-0.2522008308115734
1.30575,-0.2781074096719567,-0.2788354907957061
1.305875,-0.2898843515048882,-0.19595723266106194
1.306,-0.0895328049090413,-0.09477477532436032
1.306125,0.0679462265637487,-0.10373764002224806
1.30625,0.12884516303139015,-0.16965387884451658
1.306375,-0.16869340560179422,-0.14193868683084573
1.3065,-0.6407183163763264,-0.07563821526518055
1.306625,-0.8088421781059142,-0.1270694975983857
1.30675,-0.259327095705852,0.010388153678514112
1.306875,0.03805057307897674,-0.1330080544591898
1.307,0.1395820549447179,-0.30319198473975995
1.307125,-0.1557431625070152,-0.09232964951397278
1.30725,-0.33809957762976706,0.06860811192257646
1.307375,-0.2754451648894951,0.0973700184665778
1.3075,-0.30322408087809494,0.01683371045471147
1.307625,-0.02610079538099882,-0.26740425531009315
1.30775,-0.10405869987740504,-0.6136619401642545
1.307875,-0.18779215216494907,-0.555481017559652
1.308,-0.38092759458538156,-0.3546565030014181
1.308125,-0.15061634129834603,0.08314511444689654
1.30825,-0.3410328238645891,0.19054832748121314
1.308375,-0.33828079753112517,-0.06315556229333869
1.3085,0.0020264219909115586,-0.1740013921994767
1.308625,0.2006760372053591,-0.315355875096618
1.30875,0.4965283707045495,-0.18685595365882246
1.308875,0.44091796338216704,-0.04301372262518066
1.309,0.1615044690535163,-0.13309301643432175
1.309125,0.008440795489985085,-0.11777306076060153
1.30925,0.12085676157182804,-0.22332311202808647
1.309375,0.2610865706437591,-0.31804721721039875
1.3095,0.35704642229480466,-0.23782348729762115
1.309625,0.4614360677211766,-0.22579340785366805
1.30975,0.5209256127489051,-0.0736182776573884
1.309875,0.40561755592331455,0.2617326422792048
1.31,0.3494687335847651,0.31994846708621677
1.310125,-0.03663352922268659,0.22298774913943561
1.31025,-0.03253864746007338,0.2565819044850388
1.310375,-0.0334272333936861,0.11412042390453826
1.3105,0.025424011756654413,0.08699361950945951
1.310625,0.1831879380987231,0.16554976065886162
1.31075,0.15610044394880204,0.2884389016288109
1.310875,0.3988384570076102,0.6084375845188481
1.311,0.39861359819796255,0.628896137380641
1.311125,0.07816815175493262,0.20794350628126548
1.31125,-0.13651845444778235,0.11167221299138956
1.311375,-0.059451627320904255,-0.029514307993516477
1.3115,-0.041235402832494654,-0.13058942624119296
1.311625,0.27044341477037237,-0.14277724022093838
1.31175,0.3821372288684605,0.1377345914136176
1.311875,0.3110261050026346,0.09311175366746215
1.312,0.1820479764646025,0.3394323711882553
1.312125,-0.14336624322903394,0.3946891308564967
1.31225,-0.14491150480280518,0.35243926621767224
1.312375,0.1520466442019361,0.10684266181615101
1.3125,0.15363343299999774,-0.14081602197745968
1.312625,-0.005580959460584589,-0.20100843312574296
1.31275,-0.18883981252541057,0.0890975664109312
1.312875,-0.5129971923400608,0.05711538262286078
1.313,-0.3852487257986559,0.33681673977061427
1.313125,-0.2265759295631872,0.36829752023844375
1.31325,0.21023295969477482,0.1001947511249956
1.313375,0.1960424988799448,-0.08054990964641574
1.3135,-0.05583423488711914,-0.1305411584992891
1.313625,-0.4316684892892799,-0.0022381640746802992
1.31375,-0.18877009357871477,0.20568357415422173
1.313875,0.06803135765353828,-0.0069724159947201735
1.314,0.14418413117138398,-0.22318910422149352
1.314125,-0.18452605705153158,-0.3570573715327952
1.31425,-0.5046888116568445,-0.41654697495138887
1.314375,-0.6300590061728957,-0.17972827641505293
1.3145,-0.18025030007883783,0.23478638126081797
1.314625,0.3689845086854318,0.09793318015742558
1.31475,0.3162935078835102,-0.07702639013909446
1.314875,-0.022792602305455333,-0.35827525825410655
1.315,0.04947055947564847,-0.22478217417403487
1.315125,-0.19966133619457976,0.02164274669877031
1.31525,-0.151415342170214,0.12161789399477507
1.315375,-0.2189341534844241,-0.17918064814079468
1.3155,-0.39371367470357704,-0.5528828749966059
1.315625,-0.32430463698401674,-0.42477250090877866
1.31575,-0.3950413603303056,-0.13642321080850295
1.315875,-0.17287358282161908,0.21202593048291882
1.316,-0.18879507701594922,0.2871665357964674
1.316125,-0.2939549330209443,0.06955783864066895
1.31625,-0.10167418649766834,0.004714113138031264
1.316375,-0.05813359225071361,-0.14856595756540003
1.3165,-0.009568436640420303,-0.17360775687213637
1.316625,-0.15802887601977317,-0.2521118724310353
1.31675,0.04023922153889986,-0.2857182355429319
1.316875,0.10346124533075518,-0.3660483408900673
1.317,0.18762606732118356,-0.06928081722301607
1.317125,-0.06413372887843313,-0.2684193136690824
1.31725,-0.18823801191648185,-0.14720161504525983
1.317375,-0.008061012152987056,0.0040879556282700106
1.3175,0.0009293958938634493,-0.1429239392153691
1.317625,0.04376916820977284,-0.15440769219115474
1.31775,0.3090029959087138,-0.06349354867507584
1.317875,0.4236028603660658,-0.11262391736162321
1.318,0.38573256422520696,0.07015116667566192
1.318125,0.20722989144358658,0.22494106097976202
1.31825,0.15490715774718494,0.10417273129304276
1.318375,-0.08819975349971164,0.10261353170434652
1.3185,-0.14386129510325188,-0.011566637813045453
1.318625,0.13622882453224935,-0.07331132798929249
1.31875,0.6631456555412606,0.16532742851980398
1.318875,0.6180264601675336,0.18810349317761424
1.319,0.35230890613276855,0.2539985280832841
1.319125,-0.0694043868096156,0.1739409871275232
1.31925,0.030312597875879196,0.4436684688782174
1.319375,0.10208496170351836,0.31212006167844497
1.3195,0.07863345532757544,0.1355233921131124
1.319625,0.04363932295401786,-0.10515046400299334
1.31975,-0.004545337318028879,-0.28803972374619446
1.319875,0.2171578805608537,0.24665502794210337
1.32,0.1527082066211563,0.491251518391367
1.320125,0.3712930411095906,0.6456539832840091
1.32025,0.4887689439743293,0.34021076597522254
1.320375,0.12789630207538027,-0.06432255359159436
1.3205,-0.21908585568068176,-0.08050241280037411
1.320625,-0.4211054622063373,-0.13056863514424996
1.32075,-0.24144274009215255,0.06314043962527902
1.320875,0.1618478141693008,0.12518438118285669
1.321,0.2506154432651945,-0.07885612647625632
1.321125,0.3385914500761234,0.10836660298717413
1.32125,0.24563785910713792,0.27313266488892185
1.321375,-0.214795037224379,0.42504869080856844
1.3215,-0.42095470639008914,0.38058781898800476
1.321625,-0.3084454508827811,0.07268226848539398
1.32175,-0.10385834925902723,-0.3715737641395505
1.321875,0.015208737616656186,-0.4833009081623957
1.322,0.014713375298865489,-0.3005798218002593
1.322125,-0.012086339902498805,0.01737568584946643
1.32225,-0.3480093553201646,0.2248118205021775
1.322375,-0.08509468326728983,0.3887118358535936
1.3225,0.09165733369233468,0.1372730784779655
1.322625,0.0814196397309485,-0.10546579964826826
1.32275,0.08564161660931664,-0.3310043991316415
1.322875,-0.3416739260394365,-0.3265332715923703
1.323,-0.4341160021454598,-0.16808019053181647
1.323125,-0.5248471809346175,0.08753291195417504
1.32325,-0.5135542224243161,0.14708113283296526
1.323375,-0.36178644219296957,-0.12836178557366693
1.3235,-0.3813867000876399,-0.21434230384752173
1.323625,-0.3375039404006079,-0.04760030301441883
1.32375,-0.15618849607753302,0.13426638065560345
1.323875,-0.41138383007848606,0.16464236636427482
1.324,-0.3245620430536378,-0.06538120922058507
1.324125,-0.1681109751823952,-0.13427552835080986
1.32425,-0.2122512880105652,-0.353576817102107
1.324375,-0.21767625266556176,-0.4988066829825723
1.3245,-0.2827087043647981,-0.28256301996429145
1.324625,-0.1599784568651971,-0.42099839044473575
1.32475,0.08987979026726867,-0.31343979764339597
1.324875,0.17256302570109253,-0.28292513239513195
1.325,0.11449399814725002,-0.18513329697284564
1.325125,-0.0703578727821505,-0.10634348647428171
1.32525,-0.15008483971282688,-0.11540181960503915
1.325375,-0.16825916572628866,-0.27450515658182173
1.3255,-0.1436005422311022,-0.18793730924678712
1.325625,0.15785013820539923,-0.12200012218841651
1.32575,0.35036927456755496,-0.07247519489447495
1.325875,0.5515949590876084,-0.2236756177965646
1.326,0.5881662166946263,0.08263521311401117
1.326125,0.5427414242433727,0.13362437398994106
1.32625,0.4906293207531998,0.15044082271801554
1.326375,0.46682432897397097,0.03891844941996704
1.3265,0.5329222805888733,-0.14089247679534106
1.326625,0.5842406043823546,-0.16679492100894752
1.32675,0.7785041176710507,0.030945465874830397
1.326875,0.3758418067109679,0.09692642312414451
1.327,-0.22178055299699062,0.32717714215227567
1.327125,-0.3455777120216432,0.39598695438784653
1.32725,-0.3101381806359246,0.5309678125061306
1.327375,-0.15020111361052782,0.69080011929633
1.3275,-0.14960339297608063,0.5708927426162054
1.327625,-0.2240420998998631,0.323579344723933
1.32775,-0.09213597885631647,0.3168594543589078
1.327875,0.02289871172080803,0.660786230911417
1.328,-0.10490898104082996,0.7042661118109592
1.328125,-0.15946701020648169,0.2935014707296622
1.32825,0.14544646977324502,-0.0774603205452839
1.328375,0.35320502506081564,-0.24978898579147504
1.3285,0.3640582724953395,-0.18790066538866795
1.328625,-0.1805916874680617,-0.139530544430953
1.32875,-0.4866184389514892,-0.24107129558756277
1.328875,-0.3976719108829501,-0.3673948691937675
1.329,-0.1699186669493969,-0.15015834692436084
1.329125,-0.004909239955519598,-0.05062318152360163
1.32925,0.18641751545919386,-0.06021161538494841
1.329375,0.3154402710752488,-0.11290072095157719
1.3295,0.23251177646105708,0.06569417605133808
1.329625,0.25545117826680863,0.4033328746647396
1.32975,-0.006795182379279623,0.3049784129572855
1.329875,-0.17780159282727379,-0.13180579298355993
1.33,-0.13169550881254785,-0.3605188481310996
1.330125,-0.05112160892214719,-0.44684549934825946
1.33025,-0.24428658835591321,-0.18207351537072666
1.330375,-0.17290725211798913,-0.04030270928370066
1.3305,-0.25234619041882544,0.1839258074439872
1.330625,-0.1967866137553941,0.22856635994105093
1.33075,-0.08077267651087809,0.26804830993486356
1.330875,0.11343388890326155,0.17390419801513635
1.331,0.01869843632289315,0.09075479462776709
1.331125,-0.08958984376328183,-0.09561370937015957
1.33125,-0.2227459056590521,-0.2153666803995893
1.331375,-0.2312866589017111,-0.19797036588709424
1.3315,0.08773161162078884,-0.03897228342748953
1.331625,0.12233034920282213,-0.09262110933686506
1.33175,0.01576734740363411,-0.17750436871925993
1.331875,-0.4151439978442571,-0.10645400758432019
1.332,-0.5426274473475718,-0.01678409128876668
1.332125,-0.3739253910252421,0.029242619168522273
1.33225,-0.25756037373244395,0.04442765581935708
1.332375,-0.26191105734291453,-0.08960110286548399
1.3325,-0.5647353229718576,-0.22974503054690498
1.332625,-0.3599282271114107,-0.12323110674666188
1.33275,-0.3043065531059859,0.05367628171526075
1.332875,0.023718290159419946,0.09920271561013276
1.333,0.042689106725971634,-0.12993294821999515
1.333125,0.040227508401669776,-0.27769680657248924
1.33325,0.13779728123225596,-0.32649644065715644
1.333375,-0.06393487885142303,-0.2855089527290386
1.3335,-0.11752533017411439,-0.29417488609000675
1.333625,-0.1602509240247057,-0.41469733558711125
1.33375,-0.008985412842886578,-0.4941246652316292
1.333875,0.21501708541007425,-0.23785386428181549
1.334,0.401778678751386,-0.241582268876928
1.334125,0.2933640083537244,0.013793892009901275
1.33425,0.524000128749994,-0.008170362204317884
1.334375,0.337984216488548,0.09906851202829516
1.3345,0.3007444970955541,0.1088817646073851
1.334625,0.2011380370672273,-0.15376604595287413
1.33475,0.1557032799022148,-0.1754885634122755
1.334875,0.02384721165136453,-0.2252727123835722
1.335,-0.04694385282961165,0.021448331697939648
1.335125,0.16056246498159932,0.17660419932886337
1.33525,0.1320121149130307,0.25108573354714153
1.335375,0.2082172042421905,0.3946098589084518
1.3355,0.31267772680269773,0.5115849218911741
1.335625,0.13164497789386786,0.321665685295315
1.33575,-0.054636278510179645,0.33608893057417455
1.335875,-0.1599625146004285,0.4156797970946289
1.336,-0.05313433474588565,0.1457370273738018
1.336125,0.34242065678411276,-0.04736906814983472
1.33625,0.5447537821587104,-0.10775157588747655
1.336375,0.16085810378895338,-0.021312984912662196
1.3365,0.044347842629181636,0.04565673112986055
1.336625,0.3675934713280245,0.2964968042424088
1.33675,0.43589985666656167,0.20940495431761014
1.336875,0.3424317958012309,0.01047087403555213
1.337,0.023014699344798942,-0.06723743264533942
1.337125,0.01200162433606138,-0.2377701697514763
1.33725,0.31125439006942884,-0.01739904562106565
1.337375,0.31250903250995204,0.26164385622736774
1.3375,0.25545000617767405,0.2870032820670985
1.337625,-0.13152102470983457,0.10065631495010448
1.33775,-0.3489518280534948,-0.045063900636941004
1.337875,-0.5101024029221374,0.3191184836920686
1.338,-0.4090731917679334,0.6021198869997728
1.338125,-0.2513093615091909,0.461499292881648
1.33825,-0.3224611084322729,0.12502196297986365
1.338375,0.0002514597727727184,-0.12179368841385636
1.3385,0.08850880800465069,0.15370780449293558
1.338625,0.1252402451901813,0.28032179810153174
1.33875,-0.2257055791597839,0.31471324886660157
1.338875,-0.16642352850848832,-0.10721676265648288
1.339,-0.07602044665746897,-0.32644458870095655
1.339125,0.007911061854204485,-0.3460595538723715
1.33925,-0.0703461299642425,-0.36586345975247914
1.339375,-0.20840749967203195,-0.25932567997008177
1.3395,-0.4994086795581465,-0.21782806770925867
1.339625,-0.04378303530331314,-0.15582483532491764
1.33975,0.0805073798435309,0.006668885486952541
1.339875,-0.24535740035939269,0.06720169491610917
1.34,-0.44603455625795774,-0.10141676305542228
1.340125,-0.3304855754641502,-0.08695659025780736
1.34025,-0.3593756796182428,-0.27489568849762336
1.340375,-0.13377466557426954,0.03590446018308161
1.3405,-0.46024451465496097,-0.010401220267716825
1.340625,-0.2216455539226089,-0.21743134646280485
1.34075,0.14073309657767696,-0.2820081378173922
1.340875,0.21091259940069904,-0.17815719030006252
1.341,-0.20239895890685627,-0.06246542519533702
1.341125,-0.5683491913084203,-0.21385070279173826
1.34125,-0.7547163430087466,-0.341914744446249
1.341375,-0.2932106997780229,-0.421212431297689
1.3415,-0.23313165098576452,-0.08990382755985468
1.341625,-0.1855100367349968,-0.15357814209319065
1.34175,-0.034199656755697874,-0.2368580312248229
1.341875,0.24463211550793687,-0.13495655150205343
1.342,0.3955440105426258,0.015455680441905265
1.342125,0.2716891076028967,0.19848059143693111
1.34225,0.24930645464564996,-0.06175659547491334
1.342375,0.04373459677944,-0.5032012380981167
1.3425,0.43606627587983593,-0.5282981516097338
1.342625,0.8601741279688463,-0.45981523028959914
1.34275,0.6767056739515728,-0.15069295591344006
1.342875,0.1774651038735519,-0.04244715682050544
1.343,-0.08816023631483304,0.016212920234459794
1.343125,0.13875617360990072,0.11475683253548613
1.34325,0.48383129428749083,0.3029853733750665
1.343375,0.6757932648025506,0.2902770916920001
1.3435,0.1425441878191552,0.19870467624148067
1.343625,-0.08927786929186182,0.2092357095466021
1.34375,-0.24387773095078574,0.43479289252895215
1.343875,0.16416417267500774,0.676031752527244
1.344,0.27589512482698453,0.5600847364409502
1.344125,0.1998142876324576,0.15483652701222167
1.34425,0.03681093378775228,0.02835211315496775
1.344375,-0.08917025382073011,0.13575867171435657
1.3445,0.0950291887815123,0.4280552869162778
1.344625,0.13815841073189344,0.5174142562832945
1.34475,0.0959369299715977,0.2502936954747378
1.344875,0.05370510170235439,-0.21311346336903841
1.345,-0.035470779554768496,-0.22027212800982882
1.345125,0.025100753919764882,0.08487665862647226
1.34525,-0.09523286275602591,0.24725793638278715
1.345375,0.033988158787458554,0.20115091725517886
1.3455,0.17696047139469973,0.011993111979068
1.345625,0.14334392243338534,-0.100614948994662
1.34575,0.17304327455975196,-0.178225258383501
1.345875,0.03509554191376211,0.09589403313932193
1.346,0.02055063324509499,0.17461896143508596
1.346125,0.0730991810607573,0.21814255885950756
1.34625,0.05245475390332769,-0.13760396099754657
1.346375,-0.0055930448627245595,-0.09840954613058515
1.3465,0.29542642063678015,-0.05504622123685865
1.346625,0.1150384306560942,-0.11554725805323977
1.34675,-0.05262769726583488,-0.08923595386095139
1.346875,-0.13197045005162053,0.14382902201085243
1.347,-0.17911039544651783,0.21635924858093372
1.347125,0.06245383439732079,-0.05575898578895318
1.34725,0.07869911210550137,0.08315747425619133
1.347375,-0.056353988035266034,0.07159967216501632
1.3475,-0.38618083811571224,0.031201465805980357
1.347625,-0.5188300672785667,0.07214935896657647
1.34775,-0.41166685100588307,0.21279918575402032
1.347875,-0.16953934782136987,0.09786738110263758
1.348,0.1848035518948334,-0.050715319742111284
1.348125,0.2273398277872408,-0.18800385691178848
1.34825,0.09091833206362837,-0.12313523173798714
1.348375,-0.2727613124869145,0.01202494874000597
1.3485,-0.40717690400078976,0.006823355393958861
1.348625,-0.6722743865121736,-0.023143869547639476
1.34875,-0.7040119048469486,-0.3060663746424508
1.348875,-0.3579865144262039,-0.6198461101506559
1.349,-0.3783413865656702,-0.2659085891734014
1.349125,-0.39864201206860816,-0.1269949953395361
1.34925,-0.4800278604848703,0.07112135344176997
1.349375,-0.13113267100408962,0.11977450873728329
1.3495,0.1395604978484683,0.1647842671087894
1.349625,0.29879232604023953,-0.22412366799474637
1.34975,0.33528705067530945,-0.554698860604063
1.349875,0.1052604818191815,-0.5557760122056445
1.35,0.09068039576141,-0.45742203604488335
1.350125,-0.09615144565407503,-0.37374726166711064
1.35025,0.03971753345353595,-0.3963686402208358
1.350375,-0.09537501103919431,-0.4130523651325819
1.3505,-0.0013097579557038196,-0.3150361726498826
1.350625,0.25383690279414284,-0.22513497927746978
1.35075,0.39632558113509014,0.11465759746020289
1.350875,0.33693254516396126,0.2041212144901584
1.351,0.3287526514135492,0.161879974332806
1.351125,0.2564148628756364,0.16006635867152094
1.35125,0.10131457796305768,-0.08495160786076986
1.351375,0.3412089389790524,-0.10079336805713003
1.3515,0.3472603149810586,-0.025110518610729462
1.351625,0.04384712125065319,0.035164392776329594
1.35175,-0.13654748404905415,0.1630565019562005
1.351875,-0.09205954899521726,0.20832427178687052
1.352,0.31756374746082977,0.2646521113818345
1.352125,0.39191292412685363,0.43726444119419744
1.35225,0.6204152931515264,0.4096572755198949
1.352375,0.2693331418814733,0.37573291829534905
1.3525,0.11457477128637841,0.20667280156534074
1.352625,0.21508014619469382,0.271691350026483
1.35275,0.2306832404035461,0.2928580951678662
1.352875,-0.019590114344341526,0.011971282841875564
1.353,-0.008381856024938074,0.013517077917282246
1.353125,0.05340491218350895,-0.07624704168338793
1.35325,0.3548219168860011,0.3215474704173987
1.353375,0.4476032172549977,0.5925497383644165
1.3535,0.00227464545828846,0.6882661923175559
1.353625,-0.5408229553226113,0.19647670526319647
1.35375,-0.4064364559737103,0.058947500685204504
1.353875,0.06907667492835512,0.024545376233322858
1.354,0.2522185288844359,-0.0689111012697415
1.354125,0.3795358983443275,0.0250748817620038
1.35425,0.27924429996822625,-0.06388269932365165
1.354375,-0.1281271594791409,-0.030289470471694998
1.3545,-0.3315700791502322,0.31147840199689397
1.354625,-0.22673528831275727,0.3425595041730845
1.35475,-0.016675328935554935,0.08133547174100192
1.354875,-0.08196195150588956,-0.41393571869516244
1.355,-0.4979097141065413,-0.3817706267666856
1.355125,-0.52132810218839,-0.07451540899835199
1.35525,0.008733179056410313,0.26729367683305344
1.355375,0.23935756715836293,0.33047710209640085
1.3555,0.16570911780652234,0.03241016901100683
1.355625,-0.021263890310317817,-0.18309727724071623
1.35575,0.004765604890504021,-0.20763148762724118
1.355875,0.18852319746670382,-0.04288723362815172
1.356,0.46525369533790184,-0.10180935986030878
1.356125,0.2853228328385878,-0.15416370940981627
1.35625,0.09297906374958675,-0.42082761453293993
1.356375,-0.02258848192941984,-0.43292189420150806
1.3565,-0.23953052038465164,0.002184631490653628
1.356625,-0.24465675625222463,0.2572553395906399
1.35675,-0.5543802581780576,0.11014990011062673
1.356875,-0.5786164137272517,-0.1048197550998496
1.357,-0.47752372205988164,-0.1914235620710753
1.357125,-0.32757524807316185,0.30916800386240867
1.35725,-0.1104451901438582,0.4012433782855624
1.357375,-0.19198661425445537,0.0160781840977822
1.3575,-0.27791887259543085,-0.029257115708695446
1.357625,-0.24403220697637507,-0.056247124592928445
1.35775,-0.06880520667472417,-0.0695289697956249
1.357875,-0.07933201470881053,-0.2714139715557469
1.358,-0.1519122720340317,-0.38798407532988494
1.358125,-0.22016834630697593,-0.4973531477474708
1.35825,-0.22503678812847747,-0.38027727524093374
1.358375,0.06164626967943689,-0.3632727790379898
1.3585,0.19335454777062608,-0.30069707009990665
1.358625,0.2782665679532561,-0.3233998032050741
1.35875,0.3612568448799105,-0.21620217101616915
1.358875,0.07885897905363466,-0.14335441675807012
1.359,0.35826442224818006,-0.048263704591190705
1.359125,0.4470076935147964,-0.03195111829722422
1.35925,0.37024521130126936,-0.42827830208827133
1.359375,0.111786206026139,-0.33669624470719245
1.3595,0.14763525690313636,-0.13874351954542957
1.359625,0.3664135155394398,0.19233855463579513
1.35975,0.31248319014721443,0.22971861377503824
1.359875,0.35175649981806406,0.2711100771488907
1.36,0.2993749737658978,0.14075561357290664
1.360125,-0.1629272297588768,0.13998652410018328
1.36025,-0.14513053891180533,0.2184645381337787
1.360375,-0.11330454074144213,0.3024881912657063
1.3605,0.278111788909406,0.20719433471167154
1.360625,0.3397881997131062,0.1304373977764979
1.36075,0.26318708819472475,0.1521577345971234
1.360875,0.2827719427811668,0.24733247684289333
1.361,-0.1348150020904041,0.2964614944521469
1.361125,-0.3357925263565684,0.46786051843813087
1.36125,-0.17026681515244244,0.08678259151269092
1.361375,0.16489171363027735,-0.09027116408778123
1.3615,0.39777664503926796,-0.04992939029301329
1.361625,0.5259821010083976,-0.13282850604791285
1.36175,0.4464748145023607,0.04391726513436731
1.361875,0.20167395030680638,0.26607734950441625
1.362,0.13659150463124176,0.212278228135748
1.362125,0.23689788296320732,0.1534219287334193
1.36225,0.23746241161271733,-0.2061217758988224
1.362375,0.09795046301122515,-0.24168033803779715
1.3625,-0.10770663497600176,-0.03941746489724167
1.362625,-0.15717796880801552,0.019575425914653787
1.36275,-0.012845074518367758,0.1754123672495128
1.362875,-0.13062358294394638,0.5531718958733207
1.363,-0.19112402390816605,0.4035740002846963
1.363125,-0.2064317062560519,0.20765881263762762
1.36325,-0.0028776927252241505,0.10572696068368456
1.363375,-0.10051500532758027,0.20474231019447559
1.3635,-0.044101657658645065,0.2390030565457515
1.363625,-0.3453431836569254,0.24786453797284583
1.36375,-0.14831225195169204,0.11788968035249207
1.363875,-0.01084386283865233,-0.12114616111721097
1.364,-0.20587299599049977,-0.07567739080065042
1.364125,-0.02274271845494452,-0.18654549652714686
1.36425,-0.14000467125477278,-0.3425367916365047
1.364375,0.0032189390331868505,-0.24195801651985369
1.3645,-0.22956777305554582,-0.08498815304418568
1.364625,0.08472352610789324,-0.005923243188052856
1.36475,0.08747248766970848,-0.21965128775164103
1.364875,-0.011000163048019776,-0.17702314534752692
1.365,-0.331897064337405,-0.13157353938517333
1.365125,-0.2910383905564422,-0.053566282232704314
1.36525,-0.5488678171783021,0.018004686194709074
1.365375,-0.4648333917236258,-0.1341961692426311
1.3655,-0.3797253911854913,-0.029029399777399774
1.365625,-0.29715965372429587,-0.09116472382714856
1.36575,-0.36304420126058423,-0.1451787122921461
1.365875,-0.7513619546393889,0.022027506488304285
1.366,-0.5054849060307374,0.16932982452957498
1.366125,-0.1045406589604859,0.06799654830280559
1.36625,0.10512547886598447,-0.013053231263343484
1.366375,-0.12842451556956663,-0.42541154438711126
1.3665,-0.2550998852820643,-0.5902375460385859
1.366625,-0.31215035092423254,-0.2891148223772702
1.36675,-0.20862504984671548,-0.19362547533811877
1.366875,0.211244834520664,-0.20279722142211934
1.367,0.5050384462993309,-0.2903223316793093
1.367125,0.5052056152923561,-0.5011611429381749
1.36725,0.4463100782866724,-0.46938917251701134
1.367375,0.43703302244049197,-0.154876508397913
1.3675,0.4132655718201078,0.1463848762583062
1.367625,0.2564038830302754,0.009336659063730313
1.36775,0.3518687008369122,-0.14652897659973507
1.367875,0.5625609484671901,-0.28249215167894726
1.368,0.7873086351098642,-0.24733327664253482
1.368125,0.37581793329510343,0.07295397228780931
1.36825,0.013031537240778586,0.22145975488779057
1.368375,0.14681125411181972,0.4700185457570306
1.3685,0.12109738957535501,0.38579588174429624
1.368625,0.3934011508077233,0.24584076070289196
1.36875,0.4037922652537655,0.2532519606311481
1.368875,0.23944050628757474,0.23388946866904045
1.369,-0.17633988362086703,0.35470919111748667
1.369125,-0.0530056453280735,0.5317405191004959
1.36925,-0.11953687761631954,0.5742253925005486
1.369375,0.008623408119099453,0.3071392448032338
1.3695,0.07776374476456768,0.12155509426198256
1.369625,0.10337417497386518,0.024247846576931294
1.36975,-0.03084043634880839,0.212492802434126
1.369875,-0.1463718649129596,0.19896663320712857
1.37,-0.05489645263742052,0.317977552872494
1.370125,-0.18607211200920337,0.23616273579014738
1.37025,-0.24361549441208127,-0.19142949567866513
1.370375,-0.11358101882652465,-0.18416746053948807
1.3705,0.03565032667014601,-0.06047055775867816
1.370625,0.24127092274331483,0.16935315300332562
1.37075,0.14009725298042364,0.10907386328764246
1.370875,0.16818738869802818,0.03815345395495293
1.371,0.010976672258834929,-0.03704437192887989
1.371125,0.003484068401031473,-0.04412213869737159
1.37125,0.157696367706246,0.05206621263873591
1.371375,0.09273302240357888,0.0033134098132640336
1.3715,-0.12403750932395176,-0.04904127283303182
1.371625,-0.044559390894151375,-0.13507280193098478
1.37175,0.28941811434432363,0.022502042232551693
1.371875,0.6812463438087142,0.13300161979206634
1.372,0.25299286488846034,0.1363210071546234
1.372125,-0.10835440197349579,0.09576379760266462
1.37225,-0.14460010212807853,0.08527981817222774
1.372375,-0.3026111961015314,0.06485299425877579
1.3725,-0.2842672137370416,0.02159169552736352
1.372625,-0.25860556279893354,0.1511209210051835
1.37275,-0.031513220975524975,-0.02639136385090294
1.372875,-0.05083410431957339,-0.009264170781440918
1.373,0.14157526115531463,0.17661739430710624
1.373125,0.07475594107678905,0.40524621290092405
1.37325,-0.26410369456721694,0.08179949425980798
1.373375,-0.44480269929359845,-0.12778630126435378
1.3735,-0.5776724118043599,-0.3609257295455891
1.373625,-0.5230083289273826,-0.14220916633826844
1.37375,-0.5553588027099892,-0.22362219623662893
1.373875,-0.39701805248511574,-0.31051589586576817
1.374,-0.4784326018800695,-0.07848887013735562
1.374125,-0.5196032809051989,0.01611601707777764
1.37425,-0.42240924881134123,0.08842554750167558
1.374375,-0.5018320330438724,0.00922081448404472
1.3745,-0.35933961800746156,0.016374973965116002
1.374625,-0.3272124596245866,-0.35672869756109343
1.37475,-0.23303117938636764,-0.3677204028253416
1.374875,-0.27900383575726606,-0.4008251998791036
1.375,-0.01045661541372066,-0.5431171942787375
1.375125,0.30850828970438743,-0.5474932384777814
1.37525,0.3077643261754336,-0.5453146257682964
1.375375,0.33916230799237407,-0.5025399020033683
1.3755,0.48330427378720764,-0.49808007668885573
1.375625,0.19441677396783522,-0.33373380369112815
1.37575,0.3355434915057793,-0.31239028963442617
1.375875,0.42072105470893517,-0.4245915510933033
1.376,0.5187507934056499,-0.1554469584531095
1.376125,0.7130670665444672,-0.029840648379014196
1.37625,0.7518135006292168,0.037653666339710595
1.376375,0.42750467058010844,0.19971910577730972
1.3765,0.21171908332866723,0.3031270190187176
1.376625,0.14672884692447313,0.3793519711841563
1.37675,0.12766077455210878,0.3196515118844823
1.376875,0.07675834951614745,0.40911576988777554
1.377,-0.06386795906070471,0.37182197148886054
1.377125,-0.02371462850042004,0.24212721534516551
1.37725,0.340515455849704,0.4773262597211406
1.377375,0.44224264063971275,0.7122213612702405
1.3775,0.26134247954711126,0.6905428879409801
1.377625,-0.19269442834638179,0.5823847649595186
1.37775,-0.4815278773284799,0.3104071576955503
1.377875,-0.24861941285089512,0.08388698659939128
1.378,0.03745457686717397,0.1696706693429687
1.378125,0.22275901555469502,0.03517581622811736
1.37825,0.050434166751136704,0.010851052829087292
1.378375,-0.08063741387140416,-0.07859104677547751
1.3785,0.055702189897950796,0.22116811847913626
1.378625,0.03278833407640659,0.37387301564390896
1.37875,-0.07038984833023226,0.3511597036673551
1.378875,0.07239585668936,-0.2758570716920907
1.379,-0.14302042524808106,-0.4137658201166109
1.379125,0.008011575802578854,-0.297024167843194
1.37925,-0.15340429632826535,-0.0327385010529367
1.379375,-0.17588986272662857,0.12568843727762788
1.3795,-0.05388772933885601,0.005840629476099029
1.379625,0.006953111763877377,-0.16572949579462395
1.37975,0.030356308582881807,0.006666884182846897
1.379875,-0.06909902304945341,-0.005185948486893912
1.38,0.1576044792904683,0.24844686992709264
1.380125,-0.16612273631104593,0.04600128525796343
1.38025,-0.07774693386188573,-0.020046754362171227
1.380375,-0.09510759698152911,0.02395323196383274
1.3805,-0.12711638189040259,-0.17140952634126314
1.380625,-0.09419451903957987,-0.3016748423592105
1.38075,0.1890065686416187,-0.03785239337495322
1.380875,0.13220555917597843,0.052165216218728876
1.381,0.07944503142237958,0.18498855512331822
1.381125,-0.16228117496425365,-0.018821658289587723
1.38125,-0.3224642911608849,-0.12103940025821083
1.381375,-0.12890046486981319,-0.11771979100295853
1.3815,-0.258856889603761,-0.08240003145103805
1.381625,-0.4032283956408627,-0.15745029869806187
1.38175,-0.4144438737716094,-0.12183831680918392
1.381875,-0.1834880442545568,0.11941499514379912
1.382,-0.3683659811398427,0.11775764163428382
1.382125,-0.15526477046130582,0.06702422317726377
1.38225,-0.3998882499968436,0.03768389659902137
1.382375,-0.5249387595306445,-0.016425162950503287
1.3825,-0.3993654451897645,-0.21633236325976685
1.382625,-0.2356661372001446,-0.21948210034707646
1.38275,0.07664854802543947,-0.20974126247100205
1.382875,-0.04152984376893759,-0.4767302950356411
1.383,-0.3476262459457513,-0.29415343822084683
1.383125,-0.33197435173714857,-0.3511292803567786
1.38325,-0.05195678112251622,-0.2830423198126397
1.383375,0.28169026198277586,-0.36072007314716015
1.3835,0.333416034576373,-0.27065957953845077
1.383625,0.4217111631923589,-0.5076521518461533
1.38375,0.2735276911597028,-0.5348980503198488
1.383875,0.26927356043655165,-0.07743867038115947
1.384,0.2613114808720944,-0.05565963840914119
1.384125,0.32000874490835485,-0.06622627325665092
1.38425,0.2551635511052671,-0.2524950820923851
1.384375,0.1034532666645449,-0.17690404061894305
1.3845,0.07159468958434045,-0.04183717208868099
1.384625,0.257186438080435,0.16076840960195557
1.38475,0.29409596591014747,0.36216678720728623
1.384875,0.2624627366202056,0.3708458575555507
1.385,0.18829299755753615,0.2574792333804897
1.385125,0.1398951836695096,0.0722964691618697
1.38525,0.1355360573001667,0.18146371651741433
1.385375,0.06604938789116915,0.14439134105580223
1.3855,-0.14862894815561983,0.21340303788026416
1.385625,0.06078445969432121,0.0855094494463302
1.38575,0.08766457429249927,0.18953386700695313
1.385875,0.2713552078269117,0.18797433729948457
1.386,0.08112981690588865,0.2885875307768597
1.386125,0.019283590980792718,0.18125175228334892
1.38625,0.27612562140710833,0.034030969180905875
1.386375,0.26764396874222773,0.26275273103228186
1.3865,0.3038192727273515,0.14927946008616297
1.386625,0.06258886627022485,-0.0323364028614408
1.38675,0.04630788260834661,-0.06865469859653045
1.386875,0.1260842579247989,0.08724520124174659
1.387,0.1870246752886627,0.14881738475937736
1.387125,0.2111006866224623,0.22813713459637666
1.38725,0.2631204083906109,0.19758269299748313
1.387375,0.2128982123566106,0.09261346490985946
1.3875,-0.09330841966847843,0.23069676642411635
1.387625,-0.07517433574837087,0.24359068020203245
1.38775,-0.053093155705940843,0.09379209174704524
1.387875,0.08611143442743412,-0.038881240737788404
1.388,0.20643546828796977,-0.0996045310966167
1.388125,-0.06178840342101756,0.050467189389013796
1.38825,-0.1306072135888825,0.22124526731521926
1.388375,-0.18366845167849832,0.17322639025387893
1.3885,-0.03534654883153129,0.22264753756380368
1.388625,-0.20407873549434635,0.1383767879118363
1.38875,-0.3430189132662411,-0.10720776839492593
1.388875,-0.32052583336854223,-0.1598183297523128
1.389,-0.14336777954727706,-0.011822840615907257
1.389125,-0.09645130943904302,0.07915744484411842
1.38925,-0.20426880865110353,0.048538343816351054
1.389375,-0.3102048426888385,-0.017678431922095093
1.3895,-0.1741822247538261,-0.29067020202869764
1.389625,-0.0016179054367536146,-0.24548027519656362
1.38975,0.05020129773200298,-0.15201064069155493
1.389875,-0.11881957961981743,-0.09546103964389029
1.39,-0.0794529491925716,-0.18614480154577287
1.390125,-0.18081385711583978,-0.3340958742280199
1.39025,-0.384054785688163,-0.2148047631411986
1.390375,-0.31138862570914305,-0.06537072164877548
1.3905,-0.04725104194795755,-0.25171723591860024
1.390625,-0.05547566927556419,-0.15466126183358242
1.39075,-0.1674208202858624,0.06604959421568157
1.390875,-0.2952929358039494,0.00213108332184996
1.391,-0.31688576609971647,-0.05150008373662681
1.391125,-0.31405489932209524,0.06563903635660985
1.39125,-0.4947794004941543,0.000751276377531251
1.391375,-0.442867532756732,-0.23744860531158526
1.3915,-0.36025023890659463,-0.1815989863867979
1.391625,-0.10581326470761677,-0.14480653469965865
1.39175,0.0852676924695153,-0.1781841305992407
1.391875,0.2246732469729349,-0.21497704569439896
1.392,0.3867973691272055,-0.18823912012318209
1.392125,0.3490999571291486,-0.2850134212589333
1.39225,0.3087517519381508,-0.30458799028498057
1.392375,0.3348585308358508,-0.37265758213037
1.3925,0.23004517752960124,-0.43671675871781906
1.392625,0.2945154756713531,-0.5065640206437009
1.39275,0.37596444798853074,-0.19272433285076782
1.392875,0.4294156457523996,-0.0798532716247514
1.393,0.07111297266554559,0.03153344386600343
1.393125,0.12217040982200143,0.17003799429461275
1.39325,0.11022804176963916,0.2022320907500616
1.393375,0.5119777448022048,0.30853649391238847
1.3935,0.6931203286395655,0.2590382619918665
1.393625,0.811795623736933,0.2903216719391463
1.39375,0.3566020413420236,0.2946778830039086
1.393875,-0.040825735989065505,0.25209808441972986
1.394,-0.21796893479545026,0.38369790831695666
1.394125,0.06863471076473715,0.2524934272381574
1.39425,0.2740276012312274,0.1823093723326979
1.394375,0.2830859518550646,0.07842570529928582
1.3945,0.0020664635559810465,0.19564070731395547
1.394625,-0.17476052565756658,0.4150950634508682
1.39475,0.08585639026969864,0.6710793650286381
1.394875,0.3243142526965866,0.5177843888005663
1.395,0.15413748360268564,0.25251585317277314
1.395125,0.08736758730855852,0.03485978079492239
1.39525,-0.15576518724263963,-0.08085526785318108
1.395375,-0.1265363627173482,-0.14036570246969302
1.3955,-0.12282998321197916,0.3868127690345873
1.395625,0.13103360246802231,0.27624869034665067
1.39575,0.08152797455515767,0.05645433042134634
1.395875,-0.150953594586371,-0.3770938516678651
1.396,-0.26323531497683345,-0.0017488927672879668
1.396125,-0.18202520699562028,0.12323167590097404
1.39625,0.1293681406381288,0.20542236645842243
1.396375,-0.11135749014150471,0.06657471116202798
1.3965,-0.17282729260234828,-0.23497939510421698
1.396625,-0.13948449420836712,-0.07007087188682663
1.39675,0.1281218739991615,0.014090980381023532
1.396875,0.23129492483936648,0.0634585192351337
1.397,-0.06172722133406804,0.005453252320498218
1.397125,-0.2638927957467497,-0.18717933716810023
1.39725,-0.4379522345740153,-0.18805035778289064
1.397375,-0.09574559325353164,-0.09044461332630897
1.3975,-0.18556311234867431,0.018800327444582883
1.397625,-0.07924267099017272,0.03479105371483359
1.39775,0.19562532667147944,0.0840138282220183
1.397875,0.2771567670824476,-0.0030664460933962213
1.398,0.2810506175466027,-0.06678569925860744
1.398125,-0.12209002656471184,0.1199569949998188
1.39825,-0.4697630294528534,-0.07498039343829745
1.398375,-0.6607733678911284,-0.29965044055945556
1.3985,-0.5286348415903328,-0.35840378779541077
1.398625,-0.05031103727995516,-0.25525115684353517
1.39875,0.2603300508389859,0.005409032105636009
1.398875,0.19503816033428925,-0.01437684470118722
1.399,-0.3951305579906504,0.2197643599472524
1.399125,-0.5947127342040549,0.23313749981479823
1.39925,-0.4990555917336105,0.1866507734010973
1.399375,-0.17331482521340177,-0.07490086379443496
1.3995,-0.040450468751563357,-0.3513434045719601
1.399625,-0.09223474820379866,-0.5749887965824919
1.39975,-0.2549471183142382,-0.4051528127857435
1.399875,-0.42685681504449435,-0.2620400617207772
1.4,-0.3794658750292656,-0.03705989741758527
1.400125,0.041130570600420295,-0.0688390311376526
1.40025,0.19919545572013855,-0.3056468662758943
1.400375,0.2294660050215811,-0.591120142238999
1.4005,0.25259058367114456,-0.4162051094314309
1.400625,0.23567259708888885,-0.21185221231702178
1.40075,0.34092075871321803,0.018021278104042016
1.400875,0.1522303162372346,-0.0873862810761992
1.401,0.2591596137628087,-0.30260742399641327
1.401125,0.11251676440083393,-0.31173654255976
1.40125,0.21264338206655028,-0.16339439771766245
1.401375,0.34854783825724855,0.07226080062674359
1.4015,0.4136402032935456,0.07556300318021102
1.401625,0.3442945859163225,0.31982796754120035
1.40175,0.5045741979856053,0.2754890728691877
1.401875,0.3529006001159139,0.2672117967224787
1.402,0.44753096384709323,0.3411538663795231
1.402125,0.630891792372505,0.2936420176469007
1.40225,0.2329724353690579,0.2567733260475149
1.402375,0.2638599019115454,0.2117820078840791
1.4025,0.2340196780170066,0.07177970019103279
1.402625,0.05859937426840922,0.32085642765255945
1.40275,0.05853157746147215,0.3539439099418765
1.402875,-0.15983162545443877,0.4369004821691902
1.403,-0.19213632945117567,0.2557752118817618
1.403125,-0.1354099680754997,0.251974184855428
1.40325,-0.2984373153624743,0.35272525231753243
1.403375,-0.13057748838438446,0.3627657001061885
1.4035,-0.03470750625464169,0.27699512585471503
1.403625,0.08183578152156934,0.22288368770431766
1.40375,0.21212383671840768,0.11473185983034447
1.403875,0.22558905815308286,0.110472277253964
1.404,0.20369039167971925,-0.031164651226555876
1.404125,-0.1025069098428676,-0.11597917686193211
1.40425,0.06804089808795623,-0.23064374497524534
1.404375,0.25501439781599927,-0.05055314818064123
1.4045,0.2649968436681543,-0.21626500066316992
1.404625,-0.07006692198930542,0.040972666169694416
1.40475,-0.2705817421668771,-0.06918867514566687
1.404875,-0.2332228238812153,0.0989234026028019
1.405,-0.13022339370382854,0.26689926282145177
1.405125,-0.27542902761482924,0.17500559966556672
1.40525,-0.48961961069128984,0.02933225014546846
1.405375,-0.40538673745536036,0.04197031060631434
1.4055,-0.37354444809014187,0.09300395123165446
1.405625,-0.09204766302379311,0.19835200301778974
1.40575,0.03826427176457529,0.2649145260139868
1.405875,0.11515716674089888,0.054868345809844794
1.406,0.1600843868939349,-0.12075289698731377
1.406125,-0.06435460170970195,-0.159686670053885
1.40625,-0.14197345918652698,-0.1133634119034789
1.406375,-0.11264287698433112,-0.2581639255752868
1.4065,0.016063895104911238,-0.35103249440151985
1.406625,-0.0701887820050027,-0.3407335391537947
1.40675,-0.11722598369898286,-0.3656841666074056
1.406875,-0.3444297622456492,-0.04572896813467244
1.407,-0.4838477241903702,0.1283710692674822
1.407125,-0.3692184068896391,0.07974704188371882
1.40725,-0.39714346151338203,-0.023388111727832953
1.407375,-0.32915496694685337,0.10184292368916494
1.4075,-0.352090358685325,0.0029227268041777162
1.407625,-0.319086080257398,-0.181328285455296
1.40775,0.01150040764474092,0.06106358429796933
1.407875,-0.04936482132639422,-0.018137961520436684
1.408,-0.3702096467288492,-0.03715469014858461
1.408125,-0.377632245757305,-0.3995239114132586
1.40825,-0.32580511007376967,-0.4405875518593156
1.408375,0.09416284351685543,-0.43600493339233887
1.4085,0.25478915738669955,-0.28346634102765644
1.408625,0.28547973669224064,-0.2912344636987166
1.40875,0.42859610272688997,-0.4516014378530585
1.408875,0.5140201278816997,-0.11742682989084213
1.409,0.4889516626579594,-0.01668003636338198
1.409125,0.5956478272733381,-0.20412579534128786
1.40925,0.8425240388248156,-0.33959052370739945
1.409375,0.6307621009161767,-0.4157307939954832
1.4095,0.21874396614147268,-0.3856705391078184
1.409625,-0.02508571536313795,0.025570807122732686
1.40975,-0.09618605489371164,0.24535254083116217
1.409875,0.3490310780858762,0.22183181919407471
1.41,0.31026384792613576,0.28303775349208143
1.410125,-0.12452242071610248,0.48821167080080746
1.41025,-0.1578520669869848,0.4442511773289484
1.410375,-0.15781831156576673,0.8328194355447106
1.4105,-0.040111381948788286,0.7950143782990603
1.410625,0.16402527158745053,0.5381815798738662
1.41075,-0.06458476392420058,0.2518328820413385
1.410875,-0.05301001850434172,0.0827864147011454
1.411,0.18325327098333027,0.036739481513223135
1.411125,-0.2240221698129432,0.16705908824792146
1.41125,-0.2624225600159588,0.23026166168102016
1.411375,0.021293685878254153,0.03436596374351791
1.4115,0.19273526305979224,-0.13686868100075478
1.411625,0.2498320426789144,-0.17837833995787497
1.41175,0.10288155910796588,-0.1456708477938248
1.411875,-0.04414870896580055,-0.15292329270160343
1.412,0.011624157555790117,-0.08921820029687418
1.412125,0.3047814372066947,0.04453266887426768
1.41225,0.3457331576691917,0.02791866356019405
1.412375,0.32737099612154236,-0.1507217781923873
1.4125,0.04227199011422476,-0.14276055444277977
1.412625,-0.14106481203494198,-0.11431448392566548
1.41275,-0.08473212852501759,0.18187441724440084
1.412875,-0.012488028887626276,0.27734461251772696
1.413,0.1295670369863027,0.08993763126655119
1.413125,0.048271604699211414,0.010924942533714623
1.41325,-0.2556156673957293,0.070723768183101
1.413375,-0.18746979850581508,0.10545132150710726
1.4135,-0.149500848671281,0.2521822311432571
1.413625,0.13307905653064386,0.2555318062596908
1.41375,0.22761936754928924,0.024753393217095337
1.413875,0.10320506051077018,-0.23108071997306742
1.414,-0.11683127701564426,-0.27694357334573444
1.414125,-0.15361307105221783,0.18914688485422648
1.41425,0.21563767543320125,0.29642900431688374
1.414375,0.1581111630780118,0.043965313640010883
1.4145,0.3024098200453863,-0.046494954106482606
1.414625,-0.1910337223885431,-0.1409285926221189
1.41475,-0.24758991735940492,-0.06438211491561953
1.414875,-0.3653601268515022,0.28431488649504877
1.415,-0.19582703329018006,0.3061670120016411
1.415125,-0.3795555900781256,0.17294129353036333
1.41525,-0.3093357358750753,-0.046944967357653335
1.415375,-0.17760009642934407,-0.0989662712610071
1.4155,0.05275013334473267,0.02278691478203266
1.415625,-0.12331714821787892,0.1342117848278808
1.41575,-0.49534923895041577,-0.04211820384569469
1.415875,-0.5827420096888775,-0.16425814352273557
1.416,-0.4811688282149887,-0.36604467062584783
1.416125,-0.556048572813437,-0.38825139460835545
1.41625,-0.4889769078785567,-0.20325472106769166
1.416375,-0.17768343324675123,-0.2960295188378004
1.4165,0.047563905184740116,-0.068895569324926
1.416625,0.10956137316853985,-0.013820089034122808
1.41675,-0.14432497631211352,-0.0014880288139812819
1.416875,-0.17822540163270742,-0.27906492942551386
1.417,-0.0033082167081056363,-0.3356753796262994
1.417125,0.18997840665176924,-0.5431491612583822
1.41725,0.28988840890155293,-0.39056878534936446
1.417375,0.3225585402951311,-0.4881081068841519
1.4175,0.2042322231865961,-0.11897065648340516
1.417625,0.09712006462496361,-0.10033583331461804
1.41775,0.1687159739995831,-0.014892527226060114
1.417875,0.44898379871483773,-0.09718652101706786
1.418,0.3700013827425238,-0.20579937123563732
1.418125,0.22429674608553024,-0.09059545475862435
1.41825,0.3050531505155581,0.0006138970597243888
1.418375,0.5937475419506196,0.22011532761470357
1.4185,0.5716451355947234,0.37393653218688955
1.418625,0.4654484111257673,0.32807915162329765
1.41875,0.28566747967232164,0.16001476583809052
1.418875,0.1580271404679063,0.07975926866854181
1.419,0.16236396919074358,0.35350823010840304
1.419125,0.155886671893618,0.3716882639935107
1.41925,0.1604294501742519,0.4957228164040393
1.419375,0.2641184982600157,0.1680508322466944
1.4195,0.2528161610666346,0.34413096050813274
1.419625,0.1964092281214274,0.3363796236282565
1.41975,0.03363597674947542,0.5327181357798756
1.419875,0.14726032331310737,0.36135419951830106
1.42,-0.06382149633049178,0.16978447274758984
1.420125,0.09576989414078838,0.05595321655093635
1.42025,-0.1456767409849589,0.17722929459543993
1.420375,-0.22597414303053476,0.09983148913215129
1.4205,-0.08150784082428353,-0.06518394752972632
1.420625,0.022300613709690324,0.24925229171488603
1.42075,0.1879489423578953,0.33885336167812397
1.420875,0.18149270847707752,0.21250086733799495
1.421,0.2853847815988869,-0.026374079974667005
1.421125,-0.047206074205519234,-0.011230869764531004
1.42125,-0.20546096912284562,0.12528867782195918
1.421375,-0.399926433947076,0.02157577768237096
1.4215,-0.17066616575520607,-0.12058472433602978
1.421625,0.05370354702328446,-0.10919477684094427
1.42175,0.23943282659135068,-0.025477998008254742
1.421875,0.1825251861728293,0.07021917047304635
1.422,-0.33760432670171425,0.15488369667313343
1.422125,-0.28829477077039484,0.24198449463325378
1.42225,-0.19493597523925024,0.14549881267950104
1.422375,-0.09436705006041074,-0.039685993183000194
1.4225,-0.12653376941677416,-0.23112448739332106
1.422625,-0.06727637952867802,-0.44065119792770235
1.42275,0.04260975693199444,-0.17922691525964485
1.422875,0.15692649034869857,0.0949365271372742
1.423,-0.08739715125217408,0.267676439245516
1.423125,-0.4974987349119143,-0.029554943603899753
1.42325,-0.5173272948219266,-0.18555293341372828
1.423375,-0.5876826346492642,-0.3569362561638873
1.4235,-0.35775095746505875,-0.0271878941475336
1.423625,-0.20262605382388382,0.008943849320163798
1.42375,0.0012621134261184437,-0.08116972413272014
1.423875,-0.3412025616842403,0.1679968023666815
1.424,-0.531409900970293,0.19514922028952528
1.424125,-0.630116715314477,0.08786851727703213
1.42425,-0.22295211729028833,0.03189266088507093
1.424375,-0.055682599676955415,-0.2870310674601363
1.4245,0.1386564008800584,-0.6064233087115758
1.424625,-0.132630527485719,-0.3866497296560071
1.42475,-0.2682962453590684,-0.2940628413156825
1.424875,-0.16115075715331312,-0.1862389441170086
1.425,0.3021844706056447,-0.07375800258691895
1.425125,0.21405776403088167,-0.3090497473605288
1.42525,0.34045925730570725,-0.44457573978273124
1.425375,-0.09797777826887429,-0.6139201111213629
1.4255,-0.38221511473724207,-0.2273625454850259
1.425625,-0.18613574667050758,0.056408265327177645
1.42575,0.15645191221062865,0.020577888862266823
1.425875,0.21624941593713007,-0.1408518104322869
1.426,0.37970508025835237,-0.23012505723521195
1.426125,0.5419788949221646,-0.04716465715317615
1.42625,0.2886156539951639,0.18372783155402403
1.426375,0.2982441546162812,0.44398156347051265
1.4265,0.28832081536062326,0.28313894614399543
1.426625,0.1255470523181163,0.050402482314353875
1.42675,0.06855013187625064,-0.2352617399701307
1.426875,0.056775599964539854,-0.17707929158848165
1.427,-0.15086232690762902,0.07296801210596104
1.427125,0.14712430372472932,0.32250821274371577
1.42725,0.23725837713685205,0.4941308201804329
1.427375,0.405678454925467,0.37782325928884825
1.4275,0.17871819905419753,0.41472162271763224
1.427625,0.21961669503906986,0.320220371771797
1.42775,0.2201739123511461,0.2105732130130829
1.427875,0.2234421340184873,0.09524285083915277
1.428,0.20129124910297466,0.12957327928218862
1.428125,0.12282749141987633,0.20618754332391884
1.42825,0.42173400083086476,-0.15594389230837435
1.428375,0.26296093610421367,0.0625099184643706
1.4285,0.19514319214910397,0.12262832220216241
1.428625,-0.17185209647573307,0.2927192915149808
1.42875,-0.09392654412680371,0.27678080262325505
1.428875,-0.013527343622319492,0.28383471078526673
1.429,-0.1511628129463186,0.2618703940276984
1.429125,0.07879092851252659,0.34730972266273247
1.42925,0.02671594288529628,0.1208778215926443
1.429375,0.051481602981872265,0.22166733474481226
1.4295,-0.21656358472412673,0.19347140794991144
1.429625,-0.32921288943609855,0.2770448110949909
1.42975,-0.32676162391139135,-0.0041209812201952346
1.429875,-0.1719505673123947,0.024145392128584256
1.43,-0.29769969101141136,-0.10344164769152171
1.430125,-0.14601814083091197,0.018468033022080815
1.43025,-0.39763335583757,0.015046345508750555
1.430375,-0.006140297448062131,0.08117210969327257
1.4305,0.03368775828212949,0.22962182189840255
1.430625,-0.11372742372913196,0.09837384109020632
1.43075,-0.2050742299401312,-0.20545552916607307
1.430875,-0.17036487130058137,-0.29680882285577587
1.431,-0.32213368800894343,-0.3730321218239082
1.431125,-0.3325547740331566,-0.1547541208739711
1.43125,-0.2642379555260231,-0.13338523148379622
1.431375,-0.1880136166225756,-0.21572216415433948
1.4315,-0.1816074164928498,-0.3046080996524651
1.431625,-0.1126301838994066,-0.06661456964955376
1.43175,-0.09043150861760887,0.12522066253983566
1.431875,-0.07691136088248685,-0.07278133733161142
1.432,-0.30068697401405065,-0.11398325750694299
1.432125,-0.3962918928866778,-0.1713003638449374
1.43225,-0.19271634862885706,-0.07926303705337638
1.432375,-0.3269270219323026,-0.1428499833912978
1.4325,-0.16804321538853706,-0.1105213983318989
1.432625,-0.26874269285264313,-0.3144761117075022
1.43275,-0.3507629159815968,-0.20223757978563184
1.432875,-0.1460054986525714,-0.2678001896114966
1.433,-0.35015346603595465,-0.04893319327107652
1.433125,-0.14180107935481065,-0.06361998266799157
1.43325,0.05323437579883008,-0.16015159771266418
1.433375,0.12150893070935548,-0.2512549737854686
1.4335,0.1856014631072372,-0.3587793557930296
1.433625,0.029610486032417057,-0.30833289423060806
1.43375,0.48782730393956275,-0.2149216389948387
1.433875,0.4976198292442491,-0.14895962464324866
1.434,0.5086260546609004,-0.28153410153877945
1.434125,0.24394805850777085,-0.4194263460757834
1.43425,0.2214402026823168,-0.21148862299089108
1.434375,0.19542174771586093,0.06156559974739523
1.4345,0.44205407598916363,-0.046730968811354516
1.434625,0.5879027312276071,0.038089204518413945
1.43475,0.3658644884072724,0.10633097159536309
1.434875,0.024920004854742165,-0.043615116704523116
1.435,-0.06352071004364138,0.298746979286193
1.435125,0.10712175193436103,0.49178875048459025
1.43525,0.39834679620777547,0.39627182828195584
1.435375,0.4142138328579662,0.18109215798914416
1.4355,0.13761291525640204,0.07254568145697417
1.435625,0.1121919353669929,0.26236821600498883
1.43575,0.10916376642333457,0.24841671608751045
1.435875,0.12200399882938344,0.29553365206305976
1.436,0.2384764521912634,0.21594150316074165
1.436125,0.23633903695602612,-0.11840108902978345
1.43625,-0.03433517467572582,0.08061692130281216
1.436375,-0.03409351273479966,0.1974522903991193
1.4365,-0.07915503027444175,0.36216113066852734
1.436625,-0.12336373873995926,0.34069634273736915
1.43675,0.09277785836104316,0.02813278097124395
1.436875,0.038512145717888115,0.05325234063534764
1.437,-0.18014523869918836,-0.008275065699834454
1.437125,-0.4312144731202607,0.15274534344597943
1.43725,-0.2800108135998191,0.0778122068124163
1.437375,-0.03830041855161701,0.030000223771302716
1.4375,0.07320387327869163,0.06165958515815704
1.437625,-0.2813815562010502,-0.09263946809186592
1.43775,-0.3755132610782794,-0.23837877433115404
1.437875,-0.3616605041447938,0.04132050865167545
1.438,0.09323212573138548,0.12662688965077218
1.438125,0.10880835251477985,0.11411044050874658
1.43825,0.29735956998735297,-0.08062334427733159
1.438375,0.15950127224271202,-0.24372164486739212
1.4385,0.04690631761317901,-0.27421743702109397
1.438625,-0.10264606610001645,0.15400559046421156
1.43875,-0.07813975158701686,0.015287643386097954
1.438875,0.11470595428159391,-0.25125967705500235
1.439,-0.1965731135446695,-0.50156765559179
1.439125,-0.1308888925284057,-0.28191719528143744
1.43925,-0.23540037270004302,-0.11261340802501962
1.439375,-0.21985802986920924,0.3317624606645031
1.4395,-0.10693078708996481,0.31610391211373384
1.439625,0.1607080373531273,0.008464915019968652
1.43975,0.08479956477851992,-0.0355206174047512
1.439875,0.17115743048596518,-0.09163449646576917
1.44,-0.11005930496161599,-0.14028942180000525
1.440125,-0.1617438432038799,-0.013359500325527546
1.44025,-0.1202511013829997,-0.08273576966417989
1.440375,-0.18526462888761516,-0.2649654667780542
1.4405,-0.18450218425545403,-0.22922453134520387
1.440625,-0.13072990469500853,-0.1911553708829
1.44075,-0.29914237752245254,-0.20292321105042355
1.440875,-0.17148758138824996,0.06996713886236515
1.441,-0.4441976078659658,0.1740421217398745
1.441125,-0.4658683859531889,0.011139966394007434
1.44125,-0.5931022977190752,-0.07739596540206553
1.441375,-0.46698573602909804,-0.16036521416432303
1.4415,-0.3354672406760844,-0.2259121920267543
1.441625,-0.1626183014299575,-0.14916873823408378
1.44175,0.029550052654624303,-0.3783964753188608
1.441875,0.32474362069940765,-0.2422407303779092
1.442,0.017084252578390344,-0.18262187930403967
1.442125,0.22567888930301774,-0.1345210995089187
1.44225,0.18162815722413378,-0.3578256457838095
1.442375,0.5334043583188524,-0.3927501454867626
1.4425,0.2543173829115627,-0.45087403199546316
1.442625,0.4046328361857959,-0.46813949955531803
1.44275,0.26747736656196075,-0.2377308278574896
1.442875,-0.11081583635495823,-0.12094069489257116
1.443,-0.10500295428830947,0.046131581358584035
1.443125,0.20101315030207992,-0.022608272308563743
1.44325,0.2464468117965437,0.10136426058313937
1.443375,0.6953778060214596,0.12304653512558876
1.4435,0.7993725066151403,0.24673233912539522
1.443625,0.6087791486698088,0.4263515611138649
1.44375,0.2645438207126156,0.3610110407018112
1.443875,-0.2171379993295052,0.3359424870416944
1.444,-0.33257369828120054,0.21811507947446546
1.444125,-0.07132367374476185,-0.08107340409902095
1.44425,0.18934540973402136,-0.0737621615410757
1.444375,0.533215074523452,0.0018966214228355574
1.4445,0.593881718765771,0.3328452552078276
1.444625,0.17744836419065044,0.5082690554719924
1.44475,0.10969636672269602,0.637485255176842
1.444875,0.05356029988357887,0.5549755305307983
1.445,0.2386657897720287,0.2677529805318993
1.445125,0.02272072145108512,-0.19087418405694187
1.44525,0.28741484165460907,-0.2877559571638581
1.445375,0.04150763896705006,-0.07986354512872039
1.4455,0.035792535221890694,0.1795459930786339
1.445625,-0.013028791062782617,0.36472783429597055
1.44575,-0.27179995643395943,0.4088100247377438
1.445875,-0.1323014793080405,0.23968764537608375
1.446,-0.0005754376689881031,0.2598981073145475
1.446125,0.12364729170057023,0.19252168720020355
1.44625,0.046053279211358544,0.01308939157353322
1.446375,-0.024605732069565144,0.010357716023895252
1.4465,0.033976201593601846,0.005277672632535345
1.446625,0.046734353610149076,-0.03149224477467157
1.44675,-0.05778784066820059,0.017732593780573517
1.446875,-0.20498384175584686,-0.062124912547196015
1.447,-0.39515224581785513,-0.14440304440280202
1.447125,-0.3952217761323449,-0.03147623433094081
1.44725,-0.004323145803370104,-0.016913641719613744
1.447375,-0.15479540066681066,0.0363112663631175
1.4475,-0.3354914946295912,0.07255147447333578
1.447625,-0.373016507146414,0.026257440217522722
1.44775,-0.12571101181848918,-0.13480827869910011
1.447875,0.023935387033559574,0.06646797198681262
1.448,0.06520134495514736,-0.12618775970794976
1.448125,-0.1810920650747479,-0.1632016787183565
1.44825,-0.125480061647916,-0.3405109531832639
1.448375,-0.02576507231270481,-0.36497487058954103
1.4485,-0.2653755937415201,-0.029136190348127256
1.448625,0.05263105468753251,-0.21907325180217455
1.44875,-0.2788485493838483,-0.23414549978770974
1.448875,-0.2730289350973702,-0.33167121019125084
1.449,-0.5756638957198782,-0.15394430671869916
1.449125,-0.3974261692088275,0.034107604682356116
1.44925,-0.24802549687267586,0.03602182375674594
1.449375,-0.09322429160086182,-0.1260477164123598
1.4495,0.13214634648914214,-0.17465635077850195
1.449625,-0.1904933486152244,-0.029117977889548202
1.44975,-0.363241412997973,-0.18979327073198174
1.449875,-0.3628897469422905,-0.19973767574245754
1.45,0.09589273983077928,-0.2544314844831991
1.450125,0.39956188300437634,-0.142020182823587
1.45025,0.5880156432640449,-0.3509166134173776
1.450375,0.3967372263552838,-0.2790125538500125
1.4505,0.18740425447537726,-0.2725846980639466
1.450625,0.24541955151907585,0.027595879508927917
1.45075,0.16166325321820754,-0.06404274118744402
1.450875,0.33156840073624344,-0.23648049642351077
1.451,0.2561052976906381,-0.25510372893367866
1.451125,0.15734171059171634,-0.3075800059764231
1.45125,0.15057953444216546,0.17300875419419787
1.451375,0.1821807970988937,0.3685312791639611
1.4515,0.2692580326404992,0.43433597782062594
1.451625,0.27655505608970804,0.2787170892702695
1.45175,0.41654508674405744,0.21842966906220182
1.451875,0.26047510258521117,0.16740359709800556
1.452,0.03921047855856436,0.21967736922598205
1.452125,-0.34435741613266263,0.1851503977325112
1.45225,-0.22577248873428035,0.2690607752804797
1.452375,-0.04405314845756572,0.14038808246745946
1.4525,0.2330189972092654,0.20702155006495007
1.452625,0.2838455101205923,0.10015204932489243
1.45275,0.23021032262018853,0.1190571269423965
1.452875,0.020064728577049037,0.26732083285300107
1.453,-0.04329665453791133,0.5095020401375493
1.453125,0.12356236769444416,0.2379805629944364
1.45325,0.004788718803407931,-0.18220395878376305
1.453375,0.05674773239430345,-0.07716973088217838
1.4535,0.19101000850732627,-0.1031563383557628
1.453625,0.2911464937771069,-0.015995448731249435
1.45375,0.13242388949013337,0.142991331204834
1.453875,-0.06165241052161847,0.17244432470380613
1.454,0.1073063604958114,0.08420189547128636
1.454125,0.16407967152407935,0.008734677416337424
1.45425,0.2994119831766942,0.09044164093129989
1.454375,0.28752506733686134,0.07958816220618281
1.4545,-0.10582796118159346,0.04790344893071998
1.454625,-0.23715364586633209,0.04703849791769303
1.45475,-0.14324817228650008,0.18229471721821858
1.454875,-0.16359025245959563,0.17227621350308303
1.455,-0.3040474688833535,0.10629995936681587
1.455125,-0.19976520050355387,0.024550641190269177
1.45525,-0.2937729033520892,-0.030222799583476186
1.455375,0.17216119685765388,0.17362379451603277
1.4555,0.055654849302659196,0.13333587588765214
1.455625,-0.12957790886248208,0.1410578772181737
1.45575,-0.2720219998409898,0.09983139771826259
1.455875,-0.21370055636621435,-0.054731993480195064
1.456,-0.03485366476830705,0.05649949615387476
1.456125,-0.07007642019491109,-0.009958876195715909
1.45625,-0.1158700956546783,-0.19824058222631297
1.456375,-0.23475157395906418,-0.1055337401163199
1.4565,-0.30769238514957475,-0.13820511197746815
1.456625,-0.47151075024535255,0.14489542873756417
1.45675,-0.304134062192684,-0.026585147573556796
1.456875,-0.20905552877146913,-0.07005760252579459
1.457,-0.3051805535428378,-0.12708155893350867
1.457125,-0.3491826942485246,-0.23924890029990065
1.45725,-0.2690665427563924,-0.07865968594622316
1.457375,-0.2757378463467891,-0.023904843828022927
1.4575,-0.028540017783422182,-0.24025485474549557
1.457625,-0.09844409392060208,-0.17581724018221756
1.45775,-0.21839124010373615,-0.3191594190107542
1.457875,-0.4508819458820342,-0.2328186369564644
1.458,-0.5593745838663016,-0.10260876243577002
1.458125,-0.3857469903697907,-0.16357460736509655
1.45825,-0.15864805498506512,-0.022250503055513626
1.458375,0.22663680268511605,-0.2618810629035962
1.4585,0.22259133499531333,-0.18044696899121213
1.458625,-0.04106144003446314,-0.21520666726829343
1.45875,0.12230104775999374,0.02857448426613717
1.458875,0.4060449030488384,-0.11742987856199802
1.459,0.38540404466832906,-0.2817364251974015
1.459125,0.2633033609014887,-0.41640280590867434
1.45925,0.4623422735449032,-0.5520887928510804
1.459375,0.4472898556436628,-0.37280121627405327
1.4595,0.7467148320207533,0.07114946915219475
1.459625,0.8936832520599337,0.1124299008612497
1.45975,0.723185718524844,0.14317599475877926
1.459875,0.29866625672400476,0.06281643183758513
1.46,-0.05726612615946718,-0.0032904625589536
1.460125,-0.2612583409571749,0.22547055259645665
1.46025,-0.00907784464438121,0.3770404976159565
1.460375,0.168879086646607,0.3111892959233028
1.4605,0.06915141252955082,0.41418436929429586
1.460625,-0.15603704363133541,0.31788610048415017
1.46075,-0.08257840159320648,0.6257408855858868
1.460875,0.14828011352122106,0.7145039791167431
1.461,0.4404684665508137,0.5611018663247279
1.461125,0.32248331781376455,0.33449868272004335
1.46125,0.25411890994319625,-0.0025245915218939773
1.461375,0.26812121895738206,-0.10808826661519813
1.4615,0.2890541136663394,0.00713887784352372
1.461625,0.45063622147484583,0.0912899352769281
1.46175,0.18273631306863147,-0.0061603327668442644
1.461875,-0.08062371621280372,-0.2613761180165452
1.462,-0.060684439014716464,-0.09924480293954133
1.462125,0.03583524843659583,0.10731008200083751
1.46225,0.07890784006557991,0.4256758895577935
1.462375,-0.27849259486696326,0.3396321822371836
1.4625,-0.3298446764945421,0.04677158780409973
1.462625,-0.40302540291749567,0.10936493087686584
1.46275,-0.2888748187358878,0.23763160610413747
1.462875,0.11194985322392201,0.25309664071933513
1.463,-0.045730610682659774,0.0295625250382876
1.463125,-0.10503080249884808,-0.04513039490337521
1.46325,-0.057648996914402985,-0.15010457860267112
1.463375,-0.05818412125893827,0.14141697767030678
1.4635,0.024237119805990893,-0.06991563028591427
1.463625,0.17254923710452344,-0.2148564657527175
1.46375,-0.05344842852971586,-0.06177059563977041
1.463875,-0.1352050360122314,-0.3552684592616774
1.464,-0.03465277377128281,-0.1041688069078667
1.464125,0.08483790995624825,0.07005845583375335
1.46425,-0.002547675595927758,-0.13126288874724407
1.464375,0.1564779842746398,-0.1177101285840298
1.4645,-0.19917236698059915,-0.1681567486654382
1.464625,-0.19877372227824144,-0.01610216403895943
1.46475,-0.1653994935922802,0.1298573224085239
1.464875,-0.011342109826824901,0.058816108716651466
1.465,-0.017023772663172558,0.04068266589677163
1.465125,-0.15895968952942502,-0.23793947380764388
1.46525,-0.17399290541695273,-0.03079450761145132
1.465375,-0.18335706546559907,0.11576502257098978
1.4655,-0.15021030698998367,0.2554368306424753
1.465625,-0.37235138330081297,0.09179986006811885
1.46575,-0.39141468250443645,-0.23368510702893236
1.465875,-0.6675442790385512,-0.32033648395948805
1.466,-0.6091034356018779,-0.14323154951762743
1.466125,-0.37566472294344705,0.031588729095609745
1.46625,-0.1495021410847867,0.029162309000413274
1.466375,0.04674461943189005,-0.2786179581418636
1.4665,-0.08371806693362273,-0.19539194058966738
1.466625,-0.22126212854856175,-0.07997065807417092
1.46675,0.030766773843455802,-0.08754570015978888
1.466875,0.15601715629145926,-0.18412086266508643
1.467,0.525743109379443,-0.5413773985203217
1.467125,0.8257616654883977,-0.7029106453237454
1.46725,0.47223810652437426,-0.5764929782607243
1.467375,0.23426644622131418,-0.36010269958786856
1.4675,-0.005375521430464495,-0.020859601208687406
1.467625,0.058504743622760966,-0.0016086072969706158
1.46775,0.4222104621313126,-0.05742128501721004
1.467875,0.5929212750970946,-0.2173076948471385
1.468,0.2555517516330441,-0.1174337217549562
1.468125,-0.15010809394124328,0.1234086074767248
1.46825,-0.12122227343577553,0.5419633384812775
1.468375,0.00804246276821982,0.7157856981118949
1.4685,0.3641417284425801,0.3008284502606275
1.468625,0.3572331472972946,0.2811000045562405
1.46875,0.2941494178735788,-0.016969911913651464
1.468875,0.034819607570164515,0.24104952680729552
1.469,-0.0631115233379664,0.45848924589308593
1.469125,-0.10656687687576041,0.5132834438058953
1.46925,0.1756677183686152,0.3125894298286587
1.469375,0.3068954950807576,0.03352520094464333
1.4695,0.25269306546357095,-0.24796718561124306
1.469625,-0.043706290956362484,0.08034228681161336
1.46975,-0.2524353668622555,0.26707009308396484
1.469875,0.11951716320739793,0.32685273033297624
1.47,0.22548604946543901,0.2139236713189224
1.470125,0.3223198467318038,0.12646850130362264
1.47025,0.07687142009623286,-0.14693547718185274
1.470375,-0.14893181586874513,-0.03463529578745781
1.4705,-0.05963743650582047,0.11351128732914184
1.470625,0.2106327538752798,0.26433136608584024
1.47075,0.2610371252184179,0.1918071534773644
1.470875,0.15334849724097177,0.005367592309441771
1.471,-0.14632227029900033,-0.12677442074419218
1.471125,-0.46795069935545275,0.11181484870996182
1.47125,-0.1513502847623931,0.1734199994240888
1.471375,-0.3285309728289642,0.3247622011547025
1.4715,-0.2571547788948614,-0.0048161888689791195
1.471625,0.06334238241492199,0.0493307124047024
1.47175,0.13943095375146775,0.008518485633379346
1.471875,0.1715183299594297,0.2224413780801863
1.472,0.11172647024729472,0.28513865427033025
1.472125,0.1467786554014352,0.2304514510768999
1.47225,-0.16261360079043183,-0.1315601109476457
1.472375,-0.23707832956116745,-0.1304092943318263
1.4725,-0.4159710930834769,-0.37181230648594
1.472625,-0.28075934281547066,-0.40135184928304324
1.47275,-0.13061060620231116,-0.23234554292826115
1.472875,-0.04050547574908026,0.015550576606284538
1.473,-0.16900991367688595,0.23947635200229409
1.473125,-0.15781925244673814,0.19041546400586568
1.47325,-0.22968398927442937,0.025510246592801454
1.473375,-0.3043868777627061,-0.08004398407424622
1.4735,-0.28944263597627956,-0.2131759988444078
1.473625,0.022862867247881526,-0.21359939339700407
1.47375,-0.09347658736363468,-0.33926838363516953
1.473875,-0.3510126459519612,-0.21197692175665186
1.474,-0.5384367201907322,-0.22813135573187757
1.474125,-0.6247813709933208,-0.027139082826886138
1.47425,-0.559358407912453,-0.08767277674985512
1.474375,-0.1360317140019137,-0.1683583421086522
1.4745,-0.07825037685178204,-0.23450451086993032
1.474625,-0.10856409215968828,-0.20258754823509273
1.47475,-0.0628477519323756,-0.2038912403057777
1.474875,0.002433837686865385,-0.23611896940109475
1.475,0.08984129964097734,-0.061461044603236335
1.475125,0.0649445942557184,-0.144001983993707
1.47525,0.2972555544656787,-0.3869582559096695
1.475375,0.3278787382874324,-0.5782568008605058
1.4755,0.18318381924863722,-0.5885495259099355
1.475625,-0.0377252623180391,-0.2485019558185823
1.47575,0.10699479198901643,-0.041579662266130135
1.475875,0.24196570865777658,0.002869641625594219
1.476,0.6474478826924495,-0.041355450816856286
1.476125,0.6965935423677276,-0.02286898923575312
1.47625,0.7834017909304648,-0.05174809187723531
1.476375,0.5007725886088703,0.14456060202129037
1.4765,0.23439468954193685,0.3587657170620793
1.476625,0.16586781709495044,0.27934804335303887
1.47675,-0.10947197547243857,0.07395666702559048
1.476875,-0.08615241556657144,0.14068192220828635
1.477,-0.07829327875003758,0.04297590962661832
1.477125,-0.07491455656650146,0.23019449050342924
1.47725,-0.08955255450267947,0.4046114267706482
1.477375,-0.16441282151568354,0.5134866109831538
1.4775,-0.03272394474787774,0.6813922618868095
1.477625,0.18960090579195688,0.36416364836325893
1.47775,0.2042030367209409,0.23438417699499578
1.477875,0.20275599702787783,0.10561154474152276
1.478,0.12897305800518707,-0.10466301566327442
1.478125,0.4153977689645545,-0.11820313640680803
1.47825,0.43859462485671935,-0.1008712162178119
1.478375,0.19942148194141887,0.00703464195143973
1.4785,0.21351317002084982,-0.011576387805688051
1.478625,-0.2183218512317092,-0.21256633958722262
1.47875,0.11703512425729529,-0.07785038841231794
1.478875,0.3226529773196384,0.1795202829911205
1.479,0.10808447552532764,0.18167048099198424
1.479125,0.1494286805538953,0.07696329688520731
1.47925,0.015220989921398616,0.1851588296548798
1.479375,-0.04432281190162981,0.25930564982718407
1.4795,-0.22714555006596387,0.3420422657373802
1.479625,-0.11532308168408228,0.39411506003199376
1.47975,0.1666176442915601,0.09283425880002773
1.479875,0.2749020636533645,-0.08143493603691852
1.48,-0.08168513438427204,0.0792244064148241
1.480125,-0.36767836012954,0.2663390404466444
1.48025,-0.5631843812149736,0.04805270428604038
1.480375,-0.2411646136867529,0.032727978815351
1.4805,-0.09610036295280396,-0.05943284920478526
1.480625,0.07464448593256733,-0.20631371692708128
1.48075,-0.12969405340910337,-0.2586997947543225
1.480875,-0.03653139526073647,-0.05086100482277807
1.481,0.06184057225058257,0.19205708486136044
1.481125,0.07143274366700966,0.10390103483380177
1.48125,-0.06970415787159599,0.004027139341351039
1.481375,-0.22800832522254486,-0.4257682620666917
1.4815,-0.4429556297104751,-0.4224527308707971
1.481625,-0.45531435731985936,-0.2744246740010684
1.48175,-0.437647787096149,-0.09447370256178653
1.481875,-0.6275195832197595,0.06511458146731917
1.482,-0.42205566403785866,0.008225394412568572
1.482125,-0.19818639850345948,-0.0922636536070494
1.48225,-0.23347312107144993,-0.04773846123996729
1.482375,-0.23093323684978476,0.08832239854517725
1.4825,-0.10300682571710602,0.015520901826687658
1.482625,-0.21132068851063152,-0.27252650314839966
1.48275,-0.23857828107426607,-0.35938534757473783
1.482875,-0.16027746715919927,-0.5559139124463983
1.483,-0.08089523297947958,-0.4252836574970524
1.483125,0.127478509102921,-0.43782285616014144
1.48325,0.040756513042412706,-0.42258846450560505
1.483375,-0.08193796618242778,-0.23329133514679826
1.4835,-0.1616548560259429,-0.2115549963143205
1.483625,0.21316707524491454,0.0038781356902165246
1.48375,0.2427605843689262,-0.22355957342284144
1.483875,0.30598987614040746,-0.1638609917343539
1.484,0.672513073821131,-0.22723612585188008
1.484125,0.5771864311784026,-0.16141837734347858
1.48425,0.7131141821451668,-0.115252712010364
1.484375,0.2640770840934038,0.0634877906569234
1.4845,0.0712995653896243,0.06880310212436452
1.484625,0.11066037724468698,0.010077283087395479
1.48475,0.5015935759306434,-0.11489657338421366
1.484875,0.5888119148672603,0.13190520039457307
1.485,0.2746419525186713,0.26259752095217176
1.485125,0.08931411090178086,0.29859199683066706
1.48525,-0.02830741807110512,0.5153503932697902
1.485375,-0.07391562756391964,0.7412895959412487
1.4855,0.06969487096824177,0.6554334770646008
1.485625,0.308202459661471,0.38663214902035253
1.48575,0.16404940096250112,0.06259271169213805
1.485875,-0.2258652055076403,0.3143687751156097
1.486,-0.30743688072207714,0.4366989605906695
1.486125,-0.140185979301152,0.31798929900580597
1.48625,-0.0988729187576563,0.37056589840690196
1.486375,0.037361724692912816,0.07820003064778365
1.4865,-0.04754489650248734,0.03560849001703394
1.486625,0.13194421085246402,0.012476220790206074
1.48675,0.10831166754923117,0.030693659186978285
1.486875,0.23921772881015857,0.08717863110517678
1.487,0.37645136828475245,0.09491533072669954
1.487125,0.24436453127783764,-0.003261307372159002
1.48725,-0.06572990634441993,-0.367761719366226
1.487375,-0.1930681189501379,-0.33169775959824876
1.4875,-0.126487979243529,-0.09424862545543171
1.487625,0.17517507990459802,0.06915179445016502
1.48775,0.08842363333201259,0.07623701969173081
1.487875,0.0725278954276803,0.08538926109085473
1.488,0.16977453282953628,0.002111530582390518
1.488125,0.23268908438208505,0.289986110940008
1.48825,0.12566019633412048,0.23450029101924588
1.488375,0.09186249810785102,0.12700528046869852
1.4885,-0.39006073758629606,-0.06903418925274128
1.488625,-0.3819636768195197,-0.17379259083730317
1.48875,-0.17936826225558855,0.014342330916649708
1.488875,0.02987357361792806,0.11763734972330947
1.489,0.10415515749649006,0.20262631179750357
1.489125,0.01934224784346041,0.0281407162840238
1.48925,-0.21978052531344924,0.034353845934647916
1.489375,-0.0099753845878146,0.10278976866630515
1.4895,0.007629511014949751,0.10893407314836792
1.489625,-0.08204287766441665,-0.11070739052289695
1.48975,0.05333392603582367,-0.19753225989629247
1.489875,-0.1319684288690902,-0.3768691395427491
1.49,-0.12123875044683476,-0.2956753725392548
1.490125,-0.28270344526297314,0.006983203734462956
1.49025,-0.4742775459147881,0.04000045233447123
1.490375,-0.6971064230147449,-0.08861446771775416
1.4905,-0.6181845829953732,-0.06960498281936488
1.490625,-0.34694719460557316,-0.10440906626365658
1.49075,-0.05005472207101037,-0.1259271712530888
1.490875,-0.21490161014379297,-0.07551170425702104
1.491,-0.2481067073740402,-0.19023496124512201
1.491125,-0.45447402324521974,-0.0630131440001488
1.49125,-0.17651223820849393,-0.0727038646457345
1.491375,-0.5663003510321098,-0.2109844968887604
1.4915,-0.48201895997274735,-0.40219677992629305
1.491625,-0.32526357677530626,-0.500160661149208
1.49175,0.08231354949621582,-0.408316234339797
1.491875,0.14330677747587323,-0.2407808915820082
1.492,0.04875783790336528,-0.10770768582837756
1.492125,0.19458590260497716,-0.19007324942249765
1.49225,0.48163253469771417,-0.2965005751122569
1.492375,0.6184088037620941,-0.13064736965359533
1.4925,0.4252281360096416,-0.3531296507749366
1.492625,0.5128232595631039,-0.37553016925906274
1.49275,0.3789733940503698,-0.4093018880493267
1.492875,0.47344332745953527,-0.2861221519220196
1.493,0.3236556996255422,-0.0252786029074104
1.493125,-0.01846129750127259,0.04024595789140869
1.49325,-0.10983851822007622,0.06453307238887449
1.493375,0.04495022047306113,0.13269402929752874
1.4935,0.24107014639399454,0.2897370402844615
1.493625,0.49547221540884123,0.25206416856471514
1.49375,0.2614655624041327,0.2822690611698783
1.493875,0.0403834518245785,0.2996116619105635
1.494,-0.06353134755348493,0.36048475262574986
1.494125,0.17719292583004378,0.60154036390712
1.49425,0.15710944030736884,0.3068175197775255
1.494375,0.13755010229534706,-0.134332349582397
1.4945,0.0448631130147774,-0.13282717654497375
1.494625,-0.06165239159387897,0.08057704885064226
1.49475,0.028673857319784793,0.5417963700509945
1.494875,0.27512179000953013,0.4102878419112055
1.495,0.24258336237587005,0.24135001391092534
1.495125,0.18894347615498758,-0.15316502715798908
1.49525,0.2109104784227548,0.0291866422011989
1.495375,0.38528642549150344,0.08064656881449535
1.4955,0.009075913609162973,0.15637469265184045
1.495625,0.1316200796595596,0.08061128957775938
1.49575,0.13942844458708387,0.04333734540619311
1.495875,-0.20218801349451485,-0.023612160708605855
1.496,-0.3305798266311122,0.14418550454957121
1.496125,-0.25933912477086385,0.17797311781455682
1.49625,-0.16769250762369328,0.06372006095615543
1.496375,0.026727724992483333,0.2357037598116732
1.4965,0.05426962751842429,0.233930727634079
1.496625,-0.3245341412716026,0.32640866043734224
1.49675,-0.33620172762021977,0.22820204558915289
1.496875,-0.25736316913400675,0.2266008009866278
1.497,-0.021755222684629563,0.10241529224454488
1.497125,0.15286972480397135,-0.15136013257144731
1.49725,0.18066414955551058,-0.22222760326224927
1.497375,-0.06828926447502291,-0.3000406452436082
1.4975,-0.23468628955663634,-0.07146090341207317
1.497625,-0.41515364577732466,0.02642143411377401
1.49775,-0.26163682473542144,-0.19312442557558412
1.497875,-0.39678264264717683,-0.30373742812118076
1.498,-0.05032012135840224,-0.2636609904861776
1.498125,0.17246996171127224,-0.35131449067035925
1.49825,0.023327570618287885,-0.06433829970019908
1.498375,-0.12295897334907635,0.09929142425204525
1.4985,-0.3902074170424851,0.2928691493559996
1.498625,-0.47022012702750887,0.04275609108923643
1.49875,-0.09204860367517309,-0.40495209405519944
1.498875,-0.10524734958205795,-0.31649335825811653
1.499,-0.30179258714731655,-0.22893259806451513
1.499125,-0.5999801222406266,-0.25677627982649776
1.49925,-0.5610535208039333,-0.04209911736442174
1.499375,-0.507128715667087,0.2087571164934024
1.4995,-0.3230889299201797,0.026780784828145745
1.499625,-0.021243182787734002,-0.16832633199548538
1.49975,0.22301313916538634,-0.4563287802246089
1.499875,0.21259404186743822,-0.45993322473513987
1.5,0.2572836276036794,-0.09514178218521868
1.500125,0.30082676772545264,-0.2351687203996129
1.50025,0.29455785089031045,-0.27196944032332765
1.500375,0.428653674718776,-0.5765472043512216
1.5005,0.767217214432472,-0.4981852625674821
1.500625,0.7420824827924182,-0.4298703133449323
1.50075,0.432448822422795,-0.12468301699567186
1.500875,-0.007309763786717672,0.0015684499805166026
1.501,-0.34137078077246,0.11432412480803751
1.501125,-0.2767112996745071,0.23000589614263522
1.50125,-0.02194523194552861,0.10142591797600156
1.501375,0.17472014826167614,0.21248460754312087
1.5015,0.10819861739777563,0.22779538815916447
1.501625,0.1726577054032917,0.27486756605696255
1.50175,0.20355690566724938,0.696944734842428
1.501875,0.1653659931862873,0.7648058930837806
1.502,0.23796902398494976,0.39265088759181627
1.502125,0.14687062428430672,-0.07477505877751403
1.50225,0.24369778264314426,-0.19492648577747343
1.502375,0.17106611225134857,-0.19424740284350356
1.5025,0.2220552175852654,-0.0972084711094683
1.502625,0.3102288268565742,0.019686331358853084
1.50275,-0.2105501444486936,0.07743088284402687
1.502875,-0.23188253764781167,0.18987927303969018
1.503,-0.14850459385003087,0.20170949675265198
1.503125,0.02035782067353732,-0.01575920736717552
1.50325,0.2282932558035107,-0.002983067926117778
1.503375,0.135131392188042,0.1265193177142669
1.5035,0.08431093105464287,0.10742425981569251
1.503625,0.24186715447447626,0.13515433381193245
1.50375,0.14432894921403133,0.27500204965978564
1.503875,0.04113517002549622,0.33507866845189027
1.504,0.1636599301873977,-0.05458323153791391
1.504125,0.17979300491160943,-0.17825469139018166
1.50425,0.5140498310268904,-0.2128729731955719
1.504375,0.3483358413326959,0.05105226216605088
1.5045,0.07005582718619542,0.024991540113576263
1.504625,-0.251499712306593,0.1273486656895705
1.50475,-0.48323890352576887,0.045639497198795245
1.504875,-0.46279294723464526,0.3041304978720637
1.505,-0.01685684712560901,0.21198960227903257
1.505125,0.06015882562588059,-0.006476473673109119
1.50525,0.10097262105515932,0.2139901919950605
1.505375,0.12386135981778874,0.228693973468228
1.5055,0.03337662374945456,0.3910992388907576
1.505625,0.040702212266588794,0.22373689528434737
1.50575,-0.059192585773491874,-0.013050590065497894
1.505875,-0.07062494169110234,-0.36642022573431293
1.506,-0.26266079000736486,-0.45966486885894703
1.506125,-0.09664147539199146,-0.31656654346686425
1.50625,-0.053538500995298756,-0.10296264512898184
1.506375,-0.24356157910959728,-0.095828952084113
1.5065,-0.5684658259123772,-0.0837474041337772
1.506625,-0.5038064702754094,-0.0239439176645249
1.50675,-0.3098091132897128,0.01523883808373909
1.506875,-0.2700219376112138,0.1455324698410265
1.507,-0.15223567061509488,-0.13332670459431784
1.507125,-0.1707067297212375,-0.251538200195674
1.50725,-0.3519828792654461,-0.15238431158225146
1.507375,-0.17174875602070405,-0.09849821496115627
1.5075,2.9426620561516577e-05,-0.1526376380075974
1.507625,-0.0962874830347779,-0.28654493236903134
1.50775,-0.2259058291807076,-0.5849991191051649
1.507875,-0.15305555332353293,-0.47572124670966265
1.508,-0.33315176204054414,-0.3055599353848627
1.508125,-0.10609366502666437,-0.18438076501511644
1.50825,0.06511335087872575,-0.08071080725843362
1.508375,0.17031962271758314,-0.14878262191954014
1.5085,0.13789423508018714,-0.22067294870073312
1.508625,0.1138502388889225,-0.05425613391424697
1.50875,0.0166266337438788,-0.12338183154884592
1.508875,-0.02004791753298086,-0.14870179118909974
1.509,0.045757232738699034,-0.26824154137636674
1.509125,0.3493802061356267,-0.28351915581915466
1.50925,0.42863012811905554,-0.16756403427732453
1.509375,0.47585695397388783,-0.05429289898629134
1.5095,0.2593836882710235,-0.010398957746473427
1.509625,0.12039243880114571,0.038712105189827914
1.50975,0.2415629775090812,0.14625245649634638
1.509875,0.5904294692429016,0.017580003765540513
1.51,0.45899960597667966,-0.07992225210670345
1.510125,0.17620061953805377,-0.02458614471008814
1.51025,0.09536544952397091,-0.007774252799074364
1.510375,0.29281131398118965,0.3957510702685784
1.5105,0.5261145667457651,0.4318968990840609
1.510625,0.4842866434410629,0.3541985003011638
1.51075,0.27231414314039065,0.1534612594826721
1.510875,0.1794707495733302,0.07779715386114411
1.511,0.14832259980241216,0.17502558541614824
1.511125,0.11257753951783306,0.3065891858955387
1.51125,-0.12713759848827383,0.2411144948461573
1.511375,-0.23692711428416055,0.08887931312356631
1.5115,-0.2682120676620917,-0.08173428312162727
1.511625,-0.19806301232112034,0.1715029378790638
1.51175,0.01690793586186751,0.2758563408783862
1.511875,0.0553711673936618,0.538935583187473
1.512,-0.06408752218511637,0.23732137278585105
1.512125,-0.11377151465111801,0.12747972164501892
1.51225,0.03849999446798611,0.2568223193548216
1.512375,0.14372466902028097,0.08647082046230205
1.5125,0.016182686978910846,-0.07955623234412768
1.512625,-0.06961538748840083,-0.21741693616916863
1.51275,-0.06729023509244787,-0.17186632550509792
1.512875,-0.17520628024613433,-0.0603161982482516
1.513,0.009739936607254022,-0.14348573725862454
1.513125,-0.025090725251591367,0.1665982834903642
1.51325,0.19588145660699222,-0.0860539851356284
1.513375,0.2639709551826518,-0.06953915729341371
1.5135,0.2931154326448141,0.10254874510482094
1.513625,0.0024926402877348984,0.010217620421547086
1.51375,-0.38588730531788323,0.05771615342681888
1.513875,-0.4842619946268935,-0.01776687211540781
1.514,-0.2892494502752376,-0.31517744281623894
1.514125,0.13974219711825328,-0.25731031128149384
1.51425,0.12980020518204183,-0.1526602183910606
1.514375,-0.09057940151890104,-0.06654861215326252
1.5145,-0.3598225490074461,0.15973030155843718
1.514625,-0.3139757414761798,0.2197150453151728
1.51475,-0.28145358499502515,0.14084371061165274
1.514875,0.07784203002720713,-0.06796780060692674
1.515,0.2114749556648664,-0.2943580866737813
1.515125,-0.058777649843866124,-0.21326562004957214
1.51525,-0.20093733829841018,-0.18834955312513305
1.515375,-0.18273216828953442,0.08995998931481397
1.5155,-0.16229282549605573,0.13440717811374445
1.515625,-0.21557880715782035,0.05363158430122875
1.51575,-0.46149820990139473,-0.2142607714728822
1.515875,-0.6473618439930473,-0.3096612037735553
1.516,-0.7153377957733098,-0.23655967656140975
1.516125,-0.5205701006983623,0.1571806909227517
1.51625,-0.4074431408928681,0.2799196530300636
1.516375,-0.04524711524817639,0.07161027320281009
1.5165,0.05700702171315077,-0.22156197420508922
1.516625,0.04999021014163395,-0.23096111932983449
1.51675,0.004778258850411185,-0.2222927380132684
1.516875,0.033210609477389255,-0.15197129796261852
1.517,-0.05340084276844455,-0.5244157775422041
1.517125,0.20744170873633164,-0.6010232053977286
1.51725,0.262026862882845,-0.5713514359308051
1.517375,0.3297407246515549,-0.39726497232821734
1.5175,0.35852926888371334,-0.3786417967505422
1.517625,0.26656123771201584,-0.30708410813612824
1.51775,0.33280566874484213,0.11712927630652523
1.517875,0.34951237026716286,0.09044432359311183
1.518,0.1409681389254413,0.01803812000879553
1.518125,0.3105914433158424,0.030546826407839033
1.51825,0.32760631200264534,0.12053052482197568
1.518375,0.3965525418135871,0.14222549792267927
1.5185,0.41497675579803595,0.2971406405569205
1.518625,0.2991125079853944,0.28095711958715114
1.51875,0.26984315683242566,0.24392136897436242
1.518875,0.2939983749328358,0.23582602702485198
1.519,0.3602359397502648,0.34082757579995915
1.519125,0.12573542383550265,0.3290494162501169
1.51925,-0.11728281346667647,0.2683540540294703
1.519375,-0.23215783764530212,0.2798271858207275
1.5195,-0.31055716401876315,0.2452265454214911
1.519625,0.17692251837009437,0.3409186939180243
1.51975,0.18262135227959406,0.4351323702642057
1.519875,0.350356642376988,0.18310980962327947
1.52,0.11062309707144209,0.12350185461080393
1.520125,0.09922113533761417,0.1767598426838659
1.52025,0.13774967979500596,0.20533589368623964
1.520375,0.09715556531552165,0.2600605504053422
1.5205,0.23893429445684822,0.03018539329756263
1.520625,0.2928716471261755,-0.22000893875784305
1.52075,0.07851331793704298,-0.26809056260639746
1.520875,-0.1519679801842906,0.0131912590913701
1.521,0.007006118391941924,0.2729154215087741
1.521125,-0.09825556630874967,0.35353936218809007
1.52125,-0.2492676404398653,0.07328359265965209
1.521375,-0.274119563666128,-0.0684999357908768
1.5215,-0.14858506833734791,0.05853917243806292
1.521625,-0.15649868863381594,0.15229647180554343
1.52175,-0.2784115317407747,0.19491544313442102
1.521875,-0.30009951496729753,0.03737112120174814
1.522,-0.1296261947212898,0.14551093381956923
1.522125,-0.1468167413642562,0.011668999375176882
1.52225,0.028227806027820556,-0.29328739865553843
1.522375,-0.08039303816539714,-0.12250410482728537
1.5225,-0.07464421798467276,-0.27901329743550884
1.522625,-0.11995302180155584,-0.1699458773783374
1.52275,-0.10455964912862425,-0.1348556800086745
1.522875,0.023819161816078092,-0.3111620316238465
1.523,0.00414795569268868,-0.3106362618814278
1.523125,0.00014896799358804662,-0.3029600948110445
1.52325,-0.0671557488295317,-0.4758529708051067
1.523375,-0.1651054963510808,0.040806059022532384
1.5235,-0.17865275963666682,0.0795534984223
1.523625,-0.23593022734311847,-0.058917132437992285
1.52375,-0.26911593915419757,-0.12786472038133065
1.523875,-0.17035832455436317,-0.09813694467824526
1.524,-0.5104259031840774,-0.266678593834675
1.524125,-0.5870616131914752,-0.13701800007732692
1.52425,-0.5443230822937088,0.1383815585400216
1.524375,-0.17816564218738362,-0.05318806276286124
1.5245,0.34428329833083365,-0.005972317377086392
1.524625,0.3939475703428869,-0.12438896873124851
1.52475,0.0020611166579464087,-0.3295380360563723
1.524875,-0.0007888045390443953,-0.2566379394295118
1.525,0.10120021622514543,-0.11265472914452884
1.525125,0.26746755008582235,-0.13587285429785886
1.52525,0.26076345137308865,-0.4639589261721698
1.525375,0.032011035814525524,-0.6120444294163779
1.5255,0.08293582790351701,-0.42375057615357475
1.525625,0.21413764009635433,-0.14168443447017903
1.52575,0.4160446221975993,0.36592629690253897
1.525875,0.12480353455666583,0.24162487479804495
1.526,-0.014912891991905153,0.19110620526202113
1.526125,0.02855370543253202,0.10025582229807505
1.52625,0.02514379761261476,0.036734237544475884
1.526375,-0.03470979891812154,0.16104317553654468
1.5265,-0.15831961098493783,0.24686246713946913
1.526625,0.0032146135254166705,0.05008833021839175
1.52675,0.3044983903359703,-0.037950827373934744
1.526875,0.14375092263666034,0.21833751704239748
1.527,0.105156217633443,0.06592177742900616
1.527125,0.1533629902106022,0.14444162211399847
1.52725,0.0944030168421047,0.12324661791147624
1.527375,0.24667648585133245,0.293465192452055
1.5275,0.08687393570822723,0.18522809114969357
1.527625,0.0577438854797173,-0.029981447442978607
1.52775,-0.08369929233388283,-0.010241797617782013
1.527875,0.17626801539954148,0.03369978975147546
1.528,0.19405174896389837,0.041367670616226135
1.528125,0.21697124894970687,0.13983221452157224
1.52825,0.10758184465987417,0.14367209127037034
1.528375,0.2954065537925465,0.07502751967191153
1.5285,0.39464403084656496,0.22636595986644084
1.528625,-0.015877651169412206,0.18535607008087684
1.52875,0.004084936058815937,0.1610134458498857
1.528875,0.3171765136096542,0.19909505769891844
1.529,0.4499389878612263,0.2309042665277902
1.529125,0.49467363417167703,0.1807642735005235
1.52925,0.20697396269619275,0.29979301866747743
1.529375,-0.1477212099177778,0.09822091686257314
1.5295,-0.4873900266362194,0.29811733765119625
1.529625,-0.11262879297803098,0.1345669636139421
1.52975,0.02092192896149697,0.1979524109221701
1.529875,0.10580259285463281,-0.0006679168256857786
1.53,-0.15841686760535234,-0.020077044012337987
1.530125,-0.20366221504546006,0.18497777597757023
1.53025,-0.15502236671101519,0.4429983799278165
1.530375,-0.11591146097278744,0.36403845093512593
1.5305,0.3015711898420167,0.09322290010479682
1.530625,0.30564306025302773,-0.08163123644127744
1.53075,-0.33193173634672546,-0.22232451084561494
1.530875,-0.40778015881089236,-0.04410318561214791
1.531,-0.5194604773703211,0.008792263261090932
1.531125,-0.10000139082140871,-0.06604886803874332
1.53125,-0.015809422822947634,-0.13654398545979043
1.531375,-0.11658196467549356,-0.28775970634162784
1.5315,-0.3376337090030554,-0.23882089715210514
1.531625,-0.4493909036969196,0.08158397423094144
1.53175,-0.45582817555645955,0.32299468553003297
1.531875,-0.22778770652973823,0.299825842769592
1.532,-0.08048748223691933,-0.1096031826668548
1.532125,-0.1656814736089124,-0.475836051532649
1.53225,-0.3366756571404211,-0.5047472691520485
1.532375,-0.4250374546907995,-0.2790945655320645
1.5325,-0.3968614736299853,-0.07419204348757476
1.532625,-0.12348071746827888,-0.085341167629923
1.53275,-0.12759764253859862,-0.2384398738592839
1.532875,-0.2321289250362795,-0.401052386432939
1.533,-0.31406232778273996,-0.31985845463476337
1.533125,-0.2155009632476035,-0.177536724589809
1.53325,-0.046005500507934206,-0.13069442760320568
1.533375,0.24364158446998063,-0.11028380113076909
1.5335,0.2967174219920783,-0.3766994888036807
1.533625,0.281777957186721,-0.4332568814542812
1.53375,0.24053797742881294,-0.5236913445547491
1.533875,0.5689460216269913,-0.2076980062948981
1.534,0.6304722067471182,-0.12279778793011271
1.534125,0.3796093560876992,-0.23211202631553984
1.53425,0.18431829119054977,-0.31667216459266995
1.534375,-0.003934661768964178,-0.1377786263133949
1.5345,0.04584302801786735,0.02423616643504797
1.534625,0.31269377542864385,0.01564863623243701
1.53475,0.5527863217451522,0.25431695203909377
1.534875,0.47198441089893617,0.15975620339437066
1.535,0.2986022922467394,0.31502742940780404
1.535125,0.04862287533036731,0.5531923921080448
1.53525,0.08343459072141565,0.47471984602015965
1.535375,0.08228193819815048,0.4268179530484596
1.5355,0.14370261493632056,0.09433343755579553
1.535625,0.11874299927914818,0.06034980313357584
1.53575,0.1515083150028678,0.07842642285710463
1.535875,0.008147437883629583,0.3353407915315584
1.536,0.0699173235441619,0.5056123037663042
1.536125,-0.014017703014187389,0.23491106672971546
1.53625,-0.0981454752607664,0.19870630434631995
1.536375,0.020044645403118996,0.16092745147891224
1.5365,-0.18032106555471084,0.07473960148630998
1.536625,-0.1446420290950932,-0.007658365774688723
1.53675,0.14887951955057024,0.20835673878939226
1.536875,0.24799227238421628,0.13619597623192659
1.537,0.25110409131232087,0.11695769061076373
1.537125,0.07788292968876136,0.09634770053210738
1.53725,-0.16842902484538197,0.015152258370745986
1.537375,0.12988503269461424,-0.009634731348801596
1.5375,0.3482729125822611,0.12716411834038052
1.537625,0.29419105350828206,-0.10743966038078456
1.53775,0.18152862665718916,-0.05214931247424239
1.537875,-0.1386167552435287,0.05592986189385063
1.538,-0.21021546606996247,0.12427206231845087
1.538125,-0.14222224433848657,0.25697424485133885
1.53825,0.09173951837920069,0.19833151316856976
1.538375,0.10778536315375171,-0.03832006985784688
1.5385,-0.06466468550813118,0.006436961905774066
1.538625,-0.1648489044370996,0.06291576137856594
1.53875,0.026103392017195207,0.1934670430456944
1.538875,0.024029834022166345,0.24936441808746293
1.539,-0.17307250284321454,0.11643661059009788
1.539125,-0.46512302503951464,-0.11212471512029187
1.53925,-0.28351575167455884,-0.1958825214245074
1.539375,-0.1241092041602742,-0.22866716203150964
1.5395,0.1472353534025259,0.03920936878283818
1.539625,-0.08747070305961382,0.0010149655399503456
1.53975,-0.0034854496546842177,0.003930807700214856
1.539875,-0.005750151872499852,-0.1496650852831197
1.54,-0.14632694996525766,-0.1207123397943773
1.540125,-0.3077643239080172,0.04550920373355701
1.54025,-0.7146844456255863,-0.24716199311197598
1.540375,-0.512968400167116,-0.3874388623514305
1.5405,-0.40205107977192456,-0.16964690209477304
1.540625,-0.25307050903742945,-0.06934461218239954
1.54075,-0.3011935735727334,-0.03227094025826852
1.540875,0.03784227392230911,-0.015194657261878684
1.541,-0.07928373875225708,-0.08002609380019911
1.541125,-0.06269655853155036,0.011021808388924605
1.54125,-0.18299150606375283,0.004898116317337008
1.541375,-0.24838785202893265,-0.2877094880579672
1.5415,-0.13540071993470873,-0.44738268267654513
1.541625,0.16952517718228494,-0.6523214624096179
1.54175,0.13578687135147183,-0.3192364068708515
1.541875,0.06818141636289854,-0.2651254503578102
1.542,0.104004157479645,-0.026308903517664465
1.542125,0.4347237025162666,-0.04421855341294896
1.54225,0.8470782301258274,0.08057269079856608
1.542375,0.6573066253181508,-0.17052080419677115
1.5425,0.5823657009848636,-0.2616663831969361
1.542625,-0.008448490547897536,-0.22342771221861518
1.54275,0.06343168845844414,-0.09448515204401474
1.542875,0.010506684272161537,0.1456075207386428
1.543,0.3120299167427504,0.1715665306695273
1.543125,0.4973560136461391,-0.0006202350825197576
1.54325,0.29847695439045885,0.1402424318515594
1.543375,0.2361354949467365,0.43952186046098296
1.5435,-0.04216307755864194,0.6618677328527915
1.543625,-0.14943028102117983,0.8206705687160377
1.54375,-0.15712470359639957,0.3041061549674552
1.543875,0.1427125538405686,0.059361871467459935
1.544,0.16041460795312115,0.013381661083955143
1.544125,-0.05950702393620945,0.09753278087567643
1.54425,-0.0002073713500385549,0.1721235951939932
1.544375,0.014080089895958154,0.25003790379332536
1.5445,-0.02513057546995469,0.21771720607679554
1.544625,0.03121275509190037,0.22323226061029386
1.54475,-0.12491785110156937,0.038202455227998144
1.544875,0.15271330581724488,-0.11327382521907554
1.545,0.2631519340902532,0.06741338887081898
1.545125,0.44951594061902606,0.15400441002781295
1.54525,0.34457499277420617,0.19329595392964055
1.545375,0.08233426410091062,0.057679902123937636
1.5455,0.04679113291036686,-0.08125985941109967
1.545625,-0.053338363949662106,-0.07630842013467491
1.54575,0.1148551712928875,0.02774288859941947
1.545875,0.157402575303853,0.0031494242167462994
1.546,0.19211110600332978,0.0916606063027538
1.546125,-0.03762506010829749,0.1416094485010996
1.54625,-0.1640048835476431,0.297003656639432
1.546375,-0.33869174720396394,0.37352642114051227
1.5465,-0.2515915859685267,0.29852719927656096
1.546625,-0.13905097213399667,0.07405361826445565
1.54675,-0.2557529998171754,-0.10318403311822166
1.546875,-0.4895474090578385,-0.050972519494766354
1.547,-0.267860887592938,0.09167703821989133
1.547125,0.057787994982407234,0.12236038487784899
1.54725,0.22686062123428746,0.1294612764515854
1.547375,0.07543075829657489,0.10174177970332199
1.5475,-0.06578181514047597,-0.23056117405242837
1.547625,-0.3061992522918474,-0.31463900491078933
1.54775,0.032710988726623084,-0.05915386964638563
1.547875,0.1644518811143715,-0.022957124006238006
1.548,-0.11688086554544287,-0.27617814270082713
1.548125,-0.36304492043454745,-0.31158323381001646
1.54825,-0.3115550368948035,-0.23921191327149657
1.548375,-0.11433257102310934,0.16781726176873646
1.5485,-0.10592718390330386,0.27297535843082416
1.548625,0.04826139799115918,0.1836450283779101
1.54875,-0.08094555383677206,-0.08903978806985942
1.548875,-0.19033459432493358,-0.1520589966216571
1.549,-0.45848750155112333,0.07094570478888777
1.549125,-0.5485978055984824,0.11869333221116786
1.54925,-0.47934294982385406,-0.07967911995963368
1.549375,-0.46952637591301327,-0.3219516294419177
1.5495,-0.5028647888182367,-0.48266445571462735
1.549625,-0.27679871768144976,-0.1200295532205719
1.54975,-0.17310965442068585,-0.06749438285262188
1.549875,0.10920662303948998,-0.0926912910487198
1.55,0.3389377658314049,0.09534362259606706
1.550125,0.2167650430308661,-0.25434665684978863
1.55025,0.009574732093709832,-0.38340405792655846
1.550375,0.033418722453850476,-0.659123199045163
1.5505,0.14499944922197294,-0.4040035331942053
1.550625,0.04416369697200699,-0.47928376873968753
1.55075,0.2074369353511718,-0.3542168824016957
1.550875,0.45281871728947126,-0.305148305664266
1.551,0.22422029495221046,-0.20001790248892792
1.551125,0.29638110857128314,0.09024283637789669
1.55125,0.07832499357026464,0.22370320010357425
1.551375,0.13108810305471724,0.23510056664711254
1.5515,0.13689876555654487,0.13754431108915277
1.551625,0.32631813526257136,0.017888076368809323
1.55175,0.5069912787176609,-0.1283367154388653
1.551875,0.34938948463111447,0.2487960355259803
1.552,0.3076370814900359,0.29328862979901105
1.552125,0.13293336372868977,0.3593229834383176
1.55225,0.16258273295925843,0.16731995198582172
1.552375,0.21927230342230045,0.1037088896161467
1.5525,0.2927205515786376,0.07934030441178087
1.552625,0.22568074248262,0.1321422356423533
1.55275,-0.06534562294479761,0.07324054323520314
1.552875,-0.07276062038278545,0.26500596877930716
1.553,0.12857097130249895,0.251383750593079
1.553125,0.15863976524003415,0.37370057883243213
1.55325,0.3229242068770761,0.2696754039020718
1.553375,-0.002525121692884954,0.06103828216834829
1.5535,-0.1533672365496789,0.10108893894040658
1.553625,0.05248609185698513,0.1785988035872127
1.55375,0.25562009241040745,0.3741677582542154
1.553875,0.2562525382805666,0.21286568091813812
1.554,-0.04483249832305437,-0.10210587378530266
1.554125,-0.1671211505122318,-0.10374672495771312
1.55425,-0.07623419309446708,0.18606046740974214
1.554375,-0.018209131218675706,0.3210393132188668
1.5545,0.12097846652133788,0.16794378234772936
1.554625,0.05448160013556528,0.046790325304000464
1.55475,0.06744516435659448,-0.2664240233480088
1.554875,-0.09700418410085102,0.0656670308034464
1.555,-0.22349169905974292,0.12519687917463243
1.555125,-0.5108958733857353,0.21292840368177426
1.55525,-0.583522043052247,-0.04935659390500829
1.555375,-0.3885472701684052,-0.12796562763580036
1.5555,0.1334447898084137,-0.07208695410978141
1.555625,0.41913586733031905,0.022545244952060006
1.55575,0.07148616830454627,0.008824223888990065
1.555875,-0.4049331762675428,0.012864977076622356
1.556,-0.2756266159749111,0.0854564071431741
1.556125,-0.09694891558542655,-0.11908031707903458
1.55625,0.33118973573644506,-0.2567990259245605
1.556375,0.22316528801736982,-0.4047901037034668
1.5565,-0.2635048321112722,-0.5674860166799441
1.556625,-0.34193388565890237,-0.41349235270028467
1.55675,-0.41231328450643767,0.0961103831092149
1.556875,-0.07210597050974929,0.356813878938171
1.557,-0.28799627929294125,0.09121092700721439
1.557125,-0.6081401512117095,-0.3280535685712329
1.55725,-0.4270865208219371,-0.38499586564451505
1.557375,-0.36714156476123255,0.16539400502641152
1.5575,-0.03437658804179523,0.26736434408474236
1.557625,0.037150564628201835,0.15023182005770627
1.55775,0.01790373326792787,-0.03239361395979328
1.557875,-0.3658743739035582,-0.39717473761630584
1.558,-0.5206219844086515,-0.17190143227709773
1.558125,-0.3033719116478468,-0.0995424252720214
1.55825,0.016261414737121695,-0.36154285247504664
1.558375,0.39479462095831586,-0.42608097807799206
1.5585,0.6034782162443514,-0.47982653064187364
1.558625,0.3398485982399041,-0.1556651527199461
1.55875,0.07627124124994744,0.0352959105487702
1.558875,0.20987585950846344,0.04887836343056536
1.559,0.048658597934338944,0.006109797361858798
1.559125,0.3139606857389055,-0.2791315158334262
1.55925,0.3460874107933931,-0.38239876060224626
1.559375,0.12120576459627487,-0.33209658455879804
1.5595,-0.014620684496029232,0.0493834357915843
1.559625,0.17823024303471066,0.3379955415372999
1.55975,0.18918614984594814,0.48605117482241966
1.559875,0.3578196096026149,0.3337113488185467
1.56,0.23961033051205138,0.1856890839827215
1.560125,0.1099960860457342,0.21349364674532315
1.56025,0.13763791602433262,0.2775181395500947
1.560375,0.19693763815231838,0.26988515452685796
1.5605,-0.08336824126206638,0.2226973967205039
1.560625,-0.1572218470429191,0.1504052126951213
1.56075,-0.06888212055504202,0.02529322230729748
1.560875,0.22349929001021,0.05377617103112398
1.561,0.3247656114204901,0.32014806468570933
1.561125,0.30778262014058577,0.3543481468951142
1.56125,0.10225036118602635,0.21083850789157957
1.561375,-0.12726668444889255,0.16095715495288893
1.5615,-0.1342348202309384,0.13538335728725814
1.561625,0.2500348178216602,0.09706427373557296
1.56175,0.31487999511772413,0.05826504683036744
1.561875,0.1440183202580656,-0.16863759832503328
1.562,-0.08696702883242403,-0.1227674504672721
1.562125,-0.20311339112116686,0.26024147670089387
1.56225,-0.0919358537373177,0.43951820879773207
1.562375,0.09462273941063248,0.2542467228594376
1.5625,0.34053948806279966,-0.005797716668988113
1.562625,0.20148384905029512,-0.20967230476062532
1.56275,0.14145325747530105,-0.01328246575698531
1.562875,0.020924504944391922,0.21073030335736578
1.563,0.078881044044367,0.18935245862622505
1.563125,0.3354192281888307,0.09216607021197062
1.56325,0.16178024752531348,-0.21009717978473028
1.563375,-0.1489512031890888,-0.13485519319497355
1.5635,-0.2217997601824393,-0.12339639022781074
1.563625,-0.21466767265381023,0.15885297671951196
1.56375,-0.10740958119355284,0.3435528533444511
1.563875,-0.17380854657696046,0.18228941627007647
1.564,-0.25593702536899055,-0.013636572747342788
1.564125,-0.3193812163705552,0.033019318402956674
1.56425,-0.2744743080563025,0.04035703809373569
1.564375,-0.3072786410621041,0.25896368221403565
1.5645,-0.26651944435349517,0.23842266631081696
1.564625,-0.10562727151894771,0.0030137704914367765
1.56475,0.03782752149963995,-0.10619329384818428
1.564875,-0.05556413925813351,-0.2540045751844536
1.565,-0.4360394641294483,-0.11413944256148371
1.565125,-0.4023129583106783,-0.21649873707350648
1.56525,-0.49245426331837017,-0.21077060085052862
1.565375,-0.27470047341427123,-0.2240463679630699
1.5655,-0.34970590020702624,-0.2932344847361745
1.565625,-0.10620403555343237,-0.29490901124694835
1.56575,-0.29806136940250666,-0.0768604886990863
1.565875,-0.22475645848854256,0.026283613248475057
1.566,-0.1365289626202236,0.016677028049562587
1.566125,0.0894061536098557,-0.023613358856189294
1.56625,-0.004212642248701896,-0.2722219244994153
1.566375,-0.12618343076438152,-0.5349050363205478
1.5665,-0.12483968916466363,-0.43367685653319976
1.566625,-0.19059602752548413,-0.2895084801204098
1.56675,-0.2269507916240514,-0.0844870214131778
1.566875,-0.16960708283924525,-0.39051839664033
1.567,0.037903412457819356,-0.22118395088069678
1.567125,0.30385383899278734,-0.30198445362542264
1.56725,0.45955999420594396,-0.013574054725505949
1.567375,0.43649669449900363,0.08098262712992833
1.5675,0.212229224024766,-0.01992868008331324
1.567625,0.48346641284766134,-0.11585540608767422
1.56775,0.2131056990839498,-0.15431145716066083
1.567875,0.030329022470630695,-0.14657726468819565
1.568,-0.011046277808921732,-0.14679589795376957
1.568125,0.07581721203682293,-0.06811631704573018
1.56825,0.227768664928357,-0.04721631201893201
1.568375,0.5066450995202922,0.1921558744287812
1.5685,0.3961931268339296,0.3569268481952153
1.568625,0.40554293506521644,0.43433157331456096
1.56875,0.30476065465540353,0.26122093576783423
1.568875,0.13333359278952975,0.2914090739555976
1.569,0.3738667417712412,0.04679626819593654
1.569125,0.14378294397016517,0.035834331538936406
1.56925,-0.06555732025621099,0.03753885764948412
1.569375,-0.10521627037994774,0.11731561528385646
1.5695,-0.05577490120661916,0.2358582403452131
1.569625,0.2315398832457717,0.3590934629709436
1.56975,0.37769815681844576,0.4163122836653316
1.569875,0.25424107862409,0.29333016882357815
1.57,0.2639514018660445,0.3612562102336167
1.570125,0.10388090693332047,0.21901228463872877
1.57025,0.13432358436206399,0.20334829960312825
1.570375,-0.1268524804584542,-0.02259320111393106
1.5705,-0.08269623587599324,-0.017619105817331334
1.570625,-0.10193791675332528,-0.17323892271357957
1.57075,-0.06199759887152238,0.022775225315933584
1.570875,-0.24350828039810568,0.3174158083046675
1.571,-0.39948760328205646,0.2042502690467284
1.571125,-0.5442432548356931,0.2616539450168999
1.57125,-0.3998731716715855,0.26207345422570216
1.571375,-0.29731303388909885,0.14595427000859162
1.5715,-0.15315364066748607,-0.040063580120730774
1.571625,0.15041825991666605,-0.16495180315827682
1.57175,0.07299426182930316,-0.08651371020271517
1.571875,0.33021011261700217,-0.1252495523988281
1.572,0.36063897259265765,-0.22435977773154467
1.572125,0.16444047572612935,-0.19228876206572185
1.57225,0.14452515353488085,-0.45729939406454634
1.572375,-0.2616823939445748,-0.344955688911771
1.5725,-0.27503543137998315,-0.4595398157757382
1.572625,-0.032656391953220024,-0.27371534028593386
1.57275,0.5229627001080704,-0.17703167484287252
1.572875,0.5523158800574457,0.03918256538677503
1.573,0.138058535461754,0.26073443072418306
1.573125,-0.19342671988133295,0.2776757309266606
1.57325,-0.34474774495235805,0.3283516628797018
1.573375,-0.5390659710343929,0.2100075871800043
1.5735,-0.4679980666081351,0.08590853337376483
1.573625,-0.5858978429450991,-0.13664649799124565
1.57375,-0.45329872509680863,-0.2189516389534844
1.573875,-0.3976278604270867,0.10701453722568273
1.574,-0.4608789612004673,0.3747152384390683
1.574125,-0.3617911090397563,0.534274741689952
1.57425,-0.6872253673383182,0.17519671455403332
1.574375,-0.5950149849998292,-0.1650400283994147
1.5745,-0.4122078148423736,-0.37509458381345234
1.574625,-0.3424919320868881,-0.44183970294947844
1.57475,-0.020249112952923726,-0.2499390175815806
1.574875,0.03354762033332201,-0.49523497127928834
1.575,0.024127948512346703,-0.42221798192045706
1.575125,-0.17233632891896072,-0.4228688559298089
1.57525,-0.107960554675185,-0.2140706918415339
1.575375,0.19044933524689805,-0.35590659067802916
1.5755,0.4433630081693368,-0.4099535200080996
1.575625,0.6788425687348573,-0.35655825841857364
1.57575,0.5744678999140154,-0.4851846911007407
1.575875,0.448683081610676,-0.19531723903137563
1.576,0.5198152747424281,-0.20075887380413338
1.576125,0.4796110237661101,0.03157104686525806
1.57625,0.5633700031132998,0.0289884255051813
1.576375,0.382689606569537,0.019937055795481468
1.5765,0.36220991723849955,-0.059058927015808865
1.576625,0.2661717927929134,0.10300493749476354
1.57675,0.29155775713839793,0.24256526582114532
1.576875,0.12618545533003306,0.4611308832637011
1.577,-0.062660278295915,0.5354147679381281
1.577125,-0.05042601453176373,0.26907907188492153
1.57725,-0.10089505698133264,0.3955415578760891
1.577375,-0.08394114049145034,0.38323579954361525
1.5775,-0.14002878327749763,0.5064568873914327
1.577625,-0.071290937549099,0.41698207693103273
1.57775,0.10770335707026317,0.1146824186108452
1.577875,0.4748265924793742,0.3519528698973598
1.578,0.4711089191824356,0.3335726775911358
1.578125,0.1829170738646233,0.20338705229163123
1.57825,0.012585786790518774,0.028760059686400247
1.578375,-0.24102433059406442,0.021527510546853895
1.5785,-0.11936236008883394,-0.11741867454115296
1.578625,0.10097150483034772,-0.0034085786311248015
1.57875,-0.011770447638571501,-0.19212338036494897
1.578875,0.1799588192880394,-0.15904637614816067
1.579,0.33847588068746914,0.0017210733281017379
1.579125,0.08494775781166429,0.3181147056811754
1.57925,-0.001582869354899662,0.4926614026380691
1.579375,0.04241616528027219,0.410172075063245
1.5795,-0.09481585695898762,0.022753253445449435
1.579625,0.010091336732382118,-0.23353418975171797
1.57975,-0.18840703974954598,-0.25831885831220275
1.579875,-0.3262044159823719,-0.0333300797674644
1.58,-0.08492026122505228,0.02765618243918517
1.580125,-0.16314527291379816,0.13242025948484837
1.58025,-0.1275218458118072,0.3486938598346149
1.580375,-0.189422223642864,0.02074021472909657
1.5805,-0.09066343037590033,-0.033743017279136464
1.580625,-0.21395219579852398,-0.058373675629820286
1.58075,-0.003804926996964023,-0.057412283952984734
1.580875,0.20056355891334574,-0.20054127512175285
1.581,0.09031956662889035,-0.2503654640651381
1.581125,-0.02865250701941121,-0.255601154682208
1.58125,-0.07448768671077691,-0.20079122788478931
1.581375,-0.2486438877935252,-0.08176785068267127
1.5815,-0.15664705324138242,-0.08417111759542138
1.581625,-0.16816371147067635,-0.20322197192867344
1.58175,-0.3455706353659338,-0.16980298467421573
1.581875,-0.6235839620460336,-0.061099763598782365
1.582,-0.6067825337232562,0.14418219238414112
1.582125,-0.35834347861761967,0.21217705276302146
1.58225,-0.15523345014932832,0.08330120482958915
1.582375,-0.45427031475026003,-0.06331864907592757
1.5825,-0.4228096556955599,-0.06879987455183365
1.582625,-0.3450204333702907,0.014011011274897796
1.58275,-0.17882664413089103,0.007106883653446909
1.582875,-0.060270276139002175,-0.10574865556839237
1.583,0.006666656793259662,-0.42256539513454916
1.583125,0.054144884252026515,-0.5737000683887273
1.58325,0.07792854659188687,-0.33639523477992994
1.583375,0.17945853071542425,-0.26327480059892705
1.5835,-0.005036749149395926,-0.13820845899756695
1.583625,-0.21217317860353654,-0.2866415975368872
1.58375,-0.05616979320825275,-0.23387757796522812
1.583875,-0.04793333249064853,-0.39784723875222044
1.584,0.20876024866365928,-0.2803328834945198
1.584125,0.4110862507423425,-0.03207187788475135
1.58425,0.3862954933015351,-0.020507246568824303
1.584375,0.35898766574567703,0.12295575326478021
1.5845,0.4839171682295226,0.1409981894743036
1.584625,0.7305012195759084,0.16350334516013382
1.58475,0.50303520117411,0.02045390644194406
1.584875,0.30227572391117963,-0.21244646408455506
1.585,0.05992256864067507,-0.13079556908298998
1.585125,-0.12336998388394224,0.1920838883739522
1.58525,0.15223689162768794,0.2506390257847955
1.585375,0.07466889472830818,0.33568552842717087
1.5855,-0.12914161097129337,0.4826056296695334
1.585625,-0.15259514582165842,0.24423037788712518
1.58575,0.08602850731441267,0.4149831346651646
1.585875,0.3389737718820006,0.4917569697986065
1.586,0.3427682706578397,0.4329349520044342
1.586125,0.19779691628973417,0.2657800343074384
1.58625,0.06816983169978676,-0.035158775548591446
1.586375,0.2086439818929605,-0.09090979683943581
1.5865,0.23837423607704253,0.0717282664472867
1.586625,0.24288462163097702,-0.07222399148506185
1.58675,-0.06767260539007326,0.0539250461198224
1.586875,0.0017444160809464663,-0.11448326164156215
1.587,-0.02401092286085896,0.12492380454294887
1.587125,0.17336706822846926,0.36255499449443923
1.58725,0.25246824287417974,0.2693286837631717
1.587375,0.10654061493701435,0.18031140854389474
1.5875,-0.3158707655476087,0.03633006355991666
1.587625,-0.3659752400078901,0.10709310952866662
1.58775,-0.2493408902898364,0.23936472626091207
1.587875,0.04061512095337413,0.2701749962694678
1.588,0.31308032913258865,0.06988208521845286
1.588125,0.354136837060845,-0.04731794823147383
1.58825,-0.10864292606775786,0.027345735758353397
1.588375,-0.18206416440269746,0.044815578614457514
1.5885,-0.2357816831997514,0.29178364847850774
1.588625,-0.1192079404889786,0.043087253214105926
1.58875,-0.09823730663000523,-0.10022632061345833
1.588875,0.030529676673913715,-0.35345355501581044
1.589,-0.20640913595381766,-0.2492848825256608
1.589125,-0.2389707358789771,0.10718492022548311
1.58925,-0.3912499963582271,0.1758417506746122
1.589375,-0.4401077578783091,0.20163942515105865
1.5895,-0.003849216732207674,0.05804836302618478
1.589625,0.003784343090479214,-0.37183456298113
1.58975,0.055316222665442255,-0.24564675791980617
1.589875,0.19844863011384198,-0.15005349264533535
1.59,0.14125615982371997,-0.1377317778850324
1.590125,-0.158144510288102,-0.1821441850058754
1.59025,-0.23553723682711408,-0.2184555957621953
1.590375,-0.4229484479716982,-0.22911891318234387
1.5905,-0.48767026146285797,-0.2519711912167478
1.590625,-0.5620639572740843,-0.36405691801965157
1.59075,-0.5003173916478135,-0.052946939641809646
1.590875,-0.2649988936516464,0.049226047479006316
1.591,0.11593116342645927,0.12386619595951151
1.591125,-0.010129028156064937,0.07290480939047907
1.59125,-0.08424358398725389,0.09690524228816923
1.591375,-0.21760017794365252,-0.1294421742730766
1.5915,-0.17605880028988258,-0.13520838228249427
1.591625,-0.2237029431391526,-0.32102859044255017
1.59175,-0.1627431046768866,-0.32707800093172573
1.591875,-0.19984908101149715,-0.5580172302979776
1.592,-0.0668338925983014,-0.35437584603408023
1.592125,0.03557005771649574,-0.2791698437857826
1.59225,0.39692010582425746,-0.07576895743171459
1.592375,0.5541275369129527,-0.00418134590386954
1.5925,0.39609973842710017,-0.02462774087322081
1.592625,0.27896267975296324,-0.13846418864551938
1.59275,0.1127362587348252,-0.09532983630845643
1.592875,0.001096732439253007,-0.043856854131574884
1.593,0.22039644797765215,-0.1234794234422483
1.593125,0.42098643440560635,-0.21647219956212463
1.59325,0.49290931672245475,-0.04018719898639862
1.593375,0.5347795601380066,0.1396469784030105
1.5935,0.6283692858734836,0.2025219621172165
1.593625,0.19354968549492305,0.28656292446759807
1.59375,-0.15211875978690026,0.45494512906415824
1.593875,0.009617040061673137,0.417768931262016
1.594,0.1886090465142269,0.04982714365574632
1.594125,0.07837267844638329,-0.014279055323762618
1.59425,0.008054786366394713,-0.010673488366232076
1.594375,-0.0748050460062095,0.30670319199162127
1.5945,-0.19084964651708494,0.5261636045195545
1.594625,-0.05623233376607001,0.5560530519364375
1.59475,0.03683834158622146,0.4943355055430281
1.594875,-0.10838067449181622,0.037520128997803485
1.595,0.12016638307465763,-0.003473997287780846
1.595125,0.09657729686741376,-0.13169901818592455
1.59525,0.33550495089527566,0.18965159896058012
1.595375,0.29998278968597164,0.1382546916748266
1.5955,0.17698875905935796,-0.1119186657643569
1.595625,0.16421423665205956,-0.10444776464716451
1.59575,0.20165397218828177,-0.01193639958002285
1.595875,0.2967470946015273,0.03273365290188336
1.596,0.07065625748346868,0.14180121269319654
1.596125,-0.10149289072100917,-0.13769674729944517
1.59625,-0.2637750962512148,0.11894279313025109
1.596375,-0.3261328289315956,0.26242944807399154
1.5965,-0.4042017780468689,0.45398877573939256
1.596625,-0.20164778207979533,0.21329945246039042
1.59675,0.04255065588387211,0.09886075807593037
1.596875,0.2803244375195687,0.15454552328504267
1.597,-0.06377808891127866,0.1391411410470146
1.597125,-0.34401647074901576,0.18457831976303637
1.59725,-0.3762860402340641,0.25993723902549704
1.597375,-0.4949289164139569,-0.11551245536303227
1.5975,-0.24340918741986592,-0.17681559359279975
1.597625,-0.22997584163816542,-0.32887071965184234
1.59775,-0.13646466895374404,-0.38196817340795197
1.597875,-0.49920433022354704,-0.2057939305363021
1.598,-0.47651285387054904,0.0813943606131214
1.598125,-0.34051475769950706,0.1391341617688077
1.59825,-0.06616460908408586,0.1039144039593479
1.598375,0.03916536266109604,-0.21691461104027696
1.5985,0.0401955688666228,-0.5065404195977645
1.598625,-0.09288442880717367,-0.44326058443505073
1.59875,-0.4944285185072933,-0.2108338838713705
1.598875,-0.12714742416777478,-0.04048635760901432
1.599,-0.10474477870818007,-0.058431168230764254
1.599125,0.2579921547991591,-0.33517784627252467
1.59925,0.4153566242907686,-0.29194018049236886
1.599375,0.33673423159396026,-0.1853220748876569
1.5995,-0.12188458541874439,-0.16581297380276563
1.599625,-0.37823991429186377,-0.033367366483925597
1.59975,-0.13579437553052515,0.051805449363566645
1.599875,0.08107133492883747,-0.21999399753385523
1.6,0.23678505680079695,-0.36399135258038917
1.600125,0.21709850068015787,-0.37462854958793673
1.60025,-0.10133041307496796,0.037053853485273965
1.600375,0.16040289073209435,0.279166733556584
1.6005,0.2130738386732982,0.39090178604765957
1.600625,0.057176483890478635,0.22391205863450064
1.60075,0.12611745039871533,-0.17553085118322437
1.600875,0.028612221568936325,-0.3008261334096165
1.601,0.3055128433583587,-0.1175721822157617
1.601125,0.5189322188096919,0.27056628511546876
1.60125,0.05513619969367555,0.23075230374520248
1.601375,0.09183863708919053,0.16685061943719778
1.6015,-0.0886171020032642,0.07095794841563315
1.601625,0.1529801758520851,0.019745882808951756
1.60175,0.043989445058732056,0.2669698416483724
1.601875,0.0719356889011731,0.15245095001678566
1.602,-0.04733911697783409,0.21759486903988637
1.602125,0.24506999141743194,0.11845874897556484
1.60225,0.12380416907069117,0.3114902811866224
1.602375,0.1561852259562106,0.29359728489706566
1.6025,-0.08515193105126906,0.1903886956736464
1.602625,-0.0593547584725851,-0.027086547968024528
1.60275,0.1491634875434043,-0.14606012846863514
1.602875,0.5332348610483645,0.051755062018407315
1.603,0.4930798357600271,0.09707264354236135
1.603125,0.21358761013910596,0.03029774059970652
1.60325,-0.042045588853630016,-0.043801382530612165
1.603375,0.12913412171069805,0.07233898867982294
1.6035,0.006720634147881596,0.18946058050695286
1.603625,0.0877754382981507,0.1082123575933682
1.60375,-0.06374985209471035,-0.1883561374213815
1.603875,-0.18097680912111042,-0.049461284619608865
1.604,-0.2494528710949733,0.26486538381509883
1.604125,-0.13430050905589772,0.3436808954242893
1.60425,0.016605192128810883,0.3033519536457957
1.604375,0.3853322497902162,0.10943691702850364
1.6045,0.3938244702067176,0.0041222696561332975
1.604625,0.22488144442824887,-0.012636967814338184
1.60475,0.026767615086904204,0.12068755767988282
1.604875,-0.08559989478428749,0.08303657424337772
1.605,0.17926900822128483,0.02607610975903672
1.605125,0.3603894207366195,-0.14323964402294337
1.60525,0.11547179496566383,-0.1195447281794042
1.605375,0.1538794652527842,-0.14984952645578975
1.6055,-0.10520775585073419,0.029232659745802483
1.605625,-0.04126482559357842,0.2171997681088122
1.60575,-0.2664428964328656,0.3576848147185392
1.605875,-0.4064103599289325,0.18829485109570526
1.606,-0.5991128629558806,-0.07501927270760966
1.606125,-0.39179609072894855,-0.056937460236989965
1.60625,-0.14848517226234353,-0.054556515074846317
1.606375,-0.07385840424284892,0.3805656008356748
1.6065,-0.16292854233842652,0.25445621825437476
1.606625,0.0025880218532149057,-0.09633509560889439
1.60675,-0.015518077230000048,-0.12724832257985458
1.606875,-0.260911271615331,-0.04619605963974975
1.607,-0.37600136252620164,-0.0097739415675437
1.607125,-0.6545569553505063,-0.5663395614196826
1.60725,-0.6127219180256093,-0.5286794293867662
1.607375,-0.3608589280061618,-0.3830374760703078
1.6075,-0.3545698691770717,-0.0837534522419767
1.607625,-0.3020746400821617,0.03836707722485956
1.60775,-0.2424095322861443,0.11980911577977242
1.607875,-0.009031343871288497,-0.06907316210758298
1.608,-0.1140087148346337,-0.09254817957023664
1.608125,-0.12315544006388458,-0.4056785450485966
1.60825,-0.03358259279558493,-0.5437084105307552
1.608375,-0.03951864124063034,-0.4613883446899253
1.6085,0.20440348376858036,-0.40141542889366016
1.608625,0.3936033361330137,-0.46617497733086766
1.60875,0.4784199254766413,-0.38832477442320246
1.608875,0.25292367618871686,-0.34472919438720007
1.609,0.19671176607656918,-0.04532657104414496
1.609125,0.31561352710009516,-0.10994592071627211
1.60925,0.25578284499551873,0.019120337953401158
1.609375,0.3144134692327506,0.1047321907037229
1.6095,0.3764034477409035,-0.01882884286249249
1.609625,0.3741398618109081,-0.08092625874816264
1.60975,0.5860605903345245,0.25291824389804757
1.609875,0.21065318911764414,0.26053251570597563
1.61,0.2186563687632804,0.34548434894722385
1.610125,0.01968075360077219,0.1890640447476638
1.61025,-0.015532998190650155,0.2738073001507433
1.610375,0.043337057989293326,0.24461528932547438
1.6105,-0.02272485751872495,0.3339244324456681
1.610625,0.3197128470807483,0.25768180293656034
1.61075,0.2696033644384159,0.40361874223109895
1.610875,0.31761479753429567,0.49481078098422826
1.611,-0.0700725244020389,0.5424268053536552
1.611125,-0.1410381396615527,0.2585001309774773
1.61125,-0.20292640439363688,0.13878396095412981
1.611375,-0.029759267794211088,0.04920780272069623
1.6115,-0.08591800115540825,-0.05740003213897131
1.611625,0.39092159666126886,-0.10305443505358736
1.61175,0.5124215655062929,0.10765961027620158
1.611875,0.49789445351527406,0.24694871211566127
1.612,0.15735986894304066,0.29919429192687985
1.612125,-0.32376195622513526,0.2310332316465978
1.61225,-0.5825467142322822,0.0313543090390165
1.612375,-0.21097964809658257,-0.16346329165236112
1.6125,-0.3216942983938179,-0.19901413429013698
1.612625,-0.0514880460367143,-0.06991231832028796
1.61275,0.08804599300255128,0.27452634271364895
1.612875,0.14188372290784113,0.33351612086768206
1.613,0.1492070807393608,0.6283444696193728
1.613125,-0.03321783173120696,0.488212071655624
1.61325,-0.14284734448750877,0.15984766360069305
1.613375,-0.3147943204634369,-0.21760823521795847
1.6135,-0.3178568608347197,-0.3667122498430252
1.613625,-0.3460555817321273,-0.315751046419061
1.61375,-0.15204311557605465,-0.19576719491981096
1.613875,0.049619763302332025,-0.017028629663689572
1.614,0.023548898717737323,0.15040984889838657
1.614125,-0.050195495245778314,0.23550442577700142
1.61425,-0.20711038099109064,0.10144986195580005
1.614375,-0.1255488377376249,-0.0057712831584224
1.6145,0.08071884108055671,-0.2555798308082299
1.614625,0.20638260313385637,-0.33538914317191415
1.61475,0.19313953535353195,-0.30488997284380814
1.614875,0.0017759176301702002,-0.37807094643323713
1.615,-0.219829709322951,-0.26469310110858485
1.615125,-0.531681713356912,-0.10720001311450574
1.61525,-0.31849691872111924,0.08466241940953642
1.615375,-0.415114973711597,-0.13110119383891664
1.6155,-0.30696814837818465,-0.2730827118227299
1.615625,-0.145601246493254,0.008867179236392223
1.61575,-0.14678864474166373,0.07916517501678719
1.615875,-0.2690516257168371,0.06295858064186477
1.616,-0.20485001711513987,0.22031010706630985
1.616125,0.057576062831041185,0.15576233850220175
1.61625,0.1304799646891397,-0.27291532401115776
1.616375,0.2218570343969051,-0.4369479007573185
1.6165,0.017566955898196675,-0.5275423351825786
1.616625,0.13898352051506208,-0.4224414762211324
1.61675,0.1019718869246558,-0.15910027625235063
1.616875,0.1018501481431719,-0.04538647257489544
1.617,-0.24793015192569662,-0.019166823440223038
1.617125,-0.4867703878371303,-0.3229338481807098
1.61725,-0.3411592057253686,-0.2782451784434887
1.617375,-0.07562548931284388,-0.008355248920734526
1.6175,0.18666126170802688,0.10227783931251812
1.617625,0.4739660256700756,0.07068422325325761
1.61775,0.33946419089360363,-0.08326453772061132
1.617875,0.33403097371665036,0.13116930957302653
1.618,0.1308601256272406,0.4447780903021093
1.618125,0.10718034340700308,0.010788619647359832
1.61825,0.06182848537737933,-0.209263925691664
1.618375,0.11887112063823668,-0.3072153997903039
1.6185,0.3009362082584179,-0.4319900510520749
1.618625,0.13241860237463426,-0.0004838623339250979
1.61875,0.04558584689829793,0.26558659426428977
1.618875,0.18882267435123712,0.2718659041287047
1.619,0.37426777235469993,0.34656006155563046
1.619125,0.3337604418161532,0.321966054758254
1.61925,0.3323920837191563,0.024041191262666385
1.619375,0.09248140666890581,-0.007531307437211713
1.6195,0.2350114361154293,0.17614099523968882
1.619625,0.26664345401260764,0.1856461033887695
1.61975,0.15922920813777197,0.1563046593520336
1.619875,-0.034968067614726164,0.1235710718200332
1.62,0.1397356910070987,0.14220261997719771
1.620125,0.2618364297376723,0.39473570694664284
1.62025,0.005826451595888106,0.356507036127343
1.620375,-0.04140302249912448,0.3049818127896446
1.6205,-0.11622605852819114,0.2782922896557092
1.620625,-0.03418721632722554,0.2638780648748279
1.62075,-0.018429869256199626,0.20553540089347597
1.620875,0.021271671040534245,0.21403157085833224
1.621,0.08991506436960983,0.17621523104105918
1.621125,0.09497513450104408,0.10599752810250405
1.62125,0.1819239652777499,0.13593030745139695
1.621375,-0.3159689346322451,0.1167764564224047
1.6215,-0.12411250563325722,0.09253996155979026
1.621625,-0.05257632448233559,0.08781074187597511
1.62175,-0.16361651792918736,0.013067533687112989
1.621875,-0.2391376507980834,-0.01029316273061063
1.622,-0.25890247880549055,0.05529610518615936
1.622125,-0.2012867169030997,-0.020514383390338304
1.62225,-0.023622285073736468,0.12156584118297267
1.622375,-0.04373170204495421,0.10677417945010544
1.6225,-0.06760251661005759,-0.00043230688485143266
1.622625,0.06311121347996332,-0.2806251572621744
1.62275,0.06203112110276487,-0.20508189587351378
1.622875,-0.2721006957620781,-0.28834466870197056
1.623,-0.23273810999719632,0.01005261469542409
1.623125,-0.15629073840221827,-0.046295551925730975
1.62325,-0.02517505542392478,-0.21368975518757674
1.623375,-0.05045502383570055,-0.2667692486478407
1.6235,-0.5005182208045315,-0.12300487571828916
1.623625,-0.5088883100023426,-0.2582456279589731
1.62375,-0.5359175731133791,0.03707167875485673
1.623875,-0.3024135200283227,0.0682599697820043
1.624,-0.16463005813884893,0.013668450116905147
1.624125,-0.32279033740780927,-0.18402616090842192
1.62425,-0.2932792592867482,-0.16509101448328076
1.624375,-0.045476716041993354,-0.16591741910723332
1.6245,0.07402252652534062,-0.023335382464156475
1.624625,0.009756386333523001,-0.15959006427608546
1.62475,-0.10019714688618896,-0.2554120581910127
1.624875,-0.0760496931438138,-0.487894355816776
1.625,-0.0815464235322661,-0.38940991148049703
1.625125,-0.11884946704841776,-0.18940964188437487
1.62525,-0.1037888300614107,-0.19336548693410868
1.625375,-0.1784084833048138,-0.34359143266203823
1.6255,0.06040010399280396,-0.21672250590089603
1.625625,0.5011448372136482,-0.0423962365958498
1.62575,0.6391939811704042,0.022314311563126264
1.625875,0.3718566505599699,0.1895667411309484
1.626,0.26360741341810356,-0.11068940111347099
1.626125,0.23197880341086244,-0.07566551673048429
1.62625,0.4001402563175026,0.011995079386904155
1.626375,0.08058474345020258,-0.05616418957008498
1.6265,0.05105203811242701,0.09104861303298546
1.626625,0.03186885762768842,-0.14386271949115115
1.62675,0.19588985300501624,0.16274813516234607
1.626875,0.34899526294633604,0.33235092752360273
1.627,0.2897360374004157,0.4401452285266348
1.627125,0.2642059071348481,0.19507848578147782
1.62725,0.045679892364850094,0.21670000811433823
1.627375,-0.1399809279151347,0.37699775758395504
1.6275,-0.0009150185143871047,0.3000552298024731
1.627625,-0.07619054300507824,0.08074172612218912
1.62775,-0.13137314323925822,-0.06273496139485658
1.627875,0.018918436048669603,0.08294369733628332
1.628,-0.10824029955761089,0.0800101564409982
1.628125,0.23620034400903314,0.1534098213372232
1.62825,0.41351417541625635,0.2189101717024511
1.628375,0.42465900708939575,0.3149334692962325
1.6285,0.17950734844796704,0.05843737071940961
1.628625,0.1034847956918448,0.008104933108105034
1.62875,0.1093028769549978,-0.13966390854562588
1.628875,0.2737521927557709,-0.1370613388188926
1.629,0.141285484630425,0.044403350545913364
1.629125,-0.033022203642879604,-0.06679182357964898
1.62925,-0.1635579198880983,0.03926712947703721
1.629375,-0.026525302147411316,0.3754352270898259
1.6295,-0.2086498717653835,0.471885076655294
1.629625,-0.13429147029405133,0.23353551065652264
1.62975,-0.07517651499670279,0.21282630737062846
1.629875,0.12598678094721444,0.12859197720279922
1.63,0.03591219171069841,0.07454361000169309
1.630125,0.15478226418420957,-0.044082162041506875
1.63025,-0.037959807271958454,0.04378179208941718
1.630375,-0.2934379307252704,-0.09546035830743768
1.6305,-0.24076166605176597,-0.0659053854092874
1.630625,-0.41946344664713786,-0.25346075964437276
1.63075,-0.1715504085801309,-0.14651854763178446
1.630875,-0.04306619059982089,-0.18010610460643378
1.631,0.06725619787442633,0.03310194342282098
1.631125,0.09021757640431609,0.19406240594138516
1.63125,-0.1222806693472297,0.22247675960895416
1.631375,-0.009335638456289295,0.1466669798893766
1.6315,-0.14225141467578908,0.052950687980435056
1.631625,-0.05950141758520465,-0.14526198454306444
1.63175,-0.14243383552870334,-0.24934052129394957
1.631875,-0.06794920729319329,-0.3811634242480995
1.632,-0.3332776649874724,-0.11222971471112861
1.632125,-0.41047305631173986,-0.06689229703120086
1.63225,-0.38779986684785606,0.06557972233987813
1.632375,-0.3844429839335185,0.04238937217751611
1.6325,-0.4252829270644733,-0.09184999273567632
1.632625,-0.3737281616364353,-0.14928337024229388
1.63275,-0.30168750440048436,-0.01091892511077039
1.632875,-0.34794426770150066,-0.050598872552145686
1.633,-0.3092668136337422,-0.11114767510007709
1.633125,-0.16444131775044465,-0.22739790289948408
1.63325,0.05790120149736134,-0.3986832026257519
1.633375,0.16603467503720784,-0.4115375820162962
1.6335,0.10232874805002982,-0.27633254298051896
1.633625,-0.09942295984789844,-0.3323387627164351
1.63375,-0.0005195234460837031,-0.4220660383836281
1.633875,-0.12293487932212617,-0.31217660617415205
1.634,0.12153797000292871,-0.3465616881205089
1.634125,0.28886315185519884,-0.22386693775496413
1.63425,0.42798250495749773,-0.2476677831403368
1.634375,0.39163022936921194,-0.18687510404532442
1.6345,0.5074348506729789,0.030801878813149677
1.634625,0.47448263003180435,0.09514597588561628
1.63475,0.40849997257773635,-0.020227924459348904
1.634875,0.586751300344157,-0.11162490636543104
1.635,0.7323539099758805,-0.15219239758924172
1.635125,0.26893073255947086,0.006886037326609894
1.63525,0.04239848698336121,-0.002060349428357636
1.635375,-0.1165900295413587,0.24767209708674234
1.6355,-0.01619607621455499,0.5187634931961984
1.635625,-0.15490183246363884,0.4551657212574556
1.63575,-0.1555059944339014,0.502532058592141
1.635875,-0.23758580231657733,0.46750842190779707
1.636,0.19383038550595139,0.5131173743793525
1.636125,0.3002760296174114,0.6972385254115031
1.63625,0.28918571264866977,0.4352395799051058
1.636375,0.43828408428712423,0.30104870497740166
1.6365,0.15342674163036704,-0.06697915133106343
1.636625,0.059670037597816195,-0.24854925218717797
1.63675,-0.028900549141381213,0.03083691838905747
1.636875,-0.06312877427627271,-0.14145717655693352
1.637,-0.0009596618691401261,-0.09257171464948502
1.637125,0.07170721822205231,-0.024316746633432692
1.63725,-0.07751219943439744,0.1155720833156861
1.637375,-0.1147766537695662,0.2278967010234148
1.6375,0.1022598984231128,0.44868333790764614
1.637625,0.20972684217453283,0.23988226250180864
1.63775,0.22872185279001514,0.2881926130692149
1.637875,-0.16940961782276817,0.09737274287137236
1.638,-0.20162739356607795,0.06808971586583246
1.638125,-0.1713490931491842,0.07160735068727878
1.63825,0.01275983022889129,-0.016642139376850437
1.638375,0.009543970223271638,-0.012206129470764751
1.6385,-0.04689030334236571,0.04794546061254866
1.638625,-0.1637349569920557,-0.1547430009835199
1.63875,-0.3914873798660512,0.1904068123492909
1.638875,-0.4297175317258937,0.1668426343292525
1.639,-0.19606237433659443,0.07945193198054415
1.639125,0.006104600135484154,-0.015775970161277665
1.63925,0.46519115199078226,-0.32758513719693205
1.639375,0.14967538312491227,-0.26120248535590895
1.6395,-0.20486319222868202,0.11573689508980504
1.639625,-0.2530876820697504,0.02532884713419118
1.63975,-0.5689158934238382,-0.047516187672308
1.639875,-0.2885237517001006,0.09695690162942414
1.64,-0.2216666709549585,-0.27433043598158074
1.640125,-0.15651255464510203,-0.37212375520752067
1.64025,-0.03818309598173956,-0.24962625576567282
1.640375,-0.04015403184244236,-0.06819599524287089
1.6405,-0.11029969581524153,0.32917695868353253
1.640625,-0.42553329126891537,0.09209235241197113
1.64075,-0.5998323378677365,-0.16947072687199155
1.640875,-0.4328357039261392,-0.40698548088497527
1.641,-0.21716358885152182,-0.27991542480867393
1.641125,0.04487068399044072,-0.35763562525357256
1.64125,-0.06467794096154948,-0.22021156712486104
1.641375,-0.21341429379031043,-0.11804761102342615
1.6415,-0.28355016294518554,0.08052316400135186
1.641625,-0.1378692254463734,0.08513911984005373
1.64175,-0.026482951964855964,-0.0682594656538852
1.641875,0.10837138284363852,-0.5041896970619434
1.642,0.07389184631097519,-0.500963130797983
1.642125,0.059002421225153305,-0.5284327167086466
1.64225,0.23337151432799785,-0.12115747496220634
1.642375,0.6103353093306986,-0.041164532811525774
1.6425,0.6376323028659316,-0.08198099813448269
1.642625,0.32148002242559365,-0.20710035866831433
1.64275,0.08893310005767217,-0.1558694818995214
1.642875,0.06353524936598963,-0.09338931572492802
1.643,0.5649263429864398,0.14624770845756827
1.643125,0.42948224942512414,0.03616299476707882
1.64325,0.40779403064530734,0.10051148464891733
1.643375,0.05677437777531229,0.05129676515579657
1.6435,0.04751309473863028,0.20809260643125527
1.643625,0.4113140858861228,0.45780390011785743
1.64375,0.4247612594398668,0.5983213669185286
1.643875,0.24073962617568936,0.19355555394291543
1.644,0.14118270822057113,0.16328936035131944
1.644125,-0.07693987106297351,0.10256856834794523
1.64425,-0.24178048131395344,0.38586233561663197
1.644375,-0.2453151994284397,0.5584293276190355
1.6445,-0.035926712928628264,0.26538154551083154
1.644625,0.08373929342599978,0.10821319850581072
1.64475,0.1117905087180378,0.3118416236895245
1.644875,-0.0804010029054475,0.2771754790364142
1.645,-0.14406214767667067,0.45420981608576155
1.645125,-0.09305263643198378,0.3913846355329226
1.64525,0.0556677855445343,0.1734058577237834
1.645375,0.32827825604363725,-0.056993184449530235
1.6455,0.21864321032885448,-0.143775577054451
1.645625,0.09501058757791377,-0.23220413508383686
1.64575,0.029811547645564873,-0.11331465242070395
1.645875,0.028067579861309606,0.11875439868483523
1.646,0.10950784322711528,0.20661872257103994
1.646125,0.04628385215029727,-0.06148523873951596
1.64625,-0.11505727718829731,-0.2421840595166365
1.646375,-0.16959777934440684,-0.2166306740548459
1.6465,-0.12947963028631687,0.007208544446083696
1.646625,0.004392371424151687,0.17871424336086308
1.64675,0.02545961695681635,0.22625906024184197
1.646875,-0.04973930620896099,0.1045792872940187
1.647,-0.26706346354042104,0.21158454111550543
1.647125,-0.15667044802134505,-0.043698483318673854
1.64725,-0.20921474805638146,0.0317978086934511
1.647375,-0.03723372623234639,0.13721765494113256
1.6475,-0.00014484152362766495,-0.1074085403207737
1.647625,0.17688515017893705,-0.18965661544981746
1.64775,0.17492403987660302,-0.03383523771952522
1.647875,0.19690124454085176,0.12511159400419128
1.648,0.16329660653220898,-0.04524196921833685
1.648125,-0.11558451108804688,-0.08870133778773306
1.64825,-0.2509334432925899,-0.1034353706006871
1.648375,-0.20866489948123848,-0.242520933951119
1.6485,-0.40609329227652047,-0.17039341697714366
1.648625,-0.23647450651590182,-0.16473713340322058
1.64875,-0.362113308359329,-0.018458252481444375
1.648875,-0.1600962062998081,0.13494852032910903
1.649,0.04528429812802289,0.24729613493699562
1.649125,-0.029966103013357556,0.19338627109370612
1.64925,-0.13001705732721733,0.18356935789164164
1.649375,-0.16717146248966988,-0.08319586449483467
1.6495,-0.32507196085360046,-0.3027422669762545
1.649625,-0.41500629536664824,-0.41768221295097563
1.64975,-0.557027805246841,-0.22293813107790272
1.649875,-0.5823811328106979,-0.25842775431376425
1.65,-0.2206770457170959,-0.4074493581122286
1.650125,0.008029785163051603,-0.2446029320642358
1.65025,0.1468349961195845,0.062261111887136414
1.650375,0.3426141827976615,-0.05034686003033347
1.6505,0.29340549183067494,-0.29008867036352703
1.650625,0.5497830326079712,-0.11797050981576385
1.65075,0.4441537596723064,-0.3678201374642918
1.650875,0.3589442940274954,-0.36087092130836196
1.651,0.41529278833963906,-0.4798367464863817
1.651125,0.4613594196508485,-0.538252030129176
1.65125,0.3194970188039616,-0.056502426073545296
1.651375,0.11725339363976818,-0.04995590352175664
1.6515,-0.14921645671044775,0.17299012318116772
1.651625,0.20592413505339432,0.1644840290350259
1.65175,0.2252491848923651,0.31077232424564827
1.651875,0.34521362776043724,0.3909263876659647
1.652,0.29981950785572054,0.3378419568236396
1.652125,0.1485491221141402,0.37834245769968966
1.65225,-0.059783844591161914,0.19572696595262268
1.652375,-0.09610512273810261,0.3169227603606156
1.6525,-0.046475624812271896,0.2684233750857474
1.652625,0.3121964018705844,0.08793708236713516
1.65275,0.22635048346282943,-0.03819042508915102
1.652875,0.2701071356931958,0.038553187408814193
1.653,0.2137289256235506,0.3277303852555996
1.653125,0.12156349199239115,0.38511624833026065
1.65325,0.004365691670294086,0.3789134782378452
1.653375,0.05145380406861061,0.20177371414894807
1.6535,-0.05337638854628958,-0.27991666026978945
1.653625,-0.0775348808617644,-0.09097364784701009
1.65375,0.062826584537721,-0.034322090263547246
1.653875,0.005156088465186437,0.19712202059523184
1.654,-0.1655418273684048,0.21043259429267763
1.654125,-0.2293449784693812,0.3370194800137537
1.65425,-0.20702099098398904,0.13998517978177769
1.654375,-0.24160883373160646,0.053279559065398115
1.6545,0.14467595597028418,0.1336374727857495
1.654625,0.24430991724025636,-0.04890499509964695
1.65475,0.19652302919872983,-0.14423011533287608
1.654875,0.10407708731211275,-0.013384463117604354
1.655,0.04847253275438037,0.15920720439431166
1.655125,0.15464666407654548,0.004279647807879765
1.65525,0.10396566513833223,-0.06852844232603279
1.655375,-0.19498284149331507,-0.19155908453108011
1.6555,-0.39138107340781797,-0.16269112927020082
1.655625,-0.41036236804145393,-0.02091362981868311
1.65575,-0.08187730138038894,0.0868659014844302
1.655875,0.3795762851739683,0.23176409825176103
1.656,0.11474114698728978,0.17474569719262978
1.656125,-0.09620052357126065,-0.0610734409123588
1.65625,-0.13564060209392773,-0.09391246776236707
1.656375,-0.12202515270641824,-0.005897079632234821
1.6565,-0.11392034669579748,0.06551241478060983
1.656625,-0.34965187032838885,-0.10206288454218945
1.65675,-0.492113367875034,-0.40497109612960475
1.656875,-0.4994722346843536,-0.3290190700544546
1.657,-0.3248499512665892,-0.012542267942866938
1.657125,-0.16613693506110305,0.1198661020056293
1.65725,-0.26747192086012855,0.1931531664254026
1.657375,-0.2627976680671492,-0.03849855694456317
1.6575,-0.35146599326596145,-0.18361160095093912
1.657625,-0.451724400796917,-0.043033123417407816
1.65775,-0.3663091128388359,-0.19921611732999675
1.657875,-0.43159404576798527,-0.3234812438702992
1.658,-0.34489079246809423,-0.49362521220345024
1.658125,-0.17379195796854827,-0.5527749708582279
1.65825,0.25605073270270523,-0.4042663949728094
1.658375,0.2624462662253802,-0.35173000219748457
1.6585,0.0547347686286296,-0.0591884223573529
1.658625,-0.13839320689830964,-0.25270469619660346
1.65875,-0.14458449997605155,-0.3756557830123877
1.658875,0.08118609047232112,-0.3788294255651029
1.659,0.3894822433405806,-0.2965583167038962
1.659125,0.37795261660333257,-0.23522710378542622
1.65925,0.13657367463862793,-0.32903782786503655
1.659375,0.3487562075618121,-0.02492115356691542
1.6595,0.636935888942801,0.07055708244022928
1.659625,0.4897395675179996,0.34123836276985015
1.65975,0.2673949212136921,0.09182666088642828
1.659875,0.1822415300457335,-0.2177488736262228
1.66,0.2304077355013542,-0.08609489536296594
1.660125,0.4089094171590027,0.13863878030052568
1.66025,0.1351968143783535,0.31103703900316304
1.660375,-0.016921175028462198,0.35205472583845204
1.6605,-0.07574311907640403,0.364991869939467
1.660625,0.21920889307623667,0.4013993524905302
1.66075,0.5102137010644865,0.48804614091859716
1.660875,0.3886134049319917,0.5541450216100889
1.661,0.09431199927860068,0.1877018055224294
1.661125,-0.200957905863695,0.14009215383481705
1.66125,-0.12927838905361017,0.09164929062177625
1.661375,-0.0550547955446967,0.30376019275635946
1.6615,0.056596987714986426,0.114724449752342
1.661625,0.2298147286006865,0.07381894823880014
1.66175,0.2919489035228943,-0.02883518693034824
1.661875,0.290056578659139,0.2139629677669184
1.662,0.23506114365642447,0.45130866897023775
1.662125,0.09852829353589873,0.42215697365820304
1.66225,-0.008988297385339466,0.0543266229208192
1.662375,-0.13116409655297198,-0.3329638266447333
1.6625,0.12156310447769485,-0.07317295624311766
1.662625,0.23166599142965424,0.017182585198866514
1.66275,0.2454525421050624,0.0067012962611815025
1.662875,0.02029677569256804,0.22172255598410937
1.663,0.006408873266160801,0.09578774038594602
1.663125,0.042139995912752345,0.16986900439384087
1.66325,-0.03311274784724083,0.05506398157993081
1.663375,-0.4071386294879245,0.06607267674891375
1.6635,-0.3808549060291496,-0.16000722313365953
1.663625,-0.46368012119491275,-0.0935010481800327
1.66375,-0.185264396466928,-0.010123940472588024
1.663875,-0.14631865347610848,0.07498829174208738
1.664,-0.14239720024434177,0.13229710526039565
1.664125,-0.07238725402429354,0.12179052707118992
1.66425,0.08041486388051908,-0.13389342578829688
1.664375,0.06460224186358272,-0.09411531545392722
1.6645,-0.05340171379744845,-0.16697777386578852
1.664625,0.1238047598173299,-0.14001790826764604
1.66475,0.18464468659534802,-0.4234482047113384
1.664875,0.016283949991328813,-0.29389941122389596
1.665,-0.22322037638764375,-0.35983624288644755
1.665125,-0.24677914895691921,-0.1300750058251319
1.66525,-0.5618306020481374,-0.09367669239462877
1.665375,-0.34886097792871557,-0.18114733512760725
1.6655,-0.1352809548702583,-0.028783848618400408
1.665625,0.029721162340032505,-0.04534350246573411
1.66575,-0.08960702594753533,-0.0015034075837215002
1.665875,-0.14157135831465095,0.10109192558633878
1.666,-0.44347021126366853,0.058576199596183806
1.666125,-0.3037524486551494,0.18682200521827622
1.66625,-0.22585336286754273,-0.12199448289905503
1.666375,-0.0646398835342071,-0.2780944874271289
1.6665,-0.026579385705935914,-0.4209047453784485
1.666625,-0.09464828370647715,-0.40455398733175896
1.66675,-0.28369682472089436,-0.1884713176803464
1.666875,-0.22036252702102738,0.01622661378071407
1.667,-0.13060789138910006,-0.08731243215536802
1.667125,-0.15122993564727874,-0.2119683438151513
1.66725,-0.08040537902388674,-0.28632249407809096
1.667375,0.3351636112841191,-0.31352809616247573
1.6675,0.4603903174803019,-0.20482460416939077
1.667625,0.730568718064792,0.017063289490210343
1.66775,0.41100392626328586,0.08792011547986446
1.667875,0.04157471938915385,-0.17022078494918902
1.668,0.012865769661921976,-0.30360505644705943
1.668125,0.24595605347898872,-0.28568905419175705
1.66825,0.34192839115873036,-0.12615964994147325
1.668375,0.3269370204186937,-0.04411334717491513
1.6685,0.3394499722270066,0.0867054540266431
1.668625,-0.18208514872436612,0.38446545165998286
1.66875,-0.1524188993755393,0.488238321204364
1.668875,0.057592231265109047,0.5965655659815825
1.669,0.2570474826984725,0.3127981458843474
1.669125,0.2867779844378744,0.023346333777374606
1.66925,0.40266170968546805,0.030970336894697557
1.669375,0.05089183639153035,0.21697039174364816
1.6695,-0.19962545467716977,0.5486804029767685
1.669625,-0.2803557452766413,0.36786531784872173
1.66975,0.14005063804454815,0.21754850148711216
1.669875,0.41257997502059324,-0.08060510577168933
1.67,0.7536335923179409,-0.1728601981052288
1.670125,0.6836575270528678,-0.02381586380539186
1.67025,0.07651231084172197,0.32861732329538873
1.670375,0.04401874703915548,0.3606154994321228
1.6705,0.3185656411153505,0.37442228412228096
1.670625,0.2629655620746577,-0.06476077959884448
1.67075,0.38999993783800363,-0.07741830079272068
1.670875,-0.04423100245383293,-0.22782088967913056
1.671,-0.016951768081811473,-0.006564350540495668
1.671125,-0.26491081135890143,0.49550579996000305
1.67125,-0.496658708349787,0.532895721538628
1.671375,-0.5473470003659724,0.5070657188160422
1.6715,-0.3593843062610721,0.23104729177435868
1.671625,-0.2725665639478236,-0.04981764711049067
1.67175,-0.05051786886578256,0.1392832925134719
1.671875,-0.2726134357853063,0.11144223150008285
1.672,-0.3930227888740089,0.2662324438546696
1.672125,-0.12816089818955093,0.12946682305937773
1.67225,-0.18631778132058546,0.0661191885037932
1.672375,0.04028541137242144,-0.32202322001022066
1.6725,-0.21071316437169055,-0.49097060242026835
1.672625,-0.17840348644195797,-0.33956824124478674
1.67275,-0.11240441990137741,-0.20955329279055573
1.672875,0.09690457528567642,-0.19609024109487205
1.673,0.17287772723353081,-0.20871629213093407
1.673125,-0.13577034680967628,-0.2922651483073636
1.67325,-0.26616614922922927,-0.38662619478261084
1.673375,-0.09743652562808336,-0.26747351642110684
1.6735,-0.04548852979410986,-0.038494877631024244
1.673625,0.1648223356741884,0.022872877396215185
1.67375,-0.14003162704675837,-0.1651241997251618
1.673875,-0.17828107616511313,-0.21753866267766842
1.674,-0.18279787999421201,0.040311391838840374
1.674125,-0.2987717139471319,0.11084216754374784
1.67425,-0.44604809433968595,0.22070701868657902
1.674375,-0.3611736145919864,0.02425270202197186
1.6745,-0.4756728985056642,-0.22656860070981139
1.674625,-0.30919629121964776,-0.21954919290027414
1.67475,-0.32612590188276175,0.10712248655767481
1.674875,-0.2408835289920647,-0.12536363771140516
1.675,0.09049322873952785,-0.0849652524021827
1.675125,0.18236870176242434,-0.268577107559477
1.67525,0.12559557361662094,-0.1669017045144629
1.675375,0.18829682291185573,-0.2184605710474818
1.6755,0.33991763719222706,-0.26219596102457304
1.675625,0.45456464841123617,-0.35992560603128093
1.67575,0.671274460413859,-0.31504822519340075
1.675875,0.7476755999415031,-0.41358459970026373
1.676,0.41902332393912045,-0.4346573292231026
1.676125,0.15453225940273846,-0.14324987735418704
1.67625,-0.06965002172729035,0.0661338229962903
1.676375,-0.24468095169420748,0.2115008192094545
1.6765,0.06042502937193533,0.10401857071944022
1.676625,-0.017114556084623513,0.10240136844035395
1.67675,0.14114660369669293,0.16539462196332202
1.676875,0.1346132510856619,0.357205704400475
1.677,0.006147801443880826,0.6020763151720511
1.677125,0.1329072882131939,0.6466778235687599
1.67725,0.18140204441067662,0.33743276500829306
1.677375,0.026664020448811578,0.0555321015152566
1.6775,0.07693254277719636,-0.0952410591446501
1.677625,0.21097833777541508,-0.11510997891079772
1.67775,0.16456873527813498,0.09410442755400546
1.677875,0.1626985372649376,0.11122867276137338
1.678,0.1632978559999124,0.141860566234829
1.678125,0.07337243733840428,0.2209656776216526
1.67825,-0.008097863417201381,0.3028877567863454
1.678375,0.14908626898317917,0.010939765135089558
1.6785,0.17256826350120602,0.09545621825152793
1.678625,0.2780893142062691,0.048124639442593105
1.67875,-0.12874497439313023,0.10135188256978057
1.678875,-0.14020181078373467,0.20537371181405498
1.679,0.0866733644536865,0.23956866881135702
1.679125,0.18776085025827416,0.02686973194655355
1.67925,0.21889690252224214,0.03191958480756353
1.679375,0.09245505923122169,0.015274379614240451
1.6795,-0.03014746523434829,0.08153814776168795
1.679625,0.00027739344875357165,0.17792247938561145
1.67975,-0.02743596723847858,0.26271785840121686
1.679875,-0.05331097179286472,0.10143019594876758
1.68,-0.41576002594447425,0.036006419801044805
1.680125,-0.2887683780010464,-0.11268630594231492
1.68025,-0.11732733298852442,-0.09432160794760104
1.680375,-0.18438393619866197,0.08171649201327388
1.6805,-0.3028902802683912,0.07412661687404107
1.680625,-0.46847541147788635,0.1390309186027139
1.68075,-0.09519316150662058,0.10091812597713541
1.680875,-0.03579789122946245,0.22168701767163795
1.681,-0.052492675541114364,0.04153197869960295
1.681125,-0.3639373203054444,-0.1562105226345496
1.68125,-0.18405117015852906,-0.18746787573929044
1.681375,-0.2008351271206216,-0.20301632506844922
1.6815,-0.2680751996797877,-0.13757616130690667
1.681625,-0.2722628142268047,-0.13726810203992174
1.68175,-0.4216240793387236,-0.28960751786118194
1.681875,-0.21800403313086794,-0.25604317600762244
1.682,-0.03530164301600561,-0.2156432331755528
1.682125,0.08197671934009845,-0.041174627487005434
1.68225,-0.07627360557936348,-0.14766695803475158
1.682375,-0.012894332049374768,-0.005156070720218624
1.6825,0.09796699297195524,-0.22503658052785355
1.682625,0.2925833526479823,-0.2508424287680157
1.68275,0.14420796639822112,-0.29660421247063673
1.682875,-0.1974811745509347,-0.40569545403230156
1.683,-0.339259033895256,-0.2868518514568414
1.683125,-0.26118635348611224,-0.3387380226227871
1.68325,-0.11850221818943563,-0.24204606017716582
1.683375,-0.1488771665986221,-0.2090355340819227
1.6835,-0.03292565731078515,-0.055764841908368425
1.683625,0.12609655722809224,-0.02088943285604878
1.68375,0.194733797901869,0.12180244816739808
1.683875,0.0101867432925938,0.20921099876918212
1.684,-0.0637007822388659,0.13883268975901655
1.684125,0.26996729339114195,-0.15742085753612098
1.68425,0.3584102184793638,-0.4112321513699379
1.684375,0.21399436661425564,-0.1819793371361491
1.6845,0.017272975220015325,-0.0956231596171204
1.684625,0.2725573310111227,-0.189712131935816
1.68475,0.49866565264200563,-0.17918922642181007
1.684875,0.5259986012266081,0.11749875417191864
1.685,0.23878233631102483,0.10501591640663416
1.685125,0.02183414146634173,0.07718804920372108
1.68525,0.13716338372768858,0.17254571444538924
1.685375,0.10908966394442356,0.32366148372056325
1.6855,-0.1660125486560312,0.3463458461556837
1.685625,-0.23802776998368888,0.24580073713712064
1.68575,-0.08190869552771839,0.23334794989232469
1.685875,0.01977512188158126,0.23858357382933573
1.686,-0.04296251422188463,0.41833049171272085
1.686125,0.12993681529555923,0.5101875460778165
1.68625,0.27470828192430363,0.14060682457591914
1.686375,0.5252379646976493,0.010070377437454045
1.6865,0.6735122444090866,0.07175635532083152
1.686625,0.4398902098852619,0.07885436849274816
1.68675,-0.10343359724745048,-0.032960744167904975
1.686875,-0.2146579356816883,-0.12673907788197955
1.687,0.025424114218093204,-0.07375507089656315
1.687125,0.17153633763182485,0.14488323877270956
1.68725,0.27617141185433325,0.03606583130337807
1.687375,0.02661072497009673,-0.052855152949287165
1.6875,-0.15042365528886723,0.16709443913088565
1.687625,0.057809359319332225,0.488703526566783
1.68775,0.09635270439671811,0.5454702195042661
1.687875,-0.14396488504470117,0.24162412524598892
1.688,-0.035328233129114164,0.0046259029207163975
1.688125,-0.08341825226048732,-0.1715940645492128
1.68825,0.0106823280668315,0.0017930909224404153
1.688375,0.09569558753679608,0.0850648675962734
1.6885,-0.017036548491134437,0.07679182911537571
1.688625,-0.18641566182076216,-0.06706706898809642
1.68875,-0.4151597778148843,-0.016592150629706124
1.688875,-0.25329563517617537,-0.09795032878525257
1.689,-0.37120867373604416,-0.0988310670538289
1.689125,-0.22330592198782426,-0.01569647123295262
1.68925,0.04226017516659927,-0.20034238545538346
1.689375,0.0859502889756279,-0.03243364787996445
1.6895,0.19001026009015862,0.07155079768658747
1.689625,0.1407823548494899,0.0574531929942009
1.68975,0.12247044208208943,-0.005315258162209747
1.689875,0.03343507968406912,-0.14027776248542423
1.69,-0.07502747651190197,-0.34521362521281634
1.690125,-0.24570679337193482,-0.4546976319767573
1.69025,-0.46279958204071386,-0.3204061629026853
1.690375,-0.3705017788981736,-0.1986786009564229
1.6905,-0.2517272296516951,0.000430549544644558
1.690625,-0.15079529419085072,0.11032605475251864
1.69075,-0.20117206235167798,0.0938268351377759
1.690875,-0.3904280649883423,0.22473544327467732
1.691,-0.36391983505775893,0.09000521252499473
1.691125,-0.48799663073736227,0.1580543803131537
1.69125,-0.48488398065024374,-0.1653043228915889
1.691375,-0.3326624150571072,-0.2306983870582839
1.6915,-0.10119926518317499,-0.16024649667933744
1.691625,-0.03385666001804826,-0.39130228143201834
1.69175,-0.14259936847439098,-0.25936051108476216
1.691875,0.010027841878254269,-0.18687145031292862
1.692,0.015428857268758159,-0.10637673530631983
1.692125,0.3682664458001431,-0.2879732337632835
1.69225,0.6542274132119639,-0.42201747766352676
1.692375,0.6983485509072628,-0.3535307815190838
1.6925,0.4850656151185726,-0.23488002501241292
1.692625,0.3429767999349927,-0.3272268824906236
1.69275,0.14092590389668555,-0.07514896833024848
1.692875,0.08535687048898087,-0.13476212086994063
1.693,0.2762871388295972,-0.147936450283331
1.693125,0.426671693256736,-0.09465437124581831
1.69325,0.6031446779658967,0.008631361278933105
1.693375,0.35687799017884186,0.3811647479222843
1.6935,0.22255988266844096,0.5751984045675207
1.693625,0.415172163540681,0.5802886903656848
1.69375,0.04176531135733196,0.5681431059102269
1.693875,-0.057383025625709246,0.34926780672988766
1.694,-0.32012790141169345,0.2628025289039144
1.694125,-0.23882769654193067,0.07972976028706097
1.69425,0.17047320519924267,0.21515533301897732
1.694375,0.38065999816743157,0.323331070421767
1.6945,0.24434173125790112,0.40142403707359503
1.694625,2.90515884842303e-05,0.2874538384660942
1.69475,-0.0672627863170722,0.3101332348591136
1.694875,-0.07701774762601099,0.2117563669162996
1.695,0.020499377883715635,-0.010655492747516256
1.695125,0.03550127916359468,-0.011128047095873029
1.69525,0.06823877317712292,-0.3498723750014288
1.695375,0.282167605903598,-0.37195651297049026
1.6955,0.3361362670890945,-0.039486240954004104
1.695625,0.06807167037913618,0.37315028537849715
1.69575,-0.28335008207705414,0.15969460495089105
1.695875,-0.22223584523312687,-0.0260495938239082
1.696,0.0037837590627768465,-0.0608484165116734
1.696125,0.15124896715147254,-0.10442379657960188
1.69625,0.0346619657366011,0.15715242142338465
1.696375,-0.5033540652514283,-0.06217779171200578
1.6965,-0.27987810874675195,0.08360896718186432
1.696625,-0.10476656311505823,0.054887474177367994
1.69675,-0.003834605285618899,0.31497155387773695
1.696875,-0.0004839267908715744,0.09247856321785844
1.697,-0.044687091238033744,-0.20941138498078363
1.697125,-0.1672057529633778,-0.1700166966135074
1.69725,-0.10986136808198303,-0.06751654134447185
1.697375,-0.016540051408445684,0.2842111497904301
1.6975,0.010933341814801345,-0.004603143753813885
1.697625,0.2632675962258685,-0.39240859070365575
1.69775,-0.17970274225658506,-0.27054729160899565
1.697875,-0.2033259999441955,-0.09538900255953557
1.698,-0.2902002307026991,0.02127907222140072
1.698125,-0.061249459175048294,-0.016745989120207416
1.69825,-0.2568267663001416,-0.21400357396918496
1.698375,-0.1988180455126439,-0.10053636741322323
1.6985,-0.21639056036734747,-0.1863488007190133
1.698625,-0.28124037616413683,-0.21247715488981628
1.69875,-0.3905903040523601,0.19449892741670768
1.698875,-0.7514688150703795,0.019000266097619446
1.699,-0.5748151889597513,0.03129060046678209
1.699125,-0.3781811396437191,-0.06809378179441038
1.69925,-0.13760997679422834,-0.1279292598516925
1.699375,-0.07752747293858173,-0.06338977175526711
1.6995,-0.07132327788718765,-0.21274569024650594
1.699625,-0.15259531076033378,-0.3262030686830219
1.69975,-0.2211043207112509,-0.20484018914707772
1.699875,-0.022233377858499624,-0.1818518295169473
1.7,-0.015791309139889072,-0.44118340330171607
1.700125,0.013100135789074688,-0.6030176772981973
1.70025,0.11554280706614216,-0.5742978934900622
1.700375,0.2017846904055418,-0.21241581432021914
1.7005,0.4972905362946785,-0.16626388320398514
1.700625,0.5280534661931481,-0.15184885437348547
1.70075,0.8658905590808188,0.016295294994221724
1.700875,0.7320689003205781,-0.05082871533342232
1.701,0.6608374899425913,-0.11619674144214076
1.701125,0.3342735972955436,0.0259473412058504
1.70125,0.091714530964471,0.031803339123810205
1.701375,-0.1337133152739755,-0.013730420955499919
1.7015,-0.36711212944309923,0.009415246399107522
1.701625,-0.239746852119266,0.257342541809706
1.70175,0.014999728002612404,0.5336483999526305
1.701875,0.3497406544909757,0.5984693435554527
1.702,0.11101760925325624,0.6796829378000162
1.702125,-0.22127040738656936,0.6164005708048659
1.70225,-0.06229074987665706,0.5724862072015564
1.702375,0.0925077261378543,0.3710132580653411
1.7025,0.041475744650287104,0.1639125233181106
1.702625,-0.029846276132966008,-0.11095141533541784
1.70275,-0.25019562884751606,-0.20710854985647453
1.702875,-0.024174056347868157,-0.1310105564518476
1.703,0.5290099405927813,0.1420585406791923
1.703125,0.46289591106361144,-0.015905629110354175
1.70325,0.5437633105395052,0.07614649314430763
1.703375,0.09195077834698649,-0.17101452724025198
1.7035,0.060519638547315735,-0.08191330900646654
1.703625,0.012005963617218958,0.24808203452977948
1.70375,0.2630616889388875,0.18918067920285042
1.703875,-0.013292987892772248,0.0867165788268017
1.704,-0.14184069687780132,-0.3619114486496009
1.704125,0.05612408479605894,-0.0599455479303414
1.70425,0.03729027888107033,0.3313768186584576
1.704375,0.15251023214689763,0.6898006738956088
1.7045,-0.078507822643168,0.34493295972401644
1.704625,-0.36092273970409594,0.11611986991076341
1.70475,-0.3030211075055359,0.062438363363242426
1.704875,-0.2988691441532755,0.10697897513577577
1.705,0.23746916664734016,0.03963290333297709
1.705125,0.07712041523010006,-0.030134088579267648
1.70525,-0.19163500036521852,-0.20844364517205485
1.705375,-0.5585995456194975,-0.10607727635643417
1.7055,-0.3429405855808656,0.11375549724014844
1.705625,-0.06959475403982468,0.27473778680945915
1.70575,-0.019691486326895956,0.08663585792802733
1.705875,0.062006922350302626,-0.4317595321123428
1.706,-0.16425118262138438,-0.25173033769008546
1.706125,-0.174191897285981,-0.2411686517497509
1.70625,-0.023222649338312033,0.08469157889641046
1.706375,0.17266658394764736,0.04390281364619509
1.7065,0.13360010655293286,-0.05553805708473127
1.706625,-0.22270470621230082,-0.5364909971524244
1.70675,-0.28531158639361703,-0.3528012531983669
1.706875,-0.15325945092175755,-0.11151416189112352
1.707,-0.28756160416261417,0.02291078385254882
1.707125,-0.4731621208714743,0.07311768453920252
1.70725,-0.6463232481385253,0.025269714563422693
1.707375,-0.6175718484885835,-0.18710549867623255
1.7075,-0.46506974590997924,0.14909544754531537
1.707625,-0.2799003946243198,0.11481796114260538
1.70775,-0.11241972768888644,0.0369895770352339
1.707875,-0.20264539119135674,-0.1578858156091194
1.708,0.03186902767354272,-0.2710826032494842
1.708125,0.0953914859740337,-0.24676613273409725
1.70825,0.05706734219222224,-0.23095909422443545
1.708375,0.009266509219384876,-0.3966598704783074
1.7085,-0.03829274119121004,-0.4717226219434908
1.708625,0.18697859772741077,-0.44228959454668826
1.70875,0.2866222021270731,-0.4190922267855554
1.708875,0.2214073545834479,-0.2138018749896038
1.709,0.3140287697065294,-0.020788799244164605
1.709125,0.4397140493443732,-0.06223142018393075
1.70925,0.47901347151222884,-0.043551194204672974
1.709375,0.33610718021129216,0.10318701933309025
1.7095,0.23219772111788042,0.0338625636562492
1.709625,0.024210179469213645,0.09500087578348398
1.70975,0.20801302476000813,0.09947725252912654
1.709875,0.1192614084216933,0.09962805483015108
1.71,0.060506345884241725,0.2349213428802279
1.710125,0.12872440326801599,0.33944013415399543
1.71025,0.32636005569703347,0.28276263375343846
1.710375,0.37247820962383676,0.44273150622436513
1.7105,0.15850300155745412,0.355518744213777
1.710625,0.060524132234754606,0.4435148836902086
1.71075,-0.06878953505388638,0.2729752953052258
1.710875,-0.04766286542874579,0.07539475675133976
1.711,-0.09780606680297345,0.17888793010506374
1.711125,-0.0053475086874342935,0.07398071838200211
1.71125,0.07541382920279116,0.10019051617157708
1.711375,0.22352665452246462,0.1401149776965655
1.7115,0.15459462744097296,0.304989327466458
1.711625,0.09269922385208802,0.17831560938983113
1.71175,-0.005207273869636925,0.08734641803196903
1.711875,-0.37438364867774054,0.05154834683769631
1.712,-0.4919244231282557,0.1504493100598175
1.712125,-0.06765570799105668,0.06690464223228156
1.71225,-0.02071667427088889,-0.04497275086437014
1.712375,0.19141175078538672,-0.058262302235563744
1.7125,-0.05602708874492918,0.03426108367033184
1.712625,-0.051085151958144906,0.16810891178881374
1.71275,0.1515496142570167,0.24733504562768413
1.712875,0.04913514945720232,0.238812246721149
1.713,-0.0661747594153486,-0.1575237037092698
1.713125,-0.11753097639146638,-0.36132199117447145
1.71325,0.14739407533764787,-0.22153275203827688
1.713375,0.30796162608911015,-0.048477474098345526
1.7135,0.3467602646371855,0.011876921486075012
1.713625,-0.07765706414055391,0.14887897016611704
1.71375,-0.2944370317014396,0.1697165153298513
1.713875,-0.42371607305299624,0.03546254936007108
1.714,-0.21181928728369256,0.13955977505490635
1.714125,0.01516881038835775,0.14245086002706017
1.71425,0.19844965561011874,-0.0018595620656811625
1.714375,0.1487195846457544,-0.011968322147823585
1.7145,-0.10816778844943128,0.19251013880562204
1.714625,-0.2250716865037639,0.175218647947557
1.71475,-0.30104998330133714,0.3538108584734105
1.714875,-0.3385157744698481,0.1773202967132686
1.715,-0.4114265083616195,-0.25466492534317275
1.715125,-0.5431674249623192,-0.19315210466740124
1.71525,-0.4665390478960703,-0.06408502995986742
1.715375,-0.15227638691031561,0.006712293030684828
1.7155,-0.20744475345082453,0.22692914188705104
1.715625,-0.17214085618810768,0.03654480791687511
1.71575,-0.04955950580109543,-0.12114950838507722
1.715875,-0.19143171308589657,-0.14389196641367646
1.716,-0.2480053279991776,-0.2538241170243976
1.716125,-0.27104089641047685,-0.4271031811806984
1.71625,-0.21094292324668634,-0.37948524877529877
1.716375,-0.3564406092528171,-0.47357963276605447
1.7165,-0.16078924883718057,-0.39069469029520076
1.716625,-0.1790576089317203,-0.19045041675452623
1.71675,0.20603475663583856,-0.15099329704116335
1.716875,0.17448686371461003,-0.16434756215205923
1.717,0.1647712238205059,-0.08658482334776418
1.717125,0.07176717822992541,-0.14411026527558357
1.71725,0.16688603619464965,-0.15078563381355245
1.717375,0.12046426671389639,-0.31986108344611436
1.7175,0.12348699618966519,-0.5911961860203195
1.717625,0.16527302219133475,-0.3521300198099815
1.71775,0.48381708763234377,-0.20391578454369827
1.717875,0.6563166825644504,-0.07376428744512269
1.718,0.6209999774809639,-0.018390027982894085
1.718125,0.36920619672811017,0.07974342425759777
1.71825,0.30166006970093656,-0.012933994595389997
1.718375,0.21563757858497842,0.14979823940508358
1.7185,0.054974530840436964,0.11892847524912104
1.718625,0.055715996920640096,0.1163017037185515
1.71875,0.07941726078966814,0.16634085891739736
1.718875,0.10149388955570207,0.07872709058922918
1.719,0.00904271086351157,0.34186610237083637
1.719125,-0.04900902676440309,0.7163807534439061
1.71925,0.19178604148753128,0.5019052981078219
1.719375,0.210346895983361,0.4671438342009117
1.7195,0.035874549003250225,0.19207505220789867
1.719625,0.2896489545271283,0.1999733894689227
1.71975,0.2873475989673522,0.17941207065428266
1.719875,0.1744066517299888,-0.09748402689153347
1.72,0.28832253588353607,0.02702533002971781
1.720125,0.16724720824860798,0.10352083137412245
1.72025,0.21021562870047297,-0.020875358283291363
1.720375,0.4146953231341002,0.061516974734037916
1.7205,0.2239361020002352,0.16234194086083617
1.720625,0.24571836254244783,0.17508798113204938
1.72075,0.12095802730050671,0.05552236439350319
1.720875,-0.004758281125292653,0.15188251765278898
1.721,-0.12689131164903275,0.18763135482214327
1.721125,-0.2634831015911898,0.2541317877197975
1.72125,-0.06738849709868053,0.1676704972698663
1.721375,-0.12210057387040042,0.1863054693431173
1.7215,-0.07133266668888706,0.0930786898262448
1.721625,-0.23789190829113477,0.16736426577727684
1.72175,-0.33990485586676117,0.15832639953696784
1.721875,-0.2508735718652162,0.30431720804231743
1.722,-0.10630273742749433,0.1868557506064172
1.722125,-0.0751703597148335,-0.09292679643975728
1.72225,-0.030397692389291305,-0.34662216121182854
1.722375,-0.15839143112092638,-0.23054981515529596
1.7225,-0.1300988009301776,-0.2283192529290717
1.722625,0.21560477785063525,-0.02589712912938547
1.72275,0.16705878934265633,-0.028006342950793628
1.722875,0.08866566627366543,-0.2709075553088313
1.723,-0.19570287942734652,-0.36281377549276145
1.723125,-0.19068768017959575,-0.17047734852163238
1.72325,-0.23939376375627183,-0.041718107283900185
1.723375,-0.45515111865069285,0.017538345930742646
1.7235,-0.4924288681847516,-0.14794733422484124
1.723625,-0.31880377861583664,-0.11643821557239771
1.72375,-0.03856239493312535,-0.07245221859806537
1.723875,0.03158256938021409,0.08410046869070689
1.724,-0.3246081664103197,0.1645567228026317
1.724125,-0.2709603051331145,0.009558188399756218
1.72425,-0.44100142928147545,-0.18280816594010296
1.724375,-0.3977490649437838,-0.23300311799569284
1.7245,-0.023286946015035455,-0.24893953494489074
1.724625,0.23228503881620224,-0.30405056950809356
1.72475,-0.06254886707558001,-0.49546797846883645
1.724875,-0.3544058942189349,-0.39927487235096587
1.725,-0.4785165256117257,-0.033208575454566264
1.725125,-0.23350490957532935,-0.07975564472614101
1.72525,0.07934256448563984,-0.12324034544305433
1.725375,0.5031934047768626,-0.22328094265061216
1.7255,0.27521541880477723,-0.47912102756371694
1.725625,0.348881640967349,-0.31912436423039175
1.72575,0.2527026499210108,0.05807506554274147
1.725875,-0.030997285754130747,0.31319574035296105
1.726,0.0663802436366799,0.07109547096214819
1.726125,0.18908641058864836,-0.21116292151165791
1.72625,0.3102814866000336,-0.4982354929294483
1.726375,0.2702898927891705,-0.22142544320326743
1.7265,0.1605026859566837,0.1028399615765522
1.726625,0.15771240680501702,0.3560612753841118
1.72675,0.3182574276640735,0.4883341695858132
1.726875,0.38991207114249765,0.31976911681944586
1.727,0.3514807400253938,0.03824292201942535
1.727125,0.237829266107813,-0.0788764129413591
1.72725,0.25545300286924566,0.020667123979832325
1.727375,-0.03487147663131641,0.1926267149123901
1.7275,0.08555131770738239,0.5252940096774403
1.727625,-0.01883282321030854,0.3438892005706889
1.72775,0.21344128165611095,0.20796523129367092
1.727875,0.1544489695952897,0.21404482165376454
1.728,0.07130851020674615,0.13667843217981526
1.728125,0.04468105304062576,0.5002092305817489
1.72825,0.07833813908994045,0.4447022998992589
1.728375,-0.010901382125069026,0.42821241823486433
1.7285,0.19445644946026003,0.15827906268704287
1.728625,0.05944343197914766,0.07382355450191808
1.72875,0.11690035130733514,0.01694747656383631
1.728875,-0.0871603510402549,0.08974123026864018
1.729,0.09083244348922963,0.18307927064511584
1.729125,0.20680085568645726,0.12321588850579718
1.72925,0.20569980825116216,0.20625343287620074
1.729375,0.10963333284280175,0.029639502160589266
1.7295,-0.3619113589406677,0.14117042229284335
1.729625,-0.2231372821349341,-0.040352323396331415
1.72975,-0.23284219317101185,0.14471733047587904
1.729875,-0.22421981972424865,-0.02129315678255885
1.73,-0.27134857979964877,0.10103794114686632
1.730125,-0.21608561330231382,0.02957021776550823
1.73025,-0.16812698324337952,0.10714436311830339
1.730375,-0.11650066070372533,0.2196071441624225
1.7305,0.012431078902744553,0.14474908781409254
1.730625,-0.05082494837359442,0.2160417056739001
1.73075,-0.11926047382007661,-0.23946939361014383
1.730875,-0.1222520220298435,-0.32005210384789373
1.731,0.040280397142725036,-0.3013616171033431
1.731125,0.209670718729155,-0.18086572765662842
1.73125,-0.08691312006146902,-0.09522051320995516
1.731375,-0.43546432615545216,-0.1407190941279017
1.7315,-0.35552689524449865,0.007216819787091019
1.731625,-0.32313617953348417,-0.09777528133069008
1.73175,-0.34439563059949907,-0.13533839077879148
1.731875,-0.11482111141980166,-0.08196076366121932
1.732,-0.03330619581985159,-0.1038020574802034
1.732125,-0.16562421506103917,-0.128117125111651
1.73225,-0.3158218605941904,-0.002182048263098348
1.732375,-0.6083091751168342,0.07321209427695288
1.7325,-0.24919652980858306,0.1486656953674272
1.732625,-0.1534162394132367,-0.18042057246591597
1.73275,0.02940585226296649,-0.38846476454699636
1.732875,-0.14571318467798652,-0.25863810249524966
1.733,-0.46945022720929475,-0.29223808776579346
1.733125,-0.5680493651111923,-0.05594572289721347
1.73325,-0.36166058345010865,0.07139173604314733
1.733375,-0.09161579435843147,-0.14307270906568262
1.7335,0.06627859850200742,-0.2685335063040751
1.733625,-0.0033280697388389717,-0.640398800887488
1.73375,0.1732966637494503,-0.5907303495660189
1.733875,0.5010951449407829,-0.10788292925905991
1.734,0.515170454079074,-0.022615692889599987
1.734125,0.7938615363584818,-0.09917941715316152
1.73425,0.6729206317968444,-0.4703484816445681
1.734375,0.44208384807000606,-0.511768512289066
1.7345,0.3126633645174044,-0.222419852490573
1.734625,0.39401083527260117,-0.16895711379382955
1.73475,0.40547763005383436,0.10347595420284687
1.734875,0.18800468201061465,-0.015448471721771148
1.735,0.171789696502672,0.08336095485442692
1.735125,0.15850661821012269,0.299235015378136
1.73525,0.2949539231301122,0.45886224653596025
1.735375,0.3556240058814781,0.79982096250749
1.7355,0.15442637458575761,0.610926512769181
1.735625,0.059077987835720255,0.37940690764808305
1.73575,-0.2757108460072501,0.28499293590907676
1.735875,-0.2508144092966143,0.4252102389832817
1.736,-0.16322780591426084,0.41456607962130654
1.736125,-0.1465195677944289,0.18635173202721564
1.73625,-0.12649254249868366,0.09434371726701324
1.736375,0.15901259164625978,0.20558378707026725
1.7365,0.28056899532504526,0.10468077941868946
1.736625,0.2604319093668455,0.1018212004733779
1.73675,0.3375799838981516,0.21903925336063576
1.736875,0.06444107369138488,0.05196010265536588
1.737,-0.04784076502725332,-0.30871173681787184
1.737125,-0.01881055328283251,-0.3345484563037069
1.73725,-0.04352255210979461,-0.07871475742323214
1.737375,-0.05869645867090458,-0.16820680774208815
1.7375,0.007363231113255479,-0.03890689367119567
1.737625,-0.14977826481190462,-0.10359675073171573
1.73775,-0.09309229061170576,0.11536241275988621
1.737875,-0.02481392220811962,0.2957926445615432
1.738,0.014529635084756966,0.20930758260987772
1.738125,-0.09453145381987199,-0.051178464221991495
1.73825,0.13404722337596248,0.0398854629593268
1.738375,0.157110067661324,-0.07911432921252971
1.7385,0.22512223456758662,-0.08947683122293644
1.738625,0.35266266744657343,-0.07554182136351281
1.73875,-0.087672435662688,0.006071665398887228
1.738875,-0.46002306965812506,-0.1292441682775952
1.739,-0.5582967526270114,-0.07296617313870805
1.739125,-0.3692217358124492,-0.058059817660399506
1.73925,-0.04969049543086342,-0.0026374363486002654
1.739375,0.030005925853539974,0.03578738370436079
1.7395,-0.08132684279950107,-0.081644991531644
1.739625,-0.23321926244253566,0.17584365105570618
1.73975,-0.45883592368858633,0.2708146443839225
1.739875,-0.30697407683692207,0.09123006379701865
1.74,-0.05394904589640577,-0.20019288878799885
1.740125,-0.041464696562051616,-0.34093844157810094
1.74025,0.08447713262239052,-0.37769505849920276
1.740375,-0.11922170639813312,-0.23202062883263938
1.7405,-0.4118312612472354,-0.16366748874091913
1.740625,-0.35770994497995645,0.08351256086175883
1.74075,-0.19730585028410136,-0.07106369168210051
1.740875,-0.13242440878574008,-0.24661587967808446
1.741,-0.24047541438831888,-0.2973021097324129
1.741125,-0.19494454762052713,-0.18739366941064384
1.74125,-0.2780067706451461,-0.20653577547865126
1.741375,-0.3725722483133359,0.05760112184630836
1.7415,-0.07950961688794238,-0.15062298761003112
1.741625,0.03835289462200406,-0.1853771977934543
1.74175,0.14954151831304158,-0.39909330700251633
1.741875,0.26116981072662987,-0.33356135041985147
1.742,0.4498222401441819,-0.19078431578122096
1.742125,0.4579287655720337,-0.20761898044097774
1.74225,0.4623324948031469,-0.0031943420400220315
1.742375,0.4207414817854803,-0.1477484676113087
1.7425,0.08686745044751523,-0.13104964013024498
1.742625,-0.03996329727866533,-0.3278487431092139
1.74275,-0.07062559975256226,-0.21009747329209885
1.742875,0.11058638332487794,-0.045372090903535375
1.743,0.0792797822270835,0.16219486817041545
1.743125,0.10977308096782121,0.32577033452270077
1.74325,0.03428179640616607,0.42734217473953623
1.743375,-0.08865866254177146,0.5006813599519517
1.7435,-0.019918738885853018,0.5097462182763912
1.743625,0.1548074277195324,0.30763196077545474
1.74375,0.11080435849559857,0.03711813914222773
1.743875,0.03468784359614726,-0.038229456630559724
1.744,0.1395270280737648,0.01364318155873055
1.744125,0.09890762607938203,0.1098234749586665
1.74425,0.3207442758020009,0.14685830551971032
1.744375,0.36634347171252896,0.06619051156011792
1.7445,0.25999742491362393,0.08847460155130427
1.744625,0.04244679215281589,0.03478549347407606
1.74475,-0.21240885719041885,0.014072549679468338
1.744875,-0.03039194325307039,0.048830400645039775
1.745,-0.018548040058124302,0.12741161448851962
1.745125,0.2515814758669857,0.042442098943655464
1.74525,0.2859366286812207,0.1064666544992401
1.745375,0.4190808290713275,0.06927813226300454
1.7455,0.19116400723086743,0.4201548442385273
1.745625,-0.2554956082683435,0.40462362273226704
1.74575,-0.5029293024517338,0.2875402411248193
1.745875,-0.08216494260492618,-0.03360018777380467
1.746,0.05416808468412501,-0.06377143121712502
1.746125,0.06092467258752069,-0.2057036850805944
1.74625,0.0793798285561346,0.008952811770416659
1.746375,0.12830161621414005,0.060466018428354806
1.7465,0.2401606943237365,0.2885113565204177
1.746625,0.48229936884318836,0.2891222672555629
1.74675,0.15311116561379576,0.10699915921508359
1.746875,-0.34084915115748426,-0.19991339701347208
1.747,-0.46494021634077815,-0.48092249988645736
1.747125,-0.24089004648531462,-0.252086288388117
1.74725,-0.019015732157296003,-0.02358722100561996
1.747375,0.15020542174114096,0.0695926668145542
1.7475,-0.0005921459164179422,0.054848854890879345
1.747625,-0.1460837577329574,0.10543065081587888
1.74775,-0.029020004957479598,0.3176549386691681
1.747875,-0.19103213152585094,0.300479922695371
1.748,-0.3331258279668454,0.1280448338792378
1.748125,-0.5168835373335088,-0.2114146476849078
1.74825,-0.2645439095691618,-0.3032520954963542
1.748375,-0.1497640134030023,-0.10783196250224901
1.7485,-0.08196101267730149,-0.10352794820621349
1.748625,-0.2518778066157208,0.08594673062766858
1.74875,-0.0843725891695524,-0.0014947212173036647
1.748875,-0.2880770009087558,0.07922635455414505
1.749,-0.5726605702657396,0.06549936137505076
1.749125,-0.8090823410864924,-0.16183154311177425
1.74925,-0.7265854112965309,-0.29470748761236903
1.749375,-0.3596076274781572,-0.3113303166273877
1.7495,-0.13630532637351256,-0.16171057623831406
1.749625,-0.25080944943972233,-0.22786632683031205
1.74975,-0.3340141752710712,-0.2694268529411623
1.749875,-0.14568125157392378,-0.13711876173890372
1.75,0.1643747129563297,-0.21052638120090275
1.750125,0.3839755259301772,-0.20412254811882677
1.75025,0.3041244042185652,-0.4663825956561663
1.750375,0.1911969553982326,-0.6447687625302172
1.7505,0.26536191293302447,-0.5387407312820399
1.750625,0.4668310005908662,-0.3406738634675101
1.75075,0.577609256044199,-0.19982362670284617
1.750875,0.4507986455125587,-0.23385996045100071
1.751,0.15873751237663136,-0.30156627830832494
1.751125,-0.05202030845926811,-0.07848807750898533
1.75125,0.3130826326079171,0.012780294100404266
1.751375,0.430891590744924,0.3428485900284687
1.7515,0.40638107347570657,0.1166689574607645
1.751625,0.22835511495235072,0.054682528137928336
1.75175,0.1565083809747648,0.2052007896052758
1.751875,0.08566880584299322,0.47753651468194047
1.752,-0.035156315291687446,0.5445148999040701
1.752125,0.19380882593435977,0.5898252387049516
1.75225,0.0012208390425027553,0.2750839974339422
1.752375,0.12503728746746579,0.12743924416158642
1.7525,0.49581531750804825,0.17500546633643968
1.752625,0.4214362349462687,0.3554826379322624
1.75275,0.3596183980007809,0.46874262684404167
1.752875,0.1343310551652211,0.3603666100716836
1.753,-0.03625658614420535,0.04721826113421226
1.753125,-0.3158139233951262,-0.023318571354798003
1.75325,-0.14475130650371856,0.1150293183027375
1.753375,0.020137422669062682,0.047195799245107806
1.7535,0.2934756816710003,0.07546363449785232
1.753625,0.33183273858935786,0.0724554993289235
1.75375,0.04654095095405823,0.34859549907983883
1.753875,-0.36441027333879417,0.37477898857085373
1.754,-0.2628086695614625,0.3604974921118692
1.754125,-0.1999968416155682,0.09167169443904362
1.75425,-0.17729070120845064,-0.14429550400214614
1.754375,-0.08626859926155848,-0.17932513997060673
1.7545,0.13430972852370626,-0.03600589444580843
1.754625,0.1353723818083115,0.03324119618994564
1.75475,0.100834812344368,0.3053088394868304
1.754875,-0.250648864001808,0.24220938689299545
1.755,-0.3900704635424013,-0.01746273961650707
1.755125,-0.027629875463929275,-0.08002124626727333
1.75525,0.054506871558589506,-0.08756243203758951
1.755375,0.18996338772263846,-0.06398518254752138
1.7555,0.16707531404860423,-0.18728022836342453
1.755625,-0.1282506613650312,-0.11139108829213551
1.75575,-0.312272833707556,-0.02606535395948786
1.755875,-0.29395974552617066,0.019437008424814255
1.756,-0.3951027595027919,-0.03364917127052431
1.756125,-0.3080530069083672,-0.11488196301387113
1.75625,-0.23181611303198177,-0.1904598791114748
1.756375,-0.001265192584821422,-0.15594572003874344
1.7565,-0.044767624040791466,0.038334989089234515
1.756625,-0.15602993059020046,0.2236455905152237
1.75675,-0.2079703308383542,-0.04203234157147349
1.756875,-0.3135973738333582,-0.23371720266935878
1.757,-0.12555752410443421,-0.26489441707521155
1.757125,-0.2344607510554786,-0.43808049887351586
1.75725,-0.028369740166143822,-0.2259016020092258
1.757375,-0.019716482671435494,-0.2744522407755382
1.7575,-0.13183025069676985,-0.08167922920895448
1.757625,-0.2646269583051517,0.006812244064978235
1.75775,-0.12377320786973083,-0.11178263541999861
1.757875,0.06608815109895735,-0.09771057250343118
1.758,0.014821532987729773,-0.3011621266331222
1.758125,0.09863530472014057,-0.19901147942447614
1.75825,0.11070450271850941,-0.21740617314108943
1.758375,-0.12282338127728758,-0.08780416501157907
1.7585,-0.022418858744807157,0.0733410148159025
1.758625,0.06667883439130844,-0.18683020981847337
1.75875,0.3072762664824554,-0.07845172512128802
1.758875,0.1522996368495463,-0.20721294130607823
1.759,0.1317064440910389,-0.24878942296899417
1.759125,0.16055815834538079,-0.1161246629302505
1.75925,0.38345079493322615,0.12433798582788232
1.759375,0.44346534843696067,0.17328050540121107
1.7595,0.47160771649443,-0.0027748630765875135
1.759625,0.3070801025124387,0.05176586380844022
1.75975,0.1774296315172022,-0.09454312901891988
1.759875,0.39897990383299375,-0.038846460590228095
1.76,0.6176688575312456,0.019248494492578955
1.760125,0.32116035035238466,0.07934560321413446
1.76025,0.04523279619276908,0.062326345845135286
1.760375,-0.36645071985210254,0.11218727582782541
1.7605,-0.1289986613553836,0.3226895994067524
1.760625,0.07289632308793592,0.49987021259172154
1.76075,-0.1436556461760229,0.4348681808851024
1.760875,-0.10969915785982598,0.21201784499212797
1.761,-0.12303877202661184,0.3153150698054142
1.761125,-0.1030584879381515,0.30390537977479615
1.76125,0.026655443582528703,0.3807318106354291
1.761375,0.07825463321572612,0.21926731408950817
1.7615,0.062029635439169874,-0.13936571941355688
1.761625,0.07904060191431787,-0.24613700335715963
1.76175,0.4490278292838275,-0.09129866982483624
1.761875,0.28268240813960005,0.022351124135697165
1.762,-0.03368406286189677,-0.01571418608964508
1.762125,-0.12379909111376182,-0.008915246720087986
1.76225,0.00759108749117072,-0.16981756443587917
1.762375,-0.09545686108174528,0.007734265468498619
1.7625,-0.16364544321251753,0.008024720224180238
1.762625,-0.036038690661909,0.010073104903577696
1.76275,0.07714140377597635,-0.06615203940366693
1.762875,0.21331286319600892,0.21462267076868607
1.763,0.2888649994970947,0.221747378737248
1.763125,0.22478670507744236,0.19479608994458147
1.76325,0.06838825400638965,0.0027153673822615495
1.763375,-0.10860097235331224,-0.19374108700452322
1.7635,0.13402204539260498,-0.19486668347364114
1.763625,-0.014107211917244476,-0.1595962277987224
1.76375,-0.0005633552049431828,-0.07574496570971491
1.763875,0.055729579312575175,-0.03787774863402573
1.764,0.09994101834761322,-0.01719363702852518
1.764125,-0.022468487315560715,0.10028230529873046
1.76425,-0.3589645541719185,0.3789325941336932
1.764375,-0.4653605442558209,0.21497623502079896
1.7645,-0.3582146486716049,0.05726692175881688
1.764625,-0.3403587694089373,0.09986496516232923
1.76475,-0.334273015010884,-0.015395836535089054
1.764875,-0.23235261163802615,0.11823034406461483
1.765,-0.1936492851336635,-0.0028980349358584613
1.765125,0.06593558264657069,0.13614630201588654
1.76525,0.021432574271301606,0.1958433436443132
1.765375,-0.01367354526235347,0.053400226653230264
1.7655,-0.2482595154422932,-0.32424984499771803
1.765625,-0.47706517032293366,-0.5035345461265619
1.76575,-0.3830170834093416,-0.38041984192248174
1.765875,-0.18525605489461397,-0.32101204411243933
1.766,-0.30172081199004186,-0.4574367367693257
1.766125,-0.20518375606933872,-0.3026522975180646
1.76625,-0.46669467508017315,-0.21012515683238633
1.766375,-0.07849737980056447,-0.020047562960464962
1.7665,0.09544060143709945,-0.048003238524731144
1.766625,0.2604540674219951,-0.023168640715638743
1.76675,0.026342718322555345,-0.26138467111204905
1.766875,-0.03769628375815049,-0.47754905822116045
1.767,-0.17370519692815353,-0.2915625775058989
1.767125,-0.08845473866420464,-0.20263029345050024
1.76725,0.0804164427217989,-0.08324738781734005
1.767375,0.2967806194559788,-0.26013390164041195
1.7675,0.3119324895091141,-0.3249351709789631
1.767625,0.5133946737768016,-0.17355120311171518
1.76775,0.4654924211875286,0.06762820131689333
1.767875,0.25078594002117227,0.012664160590657732
1.768,0.15133485285502038,0.1415255003096549
1.768125,-0.1840409471853261,0.028018094339619957
1.76825,-0.0027388995450222924,-0.1806728191890905
1.768375,0.07409435137459491,0.0035552922340613396
1.7685,0.38352797918189774,-0.03939623134968019
1.768625,0.49260658578931693,0.07066500867573378
1.76875,0.5089746633962929,0.40406545547932815
1.768875,0.5810504999924542,0.37305762131309916
1.769,0.035940080161117174,0.33704782762427515
1.769125,0.14069346128756163,0.288713635752279
1.76925,0.22374145973066445,0.09707366897548414
1.769375,0.2313273770094735,-0.055527832044565135
1.7695,0.35628231984920566,0.06880525103747899
1.769625,0.1936098051152538,0.16334799163457142
1.76975,0.028861678229756067,0.41609856084115066
1.769875,-0.1030163286837562,0.520680115188639
1.77,-0.1349428772124626,0.5398595708168451
1.770125,0.02674384917508278,0.3902116720728357
1.77025,-0.12200491910876134,0.06496738476683268
1.770375,-0.12969477226225612,-0.1733349825631501
1.7705,-0.2673147033591081,0.13422138884792242
1.770625,0.21238527086730724,0.40817437621053587
1.77075,0.4143668228875508,0.3046888561965833
1.770875,0.09526149075653535,0.2821614646591567
1.771,-0.21118347657495237,0.0055755201625539265
1.771125,-0.45453156429958186,-0.16574710135103354
1.77125,-0.3457158707091805,-0.16312886328759793
1.771375,0.1455104617397828,0.01852637294528836
1.7715,0.2661429108778066,-0.08302818934649349
1.771625,-0.08817532188731782,-0.1127742040452705
1.77175,-0.3190503734266084,-0.017704133683087046
1.771875,-0.16134795606354796,0.11357264206153923
1.772,-0.12209089417444231,0.4186721873766313
1.772125,0.10382241640884331,0.1791189859941729
1.77225,-0.18843841439028655,-0.09531967761151407
1.772375,-0.1861634222662441,-0.24621391980662807
1.7725,-0.19188080516890585,-0.2155803910972704
1.772625,0.2017301316467501,-0.009109529884038153
1.77275,0.14797589661705854,0.12391850815570278
1.772875,-0.06786600947802501,-0.025639684088680084
1.773,-0.17957542945683994,-0.1456531083859458
1.773125,-0.38860509665155146,-0.12166064222467275
1.77325,-0.2652448768075036,-0.06439223627987085
1.773375,-0.31188263602258803,-0.10713200519324914
1.7735,-0.3329402578448314,-0.21688760492473913
1.773625,-0.2824996607329055,-0.22695536849893264
1.77375,-0.26533551058563426,-0.06057671719354643
1.773875,-0.13267400728486622,0.07757176914661293
1.774,-0.07620958888528143,0.10734725241822525
1.774125,0.004240313518468245,-0.047258284907189606
1.77425,-0.29921495170104095,-0.14506311013151696
1.774375,-0.31371412511078073,-0.18672535852872885
1.7745,-0.5097356041654584,-0.35993894597834736
1.774625,-0.27503013753528555,-0.326436089189844
1.77475,-0.2749897859750335,-0.3269606019404396
1.774875,-0.18019031259222543,-0.33922657352901714
1.775,0.09818853547864906,-0.20849020224102627
1.775125,0.2837424603012961,-0.03551564859353248
1.77525,0.2428807180395404,0.07187513082279366
1.775375,0.27166321875693983,0.01947176783630841
1.7755,-0.06761236679087178,-0.023394028929416635
1.775625,0.042754100350234546,-0.323503645653595
1.77575,0.3189075731767028,-0.42355178775741087
1.775875,0.48350396953407154,-0.5110201995336953
1.776,0.29314288007842265,-0.3062759858835112
1.776125,0.3221074408324241,0.018013997297464057
1.77625,-0.0673592527702669,0.15428868865946926
1.776375,0.23637066363693304,0.3381050371074151
1.7765,0.35246079642106537,0.14668001658374483
1.776625,0.4362963549994479,0.14049520690731412
1.77675,0.23957324274756198,-0.1643970005341772
1.776875,0.27202606106356275,-0.0745566110352083
1.777,0.19006265434093866,0.1307912288066442
1.777125,0.25760355960320036,0.41858638364761197
1.77725,0.18844437888325533,0.38050542299570206
1.777375,0.2264269861514065,0.017634087542808125
1.7775,0.1421709303116885,0.041337929056034985
1.777625,-0.08016518573139546,0.13509737295372065
1.77775,0.15305518866848072,0.4115667044469012
1.777875,0.1372511656989538,0.525666194383188
1.778,0.19212488441787218,0.3081108536614373
1.778125,0.13253066264741384,-0.03940763520574404
1.77825,0.03593988103197474,0.09088638815619328
1.778375,-0.01600171662537453,0.23705293538845604
1.7785,-0.03661191867133622,0.25283574197430836
1.778625,0.011837264982399912,0.22585240266416817
1.77875,0.09717796875397076,-0.01619811046302868
1.778875,0.07342115516171437,0.05073844430278765
1.779,-0.054066353468084166,0.2537230807027735
1.779125,-0.06217608962412946,0.17663494515830194
1.77925,-0.047036349890346434,0.24723300761904723
1.779375,-0.05377751006526581,0.0003360638595051676
1.7795,-0.04173850960437741,-0.15021044591761068
1.779625,0.10269790193991184,-0.11615047579417528
1.77975,0.04717952982219642,-0.04915842559269706
1.779875,-0.10998513919294517,0.27477314233140815
1.78,-0.15745139462796992,0.16583003761730086
1.780125,-0.2425037016235004,0.026705146882095177
1.78025,-0.02496167719865091,0.01986864124391678
1.780375,0.07856515362412876,-0.16991602547374623
1.7805,-0.2193691607339416,-0.06544566896105326
1.780625,-0.4789897820454699,-0.15137133246169765
1.78075,-0.39534900294276726,0.007806716569703571
1.780875,-0.10147897658851833,0.15682003039537631
1.781,0.07606501675174841,0.08356632540763533
1.781125,0.10522563028019451,-0.09861182809313951
1.78125,0.046428276898553195,-0.2064868916497003
1.781375,0.05158234526803516,-0.2984708574530598
1.7815,-0.4196991755981329,-0.06901515858686674
1.781625,-0.2695502417614866,0.0008149421492396388
1.78175,-0.3480655481678499,-0.29086085200294776
1.781875,-0.1808017123322748,-0.31508079305771525
1.782,-0.19240623098332685,-0.2715212849078081
1.782125,0.018698875151496562,-0.14623202174381994
1.78225,-0.2687298273828048,-0.0012136657302571434
1.782375,-0.43390949004631807,-0.04057707691937721
1.7825,-0.4482783725284503,0.09956301110029245
1.782625,-0.26345695262478497,-0.14409870982584796
1.78275,-0.17561295657115633,-0.3071086470865759
1.782875,0.05853836253934243,-0.20040933735866115
1.783,-0.002191198389758058,-0.19889953053705717
1.783125,-0.14618405385912653,-0.15058018208021934
1.78325,-0.2573356114347057,-0.03902496629728663
1.783375,0.07179288570782508,-0.01655905200162896
1.7835,0.3093503018503439,-0.23353296831766285
1.783625,0.1974843698755275,-0.2873148184066749
1.78375,0.15775280397767127,-0.4785123117618988
1.783875,-0.014056613887553974,-0.3631709246208451
1.784,0.2539519578330773,-0.25134281453708435
1.784125,0.2977201666541999,0.09260965013824077
1.78425,0.2651416808303242,-0.1689550522476845
1.784375,0.22434569183719272,-0.007009443034720849
1.7845,-0.08640039770866619,-0.03545986949987514
1.784625,0.3356997782717154,0.14793706624110814
1.78475,0.3773446981362731,0.2030943344734626
1.784875,0.4229263414329176,0.26671321853773133
1.785,0.03988709004427868,-0.07455214448733055
1.785125,0.12971764839126637,-0.009812974880411381
1.78525,0.27347715535912354,0.2045951204041141
1.785375,0.31039711988086055,0.26585122104818276
1.7855,0.15853727891331176,0.24720624970248226
1.785625,-0.17123099008069873,0.27669104463100924
1.78575,-0.18223756346715808,0.03518185783150476
1.785875,-0.006262524847317708,0.2514016781225779
1.786,0.0804229619695701,0.4556014615783487
1.786125,0.07191320322159717,0.4370429486471208
1.78625,0.08861810876133418,0.09639529663920361
1.786375,-0.08639801171478623,0.214760845118558
1.7865,0.11267684217239841,0.18464369308193684
1.786625,0.18423904920717657,0.1425610134442803
1.78675,-0.06644120547747107,0.11259904820278026
1.786875,-0.2942774698723897,-0.06127141511984064
1.787,-0.20263479049648697,-0.15830772964694353
1.787125,-0.10754475098810576,0.04765112975697854
1.78725,0.25371936367959097,0.14717123822065753
1.787375,0.47887577520996855,-0.053589068821609374
1.7875,0.39842449325362406,0.19935882811370628
1.787625,0.08665000591559172,-0.04822364639746234
1.78775,0.0005238355638655224,0.013501338035537937
1.787875,-0.08388332034859984,0.13701123355620967
1.788,-0.10317085696811659,0.03617228452281932
1.788125,0.10344952245703379,-0.044258654081575824
1.78825,0.0037772986123131014,-0.2794328902818968
1.788375,-0.1910371518746919,-0.050456897429753365
1.7885,-0.32766747498478604,0.2683161612652817
1.788625,-0.3773242637019934,0.3569691044477377
1.78875,-0.1228768989040417,0.25787649218079256
1.788875,-0.030742998480843768,0.21180786366486914
1.789,0.08098297340520416,0.07727257420849262
1.789125,-0.03076655975336149,0.029401514366388055
1.78925,-0.16840871488620038,-0.16582869088441474
1.789375,-0.19969309972883134,0.10254288100356092
1.7895,-0.1893675405215505,-0.013549030948700332
1.789625,-0.010806117888373736,-0.10101647604863137
1.78975,0.033766159326473484,-0.2946825944244421
1.789875,0.23544528090135255,-0.39598613278791533
1.79,-0.03471859923179241,-0.3069675665889003
1.790125,-0.44704071723532346,0.06759067866765153
1.79025,-0.5860135917022673,0.23488588283642417
1.790375,-0.6390716766098006,-0.042218159213320054
1.7905,-0.24189720708619367,-0.07033822588053858
1.790625,-0.16724236815927124,-0.2779417473772187
1.79075,-0.2716040541725523,-0.34852865822745543
1.790875,-0.2665379366409806,-0.10249518098912966
1.791,-0.35302576279038234,0.1589256722158818
1.791125,-0.4834496817148728,0.19538247155836344
1.79125,-0.3991809534189918,0.015516825063457253
1.791375,-0.3104701524509579,-0.3449659248794833
1.7915,-0.21365439064545388,-0.5857364762165662
1.791625,-0.27746911190085266,-0.4430958670895073
1.79175,-0.18145853641833937,-0.1891613534139866
1.791875,0.21291254159879558,-0.1363784293176525
1.792,0.3725227379535968,-0.2293923496548147
1.792125,0.2839509817288413,-0.1439134833801946
1.79225,0.23787755859528875,-0.38812771096591936
1.792375,0.14978906608965084,-0.36194303492906366
1.7925,0.4431561001311392,-0.2759361555038511
1.792625,0.34980404314930746,-0.09032292352976881
1.79275,0.2735255115898939,-0.20660575442624982
1.792875,0.31832019304895304,-0.25000772357941176
1.793,0.15835014874429262,-0.2422549326152894
1.793125,0.3541061091219512,0.10399529716445752
1.79325,0.2564874179186988,0.3879640023651648
1.793375,0.4218165647010876,0.3745206032772137
1.7935,0.1499383027952622,0.06291760566309583
1.793625,0.19987413326594272,0.23004951843918742
1.79375,0.11019950464294276,0.2886929547509831
1.793875,0.2185918337794817,0.43091777422297184
1.794,0.08196484751756664,0.26018778971658146
1.794125,-0.1344644814249803,0.17814311511283407
1.79425,-0.1992031292499702,0.19715837515185944
1.794375,0.19794331848466723,0.3587102052180077
1.7945,0.5178539254513131,0.4329892824516684
1.794625,0.45371187503516036,0.34457803089157363
1.79475,0.006825719554356404,0.18683870287402038
1.794875,-0.2438082186236038,0.21256258729900365
1.795,-0.3183701798803357,0.2314728394810275
1.795125,-0.24263272396056998,0.27119085482434707
1.79525,-0.143472983588826,0.16855407399790462
1.795375,0.08863407190910194,-0.08846738695760498
1.7955,0.04728368221029567,-0.17850426059343164
1.795625,0.12067616795233167,0.12965441647270656
1.79575,-0.03580629818831338,0.3825410771250455
1.795875,-0.2779083039143067,0.3323136073891437
1.796,-0.1728305941078125,-0.024328134616857462
1.796125,-0.37961756565118704,-0.23203082534026329
1.79625,-0.22730114429348006,-0.2620733426772201
1.796375,-0.227073089279598,-0.19146576276481603
1.7965,-0.052822396445825724,0.11016355303986745
1.796625,0.1691076354496054,0.13698107053947953
1.79675,0.30313371860532784,0.18703376060301805
1.796875,0.11471507331059906,0.20532714049788175
1.797,-0.0978213985322951,-0.013895503698341865
1.797125,-0.002036250679736562,-0.12917227060338607
1.79725,-0.04119078560491444,-0.2308148199736362
1.797375,-0.008171712733590129,-0.06136884336460392
1.7975,0.19462434696466482,-0.1786509835945482
1.797625,0.026776411008354383,-0.02511189368092255
1.79775,0.1060477280643221,0.024656150584512402
1.797875,-0.026893017059421712,0.09232771206985245
1.798,-0.23266647367066406,0.13072715904573906
1.798125,-0.36973707627165286,-0.09507284529097995
1.79825,-0.22160315647398823,-0.19310501612212252
1.798375,-0.25547837504589216,-0.0053627591877971025
1.7985,-0.4154187406563831,0.07545204886404455
1.798625,-0.6372921900115364,0.16450642196828377
1.79875,-0.5769116104545672,0.11842825219893284
1.798875,-0.49214115099004585,0.12920824492885982
1.799,-0.2527923056635612,0.0556688402818
1.799125,-0.4630599502409553,0.06363841863744084
1.79925,-0.2995167153913228,-0.1955222042375858
1.799375,-0.43613926330193414,-0.36180904878522446
1.7995,-0.2624275224017838,-0.40283788218524913
1.799625,-0.06487308593821532,-0.32921154632056654
1.79975,-0.11867915444412457,-0.46906452407664545
1.799875,-0.047784520314196444,-0.487656730694618
1.8,-0.04165252702245408,-0.5355746528088035
1.800125,0.11488243424660662,-0.3552904367054793
1.80025,0.08696002867980408,-0.38063061409792914
1.800375,0.041721106202424106,-0.3772678853998486
1.8005,0.1810399094603647,-0.5117026881834883
1.800625,0.42576006291609925,-0.4269198280277272
1.80075,0.4230999194895417,-0.09168130088413881
1.800875,0.6062901010650634,-0.11630628796144148
1.801,0.45908029680449297,-0.058904980157280774
1.801125,0.27323486740640773,-0.09134136510439955
1.80125,0.19063418645921268,-0.03048682570205193
1.801375,0.151412982870332,0.1282837714585847
1.8015,0.22298980327506945,0.08907743708443787
1.801625,0.018043039506695346,0.17246263679433663
1.80175,0.004884810264687923,0.26608552189881984
1.801875,0.018162395313322824,0.49583921893643235
1.802,0.2487446137121231,0.4734345495088156
1.802125,0.6508968719029796,0.507956022893401
1.80225,0.5655963097760455,0.3686138550245352
1.802375,0.4396771694019295,0.3002982152751464
1.8025,-0.18925966801991706,0.1382395887000589
1.802625,-0.3773791687310431,0.02494135256828609
1.80275,-0.07081755726740098,0.08233569317894365
1.802875,0.3890497282118794,0.042174286364798017
1.803,0.46374978474117234,0.040577483316492274
1.803125,0.3154865919622805,0.060475916072338785
1.80325,0.06757361228708926,0.29160812359146565
1.803375,-0.24853753389113534,0.6311303413491937
1.8035,-0.13048159052604758,0.6398705489679898
1.803625,0.0645195123669851,0.21335111272454652
1.80375,0.16228540307586045,-0.07477499092879224
1.803875,0.2430462961803708,-0.3147212856234769
1.804,0.25702129676603624,-0.12245057930465068
1.804125,0.13051423016830438,0.44963857911592087
1.80425,-0.04844402682390495,0.5582801653406958
1.804375,-0.13181843421416903,0.1719995769929405
1.8045,-0.22651874925808868,0.10482341847030949
1.804625,-0.40269087429403144,0.013282172962990174
1.80475,-0.5727920713199202,-0.2434761455903617
1.804875,-0.5082451645855136,-0.011582535743637056
1.805,-0.41457636042944007,0.16637782053109545
1.805125,-0.19237751284982685,0.10039311762411132
1.80525,0.16253085336131867,0.2141246162208867
1.805375,0.25402170832231835,0.06432312820629622
1.8055,0.06383971167339744,-0.01896507995080198
1.805625,0.03250467809817748,-0.12095936711624052
1.80575,-0.3661031884570484,-0.1917757753334645
1.805875,-0.18612978396433089,-0.37289925547216346
1.806,-0.020673946308404058,-0.4026370320635255
1.806125,-0.0019175424249618447,-0.490582201632927
1.80625,0.06779639918174668,-0.42960363364734405
1.806375,-0.1194817578386674,-0.1391004604406277
1.8065,-0.23361020306358646,0.03263989214568863
1.806625,-0.1672787817315576,0.08453098147961126
1.80675,-0.09535941467963197,0.17283943527403348
1.806875,-0.018939558244905428,-0.05553847618764592
1.807,0.06598517718554968,-0.28480734684046793
1.807125,-0.04525317497212525,-0.2896065300987336
1.80725,-0.16768434695278567,-0.0240204047868715
1.807375,-0.0916791061238447,0.11570340867928051
1.8075,-0.1843100449209175,0.025620244570175515
1.807625,-0.2814471631494233,-0.14114453924723847
1.80775,-0.2583978465877081,-0.3277690405476613
1.807875,-0.2718375142218354,-0.1271171024395136
1.808,0.02481896816054868,-0.10471244125297513
1.808125,0.17387988934046344,-0.12082322909892738
1.80825,0.001883119969193177,0.024465181012868105
1.808375,-0.31600606208320886,-0.010200744658292538
1.8085,-0.2835561292166061,-0.21052126323651638
1.808625,-0.11355390432099781,-0.16239042260309386
1.80875,0.36830083209213105,-0.0627355334085282
1.808875,0.39721554749961285,-0.05187773754472615
1.809,0.42527135517159637,-0.1666464963257467
1.809125,0.28122969105130385,-0.19227875303156997
1.80925,0.3189517629436905,-0.031196170247926792
1.809375,0.39698519462267107,-0.1177988265915393
1.8095,0.3490571837098056,-0.10222891915276348
1.809625,0.3432757535387114,-0.21469491990341577
1.80975,-0.03478776022168508,-0.2689278071925882
1.809875,-0.01886114155624178,0.017448356031316867
1.81,0.10609664467482952,0.10557560029426503
1.810125,0.0931428866518978,0.4643836505441898
1.81025,0.1728683904474801,0.4414000563466944
1.810375,0.28585550190857795,0.4321303626158677
1.8105,0.19415762020019817,0.3942776809363407
1.810625,-0.056542525921938765,0.24552176285388227
1.81075,-0.04120835307911379,0.3138578050398981
1.810875,-0.05262645988227385,0.11020599505222166
1.811,-0.018754757337517407,0.03988176677538757
1.811125,0.12342916377087257,0.13562443068785274
1.81125,0.061695183168653016,0.11759925638950174
1.811375,0.10499959642412192,0.06330282003228152
1.8115,0.09194727052442157,0.24551116296836387
1.811625,0.18704892430498193,0.14422642734154154
1.81175,0.24468417518412677,0.16609143928775508
1.811875,0.26517752735955935,0.026643178167816195
1.812,0.06902719958607072,-0.1945067202465712
1.812125,0.07235038086429751,-0.12663823002399785
1.81225,-0.13147027461540287,-0.0551798438505803
1.812375,0.08062520555998713,0.1867579238380885
1.8125,0.23984404792538744,0.11346804829605461
1.812625,0.027440046092511928,-0.10657681415566614
1.81275,-0.2417558832589453,0.113056850624486
1.812875,-0.1236532768770354,0.04820580559930169
1.813,-0.04411780286810195,0.27279138001899006
1.813125,0.15772685541342604,0.3188473032426795
1.81325,0.11307557031040259,0.11982051360820752
1.813375,0.01888521809833729,-0.03873492445536041
1.8135,-0.06197086469082852,-0.11142629125732367
1.813625,-0.06466994952121813,0.026346882961997154
1.81375,-0.09637565804436965,0.16223665784244115
1.813875,-0.048216287040151025,0.08596442890932521
1.814,0.035468830767823416,-0.14052030551577913
1.814125,0.017772771740784864,-0.17172556955481355
1.81425,-0.13988541848332833,0.009574920101047019
1.814375,-0.18830223297198112,0.07992616770734222
1.8145,-0.14937101263289293,0.10890902837071821
1.814625,-0.19094060622096187,0.03563951475188031
1.81475,-0.04774107102586907,0.014614166045886513
1.814875,-0.012889480600748656,0.03744338534799904
1.815,-0.054700035214560176,-0.1397363002495569
1.815125,-0.17409227465080235,-0.11945151696690995
1.81525,-0.21933301026760593,-0.05869440255453923
1.815375,-0.17001734590947176,0.02042122109975499
1.8155,-0.44571726767013575,-0.23773240034915627
1.815625,-0.447940995081325,-0.3111241954302314
1.81575,-0.3801173350772388,-0.33631017921325623
1.815875,-0.20616035741167912,-0.18011766892292472
1.816,-0.2436659980000867,-0.15188430237505096
1.816125,-0.32935538369003886,-0.08544556009389571
1.81625,-0.17266825441702677,-0.013316508783558204
1.816375,-0.16329675926811787,-0.1697503360011676
1.8165,0.261271722866373,-0.251061599004391
1.816625,0.3321251466252119,-0.04466779207456291
1.81675,0.05872166542626747,-0.1666575748904752
1.816875,-0.11874680735212347,-0.28791487481716377
1.817,0.007674043713859061,-0.09212349627127482
1.817125,0.15992358699005704,-0.20302229251278947
1.81725,0.13761040756468917,-0.34382117527621725
1.817375,-0.040350083371662376,-0.29766906865064113
1.8175,-0.22097553553401741,-0.2557099575766105
1.817625,0.09816033681109208,-0.15963770585194897
1.81775,0.3103088847869983,0.11262935214527199
1.817875,0.4681825545764565,0.049062872643374444
1.818,0.6597738241203354,-0.06760569346566694
1.818125,0.34232076771797953,-0.08190787945476129
1.81825,0.18278204422475391,-0.13123158150848827
1.818375,-0.2458742260165393,0.1970451934693801
1.8185,-0.04385352477663386,0.07006910330893219
1.818625,0.3024056176415288,0.007148163959966016
1.81875,0.6204124571789658,-0.1366041219199662
1.818875,0.4748043959931369,-0.1461222433348761
1.819,0.22633311411503973,0.11295998600280799
1.819125,0.20995446241813956,0.4150120654140274
1.81925,0.1906027709331192,0.4267746337104018
1.819375,0.19939856749252047,0.2634167343810562
1.8195,0.14993966191874158,0.019672094287783867
1.819625,-0.03362333802178516,0.003827901470835182
1.81975,-0.04461245790636064,-0.040019251549526236
1.819875,0.062113710875437995,0.3707737972603496
1.82,-0.08352840054385012,0.5670569943065555
1.820125,-0.08972675707240112,0.4172710638527842
1.82025,-0.006182074402282372,0.16313705487125224
1.820375,-0.3197876310762791,0.03517249084080692
1.8205,0.12137711774976927,0.12020376794171451
1.820625,0.34045268932022776,0.2701736520714664
1.82075,0.35071917054336815,0.2650132163773702
1.820875,0.27582304453593115,0.10454374370580022
1.821,0.05626101588871979,0.03586464236763973
1.821125,-0.14775348404124197,-0.24976374840511786
1.82125,-0.08759538935472638,0.08480835194119615
1.821375,-0.1949483378211889,0.10235980315300297
1.8215,-0.3029875797226287,-0.1739007323199098
1.821625,-0.3171997233993714,-0.1674379199001979
1.82175,-0.2588099506796431,-0.06361948431111489
1.821875,-0.2418509559911032,0.328702593108286
1.822,-0.1755597376678696,0.38558779264090715
1.822125,-0.3082286028003635,0.3463059528100179
1.82225,-0.3822861750407088,0.045799237578053674
1.822375,-0.15654310450473372,-0.09630766702833915
1.8225,0.08976205475677664,-0.11599945632307913
1.822625,0.16966114564887963,-0.09756940808431583
1.82275,0.09127548755895921,-0.10471520016438413
1.822875,-0.0276805870934305,-0.2128351892541082
1.823,-0.406719383914772,-0.2527740148314106
1.823125,-0.3298296021506116,-0.0903498894214252
1.82325,-0.14471659745595597,-0.23487203748614818
1.823375,-0.054781831628188164,-0.20742706476425193
1.8235,-0.0814268145479418,-0.33756470620868034
1.823625,-0.4497478508357661,-0.23574723241630718
1.82375,-0.5207092106468929,-0.018309682061371117
1.823875,-0.6903141354541843,0.30318564910722723
1.824,-0.3529429216209917,0.06758358939802812
1.824125,-0.1258597595248132,-0.07927371531031938
1.82425,-0.06015925543468459,-0.16806468853639464
1.824375,-0.01689751955427497,-0.31796655335758206
1.8245,-0.011779832214253697,-0.16205517486646473
1.824625,-0.10681299510605978,0.1336791780479731
1.82475,-0.2709077690926136,0.0031153137521865775
1.824875,-0.08498497044833948,-0.33671396807187626
1.825,0.1330685647238397,-0.44026803058737096
1.825125,-0.12643167162909805,-0.5466102426040769
1.82525,0.1008406303557103,-0.32985047467242434
1.825375,0.018734647725309552,-0.1746485022527848
1.8255,0.17233113312484372,-0.09704436559750296
1.825625,0.13517486994852929,-0.08753832134444701
1.82575,0.34985582305464374,0.09689751687651414
1.825875,0.28865598152826427,-0.11062717551316079
1.826,0.15663303069354498,-0.28847158898077613
1.826125,0.16144564993562738,-0.14081798414127766
1.82625,0.3290636013104877,-0.18671683507979153
1.826375,-0.1198912252335747,0.06655870843670489
1.8265,0.04373529362564517,0.03646947893977317
1.826625,0.26568967677073707,0.07675996693174508
1.82675,0.3287659170069321,0.014656118376933168
1.826875,0.4346798998448166,0.2437104110532362
1.827,0.3546270234548434,0.26475221944539934
1.827125,0.06741640256353744,0.23867676283983258
1.82725,0.06647332573610681,0.28962056930101365
1.827375,0.028659054634573727,0.3263317796587599
1.8275,0.18093908164516717,0.14298804579639632
1.827625,0.0476455870407475,0.044592730095911505
1.82775,0.358275026608639,-0.07793108596753498
1.827875,0.2652423191821166,0.25039471618723497
1.828,0.2285249809162739,0.3076836211175081
1.828125,0.2986389497085716,0.48076412117673967
1.82825,0.27281989805994683,0.20241093649450909
1.828375,0.2499031617036257,0.16191348959320348
1.8285,0.3116281105235405,-0.05708478661339792
1.828625,0.1441764254525717,-0.06946386520755037
1.82875,-0.12810947941698184,-0.019434792073697263
1.828875,-0.11192986819038105,0.09983843206745269
1.829,0.004138842591686466,0.3201546490416676
1.829125,0.14370716953213478,0.3146447960999377
1.82925,-0.1404687097335157,0.18549536733045535
1.829375,-0.18192363826713337,0.08674432666377073
1.8295,-0.5319189114624286,0.2370187357096683
1.829625,-0.3727973663816631,0.2862837611760021
1.82975,-0.6338048543007521,0.2534731020157825
1.829875,-0.5393695949173906,0.050103345707872664
1.83,-0.4300235904873569,-0.07599067265678779
1.830125,-0.05901344432337888,-0.11696068916192134
1.83025,0.027781115531204312,-0.014109584401052712
1.830375,0.037997564448206886,-0.0030715524028795712
1.8305,0.07032118379622383,-0.1171390530374469
1.830625,-0.07025249410952551,-0.36029319347756417
1.83075,0.10422377943044504,-0.32503117232109513
1.830875,-0.06017867990840457,-0.3536901734894759
1.831,-0.16018686464467366,-0.37071527207179883
1.831125,-0.3763535356436966,-0.48158013931328586
1.83125,-0.3549951824756032,-0.533868927071565
1.831375,-0.13187207538178133,-0.09738621329413445
1.8315,0.15350262577383256,0.2792993635325712
1.831625,0.19801337193086335,0.05040260592591504
1.83175,0.0912187768366156,0.10108902266425787
1.831875,-0.046557483407750073,0.034160790660997496
1.832,0.08974518805989852,0.027237413262721076
1.832125,0.017907941720534278,-0.015348280029506296
1.83225,-0.22638503074835092,-0.21302459038504198
1.832375,-0.4099315834386585,-0.42034375768707244
1.8325,-0.4238628541636703,-0.36319303538250525
1.832625,-0.35209640019899635,0.008231065737838465
1.83275,-0.39192767476224705,0.21984296091226954
1.832875,-0.5062258707837326,0.22921577513964078
1.833,-0.1623468065748116,0.04964423278840468
1.833125,-0.07927147101571187,-0.050012223088754575
1.83325,-0.03277598828649577,-0.024334892560323135
1.833375,0.023341171853343307,0.010814827231392037
1.8335,0.0679825782770395,-0.28466538640319156
1.833625,0.10441561353432881,-0.4412867437262978
1.83375,0.24569422860809373,-0.4146685081640564
1.833875,0.20374607888611307,-0.33750637378363235
1.834,0.2625319918321939,-0.3707670585712584
1.834125,0.26777630161762916,-0.20168762124575684
1.83425,0.379913963052848,-0.3792465376380446
1.834375,0.40087324420086046,-0.17542248380606967
1.8345,0.5208665442911279,-0.048768082588908565
1.834625,0.2836637979540614,0.07231012397354913
1.83475,0.0015107322275701184,0.10636482954074061
1.834875,0.13906939918042696,0.04302080854554408
1.835,0.08210289469827299,0.06235716803060619
1.835125,-0.003778643219342589,0.2809298776544542
1.83525,-0.07177175207971487,0.19758596696850644
1.835375,-0.20956278228297742,0.1613009740078279
1.8355,0.12550854521980448,0.29398792768243376
1.835625,0.2176379956103187,0.21672089365058117
1.83575,0.35941470755109767,0.3943960884874085
1.835875,0.418867890285532,0.19714575567604922
1.836,0.3195223940768959,0.03734702049316676
1.836125,0.3280845539796925,-0.05520001411393146
1.83625,0.1515918825526185,0.14479615015809175
1.836375,0.2315748498930117,0.17177288323678633
1.8365,0.15926205457636855,-0.18071483206691197
1.836625,0.28007554383369465,-0.08857670717823804
1.83675,0.19897354874664913,0.1267662498375575
1.836875,0.10462304692733385,0.23638953484374353
1.837,-0.12794681343014305,0.2783695578108528
1.837125,-0.11622977354668064,0.38482656644298036
1.83725,-0.2320290713033669,0.3416864609795099
1.837375,-0.08706373937688015,0.045682253386163246
1.8375,0.07317832728493795,0.032719946933926033
1.837625,0.2087983486378806,0.12306341770656222
1.83775,0.10309396707903551,0.24407881675534168
1.837875,0.07752967051276063,0.41919960853873084
1.838,-0.22664843808236143,0.18578814776216618
1.838125,-0.17308580594298364,-0.006298696303664445
1.83825,-0.3751597617984799,-0.15999968706365816
1.838375,0.07852630683659723,-0.1790645167286727
1.8385,0.14402999195522526,-0.18080647995852778
1.838625,-0.10144549574743018,-0.12410343755834222
1.83875,-0.11228933466316218,0.17155205807006096
1.838875,-0.2202432854668669,-0.0056799515295444915
1.839,-0.08679594950441487,0.009790472653491979
1.839125,0.022198339998923115,-0.026380049289637095
1.83925,-0.0010773901127949497,-0.08322802909665497
1.839375,0.027305723353775433,-0.14965484032846843
1.8395,0.04681250971121008,-0.05456250133008382
1.839625,-0.16046569446322148,0.0735662367977035
1.83975,-0.437554616557625,-0.14577883095886932
1.839875,-0.5205886523814698,-0.23092155639226314
1.84,-0.764333291214483,-0.2168923789709565
1.840125,-0.6210976197055578,-0.19644605335366871
1.84025,-0.6881067665511396,-0.011449865285659779
1.840375,-0.3196671449492487,0.0910489608982544
1.8405,-0.11648291059224036,0.001395160519867231
1.840625,-0.13634154666813034,0.0020740795321919463
1.84075,-0.3637432235811692,-0.018561884410143052
1.840875,-0.2484694530196105,-0.3192030751217126
1.841,-0.2618047372075316,-0.49532461614354106
1.841125,-0.25525696203298004,-0.5202498980285811
1.84125,-0.22107571859926367,-0.6129445260276553
1.841375,0.02019663029947969,-0.5696298133737006
1.8415,0.38337450763222397,-0.5069687822137252
1.841625,0.14008569151215897,-0.22378681682718735
1.84175,0.026377752829530955,0.03849216628136152
1.841875,0.0611102382295068,-0.1502851264411437
1.842,0.10360454183684502,-0.11256095296321335
1.842125,0.3138050236972751,-0.2653154036057637
1.84225,0.35167435508683653,-0.33291506036138213
1.842375,0.41113196519011164,-0.174479357341301
1.8425,0.27812146392391796,-0.18937432802364473
1.842625,0.4838615508078963,0.21667249205922806
1.84275,0.22234378573130487,0.25447167966341566
1.842875,0.37616094319391713,0.13396254872399388
1.843,0.6165290390007625,0.04094866275267554
1.843125,0.45253392696875383,0.03301942912045169
1.84325,0.4426614820252408,0.10493533705332986
1.843375,0.2903597124096224,0.14890154848000786
1.8435,0.23475649700035758,0.1958536404161056
1.843625,0.130274849266443,0.26027495697497643
1.84375,-0.14970905026464487,0.3932835174005393
1.843875,-0.09012490456604319,0.27381207553527276
1.844,-0.08344620564561658,0.33687668403548526
1.844125,-0.1058370273838407,0.5223384478683425
1.84425,0.11863729117154427,0.3492906409729409
1.844375,0.03804524084069633,0.5531947717227182
1.8445,-0.06722083987450665,0.3778358062964517
1.844625,-0.3375031603082428,0.38571061849708094
1.84475,-0.30960558325589693,0.20084767055109504
1.844875,0.06822950569665495,0.06308431344107891
1.845,0.2819355331357998,-0.01525545463452557
1.845125,0.056759262432970754,-0.1934060797000727
1.84525,-0.08271946771333144,-0.1370344749468013
1.845375,-0.07088314973892186,0.002124857708022263
1.8455,-0.2046463919584471,0.0007189254981667153
1.845625,-0.1430042327324765,0.003645728476200071
1.84575,-0.06656716261703548,-0.012889918268653384
1.845875,-0.07471197848701021,-0.2107873886083615
1.846,-0.11480709842102327,-0.16969476433003522
1.846125,0.04886147538311669,0.062225510509999055
1.84625,-0.10906190272434342,0.16779676957058506
1.846375,0.12617740428818966,-0.03210986978985491
1.8465,0.20511139283684765,-0.16531936948803383
1.846625,0.28181727531602496,-0.16859425719910198
1.84675,0.14195981550087644,-0.05998386078999816
1.846875,0.028049103577171244,-0.08120338472438841
1.847,0.056747968291189735,0.014150103263693753
1.847125,0.20821903348392962,0.14933035687241009
1.84725,0.20012559564232502,0.07670028777956786
1.847375,-0.17581568675288672,0.018763839005061168
1.8475,-0.31904503944839746,0.07765098872983088
1.847625,-0.13657250650823563,0.10773787694268856
1.84775,0.0501929454885928,0.07652133879112383
1.847875,-0.028698682757426337,0.2279308880366958
1.848,-0.35838920430194504,0.0605429115448093
1.848125,-0.3574633466579122,0.09314649016996694
1.84825,-0.041046132170898746,0.15223854702546685
1.848375,0.0008267886565890285,0.08928237859851497
1.8485,-0.3072498602358739,0.07798844141467808
1.848625,-0.5092144822307523,0.008086337482567927
1.84875,-0.808531658842826,-0.1919337100824569
1.848875,-0.5572407351197737,-0.06639715460047002
1.849,-0.3008114517107554,-0.021059564792982814
1.849125,-0.31244119926980846,-0.10501673039642757
1.84925,-0.24133779747361805,-0.2367775545738578
1.849375,-0.2491408616961607,-0.28187449675630993
1.8495,-0.24297411832160498,-0.2878569528719889
1.849625,-0.42193484291311134,-0.12348149484641242
1.84975,-0.31276611549303635,-0.29601380121373266
1.849875,-0.05335071851626125,-0.43487561958212273
1.85,0.08287422150570734,-0.46568437758665543
1.850125,0.14989383178085983,-0.6289505072568015
1.85025,0.05677387397645955,-0.1437907206010877
1.850375,0.15818731508493716,-0.1811341328291115
1.8505,0.21262346877597,-0.17287180014444462
1.850625,0.3489656789856029,-0.12266722159654636
1.85075,0.17690941171307564,-0.15120253314221235
1.850875,-0.0315103390434884,-0.3107001737373833
1.851,0.1556237380517179,-0.11815663612641807
1.851125,0.3097128989698932,-0.0858045057441554
1.85125,0.4811894999934248,0.09256813099696613
1.851375,0.39725319385738483,0.044161465079159155
1.8515,0.2744480014332112,0.18066758779370945
1.851625,0.4205133078136617,0.2061398611577142
1.85175,0.4757178867543915,0.4388324661263699
1.851875,0.4583866948505433,0.2716362493973125
1.852,0.2542736119080265,0.22241292670624752
1.852125,0.10211957548949419,0.15384949898972208
1.85225,0.04835997495922291,0.2056534428532726
1.852375,0.020640486826556313,0.3583276743739151
1.8525,-0.2873156062608024,0.4763842437444219
1.852625,-0.16065264200283988,0.31442112854319637
1.85275,-0.12751804311734216,0.23008057922449013
1.852875,0.17127693215622453,0.2847597340895885
1.853,0.2994040747309604,0.4125912269118493
1.853125,0.20163848173965201,0.4256954591348397
1.85325,0.07068650231113693,0.31628046026950646
1.853375,0.15002455623513977,0.18715252584186207
1.8535,0.10143552067644047,0.07869832618986503
1.853625,0.22283220644720528,0.0037592368369983734
1.85375,0.014299285232642204,-0.28649490007936695
1.853875,-0.030379073163643897,-0.046555736801110685
1.854,-0.2369584447931865,-0.18358387299774442
1.854125,-0.08054546588359607,0.06951966171576492
1.85425,-0.16157375532102503,0.1271674955982883
1.854375,-0.11665734898807284,0.045488900718834976
1.8545,0.06580015626369215,0.08161037510206931
1.854625,-0.01623082743726828,0.04492499013843539
1.85475,0.04521279653950425,0.1254012320313399
1.854875,-0.17633415033272354,0.14549175876150677
1.855,-0.10221832732325603,-0.02305981014329238
1.855125,-0.1685616635548652,-0.12880225098291403
1.85525,0.0110053649698823,-0.053521219315843686
1.855375,0.08178258787553852,-0.1582266192446344
1.8555,0.2649519022803663,0.05238690590450061
1.855625,0.3342824998902713,-0.11805891277930587
1.85575,0.294425925075367,0.008013808535932079
1.855875,0.060930684045536455,0.01885340486319022
1.856,-0.1362705728723763,-0.03220069869426248
1.856125,-0.0026209191189550556,-0.08983455281607604
1.85625,-0.08079585952648935,-0.1689621857306713
1.856375,-0.09485326383469952,-0.1927067057504524
1.8565,-0.22049030605089665,-0.005330819293733436
1.856625,-0.48222666691958505,0.17703351150705343
1.85675,-0.3973978983476427,0.1703298985502143
1.856875,-0.6544079437390163,0.1689886559480737
1.857,-0.5663109344267351,0.24269379647130399
1.857125,-0.49500556185825684,-0.17849976491669745
1.85725,-0.3171878818417026,-0.07524638664023467
1.857375,-0.07614389033417023,-0.035150439795328184
1.8575,-0.3505133178131226,0.038622391783192135
1.857625,-0.580148440872752,-0.03251089711319303
1.85775,-0.6328325833384741,-0.21307337479365362
1.857875,-0.47343992038349686,-0.48993418281784984
1.858,-0.0900280926527398,-0.36940999204072483
1.858125,0.30259845214513786,-0.49321232273940685
1.85825,-0.16029828039853658,-0.37182955263965267
1.858375,0.02749050763369721,-0.46410394850135495
1.8585,0.012724581451896042,-0.3032610092741845
1.858625,0.3913553528056615,-0.21131694143266777
1.85875,0.3406708486677015,-0.25251091792182384
1.858875,0.2456667546466362,-0.4906571840832606
1.859,0.3640308839105311,-0.7104868817970666
1.859125,0.6235162795096599,-0.30061227375464344
1.85925,0.5020285693376604,-0.05882287844844299
1.859375,0.27732938441121036,0.15112953994419726
1.8595,-0.10642941763771653,-0.03802651029063072
1.859625,0.106131120662595,-0.08821060626521465
1.85975,0.2277975416073414,0.03633916089852494
1.859875,0.30411964104825645,0.2445928135794603
1.86,0.4520380943074924,0.14213012493526733
1.860125,0.1395394383839238,0.3627584801006872
1.86025,0.011515789371897072,0.3748831646685814
1.860375,0.0037626808792952894,0.47819913036024336
1.8605,0.06989156858119878,0.5321855564418364
1.860625,-0.13243331802062006,0.22555453453423358
1.86075,-0.06157902687719792,0.037534621595207436
1.860875,0.1255419723261062,0.26236252054089526
1.861,0.15924662964843325,0.35539070062180356
1.861125,0.09439287797766448,0.32038336666856965
1.86125,0.0354701070156175,0.3387048623491328
1.861375,0.2647306009330103,0.1251853461664293
1.8615,0.5249773035380663,-0.08813255797179419
1.861625,0.46254680565054096,-0.02235458444762012
1.86175,0.1552656580008844,-0.13241018801020912
1.861875,-0.06877787416875518,-0.04058988020837795
1.862,-0.17453078542911085,0.04430321248031931
1.862125,-0.0005523121698138868,0.04176034792214134
1.86225,-0.06240834980976833,-0.041647282025400106
1.862375,0.010651208080794151,-0.014258108397014312
1.8625,0.05140328254178118,0.08407441962745503
1.862625,-0.004215413127282672,0.20845575103039432
1.86275,0.10526459635359564,0.4878311490872781
1.862875,-0.12919432238685422,0.4335111834419029
1.863,-0.11530808596926888,0.11485698714220716
1.863125,-0.03453188909382175,-0.13153295796059086
1.86325,0.06906590285061158,-0.16783469690307273
1.863375,-0.13402983512260763,0.13406358835339757
1.8635,-0.1368185839507323,0.3021661221756634
1.863625,-0.02113233314137812,0.08034388877000564
1.86375,-0.16932597911319072,-0.02965834374404299
1.863875,0.06883558863993497,0.00923553112263298
1.864,-0.18146635039691145,-0.05448645606121592
1.864125,-0.28860619615446287,-0.2848979454988162
1.86425,-0.2673284281652936,-0.13320646794131913
1.864375,-0.147151765198686,-0.011517588469372229
1.8645,-0.20383742363500348,-0.005114071702324261
1.864625,-0.21469784481395776,-0.11651263417372312
1.86475,-0.22651382316784457,-0.142712948223655
1.864875,-0.20257870266979536,0.008754188131726973
1.865,-0.3034450779140338,-0.05047095644520934
1.865125,-0.4429198089279647,0.1347815528443268
1.86525,-0.5104316383315256,-0.15699657639882333
1.865375,-0.44129421779509276,-0.1623531410805437
1.8655,-0.28370902938308046,-0.17622205355603832
1.865625,-0.2271336376912548,-0.17532715758217296
1.86575,-0.34123736346402145,-0.13964897723612213
1.865875,-0.31069318740109564,-0.22982965937284905
1.866,-0.09771690785647008,-0.14182376883373832
1.866125,-0.06370084439631231,-0.17146452395569228
1.86625,-0.0009968330761861459,-0.194705063295981
1.866375,0.07734420875954698,-0.4063949579936136
1.8665,0.03533368525387851,-0.46515252731762585
1.866625,0.28017847838511045,-0.37283655715288866
1.86675,0.3113135218892616,-0.272150719256461
1.866875,0.35333367411147204,-0.310616786755923
1.867,0.05710354156363314,-0.1805860925494396
1.867125,-0.029348340145885686,-0.25504267853528306
1.86725,0.20970720003182597,-0.11534283484294607
1.867375,0.300684583274709,-0.013796402510031173
1.8675,0.14204276946093744,0.038951484343581255
1.867625,0.21939358916428178,0.03259409550109995
1.86775,0.08917780919740467,0.17414760516954975
1.867875,0.35820958521804996,0.41497027946603426
1.868,0.27175702662000795,0.46183828094304125
1.868125,-0.038720733345968,0.3044032816755915
1.86825,0.11047733268248483,0.03576730418673668
1.868375,0.31498096139769494,-0.11555163849852917
1.8685,0.3015225466168151,0.09712238555525904
1.868625,0.041720067687558954,0.20701014208261334
1.86875,0.028943887342278637,0.21509552549216626
1.868875,0.27190886130685654,0.10297776160499422
1.869,0.48898914912964214,0.22270514042783726
1.869125,0.3168739691789622,0.3756835101799805
1.86925,0.2696296589046679,0.16049708107061736
1.869375,-0.06437410721104117,-0.01677887191797347
1.8695,-0.3629226320970391,0.20766001848805163
1.869625,-0.1818652057330331,0.2742700780537446
1.86975,0.06312923454579365,0.2374209547717742
1.869875,0.2598364512720355,0.07033599473636809
1.87,0.2892548940544314,0.055457885395028064
1.870125,0.09844043067136282,0.21229362898832158
1.87025,-0.2474234145753708,0.5107409215025271
1.870375,-0.20051086794837591,0.4304103460025355
1.8705,-0.3246486121919146,0.11962100783017918
1.870625,-0.1116299763447774,-0.2630470273951185
1.87075,0.17317436513497494,-0.24137904311127403
1.870875,0.3632395966691323,-0.1394630194285102
1.871,0.06554539620920692,0.0033869528823191257
1.871125,0.12186983836274214,0.315302907833595
1.87125,-0.020581228617772618,0.16691040280804414
1.871375,-0.2609359238725725,0.02474435311569826
1.8715,-0.2550662330745666,-0.1992807448249411
1.871625,-0.23349894723429632,-0.35745178129040583
1.87175,-0.13203844074108365,-0.2908567148527679
1.871875,0.13183683826282333,-0.13600249681078058
1.872,-0.0045873149956166676,0.21521184196677787
1.872125,-0.1257187312052318,0.2129123896239856
1.87225,0.29821964765024217,0.19748350029333955
1.872375,0.09684099584571759,0.08561140815396395
1.8725,0.11116116393855523,0.02928373524023483
1.872625,0.07041550662171668,-0.14111401464624143
1.87275,-0.06939573007364276,-0.38413739477386855
1.872875,0.06098055173475512,-0.28385332495116683
1.873,-0.13698453706380403,-0.13953351800517108
1.873125,-0.13948720904509074,-0.003692019485900046
1.87325,-0.11242564053608879,0.1610944878750452
1.873375,-0.16513048547492423,0.07410914272749046
1.8735,-0.031521029635481645,0.1235515700436141
1.873625,-0.3718039088858099,0.13571570218880452
1.87375,-0.4138418141911855,0.09733730527730389
1.873875,-0.7972357762923895,0.12326592331683575
1.874,-0.3543878432994973,-0.10978481476051682
1.874125,-0.13391933545703,-0.09440676551728422
1.87425,-0.06630441687206565,-0.09078482316881031
1.874375,-0.32147686364259753,0.011739857179165779
1.8745,-0.526207279352008,-0.2145452134119482
1.874625,-0.1782161060438835,-0.13996688622605535
1.87475,0.03774132296486122,-0.1438869840825579
1.874875,0.09618141673982293,-0.39649266338356004
1.875,-0.4493034058794947,-0.519517471545419
1.875125,-0.49476716906315565,-0.665400213537413
1.87525,-0.26103522166563453,-0.4480838468912224
1.875375,0.1681470531345028,-0.09410805469967161
1.8755,0.22505597633010505,-0.19121518515289979
1.875625,0.19033343559511823,-0.26385609920614767
1.87575,0.03217903982547416,-0.4758790901106953
1.875875,0.1940441059019509,-0.278660175929737
1.876,0.46079996232875187,0.08750606529009505
1.876125,0.6218347997709297,-0.0022555723803128164
1.87625,0.4124551896644697,-0.2866479550403924
1.876375,0.3648715366323704,-0.42333095155235
1.8765,0.24008172285466303,-0.12561164768558936
1.876625,0.471690851625471,0.123655151674805
1.87675,0.6089876537606786,0.34217882008627465
1.876875,0.5122282426098544,0.0803354358510387
1.877,0.18354260362143562,0.039606799935367844
1.877125,-0.010824593606544192,0.24226600663754097
1.87725,0.042071512458094616,0.43960773437188266
1.877375,0.18651754932749232,0.42219507256077005
1.8775,0.3402034151049026,0.28589692472629286
1.877625,0.1994979996655278,0.34235484265434013
1.87775,0.11643203063227325,0.3191579939853986
1.877875,0.19119951722150208,0.43804683023176566
1.878,-0.05140757924660415,0.3994244573525492
1.878125,-0.02843817615616124,0.3696268232746126
1.87825,-0.04580832204555843,0.1302013686902476
1.878375,-0.1379327515697831,-0.21894140713129567
1.8785,-0.1273428699824973,-0.0031876710600078862
1.878625,-0.3211865325723054,0.029084810716129363
1.87875,0.05619627575016453,0.13448369462566578
1.878875,-0.15192856321865297,0.07683580379925185
1.879,-0.15400181385691308,0.19420681952249502
1.879125,0.061346873796182866,0.13841468187894854
1.87925,-0.08608208139357877,0.04941463506808848
1.879375,-0.060382773181517,-0.0030416011174153835
1.8795,-0.19449938589747032,-0.03277230224077943
1.879625,0.020000283851532102,-0.008875549354842494
1.87975,0.03763679006859443,-0.009752337062778997
1.879875,0.1845428407482975,-0.2067327240303032
1.88,0.4331781946290334,-0.011499883331269943
1.880125,0.2283083450423716,-0.09930148714204658
1.88025,0.08319179862724813,-0.03863872474639875
1.880375,-0.1680552885807654,-0.10793913656744641
1.8805,0.05274945672427346,0.028147682269278832
1.880625,0.00855652674705118,0.10170783177135344
1.88075,-0.07518705084848798,-0.0006230352186026685
1.880875,-0.06235154022689066,-0.1268529325518983
1.881,-0.31232584525378965,0.05093232031789372
1.881125,-0.24452089038297542,0.04640132258114903
1.88125,-0.07499826567660876,0.3591044915626421
1.881375,-0.2116170584696613,0.1371787943246356
1.8815,-0.21750665818200113,0.01881242008340796
1.881625,-0.4962596364074324,0.07869683583678402
1.88175,-0.2686828785555471,-0.07359244339113918
1.881875,-0.3198305906011154,-0.037889812884472324
1.882,-0.4019555500510258,-0.05941936916381118
1.882125,-0.2769924383067295,-0.2908486976378594
1.88225,-0.1652412622855926,-0.16240502900739237
1.882375,-0.1896551862258263,-0.2690614791725145
1.8825,-0.2708062752448537,0.061315412037625874
1.882625,-0.20785746875186628,-0.24600308497356788
1.88275,-0.19959443905013025,-0.33540407094670904
1.882875,-0.28884474508773583,-0.275820258284969
1.883,-0.19463551947660637,-0.14283882648939747
1.883125,-0.12764690325722083,-0.3921622049639318
1.88325,-0.12154142870515858,-0.537855365003631
1.883375,0.011204409192339176,-0.31883208591937096
1.8835,0.11012147075529304,-0.10691004565872436
1.883625,-0.018478410090930583,-0.20660551144895173
1.88375,0.16137422525583398,-0.17878589375703216
1.883875,0.304270478649077,-0.1780462763465829
1.884,0.42215331876640955,-0.26565534282628855
1.884125,0.44626690961588583,-0.21852828122516055
1.88425,0.34747551198661036,-0.2170149611732032
1.884375,0.5245205335856538,-0.2162737433386511
1.8845,0.5594254794406273,-0.17256969243385337
1.884625,0.5470215445546431,-0.007909107245010401
1.88475,0.4881787221758661,0.03570153167276852
1.884875,0.08174927571484752,0.21043385745868767
1.885,0.12937953539487806,0.15369498163188272
1.885125,0.38032073400588556,0.14546353927063443
1.88525,0.12555706185543697,0.4154032286789863
1.885375,-0.024781182801035445,0.40555097452825417
1.8855,-0.12088604405921366,0.2996488904450764
1.885625,-0.13628227036670998,0.42245297672173876
1.88575,-0.028582602750611506,0.5164710372378094
1.885875,-0.08191760968834945,0.4630343219473806
1.886,0.04693780014718776,0.37826580969852597
1.886125,0.20404235047679792,0.10413170658792437
1.88625,0.2826766176883842,0.33926465295494096
1.886375,0.32270306348514816,0.2793966593864066
1.8865,0.13163985644910672,0.35034081511196175
1.886625,0.15045504587002193,-0.06770151915029242
1.88675,-0.11508244708503522,-0.3700474402525698
1.886875,-0.16322976412440027,-0.31984654322925427
1.887,-0.2112328710983683,-0.0720715005469358
1.887125,-0.27271137935958023,0.008292460706706759
1.88725,0.09688486472378158,0.056162756215974836
1.887375,0.32894134593781554,0.19534054855866306
1.8875,0.20902422362620648,0.28597988540913544
1.887625,0.2090027996207653,0.32817701506291597
1.88775,0.023774602145529306,0.25471662145175755
1.887875,-0.2133657648729151,0.1203071926936829
1.888,-0.21444848805003364,0.00814396872893991
1.888125,0.004145224250646817,-0.0014672247383990028
1.88825,-0.01625799073783552,-0.07387663582751688
1.888375,-0.19240438014157496,-0.1152691193543557
1.8885,-0.10778643093303275,0.017198776315153253
1.888625,-0.05316481092147938,0.198077282231375
1.88875,-0.19476849614863048,0.3125079468632216
1.888875,-0.21262507479508624,0.13386479060731807
1.889,-0.11196741596663005,0.008258016333156246
1.889125,0.044438140908045924,-0.14190300424305885
1.88925,0.1786643578714601,-0.17560539578581835
1.889375,-0.20875807570174615,0.06802515792231226
1.8895,-0.4595037698532064,-0.0081063743118749
1.889625,-0.6004642944927171,-0.12960571070295834
1.88975,-0.4875922605139833,-0.0649197328113086
1.889875,-0.1383930181135292,-0.2458130451598799
1.89,0.016862642309473156,-0.14137251559317526
1.890125,-0.055895504482838365,-0.2875623974910462
1.89025,-0.2737104965264046,0.02059673789726232
1.890375,-0.07519454077604923,0.1524577568784238
1.8905,0.039766721619030276,0.06954762327385668
1.890625,-0.028489934954397455,-0.18028147026553124
1.89075,-0.23374441815378738,-0.42662426242054025
1.890875,-0.5430909995699628,-0.6347305255275112
1.891,-0.5998467984087585,-0.4147845507850906
1.891125,-0.30419391870625834,-0.1361596186028115
1.89125,-0.11354118716204999,-0.1354263076250203
1.891375,-0.12738522252389345,-0.16577177035143978
1.8915,-0.30626149240056055,-0.18907936103318565
1.891625,-0.15582664447733133,-0.1034837067133369
1.89175,0.02772636312419511,0.16073540928170976
1.891875,0.09993558880811367,0.15733547735736395
1.892,0.03479140669931138,-0.25374166496811285
1.892125,0.2619712335202981,-0.4346894136467981
1.89225,0.5023538265970581,-0.5815867128915805
1.892375,0.2771595050952797,-0.25312230623357074
1.8925,0.23471939175455697,-0.15859189930369008
1.892625,0.3577402738148681,0.015238313014890535
1.89275,0.7151607133403426,-0.10052827819779082
1.892875,0.5953535803979492,-0.10776358334942693
1.893,0.6298821768909988,-0.012983816148711358
1.893125,0.02280544159847019,0.09926183606664236
1.89325,-0.02570184327576766,0.036318297169031045
1.893375,0.1605165125515541,0.3053845239242802
1.8935,0.2988196870401923,0.38402337616451643
1.893625,0.2566854666810383,0.31090144259171376
1.89375,0.14658488965844518,0.41647155118554624
1.893875,0.0025815926763422233,0.3828513413327387
1.894,-0.07001017706752362,0.49248159559524085
1.894125,0.04028292020512487,0.5226649744447577
1.89425,0.1309972611863622,0.21146720353663082
1.894375,0.07996381268700306,-0.154229966436894
1.8945,0.0959331100127375,-0.0023764167211535485
1.894625,-0.12403885384326656,-0.05851564057376018
1.89475,-0.3280946162497697,0.1521393477440698
1.894875,-0.3442771714526801,0.20406243130188584
1.895,-0.1316394731801391,0.1507839063762423
1.895125,0.007626789653900282,0.06790884910962962
1.89525,0.00993933324540294,0.111880192033675
1.895375,-0.12485393510204706,-0.07435326651677811
1.8955,-0.07739305015373833,0.13705823983749343
1.895625,0.00886417795579042,0.014965559908455975
1.89575,0.09156276299697537,0.14765120672718415
1.895875,0.2815009985161847,-0.10352787336150349
1.896,0.11375243162141736,-0.2681661179216598
1.896125,0.22385523947802488,-0.22603978466522567
1.89625,-0.09023581392501924,-0.02369555981792471
1.896375,-0.1631720199649634,0.02581312799413021
1.8965,0.015183583601519538,-0.0023027600418359133
1.896625,0.07952929219426015,-0.04705012617314262
1.89675,0.021742987264461257,-0.20893650864943228
1.896875,0.12017319593486381,0.09931647547696257
1.897,0.051446334608850335,0.14723069520394372
1.897125,0.16528933469792376,0.12258521536184581
1.89725,-0.11878082791551844,0.17579701785866814
1.897375,-0.18240357425116796,0.09663157974399621
1.8975,-0.37710876734566273,0.010884822612567612
1.897625,0.022511407350317477,-0.04376455000175486
1.89775,0.04752783027024757,0.0943881057873154
1.897875,-0.155268932572889,0.1826454841776988
1.898,-0.47107286804159454,0.22346902457448756
1.898125,-0.46314192956134326,0.08754203424908928
1.89825,-0.2933242853372058,0.05491467575439881
1.898375,-0.1963732897576133,-0.040068679895894195
1.8985,-0.009659624802133844,-0.1432653815049507
1.898625,-0.1339637389300207,-0.1822900386257266
1.89875,-0.5663878194004296,-0.2272573010013706
1.898875,-0.7331642550273392,-0.04138564917924616
1.899,-0.5110029228425205,0.0038262572403591766
1.899125,-0.35730488400103994,-0.03916710719271918
1.89925,-0.01730538753840817,-0.4533512334514326
1.899375,-0.03824643838502402,-0.6208842222607169
1.8995,-0.12017516609652915,-0.13865884523435287
1.899625,-0.21749327935917093,0.014985934664156491
1.89975,-0.40079145497006496,0.0011292827637847064
1.899875,-0.3012159959289986,-0.2498942144675017
1.9,-0.12179542306980416,-0.46580749160221396
1.900125,-0.0009396137183943583,-0.6135985300238566
1.90025,0.2723398624502559,-0.5179275094331958
1.900375,0.3466861415214044,-0.30485627485697087
1.9005,0.4894222296876676,6.92539960821383e-05
1.900625,0.48988001390100244,-0.01372160963199315
1.90075,0.22201319398624514,-0.18008272898160926
1.900875,-0.013319271210261855,-0.41211794045323613
1.901,0.14055784795306828,-0.5001710613933479
1.901125,0.4036264410434457,-0.2572482925019058
1.90125,0.3074788048394954,-0.04420571049492595
1.901375,0.6491700473156856,0.05554592020018733
1.9015,0.5021053618560661,0.13565983649187374
1.901625,0.3948051497741511,0.3446402880247206
1.90175,0.2552012340007463,0.2767395901292992
1.901875,0.18729692750206184,0.25420567133315053
1.902,0.291438173377296,0.1897463984107557
1.902125,0.31511493919785916,0.05848057416947528
1.90225,0.323137808351493,-0.009698360897282711
1.902375,0.13087311859560935,0.04124493657668921
1.9025,-0.05906230264660111,0.21696088052322068
1.902625,0.1437257727112461,0.2955145232366514
1.90275,-0.007194379928216796,0.5675810200915963
1.902875,-0.1490038627138606,0.2596475778863526
1.903,-0.24910523992169345,0.20167482514661725
1.903125,0.0013865249574724098,0.07463659451943441
1.90325,0.23415478453193264,0.2710579420754555
1.903375,0.38820727052400195,0.2842132696415483
1.9035,0.35183389823873645,0.2157453983176384
1.903625,0.1962185855843142,-0.0314411591272336
1.90375,-0.008455190504845495,0.009386776475539638
1.903875,-0.05214729715609243,-0.054550473930996164
1.904,-0.2639561713410791,0.024497648024742587
1.904125,0.007848299572484523,-0.1225716083531725
1.90425,-0.11936239377577061,-0.28047885289457675
1.904375,-0.05894231773378797,-0.09283117333388005
1.9045,-0.2245837885535293,0.32378505875795693
1.904625,0.17268455772118496,0.252941952089828
1.90475,-0.030333763835567688,0.33431516548572543
1.904875,-0.09986955481348993,0.047161020494927465
1.905,-0.18219966109709881,0.0520290821971619
1.905125,-0.09685632186183143,0.06860830094873535
1.90525,0.08260480175383013,-0.02322939283119683
1.905375,0.024476886105871416,-0.06718227445392534
1.9055,-0.02922236076841953,-0.15153604456254535
1.905625,-0.21900418833796095,0.05566006941492253
1.90575,-0.1859818506683102,0.015676594500315083
1.905875,-0.09985444137233127,0.19306997950906482
1.906,-0.04689905171540916,0.19154996285699577
1.906125,0.018680387711521574,-0.02198121228307171
1.90625,0.12074351002887272,-0.12189073213416948
1.906375,0.2252528206655121,-0.09867533189784432
1.9065,0.08782686337228456,-0.0640757407614001
1.906625,-0.18418137317642438,0.08962353627327029
1.90675,-0.26621865893762087,-0.09615596651949682
1.906875,-0.12756808342547532,-0.29346313922838674
1.907,-0.2149114579992083,-0.274475525708921
1.907125,-0.4845098193064863,-0.06155825434454856
1.90725,-0.8714710571675356,-0.14531052975518388
1.907375,-0.6775035443099839,-0.01668372909709875
1.9075,-0.5027324191950445,0.026065472107384982
1.907625,-0.18499917912317834,0.30784445316073245
1.90775,-0.31344261621499114,0.05384183804781993
1.907875,-0.4672640125190342,-0.021167869439938113
1.908,-0.2946617463259314,-0.21231637725409916
1.908125,-0.11692222074945677,-0.1918716788146695
1.90825,0.1251480468626421,-0.15326572795251
1.908375,-0.08710226134179361,-0.5102995398391715
1.9085,0.011680205340118573,-0.7603555107761161
1.908625,-0.15268488591672524,-0.6916141151157756
1.90875,0.11317035357026252,-0.23090660604558896
1.908875,0.40561516707247264,-0.06885139978863158
1.909,0.8071038278185504,-0.21044504068754463
1.909125,1.0,-0.30596440872420294
1.90925,0.7659232050524543,-0.2464438323011694
1.909375,0.23266249384129398,-0.15913546163517592
1.9095,-0.05945265326109534,-0.023052631856186955
1.909625,0.1283584249162198,-0.09360141147189432
1.90975,0.2808957226710199,0.0755335868837371
1.909875,0.26195164882101857,0.03429849949051016
1.91,0.26892037425265547,0.13447044151367105
1.910125,0.2743257733225327,0.42872321778056577
1.91025,0.38501637302148484,0.7816084324466361
1.910375,-0.030259551013367494,0.8474695550428625
1.9105,0.056275502666088016,0.7121915362931092
1.910625,-0.28016504790576,0.3911278215448979
1.91075,-0.14235866387877646,-0.008555462670267324
1.910875,0.15425430184298033,0.09945357453380768
1.911,0.10921252108020103,0.2584587013652768
1.911125,-0.1562446961954561,0.34953472807105196
1.91125,0.09747754510459462,0.1827943465359315
1.911375,0.162099274090652,0.2141548877834842
1.9115,0.01639038802493937,0.3115846190752026
1.911625,0.3692397527662363,0.12660011443698402
1.91175,0.2563909268434137,-0.11405215408509994
1.911875,0.19013514186565014,-0.08161010641691457
1.912,-0.063360638403986,-0.017160703432208935
1.912125,-0.40941751827783185,-0.018062499115632586
1.91225,-0.23623469745010017,0.092229181832861
1.912375,0.08005439521033977,-0.0032425911502866507
1.9125,0.0691350145177125,0.048648661059363565
1.912625,-0.15599992858030404,0.04373129022791985
1.91275,-0.27986210171509107,0.13291280942763273
1.912875,-0.2113338050457444,0.14840572977540356
1.913,-0.008050095497382403,0.16148840967591135
1.913125,0.1275579586567709,0.13768506871447586
1.91325,-0.08472517170835815,-0.08224334662355648
1.913375,-0.2421173713893741,-0.23430424304965408
1.9135,-0.4251315142148591,-0.12250585076679009
1.913625,-0.13472055620947782,-0.08259545762442287
1.91375,0.07657197849275234,0.1293141917637854
1.913875,0.13740774380097975,-0.08870624893488296
1.914,0.062431389348123235,-0.2359058080291724
1.914125,0.0027052227292540007,-0.17276569083873908
1.91425,-0.008157509842021902,-0.03829784447040048
1.914375,-0.022139224134896426,0.15305988508948074
1.9145,-0.16660898391190718,0.02454555528364452
1.914625,-0.5863358852864233,-0.32724103648364783
1.91475,-0.5295727023225176,-0.38228526242036015
1.914875,-0.2543347250395857,-0.16404418697790946
1.915,-0.03013444344872199,0.11731427353335382
1.915125,-0.0628422532576892,0.19209402262817887
1.91525,-0.0025091410715028656,-0.059733711636881445
1.915375,-0.08295986835897232,0.05268841083882133
1.9155,0.010808797257690895,0.09012372416539463
1.915625,-0.07845477574750617,0.0021605926660619467
1.91575,-0.2521176059338683,-0.15281543354495689
1.915875,-0.4117230633811421,-0.5660696826394279
1.916,-0.25054004330840246,-0.5263899893365618
1.916125,-0.6131576805771893,-0.14806682767497323
1.91625,-0.6569812148619143,-0.04961908472149665
1.916375,-0.3541602534966344,0.08264395526016798
1.9165,-0.14158454790568503,-0.05533990495403622
1.916625,0.07022131046696106,-0.11780718450128913
1.91675,0.16895131816929576,-0.013661359780282328
1.916875,0.2553474300556162,-0.01914553408748718
1.917,0.4334553631921217,-0.2827159735308722
1.917125,0.4167052482484041,-0.272184183921302
1.91725,0.17982057708033836,-0.3815642772350105
1.917375,0.21144397698899278,-0.5700886825262874
1.9175,0.17420904018895797,-0.5610984684539667
1.917625,0.40382937291412097,-0.23777829259069186
1.91775,0.5803523545372185,-0.12156815848660574
1.917875,0.3525819690041275,-0.010404444652740636
1.918,0.056108970902771,0.076692617416468
1.918125,0.06651310210784749,0.25824078009374063
1.91825,-0.17404643064759048,0.45304429251303097
1.918375,-0.019904533543108515,0.28007549129691334
1.9185,0.13606962947639847,0.1720373357455349
1.918625,0.21117080572315725,0.022878260498347673
1.91875,0.38053062955604655,0.16631015074797265
1.918875,0.13923620447219454,0.22989797854817648
1.919,-0.13265232980656314,0.4686361899899172
1.919125,-0.17188929526678406,0.32422224978346564
1.91925,-0.1065468052884449,0.1372371344794921
1.919375,0.09851372114845781,-0.018503665044970335
1.9195,0.25122557522541894,0.04551659372231919
1.919625,0.1848478872732251,-0.08951960248947702
1.91975,0.31918824188937517,0.06576233749605147
1.919875,0.5139590254533261,0.22138142988111628
1.92,-0.02684277310368436,0.39295226932775257
1.920125,-0.1419839284028814,0.12110598375808812
1.92025,-0.06952749729177372,-0.04673368357454787
1.920375,0.013958873270896502,-0.13627048861825122
1.9205,0.1598253395206518,-0.006029398487356588
1.920625,-0.05379893102432882,0.03130376499914701
1.92075,-0.34376739656670974,0.12390721166318473
1.920875,-0.060033296655216194,0.2155434681033
1.921,0.2734157266363515,0.3372919499721448
1.921125,0.13580480442129056,0.3195286943847813
1.92125,-0.14362388407546053,0.14006737300933728
1.921375,-0.07588017633844724,-0.09357499416050433
1.9215,0.014056328609069467,0.03043740641982902
1.921625,0.14193390213848797,0.14134805067385414
1.92175,0.1632232764426797,0.04930104402463255
1.921875,-0.043792172393677706,-0.33161824237472126
1.922,-0.07183240924123244,-0.1791424254734907
1.922125,0.05599979919132874,-0.046263252297996015
1.92225,-0.017673910816995594,0.15619516843789033
1.922375,-0.1644541930720683,0.15984305817601235
1.9225,-0.3324335663574294,-0.14322537636289978
1.922625,-0.19217442089444842,0.01304137297207868
1.92275,-0.20435571755902113,0.13878138358713474
1.922875,-0.1294899745833775,0.184822051600441
1.923,-0.2985380392407307,0.12893313633002987
1.923125,-0.33018833371983086,-0.09461208856456668
1.92325,-0.16560661638533108,0.06564235622869903
1.923375,-0.15268835919698628,0.18699777493015257
1.9235,-0.36326207498411384,0.09675783198323935
1.923625,-0.41030707522825766,-0.11019699928021817
1.92375,-0.35783945733279765,-0.32169801295219547
1.923875,-0.4929787737613512,-0.15521765990489028
1.924,0.021743345375810973,-0.1187471200451214
1.924125,-0.10908673032537386,-0.22185627332022298
1.92425,-0.213706252097162,-0.48088060371828195
1.924375,-0.247434592313108,-0.25788514699500015
1.9245,-0.06912237969190325,-0.17300322644234836
1.924625,0.08040036102911251,-0.08994813738905427
1.92475,-0.05194116010727798,-0.29686523024986516
1.924875,-0.10982348130105546,-0.3392818984568208
1.925,-0.22563832645943102,-0.3320741355144748
1.925125,-0.05967168831925545,-0.23840750163982974
1.92525,-0.11956842812328598,-0.08685855350256115
1.925375,-0.054396097237138036,-0.08849878347456658
1.9255,-0.049900420159479326,-0.13259334295397207
1.925625,0.2977675731613882,-0.1599995308033215
1.92575,0.6425515675646017,-0.10729430771814207
1.925875,0.3122722052071179,-0.015550532294860812
1.926,0.4544731461898112,-0.08152614195375563
1.926125,-0.05997079337597576,-0.1714342093472175
1.92625,0.24428357087980315,-0.14511995868055466
1.926375,0.23050114071450686,-0.14680738593192516
1.9265,0.2072850887801435,-0.146957417195534
1.926625,0.4025603761269221,-0.18293455522387636
1.92675,0.05495507389523915,0.04154709257640757
1.926875,0.40988453867906194,0.2593614219780877
1.927,0.2490183399322964,0.5172687483194073
1.927125,0.33895626444325827,0.5597174667371941
1.92725,0.3319514929192036,0.13524402177329747
1.927375,0.0890768959588278,-0.11552756883080328
1.9275,0.02028480742192328,0.18650576704706356
1.927625,-0.1441952953765341,0.1777392857560878
1.92775,0.04498252064345672,0.34049492689112093
1.927875,-0.06640657202392916,0.2374169547727524
1.928,-0.026173601501046362,0.24587677669966745
1.928125,0.0005952039498140319,0.1401972811378955
1.92825,0.09975538062845261,0.2706625468800714
1.928375,0.15429863331076357,0.32124968834121304
1.9285,0.19809685415467565,0.15552034210270402
1.928625,0.11400904481480478,0.15522596863224689
1.92875,-0.14315627213053306,-0.05432223712829037
1.928875,-0.10640475149969414,-0.03689169248199762
1.929,-0.09683264176836225,-0.06398946036631663
1.929125,0.012137313090908937,-0.0782425200842929
1.92925,0.42248613272057806,-0.08465832987443549
1.929375,0.2946930886171689,-0.18990802693347544
1.9295,0.08111358297894497,0.1337935612831398
1.929625,-0.25232762119937147,0.2017697508128992
1.92975,-0.44056671233201045,0.12342370242809615
1.929875,-0.39660950990042937,0.16651607495462883
1.93,-0.15591148059725893,-0.06203462184615724
1.930125,-0.052181558682503834,-0.06039842652137539
1.93025,0.060254050002523526,-0.12711129636757026
1.930375,-0.1858577533599813,-0.02530060504386544
1.9305,-0.11336027524347224,0.3446524900977477
1.930625,-0.09593534127507972,0.3677678869959855
1.93075,-0.051046740064825645,0.1834731474308792
1.930875,0.03933836440677473,-0.275331996338686
1.931,-0.28822630366716195,-0.6342532321672598
1.931125,-0.18873112053410696,-0.38813005969159864
1.93125,-0.11439558265042252,-0.1426798534890859
1.931375,0.0702782484526694,-0.013948429274251974
1.9315,0.02876424179655223,-0.1431414510821972
1.931625,0.12295477978854841,-0.049777629517343436
1.93175,-0.16736673932076196,-0.0010180432873213366
1.931875,-0.20395645359371703,-0.052653739300524
1.932,-0.18439920592885534,0.05261152702451609
1.932125,-0.29270266098378017,0.021335898469338213
1.93225,-0.6886414858222156,-0.02946088561913661
1.932375,-0.656695039224857,-0.14593404733188184
1.9325,-0.4618832757736072,-0.1367024191812771
1.932625,-0.03992863615307259,-0.08938013353734174
1.93275,0.0830832748100492,0.04272624078119631
1.932875,-0.06678024337020756,0.013605531842604717
1.933,-0.11494501752249792,-0.03030458446820457
1.933125,-0.26168699069004003,-0.13719274203888607
1.93325,-0.27526314305004806,-0.20471349704615735
1.933375,-0.03850148480556612,-0.31307338138961444
1.9335,0.13794003712183092,-0.521387982605922
1.933625,0.44810415424655775,-0.5820179527505791
1.93375,0.380228073421842,-0.3054448697131132
1.933875,0.068496500838648,-0.24469609082179278
1.934,0.18073529751355188,0.1451524531034786
1.934125,0.4000861407131203,0.008364353737170621
1.93425,0.47959232046871353,-0.10814609089198769
1.934375,0.46896090633622883,-0.18548099341246907
1.9345,0.07056043578009223,-0.24561384788913496
1.934625,0.12291285210723607,-0.19252332183021523
1.93475,0.109161945342775,0.21782041736887064
1.934875,0.035870898323913526,0.34613749152030476
1.935,-0.044235275660556926,0.2013512606312327
1.935125,0.22360745991222677,0.017531015198532326
1.93525,0.14754151594824116,0.03665367275613997
1.935375,0.14346269558622252,0.40573502209705026
1.9355,0.08222449444578055,0.4661175744184996
1.935625,0.00820655987504495,0.28901409208673795
1.93575,0.10812460989537102,0.17389437576067593
1.935875,0.2780494848625535,0.1202019131277751
1.936,0.33097925926516264,-0.04830579330607256
1.936125,0.23428295247626896,0.005515729934528631
1.93625,0.1033247950602839,-0.10103526097665416
1.936375,0.0643965858390788,0.053588150960973885
1.9365,0.25505645111903924,0.11551083909339123
1.936625,0.15041527692351028,-0.02074571953177925
1.93675,0.04079683894143664,-0.018993455113329717
1.936875,-0.17266828175045987,-0.06728127141314284
1.937,-0.05232120159502688,0.020919578218944537
1.937125,0.3141239634525182,0.18245077311769903
1.93725,0.2748855808542754,0.3712878974288216
1.937375,0.0965245693980127,0.19249816080264973
1.9375,0.151710865800426,-0.041497350987186106
1.937625,0.26393615561474687,0.0009227782236320483
1.93775,-0.0068703700454396475,0.2604200884400236
1.937875,-0.0654274698616591,0.1328250311522242
1.938,0.10409367374768176,-0.034419685059158364
1.938125,-0.0404143379537792,-0.1305747001063573
1.93825,-0.13662396195238716,-0.01663748113228876
1.938375,-0.26151897488217535,0.15251125839169466
1.9385,-0.22426607351608274,0.2488233363587482
1.938625,-0.13527721491292752,0.05841930646491409
1.93875,-0.023783607054075468,0.16383588741890664
1.938875,-0.07386455499602762,0.023416575120916105
1.939,-0.08628443643966897,0.014804999254135089
1.939125,0.09490700277891377,0.05435095630028634
1.93925,0.05475377907659471,0.07825184020796878
1.939375,-0.0070835735528286155,0.022088628652990924
1.9395,-0.24946661950240898,-0.20352159185735377
1.939625,-0.5237503071919503,-0.20364340406522238
1.93975,-0.6670811920079317,-0.20649593118227905
1.939875,-0.5478311364708404,-0.1338946361090667
1.94,-0.2121400781698676,-0.14990826623337622
1.940125,-0.10459449183245614,-0.07962047144990897
1.94025,0.01097142462893995,-0.12422930442655856
1.940375,-0.06548869921361515,0.03476526171065649
1.9405,-0.3475427870787716,0.03005845347709513
1.940625,-0.5175846307425891,-0.1844409405091324
1.94075,-0.5901538258970543,-0.24345869609776402
1.940875,-0.35741837858674463,-0.4364184352732269
1.941,0.04653059908985872,-0.45632025060978243
1.941125,-0.09499564095920073,-0.41755528204382264
1.94125,-0.2869380851071504,-0.2586309530124934
1.941375,-0.17075693606862805,0.0637614593859869
1.9415,-0.31195122953378995,0.04518024301756146
1.941625,-0.23182439290267942,-0.13115333817076766
1.94175,0.2008750930807152,-0.2750942118048834
1.941875,0.27680624863825987,-0.48170319625265445
1.942,0.2779535444302602,-0.4957979389886361
1.942125,0.4208540282131846,-0.23279598923756345
1.94225,0.3438584392383188,-0.08927462007662804
1.942375,0.1081935572578316,-0.11211943069312297
1.9425,0.1764351479983073,-0.12485872462863558
1.942625,0.3180021286740443,-0.18389572365803417
1.94275,0.5958576851779346,-0.15922636534834178
1.942875,0.7072590095986586,-0.02305927950387379
1.943,0.4990820476886925,0.09172516868253096
1.943125,0.35726314336440423,0.16392890809289312
1.94325,0.08385739778166665,0.3302512253376298
1.943375,-0.029324343194143013,0.28433349523448914
1.9435,0.2654077507475726,0.3925696008354403
1.943625,0.24237625536126348,0.0466036338054991
1.94375,0.2805246044023743,0.14546138203913003
1.943875,0.20501896246465248,0.23759182397987208
1.944,0.12417123483633591,0.4415350485622992
1.944125,0.1652123189001805,0.4284028491143497
1.94425,-0.07262868319684537,0.484257346592849
1.944375,0.1258513009130778,0.24734208895552967
1.9445,0.13090533776594288,0.20602968600752045
1.944625,0.3326873808743962,0.0450868737282334
1.94475,0.32763991362035794,0.07514922344925859
1.944875,-0.017266805333224885,0.16985033839575692
1.945,-0.10229665883685171,0.11481662806066444
1.945125,-0.22653972978987236,0.1811038258442615
1.94525,-0.12034525935096149,0.10755434841743719
1.945375,0.02295924061797025,0.09966181231959106
1.9455,-0.08630857307901027,0.05460646970219125
1.945625,-0.03729566564942062,0.08821265790382928
1.94575,-0.051331204283281404,0.16763523782160192
1.945875,-0.03073442889675925,0.3099851982901562
1.946,-0.305694696147892,0.2981801071226928
1.946125,-0.221006227300563,0.21870740494437135
1.94625,-0.08875332077138187,-0.18792363120880207
1.946375,0.04426782596603953,-0.3561148170759916
1.9465,-0.09697287803562532,-0.16587406911450361
1.946625,-0.2681008048638177,-0.13856354503100912
1.94675,-0.3179243416013337,0.05602812661894863
1.946875,0.035497748279751,0.03306611936210328
1.947,0.272357420685512,0.14396227347129206
1.947125,0.18366032242541633,-0.08442271310571078
1.94725,0.29173400649101466,-0.25032401922382497
1.947375,-0.02299741541199109,-0.2539650753333377
1.9475,-0.03744606572149325,-0.022595307809803716
1.947625,-0.2456279872303031,-0.033314865537042666
1.94775,-0.23736338853836392,0.029083513249507493
1.947875,-0.031857874865460205,-0.218353411756419
1.948,0.03977083738654098,-0.20609649894792575
1.948125,0.09117194578408473,-0.19691063685074134
1.94825,-0.25529117344270785,0.15718247804128407
1.948375,0.07594979147154178,0.21230700663569205
1.9485,-0.010111248424424846,0.14088967885077172
1.948625,-0.1866845724487817,-0.03073517919166532
1.94875,-0.1758597007233305,-0.22441876780055756
1.948875,-0.2776717340536912,-0.2198137854107091
1.949,-0.4097373259595419,-0.3461456545172939
1.949125,-0.378499993559963,-0.022288011560543254
1.94925,-0.31354117066316156,0.013970084418563546
1.949375,-0.2152031856140788,-0.04426127185100425
1.9495,-0.4576547865132634,-0.0047899386704242635
1.949625,-0.20883217701126203,-0.16058970895348498
1.94975,-0.40925436494795014,-0.007390173837146575
1.949875,-0.3493957773214983,0.10224454969270466
1.95,-0.16155922917153695,-0.11388837841557693
1.950125,0.10526830650690504,-0.36743961827633703
1.95025,0.25187558942896515,-0.3275154066971342
1.950375,0.3657465148692152,-0.3113294240420631
1.9505,0.45916730146868695,-0.2215718394951239
1.950625,0.14382196149797455,-0.09463019068793255
1.95075,0.1906468744515157,-0.3521813368866505
1.950875,0.26611558401883717,-0.3516506368552776
1.951,0.2652729051730045,-0.2564175509292848
1.951125,-0.026449025697392048,-0.20885786823812308
1.95125,0.12513250492096822,-0.10635779065313992
1.951375,0.35888570937015246,0.05655678145636524
1.9515,0.46977958638186035,0.3315551412412798
1.951625,0.5080216265000591,0.23333721596661264
1.95175,0.4019582732840606,0.28202284158393687
1.951875,0.344681422008898,0.29477783727945284
1.952,0.19569169131787656,0.28173372249585116
1.952125,0.12940364571547375,0.24091183990199463
1.95225,0.01752453614712899,0.05189405556253204
1.952375,-0.39840099470751106,0.033255028339010215
1.9525,-0.13272500664542372,0.20380688271855285
1.952625,0.11572454714507802,0.2120114132236754
1.95275,0.29665301248929044,0.4707564684236031
1.952875,0.1918359724803298,0.5680297439331333
1.953,0.18892869209357452,0.2006112207260449
1.953125,0.019842790597738084,0.32228801381552935
1.95325,-0.021263542114841234,0.25565881735450824
1.953375,0.03656927205331267,0.09991927105289627
1.9535,-0.16179171122989144,-0.025588929613190908
1.953625,-0.06754575046826641,-0.19647220395269804
1.95375,0.0415914214435307,-0.1052061906442996
1.953875,0.25016502336076774,0.13179320819868517
1.954,0.3865319159032455,0.20639815058289998
1.954125,0.11009815979589266,0.29965278223421965
1.95425,-0.28195043916065304,0.17506804359462835
1.954375,-0.4083377711466022,0.1334496551520712
1.9545,-0.16790085145764785,0.12973664150638978
1.954625,0.1905897731068012,-0.04091278551156277
1.95475,0.12140523013484743,-0.07265219478936509
1.954875,0.03278657052194507,-0.21274397929954036
1.955,-0.031491176289664566,0.01739137168820496
1.955125,0.10002786606031983,0.23527724614796452
1.95525,0.26529048576289405,0.5040887675394922
1.955375,-0.10538344619578222,0.1856401283020966
1.9555,-0.38315057402067354,-0.3481725821428953
1.955625,-0.3705968554150434,-0.39395040970308765
1.95575,0.02011117626815106,-0.13724184665952735
1.955875,0.1067925233084922,0.1503807917591209
1.956,0.02315178354757761,0.1928287023517804
1.956125,-0.23311790216820466,-0.07982262080189545
1.95625,-0.40153168170654546,-0.14121341370337714
1.956375,-0.0891857132851489,0.014806390647833664
1.9565,-0.08006412702662255,0.09112415212814813
1.956625,0.022903781484757274,-0.05201829376497535
1.95675,-0.3741073847993343,-0.2215096431536529
1.956875,-0.5512951909741312,-0.2931417158205221
1.957,-0.5812011152579174,-0.04157849838092846
1.957125,-0.47091447666669467,0.17686105144432748
1.95725,-0.35280362446193025,0.10320269442291977
1.957375,-0.30459665078457515,-0.1975651835493675
1.9575,-0.24318282222078424,-0.4194791989322087
1.957625,-0.19222628035684627,-0.2638689614479733
1.95775,-0.019874240938290953,-0.0022335311279871794
1.957875,-0.038772793895224394,0.015188268537139503
1.958,-0.0030689720299537614,-0.2168332280533133
1.958125,-0.14051027276842815,-0.4049863091694765
1.95825,-0.20430597378963558,-0.6123502281415508
1.958375,-0.26006526346833037,-0.3719490764014423
1.9585,-0.13768522329916466,-0.4209530701251624
1.958625,0.12898811286663855,-0.19233507617100373
1.95875,0.2750146881242809,-0.21022994779343354
1.958875,0.38972664175320665,-0.20455157507219168
1.959,0.2218232237118839,-0.012387657675337414
1.959125,0.21494782070379947,0.1030684064611002
1.95925,0.3768497236314249,0.05342494964538734
1.959375,0.4342742973632136,-0.11287482958526962
1.9595,0.22657039703288775,-0.33657439177542714
1.959625,0.11540894763001311,-0.19077038806954377
1.95975,0.3221615968510556,-0.08024143962781778
1.959875,0.14112691673777886,0.18911921884797808
1.96,0.41419339516598835,0.37287471935261796
1.960125,0.3099921064896055,0.40970361256427157
1.96025,-0.049154774992434556,0.274280163737309
1.960375,-0.18896654311913588,0.27717145151278005
1.9605,-0.034623656045655225,0.36410873475160643
1.960625,0.039847494887339664,0.34369594167882317
1.96075,0.162528175446026,0.25754688148296345
1.960875,0.07497800173725787,0.1889933014372231
1.961,-0.04389552107971741,0.2280654358225013
1.961125,0.18457195962843184,0.24482810623435833
1.96125,0.46573031246685814,0.32237728099410734
1.961375,0.32769617799619827,0.17391994826282747
1.9615,0.26906290780134345,0.13416028895894377
1.961625,-0.06310576235859328,-0.20789446297738298
1.96175,-0.24756262223847728,-0.10387502366173401
1.961875,0.06465468962976673,0.09595789440548372
1.962,0.14616873356918306,0.14247976642358182
1.962125,0.4265267695083473,-0.07005186710834378
1.96225,0.3024536896101386,0.07289396501755058
1.962375,-0.29386402165426373,0.05431635213726269
1.9625,-0.4753389447027017,0.30677467121450647
1.962625,-0.16331266614350098,0.34521587708393864
1.96275,-0.03490282575472099,0.31167052562667835
1.962875,0.06096405501205589,-0.11735380475913454
1.963,-0.07006995963258818,-0.09525507053734343
1.963125,-0.17730633781166705,-0.04128574401417681
1.96325,-0.11523109446511715,0.2704604571460028
1.963375,0.26598150826197325,0.2678127500901057
1.9635,0.31183085674260586,0.32364368499005686
1.963625,0.22657490002488004,-0.16898619709928117
1.96375,0.03861070091103833,-0.26123997097759094
1.963875,-0.21557378795190058,-0.08050294386906119
1.964,-0.15401462945258754,-0.09690552357168622
1.964125,-0.1430932081268443,-0.0025058198995730778
1.96425,-0.06570672941362518,-0.2432151773827046
1.964375,0.0888874601029203,-0.18971322378851016
1.9645,0.22113999247670288,0.08359581962725615
1.964625,-0.1809103014364267,0.09313682188016717
1.96475,-0.2740612780719797,0.3294298785979419
1.964875,-0.5213766799654811,0.10269834983375341
1.965,-0.5414493036559368,0.11145662425105513
1.965125,-0.508659036722795,-0.13258470590550048
1.96525,-0.5555657899876185,-0.3468788254715742
1.965375,-0.5602960242514701,-0.13712233604961954
1.9655,-0.7143198768645268,0.05275371123388278
1.965625,-0.6040135623666947,0.1802691684388541
1.96575,-0.17177873439001376,0.12902484216302515
1.965875,-0.05932162227810005,-0.06004144493841796
1.966,-0.14223501290884613,-0.28285792221018635
1.966125,-0.3743332031922581,-0.45241033212215975
1.96625,-0.4920656330039472,-0.3777933670780928
1.966375,-0.3129995678882941,-0.5161653092640396
1.9665,0.12595826229384083,-0.4309071323976402
1.966625,0.1584237545489489,-0.6464649990596019
1.96675,-0.21285106323380018,-0.6112540358398784
1.966875,-0.07613335645185704,-0.5174487032632661
1.967,0.3644085228207028,-0.3994333589944828
1.967125,0.5639437555670719,-0.016299751303490546
1.96725,0.6516909632449,-0.12251763091866043
1.967375,0.6448572889542836,-0.2504501457969615
1.9675,0.49178222974821406,-0.3999807299175089
1.967625,0.47684524713263865,-0.26553452817916173
1.96775,0.1209883799479968,0.03570668555434746
1.967875,0.18966721359088404,0.18541384286699644
1.968,0.45629692529277593,-0.18536326925933447
1.968125,0.4945553037577052,-0.02929291297502469
1.96825,0.1329456898897186,0.31233219804650836
1.968375,-0.013425907522891274,0.6652584229438999
1.9685,0.27803262170709386,0.7653564135558744
1.968625,0.17023495899133406,0.68605157326495
1.96875,0.1475751599711568,0.32620232430268775
1.968875,-0.04340518246241435,0.2700340390399887
1.969,-0.01160312551133917,0.1702936486410873
1.969125,-0.0723136987419972,-0.016358778858497312
1.96925,0.0063396521750222175,0.2886662269706732
1.969375,0.2661462329077535,0.4414406769039665
1.9695,0.26257958133465004,0.2141235116803641
1.969625,0.3806777782552821,0.19480276922244297
1.96975,-0.3334795272503219,0.02117247869682142
1.969875,-0.1935488678797623,0.3326386348132789
1.97,-0.10183489622312648,0.10017025844563421
1.970125,0.14141859199383047,-0.0005725155120556954
1.97025,0.2336147506929123,0.08970963425951371
1.970375,-0.24791071445804547,-0.05070768301314085
1.9705,-0.41022898306061906,0.08211465410654227
1.970625,-0.25280449534685256,0.17439731039286663
1.97075,-0.09597494103807128,0.45751773889938063
1.970875,-0.06003368762239597,0.11928848528368338
1.971,-0.20578025756077986,-0.06502579607053031
1.971125,-0.22524106043932826,-0.13463046566940423
1.97125,0.03533450982512785,-0.07839891252913378
1.971375,0.38844091078328513,0.011976633684220552
1.9715,0.32016693422757947,0.07814572788130207
1.971625,0.12577728513008374,-0.20198992206499414
1.97175,-0.019473288278151032,-0.3202172291868604
1.971875,-0.0674911867138482,-0.15560255284977725
1.972,0.10211062589092065,0.04782342650003468
1.972125,0.0016632250903384725,-0.06617152166967505
1.97225,0.2780054900285795,-0.24073364604300534
1.972375,0.12707508960369746,-0.3228546342129007
1.9725,-0.030324262761922554,0.007137964317170584
1.972625,-0.26193218081013625,0.3499018135315599
1.97275,-0.310395080859873,0.39319214181238304
1.972875,0.020954245794393117,0.1814475220385361
1.973,0.14825949143252323,-0.13533166897190932
1.973125,-0.18268307353097452,-0.12445355588651272
1.97325,-0.5896679689076176,0.016403423031791344
1.973375,-0.5878686662479251,0.17400737994415133
1.9735,-0.3563932253713842,0.3027969249542859
1.973625,-0.26614550229474493,0.1041699312611928
1.97375,-0.36153617742687627,0.016200186769763574
1.973875,-0.45274008905301805,-0.21781060727560037
1.974,-0.33861367799368275,-0.236878363665479
1.974125,-0.15292076533384083,-0.22787686174230926
1.97425,-0.27116186501683376,0.17133158297598294
1.974375,-0.2247647291051041,-0.0053883422161287034
1.9745,-0.23960032188196242,-0.39269369054044545
1.974625,-0.07151758325548072,-0.5452844204234615
1.97475,-0.3021254167380736,-0.2878982226633008
1.974875,-0.23307081405652363,-0.23752130452940762
1.975,-0.3058806750939377,-0.27562897907747036
1.975125,0.10146878125885024,-0.3603216950323407
1.97525,0.1286745864757829,-0.229342660137969
1.975375,0.2979266373713669,-0.21475400320859894
1.9755,0.14681168727560714,-0.22453804578104497
1.975625,0.00876903012656483,-0.21501028071675676
1.97575,0.25750169522172556,-0.29680778103674266
1.975875,0.37246821347969833,-0.026243482970318
1.976,0.4816298193718943,-0.07204634643997404
1.976125,0.3640600044519017,-0.09539316582121514
1.97625,0.33655273082661497,-0.07229633744115853
1.976375,0.5799378504244328,0.06036360929857334
1.9765,0.5534740103231054,0.2297144689747779
1.976625,0.439337379472035,0.2506210454738136
1.97675,0.14647504525659436,0.07663721791399819
1.976875,-0.07465138046433144,0.21156807958017934
1.977,-0.06488659944612928,0.2725561357058902
1.977125,0.03198758918061096,0.44400562587745135
1.97725,-0.15204085139485682,0.32497173941872404
1.977375,-0.1764493491958468,0.27949059971926754
1.9775,-0.11019602815700577,0.3408740716279827
1.977625,0.28400999563926177,0.48109285804322754
1.97775,0.4133351039317575,0.6272956517069159
1.977875,0.20674332130149145,0.4684612331982927
1.978,0.05178706339132554,0.1622368779074732
1.978125,0.25457540192738565,0.029988496394319178
1.97825,0.42504684674818033,-0.04087990283513177
1.978375,0.22583186549824344,-0.027587005939288728
1.9785,-0.033665943804924915,-0.17530200194505208
1.978625,-0.12885562275479057,-0.2351517436149049
1.97875,-0.20634217979102815,-0.05474671986533968
1.978875,-0.03914657566612048,0.30104058128148053
1.979,0.012984405598589023,0.3044951362184951
1.979125,0.16714829687731048,0.29548607391065373
1.97925,0.07761841293754676,0.17146406989193402
1.979375,0.11176053558971472,0.2173237591231885
1.9795,-0.023242969819573307,0.33450848481834417
1.979625,-0.1441354835656126,0.18498388423972578
1.97975,0.05969293799366807,0.020890769190578477
1.979875,0.24971729019224398,-0.15878301949789722
1.98,0.28688273968613953,-0.2748262426790066
1.980125,-0.276848356999344,-0.0721831837339917
1.98025,-0.4019380530931106,-0.014307098613330536
1.980375,-0.2770940016007699,0.2724262897887518
1.9805,-0.20340070163826182,0.25354868837088684
1.980625,-0.043502505265650436,-0.016360078315035748
1.98075,-0.08983274067047599,-0.11538975087958038
1.980875,-0.20688865534677223,-0.03638665788005445
1.981,0.10486925480977113,0.0378535316657796
1.981125,0.024407349378910394,0.3101271750545498
1.98125,-0.08116592731763451,0.14029810098066345
1.981375,-0.3624892736134847,-0.13325029681054382
1.9815,-0.33182764637692913,-0.3450119201452632
1.981625,-0.21501095013934635,-0.2959282094522027
1.98175,-0.18162453059312134,-0.10073303281542169
1.981875,-0.14391464755392974,-0.018997901798296853
1.982,-0.20590940788362327,-0.08310320044765586
1.982125,-0.4944916546397471,-0.17495042034588876
1.98225,-0.32619822110692903,0.011331042450635246
1.982375,-0.23590383837001155,-0.0034068326819030495
1.9825,-0.008448513226461124,-0.22507962837764042
1.982625,-0.10224650955901378,-0.1886430477205858
1.98275,-0.23750347935822516,-0.44228050556973053
1.982875,-0.561250181096156,-0.36729403165181174
1.983,-0.6783160222764626,-0.22120845653719304
1.983125,-0.48436366235065664,-0.24400010789273166
1.98325,-0.19935926301605222,-0.1693006120742599
1.983375,0.13780466356913174,-0.20547905680975326
1.9835,0.514657388389363,-0.29363612043572723
1.983625,0.38708709129072594,-0.037402294815770856
1.98375,0.10680501789560257,-0.13344966314681753
1.983875,0.1240689700077031,0.010847976541806985
1.984,0.08946695893411775,-0.25450393516718495
1.984125,-0.03429904037862697,-0.5452554590069251
1.98425,0.206362347677496,-0.633316769399318
1.984375,0.21700021331846875,-0.43036872886008376
1.9845,0.39130738858928016,-0.15834881999264588
1.984625,0.5855824617998586,0.0686637795382312
1.98475,0.8071732734439017,0.1956622098372089
1.984875,0.5429871836355757,0.30752189622653553
1.985,0.230654752446507,0.053447724202069
1.985125,-0.19667219862404187,0.09249863829160575
1.98525,-0.045754989054159555,0.04257364188015261
1.985375,0.153932272639473,0.170955499974425
1.9855,0.37503743323063604,0.10807488090122806
1.985625,0.5622845053421329,0.16539752437277772
1.98575,0.5972896503226771,0.3599043617089311
1.985875,0.5443955345292822,0.5454886697809492
1.986,0.3236865717190272,0.6698415389411928
1.986125,0.0413588397963039,0.45125073706542607
1.98625,-0.22372517486603874,0.15053066984417476
1.986375,-0.1325092598344846,-0.010836870885653336
1.9865,-0.1738694169591871,-0.16529826967351108
1.986625,0.19495142632125084,0.16776053683386785
1.98675,0.09434331051183047,0.3308576498061815
1.986875,0.002363536580594588,0.5242265518234438
1.987,-0.19576643230457136,0.47805962846517436
1.987125,-0.20196736134478907,0.35341609659080436
1.98725,-0.11461684962165497,0.37436296328229474
1.987375,-0.07872799501159428,-0.14968376340855577
1.9875,-0.2109567757300025,-0.13053315130589435
1.987625,-0.023933618296336837,-0.14152130978078367
1.98775,0.0732038251874571,-0.06331338683373441
1.987875,0.11726337228480453,0.16648082523695146
1.988,-0.082412191520309,-0.0484468373817254
1.988125,-0.1270759354299756,0.08066707937090382
1.98825,-0.17197787280832158,-0.15981236517445266
1.988375,-0.2257128994796378,-0.3257820824695491
1.9885,-0.3394824292730031,-0.20490205057793276
1.988625,-0.29494910482040826,-0.12800086710468433
1.98875,-0.31808590554781735,-0.21519341872416106
1.988875,0.005730563819847194,0.15033689088937774
1.989,0.09725754404057287,0.08115771575680997
1.989125,0.18654716385083084,0.04418269405491811
1.98925,0.012150850431507067,-0.09595240802650655
1.989375,-0.26205693951124465,-0.1170425097311874
1.9895,-0.11293996857304522,-0.1862033855767342
1.989625,0.159523707847321,-0.117380903941369
1.98975,-0.05886726104933379,-0.1836117137361142
1.989875,-0.3379137551711383,-0.2587296334866575
1.99,-0.05606210776582344,-0.1533248130040356
1.990125,-0.10702983833061996,-0.00426585169315168
1.99025,-0.24608698353568165,0.23236325198433147
1.990375,-0.3862270929355032,0.26457113978423447
1.9905,-0.3876877470852306,-0.01742740954066082
1.990625,-0.43676886821142985,-0.15177733600324264
1.99075,-0.14186524432123845,0.07323652498129224
1.990875,-0.035989429596100624,-0.09079991405055877
1.991,-0.06730575700249068,-0.11930314140377973
1.991125,-0.05001513212783438,-0.2104661174993276
1.99125,-0.0005126265233039971,-0.1075324556721364
1.991375,-0.23462328353766915,-0.2719745463234864
1.9915,-0.17668151933710677,-0.34197135113934646
1.991625,-0.278495402226099,-0.3579150118588355
1.99175,-0.15579979617420564,-0.4180777933090397
1.991875,-0.16293191546244348,-0.2645954240892832
1.992,-0.07412383818547238,-0.17701141114737226
1.992125,-0.019696792605257432,-0.06570277972981511
1.99225,0.08744427882980407,-0.13748546562961392
1.992375,0.24352692609404397,-0.15915381610863183
1.9925,0.32508505442651675,-0.18320118137966104
1.992625,0.11035696318467243,-0.45303122243762406
1.99275,-0.03434882272524973,-0.3061729062124651
1.992875,0.3927235742648242,-0.104891324345583
1.993,0.640751758397389,-0.2603362227139621
1.993125,0.9752307533812117,-0.18139081697795503
1.99325,0.6235085940797113,-0.051485950240356994
1.993375,0.15889107552822143,-0.05698257730192292
1.9935,-0.10536780269822385,0.014740283205416189
1.993625,0.1423773907762076,0.1702845493279898
1.99375,0.23278221579891792,0.2197491074580626
1.993875,0.3331032056191937,0.2261128703911609
1.994,-0.017063589590034477,0.06427366863184002
1.994125,0.08877698736498302,0.2892781905224274
1.99425,-0.0020809669142283593,0.632088518617595
1.994375,0.2127437275282421,0.8649543191498722
1.9945,0.2319576731523218,0.5012720993736701
1.994625,0.32056101156387184,0.12846599069250447
1.99475,0.4039479979137347,-0.051795797811149194
1.994875,0.11272345462852014,0.06281518818384445
1.995,-0.24219052015134426,0.39735292644232356
1.995125,-0.101970333794392,0.2838066421760544
1.99525,-0.1682281864050036,0.03812579977640968
1.995375,-0.24972961426769402,0.05676144249364804
1.9955,-0.20810875944653048,-0.07685933840189943
1.995625,0.06662322196037054,-0.06089637528899234
1.99575,-0.21805635234489032,0.21836452231441048
1.995875,-0.14926546616319836,0.1941906543822856
1.996,-0.3594660267346057,0.25027899263445186
1.996125,-0.11132012849675973,-0.058889996471123064
1.99625,0.07400147010020015,-0.003055640128836588
1.996375,0.07884165527503592,-0.1402557544444972
1.9965,0.11126636723002911,-0.27678235671304613
1.996625,-0.040395382086220316,-0.0945671133360753
1.99675,-0.08651737998183832,-0.030666409999882842
1.996875,-0.24762226495089468,0.10383897328115158
1.997,-0.3812566995646745,-0.1294175772282634
1.997125,-0.4602963664470261,-0.24283259001866495
1.99725,-0.34574350162306267,-0.13551646605822765
1.997375,-0.33507003372359967,0.08882721524677169
1.9975,0.02706960893499852,0.18316682355976333
1.997625,0.18801394249619283,0.222256673560793
1.99775,-0.07822158627276446,-0.0035709300586294524
1.997875,-0.3449614897731211,-0.10943194249492612
1.998,-0.23128648266184704,-0.19430358501101408
1.998125,0.03946135678036519,-0.21335232529164327
1.99825,0.15094012228892986,-0.30020699984855087
1.998375,-0.0024372039736707085,-0.2773416880954185
1.9985,-0.1005513649468942,-0.38270953236533456
1.998625,-0.21780533920262832,-0.37451063055957695
1.99875,-0.1417030315663322,-0.023877131173928735
1.998875,-0.25064614768093246,0.040846435316889376
1.999,-0.22266778306581037,-0.026763911533198202
1.999125,-0.3256204862317811,-0.22999491535331013
1.99925,-0.1214654176794945,-0.2271819018664867
1.999375,0.038027705868070756,0.1390378209062015
1.9995,0.14025407611280802,0.20290010129842317
1.999625,0.3982660605383322,-0.06626709375014818
1.99975,0.11154295525101758,-0.14236947315383985
1.999875,0.1008643892876219,-0.1758581168116523
