time_s,sensor_1,sensor_2
0.0,-0.013495265045405032,0.002197499948125448
0.000125,0.19741422963723854,-0.04614679559876167
0.00025,0.31104877101621153,0.01503443767906392
0.000375,0.2624275145479944,0.033527608865300366
0.0005,0.23478698208709906,0.002122866679972489
0.000625,0.3082498164447265,0.016627175459624978
0.00075,0.5288873756606601,0.006172028662000522
0.000875,0.6718046524051974,0.008132525446440365
0.001,0.6490346166528956,-0.03175811641996231
0.001125,0.5161918364872148,0.021239388843156473
0.00125,0.3857444579407901,0.04651013199858844
0.001375,0.3604499090419986,0.20172134295189384
0.0015,0.40457775794462386,0.23795295100797562
0.001625,0.5110624418792651,0.23033839217860358
0.00175,0.5097567638891015,0.21210052250357683
0.001875,0.3713997598974216,0.2676522082504764
0.002,0.23635239071943745,0.4516936023649205
0.002125,0.19041958010850468,0.5772612365603755
0.00225,0.10985488569725899,0.6236310229722053
0.002375,0.10809874549650218,0.46091636978712586
0.0025,0.02057277694770789,0.32644061514359113
0.002625,0.023848297700603694,0.24032033161843708
0.00275,0.06515679050888538,0.3471779483632701
0.002875,0.1256097778994203,0.4550613392435262
0.003,0.15015345350954043,0.3647881380458458
0.003125,0.10946064766387119,0.32614085174709867
0.00325,-0.004165759394909914,0.2885793751494952
0.003375,-0.20837364881403925,0.1936577061509021
0.0035,-0.28490441016663764,0.14758861606040374
0.003625,-0.21177174684030872,0.07883109771879969
0.00375,-0.06034843307644715,-0.008398876580785676
0.003875,0.03355374287026423,0.03740675420477147
0.004,0.045306498014398316,0.07713999777478968
0.004125,-0.15723830449469345,0.09001271055820842
0.00425,-0.20052818256320842,0.14123173227216462
0.004375,-0.24060902077456514,0.06736031269373648
0.0045,-0.18195598807908003,-0.061122944769536815
0.004625,-0.22793900360646174,-0.23052078948410867
0.00475,-0.17565943750526436,-0.22623917535268914
0.004875,-0.10400544404588821,-0.20182895435855508
0.005,0.001182824735364294,-0.009736369133560258
0.005125,0.09346903720667969,0.09538210931204757
0.00525,0.07662455442260346,0.021661269087695965
0.005375,-0.0454185323085787,-0.15386610115344349
0.0055,-0.08953220884979325,-0.22720467202544128
0.005625,-0.1198674249009612,-0.19627297735530935
0.00575,-0.06560780944501916,-0.15720455326273192
0.005875,0.010825672979515834,-0.10024756281583111
0.006,0.01144832516397159,-0.14057325699183498
0.006125,-0.03777592825785274,-0.13487908207803426
0.00625,-0.1938577350251485,0.040094191511903125
0.006375,-0.1549368890289791,0.08022145104288426
0.0065,-0.15488817038568187,0.03705961576248924
0.006625,-0.07540793800833985,0.01999881803093797
0.00675,-0.09288562117720248,-0.10374757952433344
0.006875,-0.17935977076538517,-0.12048442840893318
0.007,-0.22309935386934512,-0.051277869152783886
0.007125,-0.19503410466327836,0.0012492683227738873
0.00725,-0.20304424348122416,0.05136361532443883
0.007375,-0.28366834947666153,-0.053278996986865175
0.0075,-0.4358767934501306,-0.20417750571781365
0.007625,-0.36247578255556395,-0.1682348056942796
0.00775,-0.20711979146059803,-0.13625037556148037
0.007875,-0.1091919757297869,-0.04361110921987695
0.008,-0.16007635524470884,-0.1193802781533423
0.008125,-0.22491863971590825,-0.11692685153803103
0.00825,-0.3299398906253945,-0.21439077128664896
0.008375,-0.328939916311384,-0.21551105184721328
0.0085,-0.16345795643845434,-0.15120236922378855
0.008625,0.16531726798117116,-0.2924020332841901
0.00875,0.42083972409854475,-0.3326310627852739
0.008875,0.4733404627705046,-0.34353690389197744
0.009,0.4627950560947983,-0.17013982521795568
0.009125,0.5361623480111612,-0.13356916279597247
0.00925,0.5635557718375416,-0.20052939735764588
0.009375,0.3968085233611803,-0.24506069785790421
0.0095,0.10229761878613873,-0.28488722983283565
0.009625,0.1172374750665203,-0.26108973867529356
0.00975,0.352807909254188,-0.1267034501363995
0.009875,0.418897649079027,0.16389658960464187
0.01,0.27463146975049635,0.3508720489891347
0.010125,0.14821187192029364,0.39173796853418835
0.01025,-0.01638650178413861,0.372260822335512
0.010375,-0.13463142715344792,0.5154395468718703
0.0105,-0.07902817896195345,0.5209051523515874
0.010625,0.138871207319391,0.33506118827998105
0.01075,0.33643638073634224,0.082355489058392
0.010875,0.41848170372431026,0.09493095359546021
0.011,0.43848934210063495,0.26963065867948305
0.011125,0.3342359245731873,0.33302411278768096
0.01125,0.05966997491453082,0.28803988591314533
0.011375,-0.22789668789283463,0.11849805532777313
0.0115,-0.3360705723239282,-0.0541217959324226
0.011625,-0.17555708003209514,-0.11019261586505419
0.01175,-0.0986594398131636,-0.06409349527121312
0.011875,-0.13960083194347178,0.15436771330578108
0.012,-0.277019276173031,0.29152798895544785
0.012125,-0.03139859413886501,0.4042688999126311
0.01225,0.43501032616600055,0.3798535173714353
0.012375,0.6458793105774449,0.30666864821706696
0.0125,0.43601820009517805,0.06981615015831609
0.012625,-0.013236076980102245,-0.18494628877676503
0.01275,-0.20739579065065095,-0.3119933203772821
0.012875,-0.1153785640574476,-0.17458487744038612
0.013,0.06149889480148839,-0.09620473124033921
0.013125,0.2334769916038266,-0.12245309267574483
0.01325,0.19378047573430895,-0.2930450153385136
0.013375,0.01045393225496811,-0.005811658712558852
0.0135,-0.18887919753488666,0.4084664529778055
0.013625,-0.26677427857998887,0.613608385649437
0.01375,-0.23881096030970553,0.3844320729911856
0.013875,-0.25145747194677753,-0.00713210802306722
0.014,-0.3317605080208054,-0.18791237294025256
0.014125,-0.3135415862249717,-0.14227122838618803
0.01425,-0.11992942645956291,0.12235599052720623
0.014375,0.0012571089996929728,0.21821372022846305
0.0145,-0.07776921715678908,0.20077215338543838
0.014625,-0.16219358589997943,-0.024340549379294193
0.01475,-0.29587612034643135,-0.19185449671616528
0.014875,-0.36529971635060426,-0.25330653712986945
0.015,-0.3442468853897037,-0.1976809609287087
0.015125,-0.2356963864062899,-0.25517103731407287
0.01525,-0.0495305087707923,-0.2766433917664365
0.015375,0.05420039571961078,-0.26423496636607946
0.0155,-0.22238583220025432,-0.09606832279456626
0.015625,-0.5265446977670298,0.00840314666623241
0.01575,-0.6809180657253113,-0.04686275056633895
0.015875,-0.5254033253114655,-0.15883264919059784
0.016,-0.2939446766220104,-0.2670016668452427
0.016125,-0.15658273804533812,-0.2565162487966337
0.01625,-0.12192627939045986,-0.302885641931681
0.016375,-0.11400587815320962,-0.2238975895877421
0.0165,-0.04469937263666008,-0.04543644795973511
0.016625,0.11911298347011805,0.017466947323517633
0.01675,0.20981227700217103,-0.14682022741158984
0.016875,0.2453304285084659,-0.4782307131788667
0.017,0.17772363247738324,-0.6283136408479226
0.017125,0.23384668938737369,-0.5186924646497524
0.01725,0.34607088485768017,-0.2383238040833356
0.017375,0.4053939268472518,-0.16459457843580755
0.0175,0.41671058568285285,-0.11258700521428018
0.017625,0.32962813140420144,-0.1776666523291525
0.01775,0.47518427211154407,-0.021979766374947713
0.017875,0.7031118438031654,0.08640245797898412
0.018,0.7868159365414189,0.15234527171401624
0.018125,0.7088892895552246,0.13060597899298107
0.01825,0.2225762144693382,0.12838943541841208
0.018375,-0.17040567825018588,0.17870972121644826
0.0185,-0.424780284118392,0.3050029987449007
0.018625,-0.38793191756427325,0.3849382920289069
0.01875,-0.15477938778429576,0.3684447591489353
0.018875,0.002015257675500889,0.32437860369887583
0.019,-0.013019934739012435,0.3910244520935996
0.019125,-0.19356634921226498,0.6090417652050703
0.01925,-0.23992200232423477,0.705499426104209
0.019375,-0.022195929464292233,0.5677844540977737
0.0195,0.17551164002973346,0.2445340398146512
0.019625,0.16399181068127985,-0.13404419354616914
0.01975,0.23654348553168816,-0.3734580185781317
0.019875,0.3631442625069291,-0.3757974413348629
0.02,0.5237749374614924,-0.13154580362199428
0.020125,0.3996389648453686,0.041902176934599064
0.02025,0.13479075362094528,0.03498621786933111
0.020375,-0.14889460878271837,-0.17639101957177106
0.0205,-0.21096614329960298,-0.18554156642648129
0.020625,-0.13019320857166292,-0.024597320345732088
0.02075,0.04310875246538198,0.12165970729958771
0.020875,0.23626224537142995,0.19075118595824608
0.021,0.34050981431867616,0.19368555611617339
0.021125,0.2734115990202653,0.27900273600972186
0.02125,0.1994352321970619,0.47628669251636047
0.021375,0.04855971420347713,0.36766150917936746
0.0215,-0.13578609598445016,0.11206157529470928
0.021625,-0.30152591135344226,-0.13716315573565618
0.02175,-0.39420661433964277,-0.24076101528551408
0.021875,-0.2371545633486038,-0.1737810180351297
0.022,-0.05838611049113842,0.024909440425676613
0.022125,-0.05663427508517537,0.24726039804565933
0.02225,-0.05509604601944602,0.30317419567315096
0.022375,-0.004379547252667206,0.27005965041337643
0.0225,0.14839147097710054,0.154735227095293
0.022625,0.058379281900552825,0.00984950804489041
0.02275,-0.18694541963763753,-0.05958073146008427
0.022875,-0.37059883592852505,-0.272470287344093
0.023,-0.2501007195402073,-0.3014017395187894
0.023125,-0.13668908412225347,-0.18704484439620656
0.02325,-0.047019568781200505,-0.07053130450661005
0.023375,-0.0736975721225311,-0.06935320648587101
0.0235,-0.20585206429888817,-0.09504683605748511
0.023625,-0.589270411928318,0.00045461040153715095
0.02375,-0.6859883477915965,0.12893503851911456
0.023875,-0.5991284882681978,0.008790085395645297
0.024,-0.2514944868153141,-0.2527858159061261
0.024125,-0.1614388449739309,-0.3072268965862935
0.02425,-0.3463175639293102,-0.24571722693908668
0.024375,-0.5426432731504178,-0.1791392471234598
0.0245,-0.4322909279253496,0.003859419515538973
0.024625,-0.21906125978493668,-0.01943961182318233
0.02475,-0.014745279122941593,-0.2213216388074788
0.024875,0.19186775166400089,-0.4958222001413552
0.025,0.33302435360304333,-0.6642496962789757
0.025125,0.2227442385108024,-0.5418549953949965
0.02525,0.06188461991073385,-0.28138411829638865
0.025375,-0.15776104690651988,-0.14083576454995472
0.0255,-0.018411857809018238,-0.33856344465523
0.025625,0.3240180837999286,-0.46117990319702434
0.02575,0.5153563188108968,-0.40577289983515114
0.025875,0.5760146514316872,-0.2605464327069615
0.026,0.4541839635001961,-0.011493805341466943
0.026125,0.2592920737885391,0.14457718996581412
0.02625,0.13021811274149678,0.30838772938404674
0.026375,0.17074541078114253,0.22885787336887736
0.0265,0.3649620227071106,0.01681415626875103
0.026625,0.48119334592819574,-0.0627337275521066
0.02675,0.4767913346222702,0.007812870360073719
0.026875,0.37746583576650267,0.2679709431345139
0.027,0.27117980921159046,0.4415524022476605
0.027125,0.19430447814017615,0.4951988961597259
0.02725,0.1890960307291058,0.40531002909811503
0.027375,0.14968698749439824,0.23547707658050773
0.0275,0.10043939735919244,0.12008587516576517
0.027625,0.15311087822052483,0.1046419131665121
0.02775,0.08844299322853759,0.3206398667745574
0.027875,0.0048231658175913635,0.45300335163709715
0.028,-0.17029339739603028,0.4404520771572555
0.028125,-0.13245209089513268,0.31892575544335017
0.02825,0.011326181872784172,0.25712472872815484
0.028375,0.22729323292440826,0.19742058493793524
0.0285,0.289602435414045,0.12548083314753658
0.028625,0.09639302310385398,0.10800163193630075
0.02875,-0.1810531307137354,0.07172582177860597
0.028875,-0.17516538508429916,0.12384497187512035
0.029,0.07165270074497704,0.14155035050734552
0.029125,0.2096393220609016,0.044621207943256004
0.02925,-0.06936893718875,-0.1229025131076685
0.029375,-0.4906223938731451,-0.15549270831071865
0.0295,-0.725276137971192,0.034669212241859225
0.029625,-0.41790245859412734,0.21778129057353604
0.02975,0.09522945092964785,0.276147557819435
0.029875,0.3208341623462553,0.07296360902417048
0.03,0.1099515463605613,-0.16585391425997678
0.030125,-0.13816595727317277,-0.1690652649228757
0.03025,-0.16622477552801979,0.05822139982142546
0.030375,-0.13923596426889742,0.1724746916585122
0.0305,-0.21327653052307463,-0.02984108779572851
0.030625,-0.4456389710426518,-0.47362939418306077
0.03075,-0.35253980068511137,-0.5901692459150837
0.030875,-0.21950633297199854,-0.3547790341204034
0.031,-0.018899815344021586,0.1463245652902764
0.031125,0.03086007247025312,0.2761849174309298
0.03125,0.09751125999772443,0.11101425196782605
0.031375,0.15510065285344668,-0.12114205055487938
0.0315,0.15642980373391163,-0.16995664522389484
0.031625,0.11102629357467186,-0.16196016285757653
0.03175,0.11330235852534666,-0.25457910543326046
0.031875,-0.009622973069605918,-0.4032636990875603
0.032,-0.07530967492019308,-0.3344630080449726
0.032125,-0.20544765762635675,-0.22487784759781365
0.03225,-0.36538002521065455,-0.050884879359497946
0.032375,-0.5035920527956861,-0.010180850001812814
0.0325,-0.5595419906580447,0.046226090100764214
0.032625,-0.4327590423898906,0.09406584781672969
0.03275,-0.23012233570446766,0.13036673482820996
0.032875,-0.050369579805958256,0.13979633475650546
0.033,-0.02991210727344242,0.08301403184273344
0.033125,-0.05192594600427381,-0.012047608166985397
0.03325,-0.06666393929727021,-0.12261161876124936
0.033375,-0.030359884087596545,-0.1902386579039266
0.0335,0.06539106861639114,-0.3424579953313455
0.033625,0.11319455849073767,-0.4317591633119681
0.03375,0.08607007904947234,-0.5083179834026968
0.033875,-0.06501601426107886,-0.4031331961101543
0.034,-0.04746109316449577,-0.2275228504497147
0.034125,0.10206946933223537,-0.06475007232679851
0.03425,0.33388560684346286,-0.018038471425801537
0.034375,0.3538579680222483,-0.04624678025159644
0.0345,0.3299076784062435,-0.05340810053397812
0.034625,0.31430783179654864,0.02195209827271631
0.03475,0.5081962223571836,0.08657131606058792
0.034875,0.6484934202785203,0.18636507470230732
0.035,0.5727569250854647,0.02528195557589997
0.035125,0.15931305240996685,-0.0952787967812109
0.03525,-0.20383189224557072,-0.032389557946746333
0.035375,-0.2548313259864869,0.1194437130329905
0.0355,0.07048799140963725,0.2578551349039864
0.035625,0.33848992525409743,0.3507253801938829
0.03575,0.31194160128486254,0.3031859658196205
0.035875,0.0007368457802814538,0.33065693057625073
0.036,-0.25144783583920743,0.48844671408288826
0.036125,-0.03962435029553445,0.5983054604220021
0.03625,0.2130065961782174,0.47809431723054235
0.036375,0.2784559607301994,0.1671943975990035
0.0365,0.08582276647845703,-0.18716936546274537
0.036625,-0.06648809839635587,-0.22382423657810807
0.03675,-0.043452859738959224,0.09452742017549016
0.036875,-0.10584659060002706,0.28244806162797104
0.037,-0.071825415579275,0.2647574369733258
0.037125,-0.05053957373808166,-0.03878620922182329
0.03725,0.2013461388872154,-0.20130717676229304
0.037375,0.3588232681670602,-0.04281326999358866
0.0375,0.27287857825119066,0.2052313154191294
0.037625,-0.058563330194782506,0.28678043609453224
0.03775,-0.3880413424275008,0.09836632016733991
0.037875,-0.45350320717605386,-0.06453872853437329
0.038,-0.2724119320383722,-0.07364777135066779
0.038125,-0.03224061973709895,-0.11145826115301252
0.03825,0.1554315490526207,-0.13339975665481188
0.038375,0.2597641954725087,-0.03746565071468015
0.0385,0.3970769946126997,0.15517768055138023
0.038625,0.3089550411352829,0.3230655343809015
0.03875,0.12709317377222196,0.18582029088560448
0.038875,-0.09365868893861547,-0.06084440907455592
0.039,-0.14697702119991418,-0.3654302309434045
0.039125,-0.0440768728652776,-0.40302610828213803
0.03925,0.10876492961552141,-0.2187759302859467
0.039375,0.09635244283321175,-0.028817552448772377
0.0395,-0.04494461543829219,0.09231716394391933
0.039625,-0.15323161952850686,0.20178672757426375
0.03975,-0.2843064114206154,0.32103068495949355
0.039875,-0.42940301828079264,0.3489470879819776
0.04,-0.4845971588319823,0.10830258719953492
0.040125,-0.40633064421374837,-0.06977174318306718
0.04025,-0.3748269342738892,-0.14066520995854673
0.040375,-0.3806756136483716,-0.053478141445318976
0.0405,-0.5187846389955763,0.06907756646070333
0.040625,-0.6318130661557508,0.12333004692635738
0.04075,-0.5718121869695781,-0.05618766509844423
0.040875,-0.39963027634577264,-0.1744444154696382
0.041,-0.06893055276206345,-0.24551309755819745
0.041125,0.0075378515973598195,-0.36363280694753103
0.04125,-0.1014496078297305,-0.45152049149694057
0.041375,-0.2791644903971635,-0.38984907546055036
0.0415,-0.36582010035381224,-0.31424226869940325
0.041625,-0.28921716823876314,-0.3354858791750254
0.04175,-0.16416059518707568,-0.4516383199073556
0.041875,-0.026600571259099984,-0.5390741353933224
0.042,-0.026633552224766186,-0.5138695627534233
0.042125,0.07169856620463054,-0.3284437086565971
0.04225,0.28138628545192057,-0.10749911628403516
0.042375,0.5797469221916669,-0.01450969428471721
0.0425,0.6588293328875747,-0.023144038525915393
0.042625,0.5913282772537908,-0.24451007475835998
0.04275,0.48642667992115446,-0.3557573855820736
0.042875,0.44068397142053967,-0.2250647965618093
0.043,0.5025014315305228,-0.1274069543713694
0.043125,0.47073671457508437,-0.02601320431865515
0.04325,0.38598862813296764,-0.02360091249091059
0.043375,0.31142539460013974,0.01976484507359257
0.0435,0.2944504385005157,0.253486590502364
0.043625,0.2527638954653076,0.5161869231321939
0.04375,0.209620300675275,0.655915313588149
0.043875,0.055802521136824684,0.5130284421973949
0.044,-0.07235006813817124,0.39103701699750787
0.044125,-0.08398233378361207,0.36757023020953156
0.04425,-0.04507985465459774,0.4150589868786612
0.044375,0.020989549239760277,0.379643407074911
0.0445,0.1809349915729513,0.30208675352016023
0.044625,0.18150893653277175,0.2545376613120161
0.04475,0.19256078348852315,0.26258520580665845
0.044875,-0.03030116966797225,0.2433878453170994
0.045,-0.32442919346360716,0.1859392148295232
0.045125,-0.46416952709258397,0.026396780078788463
0.04525,-0.21500891529092173,-0.059553995039110665
0.045375,0.25992297514461,-0.026701774500124734
0.0455,0.5186388516606801,-0.004755104107084012
0.045625,0.3038150760727801,0.00806715902781107
0.04575,-0.031192171890317415,0.12521305207259276
0.045875,-0.12696893006342536,0.23252456040376088
0.046,-0.023266382546020453,0.19147659758854402
0.046125,-0.02359173125555803,-0.0069246702147191825
0.04625,-0.08102589183169792,-0.30739005568607236
0.046375,-0.14285962787778847,-0.4415877964018183
0.0465,-0.12719818748541656,-0.14028668994765853
0.046625,-0.07938585015165872,0.24249885071767868
0.04675,-0.1634299121063371,0.45912373909721516
0.046875,-0.35256596852742905,0.31692399613410677
0.047,-0.32271039577838284,0.0007692639909761031
0.047125,-0.1374986710700007,-0.1747360779595003
0.04725,0.024985431484450055,-0.06781011983508821
0.047375,0.10002077076682393,-0.004632049586292027
0.0475,0.038859294912763465,-0.06423113902145192
0.047625,-0.048729739646957745,-0.17170492777727842
0.04775,-0.1176331294865505,-0.0785723968442714
0.047875,-0.22082361534068493,-0.0641808764535883
0.048,-0.3186534682596453,-0.1740811394546378
0.048125,-0.33954528350023017,-0.30021122596313976
0.04825,-0.29008580109477045,-0.31433758395869615
0.048375,-0.13776194481848272,-0.1207391106444686
0.0485,-0.055058278327257786,0.08098961133425964
0.048625,-0.055829590966483204,0.02689235726273202
0.04875,-0.08450405245744562,-6.617106171749493e-05
0.048875,-0.17736902899085857,-0.023921287614844494
0.049,-0.3698519363041743,-0.1252031971713434
0.049125,-0.4928772121602753,-0.1457282481114098
0.04925,-0.5531543777696393,-0.25546938604430913
0.049375,-0.3324035992919033,-0.2777135722344186
0.0495,-0.12386465745259388,-0.2535415063221488
0.049625,-0.012163593025688983,-0.13093437332267602
0.04975,-0.027838205734005004,-0.044838227936460105
0.049875,-0.0004683787900226461,-0.013700562553396935
0.05,0.0231099811345845,-0.09406420165125783
0.050125,0.02228874675079282,-0.18664522501478886
0.05025,0.11181576397437978,-0.319256543813527
0.050375,0.2697831514485064,-0.4264225334982728
0.0505,0.2825749465301976,-0.43358596671361005
0.050625,0.2207347933468241,-0.2515772883070876
0.05075,0.13514368322811388,-0.0966869746890034
0.050875,0.09590065640003588,-0.051290375081175316
0.051,0.2557883176015107,-0.0008323997368487229
0.051125,0.5906002773281555,0.009940599153675247
0.05125,0.7272036913389017,0.018887370099454
0.051375,0.6000839747122012,0.026528972595109345
0.0515,0.3374098848997408,0.1225779493404969
0.051625,0.04579020890104309,0.21088243199775442
0.05175,0.03662753472018646,0.224179498211538
0.051875,0.1144049169209339,0.18859694745962524
0.052,0.0856675517160498,0.12887653615150108
0.052125,-0.009293889377952138,0.06634892795252498
0.05225,-0.14620505412595983,0.2538866975998653
0.052375,-0.09009630280464188,0.46638317144076774
0.0525,0.08994005488851133,0.6550552614818143
0.052625,0.08617642336286908,0.518222862827236
0.05275,-0.12274203600421421,0.25165505247702596
0.052875,-0.40378334214457257,0.11564653147415635
0.053,-0.2657743246418642,0.07408703804184619
0.053125,-0.03352026396863053,0.11344775456641855
0.05325,0.19887496410139502,0.059259326487432526
0.053375,0.2705135282364408,-0.04420229216200596
0.0535,0.21310514905677103,-0.15145106668140823
0.053625,0.2603431280930584,-0.05203102811603295
0.05375,0.3230962525599814,0.08995982675164298
0.053875,0.3536531344481549,0.10549996363040363
0.054,0.23160566129231133,-0.1301892884653429
0.054125,0.07346400689944968,-0.3154228337966152
0.05425,0.014561719209447176,-0.21552213205401477
0.054375,0.13074516027049898,-0.014711141704310262
0.0545,0.16336585876050846,0.16290683958859542
0.054625,0.18596984382596646,0.1714231527995938
0.05475,-0.10827741405208817,0.14863116298424772
0.054875,-0.36053536308101686,0.20990455718423953
0.055,-0.28183075710924593,0.2867258915454403
0.055125,-0.1240297850013009,0.3322047504277699
0.05525,0.09296404883174447,0.20665976243364878
0.055375,0.010231491362973444,0.014118348323279215
0.0555,-0.07627056397370106,0.008195091077835923
0.055625,-0.15521374068895516,0.1283841322640784
0.05575,-0.1880534585884257,0.1645902648741463
0.055875,-0.15810879446453102,0.14323209124360334
0.056,-0.1318794451488322,-0.08573511473942627
0.056125,-0.19074952456904126,-0.30340344744266357
0.05625,-0.08769638036662711,-0.2948231532730318
0.056375,-0.22041362181196575,-0.1110970988500265
0.0565,-0.4327164770553448,0.10199485989496804
0.056625,-0.6005416879215636,0.024368495061580717
0.05675,-0.48057555768848,-0.08457783171259065
0.056875,-0.17926050304758487,-0.13363230545538315
0.057,-0.037016707968034315,-0.17385494887444783
0.057125,-0.12414340804361827,-0.16111904380517686
0.05725,-0.16849533464955405,-0.2163284512566096
0.057375,-0.17172017986174656,-0.1437426284205611
0.0575,-0.2992394444817313,-0.1336347656147256
0.057625,-0.4331402190669427,-0.22841897749077034
0.05775,-0.5742211017828217,-0.41961994571219546
0.057875,-0.4668372904894882,-0.5060476772339882
0.058,-0.1421208330906638,-0.4380957490790483
0.058125,0.13611691608759066,-0.1569957062722855
0.05825,0.3685699351089785,0.00755057668370066
0.058375,0.2991987396834387,-0.09990604146643214
0.0585,0.23821003656909645,-0.21899448669231555
0.058625,0.03873748366406598,-0.19283883512371933
0.05875,0.06740884627233422,-0.286310855606178
0.058875,0.13479709025704947,-0.39159907850147263
0.059,0.17591206024553246,-0.5378576028753334
0.059125,0.2804239952112376,-0.4050392173915077
0.05925,0.24440769026235423,-0.11584058980924619
0.059375,0.1550004309493539,0.1752576280479611
0.0595,0.1876099385434292,0.29389039391329097
0.059625,0.14302021352421246,0.2999620936578561
0.05975,0.23818523917617498,0.20909906674781698
0.059875,0.30733187454544214,0.11260174402249892
0.06,0.29188679579618226,0.09700758725631456
0.060125,0.2573255046877578,0.12988575415173714
0.06025,0.11252879463663625,0.1991157580381064
0.060375,0.09626882659456638,0.26673260606727583
0.0605,0.20629643157513639,0.20476395997680924
0.060625,0.35329064907750285,0.1792251617895323
0.06075,0.297053907176934,0.08846375721954373
0.060875,0.1302491262005103,0.17023557020231125
0.061,0.1088546154905942,0.2439551351633926
0.061125,0.12887806151705972,0.2577224563903633
0.06125,0.19752588408496988,0.28191763295960903
0.061375,0.22541587277805014,0.1678175417822111
0.0615,0.24590244035662315,0.13626414745773857
0.061625,0.06500131409715998,0.11312449973379007
0.06175,-0.09113479305861047,0.20504985982754567
0.061875,-0.19013584894333269,0.2961442880344682
0.062,-0.15095939466390415,0.28920404033612385
0.062125,-0.0504325554746354,0.11197625274510113
0.06225,-0.04719752864246502,0.040727242960212774
0.062375,0.10012406026425444,0.07204205713823048
0.0625,0.2762130199288164,0.16699609920148095
0.062625,0.26571562315112474,0.2212779314531599
0.06275,-0.09525285355049828,0.1646706253271375
0.062875,-0.43516273678921596,0.05920548899604212
0.063,-0.3505717814342363,-0.04691317068988577
0.063125,-0.10560396082076966,-0.15017488786895217
0.06325,0.0896327669531035,-0.12097833004248254
0.063375,-0.021636965808509226,-0.0819225662045278
0.0635,-0.15995231012820943,-0.0396661889591131
0.063625,-0.11138605114345361,0.1432849879778408
0.06375,0.031004460349506942,0.23191391937195377
0.063875,0.043505028540152944,0.2246450440884266
0.064,-0.010191421240489626,-0.08376154178154506
0.064125,0.09966367703353288,-0.4008478939284688
0.06425,0.14722158277020359,-0.35270925761396227
0.064375,0.014893367511867164,-0.05532331615129065
0.0645,-0.08487343289364947,0.06831564231130709
0.064625,-0.08440279517602464,-0.06064542691685676
0.06475,-0.013239045353793527,-0.1539055243890467
0.064875,-0.2025207746059411,-0.05798979202075796
0.065,-0.3914608227281973,0.04810328349271774
0.065125,-0.6687794235122815,0.03058215987162401
0.06525,-0.6439232583841261,0.010762312019915713
0.065375,-0.4493532524695882,0.08051550777333119
0.0655,-0.2715798011349771,0.11209127652311307
0.065625,-0.3893524947583384,-0.004211895051987534
0.06575,-0.45174329514007505,-0.08555447871477843
0.065875,-0.3317665374059763,-0.0403783657840808
0.066,-0.19905223379653764,-0.01713645723867308
0.066125,-0.2997909033754949,-0.15694486543224562
0.06625,-0.4127314093525183,-0.38568348226570903
0.066375,-0.33179963699323156,-0.6229594631933605
0.0665,-0.20334449978310695,-0.5602588232439942
0.066625,-0.03890069145197228,-0.3529942125078846
0.06675,-0.012729631600160893,-0.29365871082350514
0.066875,-0.01934002605078123,-0.30990953280476885
0.067,0.13461121967712295,-0.4034283626497602
0.067125,0.3106085779396601,-0.28900366897803575
0.06725,0.5113123013914739,-0.18040990111681093
0.067375,0.6617844280825643,-0.3016322424848816
0.0675,0.6379056481138781,-0.3602819976728308
0.067625,0.5582859032162175,-0.2918319014770916
0.06775,0.39609099215491894,-0.20707321563994907
0.067875,0.4088237432998964,-0.043497378814180344
0.068,0.4032273138601872,-0.021935829842327215
0.068125,0.3601799422345439,0.03483050789646539
0.06825,0.2611519268960656,0.10745828269798151
0.068375,0.25297664466268815,0.32198106462466275
0.0685,0.4283549171033505,0.45360082709111277
0.068625,0.32647938250345904,0.567592926277112
0.06875,0.027366643735204997,0.6205163184991339
0.068875,-0.17682530506684804,0.4716058816669812
0.069,-0.08456055116800885,0.37122044704041635
0.069125,0.13398787728723088,0.31858728336892783
0.06925,0.16758141075169414,0.37097717900970445
0.069375,-0.01348646568895406,0.339857526285239
0.0695,-0.16720017657093772,0.21242308928758089
0.069625,-0.025497101462009814,0.19291709757531075
0.06975,0.11216489887061039,0.3673042635854697
0.069875,0.15522363653302915,0.2711651519003457
0.07,0.0712729055805756,0.07448952639869055
0.070125,0.04527641245485457,-0.17367649040172164
0.07025,-0.010195031365942516,-0.13002514519725322
0.070375,0.16517486669717532,0.11412065507835938
0.0705,0.12582062825896995,0.1478568474507596
0.070625,0.0009722366928935781,0.010222775237709153
0.07075,-0.11779314372395167,-0.14086572415562773
0.070875,-0.14595874564547412,-0.06675871842113368
0.071,-0.031540769935096816,0.08474528102421991
0.071125,-0.20470594636046183,0.17655737540386565
0.07125,-0.1811489775487227,0.05566937567494628
0.071375,-0.08158713317693518,-0.008940905929689005
0.0715,0.026287189163096056,0.025713821265314574
0.071625,-0.05127859433902972,0.14635372700890265
0.07175,-0.31569656776019706,0.16466425935856388
0.071875,-0.4554602991343421,0.014536235930692688
0.072,-0.2528416711600379,-0.0878568888510287
0.072125,0.21722722603930125,-0.08283564221291782
0.07225,0.44540330419200713,-0.06765206210839764
0.072375,0.12245766666743957,-0.06254596811677011
0.0725,-0.2819012366483149,-0.1593911971607045
0.072625,-0.2844977769638435,-0.08908273230636715
0.07275,0.03975853488001145,0.0015576958394379402
0.072875,0.15836377525476902,-0.04440089869779622
0.073,-0.005916084523243624,-0.23000767268540695
0.073125,-0.16485164441724331,-0.393763215217386
0.07325,-0.10492389547384783,-0.27979769402143184
0.073375,0.02655743984276151,0.2184372670784283
0.0735,-0.22620619219477447,0.37692064850792484
0.073625,-0.5838342386451234,0.06392017884315894
0.07375,-0.6412193444956207,-0.306991691014798
0.073875,-0.41244993433564525,-0.2756230865269736
0.074,-0.37995767407438247,0.02912782121143892
0.074125,-0.5841398073831744,0.13363729526184875
0.07425,-0.6439764058323315,-0.058508857158051875
0.074375,-0.4635737252680073,-0.18180079014850759
0.0745,-0.0713763873742341,-0.09241275240336877
0.074625,0.2695643362904162,0.015343096172689301
0.07475,0.39247789453171505,-0.2457912394830558
0.074875,0.33484831177719054,-0.5162305783170009
0.075,0.16434144752331745,-0.5303933285882897
0.075125,-0.11968516844850385,-0.38494104457583544
0.07525,-0.07720805353695831,-0.3129599993941387
0.075375,0.0824343705850315,-0.488131688268441
0.0755,0.29107019217011154,-0.589366701580295
0.075625,0.3221122389135628,-0.41358353004211396
0.07575,0.30059727018358295,-0.11124545942121215
0.075875,0.34320814881523726,0.21326597870567782
0.076,0.3559488567199272,0.39910298753817214
0.076125,0.24556731344962923,0.3489712540098078
0.07625,0.14467575234780922,0.14435652817109645
0.076375,0.16660929690338355,-0.07253606289038617
0.0765,0.4056104415683535,-0.07696158181789521
0.076625,0.517135807051497,0.04301766034190479
0.07675,0.3116265263360502,0.2638038955409179
0.076875,-0.1291432854740264,0.24873428873179532
0.077,-0.16932715361724537,0.24798958328556173
0.077125,0.08811411229143257,0.2815269234262751
0.07725,0.38462050697407957,0.2995995142924835
0.077375,0.3261817012327448,0.25627783755521405
0.0775,-0.08042256068110139,0.15634574355004774
0.077625,-0.36483544226331527,0.17860182741628725
0.07775,-0.27702105737559224,0.36465310047553784
0.077875,0.05376797722306201,0.4959906282886364
0.078,0.18299575430978293,0.28560031211442694
0.078125,0.1560689617228822,-0.10288549977477225
0.07825,0.06692501135265883,-0.1623868382316538
0.078375,0.2131831870044873,0.0731815720232382
0.0785,0.322580640836892,0.37816724882070957
0.078625,0.36395441408138357,0.28277676313510997
0.07875,0.2793432173780497,-0.11315342967805705
0.078875,0.16372402472058856,-0.3802170669568576
0.079,0.005501569850893006,-0.291123632158185
0.079125,-0.15830963628800446,0.0056019781618108
0.07925,-0.273291979995374,0.11639881636547816
0.079375,-0.3218796773340176,0.12408511178965928
0.0795,-0.19213244399428023,0.10726405165198695
0.079625,-0.12542991819478763,0.1503612696127195
0.07975,-0.04790610661340557,0.2836753140679566
0.079875,0.13240275843853688,0.31441013631189046
0.08,0.24302871718254118,0.24002109212411077
0.080125,0.18984729800313446,0.16916139870294555
0.08025,0.0390499816316026,-0.016409784262318976
0.080375,-0.07083448638283915,-0.15424253259681744
0.0805,-0.07995201831728847,-0.244247736916892
0.080625,-0.08339931918872208,-0.24580684807889996
0.08075,-0.1719261123668283,-0.184091355100444
0.080875,-0.40938185543736566,-0.11525816483044664
0.081,-0.4090441951175981,-0.01701861888040993
0.081125,-0.24822280915803788,0.08663246625385083
0.08125,0.006242368669304907,0.2180897322985368
0.081375,-0.05857448963706133,0.17199246033544416
0.0815,-0.2583226885520418,0.040670358216619955
0.081625,-0.29580285921804284,-0.08765627916414465
0.08175,-0.2053426866193754,-0.05314510089818214
0.081875,-0.2091235077153077,-0.061991042334336006
0.082,-0.3341082977815849,-0.17714105691204274
0.082125,-0.43397584088736035,-0.333077126375366
0.08225,-0.3849583923771432,-0.3779918248697457
0.082375,-0.23777838140758853,-0.21704664759107473
0.0825,-0.20164480985239588,-0.01812820952218725
0.082625,-0.3556508027279908,-0.0568607519278834
0.08275,-0.38249344891771486,-0.19684930100372514
0.082875,-0.3206671468758392,-0.25876523643003196
0.083,-0.08723883404813416,-0.19591779031881262
0.083125,0.029009109801020075,-0.14562839866051658
0.08325,0.015412169010557936,-0.33315524341605807
0.083375,0.01645485821075865,-0.4417409525311771
0.0835,0.04661070583957789,-0.3026214105944343
0.083625,0.17440044495793788,-0.14368802008843656
0.08375,0.25285681467747806,-0.19325283410728372
0.083875,0.37507350671436634,-0.3499940802334948
0.084,0.4495402073277037,-0.387954357794289
0.084125,0.41861559665267895,-0.202092427196497
0.08425,0.36174078119008235,-0.09736625038303803
0.084375,0.26002022865395136,-0.00460413605874499
0.0845,0.10145450682977783,-0.036881220639803404
0.084625,0.10314389427937037,0.027972482959321292
0.08475,0.2304752193340053,0.03351353421635681
0.084875,0.43095833163573466,0.161961770998082
0.085,0.4334260132235857,0.28434580424941275
0.085125,0.24798061243033617,0.3366365022464597
0.08525,0.11917146509751012,0.4079658008841808
0.085375,0.09948774921584899,0.416147771821555
0.0855,0.1571789904857568,0.34823370656578695
0.085625,0.1620244156848291,0.24944425735589829
0.08575,-0.007148410743690225,0.18412457137262106
0.085875,-0.23159985670409713,0.0863886221636643
0.086,-0.1820108986315384,0.20657690046545304
0.086125,0.023927878765714807,0.3903408662394558
0.08625,0.11666571231892937,0.3993542948499473
0.086375,0.022880508173611307,0.2350941353135601
0.0865,-0.17016314628682683,0.01083740364599855
0.086625,-0.13929439558629017,0.09439542471435726
0.08675,0.1128783129586887,0.17040243396473953
0.086875,0.2629854387572224,0.08003440602243228
0.087,0.39327437400770865,-0.05274830693594328
0.087125,0.24988856025296438,-0.1905385729062327
0.08725,0.1029282691778463,-0.14951578080998817
0.087375,-0.0824550128429589,0.024242117227112638
0.0875,-0.10363949845683655,0.07183354422840668
0.087625,-0.017002167185111026,0.00908163363974313
0.08775,0.004950139279927604,-0.08298683462447998
0.087875,-0.010332838374775024,-0.1614346877919974
0.088,-0.16870941195147313,0.0604628858856531
0.088125,-0.0075103526475655,0.28432550227389547
0.08825,0.01021512855296537,0.3316177361359066
0.088375,0.1202970167668421,0.2107599826840696
0.0885,0.02295775899381202,0.08085127942077482
0.088625,-0.10114477861539373,-0.07885247313546435
0.08875,-0.1111408008092115,-0.11221381101018348
0.088875,0.08787375617257305,0.0008426958465151043
0.089,0.14806893502605284,0.05151798152204994
0.089125,-0.09148004110679168,-0.032817785645516726
0.08925,-0.2272802647446761,-0.11110869211980273
0.089375,-0.14165282471828156,-0.07539537346982435
0.0895,-0.0065910436153571676,-0.0017977015900490188
0.089625,0.034079357936353964,0.0779283664711507
0.08975,-0.20596909384839088,0.019435867946968773
0.089875,-0.45641058070339036,-0.12942995420101433
0.09,-0.580363948986306,-0.07325787067289675
0.090125,-0.4507511956084749,0.1114983631660569
0.09025,-0.20996776636135042,0.11193253146756911
0.090375,-0.06295254634484988,-0.03811553792394266
0.0905,-0.21932449796682021,-0.2074978531537434
0.090625,-0.5009382579513535,-0.16012397896722666
0.09075,-0.6563072254419658,0.024659274286591287
0.090875,-0.5030097080477366,0.01269060739363973
0.091,-0.19175991096861658,-0.20738920561968543
0.091125,0.03938640482218246,-0.48668816769017575
0.09125,0.03799759356737267,-0.5250100204439534
0.091375,-0.23281355104297655,-0.41927428102303194
0.0915,-0.40355725886238,-0.14606946353543035
0.091625,-0.27126457174386637,-0.12541146035281642
0.09175,-0.00822557587950055,-0.2257213075324468
0.091875,0.22812283976610384,-0.472553989016902
0.092,0.37259771246387585,-0.6045352335404749
0.092125,0.3423056439210628,-0.44268228925056424
0.09225,0.3689491794010812,-0.1561976134134729
0.092375,0.3419211697907602,0.08389065697317331
0.0925,0.31718819870385057,0.067955658813563
0.092625,0.3194155380760296,-0.19562405328949234
0.09275,0.34533644695911364,-0.41707429951269737
0.092875,0.2424486811431278,-0.27787635258780286
0.093,0.1647118084978444,0.0007666266842122739
0.093125,0.010087545187440374,0.24451870124611244
0.09325,0.1262414997923097,0.29560682870729815
0.093375,0.29174174843869,0.29216298795745854
0.0935,0.2236544817529174,0.26062132146204275
0.093625,0.0910889462901675,0.29338871207304096
0.09375,0.00016653922816447332,0.2878703420172667
0.093875,0.05259969233149678,0.3129967121925565
0.094,0.17335536510728436,0.31266492868875084
0.094125,0.31120702710522796,0.24980280270561253
0.09425,0.3597179480862997,0.0948678005515058
0.094375,0.2897989636584633,0.02374922282167493
0.0945,0.2557260069851828,0.09303781345082891
0.094625,0.16014734812118375,0.22086783911916757
0.09475,0.10574367468748416,0.20804494803315582
0.094875,0.1940903925023559,0.07532624327757972
0.095,0.19498192112711124,0.015952246970932518
0.095125,0.1587182269313194,0.06258818796686505
0.09525,0.07175623797884433,0.19655707272732925
0.095375,0.045622873963847635,0.3089700639914588
0.0955,0.0071477148430596745,0.34067357739741094
0.095625,-0.11241407815776909,0.29217254565655176
0.09575,-0.14092042069265406,0.22279538152826106
0.095875,-0.2085096390438465,0.10304936261428524
0.096,-0.28232739263008244,0.1039767617944286
0.096125,-0.17199225929216388,0.12421331190748161
0.09625,0.0537453897421514,0.18714917719769447
0.096375,0.0013491484969547982,0.13073378821036977
0.0965,-0.010515851664446197,0.06417622567983737
0.096625,-0.16416583658370057,0.02377392718385317
0.09675,-0.2746146943097399,-0.045818334620010275
0.096875,-0.3628889488510581,-0.072824149499644
0.097,-0.2856200301392541,-0.12377160864056606
0.097125,-0.09017978028030658,-0.2058843434171382
0.09725,0.046187918987130545,-0.23992234675310734
0.097375,0.059428167490223074,-0.09000432440968514
0.0975,-0.04301135965400871,-0.00637030704651656
0.097625,-0.14985310457104442,0.06573709219237758
0.09775,-0.3382172322264664,-0.036484968858789435
0.097875,-0.3698362161538344,-0.14552247091900752
0.098,-0.32553918431936163,-0.21127604203069406
0.098125,-0.16076080785153943,-0.32189244852575805
0.09825,0.03700901930157268,-0.27400436102548414
0.098375,0.08197654625218413,-0.11863487146126919
0.0985,0.13231406051599698,0.05523064581813292
0.098625,0.023915476224355556,0.06549747674321438
0.09875,-0.09957120803912486,-0.04681826694738667
0.098875,-0.18844244728308235,-0.20178600336883276
0.099,-0.11926477084966977,-0.3269432346557385
0.099125,0.028150035045332804,-0.35058159010186385
0.09925,-0.053394944871683246,-0.27834605183025196
0.099375,-0.2802222882766212,-0.1351049033256971
0.0995,-0.47642524129625147,0.002280290463074916
0.099625,-0.5476014066034035,0.05701986473490455
0.09975,-0.473083054670926,0.1156539588936088
0.099875,-0.3642948223725903,0.021778544608348254
0.1,-0.3341389551902084,-0.08761603839858365
0.100125,-0.32540270615425554,-0.2043894532695257
0.10025,-0.10924193378454068,-0.07521043778480614
0.100375,0.1301598792141386,0.015409644515704009
0.1005,0.35826564711246117,-0.031180167906053963
0.100625,0.3739299422274565,-0.248215272135161
0.10075,0.3744905558220413,-0.45131827096605975
0.100875,0.42200401590545444,-0.5116531337536404
0.101,0.4590082437797241,-0.42176925502989415
0.101125,0.4438006239408454,-0.35066590860416313
0.10125,0.3628483257951723,-0.3265651715308276
0.101375,0.11979409942264514,-0.29606782893388306
0.1015,-0.053916436842106126,-0.05228955255610112
0.101625,0.007524808455373465,0.1703780401748129
0.10175,0.1254851101744529,0.3539924478748912
0.101875,0.2764241948971252,0.36229466493027906
0.102,0.3524965407226348,0.37725149049225104
0.102125,0.3113759534416738,0.3803910894221727
0.10225,0.18408682341094396,0.46221990820268527
0.102375,0.21196317327794423,0.4336586879034572
0.1025,0.1700140111951065,0.36295357865492384
0.102625,0.11946895815678354,0.08657354414176656
0.10275,0.07755421129001767,0.01934098549139352
0.102875,0.10072634444939217,-0.010920001357632894
0.103,0.18447450703820434,0.16374129458126496
0.103125,0.24214274232495875,0.2673867165748979
0.10325,0.23475906719212591,0.2977521751419638
0.103375,0.22380171523519893,0.2754535288015161
0.1035,0.1016281744436253,0.2279835734473256
0.103625,0.0157050212807919,0.18769704880653157
0.10375,-0.19120904305040376,0.11581474770756127
0.103875,-0.12787562231766503,0.09910787924508556
0.104,0.002945882901129366,0.06526247163126447
0.104125,0.024918986212832686,0.12431281461137755
0.10425,-0.06737652755836245,0.18778866870961902
0.104375,-0.24355257185734247,0.15980892521630924
0.1045,-0.19549328147293735,0.2298653370359948
0.104625,-0.0004784935595871955,0.21440571910519227
0.10475,0.040185342842248395,0.14334310890087756
0.104875,-0.12013679210752969,0.0030334146678521906
0.105,-0.2783658270877643,-0.10948110133348156
0.105125,-0.2681451728437103,-0.1292967183414951
0.10525,-0.11426487941216319,-0.001607529642198973
0.105375,-0.0843869014325387,0.052515864631277005
0.1055,-0.28190267432403104,-0.062249722508941126
0.105625,-0.31133232663019633,-0.24170619339033814
0.10575,-0.28878361237078387,-0.18775752580488875
0.105875,0.0011274003439887014,-0.00017261046378514263
0.106,0.1544103223575322,0.07389239997480318
0.106125,0.1274295304471864,-0.08675003082159134
0.10625,0.011428201268352364,-0.24106906349516685
0.106375,-0.16429962996265474,-0.22586954830264658
0.1065,-0.3299517261286925,-0.10886945597660873
0.106625,-0.4166760259791786,-0.11039510907271569
0.10675,-0.26154712824370535,-0.26408627118086664
0.106875,-0.02057383580296184,-0.38377971972384667
0.107,0.09561073049411166,-0.2559692649444187
0.107125,-0.06444772757093532,0.00691477311347851
0.10725,-0.3156150271576289,0.17755278855710133
0.107375,-0.455304180231709,0.14081177962136124
0.1075,-0.43460662713331744,0.02390587508017639
0.107625,-0.28445366339193384,-0.13076469670086668
0.10775,-0.20216601669774745,-0.309449891383268
0.107875,-0.22747519095008525,-0.3356788687142731
0.108,-0.22426041336632913,-0.2349004631720389
0.108125,-0.1098668237433649,-0.05207535879759491
0.10825,0.17229634228396043,0.02335404956314069
0.108375,0.3987022242295336,-0.0791369635925188
0.1085,0.27516437386648057,-0.3037096129105442
0.108625,0.08447787794848266,-0.3988238924471703
0.10875,0.0022134419861459882,-0.36945543880142856
0.108875,0.02149094848511876,-0.28415676321362293
0.109,0.20675820660075722,-0.1496447559930918
0.109125,0.2514835427518807,-0.19069735315966097
0.10925,0.3187674079279958,-0.22391921905830636
0.109375,0.4901769889779431,-0.12365949667710024
0.1095,0.42505999542227063,0.13680663124231568
0.109625,0.17543357843864976,0.31772381645107667
0.10975,-0.020415684157174836,0.26257365936770755
0.109875,0.07643847970544089,0.07586585486691756
0.11,0.4519552016897673,-0.018274168607814202
0.110125,0.5369884632684668,0.06784389563381568
0.11025,0.3130186270554968,0.1699444551842633
0.110375,0.04626762579955282,0.20858405157226295
0.1105,0.007723252940166851,0.2865647803796806
0.110625,0.2366126807449912,0.4598827176297539
0.11075,0.26797374650136646,0.3602988372920612
0.110875,-0.042049861974442986,0.15997861942912034
0.111,-0.5075284497332825,-0.05082891070839288
0.111125,-0.6301253097459034,0.1003927355922444
0.11125,-0.332370812337943,0.38451937820324755
0.111375,0.05497120944914156,0.45588756365672267
0.1115,0.23188306712059012,0.2865751689564248
0.111625,0.10527341873825638,0.002247149302294526
0.11175,0.10339931763350839,-0.005080642996824528
0.111875,0.2666299919039808,0.1593334324977734
0.112,0.4068619123495421,0.20015235455261413
0.112125,0.43558881554520235,-0.05099987460674953
0.11225,0.4198354432643893,-0.4549603476277222
0.112375,0.22942635564924524,-0.597683971167183
0.1125,-0.0261200781793762,-0.3116816630599864
0.112625,-0.1493503488183311,0.055622750385381656
0.11275,-0.30412874558225816,0.14615842146207172
0.112875,-0.31668707180774297,0.13761491769161976
0.113,-0.17966345478624784,0.1261892133082106
0.113125,-0.006541976423393584,0.22196131981114856
0.11325,0.19360173237676628,0.3614130376382921
0.113375,0.35085589184005705,0.38227585974078315
0.1135,0.2635499970575838,0.38556690217991374
0.113625,0.13531684602803135,0.2052596775147175
0.11375,0.020232302657756378,0.026634802063034098
0.113875,-0.21194369212102374,-0.12428464534709097
0.114,-0.2738896302559228,-0.2884407380555716
0.114125,-0.3572529424547001,-0.2908248467114943
0.11425,-0.24067647451029342,-0.18457107654840837
0.114375,-0.07339760199936611,-0.011879056760600559
0.1145,-0.035862468264954116,0.1930156351711882
0.114625,-0.17095886313890182,0.32775307838617224
0.11475,-0.21354683106523928,0.2765539734658468
0.114875,-0.08507398808623619,0.11547109893758657
0.115,0.07061275551895599,0.005323388406814584
0.115125,-0.09139995070868225,-0.15762753887351139
0.11525,-0.35107800263407407,-0.27962114818399836
0.115375,-0.6779156377311985,-0.35229700432392314
0.1155,-0.7885442623763498,-0.2488921530846203
0.115625,-0.6033453574951044,-0.13365399956155088
0.11575,-0.4161482659248112,-0.009177117418375187
0.115875,-0.3205398574774036,-0.1682579633826109
0.116,-0.3191368047808108,-0.18274018345988227
0.116125,-0.39590704965180545,-0.06563212774227087
0.11625,-0.35352751429129897,-0.00438335604707952
0.116375,-0.2278528256534107,-0.03523270171199416
0.1165,-0.041910005658956306,-0.31466034632644124
0.116625,0.11447782899554573,-0.6082623107182322
0.11675,0.19788504699597959,-0.6854324361599686
0.116875,0.17418496143150058,-0.563092125614557
0.117,0.2936095539853906,-0.40477799261460873
0.117125,0.37704108671895914,-0.2670555423678229
0.11725,0.4228552262057374,-0.2889339181378558
0.117375,0.38691163730794026,-0.35282883795699294
0.1175,0.31983286218517326,-0.3765981886870332
0.117625,0.3159156567176944,-0.21985048078737357
0.11775,0.4681023056821384,0.020312031595271608
0.117875,0.48599433556554633,0.12365511545143897
0.118,0.44544709515708864,0.19640616917043432
0.118125,0.2838564111035528,0.19738435407235957
0.11825,0.22479396632765872,0.23271242883621426
0.118375,0.11115586340944857,0.33756840734989346
0.1185,0.028382618990596964,0.4145254297514637
0.118625,-0.004509728169860977,0.3862380045748982
0.11875,0.02510235547536239,0.2576790496217922
0.118875,0.12517479177803426,0.27950413633383425
0.119,0.21755451075466006,0.41554310262846755
0.119125,0.14552416187710454,0.43089476321895354
0.11925,0.011969294735320934,0.3831079047807467
0.119375,-0.070545277341407,0.2890286907930737
0.1195,-0.04197484774292498,0.18756679666311674
0.119625,0.08472010011979801,0.1441739018462673
0.11975,0.26672938011414127,0.015287577907054078
0.119875,0.36881027140004496,0.048345919081399256
0.12,0.24225769692983892,0.013477434933073146
0.120125,-0.027771884964056744,0.09151015256379752
0.12025,-0.16285232857537935,0.1803044803717824
0.120375,-0.08372395227718493,0.20010598519879794
0.1205,0.07416014370705293,0.05323746296619796
0.120625,-0.07757118980967755,-0.051353020374535784
0.12075,-0.1604185196683476,-0.07920163330024561
0.120875,0.003203416227362276,0.09814713787481621
0.121,0.2196331403931799,0.28511077997569023
0.121125,0.04077367776268349,0.35842074964633763
0.12125,-0.3281327261097442,0.21286486793738116
0.121375,-0.45704433369348596,-0.03754811095088412
0.1215,-0.2823876960585049,-0.1513269897424924
0.121625,-0.01985627488853934,-0.1083028652470155
0.12175,0.21142910095382936,-0.04340901402699731
0.121875,0.30057511159130856,-0.015358851565891556
0.122,0.2406139618428589,-0.11279938276146852
0.122125,-0.11778275750468528,0.025060210133849452
0.12225,-0.3893088336401853,0.19235262049512183
0.122375,-0.43354345613396783,-0.002149702957994253
0.1225,-0.23458941455910623,-0.2390363626206892
0.122625,0.023758808398944203,-0.37862487652322796
0.12275,-0.0346949604786995,-0.21566427845962036
0.122875,-0.3012126155783692,0.00960965193463048
0.123,-0.183207158569149,0.16511752145457714
0.123125,0.05852798554988454,0.26034241762452226
0.12325,0.1608476546587078,0.19895292337064066
0.123375,-0.15945044890090157,-0.07521716004719545
0.1235,-0.5772926147264363,-0.3706608719864095
0.123625,-0.5690992218052647,-0.39343743597181435
0.12375,-0.24559122224171664,-0.1791376962813063
0.123875,0.011074338224514844,0.0010354412963735687
0.124,-0.034114865387148884,-0.06606547231162331
0.124125,-0.3366742166439137,-0.25695404054287896
0.12425,-0.3756346163234708,-0.21632830852602478
0.124375,-0.2783209893068333,0.08348246148095124
0.1245,-0.008529581955519637,0.1390995251688122
0.124625,0.1315349160395009,-0.138229140910952
0.12475,0.009621054347609766,-0.5128892410655095
0.124875,-0.16486803697878238,-0.5064318630252234
0.125,-0.3017613852269244,-0.26787920318716196
0.125125,-0.3150626319314191,-0.05106392560396432
0.12525,-0.10928020602716307,-0.12051258524216217
0.125375,0.17143457717200722,-0.29935046720572167
0.1255,0.37617393121871767,-0.37930181761403925
0.125625,0.48399776795680405,-0.2653602793918822
0.12575,0.5078024268165251,0.022379995557548087
0.125875,0.521352361363122,0.07400811572800602
0.126,0.6273085698583158,0.011476199123138523
0.126125,0.6495641748161123,-0.12876738336416105
0.12625,0.5263907470955411,-0.2604481685056037
0.126375,0.26759966912875816,-0.2851203026572407
0.1265,0.03643573104065069,-0.12015752548900462
0.126625,-0.06895986449395221,0.14324843652276553
0.12675,-0.17870790389890934,0.3141789724797304
0.126875,-0.175834521950737,0.4716853390538942
0.127,-0.21510339743868345,0.4635480409264171
0.127125,-0.2534966175499361,0.48784000882027334
0.12725,-0.31724862929299463,0.5528951032626579
0.127375,-0.1437041174529868,0.6282801585779098
0.1275,0.1814090802097052,0.4770819421706018
0.127625,0.4900561045389796,0.28631725580642337
0.12775,0.5090158608656891,-0.001971112469474077
0.127875,0.2811903211413151,-0.13745473830348418
0.128,0.040081767310130245,-0.16565060387377584
0.128125,0.03125223012096274,-0.11029501782031985
0.12825,0.033110083299255424,-0.13919924772226647
0.128375,0.027135662672503995,-0.20935157869686702
0.1285,0.13054933701110916,-0.25989955508514223
0.128625,0.20867217496345522,-0.157481335062886
0.12875,0.17045885201091224,0.15108129638926185
0.128875,-0.049206639409382844,0.3866721015361728
0.129,-0.1787738606218287,0.42370088044524895
0.129125,-0.1505067538618809,0.21549106061730688
0.12925,0.0821645088015497,0.10635787054268948
0.129375,0.22211530283769168,0.005328060117033239
0.1295,0.12282832116309682,0.04580374435364686
0.129625,-0.061040339873034775,0.04137244598683463
0.12975,-0.07654165351940877,0.09400724122915943
0.129875,0.15122134713483834,0.1990727453606098
0.13,0.2563976500395353,0.09763190390479551
0.130125,0.19200895248062066,-0.04225867699431196
0.13025,-0.009660038260585644,-0.18334486301042227
0.130375,-0.14354607988208615,-0.11402233318907981
0.1305,-0.04267531769068098,0.0870349773264051
0.130625,-0.028392677124304978,0.21955234585762903
0.13075,-0.10820932973270374,0.11146786542251817
0.130875,-0.11678932703404935,-0.05657826715442737
0.131,-0.03988157489198247,-0.0442145778383671
0.131125,-0.15140740033084465,0.12961708378940406
0.13125,-0.4063797248597805,0.2500571164701927
0.131375,-0.5542050514904711,0.13484763945739503
0.1315,-0.4125819736971317,-0.03585911087197103
0.131625,-0.2557609199555848,-0.10506373955188444
0.13175,-0.28124138735416787,-0.06487227842015617
0.131875,-0.44553851997875066,-0.03506059930236633
0.132,-0.4201817567049088,-0.0753211544035261
0.132125,-0.14422029084146748,-0.07160902672741304
0.13225,-0.08607954160792132,-0.04936206073173035
0.132375,-0.3328751928244133,-0.046997305835740744
0.1325,-0.5192415316066648,-0.3526624201527694
0.132625,-0.36358820569595224,-0.5122333408174259
0.13275,-0.09573290182288353,-0.36654433131228914
0.132875,0.0317876809620384,-0.1748362179108639
0.133,-0.008488351780240027,-0.2590891845466064
0.133125,-0.08926562681943997,-0.4059893762971394
0.13325,-0.13365122833122178,-0.3828693977910202
0.133375,-0.1937529508970931,-0.1747752911173927
0.1335,-0.11363819850767942,-0.09054648814770744
0.133625,0.03839092950151335,-0.315516218617872
0.13375,0.17158773563024252,-0.4420866342844865
0.133875,0.4016885844490327,-0.2976003860233778
0.134,0.47455181243620675,-0.09005930059846366
0.134125,0.40947761361220253,0.05642601515943386
0.13425,0.28939342865412165,0.03672036004148674
0.134375,0.20768719465662586,-0.020473709368943348
0.1345,0.2190937755910327,-0.12084978812846763
0.134625,0.2590938344113226,-0.15139686537292926
0.13475,0.3418505924579593,-0.12341546331761452
0.134875,0.33006808409014077,0.024284615321922647
0.135,0.08226237252712067,0.2028452958336409
0.135125,0.011723014714385213,0.3192081802729712
0.13525,0.05928221520255625,0.3909469243569915
0.135375,0.3028786225178823,0.33810559271716856
0.1355,0.30748516124475683,0.230092903000361
0.135625,0.14172580696739434,0.2329318383304612
0.13575,-0.030477270774605335,0.18866622040242828
0.135875,-0.04967663785310639,0.2382149995884605
0.136,0.003981600044624126,0.2836289027465005
0.136125,0.09795903260227536,0.22527644275291184
0.13625,0.1913333502730186,0.08429649603381374
0.136375,0.316559402551212,-0.02607767837122167
0.1365,0.41144363701074843,0.10962448673598305
0.136625,0.29916096963202765,0.233923241420246
0.13675,0.10443967350930818,0.29530527500513
0.136875,0.12343335876305066,0.1618206669560373
0.137,0.2489559664625836,-0.038856406852688985
0.137125,0.16586085650299368,-0.06495977636975835
0.13725,-0.07269435922338222,0.01956012633183657
0.137375,-0.2780823676857125,0.05895830782864021
0.1375,-0.22745992888414568,0.14517526472323763
0.137625,-0.09612628737363756,0.29842193585641474
0.13775,-0.06410720316084563,0.3372915467138285
0.137875,-0.07926704367627338,0.26911795561733914
0.138,-0.16502303299253362,0.0981307679872664
0.138125,-0.13249830417226413,0.10671237705135565
0.13825,-0.08415951321038082,0.2077583512877431
0.138375,-0.04948468696502281,0.10729302060378139
0.1385,0.009117861851444756,-0.07098282555684726
0.138625,-0.13543099461167493,-0.22855323510169948
0.13875,-0.1440512236134277,-0.19867828051285805
0.138875,0.02895988471009465,-0.10855607754946277
0.139,0.24147750515787156,-0.09479757823766453
0.139125,0.17007755750409187,-0.11848784424648856
0.13925,0.10577768811839743,-0.11860735233800158
0.139375,-0.03182815378151735,-0.06407021851430585
0.1395,-0.16690543915472372,-0.06527154588170556
0.139625,-0.18858781596092658,-0.05537095001289978
0.13975,-0.2661724422483798,-0.04737456329203442
0.139875,-0.3456662103504605,-0.13272373027886042
0.14,-0.3977493573989141,-0.11770879814929085
0.140125,-0.44948637168673256,0.03494829576244874
0.14025,-0.5333252646813151,0.10556664878553727
0.140375,-0.5177315369350886,0.2414866167116371
0.1405,-0.36059529185460093,0.1178789865656248
0.140625,-0.15345459038704326,0.016981358953113448
0.14075,-0.1812425414205661,-0.1688391791346231
0.140875,-0.36918444045958027,-0.17416757881040182
0.141,-0.4943665181414548,-0.2730316930807299
0.141125,-0.297501089627544,-0.3161962080349217
0.14125,-0.06382259081167825,-0.34052771111534436
0.141375,0.03791073893091348,-0.40374809642976767
0.1415,-0.07460476810360718,-0.44325619657527343
0.141625,-0.07095508979682297,-0.44729272205
0.14175,0.0786479815581544,-0.3319401342289573
0.141875,0.18930418766293525,-0.1492822314914332
0.142,0.24494134959268046,-0.1320756614390964
0.142125,0.14147149432317258,-0.337235706403656
0.14225,0.10975883657450279,-0.41131215432721185
0.142375,0.22732190018800627,-0.2918623693406796
0.1425,0.37379902394955505,-0.054195227435655496
0.142625,0.30117091525543555,0.015688130323241886
0.14275,0.12153085223333286,-0.01646899124010479
0.142875,0.15396949266081614,-0.09529308845668402
0.143,0.4163175201928294,0.06187038089271906
0.143125,0.6342385099067332,0.1645739736481784
0.14325,0.46412111628852554,0.2267235287864264
0.143375,0.1253236876904873,0.12525186630653826
0.1435,-0.061042835672811296,0.10591840637474932
0.143625,0.009265667198779443,0.21373498182707226
0.14375,0.24207533827833763,0.32973044863387174
0.143875,0.2439439844265458,0.25199055978685686
0.144,0.13311224816291783,0.09846948961007274
0.144125,0.08521421838483668,0.12143982153018885
0.14425,0.1459102644881796,0.39092974173494044
0.144375,0.21800787928004867,0.5392940198096001
0.1445,0.14018471928165696,0.42654726151456585
0.144625,0.05558788798293697,0.11992472364025736
0.14475,-0.04538194144968388,-0.08956564378379231
0.144875,0.07086502551656002,0.051137198845806954
0.145,0.18898036792909262,0.26066352109055735
0.145125,0.2988683782687441,0.2553561000420964
0.14525,0.15706013229499485,0.16747910110618636
0.145375,-0.24827987935299164,0.16041546189149733
0.1455,-0.357921269703297,0.18053558800543226
0.145625,-0.169328988658951,0.24786819099181842
0.14575,0.1884529994073429,0.1836042636477195
0.145875,0.23821636907042884,0.06473409260364255
0.146,0.06615429320488231,-0.049435636435836657
0.146125,-0.11349270115009909,0.003755573294380314
0.14625,-0.07484764604453283,0.223735401168696
0.146375,0.03551268042056428,0.25519629493075496
0.1465,0.07054140287089691,0.07721461571088369
0.146625,-0.21228627509927084,-0.22935544876703687
0.14675,-0.3340213072623051,-0.30861313809893787
0.146875,-0.22218492364066966,-0.14794787034595872
0.147,-0.039517711382662524,0.16783357147913985
0.147125,0.06761770640481829,0.2403706612019128
0.14725,-0.11266199480325957,0.08399003639023972
0.147375,-0.25921612702886404,-0.06941799605407185
0.1475,-0.26136532598008133,-0.07040726636466037
0.147625,-0.12461269448871541,0.008993997782973459
0.14775,-0.07606581524822834,0.03143943825044549
0.147875,-0.22437630374257114,-0.08930431323439228
0.148,-0.31123484856172046,-0.2737210747536267
0.148125,-0.172622049799849,-0.22433999545385047
0.14825,0.06627813779732483,-0.03326972563251084
0.148375,0.2002895902272934,0.059000680679251453
0.1485,0.007214688785770133,-0.08294086431136434
0.148625,-0.3410379509004101,-0.19704367608524603
0.14875,-0.4803084830886836,-0.23383416667058732
0.148875,-0.601089636349836,-0.13987953190900973
0.149,-0.5051415374852369,-0.02241240650520979
0.149125,-0.3837054405419106,-0.18143001828441238
0.14925,-0.20039788624235644,-0.30271866252103796
0.149375,-0.20679333347534418,-0.17939188475894655
0.1495,-0.38092996382438854,0.09976597138846281
0.149625,-0.5187554854905644,0.17252057354671707
0.14975,-0.355843139858421,0.006498562419843822
0.149875,-0.025894277101154113,-0.26063356073256916
0.15,0.20452794233662752,-0.4416723064291113
0.150125,0.33215495551159374,-0.48679546230773085
0.15025,0.2869502696476456,-0.45016926566412874
0.150375,0.1645263514910114,-0.31572135364664944
0.1505,0.2615720430839271,-0.1786214050607499
0.150625,0.4240852817673881,-0.16183792449252682
0.15075,0.5334291271062543,-0.34739748034156415
0.150875,0.4620319349926418,-0.477046482779882
0.151,0.3549525984565269,-0.314270574676777
0.151125,0.23012970104767266,-0.043646359257475356
0.15125,0.22867647257264911,0.21209756989450212
0.151375,0.26928173332461397,0.2710345180322559
0.1515,0.2846939489634942,0.2669880177126254
0.151625,0.2306641159553002,0.15518059145696278
0.15175,0.06461968441892185,0.19243997563157825
0.151875,-0.022836361390801065,0.34258686077073075
0.152,0.06380732630076742,0.5268377567194745
0.152125,0.24293210490177716,0.4036374275431739
0.15225,0.5467296300130778,0.27554851127157376
0.152375,0.6001065522664015,0.19272330025105738
0.1525,0.2509109912763611,0.20828530368616174
0.152625,-0.07712043425192479,0.2812168772851567
0.15275,-0.13643011373161926,0.22983975521152905
0.152875,0.08665227413389022,0.16176291015314326
0.153,0.2989696101711068,0.0375039254119776
0.153125,0.20914260173703864,-0.00988871280888261
0.15325,-0.15184824060386876,0.024141726612796774
0.153375,-0.2801605102776081,0.2257414796871657
0.1535,-0.20587090167056143,0.43985603232084447
0.153625,0.07850547745047799,0.49948392707294736
0.15375,0.18107489324032106,0.28253587861431323
0.153875,-0.0756563704339106,-0.032629621951667076
0.154,-0.39116691885913163,-0.12913114818826185
0.154125,-0.37347662022595385,0.10624211053626928
0.15425,-0.13947311635789345,0.26136135771723024
0.154375,0.048366636088725296,0.14328328254491732
0.1545,0.09524586605754341,-0.13106137278494107
0.154625,0.1166497479961397,-0.2715444215689131
0.15475,0.07182532786469896,-0.10553828534864763
0.154875,-0.011157446300726888,0.07950685455632336
0.155,-0.1478162130725468,0.15885136672606892
0.155125,-0.19303431136553822,-0.13505167330361834
0.15525,-0.02677843912898557,-0.34167726410095695
0.155375,0.14381922755143664,-0.3655589998254638
0.1555,0.07473202349915961,-0.14607926112914218
0.155625,-0.08988123581687534,0.07241518709150054
0.15575,-0.1964788229625148,0.09486434635467372
0.155875,-0.1907654260729209,0.043024514764452536
0.156,-0.20198869914880552,0.06446368324167154
0.156125,-0.15159402692199606,-0.039568381470832525
0.15625,-0.09352934242255487,-0.17232781964844462
0.156375,0.06755861261533311,-0.15555313515085692
0.1565,0.08108208540375256,-0.0417079736994746
0.156625,0.1040475744874546,0.12474145836128414
0.15675,-0.04080997947468369,0.06052874035894069
0.156875,-0.170184601663011,-0.010967355804957153
0.157,-0.24041947700952468,-0.1926352631108337
0.157125,-0.4249775557993737,-0.13786858191750637
0.15725,-0.451992490752033,-0.16700817900117906
0.157375,-0.2889483940029639,-0.15137794752238945
0.1575,-0.23691673038161545,-0.024677357266662325
0.157625,-0.31644935074507125,0.03668912308187304
0.15775,-0.5137209413199066,0.08676057363139342
0.157875,-0.5268718728664155,0.04550460076498981
0.158,-0.1899091021382122,-0.031300996929219206
0.158125,-0.02599344357753678,-0.0813694187475857
0.15825,-0.11464701290729014,-0.21729429174416584
0.158375,-0.1327140444381736,-0.3635547502901947
0.1585,-0.22237862544102469,-0.3745975531960815
0.158625,-0.052899460403760395,-0.31352663484774024
0.15875,0.24849205695318552,-0.24007927605336993
0.158875,0.5549398503805397,-0.30321022895036076
0.159,0.6654810552160034,-0.4469864366251989
0.159125,0.549735574386464,-0.3994371485577899
0.15925,0.27474087746458614,-0.22748297126554615
0.159375,-0.05861396411317817,-0.05335567155773115
0.1595,-0.08360997561489139,-0.05156725614598402
0.159625,0.18949998930511228,-0.1581263649918947
0.15975,0.4723970969019192,-0.1774975302387747
0.159875,0.6043151090506931,-0.04592767037163542
0.16,0.4675784632987781,0.26335485184689267
0.160125,0.14619120539421976,0.49948797330608274
0.16025,-0.022404138353677584,0.5998717162584467
0.160375,-0.12777005063627853,0.5232525138600894
0.1605,-0.01662094303488488,0.2418284911492801
0.160625,0.07132224820881311,-0.024723998396002998
0.16075,0.17823430140202087,-0.05230837407472446
0.160875,0.15370768060185128,0.1478491402848589
0.161,0.25470422087142436,0.44558747741754035
0.161125,0.30970882803029975,0.5741528891875103
0.16125,0.2985664151247787,0.3895029309916477
0.161375,0.09037318555138109,0.14565067380141666
0.1615,0.014759986692761186,-0.07607902877222027
0.161625,0.0034601532905771584,-0.09678602721253847
0.16175,0.18678269453044713,-0.02734125781008504
0.161875,0.051492254585517025,0.1085964429794291
0.162,-0.1672752640962602,0.14808054644927487
0.162125,-0.3655519517820452,0.15721283094189675
0.16225,-0.1377164047333351,0.24161797019012052
0.162375,0.0404620664755832,0.29540396914544903
0.1625,0.1767021393151091,0.21863120418271145
0.162625,0.09386399739163151,0.07412738549377632
0.16275,0.06530326391855748,-0.013660767758273788
0.162875,0.11733839969006324,0.007310011575877162
0.163,0.15399427469364496,0.09069320398610438
0.163125,0.05672882057922689,0.061957287974253136
0.16325,-0.03115276765117166,-0.14491659892465686
0.163375,-0.11840573652170053,-0.2434510846934926
0.1635,-0.14863595450292674,-0.15841853060385838
0.163625,-0.10766372628527437,0.06546963338084356
0.16375,-0.054221841739563535,0.18571131427887666
0.163875,-0.056648876688324294,0.07659797849282841
0.164,-0.21896420134564132,0.08024224156484762
0.164125,-0.3249968186354122,0.08674078927639667
0.16425,-0.27487518364698854,0.09078104560612733
0.164375,-0.07561068444936155,0.04148699412751798
0.1645,0.07469107176351365,-0.0416818305012577
0.164625,-0.06658021796855616,-0.07323157872777224
0.16475,-0.2881561881003856,-0.1666405423391172
0.164875,-0.30750514057791484,-0.15829656041639173
0.165,-0.19679712371197391,-0.08473647307473278
0.165125,-0.07855942576362275,-0.04874226037362836
0.16525,-0.10217805244165723,-0.18473074333728765
0.165375,-0.21490932767696277,-0.26072547244664973
0.1655,-0.2702820535918282,-0.269392253707721
0.165625,-0.18991933254743149,-0.08191235144853622
0.16575,-0.16765148587960985,0.0042666366728489015
0.165875,-0.2605402448393617,-0.043312537596949634
0.166,-0.3774716223013109,-0.25379056267287187
0.166125,-0.32458395890623715,-0.28013009400622974
0.16625,-0.1456986419245534,-0.18308228586244857
0.166375,-0.06604761670719672,-0.04462431817696331
0.1665,-0.06326715217064806,-0.0849141670075377
0.166625,-0.06439340469752201,-0.19557074950648937
0.16675,-0.053811116079324636,-0.17236590053251613
0.166875,0.09028489333830737,-0.14207311628092914
0.167,-0.00010040532079820224,-0.11352793052028705
0.167125,-0.005791600341715915,-0.21352999091758568
0.16725,0.04241334575245057,-0.3311464731166242
0.167375,0.2831314619168256,-0.26627290580918983
0.1675,0.4524453850455221,-0.15038154775718995
0.167625,0.43398269641457116,-0.11253977659430238
0.16775,0.42747112704934975,-0.06776281747025477
0.167875,0.22037323974006612,-0.02521335578227643
0.168,0.06461749637353982,-0.009736666479430327
0.168125,-0.09638374183526496,0.09535861979666255
0.16825,-0.07964399491475091,0.055885058698497504
0.168375,-0.041541310663363626,-0.011422613808901938
0.1685,0.08631252007544027,0.11383537760456197
0.168625,0.08645153373102511,0.27355925757548255
0.16875,0.2418725212137147,0.4489686757301722
0.168875,0.38782193751328164,0.4393398538106323
0.169,0.4305768486659476,0.3487375772210914
0.169125,0.22995670434981608,0.21735420141719144
0.16925,0.04508698787604261,0.10315231105015829
0.169375,0.12316101533370295,-0.07981638296012791
0.1695,0.2542790717064339,-0.03990289596117761
0.169625,0.2543220418429814,0.01977832317299001
0.16975,0.03654162946134135,0.0691144008166736
0.169875,-0.13723026020224316,0.10963252017608827
0.17,-0.07597984027337562,0.28561817252700006
0.170125,0.17514057249344284,0.36726048318293275
0.17025,0.31753584118784,0.36596107041436005
0.170375,0.3052713689514781,0.18904217536997825
0.1705,0.061640212082071176,0.07353774669315535
0.170625,-0.06653081047067719,0.05898201638373354
0.17075,-0.11915304856769907,0.28111126250154433
0.170875,0.12260656483317178,0.24855564935202762
0.171,0.22804387633780865,0.0070729940261314616
0.171125,0.12170342644647367,-0.11751964067638121
0.17125,-0.17885553094657247,-0.030190453322244133
0.171375,-0.3998058845746095,0.16590729684421124
0.1715,-0.3479688556991515,0.3090057506194163
0.171625,-0.2273280020305691,0.20375981066824278
0.17175,-0.06929551300881219,0.08881923641806078
0.171875,-0.0585624988857854,-0.11803766088541988
0.172,-0.09397971976116333,-0.08996567957339122
0.172125,-0.05547680400389442,0.02044467706564997
0.17225,-0.02853978447996053,0.2159862822657981
0.172375,-0.013131886025982066,0.11036663457399284
0.1725,0.018156250038618458,-0.15100173803039574
0.172625,-0.05632883168369761,-0.3173818605644836
0.17275,-0.20038660479344997,-0.29630146875307084
0.172875,-0.1312630063998715,-0.1668787619366814
0.173,-0.03136476556275326,-0.051273121492168665
0.173125,0.1295404045579545,-0.05798471380135884
0.17325,0.11507786188398685,-0.052895733370877586
0.173375,-0.021324631506431883,-0.09782830673067833
0.1735,-0.2129924296706906,-0.026170169971316572
0.173625,-0.41389301151168556,0.0015117227501701307
0.17375,-0.46694926063494585,-0.04051151995162374
0.173875,-0.5436780849720733,-0.039408089315942266
0.174,-0.5759894947807878,-0.18683706244374354
0.174125,-0.6128221881269732,-0.13914426272036853
0.17425,-0.3964282140731725,0.014850576253817261
0.174375,-0.27371228467027753,0.10444829524137704
0.1745,-0.19818111429756377,0.10035832952026258
0.174625,0.011064689067044626,-0.05931083480524001
0.17475,0.11305741209623364,-0.2140031859757618
0.174875,0.09493517492266769,-0.36536273026875016
0.175,-0.10714751538335436,-0.44657229284754213
0.175125,-0.1556572658724739,-0.5128406842164052
0.17525,-0.011762632182413552,-0.5360892813159557
0.175375,0.20944985091537566,-0.48226899939963785
0.1755,0.3383103047339981,-0.3360956814867986
0.175625,0.2284273799351558,-0.25012424717555415
0.17575,0.02022297541957104,-0.16111050797159082
0.175875,-0.08423072121697038,-0.052361513645533105
0.176,-0.0517384301417598,0.10920206853398454
0.176125,0.21464202471542496,0.07677496457134245
0.17625,0.5599943786428758,-0.0945507826433198
0.176375,0.7656269253688859,-0.18801100636597942
0.1765,0.6033260813188582,-0.0073174137380289835
0.176625,0.2169220616416396,0.2588850718199777
0.17675,-0.05154137593330532,0.2897603876284789
0.176875,-0.047494260096234676,0.1797617084957728
0.177,0.2032765479837682,0.0034006333502748795
0.177125,0.22641653003427883,-0.0761861244251799
0.17725,0.26517534493069994,-0.019552929996163985
0.177375,0.24474035833116878,0.16604306213651734
0.1775,0.23648058820445791,0.5042205422563842
0.177625,0.2052542587074964,0.6757242396747983
0.17775,0.15281048146439866,0.5542526528114816
0.177875,0.20560611827331532,0.20073518536497525
0.178,0.30289784729934766,-0.031380189127713
0.178125,0.16217416936934057,0.0032818929189848173
0.17825,0.06684734525549335,0.13080647204878285
0.178375,0.15469239820380376,0.22714134251316462
0.1785,0.39135756470778266,0.19079526175190806
0.178625,0.4693987109066296,0.26505181233005826
0.17875,0.277985455986555,0.21660721326510926
0.178875,0.003026618235030307,0.16154445941605614
0.179,-0.12970322667689121,0.15274532510532218
0.179125,-0.12639162956359648,0.2190463500881903
0.17925,-0.11430537762105582,0.27187978731470697
0.179375,-0.4726319580534447,0.1806768130574946
0.1795,-0.6023691481183939,0.04838853209433534
0.179625,-0.42748119031355286,0.10016185902777475
0.17975,-0.12810497300245222,0.3823240217693304
0.179875,0.06576661281031647,0.42658234269692624
0.18,-0.12553129885284875,0.25628245380464726
0.180125,-0.18837679296913523,-0.03451940114735881
0.18025,-0.23744528480009597,-0.1065331499052554
0.180375,-0.21787256468747562,-0.057439767164988574
0.1805,-0.2561957060916865,-0.17316940754932475
0.180625,-0.25300728272325507,-0.40225889185301494
0.18075,-0.19587666540845003,-0.5268682421042994
0.180875,-0.0822052489045735,-0.37732856194953907
0.181,0.11717955808139724,-0.1044646447062821
0.181125,0.15416014074968573,0.008017029152763405
0.18125,0.08369328320584359,-0.09862349400237913
0.181375,-0.0931671712261953,-0.18590701845509566
0.1815,-0.23863086443126608,-0.24655032569598298
0.181625,-0.3054849126403977,-0.2311121368012715
0.18175,-0.4306872732151343,-0.20681749887500325
0.181875,-0.4635242585252432,-0.2391974923691251
0.182,-0.3115461956989718,-0.17013712579784646
0.182125,-0.0998137152001226,-0.06317489658092644
0.18225,0.00043319787625230874,0.10421323581166735
0.182375,-0.22647882625742932,0.13341455883035738
0.1825,-0.3473983108088072,0.060062897181908714
0.182625,-0.3190751478496025,-0.10450319310178653
0.18275,-0.19524010550444992,-0.17571413783083623
0.182875,-0.13978606865824067,-0.2659959203968543
0.183,-0.012831120367007535,-0.3934398693146985
0.183125,0.26928172279156504,-0.46715613545785173
0.18325,0.4371756480153313,-0.25298296598235626
0.183375,0.2230078616307367,-0.06047867203775115
0.1835,0.03920493577330748,-0.014911208372014054
0.183625,-0.02246049383217573,-0.17904377902865667
0.18375,-0.027661126145429527,-0.241338522515202
0.183875,0.13199608918087172,-0.2650672528575345
0.184,0.23323147922661952,-0.2295411793709343
0.184125,0.3632704025951039,-0.157654123403771
0.18425,0.5291974279621989,-0.012483395165535335
0.184375,0.384396528389384,0.2353152400781382
0.1845,0.13938273355857375,0.3586374806889189
0.184625,0.07088374531057358,0.2519661484198955
0.18475,0.0868962475766482,0.056595284162982054
0.184875,0.14988964788313397,-0.014983071540672176
0.185,0.03067238132728822,-0.0007771361257404875
0.185125,-0.005351956218900092,0.12667191520691748
0.18525,0.194257757724083,0.19564998242518125
0.185375,0.41541441739542834,0.37507019740835357
0.1855,0.4146726209786159,0.46833457606933027
0.185625,0.12355739199867405,0.37130929547732816
0.18575,-0.29384628761045467,0.16257529469250498
0.185875,-0.4524206604250738,0.04720603390202422
0.186,-0.28619638610822085,0.10712804691413587
0.186125,0.030094555526797236,0.12145565553429277
0.18625,0.22001931559347765,0.018233976081825833
0.186375,0.24116170890874974,0.02116707451173491
0.1865,0.15964020219960037,0.12581272446818326
0.186625,0.1341726083874082,0.3614168423828003
0.18675,0.14917376858128212,0.3781193086295438
0.186875,0.2094098274085383,0.12811769023461486
0.187,0.22172844889894322,-0.2784344013909146
0.187125,0.2444691664488832,-0.4432256478428201
0.18725,0.18974306527563356,-0.2304130040431901
0.187375,0.14546410440847257,0.061789350405429655
0.1875,0.06579019419932267,0.24408135515873813
0.187625,0.07523882408183147,0.2650501691676205
0.18775,-0.07974898709146443,0.18689395020722974
0.187875,-0.07549253251068334,0.09123251142246482
0.188,-0.11612129242941442,0.12372080565216652
0.188125,-0.1632328080171559,0.14756547841822082
0.18825,-0.20290428112613865,0.21281976875566821
0.188375,-0.23142407296762146,0.17967814255398054
0.1885,-0.2051319071664935,0.13890430052081604
0.188625,-0.08799658394729039,0.15354670580037888
0.18875,-0.021846422520555103,0.09324766912274964
0.188875,0.02928970697425956,0.006431272676591551
0.189,-0.005258370878005275,-0.08653739951811537
0.189125,-0.07282960410564751,-0.10783341280121973
0.18925,-0.08235296734281737,-0.13017884783277442
0.189375,-0.09156367572422625,-0.14179978803023932
0.1895,-0.19287211994731807,-0.21527903579703897
0.189625,-0.2794883173802026,-0.2283067156073997
0.18975,-0.3564538399064298,-0.20805684376076022
0.189875,-0.2718263269176132,-0.08794710551239963
0.19,-0.1410350106024667,0.03917347126461295
0.190125,-0.1423102041497282,0.015159232611094373
0.19025,-0.17598605094947437,-0.03322353255893017
0.190375,-0.09419155854874105,-0.04205744343082077
0.1905,0.009783367990280633,-0.0320587208437872
0.190625,-0.017901652843351153,-0.034420348608992964
0.19075,-0.21094479691555945,-0.18649522664915968
0.190875,-0.31775703412544987,-0.2591289785656421
0.191,-0.2738875225190695,-0.29866256861939955
0.191125,-0.16249923518105974,-0.2435342135594195
0.19125,-0.1482772035399305,-0.13703880593573947
0.191375,-0.28866209912495144,-0.14066356315519443
0.1915,-0.2545292367827604,-0.14584784499990308
0.191625,-0.16412086509605037,-0.09816551959831397
0.19175,-0.1532524704692022,0.03207952312342785
0.191875,-0.17088820181100936,0.023531452055941808
0.192,-0.15395161935249124,-0.19304548343676745
0.192125,0.06702751459628051,-0.2688619347021315
0.19225,0.21587473844796093,-0.2573356684652006
0.192375,0.19538142961154853,-0.10297090922856846
0.1925,0.23892718104502916,-0.14540665608954192
0.192625,0.36372274816465,-0.22559479765973398
0.19275,0.3981218506224942,-0.26735726644992447
0.192875,0.2753779119323828,-0.11047458553426254
0.193,0.024175086736260055,-0.15241800542660883
0.193125,-0.06914604341821888,-0.13674913318582602
0.19325,0.12679648514497052,-0.08969263525765059
0.193375,0.4369585537247116,0.0778931643839954
0.1935,0.5090690728746797,0.14582305914978821
0.193625,0.3112108356941533,0.21294983484849506
0.19375,0.1829012380171174,0.16728304842155176
0.193875,0.3385199164196134,0.29823758657721705
0.194,0.5459990621269609,0.3720566244082503
0.194125,0.4787064104003151,0.28590795298000826
0.19425,0.14710920255249835,0.05899429673089522
0.194375,-0.00558597896150875,-0.056156927791531294
0.1945,0.04346758330376034,0.11269656732521376
0.194625,0.20090502834249424,0.38197475976772477
0.19475,0.17749962261483296,0.48226603557299647
0.194875,-0.10567437345451967,0.32352395100222525
0.195,-0.1727957396074181,0.16161383412030472
0.195125,-0.08606021220255367,0.2752139091152515
0.19525,-0.03452013546323745,0.45057535971412926
0.195375,0.07480896333130617,0.4036606573204024
0.1955,0.028389568923743603,0.12165835470422741
0.195625,-0.009871420012974388,-0.0767703178664141
0.19575,-0.04962891890060801,0.04382130543750379
0.195875,0.03764175095123393,0.21575565225644242
0.196,-0.030861110762961226,0.17180015649024377
0.196125,-0.04068730159341655,-0.004720298816095209
0.19625,-0.0004499828767722459,-0.14845236378366305
0.196375,-0.03287008730651561,-0.09821808314365965
0.1965,-0.2508764250568778,0.039909350299601486
0.196625,-0.5282532316996602,0.05863517297686373
0.19675,-0.45519241138325967,0.04306073064908585
0.196875,-0.07581342773231747,0.00030389992199551097
0.197,0.2432526004798696,-0.006185883091280642
0.197125,0.2414307836493182,0.04137060397809241
0.19725,0.09178903868029754,0.00683201405550018
0.197375,0.061406296622107684,-0.06691535994596254
0.1975,0.041882170163771854,-0.011503332554519139
0.197625,0.013415455652555822,-0.02465805381792293
0.19775,-0.19442656580875595,-0.1956580595791462
0.197875,-0.42279655053102577,-0.47203521824765127
0.198,-0.2826237675497335,-0.3743903260088638
0.198125,0.028953413142321888,-0.07182922313315888
0.19825,0.18556488213893824,0.23241470396109792
0.198375,0.0048825021384302945,0.2385748687005086
0.1985,-0.26012731766399283,0.12392966892963626
0.198625,-0.42707162545306093,0.043417901017155765
0.19875,-0.31422589277424273,0.08912750547861348
0.198875,-0.24945481329308403,-0.0012588499441057348
0.199,-0.30483091159914144,-0.20467456025606642
0.199125,-0.509888821898888,-0.31969221693543953
0.19925,-0.502417941619888,-0.30035057388577496
0.199375,-0.26431353068880525,0.04060399446147012
0.1995,-0.017020282718536624,0.1289371351123142
0.199625,0.003213433198684888,0.036898702034181566
0.19975,-0.22691656560916024,-0.2742311292191421
0.199875,-0.4103596774599761,-0.400640068540138
0.2,-0.21718603378885434,-0.30356329474055144
0.200125,0.047861752120964614,-0.18818512622987446
0.20025,0.2554543375980501,-0.34233680402190214
0.200375,0.16988861978174935,-0.4874630397487204
0.2005,-0.004824722679863932,-0.4445623315807428
0.200625,0.12695879736625384,-0.1934683015552767
0.20075,0.3358270542754654,-0.05767673132386192
0.200875,0.5244372977741087,-0.0536558442060596
0.201,0.46554045444863185,-0.22620481349634244
0.201125,0.23538293214726747,-0.31275877373811395
0.20125,0.09456357724305373,-0.2276702042188846
0.201375,0.07422920957796462,0.012107917518271434
0.2015,0.097303771439139,0.17773856341869815
0.201625,0.18377406726263285,0.11480691088048466
0.20175,0.17739799724681812,0.029764482854504556
0.201875,0.18787595525310255,0.10197751348856551
0.202,0.1258495479816733,0.3464503843942764
0.202125,0.07160955462558571,0.47478708043280493
0.20225,0.18511051643603596,0.4069779206430929
0.202375,0.20203846829612257,0.21015501572774506
0.2025,0.2018056248049794,0.06320369032669877
0.202625,0.1767174802539931,0.10106584481747037
0.20275,0.21924518561656584,0.07027261351770445
0.202875,0.3066786339539386,0.18967611673035042
0.203,0.35599068305845993,0.21198602077350456
0.203125,0.5036731472610614,0.15724010306520422
0.20325,0.39807606112402505,0.12910164723061485
0.203375,0.24637267587376308,0.07377896916623491
0.2035,0.057028505874784266,0.13134828554964262
0.203625,0.09730286141393321,0.21088828699046377
0.20375,0.23836604732711827,0.20970638076336032
0.203875,0.22648556441767095,0.17770887851655978
0.204,-0.008960762436749571,0.24324585803422352
0.204125,-0.21820904073607855,0.2702147423957681
0.20425,-0.21755397649058567,0.33055183843444874
0.204375,-0.24880629348311478,0.40199078828618623
0.2045,-0.37507346008156117,0.3749579050462459
0.204625,-0.43573178548608826,0.2822421277063337
0.20475,-0.35848494691402594,0.05132961993418817
0.204875,-0.038301255688337386,0.034313270182754665
0.205,0.08824100098853963,0.16539733972300943
0.205125,-0.08371533627343984,0.20602589409907082
0.20525,-0.31060347431720065,0.020657814836308443
0.205375,-0.309604407363018,-0.2531550243796447
0.2055,-0.11066253631846922,-0.26271094215403235
0.205625,0.027596139285835403,-0.2232140769622599
0.20575,0.00610251720094815,-0.33886618235122995
0.205875,-0.19141087009188654,-0.4162479034013173
0.206,-0.18167664211031795,-0.32612023483865193
0.206125,-0.10681411746134985,-0.03960237724853458
0.20625,-0.06804679563871964,0.05518995700801701
0.206375,-0.12107661251849923,-0.07037875672897974
0.2065,-0.12248178677913885,-0.2560020240022467
0.206625,-0.07040304179040861,-0.2950219457442614
0.20675,-0.06859843652785406,-0.10908432058724822
0.206875,-0.10018964753734251,-0.022428121008869154
0.207,-0.27168859070136114,-0.0684928120061582
0.207125,-0.5214689104438615,-0.15177260880438653
0.20725,-0.6554114680552897,-0.20497193566545155
0.207375,-0.4976215965484934,-0.12922952339970475
0.2075,-0.24503651375942873,-0.026053128596098395
0.207625,-0.1188815464837028,-0.057485891392766546
0.20775,0.0054243860142797135,-0.10478273827938861
0.207875,0.011857962158754436,-0.09076996548747647
0.208,0.04488875359287209,-0.05362603196813665
0.208125,0.0036124131880061797,-0.07825506705705865
0.20825,-0.01582652416983562,-0.2683475285755656
0.208375,0.1415244638384203,-0.44794877009234124
0.2085,0.37590196701007844,-0.522981844559099
0.208625,0.4773900039088604,-0.39458983848965773
0.20875,0.2665241711042447,-0.24160385799375309
0.208875,-0.10216434389377764,-0.09119167408457611
0.209,-0.07981032773374634,-0.0060815647317623385
0.209125,0.18568938253190426,-0.026971996009160323
0.20925,0.28773055115289164,0.02550941599592903
0.209375,0.052606012742024776,-0.02387728547845284
0.2095,-0.10325868656161598,-0.006160063370720659
0.209625,0.05205744150047895,0.11701688505328281
0.20975,0.4008249206682128,0.30986964247643634
0.209875,0.43119777429296763,0.45777694046484835
0.21,0.08537478450420061,0.2142982232703868
0.210125,-0.13990125392212485,-0.09248489268146913
0.21025,-0.14046474683843577,-0.07275753859799382
0.210375,0.20235510790367828,0.20118723106225536
0.2105,0.30644792821825684,0.24186489695632518
0.210625,0.1801005627362455,0.060717421638852465
0.21075,0.08966298903124582,-0.11265058745015555
0.210875,0.14297723079179883,0.13270537900299084
0.211,0.09603428297878923,0.406568069846404
0.211125,-0.02197143097026949,0.38867536549843495
0.21125,-0.08285893077081004,0.09446252949301262
0.211375,0.10735605916454541,-0.18067121608367356
0.2115,0.3451411741487879,-0.1123754124596607
0.211625,0.5024669274128206,0.22951758659625884
0.21175,0.40006122965329427,0.25816544733547786
0.211875,0.25315443047976083,0.14162947653891092
0.212,0.08683941105803183,0.059446891454349705
0.212125,-0.15387237144360638,0.12398038836671746
0.21225,-0.23682248853672838,0.10008279645973396
0.212375,-0.10216710529275663,-0.026927748097004593
0.2125,0.15076014351017172,-0.08055060810165655
0.212625,0.12204054771104803,0.12706567483177528
0.21275,0.030983214948874047,0.304954136233659
0.212875,-0.028974845554363762,0.42391980410218344
0.213,-0.04740523554619907,0.36489851458520833
0.213125,-0.08155381688648036,0.25882776262924034
0.21325,0.04143719085667454,0.03725058547790554
0.213375,0.10596486960646409,-0.13400288060200097
0.2135,-0.0482544679657525,-0.19871971878514835
0.213625,-0.1227595825342749,-0.043310616312919326
0.21375,-0.23036667235970373,0.12824522912265438
0.213875,-0.2115242394023035,0.15020478320635713
0.214,-0.23955513718642152,0.03478553539062675
0.214125,-0.223621694730093,-0.05715630497244963
0.21425,-0.32187994780352014,-0.0717954669481206
0.214375,-0.29271077443167415,-0.024270149212485787
0.2145,-0.351472627669972,0.023010875801853143
0.214625,-0.278297683772262,0.05133743712057617
0.21475,-0.15636062234305478,0.03320225817304119
0.214875,0.05464430023425724,-0.10141775136172629
0.215,0.06092963008660815,-0.19406911726539494
0.215125,-0.09627142759048266,-0.1769417179017053
0.21525,-0.4070570780071893,-0.18837644637265094
0.215375,-0.41728106256087133,-0.25237952249239926
0.2155,-0.21148961297305155,-0.27891693347060026
0.215625,-0.15155278521057636,-0.2971450944506947
0.21575,-0.2993574742765673,-0.2839890448292511
0.215875,-0.3615047066536419,-0.28065704774829436
0.216,-0.3952789843275634,-0.20385640175683387
0.216125,-0.3201312962646367,0.038613023339597236
0.21625,-0.15189277342514973,0.0648396974001126
0.216375,-0.02074298622058674,-0.10098783156037851
0.2165,0.18348236632275647,-0.34481394209002514
0.216625,0.2046997878631362,-0.3794518508507115
0.21675,-0.004813782138001606,-0.20275982230816295
0.216875,-0.06784161667644428,-0.09371775659346156
0.217,0.024686202431942087,-0.2121161258189093
0.217125,0.1563984184175525,-0.3463084399813613
0.21725,0.28259002741215816,-0.34172700236187864
0.217375,0.20511434144649357,-0.32025033279754345
0.2175,0.1522798184517971,-0.12075215569130687
0.217625,0.10752115049784464,0.07926341668952784
0.21775,0.09628254223028651,0.12842120492465753
0.217875,0.15108514852711022,0.16002552774006645
0.218,0.32209417855818906,-0.041171304227339535
0.218125,0.43473794602285076,-0.05683448958664704
0.21825,0.380421524945171,0.016491810698558842
0.218375,0.2632812220172229,0.21824904653828367
0.2185,0.3004622501222456,0.2546143776950137
0.218625,0.33583716899994687,0.2040437111194722
0.21875,0.33702239182569527,0.1333309653630094
0.218875,0.3276436946881757,0.08971537077198653
0.219,0.38049973688261807,0.05583708374875966
0.219125,0.33836425604613773,0.20318327279306347
0.21925,0.06197845970319743,0.30816642099915365
0.219375,-0.1473108716423781,0.3851530558532045
0.2195,-0.1576102131248891,0.3039721436476334
0.219625,-0.03900242248829586,0.20164896720222983
0.21975,0.1362947442271388,0.2730242714194169
0.219875,0.08408566905310451,0.34804527372409233
0.22,0.11738368751212318,0.2917701437020655
0.220125,0.10601505641762983,0.3062671237197743
0.22025,0.09783164074296825,0.3129199230396056
0.220375,-0.06330951664275163,0.21102683523029012
0.2205,1.45912455858967e-05,0.07053680397287526
0.220625,0.15856966348577284,-0.16463832754410995
0.22075,0.2877924086512322,-0.10159907218210297
0.220875,0.17673538474871384,0.038345838984375095
0.221,0.10292848872837869,0.060581234753557
0.221125,0.16056252322629558,0.1333296676801738
0.22125,0.06655301440974298,0.0910778022670813
0.221375,-0.37615284895666073,0.10522446358536065
0.2215,-0.8376751896998905,0.04812080893400273
0.221625,-0.7690362211802146,-0.0587931395732679
0.22175,-0.34864451791932854,-0.030286507815016957
0.221875,0.0064449353295362695,0.11583010363615398
0.222,0.03626502791253525,0.22678757765990332
0.222125,0.015500484649109606,0.1720767002302854
0.22225,0.05744871372873111,0.09577894364216441
0.222375,0.1095160079886965,0.12603610886107403
0.2225,0.010556649131766082,0.0673388244433296
0.222625,-0.1470836927622533,-0.3457014493656423
0.22275,-0.09875214536030788,-0.7265729696618751
0.222875,-0.014222635894884695,-0.7066217722110785
0.223,0.018324695975243357,-0.30806539791971105
0.223125,-0.2155008234241738,-0.0027569775016402166
0.22325,-0.3696548639376568,0.029774751785450266
0.223375,-0.2635068649526522,-0.012873119453478889
0.2235,-0.11103901388444003,0.03579949720642344
0.223625,-0.02805317154703042,0.11050591867605526
0.22375,-0.0700574263925613,0.02021433839171783
0.223875,-0.19057413590416497,-0.1277995975725351
0.224,-0.2742046466640906,-0.0688789156234401
0.224125,-0.2660516647066331,0.010404411228401248
0.22425,-0.3177070384579841,-0.009944204232481301
0.224375,-0.3086011216429309,-0.2070581791677523
0.2245,-0.3199715456034885,-0.32875561359195776
0.224625,-0.1618891358676322,-0.20325566504258413
0.22475,0.10935058967469156,-0.04835041010244784
0.224875,0.25444698518581493,0.0025442571748073473
0.225,0.08661353670753974,-0.08750666264794936
0.225125,-0.10654215751900666,-0.17370365900485055
0.22525,-0.11249935033114218,-0.28472789450655855
0.225375,0.12255700850387725,-0.23768494070730184
0.2255,0.22373014250571932,-0.24149005882177102
0.225625,0.1196260562444071,-0.301115320648329
0.22575,-0.07509799290759317,-0.27883874192723307
0.225875,0.018006403922104234,-0.13804293061848552
0.226,0.4056904467922653,0.06169955652416434
0.226125,0.6555358975336372,0.19549087270057627
0.22625,0.3905102449603532,0.09506958195160045
0.226375,-0.1500624691055062,-0.09507253436131041
0.2265,-0.3320611203116877,-0.06560360683163469
0.226625,-0.05566327304739731,0.1397505183210347
0.22675,0.22533645479426992,0.21895165562686494
0.226875,0.45870652290570135,0.08197208137017768
0.227,0.5824486778443277,-0.04854679616273018
0.227125,0.6533183688398181,0.026845224306696905
0.22725,0.4157247759007356,0.37418678938825717
0.227375,-0.05405179549351557,0.6000121502973117
0.2275,-0.3107653282435064,0.3601947309581838
0.227625,-0.15541456742791726,-0.09913033001431125
0.22775,0.10901386673443698,-0.3014385488972713
0.227875,0.17831099079128146,-0.08792774866676172
0.228,0.011724773456461647,0.18996325067450837
0.228125,-0.14193084585321106,0.442522267090505
0.22825,-0.044736707696812025,0.5604844992990929
0.228375,0.12378787680720815,0.6076889686865523
0.2285,0.29313018575243593,0.30153475186924555
0.228625,0.38909598141104645,-0.09016454900303908
0.22875,0.41829146427481173,-0.2795787545179784
0.228875,0.20331244880660257,-0.15565759357610778
0.229,-0.021419563092929472,0.1172276480601653
0.229125,-0.22062129430480132,0.18403400772919126
0.22925,-0.36995971548680695,-0.0013499589341614561
0.229375,-0.2325074109781222,-0.13787300012765608
0.2295,-0.017777347118702023,-0.05345390795731293
0.229625,0.1401879964512787,0.07881966081741426
0.22975,0.08983724167859253,0.29207557746104007
0.229875,-0.16008804194146625,0.35803929534932283
0.23,-0.17384673181966928,0.36254290214895035
0.230125,0.0318837707215332,0.21590456585093293
0.23025,0.3156646504680196,-0.01800652338724765
0.230375,0.25505693495403936,-0.2011960794287009
0.2305,-0.025394819496509503,-0.2943766640622392
0.230625,-0.29016929293401156,-0.21485331061126972
0.23075,-0.2705590971176213,0.03288201891279235
0.230875,-0.26591293576763897,0.16787916734180514
0.231,-0.2827462651967585,0.08222088051736406
0.231125,-0.25770866644039186,-0.10736917367167961
0.23125,-0.1123076641678549,-0.11875464220278546
0.231375,-0.05546540227741329,0.07166186222644366
0.2315,-0.17797582642919033,0.26149517530905164
0.231625,-0.3575629779020927,0.16920797398858337
0.23175,-0.5067375822522878,-0.01052424719521475
0.231875,-0.3911281946509677,-0.2373006807994174
0.232,-0.18142886576316042,-0.27494005142616235
0.232125,-0.17696502433254843,-0.2488721038714879
0.23225,-0.1807064310835508,-0.2854307559848382
0.232375,-0.16621998470738694,-0.24605949679906605
0.2325,-0.07769807862091901,-0.13579078333275296
0.232625,-0.061900070906672475,-0.029668553595587868
0.23275,-0.21186675285590578,-0.12851864612667668
0.232875,-0.43665427099421567,-0.3113835511770413
0.233,-0.436651068603326,-0.42256172343979287
0.233125,-0.24709310826999903,-0.3330726789094384
0.23325,-0.12259038066391614,-0.141026014641405
0.233375,-0.0991411254184805,-0.16860400053538163
0.2335,-0.16387148915865163,-0.1941700798355978
0.233625,-0.0029647882109620316,-0.12396601295010631
0.23375,0.3032283543458579,-0.03605431297430771
0.233875,0.4829753503112394,-0.034460170904978535
0.234,0.3814234229806222,-0.20565309410218474
0.234125,0.2025815250434508,-0.42091296664814726
0.23425,0.19543768212522006,-0.38886423468448095
0.234375,0.391394595856403,-0.22282860026390425
0.2345,0.4702103361290334,-0.08049251986570045
0.234625,0.4294904715399947,-0.14082245836931048
0.23475,0.2448118359407981,-0.12118132868184119
0.234875,0.18671641616251297,-0.019381798891389072
0.235,0.24332451663148885,0.2951571554389406
0.235125,0.20833694057786897,0.4089003474742974
0.23525,0.21743216253169032,0.32997537793991455
0.235375,0.2701063020805137,0.1786478937019733
0.2355,0.3192509510331701,0.1638488214228109
0.235625,0.25124065295080683,0.35720752307836007
0.23575,0.02318299794204887,0.4466080558260632
0.235875,-0.17266215531570103,0.36128320682134385
0.236,-0.23963270793527683,0.1732261503029678
0.236125,-0.027442839947088366,0.1892943699912095
0.23625,0.2875329087480189,0.2062564149410495
0.236375,0.33851825010347814,0.21754478372271563
0.2365,0.2755877389183887,0.20068341396979966
0.236625,0.11240292146526305,0.241327338374083
0.23675,0.16286406405380266,0.2638124966839787
0.236875,0.382872856302211,0.23186169730521608
0.237,0.3677124848816235,0.04279532672603713
0.237125,0.09488895416660131,-0.16277978026577383
0.23725,0.015451041070182484,-0.15843787347586266
0.237375,-0.02021313739127748,-0.020351317443699994
0.2375,0.034705632115121,0.27630215777352585
0.237625,-0.020256184135118937,0.30847731124210626
0.23775,-0.2799371616167231,0.20914708951517574
0.237875,-0.3730678033839248,0.11114094370104868
0.238,-0.35483354904132436,0.17800364438569635
0.238125,-0.2100757679544305,0.31282494809158345
0.23825,-0.11905725844220848,0.2810945598910242
0.238375,-0.16482866999954565,0.12912616014209816
0.2385,-0.2532647634837696,0.0017036547548733927
0.238625,-0.3061449091636284,-0.031208783908533832
0.23875,-0.2253064058662336,0.04574700090849489
0.238875,-0.06374220413439013,-0.036555694244204476
0.239,0.12509111568999734,-0.20172083518846723
0.239125,0.017615259942492828,-0.37958496782756557
0.23925,-0.15652634888612646,-0.36132989663511433
0.239375,-0.29922862578953685,-0.13385935895147458
0.2395,-0.2814806944115806,-0.10770672797986265
0.239625,-0.22803579426495446,-0.15895350658723306
0.23975,-0.21504226026358497,-0.22329764670666963
0.239875,-0.18751948050308367,-0.25583116735629774
0.24,-0.12587373343993827,-0.2781393917142034
0.240125,-0.056417728452666835,-0.10361096906218215
0.24025,-0.10855051295141134,0.06967551592544496
0.240375,-0.17852561185350926,0.03782655416789736
0.2405,-0.28507314772224784,-0.16547872622604798
0.240625,-0.3723003073791759,-0.26827387777471523
0.24075,-0.3560096539081794,-0.2635523142913395
0.240875,-0.2820814120170685,-0.23738559129426365
0.241,-0.15684830918742382,-0.1802847741549006
0.241125,-0.014241735314666697,-0.17575378678083883
0.24125,-0.015955916533599932,-0.11029251186389746
0.241375,-0.03897677684891789,-0.054820405257413954
0.2415,-0.05295701101599095,-0.03596069963955337
0.241625,-0.02084008346666787,-0.21999163516258702
0.24175,0.06957502427686488,-0.24986403690406425
0.241875,0.16274936676263052,-0.3538439133133679
0.242,0.31059135614022493,-0.33702091941947354
0.242125,0.3952284156810965,-0.2507200753835541
0.24225,0.3153575568781691,-0.16881361138386813
0.242375,0.26037933474872643,-0.04229843680237723
0.2425,0.16431404714501993,-0.012862655639891241
0.242625,0.15227634584767216,-0.048939568882555136
0.24275,0.17849322994513436,-0.02437057780048705
0.242875,0.1294998783512558,-0.064715001731331
0.243,0.09793127505212781,0.07376828621861821
0.243125,0.15209354002461456,0.2073909929635128
0.24325,0.37852534814525124,0.31568082394639035
0.243375,0.5746135293012415,0.3537587745505928
0.2435,0.4690401531294472,0.3104835063540898
0.243625,0.16300197107375453,0.23990144229250188
0.24375,-0.031733894966953106,0.16617795458552734
0.243875,-0.020331900423651645,0.1667519843787971
0.244,0.03177321499455875,0.09365158798195689
0.244125,0.08259779020511057,0.1331486918366459
0.24425,0.01080611189867036,0.10826595762858439
0.244375,0.02309629817705204,0.17091109634795837
0.2445,0.0740564828588671,0.3480480430841914
0.244625,0.06791036724347543,0.43823817945208915
0.24475,-0.13188456872388893,0.4095327754118772
0.244875,-0.19826833260700774,0.18237397131798033
0.245,-0.13777659877161288,-0.04468916011638744
0.245125,-0.08410964264083999,0.006390785938200382
0.24525,-0.0990453667802387,0.02997884361959706
0.245375,0.07463137761171873,0.05122426513366254
0.2455,0.31816643187005245,0.02919008791324158
0.245625,0.41411787238435266,0.03738074004675578
0.24575,0.3346156341353399,0.0918134768109295
0.245875,0.15363926467099184,-0.034315916496206605
0.246,0.03349027849032481,-0.13510096136396044
0.246125,0.07383253928969546,-0.15874408564570955
0.24625,0.021023237786859314,-0.16290432742640845
0.246375,-0.09743179122515985,-0.0736082452082234
0.2465,-0.1043092052830742,-0.04722461672203085
0.246625,-0.01494802631562304,0.058736832053754726
0.24675,0.052904062772539666,0.21538028016083505
0.246875,-0.048609267452128464,0.3899249476213681
0.247,-0.3102575425745467,0.2586016387800971
0.247125,-0.3674482709667764,0.08909848511005282
0.24725,-0.28005056877793166,-0.012021597202623439
0.247375,0.0018979154882819715,0.048079938230783506
0.2475,0.09146864781961049,0.028566135460535012
0.247625,0.008923167240862763,-0.03442211348972278
0.24775,-0.20022526435829063,-0.09088927554684831
0.247875,-0.18260863138886196,-0.013276931179001956
0.248,-0.23836147155859327,0.033192908609820104
0.248125,-0.15941604126355155,-0.11171825897790343
0.24825,-0.24046532461985615,-0.2707638605772487
0.248375,-0.3828089338297071,-0.32976894424652836
0.2485,-0.4255061282278946,-0.2099496985725416
0.248625,-0.24506630213023192,0.0019791741528200606
0.24875,-0.1725391941409595,0.1312106582282946
0.248875,-0.1646511217457062,0.05401094544343656
0.249,-0.3466524035171435,-0.14512538174742728
0.249125,-0.2775774814678779,-0.16354914280934627
0.24925,-0.21740494993883752,-0.2058050777057982
0.249375,0.08874401920094742,-0.1543929668419747
0.2495,-0.007997568639271497,-0.25026483086609297
0.249625,-0.2674011955649865,-0.31118823000905776
0.24975,-0.4726087338401465,-0.3702099828568852
0.249875,-0.34580764870601644,-0.24712103838976876
0.25,0.10645580389442477,-0.09146149704672502
0.250125,0.36372583077848425,-0.15827595480172077
0.25025,0.22157245562598227,-0.2281108509218691
0.250375,-0.03820955129990481,-0.2576635714876023
0.2505,-0.14348622440951347,-0.11769060438717016
0.250625,0.20908923779590446,-0.031048446038654504
0.25075,0.4401796173962504,-0.042092014897160454
0.250875,0.3968609889145221,-0.25263065143394725
0.251,0.3809026470880368,-0.4124569596737044
0.251125,0.41904883163384143,-0.3079220426307906
0.25125,0.46761921118390126,0.12043187845967478
0.251375,0.28908563141611,0.3182078904515815
0.2515,0.191759879283617,0.15340256263320493
0.251625,0.279622906517745,-0.05990082988383654
0.25175,0.40126651922699663,-0.046134883818223185
0.251875,0.4020111380127131,0.20516438385641084
0.252,0.13226382391296226,0.3877244343390131
0.252125,-0.1936929449074615,0.36110809705339314
0.25225,-0.3598654358150491,0.35772951292712435
0.252375,-0.23152309175913843,0.3873247044242245
0.2525,-0.06460977322558228,0.44619535864001975
0.252625,-0.09924298546780247,0.2695007246535492
0.25275,-0.21528311346286105,0.13065731321611623
0.252875,-0.2610666629448849,0.2109446965045501
0.253,-0.08106833176741231,0.38148548806250987
0.253125,0.13639394736167434,0.34915233630918047
0.25325,0.2185022409080772,0.134418087523933
0.253375,0.20045167265924627,-0.22786845763807984
0.2535,0.06472085314859281,-0.32142278547859265
0.253625,0.22242534339235082,-0.22125330468671808
0.25375,0.3922857035678419,-0.09651094649616727
0.253875,0.5146902272612367,-0.11663194629166337
0.254,0.41521797044637965,-0.23490012356650875
0.254125,0.21472949828346852,-0.23961851014229746
0.25425,0.06937082504224265,-0.12498331796107365
0.254375,-0.10991953253780876,0.11623333141717815
0.2545,-0.10542178878220833,0.2207353242864247
0.254625,-0.053746378305535164,0.17431277262094172
0.25475,0.03685898356631237,0.10365107231524814
0.254875,0.032682277640302584,0.1834798001933196
0.255,-0.025595200687929427,0.37629710878347966
0.255125,-0.004081855946241619,0.46453804799911935
0.25525,0.03042243404109699,0.33419593083833893
0.255375,-0.06594845381032512,0.21805869299600458
0.2555,-0.20131753410018585,0.01282737982791761
0.255625,-0.2721901042740403,-0.05883316636257468
0.25575,-0.267560728188504,-0.10232714769959907
0.255875,-0.23316913683699433,-0.05826554797156116
0.256,-0.05116573347763824,0.023303514345234134
0.256125,0.06868948552063561,0.030388449913574072
0.25625,-0.04677415274445565,-0.05373780705856592
0.256375,-0.25427456105878565,0.027163318106965973
0.2565,-0.25394198977686955,-0.03400719687298557
0.256625,-0.21082254229437966,-0.1293328469086702
0.25675,-0.06698082763560874,-0.20985912941541982
0.256875,-0.1180528303744942,-0.2540381124154442
0.257,-0.3175319586699461,-0.23177809991584772
0.257125,-0.5084904414937012,-0.23632914838283647
0.25725,-0.4820791176234193,-0.08339155618807916
0.257375,-0.34586259569012956,-0.025673637940186834
0.2575,-0.05804027156799132,-0.015481185147247048
0.257625,-0.17408215349805636,-0.17997586021668235
0.25775,-0.38803728890012124,-0.23124109515963448
0.257875,-0.42567501080685677,-0.20869811462578314
0.258,-0.2562010167488416,-0.10783400144794446
0.258125,-0.04126252628627182,-0.08433911910067501
0.25825,0.014081327317682676,-0.2901163486031315
0.258375,-0.13382879077346227,-0.47765376403398313
0.2585,-0.25468116067032404,-0.45999810688015547
0.258625,-0.1437139810389364,-0.21585956749783297
0.25875,0.22890818582847697,-0.047865785150905206
0.258875,0.4782590636585919,-0.16170298705319994
0.259,0.3464988911562136,-0.32948467743770865
0.259125,0.0940594639896212,-0.48005680346355917
0.25925,0.07276820341714751,-0.2389862932165215
0.259375,0.3442812832517285,0.013265528909171886
0.2595,0.6177037590199193,0.01497146691008811
0.259625,0.626060037219965,-0.15436717909957867
0.25975,0.3077299887520967,-0.2505981094126042
0.259875,0.015402256941798288,-0.1136042133630747
0.26,0.13831722329383686,0.24139948043515316
0.260125,0.342086039131585,0.4270615021881214
0.26025,0.4694644619344228,0.27854904787483376
0.260375,0.3214314362015207,0.06574520227645043
0.2605,-0.0643976339312031,0.05977061807808669
0.260625,-0.2549294286456813,0.31419687743434327
0.26075,-0.04381922204350916,0.604203164784522
0.260875,0.3113670328928927,0.5571815154006925
0.261,0.309031415185708,0.3014524063047227
0.261125,0.053469850462109406,0.05018829210859067
0.26125,-0.012571981135611393,0.10562275703662895
0.261375,0.17963808379452412,0.325655260668659
0.2615,0.412376230390426,0.387155734081203
0.261625,0.33040496951528203,0.25254459708872323
0.26175,0.06916942514467243,-0.01385176549992499
0.261875,-0.18787189273550103,-0.20232036147421517
0.262,-0.05181600474611107,-0.05101755546434099
0.262125,0.18701369232333226,0.2425327348409555
0.26225,0.16667282255282706,0.3282114197766123
0.262375,0.05247375061058593,0.10905837902294165
0.2625,-0.23048927109970635,0.009948548762707947
0.262625,-0.326388219486155,0.15078333503748798
0.26275,-0.2308729271700002,0.3698124650259003
0.262875,0.1026150826125418,0.3086585560358581
0.263,0.3234694082471195,0.015611705220841432
0.263125,0.29315372459272293,-0.15858549110407358
0.26325,-0.0906355999297837,-0.041069170452705535
0.263375,-0.3355576343455572,0.1580325162248146
0.2635,-0.3236904384502215,0.22295405700606474
0.263625,-0.18900709272382465,0.05790620415255239
0.26375,-0.23228086293512742,-0.1952738146283043
0.263875,-0.31522775464615527,-0.29158383537028204
0.264,-0.2768194130022645,-0.23336467559501964
0.264125,-0.08626803108062564,0.050684255172671645
0.26425,0.1012011409621344,0.2935248957865615
0.264375,-0.09931236875696316,0.227899356228609
0.2645,-0.24173083684172364,-0.07821109609926705
0.264625,-0.11340148919219396,-0.28494258743699863
0.26475,-0.06586673915102066,-0.27857999160960256
0.264875,-0.2289618478857989,-0.12527541887236837
0.265,-0.5119843552880857,-0.17388245410484918
0.265125,-0.5228652024955793,-0.3192036730028642
0.26525,-0.21031462751787472,-0.26802278683716835
0.265375,-0.08333519889369558,-0.03732743868083486
0.2655,-0.1618998810872418,0.04577499768158884
0.265625,-0.4270509083926385,-0.10056217433425374
0.26575,-0.3187911083762072,-0.2093086062086839
0.265875,-0.03396537520448,-0.13820489189873642
0.266,0.21813525387782104,-0.0962774681769756
0.266125,0.050183766506747884,-0.19564411706449522
0.26625,-0.2386479227005038,-0.4527195433169748
0.266375,-0.40343304960225945,-0.454934099500632
0.2665,-0.2048485539490702,-0.17560194415112038
0.266625,-0.0017863079825214325,-0.056666118081825
0.26675,0.069997634058446,-0.1624459266723077
0.266875,-0.01708469039931453,-0.3766835493394829
0.267,-0.02389089882774716,-0.2595402669046924
0.267125,0.14185942549698863,0.03788503505887093
0.26725,0.3199404460250363,0.18490656960043653
0.267375,0.27734850041687226,0.0800843865096189
0.2675,0.19054784088517984,-0.20761364965960796
0.267625,0.2576147327617474,-0.3318514952980165
0.26775,0.5316157947305218,-0.22524462469683743
0.267875,0.5102370590602014,-0.0015205566290528516
0.268,0.22941308541810265,0.0606253349345659
0.268125,0.10497074356039424,-0.052551445476099676
0.26825,0.05591700132950985,-0.024463859749672717
0.268375,0.14131194678606726,0.12327628592581706
0.2685,0.29259056154379726,0.23916974011530148
0.268625,0.2766273259832375,0.24193818012257318
0.26875,0.0875944672715866,0.21010637723170233
0.268875,-0.09190599319963062,0.2674877580211975
0.269,-0.07120538710688264,0.43675496186433144
0.269125,0.19107585168071795,0.45859926228847786
0.26925,0.4384055918418897,0.2757473553606736
0.269375,0.35973225497374084,0.12156671843286283
0.2695,0.19552671539769617,0.11908816294512677
0.269625,-0.009933673298286214,0.20378366248155802
0.26975,-0.06395028146198056,0.22242907847591395
0.269875,-0.010918364584077609,0.2828559691850706
0.27,0.06442415697986108,0.09498407133255736
0.270125,0.03946292685639073,-0.07289691853019736
0.27025,0.05151651532940249,-0.012597174752851457
0.270375,0.06001887252417562,0.1327072521305089
0.2705,0.06628572168568107,0.36811163831843985
0.270625,0.008327851827950641,0.39381713197366275
0.27075,0.05727513262559955,0.16377712461518734
0.270875,0.003155521012870276,-0.01796458743666
0.271,-0.10282095852020978,-0.01966628964924901
0.271125,-0.26238262156753484,0.0103759491455254
0.27125,-0.22992465471700246,0.017009669885434137
0.271375,-0.0012199006396938256,0.05954884822891264
0.2715,0.0684603652369617,0.009906816750514733
0.271625,-0.06634218252080075,0.08286835037018188
0.27175,-0.20235253936774378,0.056318072971694604
0.271875,-0.15861302883166986,0.06972971001350066
0.272,-0.00758793211515581,0.07879533118465669
0.272125,-0.037981740050336166,-0.014517823674033559
0.27225,-0.07104490377963361,-0.05995645130468623
0.272375,-0.0570251181401981,-0.19905014441012422
0.2725,0.09945450863542353,-0.19633536259661025
0.272625,-0.05915060795446707,-0.04444028717071354
0.27275,-0.2897518800453253,0.06495876420542407
0.272875,-0.5330517079226793,-0.09294213590164171
0.273,-0.5336039593497752,-0.21517867626207515
0.273125,-0.34286689641721213,-0.13693601556929336
0.27325,-0.27234204611280405,-0.0230032666641355
0.273375,-0.05935868964378648,-0.004570349237238078
0.2735,0.033815534036685496,-0.06299557225427893
0.273625,0.015363414365879726,-0.015580199952535312
0.27375,-0.2091991943276545,0.05717749519082517
0.273875,-0.4033723722713,-0.006892280532009594
0.274,-0.2871013265497651,-0.27985455827030287
0.274125,-0.0054412183935611215,-0.4433369804024315
0.27425,0.06896283594519607,-0.4712386322806034
0.274375,-0.20635859644230212,-0.33785032799611925
0.2745,-0.5333411880744453,-0.24622627154996046
0.274625,-0.532826918588306,-0.12459532066150988
0.27475,-0.15198756152202472,0.08160688754157794
0.274875,0.19993962003306706,0.0534316614196609
0.275,0.16804269497023788,-0.18982410561930946
0.275125,0.026395721183587444,-0.4033093016948868
0.27525,-0.08693542909674186,-0.3046034359455837
0.275375,0.16813965904574807,-0.00430031414824834
0.2755,0.5029652545221328,0.07350035209031011
0.275625,0.48093130847426463,-0.18319046112107118
0.27575,0.31541081551717487,-0.4544953755319468
0.275875,0.12322497515715013,-0.4447099723804928
0.276,0.24111176399176992,-0.14490165631836674
0.276125,0.2685940365201668,0.1895290690587227
0.27625,0.27087315447629073,0.21588485314394773
0.276375,0.3179229850611733,0.058181527883742395
0.2765,0.3229763203263385,-0.06680162536441746
0.276625,0.2991832323438463,0.12244014864079045
0.27675,0.36680036278283557,0.4050043163210604
0.276875,0.32671429905690513,0.4322647625890528
0.277,0.1731944074856707,0.2851048807425738
0.277125,0.040367476418911835,0.16531728393637055
0.27725,0.01894024023677341,0.21700488197632942
0.277375,0.10066037113285757,0.2526840947817683
0.2775,0.09751386665231271,0.28143254422503333
0.277625,-0.1900710257483979,0.24068395849278007
0.27775,-0.18942985931147718,0.25450081246323486
0.277875,-0.010156958323351131,0.30293202102639627
0.278,0.18669155320674147,0.3041256237628751
0.278125,0.02911934396104998,0.2889571415568085
0.27825,-0.2585845362606937,0.13895298147946256
0.278375,-0.32908039753621754,0.0074525576519999465
0.2785,-0.18390104859465525,0.0747390635419557
0.278625,-0.013160006720040552,0.12312445572835137
0.27875,0.031206540935147242,0.04696470275742842
0.278875,0.15329222004010784,-0.1326385926939585
0.279,0.12347034597406117,-0.2430985049969386
0.279125,0.1295053001656827,0.035106955364496
0.27925,0.023135896973818897,0.2114056553430111
0.279375,-0.04445709566806659,-0.006047571742359421
0.2795,0.016580869719858442,-0.17413493013804196
0.279625,0.1467222807014743,-0.2764846457991234
0.27975,0.16731672953025378,-0.14541609458561836
0.279875,0.32635886373867024,0.0003401617025768121
0.28,0.29140127227202167,0.0581436259833353
0.280125,0.1697620537526932,0.1298532836466336
0.28025,-0.03209571833066656,0.18657931654926127
0.280375,-0.23243263064293482,0.08128693429995337
0.2805,-0.3725124184824216,0.04278692353116596
0.280625,-0.24782766103556922,-0.011201607502191823
0.28075,-0.05922827913076286,0.037694628932980236
0.280875,0.045883096766315884,0.09359624595893848
0.281,0.047927628129642935,0.18466257101048714
0.281125,-0.129074460425622,0.25741875535795894
0.28125,-0.34291529634720747,0.27946561737859393
0.281375,-0.4619014181700358,0.1489669793492245
0.2815,-0.38593829435045623,0.011119141228902098
0.281625,-0.14787447081285252,-0.23009757639375555
0.28175,-0.034348652319711036,-0.29681329667535333
0.281875,-0.2228077238443378,-0.23847015873619096
0.282,-0.43513284143733816,-0.07688366230058165
0.282125,-0.4573548389358452,0.029912786705899894
0.28225,-0.3242365199219413,0.03284315757341575
0.282375,-0.35381237429221674,-0.11667403220295038
0.2825,-0.4039285470965818,-0.31689744760513894
0.282625,-0.4003416205283669,-0.38995765217531025
0.28275,-0.3091536149785524,-0.3210539287901268
0.282875,-0.14990191242067685,-0.08302875855250749
0.283,-0.17429155901359458,-0.048336156518711884
0.283125,-0.28444751530759965,-0.19415495057702645
0.28325,-0.1923717328424551,-0.30630697090035497
0.283375,-0.043076611203927515,-0.35854685724233104
0.2835,0.060182245475789396,-0.27596836789311613
0.283625,0.11664947063593979,-0.2938416119989483
0.28375,0.19171288018268665,-0.3521635902537828
0.283875,0.31582190204335103,-0.363600893466466
0.284,0.409905184124928,-0.25751102188355884
0.284125,0.2770256907856747,-0.14765605509095853
0.28425,0.2285776426297285,-0.14982316564042483
0.284375,0.3354006267928975,-0.2237121398530233
0.2845,0.4886211268061901,-0.21126993967081514
0.284625,0.6086130087021397,0.00650332851214859
0.28475,0.4910381590790878,0.028964193854422098
0.284875,0.31579820199990144,0.07769877932469324
0.285,0.15225454594230325,0.19050888754236042
0.285125,0.15639375049833004,0.30972413908974095
0.28525,0.241429992850667,0.2830854190247255
0.285375,0.31222827453669977,0.2678342076696897
0.2855,0.1394010179093857,0.20355908484649887
0.285625,0.04191700689216832,0.2707052852869449
0.28575,0.05034726180032897,0.4376628439630611
0.285875,0.07725529877262129,0.513010759196397
0.286,0.12450191569389574,0.43755942748569293
0.286125,0.18719934643087285,0.2662838139107634
0.28625,0.12702402225401496,0.14147832787457879
0.286375,-0.03792281639019474,0.1272954352451105
0.2865,-0.06699276470310392,0.26211535227306815
0.286625,-0.10404651226702118,0.21948272830750548
0.28675,-0.045701618411938656,0.13018342168622074
0.286875,-0.013882093877715895,0.053919594823775896
0.287,-0.1024032679020313,0.012775650660140806
0.287125,-0.049335646277914647,0.05013094029375588
0.28725,0.13310033554989317,0.1586324870588786
0.287375,0.3552407893141651,0.15697521517260096
0.2875,0.29264346193135293,0.1346274324509195
0.287625,-0.047525091185496,-0.014702401681410286
0.28775,-0.27023932016201596,-0.10339539286921326
0.287875,-0.13065428218012884,-0.0805101885325564
0.288,0.1551835705291674,-0.021732096949880236
0.288125,0.2856430013551543,-0.05434549626719006
0.28825,0.06300289500509405,-0.019083814179672663
0.288375,-0.17346753050659214,0.01391275869833941
0.2885,-0.26887996772165573,0.1597322172333249
0.288625,-0.24954535892326293,0.2857868443356027
0.28875,-0.21970383263148033,0.24741882175855334
0.288875,-0.1592896358287277,-0.0038996930983506285
0.289,-0.17948922839753692,-0.2148957941644296
0.289125,-0.25546151284833385,-0.06946375022099054
0.28925,-0.2962414885909962,0.13235558573031828
0.289375,-0.4023376923941316,0.2502490773714803
0.2895,-0.3826087060196642,0.07299619535579249
0.289625,-0.15631745418291587,-0.1859051425980021
0.28975,0.16668113815277913,-0.2660298678271091
0.289875,0.16134854145341507,-0.2476745805184927
0.29,-0.16533118352631482,-0.16846401215019105
0.290125,-0.38934372362008685,-0.2072068807836989
0.29025,-0.36819812606907104,-0.1528042219441797
0.290375,-0.1663504548521201,-0.15661477757537348
0.2905,-0.06680145339801824,-0.24759483055200818
0.290625,-0.1711425845501272,-0.3517286296018914
0.29075,-0.23418723091395197,-0.3621171243492601
0.290875,-0.2475000065668565,-0.12424265874443803
0.291,-0.4107640402061117,0.1363856203499692
0.291125,-0.40230783714029184,0.14884019855794642
0.29125,-0.2731163115265232,-0.11679407272778307
0.291375,-0.06429373559973507,-0.3516990130077937
0.2915,0.038250537611227715,-0.2884243093462685
0.291625,0.04059556374893538,-0.14355845476339418
0.29175,0.1315233486126368,-0.06528324310886444
0.291875,0.09222518187916481,-0.13791485422622418
0.292,0.13425753979479765,-0.15906309482141393
0.292125,0.1970316509667714,-0.25798447274324837
0.29225,0.2699464528789058,-0.35632569444765544
0.292375,0.3806466240993335,-0.35434244194206055
0.2925,0.37992102375211817,-0.23409003508981555
0.292625,0.36854766754507406,-0.002809995902507035
0.29275,0.2937328208901983,0.06573139533327543
0.292875,0.273714041101545,0.10207292175144318
0.293,0.3000482544598322,0.0825561231288256
0.293125,0.22038293541999063,0.13649889261220288
0.29325,0.1424754350240544,0.14086461773828693
0.293375,0.10784869162747267,0.14156916916647336
0.2935,0.2843565186728556,0.1902560972341001
0.293625,0.5812000727220282,0.33063799643209996
0.29375,0.5440236867315585,0.3762948163628651
0.293875,0.3196522637710839,0.3191473579281311
0.294,-0.09686701409658945,0.23330097552028908
0.294125,-0.33853355638788135,0.22709536517832166
0.29425,-0.3180981992535661,0.24077248738461235
0.294375,-0.14081465623172085,0.21113511920128816
0.2945,-0.048335703031073936,0.16290821793129442
0.294625,-0.14075240733138042,0.10544387786086726
0.29475,-0.17719653277036204,0.2629501735243343
0.294875,-0.2471885530592074,0.49040904729942686
0.295,-0.1774259953668086,0.49650216018453625
0.295125,-0.06571580513442034,0.3137866358908852
0.29525,0.20406259884179292,-0.11897673353757393
0.295375,0.4240319689303489,-0.31621409351286256
0.2955,0.4798094881520081,-0.26418941766620246
0.295625,0.28302874721176574,-0.11481802291244675
0.29575,0.09762293032071,-0.010046970183821136
0.295875,0.04590750821110562,-0.06624606320431616
0.296,0.0847318620441581,-0.18774033894087275
0.296125,0.17419936172709208,-0.19330382918471112
0.29625,0.031208942800979647,-0.17587484103603843
0.296375,-0.2345865550217182,-0.01989448352934302
0.2965,-0.21221179286128966,0.13247220488514483
0.296625,-0.04408851119643514,0.36939854547231643
0.29675,-0.0007557629705188126,0.44653205507684746
0.296875,0.004990900891813964,0.28467653633618134
0.297,-0.07657432714975039,0.10551971116156127
0.297125,0.051223939978092825,0.03619282358360685
0.29725,0.08653644238828491,0.08265083750395794
0.297375,-0.022594946783646413,0.13833622973654688
0.2975,-0.16191115179122023,0.024200598877227673
0.297625,-0.14632290364719786,-0.19834789750673895
0.29775,-0.01463057893306504,-0.2551578905777714
0.297875,-0.047292424791868404,-0.031042829583174582
0.298,-0.20912205322482075,0.02815918394581377
0.298125,-0.2143917511258618,-0.05020477681821942
0.29825,-0.15458346165036252,0.002302604506962573
0.298375,-0.17493515180283475,0.015600533928584433
0.2985,-0.3453375566851281,0.02209299472303964
0.298625,-0.5801177294156455,-0.039710690047503924
0.29875,-0.6513884381922462,-0.1525902726542548
0.298875,-0.5077926839816288,-0.06960736036270554
0.299,-0.34080132081379744,0.0026298202433479344
0.299125,-0.208217941867891,-0.04807245640330061
0.29925,-0.29347218481719606,-0.17055607964804712
0.299375,-0.48458998452272545,-0.21353655823282763
0.2995,-0.4888885417094938,-0.140283402781175
0.299625,-0.2900896608450287,-0.18928016816836035
0.29975,-0.07842477305033474,-0.3564646582067768
0.299875,0.025176091254468087,-0.5533949843671482
0.3,0.2538274698320176,-0.6222672067857619
0.300125,0.49973930150599216,-0.41708316538821855
0.30025,0.5803079333639194,-0.2926087283953497
0.300375,0.3356312942024849,-0.22132537734006513
0.3005,0.10091695231471369,-0.3038069972082253
0.300625,0.07807515417650641,-0.41967432738509547
0.30075,0.2655858182778483,-0.47530093216922137
0.300875,0.3611477998071694,-0.2160832114692359
0.301,0.34851485963368517,-0.11038830673484855
0.301125,0.26849769165851517,0.01070451215615553
0.30125,0.10923525027328027,0.1976613960592952
0.301375,-0.030435975947405075,0.4521545320603322
0.3015,-0.017380864877767382,0.5418033992783449
0.301625,0.09169922369005758,0.3461373883559088
0.30175,0.4536299271534942,0.10143383200964273
0.301875,0.5466585810258765,0.08661928006010636
0.302,0.4498967967417045,0.2529790307041693
0.302125,0.21864929206232805,0.32406417699994505
0.30225,-0.032411200392168375,0.30976469937805795
0.302375,-0.06615608520693947,0.23640632441675716
0.3025,0.05793246192540469,0.062260054646467874
0.302625,0.1254826030281451,-0.030478918912141304
0.30275,0.13828987797391173,-0.050275077014311574
0.302875,-0.024794850586399644,0.041800598236504845
0.303,-0.07577329095168613,0.30919739507796096
0.303125,-0.04000776893352282,0.5124850930364672
0.30325,0.11897470028019513,0.4192613668562982
0.303375,0.19690313141114557,0.1943858269794066
0.3035,0.18189965958922658,0.011663344525279016
0.303625,0.12173892291069303,-0.06997915761411361
0.30375,0.10782951860668434,-0.01198715404723607
0.303875,0.03865930816175677,0.08144481683817897
0.304,0.08274503710095955,0.09759068688838358
0.304125,0.09776718211258101,0.02925701220903158
0.30425,0.1837113331324854,-0.06224977627835136
0.304375,0.07162604460728086,-0.03174109294705713
0.3045,-0.19581835239126866,0.12472176097990875
0.304625,-0.1932112949978924,0.15493979388224335
0.30475,0.11096324270890369,0.15226587381303772
0.304875,0.3088149379127792,0.1378050526501215
0.305,0.09107349782255962,0.06762537247821021
0.305125,-0.3671022033108679,-0.010732689666170957
0.30525,-0.5216999604658625,0.06774463389943029
0.305375,-0.3413755049003323,0.1199459865566633
0.3055,-0.230587855956788,0.15382407351444233
0.305625,-0.3958927256561627,0.03817051443486579
0.30575,-0.4708500412455356,-0.18280758534533306
0.305875,-0.2371394196539483,-0.24860500812730124
0.306,0.027965474817309946,0.06131673266592638
0.306125,0.08323543833560186,0.29395793216169946
0.30625,0.0012589620238200117,0.08215297934342161
0.306375,-0.09126952415731669,-0.3308069448131466
0.3065,-0.15332697834562406,-0.43135682164951034
0.306625,-0.11309978944215775,-0.29382223238986
0.30675,-0.19139773367284652,-0.2215289211643308
0.306875,-0.34523184673733404,-0.3435916275791002
0.307,-0.41442024015056395,-0.4224862366196184
0.307125,-0.3117759924216785,-0.2630233551256378
0.30725,-0.037027829164496845,-0.013562268251946077
0.307375,0.11072639373318315,0.07445666333795668
0.3075,-0.11852985612598518,-0.037974722463686106
0.307625,-0.41999647335571016,-0.08407457409414947
0.30775,-0.42175295069516794,-0.09196240703970379
0.307875,-0.1492679242466738,-0.11740466264557514
0.308,0.038969138141237716,-0.19788096060933066
0.308125,0.18497840675693142,-0.3224958304179934
0.30825,0.08876797321936972,-0.39921954933581083
0.308375,-0.11109219941248064,-0.2794004877662808
0.3085,-0.14770171462805487,-0.029528835154879654
0.308625,-0.0699484341195885,0.05818391712883201
0.30875,0.25780092927397125,-0.12366548967454428
0.308875,0.3594068465111926,-0.35892900658338717
0.309,0.2922489842622173,-0.40610643265819507
0.309125,0.14514107176739996,-0.2072853265938179
0.30925,0.27862074300923023,0.014796938870440281
0.309375,0.35691340230804597,0.10532779790279168
0.3095,0.47031805059284976,0.10009139169410686
0.309625,0.3794284834664958,-0.15951894175854903
0.30975,0.3218801473372234,-0.21050178296832842
0.309875,0.2953293504291171,-0.023175988518338304
0.31,0.3201083320404558,0.2528760442669967
0.310125,0.3530877312072592,0.324007055409302
0.31025,0.3256966109426812,0.23934237916219156
0.310375,0.19539096056415572,0.14510624432131833
0.3105,0.026572620557783106,0.219022700758915
0.310625,-0.00047091275963246216,0.352393192793926
0.31075,0.0214198079853172,0.406096071180853
0.310875,-0.03850682730844061,0.317314603087973
0.311,-0.12494522294048725,0.329412733664365
0.311125,-0.1579973806469539,0.27079024443669325
0.31125,-0.02012485601257684,0.2678272669815885
0.311375,0.002919103259789758,0.2600370849434796
0.3115,-0.01640255421839843,0.26257616985114796
0.311625,-0.09980623370109899,0.17183160995211424
0.31175,0.024972329105688192,-0.010353345531160074
0.311875,0.18534017529988076,-0.05230766753708714
0.312,0.3602123887178407,-0.008931963191624263
0.312125,0.2826084339005641,0.0006435047884598655
0.31225,0.11564367943575228,-0.060863097589691786
0.312375,0.08436406947665935,-0.1032560018374385
0.3125,0.19840173728528987,-0.06359677087001539
0.312625,0.23700715314645351,-0.0425050775504149
0.31275,0.011096443155056444,-0.02614652213502668
0.312875,-0.24832975565692214,-0.12308843469589102
0.313,-0.3176333947019231,-0.036490082660061464
0.313125,-0.3406094802611153,0.16902132441536205
0.31325,-0.162653573020148,0.305630034579078
0.313375,-0.16970837217905163,0.2544203794298735
0.3135,-0.03201940670016068,0.08517612749750764
0.313625,-0.03202643253370393,0.052797980745868084
0.31375,0.12070155855938783,0.188817285508395
0.313875,0.11811005444564099,0.1689993491199219
0.314,0.1062286203831994,-0.018950490370861568
0.314125,0.12754796362028906,-0.23595988101072354
0.31425,-0.11225002526641592,-0.3349466261042989
0.314375,-0.27252510379062284,-0.24140669731808154
0.3145,-0.3616494908761443,-0.15910165928758005
0.314625,-0.17170732708812184,-0.1340735769576122
0.31475,-0.10052297057097834,-0.11565755654324013
0.314875,-0.2651814272608905,-0.011597190444568447
0.315,-0.4274749826058747,0.0901128795000927
0.315125,-0.3251917652116323,0.1478316372423716
0.31525,-0.05113197664950807,0.0901104162622012
0.315375,0.10469027963375481,0.03645737180999995
0.3155,-0.11375557852857715,-0.0539754468432572
0.315625,-0.29871007934361965,-0.20217214632339142
0.31575,-0.154899359678698,-0.2797751222865071
0.315875,0.0652980170481996,-0.2043862316706563
0.316,0.06505508246247159,-0.12872407868639302
0.316125,-0.35006158468296594,-0.24672063233868316
0.31625,-0.6091305414132657,-0.3934779105875237
0.316375,-0.6346530601110597,-0.3289567249936619
0.3165,-0.45321541909770224,-0.07043624862570508
0.316625,-0.3279022065707675,0.03620572718949312
0.31675,-0.06817522857314344,-0.09729317380769163
0.316875,0.23994941626568947,-0.2565503303539507
0.317,0.306795275586213,-0.14365224382472677
0.317125,0.17186589289086698,0.020408598132680558
0.31725,0.15235797428255812,0.007727507520500696
0.317375,0.14238010072823667,-0.29257827349256244
0.3175,0.1823930731921626,-0.5432956177248695
0.317625,0.29677743445760457,-0.5514514820953007
0.31775,0.3292663889319934,-0.4387725930065755
0.317875,0.3522844278698432,-0.272192636699012
0.318,0.4550774917075498,-0.04910538374369478
0.318125,0.5237362878674153,0.20378826312552203
0.31825,0.6177108132222668,0.2904588798875949
0.318375,0.5392549860234672,0.19508873564233117
0.3185,0.3964245143689221,0.13224301209609016
0.318625,0.19722330114663184,0.11562107461241279
0.31875,0.1007764802808354,0.205361471857025
0.318875,0.17115616553773869,0.22331376784465032
0.319,0.08791108918739286,0.3014513148004523
0.319125,-0.038470607571881026,0.3250746469816583
0.31925,-0.1293939773706925,0.3852156515137293
0.319375,-0.14812365430976926,0.4707152858077318
0.3195,-0.013561477067679224,0.520979691679836
0.319625,0.06327415307640415,0.47205945939308125
0.31975,0.07131971115956015,0.35518863634115944
0.319875,-0.20375934540286908,0.19976726231688952
0.32,-0.29815883469031,0.1423633731770471
0.320125,-0.19661997132409917,0.07857594690606805
0.32025,0.06099898241880801,0.05333253411087512
0.320375,0.30030279693354783,-0.003271887632442987
0.3205,0.2444070340879131,-0.1006559454790117
0.320625,0.12347682956491719,-0.17637835667895851
0.32075,0.14299413634604466,-0.07580996111766676
0.320875,0.25848407274469387,0.0424453676965948
0.321,0.35544231257678444,0.007715731774945609
0.321125,0.18678409117559133,-0.134474254927392
0.32125,0.048142179705378596,-0.2500352751278432
0.321375,-0.1433166329111182,-0.2023727440763294
0.3215,-0.1664685088203065,0.07863123304534439
0.321625,-0.10892092547753973,0.235513995731922
0.32175,-0.16062029870304512,0.2359189400313684
0.321875,-0.2712909744938315,0.12381414017957063
0.322,-0.33486679461251223,0.15082433576219437
0.322125,-0.18222721233684433,0.21739046366956888
0.32225,-0.09514301759573073,0.3557021358118485
0.322375,-0.025590050642291005,0.21847234628518777
0.3225,-0.10361561950302643,0.028722151637662983
0.322625,-0.1698409237390956,-0.11755252027140006
0.32275,-0.07458109757913238,-0.11349001436116457
0.322875,0.08185532999615691,-0.08235922987075021
0.323,0.06676830497919106,-0.10617748371859732
0.323125,-0.1259236392552371,-0.20103176110727364
0.32325,-0.3682768356992093,-0.2823347903404301
0.323375,-0.4187024075731675,-0.16708225639604593
0.3235,-0.2818496430251307,-0.05777017839231847
0.323625,-0.2508858150469741,-0.05660857226203207
0.32375,-0.3193444047262529,-0.11385776692699552
0.323875,-0.5619156535929295,-0.08540556529506434
0.324,-0.5544538625660004,-0.07238768759036837
0.324125,-0.44623994066830713,0.07264168776418978
0.32425,-0.1811328152199936,0.06890283536650968
0.324375,-0.036098329135234294,-0.1267789327680203
0.3245,0.0646479276292703,-0.3236281320494509
0.324625,0.12467326220730071,-0.4105274472237179
0.32475,-0.0032692730112797858,-0.258879470603211
0.324875,-0.15897177117908196,-0.18374761215956123
0.325,-0.31160727934698296,-0.30410871697291664
0.325125,-0.14046485682972482,-0.4750230472862645
0.32525,0.27576772875963473,-0.5912187277457971
0.325375,0.46858995941465403,-0.3282494141135724
0.3255,0.3962917589589724,-0.14051922387745983
0.325625,0.29148642835794725,-0.002916999325165004
0.32575,0.15537376050743432,0.08152980636981493
0.325875,0.07330537027850968,0.09776693690027378
0.326,0.1196927140137661,0.021120350920964606
0.326125,0.3484060252852475,-0.1945783290637041
0.32625,0.5941083450304201,-0.26153190690894623
0.326375,0.46790866135874487,-0.11798538322096333
0.3265,0.187235609039948,0.1966759687506793
0.326625,-0.010178395557732586,0.3960507161765554
0.32675,0.07855026890905979,0.3805815155648227
0.326875,0.2780161910664372,0.23368844394025753
0.327,0.363769469125496,0.09912888982557194
0.327125,0.2592401933288837,0.06130066241059083
0.32725,0.03476966945924092,0.10112712180385956
0.327375,-0.1002896062008559,0.31423674337421
0.3275,-0.1191667800698708,0.4652332383642559
0.327625,-0.07359530183900782,0.4203232322019645
0.32775,0.03630663767424241,0.18713095526880152
0.327875,0.16355074956640683,-0.004335033322360695
0.328,0.06532253811293108,0.05907670679101161
0.328125,0.07323198781833072,0.23840309276197352
0.32825,0.2651959951033145,0.32537579043100356
0.328375,0.4107299682632158,0.2536524199316071
0.3285,0.4896807318688825,0.05168129484332856
0.328625,0.32151924301414747,-0.07357877756017757
0.32875,-0.004999984620514646,-0.10267415690037346
0.328875,-0.24827476257145187,-0.007829862018294359
0.329,-0.10928252531621173,0.039726462384659864
0.329125,0.26780252158238527,0.10322353562487835
0.32925,0.36200043378482394,0.11553130917924238
0.329375,-0.041967150979246366,0.09929934014158885
0.3295,-0.44652992942261,0.20319431864437346
0.329625,-0.5126649517812492,0.39795653925971186
0.32975,-0.3267649606235343,0.4683206438643475
0.329875,-0.06753559598771991,0.22820888790199095
0.33,-0.17468770752674098,-0.030309226029349497
0.330125,-0.38310832001294415,-0.17926592397838856
0.33025,-0.36888057025445387,-0.06729689483742228
0.330375,-0.105738435429667,0.2043656499994753
0.3305,0.11720056047905826,0.23324539610522346
0.330625,0.1544059131501295,-0.02495089536471232
0.33075,-0.010467090478731476,-0.42510785213390884
0.330875,-0.06750811358139283,-0.5309612206921177
0.331,0.15255147716895387,-0.31230301949119055
0.331125,0.2180215084949076,-0.0634046706552581
0.33125,0.0974544812927039,-0.1726034013249186
0.331375,0.028889115497699073,-0.3028965987120061
0.3315,-0.055362949564017536,-0.37346976425666273
0.331625,-0.19476606431409169,-0.10706081362001327
0.33175,-0.3578235820131108,0.1086094712165664
0.331875,-0.49668956663489455,0.07333947710001781
0.332,-0.5186686313362007,0.0029147420037009355
0.332125,-0.5746291985868048,0.011645395878266553
0.33225,-0.5022811773619668,0.13103750623304403
0.332375,-0.3722094452751382,0.17740473295679046
0.3325,-0.17955340192851074,0.10426008042280904
0.332625,-0.07446359669313742,0.006319414280205265
0.33275,0.03343594984720182,-0.06237289087072336
0.332875,0.029194821355108643,-0.17737208794538684
0.333,-0.14387672400314386,-0.3057208715414096
0.333125,-0.2954774810498766,-0.45329655544510156
0.33325,-0.31020840253576193,-0.4472487493057598
0.333375,-0.13387168166272936,-0.5052590166810422
0.3335,0.09119828125680794,-0.46641498458717456
0.333625,0.3373981910638321,-0.32488065986846393
0.33375,0.42681378128838704,-0.19510623262600413
0.333875,0.3170883800697687,-0.07851898166310925
0.334,0.14536264212717853,-0.015457823189705918
0.334125,0.15593310193700788,0.021807702217375227
0.33425,0.37343146634918967,-0.09962578639483873
0.334375,0.3657703140376838,-0.2099230171146459
0.3345,0.21404031722286354,-0.25218825689834984
0.334625,0.1784565510991734,-0.13677613747466627
0.33475,0.23921301348884316,0.03461359277867216
0.334875,0.26210802078928286,0.33484445506627386
0.335,0.16785019374998295,0.3388234728677701
0.335125,-0.03330294337753597,0.28601321179636696
0.33525,0.0716676503747725,0.19222586809051598
0.335375,0.19331045962864357,0.2347260946088797
0.3355,0.2339720838203018,0.35067857457464074
0.335625,0.09459744953794075,0.3521119414523789
0.33575,-0.15197109463019787,0.239298484989038
0.335875,-0.01681217540708694,0.1685897868501769
0.336,0.2229891888431946,0.238542753458204
0.336125,0.4624605899058476,0.24782310502041408
0.33625,0.2945743205873255,0.1524742670896387
0.336375,0.12137737789741317,-0.016659062197089493
0.3365,0.16104969093069918,-0.007069549611198314
0.336625,0.3492894266314455,0.19328469109202281
0.33675,0.23736649156611692,0.21776564811389065
0.336875,-0.04228183896019528,0.10546380079936687
0.337,-0.1304551668010475,-0.08751423491574371
0.337125,0.0431700492146756,-0.0037487665452793886
0.33725,0.13950129364155622,0.21743516999818474
0.337375,0.09141673715219832,0.3600311040139067
0.3375,-0.017479648379309588,0.21466699711554074
0.337625,-0.029483443362338078,0.1302448988961302
0.33775,0.027672694011177543,0.15854427444918157
0.337875,-0.013770052690582558,0.32499863450038147
0.338,-0.22750066676219885,0.20961435741651224
0.338125,-0.38717653633010773,-0.0379601017263375
0.33825,-0.26453021125438586,-0.07576268275572337
0.338375,-0.13114117420083737,0.03529884174109057
0.3385,-0.06800502618798332,0.19178513493986718
0.338625,-0.027421212026689415,0.05287709226673267
0.33875,0.059054859923394584,-0.06295720085073835
0.338875,0.11178992485604837,0.01447258704730721
0.339,-8.388658980435864e-05,0.04385032542130178
0.339125,-0.22582995111424536,0.00394549028974921
0.33925,-0.4564315595294854,-0.2116058906253878
0.339375,-0.3969978526029638,-0.24457467906095465
0.3395,-0.18092219799126266,-0.25217746059060386
0.339625,0.05278986765539517,-0.16321219447519442
0.33975,-0.025605033816430166,-0.0669970837993824
0.339875,-0.1714729827108042,-0.09087440835393916
0.34,-0.27726858417789724,0.029246734125511122
0.340125,-0.3111679449675126,0.028691622486758193
0.34025,-0.2821343715486915,0.009613001681170432
0.340375,-0.2064072438735884,-0.22474452154294647
0.3405,-0.16081756976537898,-0.43209581408899683
0.340625,-0.25979560279260255,-0.3538291643468645
0.34075,-0.46564981909718495,-0.11950373224116427
0.340875,-0.5174993559495696,0.018197646456960852
0.341,-0.23182408804375565,-0.03432750849032168
0.341125,-0.05893905971598912,-0.16643581307496663
0.34125,-0.16191907386074297,-0.3085871809028568
0.341375,-0.41163210397365185,-0.28167714522893017
0.3415,-0.46617222068711667,-0.22079219634647948
0.341625,-0.07493044234709441,-0.15420906207567822
0.34175,0.3603832856079704,-0.1547729206574962
0.341875,0.5269119793678817,-0.17763535496265712
0.342,0.2517682696496723,-0.3600746491426349
0.342125,0.1198051267885909,-0.3823837884247459
0.34225,0.29482602236442834,-0.2477410982775178
0.342375,0.6279928385337342,-0.08849785174159727
0.3425,0.5599325386848905,-0.15620098732771356
0.342625,0.13909362151729307,-0.3986917014355569
0.34275,-0.10706088529349006,-0.44076367830486574
0.342875,0.056527392487376746,-0.06753078881108751
0.343,0.3223004637101851,0.36952083991917434
0.343125,0.5382938269695379,0.48999604005006664
0.34325,0.406404782242554,0.2644684564660406
0.343375,0.13493217048497827,0.09938499832481285
0.3435,0.1432080260496756,0.25448526859330073
0.343625,0.19175553608074303,0.5473077121359491
0.34375,0.23117562191548577,0.53993819517273
0.343875,0.21430618790298794,0.1213050489807466
0.344,0.10180459997948599,-0.05737825945023159
0.344125,-0.06799787869850311,0.009056148756287607
0.34425,-0.1071711193739372,0.30032618670386263
0.344375,0.11522218519811107,0.479193310287838
0.3445,0.2605932382570531,0.3190461784748182
0.344625,0.18766232990500947,0.2095718101976381
0.34475,-0.07230895488261294,0.12289769338075349
0.344875,-0.23917058354834486,0.11695916494891061
0.345,-0.22875157032737847,0.13035664234387692
0.345125,-0.13012821279764247,0.1967945949695434
0.34525,0.0209491778383889,0.010610807888795938
0.345375,0.08816833393227481,-0.10146649367683629
0.3455,0.11056324641591694,-0.05550590156888943
0.345625,0.10802518026401287,0.099908832411117
0.34575,0.17225184887125425,0.22033046739777878
0.345875,0.21468500900392445,0.15698699535693703
0.346,0.1736711053716326,-0.06443577748172823
0.346125,0.08716460561249995,-0.17742406093547258
0.34625,-0.004016176629583524,-0.19196010642256273
0.346375,0.06701068685676273,-0.10440181724608358
0.3465,0.0355889242294581,-0.016040378185231276
0.346625,-0.023930292584308177,0.04650901319214326
0.34675,-0.2396401409611481,0.09357002088428425
0.346875,-0.24769067182818488,0.14913800605974942
0.347,-0.131207401880827,0.1369581476051315
0.347125,-0.010995856608284539,0.15521325780954648
0.34725,-0.11505958849773235,0.1396633079537455
0.347375,-0.28383130468473783,0.05903689073075101
0.3475,-0.193797936657355,-0.00966370166666125
0.347625,0.028107103654849665,0.031793886591999505
0.34775,0.2283562918324656,0.0535620126548994
0.347875,0.08654200077744365,-0.06834161382777719
0.348,-0.25018088398455346,-0.24354443383165597
0.348125,-0.3979478099182334,-0.25562567255137
0.34825,-0.2935298802777429,-0.09417349427570788
0.348375,-0.10984385401560266,-0.017699449121110298
0.3485,-0.014510900730207452,-0.08737083340798829
0.348625,-0.12891001796737012,-0.25067804839402635
0.34875,-0.4952583674138081,-0.18919718292235085
0.348875,-0.6727924522854863,0.022073633296017997
0.349,-0.5195429002180355,0.22293062705029754
0.349125,-0.30180476936790424,0.08828677290106804
0.34925,-0.20871561933262514,-0.19016240766268563
0.349375,-0.3187069376407131,-0.3558725072628394
0.3495,-0.34304158915241895,-0.30519604724390303
0.349625,-0.25824657336808005,-0.05804492905683026
0.34975,-0.07165803312901844,0.0019173968479370069
0.349875,-0.034948656766205975,-0.1800110507059441
0.35,0.038011178516678366,-0.42586590062774354
0.350125,0.07252086749287741,-0.5818994561783899
0.35025,0.1423936345607115,-0.4248390164955439
0.350375,0.14294608301815487,-0.19543775541707994
0.3505,0.1782532549683022,-0.1423522437146746
0.350625,0.25207323622034616,-0.22876250693100336
0.35075,0.28468745283444086,-0.2894512126722448
0.350875,0.2837878209660727,-0.2056538126920577
0.351,0.2967509389589147,-0.08325104083338243
0.351125,0.40363446293264593,0.017905982793439287
0.35125,0.5159175987415431,0.028005309371758047
0.351375,0.5868029842818537,0.06985053227156819
0.3515,0.4434556896942968,0.06797082473003589
0.351625,0.2689712390321491,0.12379422732253621
0.35175,0.34385309045782936,0.1837504964659976
0.351875,0.1566632961806974,0.24891261160552935
0.352,0.03636391595502103,0.26491387400965544
0.352125,-0.14390047474402887,0.22087839572593151
0.35225,-0.13284638970736606,0.2528788990156983
0.352375,0.11750038061190592,0.30005180138221355
0.3525,0.21358933876869138,0.4341418490333174
0.352625,0.08710641081083767,0.5074221219986723
0.35275,0.013342780151853082,0.41660726224449973
0.352875,0.08964126312209028,0.25450602388524624
0.353,0.3168462229002682,0.2552308496241527
0.353125,0.34174944974291427,0.18481750309475148
0.35325,0.0837815803700226,0.0009150064810253477
0.353375,-0.04330783353899736,-0.13959838730194388
0.3535,0.000821846894476697,-0.08791169996023111
0.353625,0.25720375412701585,0.06255060117442023
0.35375,0.23784919887966205,0.15744556803218962
0.353875,0.104090282603513,0.09339680386575534
0.354,-0.11327885101275204,0.0011134608651808113
0.354125,-0.11988731974130339,0.08594535651432085
0.35425,-0.2159906205626422,0.2737029033550066
0.354375,-0.2594159924194891,0.2550010509057111
0.3545,-0.3373875330426905,0.0727325501715587
0.354625,-0.2666705767480253,-0.09291066739663309
0.35475,-0.0781953033085045,0.0030851100959844923
0.354875,-0.08275576606130357,0.20101087424287586
0.355,-0.11389270607033526,0.2535269451150699
0.355125,-0.015608189179242985,0.05218793323202299
0.35525,0.02597244379511355,-0.12884676547147836
0.355375,0.03152636347140029,-0.13404890506809572
0.3555,-0.01718461026064072,-0.1586594991186806
0.355625,-0.14528462911689358,-0.25251440767861344
0.35575,-0.022296220898013395,-0.25069527603234254
0.355875,0.012327345908816126,-0.18592737542444504
0.356,0.04750826594491653,-0.07629351974663903
0.356125,0.07244857274623574,-0.04331013365467978
0.35625,0.01347880421491085,-0.08874882851840404
0.356375,-0.31533071801428986,-0.09853754681256792
0.3565,-0.46871122784621194,0.056699230877655785
0.356625,-0.40297564918538126,0.04181099020245051
0.35675,-0.244453881443755,-0.0397888205976424
0.356875,-0.2777097575852589,-0.07498993316845212
0.357,-0.2473565180680951,-0.0304488752708145
0.357125,-0.33503851024344466,-0.008234082993366223
0.35725,-0.41971830556096607,0.058532959082820434
0.357375,-0.4771116395605928,0.07221671062158326
0.3575,-0.4026684838889179,-0.0004065041860649496
0.357625,-0.2890899254403579,-0.25437673587814913
0.35775,-0.041446968356173806,-0.40380309324824265
0.357875,0.00014031016313418679,-0.3743868265698145
0.358,-0.14337513550125114,-0.2702594075089112
0.358125,-0.31702049358860546,-0.23843038820113596
0.35825,-0.18101679738938944,-0.24968190487400607
0.358375,0.07351758109320918,-0.3026326807183096
0.3585,0.2328219740703346,-0.39818488695869825
0.358625,0.22521664408843298,-0.45090926616522015
0.35875,0.20763461999760807,-0.41865399596567626
0.358875,0.232829350729022,-0.23865235894867584
0.359,0.45203050647403853,0.03261998602654118
0.359125,0.5437322465935931,0.0635751526310872
0.35925,0.5908135062007732,-0.12884632265096826
0.359375,0.5310671006841229,-0.3030580452483003
0.3595,0.2383902927727861,-0.1311738924418347
0.359625,-0.03214582098254866,0.07656345854129232
0.35975,0.08511047792275885,0.2088462034857237
0.359875,0.4622375373028274,0.22922331585937317
0.36,0.7019195757469018,0.1398614963224721
0.360125,0.3863181268969887,0.21618851622678967
0.36025,-0.11014857211549936,0.37069888109645377
0.360375,-0.39114972176599483,0.48696322538931425
0.3605,-0.2977784058485965,0.5680847251817197
0.360625,-0.20323745557271405,0.486684238827351
0.36075,-0.1386951889172968,0.2150605532167908
0.360875,-0.1052004128143472,-0.02154726576937122
0.361,0.10831910421854486,0.1077573000949581
0.361125,0.15875558367792833,0.38957502594510646
0.36125,0.16643776245517922,0.6216053282728616
0.361375,0.07756172080093539,0.31035715388099283
0.3615,0.11438432016380684,-0.14561053773861102
0.361625,0.07672767106191265,-0.34831468158137563
0.36175,0.09086660405152139,-0.2649261398410251
0.361875,-0.00566424753282762,-0.15574465869293747
0.362,-0.04154704287568665,-0.18602291118714542
0.362125,0.04138505307100381,-0.05033954230904438
0.36225,0.23463784224107032,0.06190363631583521
0.362375,0.33180480193782214,0.2209850482403007
0.3625,0.14759009747782134,0.12774505464790434
0.362625,-0.22802626699548098,0.11432935809725965
0.36275,-0.38150707640912523,0.0709956685500794
0.362875,-0.3388754327639226,0.06285247021275021
0.363,-0.09803032276043094,0.060971761221133756
0.363125,0.04012539581379017,0.019717419170751142
0.36325,0.211758768916076,0.019248768617402785
0.363375,0.3084849543276065,0.05529085616163227
0.3635,0.3998150946910843,0.2576487894528581
0.363625,0.3001067696998619,0.33078309414211915
0.36375,0.0631970696155261,0.13177954655904653
0.363875,-0.06241136558935817,-0.20447116674318885
0.364,-0.07568444730514587,-0.3642794580260729
0.364125,-0.05993565648630357,-0.3395184963311155
0.36425,-0.176282760078602,-0.10287926162610765
0.364375,-0.25361150667117716,0.019663212824348887
0.3645,-0.28487428729224956,0.18255716290232807
0.364625,-0.27891369900997115,0.3356225211092385
0.36475,-0.2156193440235197,0.3868340729270243
0.364875,-0.14833193492021632,0.2732434411619259
0.365,-0.25855130504843715,0.0038464464671968584
0.365125,-0.39256335821810306,-0.022393702315873055
0.36525,-0.44022201398654404,-0.04963860456221479
0.365375,-0.4159396279815547,-0.10587436218679054
0.3655,-0.33261762654959487,-0.21825233223089172
0.365625,-0.34348657710913755,-0.29064947355218035
0.36575,-0.43204513428343966,-0.2902597173141585
0.365875,-0.52684392419389,-0.22920555651634197
0.366,-0.3962747438866638,-0.17595023873164076
0.366125,-0.15379709094633037,-0.22177738590979298
0.36625,-0.004500638703832469,-0.2270304644750705
0.366375,-0.09883727478517658,-0.3598566579579343
0.3665,-0.20771988348875456,-0.4119261906600414
0.366625,-0.08233156554446484,-0.3365259170488499
0.36675,0.06604580311635455,-0.26556449317498626
0.366875,0.16325016885163365,-0.29695769006102984
0.367,-0.008915726992245228,-0.33579783545509434
0.367125,-0.10075490540109852,-0.48336607175144386
0.36725,0.08281429367879681,-0.3935639404318178
0.367375,0.318821627594202,-0.14368598696200757
0.3675,0.43792573660437867,-0.06432979393037629
0.367625,0.5065800337589403,-0.10884720132232556
0.36775,0.37022785743189324,-0.16537359041282262
0.367875,0.29891585605288695,-0.05216107987689767
0.368,0.2465251139186788,0.0639159052755926
0.368125,0.4255621636122259,0.10162564277969477
0.36825,0.6580176951626665,-0.044485533966270314
0.368375,0.5682829882847136,-0.11747869651824797
0.3685,0.3142695304499596,0.07565063687938386
0.368625,0.025245884855424595,0.2921450794212216
0.36875,0.0407460882986254,0.40389913484383094
0.368875,0.1662053426348634,0.41977621700137757
0.369,0.28136730008821875,0.41132889219560553
0.369125,0.2520345719727181,0.2692866394844045
0.36925,0.025379576942357658,0.22879246133083966
0.369375,0.08143395704247357,0.4076508645611764
0.3695,0.23470878863023084,0.5434528270847866
0.369625,0.32937419301406645,0.554836591862867
0.36975,0.11205781057856196,0.29316923834143355
0.369875,-0.2252187156108795,0.04255318753970279
0.37,-0.4938176727436542,-0.013730247868459266
0.370125,-0.2976520620416554,0.18008473628097513
0.37025,-0.01854963412218033,0.23250703403421163
0.370375,0.13320889447167214,0.15826736425758667
0.3705,0.10469633269140516,0.07897274085500809
0.370625,0.04814316351041559,0.11839814402046274
0.37075,0.02074756920638427,0.2721179625691255
0.370875,-0.0207579035745343,0.351030888551077
0.371,-0.13952102146540543,0.11748130701633641
0.371125,-0.1597501692074038,-0.2556677373521265
0.37125,-0.15026897332824457,-0.44263583198778045
0.371375,-0.08467211993195131,-0.2860092819448069
0.3715,-0.09984216238336667,-0.009028098102768847
0.371625,-0.2362401082788552,0.08888819167372847
0.37175,-0.25384853148211034,0.10442910017041583
0.371875,-0.14565290826879218,0.029511958642899672
0.372,-0.0315550272002907,0.023983345137567422
0.372125,0.11134128890909607,-0.0075662401694837934
0.37225,0.1354710220790474,-0.10789535680004261
0.372375,0.07801543789315216,-0.1642982828385192
0.3725,-0.02316315316009736,-0.10306370548478071
0.372625,0.007973783581601357,-0.052870456644889895
0.37275,0.11380218909842858,-0.096918043202211
0.372875,-0.008755524216648996,-0.2026921833219985
0.373,-0.3132151654797134,-0.22205714272424149
0.373125,-0.5339808959057689,-0.15725809353636888
0.37325,-0.2885254376656758,-0.013490885780028942
0.373375,0.04860557081675416,0.1169459742969144
0.3735,0.083391910352796,0.11299339909059392
0.373625,-0.20185033743245254,0.01150529650741284
0.37375,-0.3847195670674551,-0.007545887758770337
0.373875,-0.44901504894420297,0.08805204854383498
0.374,-0.2853064265326551,0.10064163971615732
0.374125,-0.08817065421689786,-0.010569671759210923
0.37425,0.05979025786726258,-0.3479869144381453
0.374375,0.04408876358456299,-0.512613487102633
0.3745,-0.19453555884502371,-0.23379012328060095
0.374625,-0.438647592878727,0.053791453383773793
0.37475,-0.5909732569296408,0.13229820927204403
0.374875,-0.34105528426128917,-0.1709180464981263
0.375,0.011923765003172255,-0.39254155649587086
0.375125,0.021043466285085383,-0.41933917624348305
0.37525,-0.07803704392063178,-0.28536982958279217
0.375375,-0.05228735694669426,-0.09759138416369652
0.3755,0.21576815221255097,0.0700830764196331
0.375625,0.2419622890037906,0.025748024082322726
0.37575,0.15835181453698294,-0.15691410201457368
0.375875,0.1945682034535347,-0.40108351215015425
0.376,0.4824489666633294,-0.4955043548737869
0.376125,0.6814796764146548,-0.2726623837506116
0.37625,0.5721879722513245,0.007283256337282327
0.376375,0.2645424568374579,0.02127770166178055
0.3765,0.13853682491174257,-0.10164589870777697
0.376625,0.33443422677304,-0.07951438382119852
0.37675,0.5928780080824243,0.14825899699769754
0.376875,0.481138377521227,0.2052241373320498
0.377,0.15098324908918007,0.18672619144880298
0.377125,-0.07903299303534606,0.14536174946328442
0.37725,-0.19507394934860436,0.37760048717826694
0.377375,-0.0043765761245220716,0.6215566621798447
0.3775,0.008231293499170914,0.5352832070869411
0.377625,-0.009222196740432592,0.20005675232164505
0.37775,-0.20260607428976993,0.08046112233813708
0.377875,-0.20397532365753518,0.3005535914820188
0.378,-0.0870927685449185,0.5559223119991339
0.378125,0.2006873282201229,0.46405749381672856
0.37825,0.3711177557789928,0.1397229474905357
0.378375,0.37281447098707227,-0.12207704162542853
0.3785,0.23531165008630606,-0.09186249435716749
0.378625,0.12760546184676863,-0.04520796001168102
0.37875,-0.022205492508255167,-0.0007199570404072717
0.378875,-0.0162692420167354,-0.018259031015561245
0.379,-0.0019258178157631062,-0.17013601028872324
0.379125,0.10253320174194835,-0.20718158994694197
0.37925,0.13612385804785856,-0.028128832833204408
0.379375,0.10351407435120422,0.13127497729851345
0.3795,-0.03691365818971284,0.3548737455031253
0.379625,-0.12978514011600104,0.3446716260147382
0.37975,-0.2726307745428922,0.22306555386330953
0.379875,-0.23004499273645942,0.10452141041890768
0.38,-0.2301932210582939,-0.0017717430115847023
0.380125,-0.26887720679141286,-0.03235622626993094
0.38025,-0.24127240525414007,0.030109819410898228
0.380375,-0.12299961228811271,0.061287749762841875
0.3805,0.014057310002925552,0.10353106224439221
0.380625,-0.0018731007662169505,0.08182537102953782
0.38075,-0.045506806133912114,-0.01131837722719774
0.380875,0.02382326511628499,-0.1549267419558231
0.381,0.015252849024146845,-0.23075581819937815
0.381125,0.03514223191240713,-0.20353205503712524
0.38125,0.09606059935130504,-0.18779015321361106
0.381375,0.1214848430272142,-0.2855216927520862
0.3815,0.11808524483742935,-0.1881701440418816
0.381625,0.0011396782575646396,-0.09380725473735237
0.38175,-0.1800909732789174,0.0396726564010678
0.381875,-0.37222021858647164,-0.0016739169895174306
0.382,-0.6824251657548192,0.011801884560824013
0.382125,-0.780304713748677,0.014750686882924
0.38225,-0.5414476765679731,0.039258853632605395
0.382375,-0.22558731810253793,0.00853491533471681
0.3825,-0.036146113922877816,0.07624118610613952
0.382625,-0.11120141863330228,0.06610403596311328
0.38275,-0.2357538941919372,0.09279735372859131
0.382875,-0.2533157991438052,0.06534307278029079
0.383,-0.2125683521506385,-0.13251888297774833
0.383125,-0.13003219089000073,-0.3562582324138202
0.38325,-0.19184856943303652,-0.6132400382768279
0.383375,-0.16447288823573195,-0.7304537736858454
0.3835,-0.12888753319661236,-0.5179838812893028
0.383625,0.08767206631808483,-0.21616330988522536
0.38375,0.1366365936894155,-0.05574925307058095
0.383875,0.2871649388820944,-0.1245527346330823
0.384,0.42671782275150966,-0.18223258864233277
0.384125,0.41942672883318255,-0.2026070787329014
0.38425,0.27546717101975404,-0.13539005898373216
0.384375,0.10977498086490742,-0.15798932424693385
0.3845,0.143622037339685,-0.15790403582408508
0.384625,0.29799001405193015,-0.18514956632296126
0.38475,0.3932314053314483,-0.11132332488545738
0.384875,0.21558581547063213,0.07216140490347027
0.385,0.0153251778513036,0.15810091821585903
0.385125,-0.008082944300632847,0.26527218647356227
0.38525,0.16901367567433762,0.3683643675977046
0.385375,0.3076313620677351,0.3875217472714974
0.3855,0.2550917390607664,0.2888177032938721
0.385625,0.12695873590830922,0.12728075593863117
0.38575,0.005328816580190995,0.13631610240057584
0.385875,0.07451613581580832,0.2897513461086315
0.386,0.25836235974514277,0.3399677915528982
0.386125,0.3834314485877959,0.20728917383717416
0.38625,0.3645057374842005,0.050727381702980585
0.386375,0.1812191298035126,-0.016052052678435985
0.3865,0.01817267354435957,0.11234145034489988
0.386625,-0.0552786885040488,0.2434214541060471
0.38675,-0.05278425590629468,0.23857394390149958
0.386875,-0.1069121838335487,0.14337089242890985
0.387,-0.07940668099495478,0.021279866763889196
0.387125,0.03522365141602163,0.1018218086822772
0.38725,0.07765815494457487,0.2858144260795592
0.387375,0.09261377545529058,0.3648046874681433
0.3875,0.08326600013743474,0.29112408463845646
0.387625,0.16516820409558644,0.1346846045196697
0.38775,0.11109255677947025,0.050373072090207124
0.387875,-0.07178867194326764,-0.05604849058374167
0.388,-0.239755240342846,-0.050851415485394645
0.388125,-0.23898008848572802,-0.05172229960091138
0.38825,-0.10082424201901076,-0.06619907875922366
0.388375,-0.11200938160081796,0.035242942032350205
0.3885,-0.32910653752835173,0.05077515030115317
0.388625,-0.2871028514350103,0.04501359396137271
0.38875,-0.0973060471122514,0.0831324881415709
0.388875,0.2389621941904928,0.1157080647320663
0.389,0.31862033909324117,0.12122520472322514
0.389125,0.09825499132622613,-0.004218410545428405
0.38925,-0.04993514775224218,-0.1845350185761214
0.389375,-0.02689438841275141,-0.18910923177421074
0.3895,0.07816636548837023,-0.08092290148173721
0.389625,0.01894058208493407,-0.1345517411313744
0.38975,-0.15397359822488976,-0.2806213788025514
0.389875,-0.36749310837359156,-0.34331165120883145
0.39,-0.5997590466917604,-0.06612989566603303
0.390125,-0.6376875658283451,0.2859149152993363
0.39025,-0.6658219846603046,0.2993263175473992
0.390375,-0.5837943303865195,0.14018328058002721
0.3905,-0.48337384332598893,-0.029567273343306572
0.390625,-0.45691089142450075,-0.0520217769327542
0.39075,-0.43871223090705863,0.041377019468289686
0.390875,-0.4503934097968149,-0.001285438722557514
0.391,-0.22657319780127644,-0.14355655523169003
0.391125,0.049624420699984954,-0.3171784309791829
0.39125,0.029102071078908068,-0.500232979883889
0.391375,-0.1999411894135105,-0.5914475319270923
0.3915,-0.18908740453787817,-0.5832969271858407
0.391625,-0.0037420699241132067,-0.46891618339374036
0.39175,0.31046584041052827,-0.4455475270960657
0.391875,0.4861128683863851,-0.4304541350382366
0.392,0.22354144664148526,-0.4278495733065925
0.392125,-0.06769394959613836,-0.3786077462765097
0.39225,-0.16171786825869716,-0.1953820543984444
0.392375,0.08456492972528724,0.039174447957680394
0.3925,0.5593970360872452,0.023866549655906146
0.392625,0.8074914803014082,-0.12898311638373872
0.39275,0.7943678352908303,-0.18146217983781118
0.392875,0.6034639932220442,-0.015042308571906558
0.393,0.36306794493097483,0.2780790411185288
0.393125,0.27059828077355413,0.47160746175737317
0.39325,0.2451517892361606,0.2670559279139393
0.393375,0.24279953185318195,-0.059314362532668245
0.3935,0.15655518115773315,-0.13717649569364496
0.393625,0.0734085464814896,0.11492963270314249
0.39375,-0.16318901906975145,0.44611035038214436
0.393875,-0.21198900845736235,0.7382912270629118
0.394,-0.1881488278115074,0.7051109000426551
0.394125,-0.06371092274925878,0.506829509753739
0.39425,0.16582410295234476,0.3310225816979168
0.394375,0.3704624262061267,0.24957289361957286
0.3945,0.3611984904609512,0.22835168685102908
0.394625,0.21654979367008134,0.2180677804810184
0.39475,-0.06485230667211983,0.1925359587922344
0.394875,-0.16723142674844152,0.050368143913156686
0.395,0.015652988260644127,-0.06109972501937824
0.395125,0.23893710790694245,-0.1616118819307216
0.39525,0.22739591589720287,-0.19637084618195055
0.395375,0.12415091146737349,-0.03541455426271411
0.3955,0.04207322113708662,0.13442332829145617
0.395625,-0.09316012199708974,0.30099083206986954
0.39575,-0.2568482456441236,0.3606775565149836
0.395875,-0.35996607403264086,0.22088770992846612
0.396,-0.1931319164507762,-0.07218828819851306
0.396125,0.1365455454668442,-0.10895659043685922
0.39625,0.17629898827545504,0.006970451256669758
0.396375,-0.05178377206715251,0.17363582973062033
0.3965,-0.19893441380986057,0.17009935600728016
0.396625,-0.08064741666169858,0.08626668913093999
0.39675,0.11275922991314206,0.011902970264920891
0.396875,0.02636590730329938,-0.08705494936122551
0.397,-0.31428287499485114,-0.2554106571867735
0.397125,-0.4978853943312209,-0.3157526722784235
0.39725,-0.28351706874431004,-0.14540817645579976
0.397375,0.1264798406016761,0.055459105070613114
0.3975,0.17437015678375348,0.15280245489382407
0.397625,0.12890016052148187,-0.043547404376949206
0.39775,-0.23218941045458505,-0.17025183496698873
0.397875,-0.274952344039086,-0.043527264692738356
0.398,-0.11243869643417127,0.15999511535354646
0.398125,-0.048527756462016916,0.07241794257340486
0.39825,-0.12941326737053319,-0.21157888836204447
0.398375,-0.25895167670902025,-0.44016608003886515
0.3985,-0.3523702651015051,-0.24146855239664003
0.398625,-0.32415752544139226,0.09600000499665695
0.39875,-0.3054328359548702,0.2559529849722187
0.398875,-0.41519439054148083,0.0460702407416125
0.399,-0.32035477083964514,-0.16183657937621485
0.399125,-0.30168175125423397,-0.247774228598176
0.39925,-0.20035022774788888,-0.15108650603479348
0.399375,-0.08866499126811672,-0.11036309734899766
0.3995,0.017045958248865158,-0.10072541643507654
0.399625,-0.04305928405468483,-0.2182817372073887
0.39975,-0.12388373584449258,-0.3358363590174578
0.399875,-0.15523215884697847,-0.2571210314138334
0.4,-0.1290385025464887,-0.25266135288291297
0.400125,-0.1310317779445245,-0.3274780597169146
0.40025,-0.08820366864229075,-0.35830382393394444
0.400375,0.17648836786981376,-0.2851208992981534
0.4005,0.4674368897717994,-0.17499189934141457
0.400625,0.6140549285487692,-0.12542243423859722
0.40075,0.4149081364944859,-0.03674490265915338
0.400875,0.14127818183147292,-0.003382030690677449
0.401,0.15848726150820272,-0.09078902205947566
0.401125,0.37884620686734993,-0.1071541337662881
0.40125,0.4903280085055327,-0.11001085778480936
0.401375,0.3436582587612875,-0.10762147071711373
0.4015,0.26296381451915807,-0.10029729150668122
0.401625,0.21040122486499307,0.11970969034705334
0.40175,0.21815311997072018,0.42761605650933165
0.401875,0.167097287660525,0.5875892592124033
0.402,0.06833111760354132,0.3673971703693809
0.402125,0.04183354359397972,0.1462359214051206
0.40225,-0.0066621409285425965,0.15031349058983093
0.402375,0.01079608536963245,0.29552441551107833
0.4025,0.011311521743456633,0.398698385309776
0.402625,0.03446516483044361,0.28113443016410733
0.40275,0.11835278135121836,0.25773572712532
0.402875,0.12175063679482258,0.1561088788371989
0.403,0.01673063466389424,0.1729232764600086
0.403125,-0.09430900489524005,0.17159721145448484
0.40325,-0.11102309298603596,0.07012234909307212
0.403375,-0.004998202680907461,0.03469427426861154
0.4035,0.11444923355104875,0.013029903119477526
0.403625,0.14341273843947724,-0.026419659020221743
0.40375,0.05501817114365553,-0.008611600522826753
0.403875,-0.019383202829633364,0.058703271395635075
0.404,-0.031583745504689946,0.12839446782426017
0.404125,0.1645971056654459,0.0868603422245209
0.40425,0.36859313808267885,-0.012861367759924367
0.404375,0.4804653243841224,-0.1269664032563641
0.4045,0.30023363502754946,-0.0902600685367882
0.404625,-0.02643297406740149,9.667696006280244e-05
0.40475,-0.142109944612513,0.09187732123289467
0.404875,-0.11774440122370315,0.1131186446527302
0.405,-0.09803891402686646,0.024642243323478318
0.405125,-0.13859378968204103,-0.056675944076596554
0.40525,-0.16061586600054345,-0.017124858412469402
0.405375,-0.02587631266474594,0.14513384743363156
0.4055,-0.07216044266044973,0.35406142208630353
0.405625,-0.03486254777578182,0.39069217867758516
0.40575,-0.045341177826413406,0.2598132848358443
0.405875,0.007515326003227128,-0.030778267630402395
0.406,-0.09230711385639752,-0.17919970242241062
0.406125,-0.19058256449856817,-0.19509391160494705
0.40625,-0.2888181331511109,-0.1179682902303595
0.406375,-0.16125072139050778,-0.15282971804651005
0.4065,-0.03532976124090229,-0.125552216274381
0.406625,-0.1150942772463398,-0.05979600086363304
0.40675,-0.3619425678475109,-0.07247884840769513
0.406875,-0.6095265854714401,-0.013368668859054652
0.407,-0.4751825285179953,-0.036791882060202806
0.407125,-0.3221157766555033,0.008182324844076546
0.40725,-0.2549873770530242,-0.04028317437413755
0.407375,-0.4711095947297349,-0.2636057578175567
0.4075,-0.6488048085152865,-0.2441411266891436
0.407625,-0.5439706509602269,-0.11665307860336412
0.40775,-0.21739186067249988,-0.006147358995718582
0.407875,-0.07903945956519927,-0.15189048722033602
0.408,-0.09449296252771583,-0.33938163193027976
0.408125,-0.06558558480039901,-0.508250880438075
0.40825,0.18652904843356197,-0.4089463869080087
0.408375,0.2607698782041113,-0.26510496779140935
0.4085,0.11724717746226512,-0.2400855112375212
0.408625,0.09586008431219604,-0.4135256803434694
0.40875,0.1391067092437471,-0.5501934169813297
0.408875,0.1491374568640898,-0.46180909533734493
0.409,0.08196928975569691,-0.2621689686851138
0.409125,0.16250531601525708,-0.08274391400317863
0.40925,0.32384513558421635,-0.06935024027100813
0.409375,0.47855325863447,-0.007288212113119207
0.4095,0.4632947237955324,0.13927639233872677
0.409625,0.3307982820376216,0.2063515077865899
0.40975,0.343524446036807,0.15400378587471902
0.409875,0.3852405071830534,0.09039277507096616
0.41,0.33125707189971043,0.08714204150669502
0.410125,0.3166196875484183,0.12732718913334057
0.41025,0.2354175104773444,0.062112343180585186
0.410375,0.19196280141452132,0.12998303886188267
0.4105,0.022430130799387427,0.3121667842491668
0.410625,-0.15417305392001449,0.42708932048457826
0.41075,-0.06933913744808455,0.3543231036910459
0.410875,0.11848236618575088,0.33597017621064895
0.411,0.3159430543119003,0.27508111530405244
0.411125,0.31368304884029546,0.330336244123221
0.41125,0.16069352745775553,0.34685871051839545
0.411375,-0.03723929738617499,0.31886833712556634
0.4115,-0.020357787877662032,0.219128955317116
0.411625,0.1540700655339503,0.14518199543643956
0.41175,0.22288581981652475,-0.0023332971657811625
0.411875,0.30932312617113145,-0.058907456829564636
0.412,0.2987384831055759,-0.008821555805848548
0.412125,0.18584763633626689,0.1167752071387981
0.41225,-0.14507746049264356,0.2629207141925442
0.412375,-0.40160350346588725,0.32200671013213916
0.4125,-0.42190696138219663,0.13061824895772595
0.412625,-0.40314730507854196,-0.06477342562167172
0.41275,-0.37728343741542714,-0.05476209431189535
0.412875,-0.2957054450412577,0.08540699374927635
0.413,-0.11907126124343853,0.22909194933142313
0.413125,0.07069531148789127,0.2848278438196203
0.41325,0.18453317080642204,0.249416033659786
0.413375,0.03703758584598232,0.1711635007644774
0.4135,-0.0412079472809532,-0.13967688036694745
0.413625,-0.034724515986983305,-0.3361941531721333
0.41375,0.079131186148406,-0.40221585362077833
0.413875,0.33242348577950614,-0.3424647078381901
0.414,0.40044475775468175,-0.36878665961714935
0.414125,0.08980860080422587,-0.25693497805499005
0.41425,-0.22796823549638112,-0.15184019584718944
0.414375,-0.2934585398066893,0.0270924981183377
0.4145,-0.09626201765147997,0.1251737266564469
0.414625,0.18982737078991055,0.008051222024530817
0.41475,0.12288184434107767,-0.04165713653145217
0.414875,-0.2041888103807712,-0.06943573082087305
0.415,-0.4918639275791333,0.1143074505264375
0.415125,-0.5245622643067627,0.31585979960241206
0.41525,-0.37195452240954635,0.3604678302308149
0.415375,-0.23877329077685186,0.06180391805981008
0.4155,-0.29884090685375053,-0.18972869276092497
0.415625,-0.5142113128961013,-0.2471386919108333
0.41575,-0.589987251879995,-0.08606470231305224
0.415875,-0.4842459403492924,0.14660028325892702
0.416,-0.2934108711987767,0.13684518333208823
0.416125,-0.06271983905238626,-0.16634576973876317
0.41625,0.005632886782535775,-0.43645316816845314
0.416375,-0.029557987043320823,-0.4674972602251762
0.4165,-0.044183578690063244,-0.33406812203624275
0.416625,0.004735296416007168,-0.23764360769027162
0.41675,-0.05416910431595162,-0.2826467722439726
0.416875,-0.17004836128227768,-0.4821878371845909
0.417,-0.18380224570922157,-0.5604167237440912
0.417125,0.08503538648498779,-0.47446668591313584
0.41725,0.42027044539481717,-0.17956268417046595
0.417375,0.42656300628540633,0.01083248802222457
0.4175,0.19228802713821175,0.05151297363068945
0.417625,0.208863868594836,-0.055988185298656484
0.41775,0.512721300030044,-0.06719525363029805
0.417875,0.8117838513968115,-0.007702897933453591
0.418,0.51736291500871,-0.0648950533146389
0.418125,0.036413905102559145,-0.1643292998070234
0.41825,-0.13113377010997349,-0.19756413132623035
0.418375,0.059440499608774386,0.01783580347452618
0.4185,0.19305480098461833,0.3579649590369857
0.418625,0.10294071993926841,0.3535683702632226
0.41875,0.07917296842794459,0.13438753193479927
0.418875,0.16058773530403384,0.1700702788323423
0.419,0.3654097635722465,0.48541357422383
0.419125,0.3063185444759726,0.7509711780702824
0.41925,0.189670261524441,0.43025049583727265
0.419375,0.14919869469788538,0.08410561915200401
0.4195,0.24840796150095884,-0.08953089615189729
0.419625,0.14262710656395058,0.10380463147037156
0.41975,0.007808867241293532,0.19172612677695172
0.419875,-0.05088743714243913,0.08272962369713556
0.42,0.05790512995468169,0.002814522524257222
0.420125,0.03730023096070713,0.14331510135641642
0.42025,-0.017638086003588124,0.2605974491567282
0.420375,-0.06343128264088528,0.2107387313512223
0.4205,-0.13406598723202473,0.2200971704889768
0.420625,-0.1031516674875333,0.2248310553245654
0.42075,-0.021723872775883942,0.1982696382006347
0.420875,0.005508730172554109,0.12180521378040808
0.421,0.19403226067163057,-0.003336155672228796
0.421125,0.20977740366646863,-0.007212078904031477
0.42125,0.1428161706114231,0.026417830828582664
0.421375,-0.052053573954163435,0.04957482988518223
0.4215,-0.1311539217734464,-0.026836279284527576
0.421625,-0.10588428778829657,-0.04723728375899189
0.42175,-0.006947196131161744,-0.10139775918573343
0.421875,0.055215433380578306,-0.10766218952244218
0.422,-0.07934642901195765,0.024085862471063414
0.422125,-0.21970570040780102,0.12056923314625557
0.42225,-0.20533452333946023,0.16385489472887416
0.422375,-0.046090529491717304,0.21010190659223624
0.4225,0.1432585746718601,0.1529586898601713
0.422625,0.0853114352886098,0.03920787790209531
0.42275,-0.041480386292284205,-0.07859509589650304
0.422875,-0.29187565086981687,-0.1383714067349175
0.423,-0.45686371827254024,-0.02989686029368473
0.423125,-0.50845611868746,0.023366286906603848
0.42325,-0.44416064431337043,-0.06370067303838278
0.423375,-0.3079928629134195,-0.1646008273899852
0.4235,-0.28638372944395313,-0.20027234042451036
0.423625,-0.3022536733747123,-0.03868180377319944
0.42375,-0.3190676033733383,0.13513702538030825
0.423875,-0.14830257091838026,0.0859562202351616
0.424,-0.1885109352367271,-0.08152549522331677
0.424125,-0.29517095650361896,-0.2802560004368108
0.42425,-0.3023831480418516,-0.4049112624730307
0.424375,-0.2878864631948684,-0.44496875540542424
0.4245,-0.14998670983613765,-0.3624734682493509
0.424625,-0.23489023334759812,-0.25579357559929305
0.42475,-0.3771491901190343,-0.2524363343822852
0.424875,-0.3861533109124765,-0.2877737749512813
0.425,-0.19217348453440133,-0.2951960032271648
0.425125,0.23689295423525944,-0.19500395174678078
0.42525,0.5413362255444444,-0.14102062312286295
0.425375,0.44994376186113083,-0.2088537682971261
0.4255,0.12606759171149212,-0.2783417331951292
0.425625,0.054369656516749756,-0.19342096296873787
0.42575,0.25823503128935493,-0.13608097291714782
0.425875,0.4777784949547116,-0.2177424756320732
0.426,0.5330601306631441,-0.3383015609063769
0.426125,0.38414657039531697,-0.3889542968753419
0.42625,0.369759748461135,-0.16757859666668773
0.426375,0.5216745645428524,0.2508137770065555
0.4265,0.6003062644971515,0.5123163978839814
0.426625,0.6847909482679875,0.4519421174332726
0.42675,0.4363532362813244,0.1883534098355513
0.426875,0.07468828953535388,0.03958017988445452
0.427,-0.14711602688476694,0.1936013109167981
0.427125,-0.1454122557287984,0.4131396636796486
0.42725,-0.15184806320039612,0.4577086770174857
0.427375,-0.2399240134298092,0.3803830953197172
0.4275,-0.24313999707018683,0.3480555677257809
0.427625,-0.09280639267814063,0.45136192764111266
0.42775,-0.012256842250509992,0.5459665357625829
0.427875,0.1156735395969273,0.6134919362966685
0.428,0.3034203457362084,0.3603240185145428
0.428125,0.5002474168609805,0.09681871875373703
0.42825,0.5441964190023896,-0.08169021162528273
0.428375,0.30127719971227385,-0.167747443907648
0.4285,-0.08963611510287751,-0.16415353457856274
0.428625,-0.1755844139633392,-0.20101341069640405
0.42875,-0.0981480878877666,-0.20323106022687884
0.428875,0.06495099726435916,-0.06607419299007189
0.429,0.07995115449032482,-0.0534820387853949
0.429125,-0.009622467938692836,0.03442630832529643
0.42925,-0.18861535483250969,0.30215839797519406
0.429375,-0.23224766815252001,0.4435930230013522
0.4295,-0.1938516071734985,0.4582245362932477
0.429625,-0.17347553661419293,0.26852068926296263
0.42975,-0.2155587602530304,-0.057050845976863
0.429875,-0.07731152228555861,-0.10646552561494531
0.43,-0.06707638859265869,-0.06568193959281403
0.430125,-0.022159151802940997,0.079235985736103
0.43025,-0.08347079557982653,0.04322682700047707
0.430375,-0.10290270047030196,-0.08943873712807066
0.4305,-0.32441888028388993,-0.17267372682273333
0.430625,-0.329613646822599,-0.2073031084771796
0.43075,-0.12198174243655165,-0.16416366391786022
0.430875,0.2833591356413695,-0.14201058879417844
0.431,0.3382961685123598,-0.1682191151224741
0.431125,0.03416312192284788,-0.09672368926336336
0.43125,-0.24529117043163426,-0.07179756375579441
0.431375,-0.1533918868156481,-0.06732131426712862
0.4315,0.11021843377308553,-0.04654863974387074
0.431625,0.02024171008413925,-0.11699368669785601
0.43175,-0.3563949069178977,-0.2566172326536021
0.431875,-0.5749569520212642,-0.3065461706547223
0.432,-0.4972972953076062,-0.07346976647469183
0.432125,-0.4005434041073781,0.23491058052472477
0.43225,-0.4169658864376686,0.32215741422946115
0.432375,-0.41037203597283145,0.04691774989045344
0.4325,-0.28391451156125486,-0.19335935271769655
0.432625,-0.14729497427008637,-0.1146852101233068
0.43275,-0.2614561961501083,0.06204022392936172
0.432875,-0.4045481941275294,0.06364190174928318
0.433,-0.2149614991370631,-0.2531305687085337
0.433125,0.14737224379545052,-0.5279732786085447
0.43325,0.25114221403578435,-0.4585217784662472
0.433375,0.13794169372929432,-0.3253270034439518
0.4335,0.08810446815106232,-0.3507231555931958
0.433625,0.1520678423346758,-0.3946489781471925
0.43375,0.2803245127755787,-0.18797822405766854
0.433875,0.1673795697568851,-0.1897475390068234
0.434,0.14622535318170943,-0.23374745384373596
0.434125,0.19534162617434672,-0.34362795017967307
0.43425,0.2597645442962913,-0.2186357559414582
0.434375,0.25854496363848545,0.0767726893036052
0.4345,0.24922327820267284,0.21776641053046983
0.434625,0.14212085819179196,0.15592091542605607
0.43475,0.02313517564620802,0.05630699199786754
0.434875,-0.0747929026374958,0.11828456118877581
0.435,0.053475461559203706,0.2055294587442144
0.435125,0.29536607950976645,0.16469048790725588
0.43525,0.3338183893027826,0.1590383007601393
0.435375,0.1901896536017339,0.1992131546791424
0.4355,0.0882664867974145,0.2592152851260093
0.435625,0.10768741477194724,0.26565787300132676
0.43575,0.1910740442481481,0.20383790721703454
0.435875,0.28385974654716867,0.06062653766451164
0.436,0.283054530307861,-0.04593563897420289
0.436125,0.3140534994494512,-0.07164374499879275
0.43625,0.2569888098168342,0.04834624462935358
0.436375,0.1730313679020588,0.2620022193199899
0.4365,0.13135825218584934,0.28592527020217606
0.436625,0.05132144829541084,0.1987059055431708
0.43675,0.17263695909049165,0.10386092516549006
0.436875,0.2567043144397654,0.09677088371129719
0.437,0.2931870154794809,0.2298837997391616
0.437125,-0.0209676805375245,0.268928251605331
0.43725,-0.29489353717322525,0.264324692166993
0.437375,-0.3493727661959863,0.22651151857046428
0.4375,-0.05478314817652828,0.21622424706231208
0.437625,0.19116424134692184,0.1797778326441644
0.43775,0.2217840386927551,0.13559384026890625
0.437875,-0.00814675511822199,0.06295511878220214
0.438,-0.1861526302336515,0.15328003916774655
0.438125,-0.24935851901650144,0.3121832695058523
0.43825,-0.3356983604323021,0.19918273371624542
0.438375,-0.47282368632903504,0.0003650731988434365
0.4385,-0.4114593372184146,-0.23362433463726356
0.438625,-0.26496381841534217,-0.2890515503312774
0.43875,0.16235520214579807,-0.01358739427406263
0.438875,0.36577770327472436,0.1208703611782013
0.439,0.22438718779713157,0.15337612361192982
0.439125,-0.277406548080946,-0.03883801981688604
0.43925,-0.6567947886463477,-0.14277030613274955
0.439375,-0.5101938061401812,-0.23003576258431435
0.4395,-0.2208306972838465,-0.28665539104477383
0.439625,0.01746471418011445,-0.38622407775495865
0.43975,0.0716770157476395,-0.39290196487581813
0.439875,0.044252399629745046,-0.27334324269454846
0.44,-0.056649007898465664,0.15292533036504755
0.440125,-0.13223876862674777,0.3382595634026048
0.44025,-0.17155484380566519,0.19467659407803847
0.440375,-0.23592949612055047,-0.251693315037309
0.4405,-0.2909376892698649,-0.5369001422959575
0.440625,-0.45512848422192664,-0.5002786287244458
0.44075,-0.4801011553254132,-0.22254356044923898
0.440875,-0.39701849847061366,0.046428635577404925
0.441,-0.2449799754401594,0.11245865748083982
0.441125,-0.201819701375887,0.0167546238955706
0.44125,-0.263951477722847,-0.05843325725515634
0.441375,-0.3449018575870885,-0.1697410929219783
0.4415,-0.15866107617381758,-0.1479987228094221
0.441625,0.027038723156484094,-0.20081396134200497
0.44175,0.23323175161136991,-0.2339375038236416
0.441875,0.34479911887293724,-0.3990413811807209
0.442,0.39767902970057123,-0.5055829681821525
0.442125,0.3408547946796979,-0.42355053525469627
0.44225,0.29747189819886855,-0.2191512727893959
0.442375,0.37396640378770274,-0.12950034394755722
0.4425,0.4165564900217964,-0.28613657615321797
0.442625,0.384921607405353,-0.2456612836642264
0.44275,0.28446825752593224,-0.15655276212017077
0.442875,0.17684922512509646,0.08635546260983457
0.443,0.1911939564699188,0.2284127198750534
0.443125,0.25803397766215663,0.31203239006341776
0.44325,0.27653238823874204,0.3438295165061209
0.443375,0.1941530491303934,0.29815300559547603
0.4435,0.13920710317831575,0.3169710874808882
0.443625,-0.0216867889750148,0.3585249954847851
0.44375,-0.052716309061107795,0.3754128458240537
0.443875,-0.03545365351659199,0.3600099124918989
0.444,0.17245311281011377,0.19082849106057706
0.444125,0.1879851619793085,0.10613146768735528
0.44425,0.13169407086522042,0.14504955813237885
0.444375,-0.05995495648419972,0.2225471605619471
0.4445,-0.09876370941582574,0.23646083040608992
0.444625,0.02697303388285154,0.17998810641780272
0.44475,0.09373653692400366,0.1537223689670668
0.444875,0.19157167040478548,-0.048968590960676316
0.445,0.24346587204123102,-0.06344367989343228
0.445125,0.29935946656717155,0.019361747151817748
0.44525,0.39738141128176063,0.16675171282118317
0.445375,0.32117310830110446,0.21276629733335822
0.4455,0.10838212129528868,0.06805344024498519
0.445625,-0.13532233952168937,-0.021393266801707826
0.44575,-0.2943374934213287,-0.05031576125728893
0.445875,-0.4035888988176764,0.0093963394354238
0.446,-0.3919996164330473,0.0642236711745894
0.446125,-0.20950397307712915,0.17707745885997514
0.44625,0.1292204978176905,0.17029352946399304
0.446375,0.3876350513143731,0.2742590718248227
0.4465,0.22159756659543067,0.3422352333079972
0.446625,-0.10187287354593733,0.3236146046077518
0.44675,-0.1464656397759954,0.09549332481747505
0.446875,-0.08193718352589248,-0.18578576999446653
0.447,0.11438083078904476,-0.2850135014372974
0.447125,0.04910996528014977,-0.4217825867941553
0.44725,-0.16583378534398527,-0.35882449125873295
0.447375,-0.3388860636454196,-0.17696476773668765
0.4475,-0.32916187690795495,0.1292792743787145
0.447625,-0.22495904844955525,0.31449976461255463
0.44775,-0.205403760514918,0.1905830828483512
0.447875,-0.2190860488613195,-0.08308135922104898
0.448,-0.18042949118037938,-0.16571816530109745
0.448125,-0.006410638843008214,-0.05846094415452974
0.44825,0.19307627936410587,0.10203025725442277
0.448375,0.03132212853991325,0.07240552740016322
0.4485,-0.04432685736106973,-0.13500305097704585
0.448625,-0.15965438135344334,-0.2923568503409561
0.44875,-0.15427812450757483,-0.29805491052860644
0.448875,-0.17499273552664715,-0.159221830366256
0.449,-0.3221978734582091,-0.15485031203284114
0.449125,-0.479859896012794,-0.194201612360281
0.44925,-0.4406008458047095,-0.15660808491398526
0.449375,-0.2766180563958593,0.022194146468915318
0.4495,-0.16254443481325329,0.13763809236147484
0.449625,-0.20962477348107314,0.02640282907871745
0.44975,-0.3496274297055867,-0.04105192763761382
0.449875,-0.4595828376372558,-0.1616180851376954
0.45,-0.372409667046079,-0.11441055795254057
0.450125,-0.16304448411959752,-0.11385065057845939
0.45025,0.0014936372793257018,-0.2470971693747207
0.450375,0.11233712505703715,-0.4195063245174978
0.4505,0.10819736140200123,-0.39977812561660375
0.450625,0.18241768551657134,-0.2796531917394885
0.45075,0.30446181631386415,-0.16570523437490786
0.450875,0.5437326481897993,-0.20970575376437017
0.451,0.6733700046583125,-0.32346449749431383
0.451125,0.617947782359458,-0.3776141058264551
0.45125,0.5236816872291056,-0.3351340129812956
0.451375,0.3908390749893986,-0.13749957394362303
0.4515,0.23281232093964951,0.02225126255712698
0.451625,0.014534924776131318,0.11973207440134444
0.45175,-0.07468359248270699,0.10201143275639908
0.451875,0.20759377915907778,0.16821779241652077
0.452,0.4957318533292333,0.3004518186447092
0.452125,0.27000608740068777,0.47464557292266907
0.45225,-0.22026810369925012,0.6055264642293658
0.452375,-0.33371145788246265,0.5995776374558158
0.4525,0.1206008325284845,0.4515415805883376
0.452625,0.46363356305242137,0.3838313145126026
0.45275,0.34570944635194384,0.2611516682056573
0.452875,0.0101911653331229,0.037261691230732585
0.453,0.0013428684851201317,-0.07359493410607824
0.453125,0.1719108244444165,0.19751757058874966
0.45325,0.11357510484882753,0.4200143059517171
0.453375,0.033852026955966945,0.26262465649332034
0.4535,0.07556884304344842,-0.137831089008947
0.453625,0.12865230963146737,-0.29587214858134736
0.45375,0.13804954313879952,0.07337706724326368
0.453875,-0.003181803712914969,0.42621965816154045
0.454,-0.07950104874450109,0.29557180607931033
0.454125,-0.019442666446893967,0.03731128055214333
0.45425,0.1631466267582805,0.028405660920580028
0.454375,0.1287952935761418,0.11601689532792478
0.4545,0.0205654528491333,0.12091703862765077
0.454625,-0.09953208071422984,0.044287632356167325
0.45475,-0.1767104595025608,0.08270823446743998
0.454875,-0.1431786206504581,0.11741818041903763
0.455,-0.01641589355755097,0.076260651149265
0.455125,0.028590016100246432,-0.0008633864961996315
0.45525,0.09659693386730302,-0.06067445286465955
0.455375,-0.08793949938120013,0.022455743896503944
0.4555,-0.33452776130235073,0.09994291417601846
0.455625,-0.4900784040641483,0.12866598109455624
0.45575,-0.40107541992427265,0.057049161934275935
0.455875,-0.2074051853382078,-0.1252159928587627
0.456,-0.15477770209278047,-0.19708247121798786
0.456125,-0.24504063727033393,-0.12615764103911928
0.45625,-0.32706636511251214,-0.06381292503772248
0.456375,-0.06154708007854132,0.06649298789149768
0.4565,0.034808747795072405,0.052350683456702
0.456625,-0.1023996174863648,-0.051002800648861056
0.45675,-0.36430517702697496,-0.28837446657358895
0.456875,-0.4735140993965265,-0.40723816033796245
0.457,-0.34531645486995777,-0.32643727436052516
0.457125,-0.18513924231445048,-0.20244289383545463
0.45725,-0.16175247838010262,-0.1520531796985334
0.457375,-0.1732288906258369,-0.2547068545224969
0.4575,-0.20636588616939672,-0.2676253222176898
0.457625,-0.12209075907464459,-0.04347994040197144
0.45775,-0.3364465954093068,0.05150489831512224
0.457875,-0.3543095021652001,-0.0683692244270304
0.458,-0.17167709668543715,-0.34320039909662664
0.458125,0.18261663881812895,-0.43623787386552504
0.45825,0.3860869195660974,-0.3271406722031885
0.458375,0.25643441964962005,-0.10953238518689723
0.4585,-0.007427703787733329,-0.15451528685321486
0.458625,0.046280344623222974,-0.1980854209386399
0.45875,0.24318845452596016,-0.19276314946642345
0.458875,0.4126832519062074,-0.19530397435132796
0.459,0.3758034272353542,-0.251764518195001
0.459125,0.25850639713750767,-0.3180192913038761
0.45925,0.19767685131147114,-0.15599912947057518
0.459375,0.15516566193624665,0.16632163489812424
0.4595,0.16524656684575023,0.3738083812472232
0.459625,0.21150459574381394,0.21487977720502432
0.45975,0.272527231117542,0.000635034972638763
0.459875,0.23700000663709714,0.02727935239731758
0.46,0.2017150479935227,0.21434526268562298
0.460125,0.15187429017206003,0.3882432073466883
0.46025,0.2255456141907981,0.3612097426478301
0.460375,0.408581971625194,0.2391292340548083
0.4605,0.4250899394196016,0.1406993192263303
0.460625,0.16011568291743875,0.1332424913762339
0.46075,-0.1861338485107051,0.16854875330031477
0.460875,-0.392928651475806,0.1738921296668739
0.461,-0.27909034315325204,0.24697347275245285
0.461125,-0.19769793182054865,0.23535109468014556
0.46125,-0.1742396205265551,0.16582062863922262
0.461375,-0.12222643404081325,0.17179206151747067
0.4615,0.08314284736851617,0.24843313373561693
0.461625,0.10623178405900562,0.41135000249006964
0.46175,0.04761398200801007,0.369980611614814
0.461875,-0.0819128673034741,0.1659919691810836
0.462,-0.010179280578675957,-0.1339587792331573
0.462125,0.20589268596758514,-0.31617634429288277
0.46225,0.26477054567908914,-0.24995690513077157
0.462375,0.14706753091068697,-0.10369173935527828
0.4625,-0.002607456004359851,-0.11729451047497255
0.462625,-0.0304812680987112,-0.10016859912747962
0.46275,0.05527717571820486,0.010356820581945581
0.462875,0.15250943348513327,0.06462606816589457
0.463,0.15370013203735808,0.05120475671992306
0.463125,0.14028214931568508,-0.08356452864175529
0.46325,0.12905579036798295,0.021611314626749648
0.463375,0.1389697678651882,0.15701655638663758
0.4635,0.1110107685731497,0.21988433511959657
0.463625,0.0684720025830764,0.1568698256338405
0.46375,0.022617221630687214,0.0008389090550382313
0.463875,0.05744183189585379,-0.003660422357394044
0.464,-0.01510291840717328,0.01668170259617522
0.464125,-0.14682656149525888,0.16231849193304604
0.46425,-0.21690576120189103,0.17822201124095524
0.464375,-0.3858763409237245,0.037229002290097714
0.4645,-0.36384160840623486,0.08692229933777615
0.464625,-0.4951345403561559,0.11353930066815099
0.46475,-0.5173271451913658,0.09362563297465352
0.464875,-0.45681613953089484,0.06288566236353539
0.465,-0.20341317398565345,0.03538102276477685
0.465125,-0.13571924679028888,0.025199741483970486
0.46525,-0.28284676787744495,-0.03592223294710697
0.465375,-0.48022337565364986,-0.13921965163368238
0.4655,-0.5551141714459649,-0.2149341947865854
0.465625,-0.40520448443768486,-0.32523110865860033
0.46575,-0.1547897557849095,-0.341101892830961
0.465875,-0.002299814904752889,-0.4294105136729603
0.466,-0.06187510573922979,-0.4683735440004011
0.466125,-0.02142094234880726,-0.32491160671325664
0.46625,0.02712942835555555,-0.16435050880867097
0.466375,0.1217844731008939,-0.06748594929601347
0.4665,-0.03479636250779933,-0.23390937959869804
0.466625,-0.1334512716179417,-0.433022593669914
0.46675,-0.16611323557365193,-0.4470782235848067
0.466875,-0.08467078281465161,-0.36429860065620046
0.467,0.02555645845475668,-0.11839499356987798
0.467125,0.20857588979184455,-0.03663294333518629
0.46725,0.3474009077974411,-0.0588122516948367
0.467375,0.43474966893125583,-0.006482600857686566
0.4675,0.3802340487960208,0.013534317099882414
0.467625,0.4250448449418927,0.06876445181465506
0.46775,0.4681225975927001,-0.022286343269891595
0.467875,0.31182243229363926,-0.120168134846466
0.468,0.04626066321259027,-0.15177994454232208
0.468125,-0.10179224972274195,-0.11462732618508395
0.46825,-0.11338760302616764,0.017915970425547482
0.468375,0.0984336759074331,0.2132347614768323
0.4685,0.22594692947461875,0.33780423233421125
0.468625,0.41364214987092296,0.34217262984954266
0.46875,0.3988560294510336,0.33594791611786223
0.468875,0.09978312723279224,0.3807923076327874
0.469,0.012440594683437172,0.36783645783975427
0.469125,0.017991018453334916,0.25300000953529783
0.46925,0.17190375405731714,0.027923298916580203
0.469375,0.3189482550091653,-0.10129839280850196
0.4695,0.21356676276506745,-0.11619549349417914
0.469625,0.04107815361971628,0.034478398439860135
0.46975,-0.04939178062257674,0.19045062386034767
0.469875,-0.03219382454950503,0.3943282424709158
0.47,0.10938853351930987,0.329144267021248
0.470125,0.13199452397891773,0.1340888758767656
0.47025,0.12261910286435812,-0.034798565718727144
0.470375,-0.024727284674724504,-0.04062449684191064
0.4705,-0.19328812169689957,0.12557324431653044
0.470625,-0.28061461258141546,0.27428183842148296
0.47075,-0.058902295922784974,0.2454433628376425
0.470875,0.34125122824179144,0.03508888668832035
0.471,0.5529814988481873,-0.050763067467436446
0.471125,0.24361829506807434,-0.08083307012483276
0.47125,-0.15698265690233712,0.1046880318546418
0.471375,-0.2175731723263236,0.12036297307379067
0.4715,-0.06618123108491897,0.10429952596804555
0.471625,0.1206348458704758,-0.026705626840685486
0.47175,0.046522464306015004,-0.15911061757303477
0.471875,-0.01059669115241573,-0.24507304796534293
0.472,0.03593875849488326,-0.039514641192133645
0.472125,0.07420116589656335,0.3556653206976721
0.47225,-0.1335984053734449,0.469630131891759
0.472375,-0.37248342456946004,0.19017744707869344
0.4725,-0.37470641301052054,-0.0708680543216985
0.472625,-0.3226331922560663,-0.18003633265751953
0.47275,-0.2621260984792175,-0.06033340768417812
0.472875,-0.19959421841291555,0.052383847560326637
0.473,-0.15530983494751804,0.026710029535496754
0.473125,-0.06699661508060471,0.014480983870696663
0.47325,-0.14143280443279488,0.006938586068146451
0.473375,-0.2935791389072461,0.03565810554323622
0.4735,-0.3960884664060952,-0.10411334250783154
0.473625,-0.5118340712121531,-0.32411669745188587
0.47375,-0.586803507298038,-0.3948502868242743
0.473875,-0.6942934018446865,-0.3085969921953581
0.474,-0.508690893140327,-0.20573382914996186
0.474125,-0.20238456231702878,-0.23939400073231112
0.47425,0.19507459495721688,-0.13142067324438444
0.474375,0.3094715696381733,-0.11497323195749559
0.4745,0.21777221103460775,-0.10647482137734485
0.474625,0.06213715578862617,-0.2286438784386562
0.47475,-0.06389491389702626,-0.3488851712207241
0.474875,-0.07633568531646905,-0.4397346323754436
0.475,-0.14606542652081764,-0.5520734958290866
0.475125,-0.1700250343878757,-0.5882429815524205
0.47525,-0.10986757669146394,-0.47050020292656786
0.475375,-0.023159919339065638,-0.17385617298849163
0.4755,-0.02154440618475891,0.16798046048641757
0.475625,0.019184180768342485,0.29283028026978
0.47575,0.2975196870140336,0.2427270184403703
0.475875,0.6674344562225853,0.0428038965528192
0.476,0.8574889997866794,-0.10202265950132289
0.476125,0.5882818551322465,-0.06020118325408217
0.47625,0.22111823848097506,-0.12046321705106271
0.476375,-0.012208965705161105,-0.18110170365105377
0.4765,0.060754094996871316,-0.05548811037264358
0.476625,0.17438158583912702,0.012626540091972095
0.47675,0.2941917251559572,-0.0455925737669808
0.476875,0.33262825961079634,0.03269556840107871
0.477,0.21144677178069587,0.24317784046353588
0.477125,0.05820676816429921,0.6052656735936587
0.47725,0.0032369034533509056,0.7559581176175942
0.477375,0.11561169292130735,0.5659047092703828
0.4775,0.15440788436470526,0.1970221713206956
0.477625,0.28716868225308256,0.01316040126473052
0.47775,0.34383395713196474,0.08659219017776298
0.477875,0.3391207898695913,0.14856277167718582
0.478,0.2575628365126831,0.2697609186596745
0.478125,0.09422928819545562,0.3171854038815609
0.47825,-0.0009585126712694449,0.21155148244716085
0.478375,0.004066004859658208,0.05701608427261209
0.4785,-0.07185465113820381,-0.016057501925002785
0.478625,-0.1306286127736108,0.06499571623412657
0.47875,-0.40419494666520794,0.2097321716269023
0.478875,-0.36666048930739176,0.25334006641394885
0.479,-0.11488083168934855,0.29021939525358253
0.479125,0.0628683401564491,0.3337488454747837
0.47925,0.09324592321312636,0.20378027715790503
0.479375,-0.1258270418554523,0.11384069334506443
0.4795,-0.24584441025150525,0.0627955651946501
0.479625,-0.164614348872696,-0.018223035523143468
0.47975,0.01174797264732224,-0.07059976432743087
0.479875,-0.025777380769826184,-0.16393224804996892
0.48,-0.1288391782148918,-0.28466851661113
0.480125,-0.15213257737107017,-0.3439116450331035
0.48025,0.06249301335649311,-0.12511325822224095
0.480375,0.17620545061062406,0.08172559811966369
0.4805,0.12075045796611653,0.111027707957916
0.480625,-0.03751171070451788,-0.09530409734616008
0.48075,-0.14087286322486653,-0.16283090963611646
0.480875,-0.13361387811931194,-0.07910793817894105
0.481,-0.15129876793661828,0.06431790257180837
0.481125,-0.1605984649882983,-0.028715785401588097
0.48125,-0.18543912434640406,-0.16334525669941757
0.481375,-0.1936362133335525,-0.12935332759008192
0.4815,-0.05791363812014837,0.002594704114810373
0.481625,0.010432667823777263,0.18557759080814665
0.48175,-0.020483696971697912,0.08853057975418928
0.481875,-0.19170292039432643,-0.026592726514672572
0.482,-0.3582794390648714,-0.10858897967939175
0.482125,-0.2918218044511425,-0.08007580234590861
0.48225,-0.20820701773094857,-0.0779912604593106
0.482375,-0.2951245392789047,-0.10758972465158302
0.4825,-0.4485841097144013,-0.21508525616593402
0.482625,-0.41974205384030316,-0.20236275766094322
0.48275,-0.23885073335858067,-0.06337459329789415
0.482875,-0.06707553626515729,0.0316252231170148
0.483,-0.11890017482126604,-0.00540246527702571
0.483125,-0.17742221185898735,-0.19159118657475652
0.48325,-0.04129730939883347,-0.2944434324839772
0.483375,0.17407287510604263,-0.2782531907816891
0.4835,0.197110686828392,-0.15403241293804878
0.483625,0.04729110336990671,-0.2382178068096881
0.48375,-0.0779933454513197,-0.368553222650121
0.483875,-0.0673468933141571,-0.39448510889653254
0.484,0.03003167245660301,-0.21158577968605097
0.484125,0.24867697174749798,-0.0745820062149701
0.48425,0.36417628432747456,-0.13617234774640088
0.484375,0.3701725369260504,-0.1519782128241455
0.4845,0.33946230545645706,-0.05334730147892344
0.484625,0.473609086712949,0.15049196015451718
0.48475,0.6572049610839178,0.18877349252712602
0.484875,0.5545434738003142,-0.005819131928864427
0.485,0.16815910456597985,-0.04318851821278571
0.485125,-0.07882983336809891,-0.05919365341355623
0.48525,-0.043141051704728775,0.018812546623105973
0.485375,0.15200363317006738,0.20015523577001867
0.4855,0.10674709847485367,0.3224741703449041
0.485625,-0.0574087980026825,0.3305266582255865
0.48575,-0.24039976081675915,0.3282264097162747
0.485875,-0.1923713785876146,0.4479641466461081
0.486,-0.014816086817395026,0.5210330671162571
0.486125,0.21236962191440156,0.4655803417071658
0.48625,0.31766274261281374,0.15911369691274546
0.486375,0.30010099762304915,-0.049355198744218606
0.4865,0.1746828832258931,-0.003902685304153305
0.486625,0.1655624050962039,0.12332193771007495
0.48675,0.08804670920375793,0.10807392590063371
0.486875,-0.023071517543770705,-0.08735049277575122
0.487,-0.005357339554498821,-0.24399780777996552
0.487125,0.04124241192801094,-0.24557781369701434
0.48725,-0.0195056421912329,-0.05090524513875914
0.487375,0.03729539449153566,0.211045866525282
0.4875,0.05387705044042912,0.2692925034949446
0.487625,0.22483195557658958,0.2706532840378174
0.48775,0.4120377662943278,0.17082695593122904
0.487875,0.3525033411144954,0.08991959562868872
0.488,0.006529398979380227,0.0192588159394893
0.488125,-0.2525523481650879,-0.02708916056161916
0.48825,-0.1888072559111254,-0.022114522222940136
0.488375,-0.06242266541066066,0.008634073646518182
0.4885,-0.07644852118660371,0.03682595539637821
0.488625,-0.3094557437820828,0.0015824321808173775
0.48875,-0.40031636125103326,0.02993995358382534
0.488875,-0.20181302276622914,0.22805538365227349
0.489,0.04805349148865855,0.3489436511888905
0.489125,0.21675643345475307,0.2694740194839189
0.48925,0.14126895988861296,0.03661519636203488
0.489375,-0.13937256307370313,-0.1742557541251969
0.4895,-0.31141139614621377,-0.12911097322018403
0.489625,-0.3138836699706791,-0.03204658686715294
0.48975,-0.13216911127278336,-0.11444885941962196
0.489875,-0.11009110080008809,-0.3211593474935253
0.49,-0.07151788839514195,-0.3627989938623564
0.490125,-0.14547664738565624,-0.16481588361030156
0.49025,-0.3598213778622519,0.10044381412559064
0.490375,-0.6726510241534288,0.22485463285595775
0.4905,-0.6518579865918295,0.08151283606024837
0.490625,-0.41774416148820454,-0.11303248350109932
0.49075,-0.08160545734838533,-0.26381175000582024
0.490875,-0.10652724983424712,-0.30269474320164064
0.491,-0.4974421784298432,-0.1954595031520252
0.491125,-0.6058110073082271,-0.08163304476446541
0.49125,-0.3154239336400752,-0.10893371303347495
0.491375,-0.027399135233701587,-0.16275101374645484
0.4915,-0.014989753781889877,-0.3300937857150092
0.491625,-0.1485957238291746,-0.613100109017176
0.49175,-0.07776519286415409,-0.6481038546568928
0.491875,0.24603960249637383,-0.35544864390376807
0.492,0.4438881400277306,-0.08591046540308976
0.492125,0.33772780263491636,-0.12635804657516053
0.49225,0.28075879706667817,-0.47821587751063643
0.492375,0.3144401078868748,-0.5508961543791716
0.4925,0.39672427480101485,-0.29622635267507447
0.492625,0.3945640275347055,-0.06191817965087633
0.49275,0.26435709548423925,-0.04995012467365632
0.492875,0.1478945831480773,-0.15380886954813525
0.493,0.2160259141779279,-0.05539883950852257
0.493125,0.27423805488837416,0.23378756067444062
0.49325,0.32717716374903655,0.35898955384481346
0.493375,0.44963629515455056,0.33227989275699077
0.4935,0.4509655164062647,0.2642895778788858
0.493625,0.30706834432155883,0.2699309895394671
0.49375,0.1840746899548078,0.3900634130621164
0.493875,0.1941274216836373,0.35864738796223944
0.494,0.3224505866030217,0.21139892189122475
0.494125,0.3435544567364036,0.14677483572706987
0.49425,0.1301309385763076,0.19768700229676162
0.494375,-0.023441778012956695,0.2724969593724328
0.4945,-0.14787288917805363,0.3750960124109116
0.494625,-0.12115437003887188,0.39159886736418364
0.49475,-0.04026283872837729,0.34316856716653016
0.494875,0.10501010656996021,0.27122120347961215
0.495,0.1277408253492489,0.15939818098906783
0.495125,0.015115223455656995,0.17280144233116965
0.49525,-0.16534984495818159,0.28265068848116787
0.495375,-0.2585740937296289,0.3139849696520978
0.4955,-0.19381472495360727,0.1818823886365332
0.495625,0.05107072898291772,0.04275748582783643
0.49575,0.10035424421441921,-0.09991846517243524
0.495875,-0.03157785330722739,-0.13118179873199412
0.496,-0.24161230348602836,0.035072651138173046
0.496125,-0.2661019669496329,0.08079638840062903
0.49625,-0.13054269903196628,0.11841995018773784
0.496375,-0.062472630837560494,0.01234375550801811
0.4965,-0.0425521748364968,-0.15045547076191415
0.496625,-0.1511531407382528,-0.27514047192170066
0.49675,-0.21078904450136793,-0.19838288299009968
0.496875,-0.2195073119782511,-0.024236038782002773
0.497,0.14340284134867282,0.039601848189061345
0.497125,0.3134696014141709,-0.06083231732597366
0.49725,0.3642806177898415,-0.2068998759665217
0.497375,0.1793287371518981,-0.27284222868875935
0.4975,-0.029963764711910378,-0.180722808761553
0.497625,-0.2794393963864586,-0.057264723334509014
0.49775,-0.28590671755350994,-0.038094015939377786
0.497875,-0.03126938306874051,-0.11203265745429142
0.498,0.25019650182292835,-0.1871240293882109
0.498125,0.24071335476025568,-0.1169564346908918
0.49825,-0.20377738843549623,0.08860368484152824
0.498375,-0.32639611597750845,0.2620368986552312
0.4985,-0.2615458216048122,0.3043819996575755
0.498625,-0.04996617711290453,0.15742896625849406
0.49875,-0.22909837495010985,-0.02338374289831247
0.498875,-0.5684698363219094,-0.22274868875782264
0.499,-0.6374474156818645,-0.24023633112008544
0.499125,-0.1957374135148933,-0.03864733438225863
0.49925,-0.0896801321380839,0.21223043734656144
0.499375,-0.39138284714989524,0.18285140554966672
0.4995,-0.7925222535989462,-0.18100901310330758
0.499625,-0.713341284734111,-0.32507147603291187
0.49975,-0.2533623616252843,-0.18777333787765352
0.499875,0.19762044780701057,-0.024513779938691124
0.5,0.23960645899542093,-0.19805637209278282
0.500125,0.09846809724162608,-0.49637679974195154
0.50025,0.0321032217788711,-0.5268270080175859
0.500375,0.07971322982017928,-0.2091976227284796
0.5005,0.13207875743527916,-0.06750951787007252
0.500625,0.0561214115999529,-0.3499789119479307
0.50075,0.05658057653946094,-0.7011766432861105
0.500875,0.05582129041766125,-0.6455670948403983
0.501,0.20666838669503101,-0.14003472615382778
0.501125,0.29205367106538505,0.17429961699097693
0.50125,0.5557269555624561,0.19708036814335442
0.501375,0.6680147706611904,0.09211286231130644
0.5015,0.5705678535743268,0.02490592337230109
0.501625,0.3871635063954594,0.13985799912417796
0.50175,0.2552473380814496,0.11281100833007408
0.501875,0.14021925654925183,0.07936532874538642
0.502,0.0911109692617685,0.021168175097330932
0.502125,0.17112195752219148,0.05594377174263431
0.50225,0.13688492481519132,0.1162325545238688
0.502375,0.02140242546171412,0.31544771952030837
0.5025,0.004034557501045669,0.47630337814965595
0.502625,0.07020686225450809,0.6171592079188057
0.50275,0.06404337935511224,0.49033468424085347
0.502875,0.11499166448211864,0.33777642726772134
0.503,0.15208642436992717,0.23927699081226886
0.503125,0.33832584543996885,0.16899255919334186
0.50325,0.4596385829175675,0.11724550685218221
0.503375,0.33002451560543683,0.15331405895467948
0.5035,0.004498419218267213,0.15337804980828307
0.503625,-0.24775719672638985,0.05429807981976192
0.50375,-0.10101694494919412,0.054124480607148584
0.503875,0.22031671189818575,0.018297436522572753
0.504,0.429433959169351,0.1162380281877421
0.504125,0.26338281305923605,0.120572112536702
0.50425,-0.22904729419495787,0.17005358010689192
0.504375,-0.7775670431080862,0.3053302395162468
0.5045,-0.8028541763887105,0.4615786549360494
0.504625,-0.4421002995718997,0.26345900988243987
0.50475,-0.00845653670730815,-0.027658272133458034
0.504875,0.07662118900268224,-0.1851454628186276
0.505,0.03162761825170124,-0.06936238520390123
0.505125,-0.1809782806754443,0.19284942393771998
0.50525,-0.2385012737506472,0.35523114513099263
0.505375,-0.18750116816025628,0.16277098522478725
0.5055,-0.0639844791305092,-0.2581379339808514
0.505625,-0.05385638634094167,-0.6176581284443542
0.50575,-0.06334145764008069,-0.6736762465691031
0.505875,0.06172325482717277,-0.3734895762155246
0.506,0.2545239850176107,-0.05832305792461141
0.506125,0.24756082171366522,0.09511211889686967
0.50625,0.14868395824486746,-0.050740697702889664
0.506375,-0.1359263013567175,-0.16638639894226048
0.5065,-0.2185738773189117,-0.21802285227481713
0.506625,-0.24763294431940092,-0.1490450608944317
0.50675,-0.2773625033807599,-0.10257050734699422
0.506875,-0.22813274591261712,-0.045725697340350216
0.507,-0.21189968816205418,0.030229717928494552
0.507125,-0.26981447366127315,0.0642608719616849
0.50725,-0.33356188178471213,0.2162731800786649
0.507375,-0.44662800273179765,0.25050086870551325
0.5075,-0.35092366230328115,0.1047847967717305
0.507625,-0.21964876495868618,-0.1035695587303185
0.50775,-0.18968795184506235,-0.22475088693859374
0.507875,-0.28335701042245676,-0.24209087742251623
0.508,-0.32728546686963705,-0.26573962840053483
0.508125,-0.34835996737923497,-0.20334848816361925
0.50825,-0.2077413153991063,-0.22886278144848848
0.508375,-0.08455850008555617,-0.21586461294559348
0.5085,0.1700293891418116,-0.2731492330585172
0.508625,0.2222605508972882,-0.3765370121648273
0.50875,0.30824341954618756,-0.33038091861609853
0.508875,0.2917441139796565,-0.21482565244252533
0.509,0.35172693706480745,-0.12203118933366718
0.509125,0.18674792969752005,-0.3041671480690174
0.50925,0.1402552694642247,-0.306810562057795
0.509375,0.3576612011132635,-0.286756918123872
0.5095,0.4427311785395522,-0.19192372774485955
0.509625,0.4655390194923442,-0.0023983762869566553
0.50975,0.27602917638339575,0.11228883431048492
0.509875,0.12409487709870137,0.22688963561301898
0.51,0.1705946168519949,0.2652028080816008
0.510125,0.2783772838199078,0.24647779940405398
0.51025,0.3099797830811693,0.24749468857752047
0.510375,0.2330088626288133,0.15503610178144517
0.5105,0.1493678642924744,0.16983059775762238
0.510625,0.11544372624347544,0.32150582733950733
0.51075,-0.11803582925319685,0.3975236242443153
0.510875,-0.3152033675725758,0.42997596533352084
0.511,-0.3512902718744746,0.25912544884316674
0.511125,-0.18299287844374137,0.17026113415594704
0.51125,-0.008854145684782403,0.19783008447448056
0.511375,0.19757483368622378,0.23978062457434762
0.5115,0.24759219411395617,0.2832713549347944
0.511625,0.2225270802558819,0.2418120103323605
0.51175,0.21513360003190055,0.1843778510471816
0.511875,0.2242555828858795,0.07881366237500696
0.512,0.20085545396945526,-0.0670560387347183
0.512125,0.23453043438594037,-0.24989069836544212
0.51225,0.16875525677616438,-0.32490088362242375
0.512375,0.09551693540015661,-0.14121727668402678
0.5125,0.04465518528922872,0.03721512213803966
0.512625,-0.03109020869269443,0.15831943687128336
0.51275,-0.07060128981930144,0.18675919894622245
0.512875,-0.13948731373940293,0.1601422125149535
0.513,-0.14618036353030842,0.17124236761998107
0.513125,-0.04734765230765883,0.16105473672074627
0.51325,-0.025935983198262992,0.141338539589194
0.513375,-0.1382472604863338,0.1902729212321495
0.5135,-0.38041278766650843,0.18617042611245238
0.513625,-0.5204372670414068,0.1463935319266407
0.51375,-0.36015370460471213,0.12577364843830957
0.513875,0.05697856121143278,-0.06646878464320406
0.514,0.20690617606397183,-0.06670510461843694
0.514125,0.14881440536301108,-0.10878619365559
0.51425,0.02525443680185511,-0.11604732309341446
0.514375,0.03902265738199038,-0.02876526672324087
0.5145,0.08531767588651891,0.042005362730220354
0.514625,0.04105746659960072,-0.12908758432347553
0.51475,-0.1673863549407848,-0.33878044125331525
0.514875,-0.34194478549801277,-0.46670676390421945
0.515,-0.5524224513460647,-0.30807687137923245
0.515125,-0.5476517398166519,0.026445296190035293
0.51525,-0.3050329249074046,0.12858290871906872
0.515375,-0.03295022222079365,0.12481697888181296
0.5155,-0.04215315862947507,-0.004089165773361224
0.515625,-0.25944199045876326,0.0739505490732838
0.51575,-0.745252149451284,0.07076054466919487
0.515875,-0.7558059287861782,0.05458013298821044
0.516,-0.47206221446165253,-0.11365598330855535
0.516125,-0.02263546185932668,-0.345957500841925
0.51625,-0.03850671767487742,-0.46363676294274403
0.516375,-0.1670935867402141,-0.4740896156303767
0.5165,-0.2046093807187737,-0.28407559678046734
0.516625,-0.003390439433234192,-0.012427165998579095
0.51675,0.28673701519501477,-0.038214665248246384
0.516875,0.360227986737406,-0.3513118688838368
0.517,0.32978510318323145,-0.7184963182012014
0.517125,0.2757478578853228,-0.6233643079420703
0.51725,0.12472475258934926,-0.37721264676419947
0.517375,0.09591451597656031,-0.023506235141986905
0.5175,0.0830395628812782,0.0118732030295527
0.517625,0.14334666286839576,-0.10311277124109429
0.51775,0.3754987691836353,-0.19181633696436978
0.517875,0.5666027612005934,-0.030503749840148316
0.518,0.6653011677038004,0.24626100365940173
0.518125,0.6934553612923112,0.34270779270481955
0.51825,0.6005791007927429,0.27669263579396797
0.518375,0.49681048643379827,0.1743093746104581
0.5185,0.3463587782689255,0.1667446964280086
0.518625,0.20681021905990235,0.08310918413598825
0.51875,0.10646988550147067,0.07645033685524925
0.518875,-0.05662446555208003,0.16018394598545235
0.519,-0.13175235267103738,0.33242677706811424
0.519125,-0.15840145788479543,0.4718937688510353
0.51925,0.020023242916242776,0.5865996692711857
0.519375,0.03340552492461361,0.5830617986627867
0.5195,-0.08441598014642795,0.5678172565474475
0.519625,-0.22911134509259518,0.45978444338191726
0.51975,-0.12988339806792745,0.2862258499822177
0.519875,-0.040014559237203345,0.2354547966240989
0.52,-0.1292215684743024,0.1053430986166956
0.520125,-0.2468963728037561,0.0026312327415053053
0.52025,-0.03997759372321114,-0.1736981395267467
0.520375,0.2387281919274771,-0.11375089171271356
0.5205,0.22876828281628028,-0.02574738633263484
0.520625,0.018950587660382295,0.0752555087206627
0.52075,-0.11486504249836067,-0.12208676775975823
0.520875,0.16668883684986088,-0.2648119283042762
0.521,0.22843104772187323,-0.12602794639803297
0.521125,0.08072933606756995,-0.006033964372227748
0.52125,-0.02923978101580677,-0.06645387737665152
0.521375,0.02978695067402341,-0.19568258358033777
0.5215,0.29821389566515927,-0.07405057707714742
0.521625,0.3476240875309015,0.1364647884798761
0.52175,-0.013962556065585644,0.2537231322143731
0.521875,-0.38196264237112293,0.04199848731239046
0.522,-0.38174555473448185,-0.0745211291707984
0.522125,-0.14091633020932967,0.09503419377470176
0.52225,0.09383579311363398,0.19008368025970684
0.522375,0.057427323707440366,0.06293665560493297
0.5225,-0.1997129451289883,-0.07792944483704037
0.522625,-0.3503045351425296,0.03834368436125462
0.52275,-0.25817143775879736,0.2274179113661677
0.522875,-0.05800109233812386,0.32716323642109013
0.523,0.062039268805755686,9.77597958287729e-05
0.523125,-0.12265163240152561,-0.3027121441062316
0.52325,-0.49590397965570504,-0.3344374088947902
0.523375,-0.6284439103902474,-0.1445222399920775
0.5235,-0.5132808220010842,0.08278727745207673
0.523625,-0.10685771105414107,0.05538025447136306
0.52375,0.18164653252565519,-0.1633850954675314
0.523875,0.21185311444522742,-0.3431927574437536
0.524,-0.004321265716851653,-0.24639851954745012
0.524125,-0.2746698422673958,-0.00527031980925463
0.52425,-0.4140357686889609,0.08625330110035453
0.524375,-0.5182130367144245,-0.1446913780638569
0.5245,-0.46000405159875796,-0.40786526690797936
0.524625,-0.3237181930910176,-0.5469786235170089
0.52475,-0.19950783368835207,-0.4535148837923778
0.524875,-0.0926945337240801,-0.13579439569158924
0.525,0.007040216518486013,0.16637451112323975
0.525125,-0.025671590219280227,0.20175542404475155
0.52525,-0.10275312347084938,-0.02888271353448767
0.525375,-0.13446435177023344,-0.22612275686891095
0.5255,0.08717023760182395,-0.35899310089536857
0.525625,0.4234037568738544,-0.46722442533965863
0.52575,0.7531071040630208,-0.3613375274436278
0.525875,0.6496491277006955,-0.24902909649219357
0.526,0.3503395633777416,-0.13219146467998755
0.526125,0.23398834751622452,-0.1006366403062621
0.52625,0.365636440200982,0.015822584022208527
0.526375,0.5715485497687234,-0.01991152744336693
0.5265,0.4279143778646282,-0.08631218575572747
0.526625,0.2075841500253613,-0.13603539405775789
0.52675,0.05654615833736531,0.11325235480414594
0.526875,0.18966704521547445,0.42870315097210354
0.527,0.36115207056993276,0.6655321988768202
0.527125,0.31376773560177473,0.5632760748031115
0.52725,0.08274308308365191,0.28073916769585155
0.527375,-0.061184309013345026,0.19226448174173025
0.5275,-0.21577904987773344,0.33909272287930464
0.527625,-0.23806519807106902,0.5086466842621732
0.52775,-0.0871689291224884,0.3792993384710231
0.527875,0.10824042725863246,0.1473094299084162
0.528,0.11980338012471332,0.09465320581511745
0.528125,-0.09897767023444005,0.2148069235266994
0.52825,-0.3192676363888095,0.3557583632166081
0.528375,-0.1282647349914665,0.27307982002374837
0.5285,0.22030720334168807,0.11571553297029175
0.528625,0.4263164064631442,-0.06434108231735032
0.52875,0.3532162294321993,-0.14999491886844288
0.528875,0.0675598118468861,-0.2313526692124975
0.529,0.08771361119879556,-0.07933450615573157
0.529125,0.1111607387740306,0.11423350798056973
0.52925,-0.07410812259107505,0.10712754802758977
0.529375,-0.17191644466994904,-0.08855203930891088
0.5295,-0.07157788242990207,-0.2770830443804078
0.529625,0.15716553080979698,-0.15776888776728504
0.52975,0.140223565093324,0.1952826506394214
0.529875,-0.19447783073075256,0.39943560529828476
0.53,-0.46057908159021277,0.3127017441736084
0.530125,-0.4479604216827544,0.13760095844069375
0.53025,-0.2805695011751713,0.06556635621575917
0.530375,-0.06945878560710594,0.055115852903126775
0.5305,0.03919387547271602,-0.06431359817341856
0.530625,0.05305493371313786,-0.16493931690432245
0.53075,-0.0133791899683081,-0.03217507049844228
0.530875,0.013988477449465986,0.11795645554344168
0.531,0.07724205478155721,0.1130330387198573
0.531125,0.1676723521609389,-0.18779043254753788
0.53125,0.13698739423169268,-0.4252734093440393
0.531375,-0.029590442805931018,-0.3907950955832165
0.5315,-0.16308404068669444,-0.20725200445004116
0.531625,-0.29846710710479096,-0.054101525395799474
0.53175,-0.3768987797289503,0.03165311089931231
0.531875,-0.47555877702714977,0.053029875888498126
0.532,-0.4856516383868273,0.0682262051878592
0.532125,-0.39737705199801443,0.05284163871168607
0.53225,-0.21547417667469176,0.09744092009455729
0.532375,-0.12298882075974857,0.17682297109503256
0.5325,-0.2637538497439314,0.12406975460910746
0.532625,-0.4204898873256576,-0.04498440848395466
0.53275,-0.4910719470358263,-0.15664857774015076
0.532875,-0.31993823921033593,-0.2005717061226393
0.533,-0.017567947412970474,-0.37229255254092636
0.533125,0.1824392533927808,-0.4411011094711147
0.53325,0.0551814260076187,-0.4809489664224386
0.533375,-0.1666968012141902,-0.32891026002330026
0.5335,-0.35992719127733175,-0.1635029348424596
0.533625,-0.23661157994942958,-0.15536051325920558
0.53375,-0.007830507794844349,-0.22238277373049994
0.533875,0.29287666977775484,-0.35904986556249896
0.534,0.4468136279269482,-0.4334625793476586
0.534125,0.42758688372069753,-0.33379082343799715
0.53425,0.45158027835467246,-0.006883881700210188
0.534375,0.4975386109128718,0.17895134224221906
0.5345,0.4565724406539702,0.10281105553466573
0.534625,0.35192000422652014,-0.19478757904904184
0.53475,0.2287029317480749,-0.3732580376555431
0.534875,0.15619168773494482,-0.24933954180150972
0.535,0.2347388157283856,0.046609416865746246
0.535125,0.39348903015881176,0.3101844010928977
0.53525,0.22687961241144303,0.3929173730177347
0.535375,-0.02246167847606502,0.4504447715468129
0.5355,-0.10208599151884908,0.4645041420466194
0.535625,0.07207588112094888,0.3777225236232294
0.53575,0.17469675423503755,0.41756759192026593
0.535875,0.1806148927455411,0.328172267211986
0.536,0.08875535436734276,0.18320297338302877
0.536125,0.12268645579943664,0.1623071736449319
0.53625,0.1098751689118758,0.23678971457623588
0.536375,0.08967936749765089,0.35247617176726104
0.5365,0.08920314206584147,0.23622691412439903
0.536625,0.1998806073450243,-0.005763837100029776
0.53675,0.25531369728381476,-0.0664849245860075
0.536875,0.15119036904650454,0.08482806339187135
0.537,-0.054046510395253024,0.15639660170956252
0.537125,-0.21776447231735455,0.18662804706263272
0.53725,-0.26424548976269546,0.07932303777019291
0.537375,-0.29678023142715576,0.11230185289226367
0.5375,-0.09366483944084633,0.15518150988775883
0.537625,0.08005801420635768,0.08395193291479572
0.53775,0.048348797647095515,0.08570567847018641
0.537875,-0.12907838129277466,0.14481904490706476
0.538,-0.35359047686385336,0.20613633455125702
0.538125,-0.32128042697174636,0.1081348020997108
0.53825,-0.15348270710315584,-0.13600972606982642
0.538375,-0.06246631200687564,-0.22627740769261392
0.5385,0.03485814752008721,-0.28202615375590817
0.538625,0.14487063418581508,-0.2110127698282061
0.53875,0.22340775485664402,-0.13313246875130114
0.538875,0.23585681325164679,0.04706240143101201
0.539,0.05929555045504673,0.05539537786318506
0.539125,-0.10444675106285994,-0.14492976855006676
0.53925,-0.06478341441995449,-0.3190009747695136
0.539375,0.09075756566339059,-0.2908190662643333
0.5395,0.12501598965068858,-0.11186808792278094
0.539625,0.024599948366861624,0.0014531454137019474
0.53975,-0.15456842593587936,0.04728978995046837
0.539875,-0.30295440499261395,0.14910373692411977
0.54,-0.37200043230020374,0.23505911977038493
0.540125,-0.3121859049660544,0.15285812375280253
0.54025,-0.25014402879653286,0.040900414244834996
0.540375,-0.22585847694114086,-0.11527899053727401
0.5405,-0.20689862442532742,-0.10822262156710298
0.540625,-0.16408243224708785,0.034527128076670355
0.54075,-0.3302435289211035,0.11336665637321534
0.540875,-0.5178809976372357,-0.04042310407372065
0.541,-0.6558588833707764,-0.17682416562226272
0.541125,-0.605796205541861,-0.31014325783586805
0.54125,-0.33625161991844094,-0.3082984760601336
0.541375,-0.006146287835480155,-0.29406700915789213
0.5415,0.13682238387717888,-0.21055349296158185
0.541625,0.17950436785879115,-0.21832694715510714
0.54175,0.01883468962025659,-0.12052220690998675
0.541875,0.1253084982510796,-0.15936015564070688
0.542,0.3131513055497769,-0.2937841158083838
0.542125,0.3952748725776718,-0.47547097265676935
0.54225,0.18259118377982902,-0.593532518717402
0.542375,0.03348785651806627,-0.5514715716049781
0.5425,-0.022143850196216015,-0.31762089303817503
0.542625,-0.002740903701592997,-0.042500930177918644
0.54275,0.021160003725662336,0.12039414392022577
0.542875,0.26946535700916807,0.09920452192223295
0.543,0.6013714219141463,0.09516330545594595
0.543125,0.761168204863513,0.14165085896003343
0.54325,0.5220972603629331,0.3193295645314116
0.543375,0.2059507045231003,0.31023639202057346
0.5435,0.0333394680968478,0.16062459107466193
0.543625,0.2004363184433132,0.01429935694429998
0.54375,0.2639979762475356,0.05149475296649201
0.543875,0.19236715270741422,-0.032831384782177196
0.544,-0.0493700892073513,0.0007236295616712373
0.544125,-0.037570437730406005,0.20429015914779974
0.54425,0.05136279530889208,0.5064631321740857
0.544375,0.03702822764493712,0.6856545520186397
0.5445,0.05580465928795581,0.4925732446513424
0.544625,0.12715731962708057,0.15901968851044745
0.54475,0.1501319528619706,0.03106694489794092
0.544875,0.05186283035595665,0.1875271780325868
0.545,-0.05098328563860233,0.26743643825732294
0.545125,-0.018835125970144705,0.17399787878635242
0.54525,0.1698461162319216,-0.00808390637055601
0.545375,0.22403994768885696,-0.0748580347867674
0.5455,-0.038948197637956566,0.02432368596355289
0.545625,-0.355080156158168,0.09507241740119166
0.54575,-0.404084444352703,0.1223165733620865
0.545875,-0.10884737558283389,0.13849221868744252
0.546,0.17327906083540998,0.13107657541367312
0.546125,0.20177756186445592,0.010036755129809453
0.54625,0.05405995877048782,-0.057452870468710046
0.546375,-0.020828876884862096,-0.041269559648742134
0.5465,0.16672960022118816,0.11349257711145451
0.546625,0.1803155264809636,0.20127139979769315
0.54675,0.05733114602412969,-0.023585987839936186
0.546875,0.08342600608263227,-0.35139514182396303
0.547,0.17807118827340812,-0.38863586909534814
0.547125,0.21192901614316673,-0.13625472802432523
0.54725,0.0896314587551619,0.2078174958831591
0.547375,-0.03462112869503139,0.1975344232397731
0.5475,-0.10116779031038149,0.001284130105009187
0.547625,-0.08095402732115321,0.010477936920309775
0.54775,-0.18140150817929626,0.16720428193067094
0.547875,-0.269767292326179,0.1728636837337334
0.548,-0.30459047017439356,0.0954648707519807
0.548125,-0.28093247125323356,0.020673674334316022
0.54825,-0.34807815321517616,0.14280748816046288
0.548375,-0.36689641140893053,0.19058141399135395
0.5485,-0.42365785963054053,0.04922076647524702
0.548625,-0.4262581485892397,-0.05583952427242916
0.54875,-0.4891850587687284,-0.07033546312563511
0.548875,-0.5575843524711483,-0.05990423824974248
0.549,-0.5247285106472125,-0.12961298152964687
0.549125,-0.43159242482983023,-0.23452536737299054
0.54925,-0.46696834754678107,-0.23449957728876933
0.549375,-0.5683717339220232,-0.23606194899791677
0.5495,-0.439661835119308,-0.25435340751679775
0.549625,-0.16921449556132737,-0.2966128325247367
0.54975,0.2521356035728224,-0.34124460301454485
0.549875,0.4701229942507023,-0.39312520376464916
0.55,0.3313338903033689,-0.45087158092589796
0.550125,0.10293348384248066,-0.47117531924700745
0.55025,-0.10124989758636807,-0.44588026947547293
0.550375,0.02415213400223014,-0.42724716185321593
0.5505,0.23558484456771198,-0.4261889643656897
0.550625,0.3616902093294322,-0.4804635768542429
0.55075,0.3547420924641694,-0.4384851118543758
0.550875,0.23100423882899992,-0.13932637744532173
0.551,0.2147684243511025,0.2332212422142377
0.551125,0.3673219254328272,0.43634744304013096
0.55125,0.668005284460203,0.27439588684142435
0.551375,0.6766586382842138,0.06826764693383144
0.5515,0.517586323286888,-0.12133103203422847
0.551625,0.07579200013173028,0.025763088316017802
0.55175,-0.23591899313713274,0.23170744043454378
0.551875,-0.2086106144698002,0.30591448809718563
0.552,-0.02912085980039076,0.24089840409912833
0.552125,0.20226408965609066,0.20433917674961966
0.55225,0.23352282326917,0.23703264506231608
0.552375,0.23225415875589142,0.3569807571376185
0.5525,0.2196846922212272,0.5615847248760019
0.552625,0.22964159382277163,0.6365198262606857
0.55275,0.21643690627137527,0.4035247030164281
0.552875,0.2051047476140082,0.075871160107899
0.553,0.07629668825901005,-0.17793329810292186
0.553125,0.013316864895058922,-0.14938368897180154
0.55325,-0.012603905292783251,-0.008713466966986931
0.553375,-0.09729302122060661,0.20564348156752463
0.5535,-0.03236593835156424,0.2290898571712582
0.553625,0.03829329956056511,0.19369268411847507
0.55375,0.18834350053164475,0.19556293591337687
0.553875,0.17170061078968674,0.18991639094248075
0.554,0.11009604408025465,0.1891480290652276
0.554125,-0.05671141450161286,0.1860689708402665
0.55425,-0.20144713310399606,0.06482371526178879
0.554375,-0.1929408564043286,-0.016598396240514963
0.5545,-0.15766374310157735,-0.038107278452884294
0.554625,-0.07100518968171295,-0.04793193411387824
0.55475,-0.07944527361970884,-0.014057741860967494
0.554875,-0.1090066136956018,0.12200547811500013
0.555,-0.012179413980137624,0.17753323517632658
0.555125,0.05155789911570098,0.1728806819242001
0.55525,0.20081147040168196,0.06080376702802326
0.555375,0.21620591451557197,-0.07733032543335192
0.5555,0.06786226763786644,-0.1765280734163867
0.555625,-0.16177098842205961,-0.16773893667887682
0.55575,-0.2775172509747781,-0.13111050253387815
0.555875,-0.4019987326472929,-0.0520829567640316
0.556,-0.2762305473773584,-0.08639045256074461
0.556125,-0.17432565449915272,-0.07518199213409849
0.55625,-0.10312561067942529,-0.04369369849470799
0.556375,-0.10924674985363886,0.047265426358884796
0.5565,-0.19924012004792033,0.22051162163442575
0.556625,-0.34948916140605374,0.21399234204181308
0.55675,-0.3915280637406432,0.05474000594499261
0.556875,-0.3759885983653193,-0.1707075953844032
0.557,-0.4741834870992091,-0.2685793898645999
0.557125,-0.4761924243046041,-0.34300428305920844
0.55725,-0.3226996657329684,-0.277405396199029
0.557375,-0.2159886064782366,-0.14482113257326504
0.5575,-0.19197309329856724,-0.0901834502704325
0.557625,-0.14022847410518177,-0.10457235873294275
0.55775,-0.04177191971737679,-0.1908000315105505
0.557875,-0.09039730347626791,-0.3252112850272835
0.558,-0.24820842219375105,-0.3314781596545722
0.558125,-0.3794134852520296,-0.34536646079800043
0.55825,-0.20787668474801763,-0.37641397285669115
0.558375,0.08514128144633035,-0.4089562937427811
0.5585,0.3540897095326029,-0.3247759862756143
0.558625,0.36702657514821346,-0.15468149711336973
0.55875,0.22450482626546178,-0.13395501988999897
0.558875,0.13199635571848148,-0.06525592434820977
0.559,0.14561221009827066,-0.06235284872785757
0.559125,0.3963398832723469,-0.07648530762942633
0.55925,0.4864947873740204,-0.20776879966188386
0.559375,0.4954405099148482,-0.3196006879074222
0.5595,0.40043827058630266,-0.21409273991126465
0.559625,0.29320580149178715,0.08407992706407552
0.55975,0.3120685282769829,0.3155941558661734
0.559875,0.2952520099015719,0.37640415049737724
0.56,0.24303155424677125,0.24158212321856917
0.560125,0.11188882206085499,0.082008743200256
0.56025,0.16834498158339603,0.14432363968760428
0.560375,0.3036441545681638,0.30655095291505685
0.5605,0.37149167014612483,0.46388383278172884
0.560625,0.14134026638871974,0.41087992584197425
0.56075,-0.05950899072249322,0.3271674979252081
0.560875,-0.02133390475256757,0.2920071368335026
0.561,0.11095714605180505,0.29517522819816167
0.561125,0.2004174094407679,0.30929284150262193
0.56125,0.04290389743698519,0.17503853701191788
0.561375,-0.1952180367376507,0.10199893949760763
0.5615,-0.19807204653940977,0.14267206558974868
0.561625,-0.2874529563759176,0.2842710052564736
0.56175,-0.19469958208023352,0.28808028166405564
0.561875,-0.035678480999916794,0.1434512650289823
0.562,0.19432237393434143,-0.004748450851551119
0.562125,0.2843535509108081,-0.03586423160492245
0.56225,0.2234777566571396,0.06807641661926993
0.562375,0.09736798029310494,0.1488756583328595
0.5625,-0.02754467731532175,0.048364136031923265
0.562625,-0.03870645292886116,-0.14464449375491614
0.56275,-0.05547932241633107,-0.20853004330687397
0.562875,0.003319692647849854,-0.23007243733510377
0.563,0.06221312705566441,-0.16151190264724335
0.563125,0.10178217791186883,-0.021261788398050215
0.56325,0.023898577687284976,0.16751350584519542
0.563375,-0.05919942732264108,0.26688955950737037
0.5635,-0.18526273198416007,0.20455236149672512
0.563625,-0.43209079579610227,0.05881198022890967
0.56375,-0.4587217848047646,0.020455679131666845
0.563875,-0.25374276064932294,-0.06135581750302436
0.564,0.07259774330265342,-0.046656566470762544
0.564125,0.23063645197562305,0.011108795074148635
0.56425,0.18949327906111357,0.03432793518457907
0.564375,-0.006338327313194683,0.02609248677405946
0.5645,-0.014241978499919249,0.042596051081685175
0.564625,0.08658648310427995,-0.07203887871348631
0.56475,0.005064076365231477,-0.19455290678197099
0.564875,-0.13370660860984612,-0.3725625167440342
0.565,-0.3420679646990914,-0.39517353140598277
0.565125,-0.2949620715610677,-0.23121093940935666
0.56525,-0.21906369527023709,0.07829052676328499
0.565375,-0.2830072935648618,0.2080118291823416
0.5655,-0.28450431925765907,0.0845594951086404
0.565625,-0.2481527800704364,-0.01728376045752972
0.56575,-0.3258815724399258,-0.01886643796085189
0.565875,-0.5704570655021618,0.03569535531083337
0.566,-0.6620700304659428,0.09663266933627179
0.566125,-0.5553127318846481,-0.12822753345206
0.56625,-0.2929839417975429,-0.3141021084020164
0.566375,-0.08941117444725953,-0.30016678565334404
0.5665,0.005403521939724361,-0.2354050343318883
0.566625,-0.014738935808392044,-0.21485788514092732
0.56675,-0.05238070738794398,-0.23721984946936403
0.566875,-0.06818901565038243,-0.24256203939408644
0.567,0.16250273370379023,-0.31481787813716916
0.567125,0.38485995026128206,-0.5300269747972844
0.56725,0.5593278076276497,-0.639982464826111
0.567375,0.6346462455923484,-0.5037164277373711
0.5675,0.5603301962457198,-0.24729652320323503
0.567625,0.39874631072835176,-0.09425917249553595
0.56775,0.32004774464354474,-0.03038667558315545
0.567875,0.23472857576851297,-0.025903543374807197
0.568,0.22407680778047212,-0.04399783679809072
0.568125,0.23593297378007247,0.0010679353369177631
0.56825,0.13228085934219372,0.1600027851269039
0.568375,0.04081334767281208,0.3512770121052933
0.5685,-0.12917427377301605,0.5003994623082795
0.568625,-0.17175567664387406,0.5726542802416164
0.56875,-0.12822770779215956,0.4810947551648032
0.568875,0.009074413102062629,0.44363099800181055
0.569,0.09588551983051974,0.26799236553578104
0.569125,0.06731946640055511,0.20959756434665638
0.56925,0.19109802011637955,0.17110303529597576
0.569375,0.38516376940762864,0.1993195509719207
0.5695,0.5616409719550284,0.17803741904319179
0.569625,0.5051783252319872,0.07994380047141722
0.56975,0.13118092313967722,-0.05908695524257456
0.569875,-0.05633856364368025,-0.13717548173454072
0.57,-0.029624304890355134,-0.06396272698863809
0.570125,0.2757899259035272,0.02700883809087603
0.57025,0.424951559645054,0.07029353719945952
0.570375,0.27955647409828577,0.04557009816173251
0.5705,0.05969409586409801,0.18725776402127228
0.570625,-0.08306024832441478,0.368197458639032
0.57075,-0.33853991179063453,0.4952599165828347
0.570875,-0.43014052271904685,0.40802551898162753
0.571,-0.4379012332661705,0.11051757706428564
0.571125,-0.24223704788150788,-0.052165066435677004
0.57125,-0.12127877603487866,0.06411213983609293
0.571375,-0.2265635657888508,0.22747549650159662
0.5715,-0.11213069220826159,0.3729266379390657
0.571625,0.1253243956495202,0.2592929028481772
0.57175,0.2558374643951455,0.00961682707333351
0.571875,0.02547955394295741,-0.13559672859430383
0.572,-0.21180061619414575,-0.3250869980526092
0.572125,-0.04908237316488021,-0.433625231101068
0.57225,0.27569819671039913,-0.3629505036588487
0.572375,0.29957562014129263,-0.2218648534080517
0.5725,-0.22488057150708476,-0.06711546171032909
0.572625,-0.5989414084031303,-0.15609703676912934
0.57275,-0.616863469100821,-0.10731859033656993
0.572875,-0.310777158418215,0.06984399169091897
0.573,-0.03608196419877377,0.17650539755045525
0.573125,0.08871716186272809,0.007780255495017555
0.57325,0.15933879047769012,-0.22703989798399588
0.573375,0.2120601241646737,-0.06097935987268135
0.5735,0.05736783081371494,0.26283973809059946
0.573625,-0.28960066952122626,0.2324563209652458
0.57375,-0.581024454373282,-0.1130949254906739
0.573875,-0.5536995719924744,-0.5447353912807986
0.574,-0.3948328294428788,-0.5407443071217556
0.574125,-0.2756849914333805,-0.29008158473978585
0.57425,-0.24474364674736002,-0.005799869269247406
0.574375,-0.17542806202428915,0.05957592432373167
0.5745,-0.10699151321850729,0.1451044695258741
0.574625,-0.21112770917958662,0.18767130812616706
0.57475,-0.33038681463503605,0.015746314565522817
0.574875,-0.3876753151398253,-0.2998363210165454
0.575,-0.19244917692049518,-0.5271915558176458
0.575125,0.17806531343386595,-0.5052712839438412
0.57525,0.45554224453593184,-0.3336563959857038
0.575375,0.49901993585254617,-0.24065167662565173
0.5755,0.4530693386998612,-0.1621296790578734
0.575625,0.31597644153895366,-0.18974879096379904
0.57575,0.1937995143538117,-0.09588204465228027
0.575875,0.1457030296600078,-0.2072890715098153
0.576,0.14415002494264498,-0.28387218379010937
0.576125,0.2553233968190401,-0.34879990040094583
0.57625,0.2929287462913945,-0.17352555838183606
0.576375,0.372432221405283,0.16277827373921838
0.5765,0.28228666435954713,0.38757711269764156
0.576625,0.16448307300539933,0.4487970127014992
0.57675,0.06434628443233514,0.3915709001700362
0.576875,0.053455798859946384,0.22532286752075711
0.577,0.05744113967717408,0.22160796860161758
0.577125,0.09166701004066752,0.1222167961538028
0.57725,0.15826151253346477,0.16362831126455413
0.577375,0.17026701280338258,0.20299328109354486
0.5775,0.3090071993887235,0.2591233482314063
0.577625,0.36341339426705976,0.2786960838471241
0.57775,0.2193220600642342,0.24719544681779818
0.577875,-0.004642987781730591,0.0712202563621716
0.578,-0.18697942275483226,0.018057770308965593
0.578125,-0.11461705015946012,0.008624059752526553
0.57825,-0.055256305533042796,0.0722441596501913
0.578375,0.045689508504567836,0.11771527286725196
0.5785,0.0882746031553613,0.16734435925126756
0.578625,0.142996538619724,0.1613532794608436
0.57875,0.07781315488970766,0.2634402005463129
0.578875,-0.10704417244613151,0.3280240572711232
0.579,-0.1697913730787802,0.2010077640058478
0.579125,-0.029900941494372474,0.0029971873170415754
0.57925,0.02702988929435454,-0.1203923926826841
0.579375,-0.11844599788091298,-0.11666875062021788
0.5795,-0.13392374499637186,0.011845758435840594
0.579625,-0.05884317815884979,0.03943889671189883
0.57975,0.040018891552877606,0.17979314905223098
0.579875,0.09513866009763818,0.13595127004240665
0.58,0.055248929572946186,0.050108242703885225
0.580125,0.1702940134718428,-0.09834963814037562
0.58025,0.24930005261026913,-0.1242663218493757
0.580375,0.28479016470279694,-0.0833272663208118
0.5805,0.15047335140400092,-0.024513332605367866
0.580625,0.01192824498717369,-0.07270904315038433
0.58075,-0.10981927737889598,-0.09236992534633573
0.580875,-0.1545594193768034,-0.0668116975943124
0.581,-0.20934059100851052,0.027616516343478545
0.581125,-0.20392922189996762,0.08438634115293753
0.58125,-0.4192611026456928,0.09290809300135724
0.581375,-0.5351854619351661,0.181404230427624
0.5815,-0.4309153849336066,0.2786412090695023
0.581625,-0.08623198445488359,0.2670686632696192
0.58175,0.1910706288818129,0.15764312080582776
0.581875,0.19923947608638512,0.014074508356781654
0.582,-0.18920249047325108,-0.09285421477583587
0.582125,-0.5737441810308949,-0.13914264880683805
0.58225,-0.8103926485874444,-0.18406258299077546
0.582375,-0.7512166097672371,-0.1869993036274053
0.5825,-0.6696907026082792,-0.3893589291985801
0.582625,-0.6101846071769556,-0.48139573768342425
0.58275,-0.6033103683339796,-0.34366071506942036
0.582875,-0.47791278770123,-0.042589371867296937
0.583,-0.1978928271888948,0.1928576531773738
0.583125,0.11535918970290795,0.1328550989525611
0.58325,0.22974405145304455,-0.17768246855283948
0.583375,0.24746463270400365,-0.5198060648899108
0.5835,0.23923731058907804,-0.6930219931654709
0.583625,0.2496589349244387,-0.6971448027307368
0.58375,0.23864352857975923,-0.5784327418885405
0.583875,0.19851061393092234,-0.564426904754377
0.584,0.3391237621380059,-0.5462770382484855
0.584125,0.4518109033695551,-0.44614884156631474
0.58425,0.5134267306575541,-0.13911419330280286
0.584375,0.45559519396056636,0.0761566623666998
0.5845,0.41256871524789845,0.18138275586402033
0.584625,0.34606159194364794,0.218841898483812
0.58475,0.284549110748959,0.19820844228419013
0.584875,0.30114700778078185,0.2528035715837977
0.585,0.269036384397225,0.21286503543666824
0.585125,0.2758133084195847,0.2259589799407797
0.58525,0.1775578620758196,0.27546667610984066
0.585375,0.1521894821147216,0.381805872907095
0.5855,0.1693918019326608,0.46628501208653533
0.585625,0.12840952487948545,0.4374387712003781
0.58575,0.12795256322895351,0.36083669594277573
0.585875,0.13102398447280186,0.30941930455945443
0.586,0.09224245357247025,0.2775110015215073
0.586125,0.02431005933277796,0.253184837039716
0.58625,0.06737523391134213,0.30631930379237093
0.586375,0.14399217122603067,0.21272716158817395
0.5865,0.338137722560064,0.16208108712112093
0.586625,0.19506776576502388,0.11131696606253405
0.58675,-0.06567940473993207,0.16245182685811035
0.586875,-0.22623148649525648,0.16981523162878728
0.587,-0.26206029404159314,0.12756099938566606
0.587125,-0.15867857622446654,0.13080372862041909
0.58725,-0.15470960952687435,0.09204943074956003
0.587375,-0.21455096166036267,0.05453303922059255
0.5875,-0.1538998409049949,0.09046425854348172
0.587625,-0.13252087073106167,0.17130792814175674
0.58775,-0.07565925394664537,0.24995518142168732
0.587875,-0.03869930300619539,0.1585350737658009
0.588,0.08617410405723293,-0.0809283363861866
0.588125,0.13647451087114001,-0.21045305124597308
0.58825,0.21352564271619057,-0.20334114217487986
0.588375,0.1502804447802418,-0.12367742663695737
0.5885,-0.09365410617199936,-0.1498156089519693
0.588625,-0.18224861944445636,-0.1715316823684265
0.58875,-0.20268513162648852,-0.1802456141270562
0.588875,-0.21430641682878532,-0.06246192554732502
0.589,-0.2048137781946884,-0.0966660349548443
0.589125,-0.04069791767839666,-0.02031225003065237
0.58925,0.15725373609417417,0.09649970450669028
0.589375,0.15332284837627946,0.15774745271086693
0.5895,-0.14557944614184967,0.2012584022261091
0.589625,-0.41577005976101145,0.11310833250175803
0.58975,-0.28798200235406807,-0.004940389227584839
0.589875,0.11395065699698567,-0.1668072530811427
0.59,0.04623742545036112,-0.16763050707753893
0.590125,-0.37243833178642394,-0.17028110934467577
0.59025,-0.6681020094143997,-0.20717880512480585
0.590375,-0.4919654439760378,-0.06711401383049187
0.5905,-0.06811578901196025,0.13468072939170256
0.590625,-0.1138816239753954,0.13459873818408724
0.59075,-0.45816539111397403,-0.11883461685835413
0.590875,-0.629817643665411,-0.36195465495264195
0.591,-0.3028111079935863,-0.33450617710724956
0.591125,0.028271121027866497,0.0328194718954427
0.59125,0.06733596263798686,0.0771651230390873
0.591375,-0.23622401223285927,-0.2827868943425382
0.5915,-0.28272404681337665,-0.5627598120030287
0.591625,-0.13135871890486198,-0.4426947696598069
0.59175,0.22967118615365945,-0.10450567736369194
0.591875,0.376507190068934,-0.11950445400507725
0.592,0.4105589206602516,-0.42597340904678077
0.592125,0.18913811194616037,-0.5704115475362999
0.59225,0.07352903291072903,-0.25735676083229747
0.592375,0.1586053055471311,0.08231280940819659
0.5925,0.43795733916307406,0.10188748130949343
0.592625,0.6311955356243604,-0.1778382646602233
0.59275,0.5156260674502808,-0.33006466731431405
0.592875,0.1741600325754613,-0.09282468991726738
0.593,-0.1020785907565798,0.14952935284545588
0.593125,0.04828273303784954,0.341672108307919
0.59325,0.355985983778953,0.33141021422533123
0.593375,0.4843863119452713,0.19974227289243898
0.5935,0.3845015499872914,0.10904046129980953
0.593625,0.20945584528416827,0.16858433154854482
0.59375,0.06017691834137479,0.40350928025715554
0.593875,0.033148168990082466,0.5524011651610383
0.594,-0.05065591329664945,0.45706407901836654
0.594125,-0.15494983625565992,0.12615063883849678
0.59425,-0.14045007470851717,0.002146101723911483
0.594375,-0.20414108914458817,0.09625533006890785
0.5945,-0.26286613118199215,0.30356452658102384
0.594625,-0.038372902286242766,0.40214616317307605
0.59475,0.19437545010475538,0.3115372752523128
0.594875,0.2408158763113873,0.21222140908106218
0.595,0.04456292830282131,0.06755706923099186
0.595125,-0.12211149604738158,-0.005468198756754824
0.59525,-0.11169151787090487,-0.07798428402617529
0.595375,0.01802486117739167,-0.08384165358736806
0.5955,0.12410057089691809,-0.1391747556172689
0.595625,0.22805559290078567,-0.19047817640668233
0.59575,0.17642355371700638,-0.18570732121150846
0.595875,0.11419825413351543,-0.06022809945305479
0.596,-0.12200762654636381,0.15654544178237656
0.596125,-0.06892908326584123,0.2083262915254571
0.59625,0.13231791576801663,0.041443656048610965
0.596375,0.2637811891230396,-0.12084981488543038
0.5965,0.13042396798409614,-0.10802104564320743
0.596625,0.05985455641806414,-0.02029266691272568
0.59675,0.08966804484367885,0.09759815277748485
0.596875,0.227535134208545,0.17767890228052508
0.597,0.12308511240454122,0.1684387450950496
0.597125,0.013124111531127578,0.043253302098752486
0.59725,-0.010822325184961686,-0.06181512256622856
0.597375,0.015041054775924009,-0.06234095638439618
0.5975,-0.1174468533528866,0.1410461627744842
0.597625,-0.34585235714620927,0.21853977310151332
0.59775,-0.558718109716444,0.16563647467035691
0.597875,-0.553617832040783,0.014741062575919818
0.598,-0.3086239705816547,0.11373909186982019
0.598125,-0.008234429890890268,0.2136463426719784
0.59825,0.0842611311950332,0.13893009653301724
0.598375,-0.14578437332790603,0.051119881778389074
0.5985,-0.45199437349895677,-0.005982349825138265
0.598625,-0.608545748832653,-0.011991160540879986
0.59875,-0.43707201134992985,-0.11115977785360054
0.598875,-0.39147190677203403,-0.35012992496541345
0.599,-0.33430360311914287,-0.5442916391976486
0.599125,-0.41701858490731797,-0.44924277182171624
0.59925,-0.48681296504401106,-0.24259827309886373
0.599375,-0.40069025737995556,0.05039359383511737
0.5995,-0.3428929232076066,0.06246719141283058
0.599625,-0.18088806721183173,-0.08074923107667997
0.59975,0.02473237088894221,-0.4076882804958058
0.599875,-0.039339585171637374,-0.5414084908365466
0.6,-0.006156034111731065,-0.4971452213087163
0.600125,0.04138344281683154,-0.35490565420596576
0.60025,0.22835242158774638,-0.3038640604485895
0.600375,0.4631813444048177,-0.3740403635027247
0.6005,0.5089135192213955,-0.396155016517792
0.600625,0.3475826137777527,-0.4041373013620236
0.60075,0.12394305735913473,-0.3160767941124225
0.600875,0.29043595567742925,-0.12418146394741521
0.601,0.5460736872631123,0.012516850863183639
0.601125,0.479729068263091,0.006411307857910534
0.60125,0.24424892150662833,-0.045167215396607376
0.601375,0.02663843604534962,0.03720793240885175
0.6015,0.11759813475045762,0.2074374325416197
0.601625,0.36742952584671223,0.460433087103659
0.60175,0.5034854597226223,0.4789203330759461
0.601875,0.42905098765391053,0.27007312260261224
0.602,0.22833033223403815,0.2152524939389612
0.602125,0.08125989064520373,0.30006345230445247
0.60225,0.009063249500858675,0.5030044512262427
0.602375,-0.012154659224102148,0.4714342381610948
0.6025,0.004569468395578629,0.23374756842565136
0.602625,-0.16514768637727842,0.036441039261911376
0.60275,-0.24908050977430263,0.08751171848345449
0.602875,-0.14444259686021046,0.33240302523846793
0.603,0.10678662283939819,0.44553650303268294
0.603125,0.25826968178464954,0.4205889785588522
0.60325,0.2623737298192285,0.22196307368874618
0.603375,0.16231038159341954,0.05544011797221128
0.6035,0.18209192554615555,-0.010103682803189473
0.603625,0.0064494987378059514,0.03456703680183052
0.60375,-0.24135607181392918,-0.0544570970429687
0.603875,-0.4968151947567921,-0.13606241559335147
0.604,-0.3416593318677484,-0.22385916131215353
0.604125,0.09301669381348263,-0.1000016046973258
0.60425,0.4677615361714956,0.12245615757020516
0.604375,0.3929837392828759,0.21276246463791942
0.6045,0.08954397624256204,0.1873774973316436
0.604625,0.012959852246700465,0.13444256026384663
0.60475,0.19142345684684253,0.09833244209897472
0.604875,0.2362769239618049,0.01732964491282193
0.605,0.19923975871134114,-0.23805431005811611
0.605125,-0.0897989775790831,-0.4549813291515571
0.60525,-0.2171819492114586,-0.28153570485746987
0.605375,-0.1513521174740246,0.07576792372562681
0.6055,-0.0935692157069249,0.4089907785348846
0.605625,-0.030657005616336542,0.35557686905884534
0.60575,-0.12815562030246314,0.06340244600374592
0.605875,-0.19533162841159826,-0.009025694880440747
0.606,-0.32566795571437507,0.15088557526975224
0.606125,-0.3324048996508715,0.22032709366175648
0.60625,-0.4025980128736885,0.1373421443482852
0.606375,-0.3218757184385449,-0.1086637310037759
0.6065,-0.13020846463932043,-0.21817502462821384
0.606625,-0.03931420428919149,-0.15165428370115672
0.60675,0.06532100904318684,-0.05050999362156925
0.606875,0.04252110656251713,-0.07588750030923973
0.607,-0.1394006918388376,-0.16270161397986269
0.607125,-0.4131315967415046,-0.2006155383766018
0.60725,-0.3934954986736262,-0.26784648207534617
0.607375,-0.34878730402162034,-0.325319035425238
0.6075,-0.4101288421591639,-0.34939222009252274
0.607625,-0.38810080708793504,-0.3624903030823757
0.60775,-0.2652424265483315,-0.1683991320743738
0.607875,-0.23403829630152825,-0.014979341920840408
0.608,-0.12408070239398457,0.09937022062855555
0.608125,-0.1433817693332523,0.044885247387922794
0.60825,-0.13044822252989255,-0.13676860378106895
0.608375,-0.04683883392379636,-0.34605232010093834
0.6085,0.05696427483888869,-0.3514899749250282
0.608625,0.23410874206087492,-0.27182386777208534
0.60875,0.45261894298870226,-0.3858527186853131
0.608875,0.480827441146208,-0.3462072295376465
0.609,0.3489605128790052,-0.27969389746146994
0.609125,0.14613057776067143,-0.12712560361387118
0.60925,-0.034309241350506246,-0.1188063206946713
0.609375,-0.02869585646620022,-0.1715404409419357
0.6095,0.14097900187133844,-0.09287249665203337
0.609625,0.3164706266078194,-0.019591578479195747
0.60975,0.3849527573122836,0.03624565355988739
0.609875,0.25919482746682726,0.23571968083998007
0.61,0.1483002906141107,0.4037465295792302
0.610125,0.21722242152083746,0.45969350524848773
0.61025,0.23961345197412,0.3042680873786543
0.610375,0.1513995122818111,0.06217583132364584
0.6105,0.09863600436871194,-0.04130645561994827
0.610625,0.18951287975721104,-0.050701879102802196
0.61075,0.3130958107531439,0.09833672649652479
0.610875,0.29708558518646655,0.25155286202382726
0.611,0.07445338841171342,0.3401904961989781
0.611125,-0.059470234836184806,0.22361324307507094
0.61125,-0.021651016455513206,0.16434435276537898
0.611375,-0.12315294218427354,0.16220579986521938
0.6115,-0.02038024505440608,0.21190626364721554
0.611625,0.05939808467122219,0.18601136436113713
0.61175,0.13466224200928698,0.10220635882654218
0.611875,0.12413802803768101,0.17970501950666
0.612,0.07876673983961067,0.27321282852202083
0.612125,0.08457401120169288,0.2668247300406946
0.61225,0.10463684141056866,0.08107034159867114
0.612375,0.07005340233099229,-0.008901592428838222
0.6125,0.16067618461021327,-0.060932170773052866
0.612625,0.2623951366904501,-0.009853082340365311
0.61275,0.1488218132722124,-0.019069564676027485
0.612875,-0.063453305864829,0.11598638374024073
0.613,-0.2297639055265424,0.13695426061272625
0.613125,-0.30410135360115514,0.13186125776148885
0.61325,-0.3676247907250979,0.13748735572519516
0.613375,-0.3883358554474697,0.08424365984023131
0.6135,-0.2210801587387192,0.0782199021381772
0.613625,0.09138035590729013,0.11653602598741998
0.61375,0.2922142841099669,0.11954693237773913
0.613875,0.27858133310992483,0.1873204006099628
0.614,0.15423317522306584,0.12528559926110253
0.614125,-0.08568131012461144,-0.04480038146920769
0.61425,-0.2642332161686897,-0.19849409019332037
0.614375,-0.3501308972878019,-0.2882694972169509
0.6145,-0.37238058980928906,-0.3216586962972859
0.614625,-0.32464626573494015,-0.3408396639543904
0.61475,-0.36970494267197535,-0.21569620823267982
0.614875,-0.25241896870382163,0.10237784183346169
0.615,-0.15323405660385392,0.2662099912457706
0.615125,-0.12570073175324928,0.32749731088846407
0.61525,-0.17323299445370366,0.15230600122644802
0.615375,-0.3973638167007412,-0.07695168785977599
0.6155,-0.45540222735811997,-0.2012674949718623
0.615625,-0.4367405436265756,-0.30753539448736894
0.61575,-0.3507447727931579,-0.3496119979732095
0.615875,-0.21849120494973004,-0.33292715268115874
0.616,-0.14038967184748188,-0.3244820312422762
0.616125,-0.1270933521015395,-0.2784888907796251
0.61625,-0.1870464698613861,-0.10778462118752521
0.616375,-0.17867646671584952,-0.11006042086233128
0.6165,-0.1802061014730929,-0.19832035991614236
0.616625,-0.1379812256945172,-0.36999282569311887
0.61675,-0.10475076165961389,-0.39422004607905425
0.616875,-0.02347934436083336,-0.38658492578297127
0.617,0.24248778289054726,-0.2960403918550629
0.617125,0.585858240920061,-0.21192177750354185
0.61725,0.6048793006090396,-0.05643259415883639
0.617375,0.24928702727325683,-0.09856799062440795
0.6175,0.06788749528225121,-0.11051479535119063
0.617625,0.1473792784224337,-0.154384840987354
0.61775,0.3567143426957932,-0.12998079254757205
0.617875,0.5165952341048264,-0.10663552628316172
0.618,0.3599615769725158,-0.13897267222448179
0.618125,0.27868470400809603,-0.02271813781632776
0.61825,0.21754441083585802,0.25715180909039137
0.618375,0.35240920196823894,0.5057832328620663
0.6185,0.2882736843311818,0.5041280424921397
0.618625,0.2245142915728652,0.23025566827520774
0.61875,0.11427948624235783,0.05471452017586108
0.618875,0.1666880378531861,0.12131823138360424
0.619,0.25485366267452614,0.3278922996492747
0.619125,0.20242950791644587,0.4861890459235459
0.61925,0.03520563640080367,0.3681270474735511
0.619375,0.004441706945310214,0.2517749586750263
0.6195,0.058467309043718795,0.2489157778853951
0.619625,0.011645279668193407,0.28066034360811504
0.61975,-0.011719638172791235,0.2756603740946811
0.619875,0.05093000765289735,0.24983950074735042
0.62,0.1376240270481793,0.16063340586561223
0.620125,0.09259092805710978,0.16698144628057823
0.62025,-0.11327699998670412,0.24993945943814636
0.620375,-0.33868951136015263,0.17927929685652116
0.6205,-0.33747927079265927,0.020467312083926405
0.620625,-0.0609125015228017,-0.012238636760733623
0.62075,0.35595641448240883,-0.019833330058790226
0.620875,0.46644475741385105,0.01898711592208866
0.621,0.16978938141398592,-0.01487473737357601
0.621125,-0.21238756028600608,0.000365884947888681
0.62125,-0.30893009957693846,0.09001626797825216
0.621375,-0.24472008202430237,0.08171784182335388
0.6215,-0.07539741963910125,-0.12653310150661073
0.621625,-0.11925823998030455,-0.34953183789060144
0.62175,-0.24995875654988067,-0.4045005826664684
0.621875,-0.24691662712575205,-0.04589359982885645
0.622,-0.1137569437570878,0.30996387121216995
0.622125,-0.04949504053568896,0.44351467360567115
0.62225,-0.03136816088318084,0.16118615949009824
0.622375,-0.08010197670999358,-0.17538745295671807
0.6225,0.022528304812070597,-0.27445486241403483
0.622625,0.010512386204155635,-0.2228414065663409
0.62275,-0.0814096348236801,-0.0921564223582548
0.622875,0.0008834835589018803,-0.11056153463766956
0.623,0.06005573695191549,-0.22984649382042455
0.623125,0.04520711965661226,-0.2766079257323234
0.62325,-0.115660071924914,-0.12000127139319766
0.623375,-0.23006839366987894,-0.026464574719691856
0.6235,-0.2507893817314695,0.03086144702162909
0.623625,-0.22767993233025516,-0.015051563370593816
0.62375,-0.2321753707870673,-0.013909011909775873
0.623875,-0.23457772204893007,-0.04349369523533661
0.624,-0.3953781092385756,-0.030609165475523666
0.624125,-0.5467934151641441,-0.06672686946736431
0.62425,-0.5568311520784002,0.04296262534350337
0.624375,-0.40112214772277266,0.02821129384557188
0.6245,-0.15734049244134946,-0.05221791384263504
0.624625,-0.02932741949306102,-0.19239556290149898
0.62475,-0.11317871346171675,-0.21579061449866987
0.624875,-0.23112783018262048,-0.2108997110387061
0.625,-0.21307501274841842,-0.17300923220793346
0.625125,-0.021026501855236624,-0.23710055013725748
0.62525,0.03385466553008791,-0.32212549364162374
0.625375,0.24145927402216155,-0.5374325320091916
0.6255,0.4427118324604,-0.5229404564707558
0.625625,0.605589463119738,-0.3807017158912505
0.62575,0.5826637990865644,-0.17804563202628604
0.625875,0.3962288142657152,-0.07657559036432318
0.626,0.2518146430734481,-0.0871649089237025
0.626125,0.3190250123991031,-0.18506794775615476
0.62625,0.395862961378806,-0.17743279612500334
0.626375,0.40527184969526237,-0.09947496687004581
0.6265,0.25347537488176947,0.04804490202488766
0.626625,0.16763266089376963,0.21643595892295833
0.62675,-0.02308374399721803,0.37899795328367275
0.626875,-0.13499004113840116,0.5400875456282782
0.627,-0.15388033839241932,0.5000190301533325
0.627125,0.13508545448826262,0.35075575786173796
0.62725,0.3690870406375759,0.2532011447585953
0.627375,0.32375135183174386,0.2817327092287642
0.6275,-0.05772219023318013,0.31946589182942825
0.627625,-0.345411044760365,0.320000500853036
0.62775,-0.15442155020871037,0.23632024189342798
0.627875,0.31427852174083765,0.14076886876734732
0.628,0.5936234604501374,0.051319106042693075
0.628125,0.559319725666197,-0.1283506723223914
0.62825,0.18265325676108188,-0.05276075012414886
0.628375,-0.12356280839345964,0.09169398338633103
0.6285,-0.2405995445097271,0.3428151502139573
0.628625,-0.13237598296762482,0.29502395466665554
0.62875,-0.021225487263438446,-0.04636955331463182
0.628875,0.05262436542850146,-0.31940055225740815
0.629,-0.07453205325153055,-0.14103460645676563
0.629125,-0.15439090769089,0.307562364071111
0.62925,-0.041370202358858695,0.5640937013877383
0.629375,0.1983102978437455,0.4668750007244115
0.6295,0.17711476995957962,0.17414716574092765
0.629625,-0.014103791227743785,-0.15437679805861765
0.62975,-0.18082738065078827,-0.1707408927988674
0.629875,-0.22896814007162652,-0.1239605970729711
0.63,-0.18007170946304787,0.04934675058661699
0.630125,-0.15053014827095265,0.04480701270879292
0.63025,-0.2287883315675714,-0.09505100739219406
0.630375,-0.10522040928994278,-0.16297577109838024
0.6305,0.2299188580170906,0.021708638522305965
0.630625,0.4694112444053389,0.254386420350853
0.63075,0.27759076526014886,0.15386201214561587
0.630875,-0.19605163640872422,-0.04647733906158232
0.631,-0.5004404362058049,-0.1849898525669853
0.631125,-0.31763085175701833,-0.20990071044693873
0.63125,-0.15253964621349572,-0.14983715511007814
0.631375,-0.054599175531565645,-0.23535859587051802
0.6315,-0.14013080867545377,-0.26543374083977234
0.631625,-0.11119480717327458,-0.08900319461497162
0.63175,-0.009516424360228565,0.22412201927728773
0.631875,0.020380609822100597,0.4563388596161006
0.632,-0.20072735877094328,0.2802893827040828
0.632125,-0.4656792150595196,-0.19637716081460968
0.63225,-0.6996055441356621,-0.4543132682275389
0.632375,-0.5823745631164994,-0.32185765097550284
0.6325,-0.4125426911982208,-0.15376588359345367
0.632625,-0.24179156440447833,0.00047828120196623133
0.63275,-0.37570075582636925,-0.031111180605342265
0.632875,-0.4421305408150815,-0.09918496041375018
0.633,-0.37611575244704,-0.021332972399427864
0.633125,-0.23772375084444713,0.02767179267442224
0.63325,0.03775591026528638,-0.15293047977812077
0.633375,0.19414678937514482,-0.4426273319965701
0.6335,0.21859775983044683,-0.6374058962041075
0.633625,0.052890402278612705,-0.5105437242414627
0.63375,0.004680103281168743,-0.3415946660650645
0.633875,0.18087320757822412,-0.25546772991172684
0.634,0.5693400853833073,-0.24914508273922084
0.634125,0.6972574886602633,-0.38401965416742956
0.63425,0.5314082756502077,-0.32009093275449174
0.634375,0.4017626475786239,-0.18874629756718184
0.6345,0.3828463161680831,0.10325240747915714
0.634625,0.4563406141311304,0.24046512272638235
0.63475,0.4741266745063641,0.21267857510606797
0.634875,0.32352360990694323,0.07978168404756535
0.635,0.04674242125518455,-0.007728764868201624
0.635125,-0.10892920742064449,0.176959510981204
0.63525,-0.12521727033556543,0.4537137775817326
0.635375,-0.11392032481520113,0.5473460601629877
0.6355,-0.04337166486880711,0.5060064221074078
0.635625,-0.05539505195761844,0.34272117576176075
0.63575,-0.03187277670226257,0.38185810141383747
0.635875,0.047847636185952926,0.44229712895228107
0.636,0.19856315284926818,0.4288973030608716
0.636125,0.1797940503251233,0.27863735292615643
0.63625,0.23994851806726003,0.09269618569503378
0.636375,0.1568295727412142,-0.13701485430953722
0.6365,0.10921778980551088,-0.1870812116616971
0.636625,-0.007333782190694203,-0.08112748936692611
0.63675,0.009479539139058522,-0.08010404895402969
0.636875,0.19837159432826618,-0.052508832033881854
0.637,0.2389981159890826,-0.05239908672522187
0.637125,0.2870743954445927,0.013085763434382612
0.63725,0.25879733766270363,0.12255002196139327
0.637375,0.19834113737477158,0.15874798996901698
0.6375,0.07685358071589828,0.17568271810403158
0.637625,-0.04106263838947567,0.13739300641490154
0.63775,-0.24441768930956956,0.1284960142531725
0.637875,-0.44269484743028287,0.003039132966924546
0.638,-0.5920007277880008,0.03460799119808808
0.638125,-0.44368179882355735,0.1351483797066588
0.63825,-0.1371411816101915,0.20429304057139866
0.638375,0.2291025607235171,0.2801419634625258
0.6385,0.11677685051900137,0.23132541984128407
0.638625,-0.11250763865495214,0.1993832325414427
0.63875,-0.22191743996274266,0.1062663493698908
0.638875,-0.042129271152173436,-0.04893602950340247
0.639,0.05908293727405615,-0.22257931659335245
0.639125,0.17087147152124696,-0.46832757326971924
0.63925,0.19845596820674846,-0.5718580376315546
0.639375,0.17601213703733942,-0.44645205004534133
0.6395,0.14369746940304204,-0.0790896513545755
0.639625,0.06827311792877015,0.17241166650668208
0.63975,-0.08939904038618839,0.12542441665522036
0.639875,-0.26102518064864394,-0.11573198629172286
0.64,-0.4074999324649505,-0.15474151722879514
0.640125,-0.5002746661654542,-0.03651763950939754
0.64025,-0.49376739139899734,0.15200580516657458
0.640375,-0.5206421190601193,0.18458209177993645
0.6405,-0.6468131978061715,0.12765149746429338
0.640625,-0.5334596266949145,0.16291759216516916
0.64075,-0.3615711567374962,0.1674520203789116
0.640875,-0.13468208686097677,0.09896876264530247
0.641,-0.06581265563105239,-0.08976069867550757
0.641125,-0.019168199479240866,-0.21766985493828206
0.64125,-0.06279162730671728,-0.3173874569115848
0.641375,-0.11812913165324637,-0.4500143069050597
0.6415,-0.18456390554470262,-0.4907003498863149
0.641625,-0.2848790946932785,-0.49198744089303015
0.64175,-0.1157442548980386,-0.5305737787874916
0.641875,0.09712486696398416,-0.4540166944212696
0.642,0.23197620150438195,-0.2951165086749739
0.642125,0.08688559780106182,-0.11644806970050191
0.64225,-0.12355853710635821,-0.084872298824426
0.642375,-0.013199593001916195,-0.09001698187658537
0.6425,0.19482908745498717,-0.01790497717866194
0.642625,0.42459244362666426,-0.07095826525887856
0.64275,0.40704997052529024,-0.1660808456954303
0.642875,0.37014157556043387,-0.214771976774939
0.643,0.39627836920784537,-0.15625093630977135
0.643125,0.4789953845269803,0.15026691211937218
0.64325,0.4365417127331756,0.1943933925717263
0.643375,0.326738342580104,0.05059325868642887
0.6435,0.14374692726872174,-0.12606616540079701
0.643625,0.09253848255511786,-0.0631544423555748
0.64375,0.21874888625048108,0.20590321570116915
0.643875,0.35444667065066937,0.32903085124042747
0.644,0.3740913487790044,0.37950235550315686
0.644125,0.2772025621396592,0.37294292355543435
0.64425,0.1505942742389251,0.39765960685069446
0.644375,0.1378633177530863,0.40852337660957816
0.6445,0.14388158315476637,0.40235052825732787
0.644625,0.16596645698168663,0.2893225164220559
0.64475,0.18443548301086504,0.16050206578895027
0.644875,0.1800944275639778,0.12517545077096667
0.645,0.19830834964127006,0.17238893754168227
0.645125,0.1846105162558421,0.2995897616761386
0.64525,0.09682194898823662,0.31139797573082145
0.645375,-0.14002680914507104,0.20872402412041122
0.6455,-0.3156676889296048,0.14021190437198275
0.645625,-0.3616390333365829,0.1388917119635549
0.64575,-0.13508455456641166,0.15767517911805629
0.645875,-0.10922330319677417,0.18661349699528093
0.646,-0.24881710571356613,0.15097689300532147
0.646125,-0.3257247195294553,0.17250517301968968
0.64625,-0.3243967928864382,0.1705249605261075
0.646375,-0.009369314787430921,0.15180687795302641
0.6465,0.19956717585684608,0.059421109337887336
0.646625,0.22399844922721251,-0.07311166038161092
0.64675,-0.018974372071839208,-0.32069739278628095
0.646875,-0.19761307584267185,-0.3244467593985101
0.647,-0.17823469687942262,-0.2270458312851094
0.647125,-0.1174405986930801,-0.14539159239368643
0.64725,-0.026496304453862776,-0.1820947132214278
0.647375,-0.12872236377092516,-0.3780105467581626
0.6475,-0.20513747573098928,-0.23716739185575486
0.647625,-0.11278157379167153,0.03219779769179399
0.64775,-0.034121074959806236,0.17913190850122623
0.647875,-0.11124178304003472,0.18060326575427998
0.648,-0.06636922525308708,0.003107838688522831
0.648125,-0.028932482155461146,-0.1945115796092541
0.64825,-0.04999299419239209,-0.19696674438402542
0.648375,-0.055769875918590235,-0.0874350179274385
0.6485,-0.18275381751536585,-0.03071508242863557
0.648625,-0.34134118057663004,-0.14730526489736315
0.64875,-0.5042324084666646,-0.15646425294643931
0.648875,-0.47874720069745064,-0.08260490892337911
0.649,-0.32739030176116973,-0.021296179953246876
0.649125,-0.15629390865470746,-0.08761913395645912
0.64925,-0.04227583482125363,-0.0859296694757158
0.649375,-0.22292982343489898,-0.03385908920607341
0.6495,-0.37100998944823615,-0.009542547722535866
0.649625,-0.3017985696497689,-0.06210448413053488
0.64975,-0.09682594449068238,-0.15858794880493504
0.649875,-0.041773779350521525,-0.3336083543012281
0.65,-0.09366528932497409,-0.45728046183292254
0.650125,0.10249208850159722,-0.4638123690152027
0.65025,0.30708202521905,-0.3199656648165068
0.650375,0.40119607943919383,-0.05094288307941036
0.6505,0.3056559745448479,-0.06577719434694304
0.650625,0.22808882999777644,-0.17810258800221654
0.65075,0.18699622859959372,-0.2988450433579727
0.650875,0.21161264250893078,-0.25545096205462947
0.651,0.1999346783128786,-0.04633521930644776
0.651125,0.26035126661870284,-0.06909172651304511
0.65125,0.3930674327328713,-0.07327642485943671
0.651375,0.3215741274163025,0.08334893732191763
0.6515,0.15213003185271665,0.2317100271468992
0.651625,-0.09338666091417505,0.29587667490647884
0.65175,-0.035732627356580074,0.25448854738053384
0.651875,0.19156658024769158,0.22128694982423794
0.652,0.45860865023818703,0.15441385717065576
0.652125,0.5157801052090335,0.219215852121903
0.65225,0.34299724487570094,0.19033447161280173
0.652375,-0.0059040633437599625,0.24634010701220896
0.6525,-0.19194236552087982,0.32474629683651957
0.652625,-0.11655945588251562,0.27195874109157264
0.65275,0.1243812689076017,0.0826417914660251
0.652875,0.1592627947076148,-0.0853454068471179
0.653,0.004901254696356064,0.05118662989764567
0.653125,-0.09733337985313743,0.2595084933034253
0.65325,-0.07285251334168327,0.5022590129018879
0.653375,-0.0637684240679168,0.4770580817509486
0.6535,0.11466850662669291,0.3127439127952634
0.653625,0.15903921417633005,0.02853239529338207
0.65375,0.1298979095086228,-0.15254597528555167
0.653875,0.22081992242373483,-0.12098569000690622
0.654,0.21792451265656443,0.07092968554377167
0.654125,0.24105917851312073,0.12543952179161955
0.65425,0.13671929185602952,0.03604718533066748
0.654375,0.02416119767483134,-0.11927035673464972
0.6545,-0.12840567897170882,-0.1103117233254924
0.654625,-0.10409550870823824,0.052483267728344885
0.65475,-0.08577864717964298,0.14252550556925303
0.654875,-0.0043033994676432265,0.14622067613958353
0.655,-0.06766852356064479,0.1483510674973219
0.655125,-0.14190037266914873,0.1612890206363598
0.65525,-0.2801343291592981,0.2034610676731055
0.655375,-0.2189929272333512,0.19105130086262867
0.6555,-0.20237582125488565,0.12246477177871087
0.655625,-0.159771691998214,0.010199642757146117
0.65575,-0.06399553486128182,-0.07968438678892595
0.655875,0.035066782908206764,-0.11738730042401516
0.656,-0.014683298015386908,-0.09115946543160387
0.656125,-0.30835631503828936,-0.006801781236568722
0.65625,-0.45721174587945973,-0.024550138247833066
0.656375,-0.2768485649241239,-0.1900616864184895
0.6565,-0.17579758008293875,-0.2467164286556205
0.656625,-0.0990985370599036,-0.19220211005753574
0.65675,-0.186854509575158,-0.15556618602870936
0.656875,-0.246382351508723,-0.1433418049889043
0.657,-0.2445697758831986,-0.038112682223201605
0.657125,-0.14289138407949378,0.04792018535173101
0.65725,-0.20223596013901665,-0.032796414346499485
0.657375,-0.4229032929090853,-0.2197302745308299
0.6575,-0.41480746503186255,-0.36863746493309324
0.657625,-0.18035663343308725,-0.31801719501640674
0.65775,0.107983454639054,-0.1223104116275843
0.657875,0.14348886554197268,-0.11845201455564061
0.658,0.05889815693059221,-0.12464746145135593
0.658125,-0.09653161217128187,-0.22376852339604975
0.65825,-0.2220831025337116,-0.19254426216886836
0.658375,-0.24428572931556783,-0.13833228756153143
0.6585,-0.14563132467728737,-0.30044541820110293
0.658625,-0.07117702831333901,-0.3384583421285777
0.65875,0.0897478550336432,-0.38716798044913076
0.658875,0.36238028819224805,-0.20658980749105285
0.659,0.5219353443927395,-0.028987432140329877
0.659125,0.5240678519194888,0.13520845492202016
0.65925,0.21151595239752277,0.1076372696920475
0.659375,0.000957124790683927,-0.09684701898893795
0.6595,0.13887771717063965,-0.1673250081813382
0.659625,0.36923443226714636,-0.18866736223305441
0.65975,0.5612508630055044,-0.11620422973183069
0.659875,0.34571334619468996,-0.07757906065536224
0.66,0.03149069233036522,0.13123559007868285
0.660125,-0.06840862920799082,0.32510025785314006
0.66025,0.11575584844949226,0.4643071533789032
0.660375,0.20598281831818163,0.48735590179404126
0.6605,0.00290163744605988,0.2352657820562221
0.660625,-0.1688903520977025,0.041971891163538354
0.66075,-0.2014496987421427,0.07991922005145857
0.660875,0.044655119863696406,0.3681837655751727
0.661,0.309170012037544,0.49875170430339194
0.661125,0.38321900791358504,0.31624211399958996
0.66125,0.330924355345457,-0.012056147819695096
0.661375,0.20377852938509367,-0.040759526899211244
0.6615,0.18377731979226278,0.0632314179867912
0.661625,-0.019249270278783343,0.21526974848442218
0.66175,-0.15390506637120693,0.07588407544228527
0.661875,-0.17209690657756968,-0.10202946648020257
0.662,0.10031576193461464,-0.17082023762265758
0.662125,0.39635742833795695,0.006380455616291443
0.66225,0.41996463996535827,0.2744870804197423
0.662375,0.18434441475907867,0.3413982197326748
0.6625,-0.0228199408898082,0.2705829082581386
0.662625,0.035770817372397894,0.2130721125766494
0.66275,0.1235932373908524,0.15068173332424037
0.662875,0.1945459057574248,-0.008679502626293596
0.663,0.1329558936752514,-0.15587314943382594
0.663125,-0.09052248077702002,-0.17315197535268473
0.66325,-0.3262285952305445,0.11975470831643968
0.663375,-0.5006849116345495,0.35274920799161147
0.6635,-0.47895315925071186,0.3942331480033794
0.663625,-0.3958302539669419,0.17524830370657976
0.66375,-0.2305382971154205,-0.037531833856435805
0.663875,-0.13776832522861118,-0.01779078591582923
0.664,-0.07258513039362109,0.14361741661241897
0.664125,-0.0704555860615238,0.19098932824086742
0.66425,0.06279983665073972,0.06099525713604658
0.664375,0.10147714643618354,-0.07109904539388523
0.6645,0.12380847196235395,-0.2736257619020893
0.664625,0.08174670982812637,-0.4736086140298665
0.66475,-0.026160438612511796,-0.44640101208706934
0.664875,-0.12086677981013623,-0.3481793139747179
0.665,-0.30614782980867933,-0.20340296347117015
0.665125,-0.3463920094602615,-0.07899328569460529
0.66525,-0.3181466129548923,-0.0511236536425746
0.665375,-0.380499007055855,-0.051171278719938186
0.6655,-0.37416822126316074,0.01630292243815861
0.665625,-0.47502910094158013,0.13042210465073298
0.66575,-0.44881199028241076,0.11398096851831944
0.665875,-0.45539649681930316,0.1317436707269465
0.666,-0.38092532233408144,-0.02095330479854462
0.666125,-0.1756291601754477,-0.17175025850383793
0.66625,-0.0294146460539736,-0.27469836654323004
0.666375,-0.052147962031207,-0.26922289688213913
0.6665,-0.15027368013235437,-0.2920365280146629
0.666625,-0.04977993637411134,-0.34893547989774465
0.66675,0.19720946699523925,-0.3609568151594107
0.666875,0.2963497582089276,-0.4235399067575007
0.667,0.21495892105885403,-0.4317156090661755
0.667125,-0.0806256730436756,-0.40364079488986193
0.66725,-0.12760398991363667,-0.30401487392329524
0.667375,0.21447584467053507,-0.14506903852756634
0.6675,0.5544239787920033,-0.010245517813071732
0.667625,0.5303596891836007,0.005291589024062667
0.66775,0.2172872573920274,-0.11528559583859126
0.667875,0.013182752968666517,-0.04445737221226743
0.668,0.12221349731928809,0.18315809500786415
0.668125,0.4771767872364819,0.3077985455083564
0.66825,0.5328155056973689,0.19754518143147706
0.668375,0.3532352774713073,-0.1085371770926427
0.6685,0.22745009055627977,-0.09295977304111008
0.668625,0.2689734285090175,0.19590091372522261
0.66875,0.24953156306498686,0.5084939128340756
0.668875,0.20830171618013715,0.4861874100930845
0.669,0.06804368495148008,0.16669718931356622
0.669125,0.06643196836877627,-0.014220618362624404
0.66925,-0.010381970086573485,0.07171138946978198
0.669375,-0.16372830905289565,0.3971418924403764
0.6695,-0.22006271098964927,0.5009767929814753
0.669625,-0.11566452950101362,0.3369709005157794
0.66975,0.15353440896403003,0.17648393325911468
0.669875,0.3131587300297434,0.24122801898683943
0.67,0.3572432322159508,0.3008858511653361
0.670125,0.33786081727213113,0.19618351720413002
0.67025,0.4390457264643551,0.0894194680688567
0.670375,0.26042342723734624,-0.008141470513899705
0.6705,0.07309983234901286,-0.03390515647238627
0.670625,-0.1962685766455647,-0.14259811834449854
0.67075,-0.2663877539745742,-0.20334972372857524
0.670875,-0.2771531757805278,-0.08977090887480757
0.671,-0.3606349561691869,0.14273899896736228
0.671125,-0.5203833296545357,0.34156701357616487
0.67125,-0.4729827526195773,0.36408605071051886
0.671375,-0.0036924620253730315,0.3850737557827823
0.6715,0.3669314186648933,0.3274932884265769
0.671625,0.3437584919870699,0.236808490781685
0.67175,0.009426760410084544,0.03930108612323477
0.671875,-0.19405373459146721,-0.16484882251426408
0.672,-0.05648046066702494,-0.25797046130956985
0.672125,0.2298589416670343,-0.21510644450927627
0.67225,0.2645125799660281,-0.3236975463727589
0.672375,-0.0174383260349327,-0.5113715246771868
0.6725,-0.18276849858195765,-0.41333571663089175
0.672625,-0.24843946037425607,-0.07844827484209034
0.67275,-0.14414692189713038,0.27734448128967426
0.672875,-0.14516615211965037,0.3156534158052865
0.673,-0.21796448662871074,-0.030365438021284982
0.673125,-0.27960593389288435,-0.17386305451998862
0.67325,-0.24416719998446926,-0.0387901521815162
0.673375,-0.14314530458411706,0.1939653902062185
0.6735,-0.1916337451895502,0.2582651912908705
0.673625,-0.33726671130599484,0.022358743741726386
0.67375,-0.4003558760824448,-0.18307499083889311
0.673875,-0.3533081357764515,-0.2534884716519611
0.674,-0.33506359552454923,-0.13029565798112538
0.674125,-0.4254472544063856,-0.10376213294198962
0.67425,-0.6192625355705558,-0.23320898988638925
0.674375,-0.5054562271061936,-0.26125662247849973
0.6745,-0.19867234447068524,-0.23289154247528807
0.674625,-0.013669487792833628,-0.1153473671982266
0.67475,0.006652015305665752,-0.1962945241967352
0.674875,-0.030011393947642538,-0.2880406476106128
0.675,0.06425522151031447,-0.39343757964490855
0.675125,0.17808595110893016,-0.31917948955711073
0.67525,0.29883248330854,-0.31640615098611496
0.675375,0.25480470459718163,-0.39934058295905717
0.6755,0.32111998545514436,-0.5886802221612675
0.675625,0.4425432332329891,-0.4523816676225286
0.67575,0.5374111254044336,-0.17065777957043785
0.675875,0.4195446896219685,-0.03797590787622463
0.676,0.2571957699389053,-0.0003554876586385726
0.676125,0.14434201041889366,0.006932602323229029
0.67625,0.3478432699353321,0.06798461942224662
0.676375,0.5044157723037345,0.16777876194223898
0.6765,0.47093838429831375,0.231629768167665
0.676625,0.21533215482534687,0.25119915876229837
0.67675,0.025891744078769218,0.31746880925478504
0.676875,-0.06825150336904631,0.3935417012856428
0.677,-0.06326373223533163,0.4075433819129565
0.677125,-0.10444832140429298,0.37195664838420434
0.67725,-0.039372978338191776,0.21868320205806527
0.677375,0.13202002671451793,0.11624167916073734
0.6775,0.19949211124048877,0.2524044887387147
0.677625,0.1010502375182854,0.4787238741027304
0.67775,-0.19301607580694427,0.43827640466880285
0.677875,-0.27109869828366107,0.11683177578568239
0.678,-0.19805382401256355,-0.059462886550905224
0.678125,-0.007841059397319838,-0.06154318199364051
0.67825,0.10382720813773422,0.012600027346026593
0.678375,0.3203488611731811,-0.047725325536646775
0.6785,0.4191744310600268,-0.0053609884165039005
0.678625,0.23332784345018115,0.1031030991133766
0.67875,0.020536659494996355,0.20065512483778367
0.678875,-0.147542960160439,0.08034462003308875
0.679,-0.04771524033371417,-0.1007826692060898
0.679125,0.1345601753534933,-0.24161371253529476
0.67925,0.19499239909105676,-0.17100441682714332
0.679375,0.17662229139132676,-0.022890208278940852
0.6795,0.09813228746933014,0.12909389291671433
0.679625,0.08933848826969205,0.25940426346646367
0.67975,-0.0006415556558938546,0.35865521967327285
0.679875,-0.11248920378420879,0.2519505594107413
0.68,-0.16617818108243426,-0.036697755890983466
0.680125,-0.1239978957733988,-0.1377930333268672
0.68025,-0.15152814862556652,-0.08595958346466792
0.680375,-0.13602876626435007,0.18032244540113707
0.6805,0.07643544030523025,0.22153247637046442
0.680625,0.21769017266898477,0.21689978709150862
0.68075,0.05361013858763544,0.06924151867340632
0.680875,-0.10632459043280067,0.05917718059658466
0.681,-0.14760153470136958,-0.08250180964761311
0.681125,-0.11935845677644845,-0.14017584089068194
0.68125,-0.15713727502573568,-0.13991780727960923
0.681375,-0.30680892954335737,-0.13686967787464535
0.6815,-0.34699520612207935,-0.15353889060950934
0.681625,-0.2008674593410868,-0.1020589133263049
0.68175,-0.15004638113505764,0.04553775111123526
0.681875,-0.21640200325219872,0.18897129258082
0.682,-0.3127750916035733,0.06164125132824609
0.682125,-0.3625801643392857,-0.11282649414722562
0.68225,-0.3677868677652814,-0.17087343532038582
0.682375,-0.5490449057754299,-0.04629371480853392
0.6825,-0.5278158119705538,-0.11519830655759183
0.682625,-0.33479666247566475,-0.23169432526572856
0.68275,-0.32859127180406567,-0.29821729504920297
0.682875,-0.4452335890838068,-0.16334853143418493
0.683,-0.45040024709934645,-0.14035460889571316
0.683125,-0.31102124065290065,-0.1884278243824801
0.68325,0.03167212322045655,-0.2550612943638836
0.683375,0.08572713427834061,-0.3133461089347134
0.6835,0.04915236328571933,-0.34040232128992204
0.683625,0.043767363331336226,-0.4977937230076039
0.68375,0.12654924678984772,-0.4319591352475851
0.683875,0.32246116626415006,-0.35422524318861565
0.684,0.541297535159976,-0.2893514295652732
0.684125,0.5720630536461859,-0.36250976465737056
0.68425,0.5215117994645061,-0.38454145660620137
0.684375,0.3781394241980431,-0.2716675684294492
0.6845,0.2665451588066603,-0.0019068661037664753
0.684625,0.264897893426369,0.07875112772491472
0.68475,0.40375965075801995,0.05270634743878673
0.684875,0.43604894735099176,0.0032586783299703693
0.685,0.43729767837968536,0.12341728872084708
0.685125,0.3857294745544348,0.29280922910715684
0.68525,0.16473990138766484,0.4344511134442589
0.685375,-0.04306987430446844,0.4976670707190606
0.6855,-0.08114840287592419,0.4612753247398087
0.685625,0.04756834621767641,0.2612446958884733
0.68575,0.22026869014929595,0.2517433693062402
0.685875,0.10295460546694364,0.2660166171719632
0.686,-0.02460283521324757,0.3341113652559911
0.686125,0.0970324184349238,0.40445535445693
0.68625,0.21276457841367455,0.40669947732385364
0.686375,0.20835719713925932,0.37378395787768176
0.6865,0.04720059135633057,0.1721623673918391
0.686625,-0.045766106993094476,-0.005150854828140757
0.68675,-0.010896245085315937,-0.07200710137373177
0.686875,0.13091159086548446,0.04115678985398923
0.687,0.11650274458206229,0.14685479403629362
0.687125,-0.028576904350809847,0.10004078644316235
0.68725,-0.09436970438896862,-0.007619186595294565
0.687375,-0.09965696068509053,0.04183505695335618
0.6875,-0.07401264878266633,0.2072321318203594
0.687625,0.028108107989088072,0.2187300690492253
0.68775,0.02074841263130266,0.041774669344197664
0.687875,-0.03161895555331512,-0.06152181331290195
0.688,-0.049460339926346936,0.015517213800871099
0.688125,-0.15124866766190992,0.0995566430923581
0.68825,-0.25179079904273133,0.12983648384362684
0.688375,-0.2519304180288006,0.042130063138403985
0.6885,-0.1281478952349187,-0.0597693774636146
0.688625,-0.09916267868363028,-0.10060070396831103
0.68875,-0.1712508866084764,-0.01777986872317346
0.688875,-0.15187209570827323,-0.010685952683238867
0.689,-0.027535420621516645,-0.0031115248142979442
0.689125,0.20635123839094116,0.00011576852978986358
0.68925,0.24144832049673665,-0.04459253697103684
0.689375,0.08824491326924211,-0.12516183075133108
0.6895,0.11609886106218198,-0.21391048471576593
0.689625,0.08846466830988914,-0.283809364750787
0.68975,-0.057072651872806454,-0.09570310962186648
0.689875,-0.2678063337333508,-0.08031137260827621
0.69,-0.42882088566219323,-0.1593308187566336
0.690125,-0.3856262416549632,-0.16977471869245742
0.69025,-0.32855903528357006,-0.0057989954235935235
0.690375,-0.2656599259870988,0.20150924309163779
0.6905,-0.26815451474082486,0.17316551187394058
0.690625,-0.5058718863209565,0.13744421327250667
0.69075,-0.6193603635663608,0.0263791102277517
0.690875,-0.5467761828332456,0.048627937200532795
0.691,-0.41475937409048413,-0.033825631804670644
0.691125,-0.23546839466767724,-0.24931452841971188
0.69125,-0.2786699915019603,-0.34010544517649727
0.691375,-0.2610308322121082,-0.32111736918941297
0.6915,-0.15391875130928107,-0.2385520687395154
0.691625,-0.04525939594348128,-0.22091198698188466
0.69175,0.1242759607477178,-0.2624655852138804
0.691875,0.4547621743190155,-0.39361703535755244
0.692,0.6874595268506001,-0.5839479522811627
0.692125,0.5775564178556399,-0.5330815231911088
0.69225,0.19770784369006392,-0.34459918226958125
0.692375,-0.03399202933460389,-0.18526747973406205
0.6925,0.1139512730992844,-0.174718529737677
0.692625,0.38223063871578933,-0.2490015407964158
0.69275,0.4290372548084937,-0.12675099156566327
0.692875,0.3078519438646926,-0.03669296078781863
0.693,0.2534803850646268,0.11415561840157591
0.693125,0.1959572172986041,0.4289840872476061
0.69325,0.18693862126106892,0.6295151183012768
0.693375,0.1834132832452539,0.5080795043779918
0.6935,0.15920189688584555,0.13788209106815016
0.693625,0.29414903673977333,-0.01400386202403301
0.69375,0.31907178956057447,0.09103188113937617
0.693875,0.2036552814076533,0.3556029182961431
0.694,0.03229571417281185,0.40897060941630514
0.694125,-0.06533396224372331,0.29827815387361745
0.69425,-0.039943402074500936,0.196799319827847
0.694375,-0.07719728936282282,0.22295920418585619
0.6945,-0.03127340867439879,0.16089486130068503
0.694625,0.08764867905264154,0.17498894132162335
0.69475,0.1694500483621277,0.20584492889443415
0.694875,0.027063601227798405,0.2866664600406976
0.695,-0.10121274049057485,0.29338304552707495
0.695125,-0.07651314971574306,0.21714672620612036
0.69525,0.03256218622843012,0.03398422649042586
0.695375,0.20992832132245426,-0.05853644318067462
0.6955,0.16541769909705173,-0.0656309477799801
0.695625,0.08897631741849515,0.004863495077459377
0.69575,0.044309818242292597,-0.02813264395673295
0.695875,0.0015725423565688059,0.0979349326128149
0.696,0.0009132687830442292,0.11555725709983163
0.696125,0.07648182284872482,0.051196742251282804
0.69625,0.09300899699788993,-0.0703253880816698
0.696375,0.055321802555604475,-0.03562978569524676
0.6965,-0.14672248571759353,0.09905763324362495
0.696625,-0.32000745247742446,0.2264678458073411
0.69675,-0.4009624876654114,0.1730070107335735
0.696875,-0.24518505152038939,0.08164050039572474
0.697,-0.05072386907251045,0.019903043347311255
0.697125,-0.1351908376669172,0.010363258060786838
0.69725,-0.2524746080793902,-0.05861886220263482
0.697375,-0.3079421689671828,0.059348139370769326
0.6975,-0.07289185006340666,0.11815126140950483
0.697625,0.2183100253460953,0.047581728768502814
0.69775,0.26498940851026614,-0.11798382073810355
0.697875,0.010512303233557356,-0.32753063556095985
0.698,-0.19771641517974164,-0.31765623009720256
0.698125,-0.13518260824814152,-0.18067097059770656
0.69825,-0.08194943164720334,-0.034946514807511514
0.698375,-0.10769361615855122,-0.10382014500886752
0.6985,-0.2629023596887213,-0.25674662983515495
0.698625,-0.2898247709699412,-0.2899582981088804
0.69875,-0.20445105958075777,-0.09284979437927655
0.698875,-0.15518445384606364,0.21961099722640426
0.699,-0.2454172230211093,0.23081896538098592
0.699125,-0.2315006078681794,-0.0697202952513718
0.69925,-0.05358023652894734,-0.1835204413769368
0.699375,-0.11174532187028284,-0.12684818192255215
0.6995,-0.27381300820608867,-0.04532520928562416
0.699625,-0.3164093172427571,-0.17154744078321876
0.69975,-0.1932574316510529,-0.29368291192974494
0.699875,-0.06712432515276068,-0.20035795218027547
0.7,-0.26086512995390865,-0.09504991646596193
0.700125,-0.5055089558089114,-0.16524419175750168
0.70025,-0.5011620147883038,-0.17546330400402194
0.700375,-0.3295406114732705,-0.14786737740326358
0.7005,0.10882594595691975,-0.0852946523235949
0.700625,0.3429817129605631,-0.07652376180174168
0.70075,0.4401722287782367,-0.19822324840944927
0.700875,0.3448163556956817,-0.2812810773378172
0.701,0.41356128878074433,-0.22340425434378347
0.701125,0.48437317378338085,-0.10563375126251226
0.70125,0.49874820829995786,-0.14954029942660166
0.701375,0.4666052552650029,-0.3854758775399539
0.7015,0.3072965621867228,-0.428628193412141
0.701625,0.2835888948580885,-0.296488803969487
0.70175,0.29536841524162455,0.08145277095321851
0.701875,0.3457898414023073,0.36958406014389356
0.702,0.26103626330948554,0.4145266099980023
0.702125,0.14594098584324078,0.34449144851510605
0.70225,0.1354297773858265,0.3604267304221968
0.702375,0.07366085989709135,0.37587790458123543
0.7025,0.02695954001141226,0.44664697425881394
0.702625,-0.10210448989459525,0.3817965850248234
0.70275,-0.04630242979123864,0.2724266278854333
0.702875,0.12848176407175382,0.2613879610736834
0.703,0.329052718771752,0.24610022553289226
0.703125,0.25354949004428207,0.34093554663347214
0.70325,0.0779459781240654,0.23997298978862547
0.703375,-0.045240216192747595,0.1268752766715282
0.7035,-0.03977878953916946,0.07545935821039958
0.703625,-0.03935535775339602,0.042712660038312575
0.70375,-0.021519944819168038,0.001214955718242768
0.703875,-0.015169252151226198,-0.07344795478173693
0.704,-0.04006113971149183,-0.01072702178667069
0.704125,-0.00884379370109596,0.11140575060933461
0.70425,0.03879362408031695,0.3101519174157582
0.704375,0.06731418577190296,0.2624189877716628
0.7045,0.06611447495868364,0.14272345019520072
0.704625,0.0070045628060532526,-0.029822050664261086
0.70475,-0.12720176650171697,-0.023179904808110836
0.704875,-0.27785068994460116,-0.05707322511670084
0.705,-0.24017434646627753,0.04292909980768711
0.705125,-0.06052080056176163,0.010192481298060769
0.70525,0.18143713084296137,0.03230588445924946
0.705375,0.2287740473312467,0.07252747630658354
0.7055,-0.026014187083874506,0.04758590908829881
0.705625,-0.2820962007857585,0.058798061856365
0.70575,-0.3841440001721803,0.05039892112178584
0.705875,-0.3867512168969929,0.06934948679887927
0.706,-0.3974858232369343,-0.17456074954377707
0.706125,-0.3708751230457677,-0.2681282168238661
0.70625,-0.10985548825888565,-0.21427994108519266
0.706375,0.07817201278778471,0.013584913682611248
0.7065,0.2630858613999291,0.14044633050985553
0.706625,0.0371032016783116,0.2113672361398354
0.70675,-0.20899454012299387,-0.02448700050753474
0.706875,-0.45066363398875414,-0.24238655005082513
0.707,-0.39195983535337015,-0.33426718594333976
0.707125,-0.3247785961361136,-0.343407921527563
0.70725,-0.21549191433851103,-0.34787945914876084
0.707375,-0.27673802285751153,-0.3453850947126545
0.7075,-0.3654770168277549,-0.15456598074448333
0.707625,-0.27635328797656844,0.09831440947872642
0.70775,-0.2652489020219451,0.24290745502394676
0.707875,-0.35904424338778,0.0619736535308319
0.708,-0.4575646703087355,-0.2349341691691709
0.708125,-0.2397304361307356,-0.4090878404572664
0.70825,0.03894316051005026,-0.34977790248429397
0.708375,0.23844196688418964,-0.24119747045099266
0.7085,0.1495192036959562,-0.2109716416064834
0.708625,0.12294016280482074,-0.2943155319472175
0.70875,0.2924018698210344,-0.32148306281091926
0.708875,0.507546270381696,-0.2785751819235226
0.709,0.498586258318245,-0.27806050093266327
0.709125,0.38497056626240445,-0.3313538092103827
0.70925,0.2602564521380956,-0.33514753807464925
0.709375,0.19970710758171517,-0.23870754534186595
0.7095,0.10660880471599614,0.09538413170008145
0.709625,0.21015164786673807,0.26451265956184644
0.70975,0.2179702168460313,0.1843346835798833
0.709875,0.2508245154442559,0.10368192642320577
0.71,0.11371844479792083,0.23504743773496778
0.710125,0.042727720527307195,0.3878378635413815
0.71025,0.04161266240079019,0.48303089008946914
0.710375,0.24189305276695355,0.3746916445944322
0.7105,0.26336684435900026,0.23598366049744537
0.710625,0.10436411026602053,0.12893618457596412
0.71075,-0.11174681006583977,0.14510423313801876
0.710875,-0.07300872407081885,0.1325094897410556
0.711,0.13154781699270215,0.24727285469267984
0.711125,0.2469810914714196,0.22263488698828457
0.71125,0.15862488621300233,0.09136602121200399
0.711375,0.008255739191513097,0.06352534636735456
0.7115,-0.011548397920282456,0.08329069651425947
0.711625,0.16243999547620475,0.1514918915418922
0.71175,0.43318599042655864,0.22185001307127364
0.711875,0.4918607741999383,0.1105999035013251
0.712,0.3239603003468895,-0.12892261879323194
0.712125,-0.048412411835984354,-0.04880928383724698
0.71225,-0.2188914837683699,0.10685400088019141
0.712375,-0.10549129462184105,0.23405798724986882
0.7125,0.1402703819998488,0.1425547105600418
0.712625,0.07464867051981475,-0.046659472816968514
0.71275,-0.21136539702161736,-0.014109679967203874
0.712875,-0.3868682296006833,0.18271257733647642
0.713,-0.4120959363882058,0.4172417673584722
0.713125,-0.24272958350218277,0.46102295252814457
0.71325,-0.13766007291198698,0.3001487673919916
0.713375,-0.00987456961671958,-0.017214622029386954
0.7135,0.048355555540946484,-0.1885986348335607
0.713625,0.04571068095142076,-0.08263766464321384
0.71375,-0.12236941662761289,0.07990241324591352
0.713875,-0.3255663768729981,0.08544636027408609
0.714,-0.2946636381579571,-0.16190063169960764
0.714125,-0.09585746746992034,-0.4069726432575305
0.71425,0.007482930049981518,-0.35950482456370586
0.714375,-0.04438655429628523,-0.26663110562767545
0.7145,-0.09517450176348992,-0.12061714845848055
0.714625,-0.015610594976663067,-0.02487945518587622
0.71475,0.21833261585190727,0.07172294994191318
0.714875,0.23894861700191455,0.06804932833862364
0.715,0.05271677558713526,-0.11007063845932183
0.715125,-0.22336474286343064,-0.23995594084546387
0.71525,-0.3367087265068838,-0.21679205402007798
0.715375,-0.3701296012645937,-0.12051790250690905
0.7155,-0.5607077937707217,-0.013169764152405599
0.715625,-0.7440072034361019,-0.058979621772974875
0.71575,-0.6714404404874292,-0.10643634251183687
0.715875,-0.40362159813484144,-0.009298133930936781
0.716,-0.17295429529015185,0.18226019171549251
0.716125,-0.1028570987554328,0.22046496922946512
0.71625,-0.22966665972752642,0.009007873249130749
0.716375,-0.1800805332063489,-0.22136107898282678
0.7165,-0.06370016172335671,-0.3062143004022512
0.716625,-0.027847364254750703,-0.33886707628057616
0.71675,-0.05851695008319307,-0.47563371891048595
0.716875,-0.0024448288802674644,-0.6470971321705069
0.717,0.14666987651338348,-0.5886343462950451
0.717125,0.3739959959946947,-0.3570246984956995
0.71725,0.45398821147696306,-0.14844077789680005
0.717375,0.22135009021498647,-0.11401918152154956
0.7175,0.21203384131573597,-0.15106149528130458
0.717625,0.3214255581144585,-0.13544171449858472
0.71775,0.4925852822449724,-0.03490744186592519
0.717875,0.4475687758473804,-0.011172178171223545
0.718,0.18943674500431368,-0.046986596995974274
0.718125,0.017476287973602997,0.03575214736348095
0.71825,0.003051048343545047,0.1747979032230247
0.718375,0.24373406705665843,0.3826484998569914
0.7185,0.3617786890994478,0.3744988552781503
0.718625,0.4341856668056945,0.27219646980482837
0.71875,0.3693820830474968,0.18055769186057105
0.718875,0.30352857055434074,0.30864235777156523
0.719,0.26165734904255517,0.4038214523133445
0.719125,0.05245192293505923,0.4028969879567809
0.71925,-0.007978002746724841,0.2210793305742407
0.719375,-2.1917545335078002e-05,0.0007554719298641021
0.7195,0.17001187348420513,-0.03106367654082609
0.719625,0.22640313540162532,0.16652939895375982
0.71975,0.020329286275369736,0.3444042188824504
0.719875,-0.24830649068784172,0.3960525787033775
0.72,-0.2659783283211248,0.3756283190602818
0.720125,-0.1409606802862268,0.28553160478475376
0.72025,-0.12785341435415243,0.17243279741714293
0.720375,-0.20567579121836016,0.07490069736028325
0.7205,-0.07841490010301735,-0.0350355329579321
0.720625,0.230566654192563,0.008745050770818368
0.72075,0.4759681755280392,0.17687950825606205
0.720875,0.3917253267031694,0.21071080789202362
0.721,0.08999410373890676,0.02972527948321935
0.721125,-0.20274249449312934,-0.16397132410902562
0.72125,-0.2939972270249195,-0.23661990648352785
0.721375,-0.1742651269184126,-0.14460849892010072
0.7215,-0.07199717724733752,-0.10591520963747265
0.721625,-0.03078185049511465,-0.17359826782477186
0.72175,-0.12107380742128519,-0.04037541375385658
0.721875,-0.1854881788593644,0.24773136580553878
0.722,-0.1427512445047449,0.44841063286549304
0.722125,0.08448415770337393,0.3792736052438795
0.72225,0.19152083660751054,0.10189359645517525
0.722375,-0.045339014701381145,-0.2262302649507807
0.7225,-0.276465575586637,-0.21659412358461463
0.722625,-0.3988010462850139,-0.1819452840249181
0.72275,-0.20339270671094312,-0.06289644639951235
0.722875,0.032066388399540444,0.003679447433155509
0.723,0.17898405565199862,-0.1141273502027943
0.723125,-0.08917067044056502,-0.20907527620908628
0.72325,-0.4182448646340387,-0.13169520889022285
0.723375,-0.7260755038061109,0.06413757263006703
0.7235,-0.46499962298684216,0.1661020252203761
0.723625,-0.17511355432884404,0.0048007148143854456
0.72375,0.05644567439719614,-0.25026144628873337
0.723875,-0.15054552684886552,-0.3196822603871895
0.724,-0.39577663573612387,-0.2201992643941497
0.724125,-0.43480832097152444,0.06155335425225727
0.72425,-0.20907100793106273,0.15735107451150476
0.724375,-0.17340744377827602,-0.04639325217772278
0.7245,-0.32754470288437093,-0.38386971092109023
0.724625,-0.3817951523657356,-0.5954920697074049
0.72475,-0.2877896155848161,-0.40675575388792906
0.724875,-0.003330768281542835,-0.13681347528845966
0.725,0.30275281003300125,0.06060510649570954
0.725125,0.36709406435374486,-0.11108683659098598
0.72525,0.3637334385740735,-0.3530293717625323
0.725375,0.27797278101410106,-0.3520448420621866
0.7255,0.2419625973864156,-0.22171175435943874
0.725625,0.30870013820972525,-0.1342682996232241
0.72575,0.2895924488843667,-0.2217543207365616
0.725875,0.18390537635066656,-0.3755520060068454
0.726,0.052378126538769304,-0.2526344618691973
0.726125,-0.011713804625947174,0.03913643224175465
0.72625,0.1428781792199674,0.2660676338958154
0.726375,0.3506340007902014,0.33641066122322366
0.7265,0.4513868546737238,0.30410908690967453
0.726625,0.34857623917007774,0.2647665547083033
0.72675,0.2950675610763132,0.24245422483299742
0.726875,0.397867433310102,0.23727063164350032
0.727,0.3290051104307473,0.2394035517821245
0.727125,0.07061940303066981,0.216112427964246
0.72725,-0.2557081509788449,0.06763625212901846
0.727375,-0.2946125657232194,0.058403840872157
0.7275,-0.1723491281882604,0.04122465361196304
0.727625,-0.012328690260759842,0.2750732162177114
0.72775,0.052350592660743725,0.38625916526430265
0.727875,-0.035335015292683326,0.30520119926171835
0.728,-0.1414174017350891,0.26551199406653886
0.728125,-0.10462425111605424,0.35022364475857176
0.72825,-0.041101745597373285,0.29885078337063875
0.728375,0.13126803931145062,0.0366473341676988
0.7285,0.15014985026186775,-0.19811793351297918
0.728625,0.1101600858285407,-0.30196591285678087
0.72875,0.2113951437763166,-0.13615049088420583
0.728875,0.4136895910929407,0.0018705350665750885
0.729,0.5469789070713037,0.027344012078931456
0.729125,0.47226219210187287,-0.010848753476226231
0.72925,0.1994684004356063,-0.15706603270972677
0.729375,0.008275166274684482,-0.0824309997838204
0.7295,-0.0578471899772654,0.0013119086596038864
0.729625,-0.010133324146562633,0.10473973322223527
0.72975,0.018883823622629275,0.14575860600052745
0.729875,0.13084011077432017,0.0919425282381876
0.73,0.022365064022585205,0.15774574402561492
0.730125,-0.15841620579214755,0.35316375305646475
0.73025,-0.3533375233137577,0.4586129744368223
0.730375,-0.39449325722333345,0.40715050533060626
0.7305,-0.22158353251983987,0.1768681506333248
0.730625,-0.11357772614556019,0.022875728170345996
0.73075,-0.22129786822012887,-0.00843712404595759
0.730875,-0.36443073138846077,0.024642706773080905
0.731,-0.3366079675998321,0.06899209696373952
0.731125,-0.16616344037172553,0.0651335514213688
0.73125,-0.10252328595021516,-0.03399684387972268
0.731375,-0.15061869159609384,-0.18337213222205337
0.7315,-0.2180678736453933,-0.33879155328873667
0.731625,-0.07566734262585695,-0.37749617877990255
0.73175,-0.054285543702395245,-0.2361464184838621
0.731875,-0.16214052401378037,-0.1140453213912151
0.732,-0.2369118234940551,-0.18852744946314687
0.732125,-0.39732334992120305,-0.3048109545901973
0.73225,-0.4886999061377151,-0.29697167056292784
0.732375,-0.5980109274438862,-0.14573741096490533
0.7325,-0.48238135877172145,-0.05331427484633073
0.732625,-0.24854185383646074,-0.11152062720743741
0.73275,-0.05592871075967505,-0.18474500995132334
0.732875,-0.07941917213182284,-0.07533429423909198
0.733,-0.07385986706374369,-0.018344285939036316
0.733125,-0.02045224719970844,-0.09462920287004929
0.73325,0.019234464806150233,-0.21520668016013392
0.733375,0.003495020151740011,-0.30594543237604604
0.7335,-0.1820856722937101,-0.4531544135586085
0.733625,-0.16345458907481442,-0.5197242742233023
0.73375,-0.04662222332905202,-0.4602166252837882
0.733875,0.09357467339255003,-0.19604474007954956
0.734,0.23998417193968755,-0.05267251746269629
0.734125,0.31043465521492364,-0.0005415497564481678
0.73425,0.4761978306519282,-0.055736425979350974
0.734375,0.6376214141629104,0.015001214292887996
0.7345,0.5813683174303419,0.04730412006096399
0.734625,0.3554192381343316,0.0016004443379486345
0.73475,0.3075332880957892,-0.12601354388694883
0.734875,0.29009913650944474,-0.15823001780851184
0.735,0.3892964319738654,-0.04850955614322266
0.735125,0.4234981979505649,0.07118070804922517
0.73525,0.22211692831839047,0.2379534869336821
0.735375,-0.02179699426810424,0.27673130166925725
0.7355,-0.16999381014437925,0.3915270664294483
0.735625,-0.08673612458823349,0.5499837830112132
0.73575,0.20059212570955134,0.5118893536305301
0.735875,0.3580617033860191,0.37090173760874645
0.736,0.23882872308287023,0.24245811452346527
0.736125,-0.04092373032633031,0.2655646510209506
0.73625,-0.10302693890036728,0.37458863033831674
0.736375,0.11897925559411308,0.34345683129747545
0.7365,0.3293093346835434,0.18970395314803737
0.736625,0.31344562016698363,-0.03197097656599913
0.73675,0.026832002842087744,-0.17997624704851406
0.736875,-0.3297537507679862,-0.08864136117812538
0.737,-0.5311310321412448,0.16110979784758403
0.737125,-0.5583344056267563,0.3096673933883607
0.73725,-0.20332539736416708,0.17103191309687163
0.737375,0.09417320061405579,-0.024218461463079686
0.7375,0.30693356520210313,-0.08510918524344509
0.737625,0.27672308359057307,0.09618382895170441
0.73775,0.2310957164817498,0.2816566332765585
0.737875,0.08234314146473923,0.3254366005800315
0.738,-0.03746667712450168,0.04981058485147425
0.738125,-0.10460163108468812,-0.33124914563824626
0.73825,-0.27223860007766676,-0.5384332596953038
0.738375,-0.28018289861680346,-0.42419353633724305
0.7385,-0.1807893192395664,-0.17241522842484075
0.738625,0.007053800067697966,0.04456845453989986
0.73875,0.08147754667578085,0.22668295223269044
0.738875,0.02384622456196301,0.2773425305017054
0.739,0.12374140179870842,0.223510791445902
0.739125,0.20153639652692032,0.11626739870858666
0.73925,0.3376859145457447,0.037070556624642724
0.739375,0.10581596075862203,-0.06101630194484042
0.7395,-0.44091124376607393,-0.21571920507235962
0.739625,-0.6988618618537853,-0.2538698094931212
0.73975,-0.5226465823244729,-0.13842519387612967
0.739875,-0.009005473977977595,0.04241395147850693
0.74,0.127345123204035,0.07029206932040523
0.740125,-0.17986185611976221,0.030491205392191117
0.74025,-0.6594385993097986,0.0472082889565891
0.740375,-0.6993094289753792,0.22679364640243976
0.7405,-0.4072032706114875,0.2884212027849922
0.740625,-0.09424520852874527,0.08826166428572886
0.74075,-0.20374980229498837,-0.4199887502160297
0.740875,-0.4418148353926989,-0.6487079832792699
0.741,-0.389206841547098,-0.4632450724259882
0.741125,-0.13735215815007745,-0.01247814810198462
0.74125,-0.09596138365418705,0.11240843309707582
0.741375,-0.1511696195511602,-0.19700755563445327
0.7415,-0.08604975715267067,-0.6055440462575572
0.741625,0.1789883508910668,-0.6424657853035988
0.74175,0.3608404445362115,-0.325847772243808
0.741875,0.20183063962267758,-0.09784344759168108
0.742,-0.0957063653483946,-0.18348529677005948
0.742125,0.005748601813639681,-0.3396658915913191
0.74225,0.25529868900916514,-0.34353120949018634
0.742375,0.4648393717418855,-0.13937219528461348
0.7425,0.38173666937065565,-0.05289188047125807
0.742625,0.15997223589383106,-0.13094325038539853
0.74275,0.2401453194199002,-0.07562818989718689
0.742875,0.4088349484706826,0.1678391656623858
0.743,0.48421448840268727,0.3324022744851657
0.743125,0.47310764184637744,0.13203856594448007
0.74325,0.3072161333138147,-0.07179349570751993
0.743375,0.16641854278273457,0.03204290001391924
0.7435,0.06959613300276854,0.21961833572360115
0.743625,-0.046186858543551645,0.4005827613006346
0.74375,-0.05017668471298802,0.35227292555434764
0.743875,0.16094847992348701,0.19312472132682323
0.744,0.1344356186468965,0.16117078578440946
0.744125,0.058200811523773224,0.3367432713335686
0.74425,-0.08198796612083858,0.4326723274571233
0.744375,-0.09878703250972311,0.4056429661150045
0.7445,0.0809600527830327,0.2744060015857465
0.744625,0.25455921306648477,0.15576425652511794
0.74475,0.23474077579342856,-1.766964394856159e-05
0.744875,0.09665898583622312,-0.04070967484672888
0.745,0.073002555856671,-0.04302752776980007
0.745125,0.21247295741342861,0.12446488452859202
0.74525,0.20380630544703213,0.0990771965829103
0.745375,0.034357061688976065,0.05799656700400269
0.7455,-0.1832981565875768,-0.07955671244642441
0.745625,-0.2057932441141121,-0.10544575799060178
0.74575,-0.20071675398087765,0.09586786970768192
0.745875,-0.005032349795740122,0.21377153555907324
0.746,0.12392159801358907,0.20452737786660763
0.746125,0.2193574729772041,0.12843318258289155
0.74625,0.12988441912112586,0.1194291912104365
0.746375,-0.035233260064084525,0.20176881499160357
0.7465,-0.07261791576375666,0.1591323131027122
0.746625,0.028395740316058748,0.040191705479789765
0.74675,-0.16243257311365913,-0.08795867021735879
0.746875,-0.2845875284232778,-0.1571309303082349
0.747,-0.36166161603608676,-0.1446455319619308
0.747125,-0.1285357515194417,-0.011313032616824628
0.74725,0.06500515347534354,0.11599990175938782
0.747375,0.022567736419876975,0.238477966195859
0.7475,-0.13785167676492954,0.08278510613505365
0.747625,-0.06014781714423372,-0.02169961434472254
0.74775,-0.08756681160212663,-0.04941849332773963
0.747875,-0.015501196886676045,-0.00969045374292117
0.748,-0.11066283967500207,-0.08927031782874287
0.748125,-0.21974434784373365,-0.28239606501928444
0.74825,-0.36235003347794875,-0.2990900526486896
0.748375,-0.32456358099463817,-0.07899487791553568
0.7485,-0.16461289085729638,0.11880653799694117
0.748625,-0.041138463522051485,0.024673547724905476
0.74875,-0.10014092663553406,-0.0726558304333602
0.748875,-0.28230201301974656,-0.08109829036831033
0.749,-0.4517381924495993,-0.013743442661000756
0.749125,-0.4859947026003276,-0.006896120492228008
0.74925,-0.40797851756601855,-0.09476560939584083
0.749375,-0.24315667776666136,-0.1946299546840743
0.7495,-0.1650509155243354,-0.2949052035060522
0.749625,-0.2903218431383224,-0.3007657066196881
0.74975,-0.3346482449891169,-0.20249905915582764
0.749875,-0.3112938858231496,0.0012514302464228769
0.75,-0.16218613009723926,-0.02221829544069432
0.750125,-0.13323044850939877,-0.1783295590709513
0.75025,-0.03748457894233819,-0.3746035919976953
0.750375,0.14430601581896565,-0.48129359339638356
0.7505,0.4180061549436824,-0.2972552115077529
0.750625,0.6075021527195299,-0.1603786853614364
0.75075,0.5901711903325162,-0.19042611201151394
0.750875,0.5149701156449158,-0.26694503031235994
0.751,0.5647019762992704,-0.2980109392329127
0.751125,0.4961859300691926,-0.2558068908382585
0.75125,0.20887630739404844,-0.1411502653099993
0.751375,0.078673291143182,-0.09594824428656566
0.7515,0.23027829047707304,-0.019088817118219466
0.751625,0.3818837445406139,0.12709464789388292
0.75175,0.16026164343270935,0.3684680881594087
0.751875,-0.20124794790121325,0.5458423503659079
0.752,-0.3427981160945782,0.5592070022033547
0.752125,-0.0518977484492406,0.4523266406968766
0.75225,0.31580201323979523,0.4619360572772961
0.752375,0.47101474547296573,0.3812307466604699
0.7525,0.1730353113247148,0.22573366396752362
0.752625,-0.09410218950855581,0.08712407910471631
0.75275,-0.11969664227359716,0.1999272571079936
0.752875,0.1572446127557472,0.28565563862671867
0.753,0.19424453875679581,0.13224101100470814
0.753125,0.0003212985743421095,-0.19951036115140203
0.75325,-0.0176000616049365,-0.2862115307794335
0.753375,0.16931476415793015,-0.045844080662955346
0.7535,0.30115641047207936,0.2638565516038751
0.753625,0.2966436599014884,0.38805389220224085
0.75375,0.32411236165815543,0.14040685478316012
0.753875,0.1982663505398334,-0.0688948178728512
0.754,0.09265113416237794,-0.06616133398886137
0.754125,-0.13410920199181744,0.13391681633550376
0.75425,-0.131177842671462,0.13946711133205947
0.754375,-0.022496308149522935,0.049259329000515155
0.7545,-0.09576665791096947,0.023062507688422704
0.754625,-0.18196112028747444,0.1100748424835046
0.75475,-0.12557159268895546,0.2494134721029467
0.754875,0.09209450491318863,0.2817311375135007
0.755,0.10154895468102927,0.28386998480499864
0.755125,-0.1276167256687485,0.19308328372058225
0.75525,-0.28691782319084574,0.0018092769281284552
0.755375,-0.05300509538199907,-0.09166031013549847
0.7555,0.2126029063868515,-0.13819374248148544
0.755625,0.1940175672003885,-0.09611416661951601
0.75575,-0.07139049648581551,-0.061440563240522994
0.755875,-0.3903804156959824,-0.19487329243642706
0.756,-0.39578290456104565,-0.16564274775599228
0.756125,-0.22227502563390686,0.07766312180789453
0.75625,-0.18220050276025093,0.07990772228484287
0.756375,-0.3434290951875828,-0.12105718888734868
0.7565,-0.4696696571129325,-0.2836828238621837
0.756625,-0.2897464506374572,-0.09068551927125457
0.75675,-0.1423467448106951,0.16633918448812887
0.756875,-0.0568596542186617,0.2102299479127519
0.757,-0.14541913396578435,-0.13414012171940853
0.757125,-0.21318839461002945,-0.3844821628528838
0.75725,0.014186109698552421,-0.35568492557057213
0.757375,-0.0836713146242258,-0.2370894859448706
0.7575,-0.2647906015570074,-0.16361700219196249
0.757625,-0.43649837370184214,-0.3161528541036153
0.75775,-0.33324852154726264,-0.4469181569393922
0.757875,-0.26126845589721487,-0.32499612103901915
0.758,-0.2723969920613909,-0.05405667203353402
0.758125,-0.23239049397328967,-0.1078311316944838
0.75825,0.007401844916924361,-0.16063678590362884
0.758375,0.24194277569473005,-0.14594911011961179
0.7585,0.20229617111233492,-0.022006047463767765
0.758625,0.04038254711828131,-0.04644647831964311
0.75875,-0.12232750605564857,-0.21576980989292485
0.758875,-0.03322070729657973,-0.39878104492508964
0.759,0.2886116171873609,-0.33438188938203295
0.759125,0.5528505398351578,-0.26848613081042405
0.75925,0.4692798428922001,-0.26286833137036886
0.759375,0.2960391187427509,-0.24702670168245114
0.7595,0.08177502812670943,0.007427181104820804
0.759625,0.172152264708947,0.1953447731735192
0.75975,0.4784850924290551,0.24810569824841228
0.759875,0.4869383807865336,0.06043314812280859
0.76,0.23705617491278896,-0.10102391214831327
0.760125,0.08477652873884574,-0.03539631135029744
0.76025,0.18045701578192258,0.24423687616544215
0.760375,0.3950614115092959,0.4877560477302932
0.7605,0.3728594684215765,0.4927255567307946
0.760625,-0.005614787389794631,0.21360779816775868
0.76075,-0.2841825004592382,0.06991603959746259
0.760875,-0.1610349758818539,0.15009256626446113
0.761,0.14041628462009215,0.43012667180846725
0.761125,0.22360400886139886,0.4423254453884349
0.76125,0.24344245119104319,0.2664326923231576
0.761375,0.27011736397438696,0.10970674586926768
0.7615,0.31128838667891967,0.25005009097653674
0.761625,0.1767159082930456,0.35312692191963324
0.76175,0.054590018407853234,0.30797921858068567
0.761875,-0.12142967584384294,0.02290679379228067
0.762,-0.13404073091481908,-0.24675030780842125
0.762125,-0.09259968837123775,-0.16566091085079418
0.76225,-0.016924307442891827,0.07238174027379718
0.762375,0.030732153431290238,0.23036276837994665
0.7625,0.1805475539298275,0.18586049647566694
0.762625,0.19732917218341364,0.21076246147126015
0.76275,0.13618805667562517,0.22884414498208297
0.762875,0.042011260838875235,0.18040603194934698
0.763,-0.02331049269693456,0.0063777800632962645
0.763125,-0.21415935560076116,-0.10445536369371215
0.76325,-0.2452227860311383,-0.1398911291900719
0.763375,-0.18236471323971595,-0.08434863883902483
0.7635,-0.1688721654758234,-0.019372917253819805
0.763625,-0.19424662528297945,0.10440337923583147
0.76375,-0.22168172192277744,0.15847424844566282
0.763875,-0.15813116100699665,0.13766534230241412
0.764,-0.13761301318852756,0.15640189750072755
0.764125,-0.09886410669886549,0.05546341531813172
0.76425,-0.1815274962634003,-0.09167750107366478
0.764375,-0.2637110029331913,-0.17371707264357403
0.7645,-0.360523898633552,-0.20963994343504103
0.764625,-0.2908568506361083,-0.17298437540763117
0.76475,-0.14621931009913983,-0.14588911947156585
0.764875,0.05869480551915189,-0.16378476242982284
0.765,0.05474954471485944,-0.2160102406346922
0.765125,-0.2259054604269439,-0.1900139802481498
0.76525,-0.49563468855215714,-0.15401836852558226
0.765375,-0.49688643303971836,-0.09433027655169048
0.7655,-0.17138369767716466,-0.16324888421189174
0.765625,0.16530742352744454,-0.2354392326051198
0.76575,0.1715623403834285,-0.28790448370843236
0.765875,0.05908639165880412,-0.284673687569881
0.766,-0.09661251091540213,-0.14048268520125132
0.766125,-0.15114512972405814,0.004817052809549874
0.76625,-0.23441584233810103,-0.003979642235769768
0.766375,-0.21468692409729473,-0.1888826881473582
0.7665,-0.25626530944352544,-0.41734756556349417
0.766625,-0.12388538637146333,-0.43303235101394516
0.76675,0.1138553889138988,-0.15676059216157862
0.766875,0.14653260130584547,0.1563272575577149
0.767,0.11139229017788291,0.19532334275832325
0.767125,0.14991868666033265,0.0774880314428738
0.76725,0.23867566998015424,-0.03719080432713667
0.767375,0.27288047193505227,-0.1404721788581407
0.7675,0.2720339053480275,-0.17529505092991263
0.767625,0.14581272716406146,-0.18796685988444656
0.76775,0.14811131974212,-0.19931993342543308
0.767875,0.21464888776448968,-0.08422161351266119
0.768,0.29903517287901854,0.11075690406361896
0.768125,0.02479467733456412,0.1555949490275372
0.76825,-0.15649214690742388,0.10719490478613558
0.768375,0.001542983385390721,0.07883248885884102
0.7685,0.2895149725418409,0.22504189248897208
0.768625,0.4041115388894183,0.2498950593349619
0.76875,0.19302359633957925,0.21092983133333937
0.768875,0.02532737695851275,0.14508905175006523
0.769,0.08945896428926128,0.10127352561807411
0.769125,0.24734297321146345,0.19501918144467253
0.76925,0.33807241717313,0.18167311121606491
0.769375,0.2682695452165887,0.00044734640506994606
0.7695,0.0557146201589509,-0.12752249946723668
0.769625,-0.09388607478772645,-0.0016498967195898325
0.76975,-0.1600300768945493,0.26535502747295625
0.769875,0.016517158253809002,0.35499293837559787
0.77,0.21736701748908469,0.18755214887950136
0.770125,0.3270680306515867,-0.01222251113456715
0.77025,0.1879313922061771,0.10319840038335587
0.770375,-0.10532101966574743,0.23609688011971666
0.7705,-0.0668567553495122,0.3308418763222406
0.770625,-0.015777350358087246,0.18324059244905472
0.77075,-0.028577084756888443,0.026644327377259244
0.770875,-0.03712827836514692,-0.10987217602986173
0.771,0.11140483013568186,-0.09729378964322385
0.771125,0.22303026596933742,0.014760089342791936
0.77125,-0.032406838948827336,0.1911064319688383
0.771375,-0.42944254550679006,0.31826810411860174
0.7715,-0.6994929638189824,0.10470915251447183
0.771625,-0.5289318037117108,-0.12388165211152384
0.77175,-0.029591966704470875,-0.06347992723294417
0.771875,0.3880836115557808,-0.022104915566415643
0.772,0.35749374020925934,-0.002332532762769879
0.772125,0.15399342892365842,0.0007376725895807536
0.77225,-0.17579981962006003,0.10726389783321916
0.772375,-0.29145212520823083,0.15587991167468584
0.7725,-0.16743250424203454,0.019507944214693852
0.772625,0.06459600326925609,-0.39558518763877887
0.77275,0.18936020996738584,-0.6182271486690484
0.772875,0.08863365153941534,-0.4394162363488439
0.773,-0.09431840864161298,-0.020273923899436316
0.773125,-0.10201082614652164,0.24593279765456139
0.77325,-0.09196149012734095,0.34139683844125923
0.773375,-0.1534960178046018,0.08069726919696717
0.7735,-0.3454931311299897,-0.10793226885595279
0.773625,-0.5923751958969281,-0.1799236950395802
0.77375,-0.5685520387348753,-0.10832078692228285
0.773875,-0.35481765940908533,0.05966448566459458
0.774,-0.19527816881278753,0.14656488038817503
0.774125,-0.2599022030892732,0.06476468633920349
0.77425,-0.4077311788877214,-0.03405674072021249
0.774375,-0.4224956693805018,-0.1110890900505836
0.7745,-0.2508533850376171,-0.09533951410985943
0.774625,-0.2337149253546085,-0.12464584256793616
0.77475,-0.30516825892352045,-0.34500452614019433
0.774875,-0.2699666159256863,-0.549692979431454
0.775,-0.1934382101709119,-0.565372469574411
0.775125,-0.05347475285964536,-0.34315276464226674
0.77525,0.13990605109329463,-0.13585709305187119
0.775375,0.24231721024560124,-0.23479054137872593
0.7755,0.29846606371707385,-0.332676180455996
0.775625,0.277055354686494,-0.37249264465244064
0.77575,0.23776839980189624,-0.2362910049371683
0.775875,0.40098914309357825,-0.17316454718180543
0.776,0.5118058394020701,-0.2084323489605022
0.776125,0.5264540758755101,-0.24126020462334735
0.77625,0.3625804076843195,-0.20394167285680898
0.776375,0.24241548230371368,-0.023874934628699246
0.7765,0.13872551613799847,0.16125014120133582
0.776625,0.26952688217578663,0.24810649195419107
0.77675,0.3107513664657553,0.22929492761634637
0.776875,0.3995383713218209,0.24838243453702957
0.777,0.32451577346008403,0.2819632597712709
0.777125,0.09856061989947752,0.3684556739520574
0.77725,-0.2244808064742229,0.4616418622393359
0.777375,-0.19639632729725826,0.4835463782024382
0.7775,0.07947521646347834,0.32557463057884445
0.777625,0.22345797649207155,0.2176483177795972
0.77775,-0.018815808576531912,0.18883837445894408
0.777875,-0.3653863033440541,0.20549509536184976
0.778,-0.4581281130597487,0.293571988857965
0.778125,-0.15893140570126124,0.34030062987933757
0.77825,0.16324784624810412,0.258561602664991
0.778375,0.3581638698487618,0.00909046829283714
0.7785,0.3886480321868889,-0.20347746133960562
0.778625,0.406433465688453,-0.21518659672191665
0.77875,0.5321037373477762,0.07789478780029935
0.778875,0.584428993768597,0.19050252400187498
0.779,0.4044174818145476,0.004171406501510768
0.779125,0.1729684116648593,-0.3135562720166031
0.77925,-0.1719091440535433,-0.3981155082730609
0.779375,-0.28655050699598605,-0.20807975251714342
0.7795,-0.20858588656596527,0.17279428912673486
0.779625,-0.23591239447271492,0.34803591969708114
0.77975,-0.22866675632921654,0.3534471388541393
0.779875,-0.09607482116599263,0.34774437684699766
0.78,-0.01596289101969165,0.4604556043895218
0.780125,0.03137175650776087,0.5489782769958065
0.78025,0.021819128682519295,0.4246433191042914
0.780375,-0.04363744378350091,0.1345793216591946
0.7805,-0.08584125196531035,-0.09775669039615803
0.780625,-0.13287135285540783,-0.23213102595858243
0.78075,-0.33769037732573925,-0.2049498046858976
0.780875,-0.33956950394371593,-0.1858851354873072
0.781,-0.24781092277472316,-0.2201055223069375
0.781125,-0.1672055784258289,-0.1273537776633604
0.78125,-0.24143292159362162,0.015221798621842643
0.781375,-0.3140986652722822,-0.02314902726303162
0.7815,-0.4685595307229756,-0.013399483747520785
0.781625,-0.32925522474950397,-0.06182709291394505
0.78175,-0.163657991985199,-0.10856392775143432
0.781875,-0.06515419755143403,-0.15222099376159368
0.782,-0.1318455107012159,-0.2653171829996784
0.782125,-0.026807413411556555,-0.28361875796240094
0.78225,-0.004352639799991323,-0.23964843241934822
0.782375,-0.1056763233119086,-0.1675085135267475
0.7825,-0.39469214221694626,-0.18066741550670046
0.782625,-0.570245489805161,-0.2654912692599429
0.78275,-0.5197512755973744,-0.32589064873392615
0.782875,-0.33472715545890475,-0.28775605808201987
0.783,-0.07072754012295426,-0.1701003476748192
0.783125,0.04953851603128313,-0.09202922161927658
0.78325,-0.11120527449649288,-0.10537055776808131
0.783375,-0.2557674083727075,-0.06402958533713039
0.7835,-0.31984111301171336,0.003184183480084272
0.783625,-0.07880622623998454,-0.10650281254221734
0.78375,0.3237571563753257,-0.39354453630215025
0.783875,0.5583781268097991,-0.5882378568919755
0.784,0.5959108161904275,-0.4905403243095274
0.784125,0.4569227975371811,-0.26667668345540696
0.78425,0.27067707178071204,-0.04569532949537946
0.784375,0.3317731555803886,0.00799592643349232
0.7845,0.4988256039099484,-0.1123106287805196
0.784625,0.4091587366847872,-0.22967388695661253
0.78475,0.2071469968094778,-0.2814770136146867
0.784875,0.12507058066744078,-0.08034795047136586
0.785,0.243563264616597,0.24103734748864739
0.785125,0.37120003979446586,0.4749312676203955
0.78525,0.3080476761530679,0.5631868176410462
0.785375,0.3141040784717018,0.43131816892032615
0.7855,0.24294739245913194,0.2862890512945952
0.785625,0.31029169392097056,0.3161082593444273
0.78575,0.12920630038895925,0.3801312620575173
0.785875,-0.12022973616945115,0.3964776217856769
0.786,-0.29184463904951946,0.1719364742230987
0.786125,-0.03982932212880501,0.165804645973208
0.78625,0.2582619783980996,0.21776154996368505
0.786375,0.2924009312200406,0.28721101397900944
0.7865,0.08500776412532789,0.2957402538171826
0.786625,-0.1359585312500826,0.24768670970454326
0.78675,-0.21563710459067137,0.23852690144577246
0.786875,-0.25257941047682486,0.29368432570013564
0.787,-0.28808438592151875,0.10345981280625688
0.787125,-0.17225730922380886,-0.09898743502571983
0.78725,0.12832320507797557,-0.17701320332473028
0.787375,0.4237933112421514,0.007698993594038201
0.7875,0.5019909457838235,0.2734967529435357
0.787625,0.36439674905390845,0.2907589097073846
0.78775,-0.05304652688510753,0.06979959386588232
0.787875,-0.3647678122950701,-0.14700512863689125
0.788,-0.2503562533594332,-0.19193268251887097
0.788125,-0.031136590483650226,-0.2659653666082663
0.78825,0.009911073008339197,-0.33515742078416905
0.788375,-0.030135450711280133,-0.19570991850509614
0.7885,-0.133572230874789,0.11078566861400976
0.788625,-0.03207669897041818,0.3607963510876451
0.78875,0.04804503330316619,0.5029952606357585
0.788875,-0.007691365976338282,0.2783585512069437
0.789,-0.13520277387764687,-0.03632565882813013
0.789125,-0.12199671704854059,-0.25693473186990495
0.78925,-0.039109878052237056,-0.2478103757385909
0.789375,-0.07043015151029172,-0.07565359041569725
0.7895,-0.2692545123550613,0.021320036433151057
0.789625,-0.35293957343961224,-0.0730847403343128
0.78975,-0.2726164315917514,-0.08629767985322391
0.789875,-0.19418283453358914,-0.033410035252211895
0.79,-0.29683567189150706,0.0625997649587193
0.790125,-0.4218051908561392,0.03228328966207161
0.79025,-0.5138424864072597,-0.0853857782049399
0.790375,-0.44233413561500123,-0.1108439571011187
0.7905,-0.3588033286423813,-0.017773910020532264
0.790625,-0.3237998076708426,-0.06623194650651179
0.79075,-0.22468925857182345,-0.2525633639636295
0.790875,0.019600584069691618,-0.32588104550485736
0.791,0.07589028322064784,-0.22597452354989842
0.791125,-0.08908358961229487,-0.16517926507621541
0.79125,-0.27861059844054276,-0.24755347393236463
0.791375,-0.26272938547958297,-0.40028588056551
0.7915,-0.10632177553175558,-0.4370683489344919
0.791625,0.11972274491434003,-0.33514893211832997
0.79175,0.2586959434876833,-0.3202364009607831
0.791875,0.2779156064627006,-0.327590219315508
0.792,0.29003599868649765,-0.15997885412081828
0.792125,0.3299748572355992,-0.030702219040872836
0.79225,0.2607960635809924,0.07241094562568817
0.792375,0.10334439622150811,-0.06434953754050127
0.7925,-0.08344324664397916,-0.2390043805585164
0.792625,-0.014787508157233002,-0.31185044648897503
0.79275,0.26076815238249246,-0.10076755323665414
0.792875,0.5902275380806277,0.06378572340617593
0.793,0.49392881366884595,0.25051271191718266
0.793125,0.27147991334941624,0.18654806419368347
0.79325,0.13243643046486162,0.23283778762816745
0.793375,0.22409099951299818,0.2789119052989956
0.7935,0.3530542679635843,0.3231895843729133
0.793625,0.3660335452712091,0.09056607110811045
0.79375,0.09914827220525757,-0.060970239635601504
0.793875,-0.21075594348616356,-0.017501535102904593
0.794,-0.31321998458104894,0.27030187993882576
0.794125,-0.02294534284053451,0.5023925148588269
0.79425,0.3107131193673685,0.42490000840902015
0.794375,0.3716180656258142,0.24500560364188073
0.7945,0.2531306899395316,0.10330320973555253
0.794625,-0.00024239096806332263,0.19255093436162832
0.79475,-0.16179485713248232,0.34694003683608093
0.794875,-0.18064821202923123,0.31766384582693274
0.795,-0.11493153340385398,0.11513087812258171
0.795125,0.06533498587701497,-0.15771026405881405
0.79525,0.1801267489645134,-0.28852781629365865
0.795375,0.29117553408465097,-0.08979534016609539
0.7955,0.20576568571465223,0.218455372964617
0.795625,0.10290263904227258,0.36392280455383763
0.79575,-0.04054891821271501,0.25803644642855533
0.795875,-0.08269185049184435,0.05495181994776026
0.796,-0.21050231209704987,-0.07582786221720259
0.796125,-0.11704441472614123,-0.12587721859130613
0.79625,-0.09714035155618773,-0.07611478927448118
0.796375,-0.07482089004866192,0.0684314503120546
0.7965,-0.2058042834999635,0.24881748998484227
0.796625,-0.2899409497834566,0.23477937883124528
0.79675,-0.16369720138941676,0.1634442767876901
0.796875,-0.019940693419137293,0.057763320379508744
0.797,0.021872225027994283,-0.031833393836584886
0.797125,-0.10489962098739787,-0.11292009721545727
0.79725,-0.2201591263782416,-0.11931908325604472
0.797375,-0.13035036020428406,-0.11913572115243834
0.7975,0.007587614657632046,-0.06546845454658853
0.797625,0.056032785731624256,-0.05715592256516148
0.79775,0.11561735671820524,-0.1311022337021136
0.797875,0.2043513035922599,-0.24762369933913794
0.798,0.16104344526721637,-0.12187034972663505
0.798125,-0.1154574369240774,0.0009369852655354456
0.79825,-0.18916563987350016,0.013828049293395008
0.798375,-0.16008721542140184,-0.10276726480073452
0.7985,-0.12117832399231732,-0.19343034160925104
0.798625,-0.32632031164783737,-0.11696775139361594
0.79875,-0.6190234233203847,0.047944818321573206
0.798875,-0.5106280417446957,0.0841255647759834
0.799,-0.21735666161840028,0.056983831791154536
0.799125,-0.172441373027646,0.14187066464655707
0.79925,-0.40988801856316676,0.11759061126704323
0.799375,-0.5870845404078949,-0.044231147159216194
0.7995,-0.3676170225667647,-0.18053418452501613
0.799625,-0.04707755815799328,-0.11671104360327592
0.79975,0.036258820187668836,-0.09676456567659862
0.799875,-0.041325432514693484,-0.3093673331420901
0.8,-0.17327570419561236,-0.5159162079587724
0.800125,-0.24746194869406982,-0.47623846113175156
0.80025,-0.14636957633612283,-0.23844966706782536
0.800375,0.1592592010052479,-0.1603185573302397
0.8005,0.4725739087503315,-0.42916436100104727
0.800625,0.6761330515883894,-0.4445597329710677
0.80075,0.5882172658362071,-0.3507839864645029
0.800875,0.4255275440040563,-0.02917087070057093
0.801,0.26134348317179973,0.0740453025760954
0.801125,0.2354129079362142,-0.02152372752673013
0.80125,0.1292757155769855,-0.12951881583745814
0.801375,0.008178069271808532,-0.1774613724912099
0.8015,0.08984088646444259,-0.16954678996838593
0.801625,0.3457011395135172,0.12957437473283892
0.80175,0.4792228353091118,0.36812394139679333
0.801875,0.2377343303454681,0.5785363083278967
0.802,0.031097371648368625,0.5479380052603883
0.802125,0.04647328630754717,0.3287289105307517
0.80225,0.1261573540874125,0.2309975393745593
0.802375,0.1295025485733767,0.22125085711628648
0.8025,0.05619577927979677,0.0808336156149892
0.802625,0.058762126342365155,-0.009791139560084034
0.80275,0.11287491625773678,0.11692941106575767
0.802875,0.05740145998404859,0.33866807366970836
0.803,-0.03798078097016121,0.38360807674511055
0.803125,-0.15173307128285224,0.20403726226612254
0.80325,-0.1083773658756928,0.057006423706960234
0.803375,0.2681023016262908,0.05411987604301791
0.8035,0.44744496941050393,0.15907989168905762
0.803625,0.32506617398589377,0.13653424348704266
0.80375,0.06851252992506224,0.08284227796572886
0.803875,-0.09865661665558045,0.07148294178237617
0.804,0.013579920860793604,0.09913965494978647
0.804125,0.05745119968911107,0.11763437191991961
0.80425,0.09812725391130998,-0.0813383727047054
0.804375,0.05690637281753283,-0.1848204343645022
0.8045,-0.07745091096885097,-0.10471086201612931
0.804625,-0.17404090484118762,0.2469388357931661
0.80475,-0.25985313815169064,0.4018565812960823
0.804875,-0.22733066472227842,0.2995387971707627
0.805,-0.18979273756449364,0.08904454696470103
0.805125,0.039777100014132184,-0.07889899207338011
0.80525,0.1327194777474545,0.02679777482831979
0.805375,0.22673260595108916,0.08038423540034174
0.8055,0.07320055419273087,0.0887732396298084
0.805625,-0.14106145534325745,0.012022674674529353
0.80575,-0.1582346076438239,-0.14613858292926987
0.805875,-0.08258870578846003,-0.1280692169995055
0.806,-0.03779129658452429,-0.2400036475395855
0.806125,-0.05401340332065244,-0.23963452177185462
0.80625,-0.10178844191855162,-0.16027896670237574
0.806375,-0.16171294729903343,-0.03744599999821344
0.8065,-0.41796197626718357,0.13946585454642288
0.806625,-0.6822798754195741,0.14944181189075478
0.80675,-0.6835764838560299,0.026723077506979987
0.806875,-0.2993353117139541,-0.12241214226068181
0.807,0.03687072819587044,-0.12721367042877044
0.807125,0.05148718957303154,-0.053566728161795966
0.80725,-0.19611186463443822,-0.0023597442650424927
0.807375,-0.25769077419187103,-0.06433052816585651
0.8075,-0.04599727777058289,-0.07693950278458359
0.807625,0.023258237264743395,-0.20433190373278334
0.80775,-0.12299035902497348,-0.402471313396812
0.807875,-0.5586171591204402,-0.6301594076273285
0.808,-0.7272296524238862,-0.6360963846595152
0.808125,-0.43405003334894476,-0.26390948202074194
0.80825,-0.11331603483549157,0.01293473364309557
0.808375,-0.06686702813186678,0.029091214324272884
0.8085,-0.0309727076463185,-0.1614879852081957
0.808625,0.09207805804035313,-0.1869574118189233
0.80875,0.34679122781642663,-0.03248763390364227
0.808875,0.5143928337200756,0.05922968359920752
0.809,0.5221965459892456,-0.05537806787743852
0.809125,0.4430590326824563,-0.5583592488227676
0.80925,0.5423462199313539,-0.6517326260011822
0.809375,0.6176878989141206,-0.40389404246701516
0.8095,0.45047414842767575,-0.10888695061604747
0.809625,0.15392667090959683,-0.038983393297166435
0.80975,-0.037651528470105125,-0.020996998022850842
0.809875,0.1278003193187892,0.09263359762586158
0.81,0.5925559191077109,0.2903892341966942
0.810125,0.8214498922058301,0.4791607228564141
0.81025,0.4404775174797358,0.41834145720368043
0.810375,-0.022283043772899858,0.3949025118858111
0.8105,-0.3189942627070018,0.518632794381057
0.810625,-0.25230722559303603,0.5457816905372095
0.81075,-0.11094160162273935,0.39584046248470034
0.810875,-0.044361012416587554,0.1885226080974298
0.811,0.0007480231058394914,0.010210539034228033
0.811125,0.01811006526888273,0.12270840965725169
0.81125,0.007767565552118153,0.5771977668103805
0.811375,-0.05693924989773481,0.7041240740432713
0.8115,0.045138634109801054,0.3975104138570205
0.811625,0.002177442797227098,-0.030771530387172924
0.81175,0.024691002386446087,-0.28308586659947865
0.811875,-0.08725694742041078,-0.21582911644338992
0.812,-0.004440840912786338,-0.06287561751441252
0.812125,0.18229542006497482,-0.022121546519748958
0.81225,0.3169258293731527,-0.005300755940233382
0.812375,0.08984912145401518,0.00900115542951504
0.8125,-0.05565486521176896,0.02092796225593464
0.812625,-0.2156729284745809,-0.019634080963305555
0.81275,-0.2215663881593478,0.0060552249207995
0.812875,-0.17559493963736952,0.05027216081284149
0.813,0.027721435003098482,-0.00482857712006865
0.813125,0.12263105089198749,-0.03276653279492163
0.81325,0.19484565820488212,0.0357838367933632
0.813375,0.11409382834531032,0.18538701966199644
0.8135,-0.0418984646081242,0.20213785615294608
0.813625,-0.08540830160990907,0.1180932127270072
0.81375,-0.10172602011902217,-0.10530201539680879
0.813875,-0.10830776027886578,-0.14390946714838138
0.814,-0.15676668233893748,-0.2203066497156548
0.814125,-0.18447367002993778,-0.1631809498140569
0.81425,-0.27635686432676754,-0.010302432910820251
0.814375,-0.09643871710327968,0.12444196199252874
0.8145,0.20681985165050282,0.1213466372579176
0.814625,0.1893997744792024,0.0849935588311091
0.81475,0.05265639164117445,0.0024973628693949544
0.814875,-0.21272869353830381,-0.05928993981773076
0.815,-0.21754230506246722,-0.1325246629660237
0.815125,-0.11463708296660513,-0.1536495395519146
0.81525,-0.2122709224018704,-0.1621525578224073
0.815375,-0.43070361613271263,-0.18246896387888065
0.8155,-0.629572673714895,-0.20006164746424931
0.815625,-0.5955425957222703,-0.06942181026195575
0.81575,-0.4814235047819698,0.12459288085312269
0.815875,-0.2021879781984766,0.24228883407486732
0.816,-0.056838206344881376,0.06645107284100768
0.816125,-0.08547997158950285,-0.19759996800357416
0.81625,-0.15530190213529027,-0.1925832678909791
0.816375,-0.26315373604590137,-0.15932718875800567
0.8165,-0.3443225393617868,-0.19979637685330032
0.816625,-0.28273806287213993,-0.4225172904650159
0.81675,-0.17367424546143811,-0.5743897508207525
0.816875,-0.038035795831450954,-0.5339446055404817
0.817,0.016712547895688875,-0.4056938696098157
0.817125,0.16424050330660092,-0.18284366874771174
0.81725,0.37955745572905697,-0.05082193697759063
0.817375,0.5178261630562282,-0.0945219754428173
0.8175,0.37398880382509075,-0.11816023241380331
0.817625,0.16429831002556403,-0.19957533793983562
0.81775,0.1210561949093326,-0.27029967743561417
0.817875,0.18948295299811566,-0.2569619807832508
0.818,0.2294718193530025,-0.16860911960354893
0.818125,0.21894601883574816,-0.0561583877918583
0.81825,0.3678254651266007,0.029848617978735024
0.818375,0.46057435490301335,0.14910711134655363
0.8185,0.5404375385812868,0.31449269684279074
0.818625,0.4102460818451033,0.4603307289190933
0.81875,0.2965406608245476,0.3446038100720352
0.818875,0.2503004416395113,0.16715494099752745
0.819,0.22080715138387935,0.1144208745090861
0.819125,0.21430750985871638,0.18051955601788028
0.81925,0.25146087718176047,0.24082882369540604
0.819375,0.1984404971191542,0.21448645020029078
0.8195,0.18575674226464237,0.33570888754084827
0.819625,0.029287412561832368,0.4642407087429291
0.81975,-0.07720533404862855,0.47357567183316884
0.819875,-0.13004503545907775,0.3812283059552138
0.82,-0.052480102489550366,0.30924493428902844
0.820125,0.0009880566417633857,0.22595743072738686
0.82025,0.008914842351207328,0.21936049834840868
0.820375,-0.04222327956555698,0.20244896556001862
0.8205,-0.06547290565680432,0.21459692195713134
0.820625,0.00524814706759155,0.22870178778252112
0.82075,0.03353131937239098,0.1572173727798121
0.820875,-0.18394095067798422,0.053158100298740726
0.821,-0.33704578677939423,-0.09907116471592099
0.821125,-0.3354150331319789,-0.11368652185912977
0.82125,-0.18723343487805222,-0.05966477102734484
0.821375,-0.13171529449891153,0.027329714979156705
0.8215,-0.2872812591818877,0.030061102395785105
0.821625,-0.24620328292287186,-0.053054035982316394
0.82175,-0.04162012117081352,-0.05620341958389869
0.821875,0.254243312051391,0.023527112199634426
0.822,0.21892093237806862,0.04897500964111201
0.822125,0.04935811016412817,-0.17606827931693292
0.82225,-0.11269594521081285,-0.32063426178359494
0.822375,-0.04004005289422778,-0.3613893027588759
0.8225,0.08290868993991657,-0.1706327194758342
0.822625,0.02723311343101472,-0.12946421412566247
0.82275,-0.00034093769026105543,-0.22262837447350842
0.822875,0.031248836342205228,-0.26977567003259517
0.823,0.04147457094052198,-0.009415266116479073
0.823125,0.05384070279631145,0.22995520246104867
0.82325,0.03648220764984987,0.16365855880002886
0.823375,-0.17325551779734089,-0.028634694546306884
0.8235,-0.3105419288554778,-0.09099022546459576
0.823625,-0.36465663840173457,-0.03131172280156179
0.82375,-0.415100623351535,0.06693565438889601
0.823875,-0.4626038818898007,0.06875160272030328
0.824,-0.5258848688975061,0.0281533582076462
0.824125,-0.49521082062742344,-0.043268920789102445
0.82425,-0.2559772531256579,0.016890696673537785
0.824375,-0.15541617732246416,0.027176014417519552
0.8245,-0.23353043064528747,-0.03955392219905526
0.824625,-0.3987075448796199,-0.16164543099021245
0.82475,-0.3542056654065475,-0.31140184922149794
0.824875,-0.01703111117670037,-0.36416321531696116
0.825,0.35046167029354175,-0.35488926151423106
0.825125,0.30004277223065573,-0.4612680716994056
0.82525,-0.036584903210710965,-0.5111804301767825
0.825375,-0.20121326521241623,-0.43339841758989317
0.8255,-0.03571763440046883,-0.1994190446382171
0.825625,0.22305752600799036,-0.11467401290410455
0.82575,0.32472185319455404,-0.24633040427248318
0.825875,0.36224353224733774,-0.3471721162775141
0.826,0.3581275480736908,-0.3403462030713341
0.826125,0.3624482433193116,-0.018270206473941626
0.82625,0.37735762522470206,0.2736008832645184
0.826375,0.35593085037012545,0.26192026521573614
0.8265,0.36580126283884734,-0.02921743583695893
0.826625,0.43379994301201114,-0.15801273270055752
0.82675,0.36353238358497586,-0.036189900015747185
0.826875,0.19781113877604894,0.16180565789216733
0.827,0.07566170905812544,0.33150727161817134
0.827125,0.12364815059401917,0.31619324769037865
0.82725,0.12990815014935847,0.3251398245683203
0.827375,0.04619775021154392,0.306201083512837
0.8275,-0.15993096230721388,0.4033298950603413
0.827625,-0.15955553953437648,0.287050838439761
0.82775,-0.025275940112954618,0.34295998083231166
0.827875,0.13502148585972576,0.30817434635315116
0.828,0.08243829510906407,0.3165333820294846
0.828125,0.09408906764934746,0.16296171615676136
0.82825,-0.020969717573024762,0.07943680970144999
0.828375,-0.001159560764159258,0.1215145406019166
0.8285,0.09902731121626454,0.13159562704414116
0.828625,0.23824618204182554,0.04820040659186858
0.82875,0.3675262129394081,-0.10987657639652787
0.828875,0.24655720230191208,-0.11897002826372287
0.829,-0.12230709801484309,-0.02432271256973342
0.829125,-0.2710740722897006,0.1057197925517283
0.82925,-0.2853002568965909,0.11813628686208162
0.829375,-0.2063593326266828,0.03838719288030305
0.8295,-0.22307921001047915,0.05175630225024754
0.829625,-0.2549540299610761,-0.026260473987435303
0.82975,0.005575704368730962,0.07906081592355857
0.829875,0.2706205220411429,0.2376673539033405
0.83,0.25403616583007527,0.3334581193316301
0.830125,0.10006107918355622,0.2100146652247978
0.83025,0.02363080608639646,-0.03155687867767449
0.830375,0.093469461801122,-0.2466154794894643
0.8305,0.2988675586439286,-0.2595687476423688
0.830625,0.20064558217946835,-0.17698471130194324
0.83075,-0.06699846301030515,-0.25014422449125656
0.830875,-0.3183114501616539,-0.23111283818977643
0.831,-0.42404747990668296,-0.04131447669848763
0.831125,-0.3344321148983953,0.2349170582764843
0.83125,-0.1932950846208778,0.28898296714137917
0.831375,0.00011150579451897497,0.05307783634776956
0.8315,0.07690214854929187,-0.03356938131012935
0.831625,-0.28784230232590646,0.11399023040290499
0.83175,-0.4718784703283976,0.2572164662395407
0.831875,-0.37671276317377,0.22750090953596888
0.832,-0.3457218238486848,-0.06263148274899667
0.832125,-0.41787931891901475,-0.27588251840299993
0.83225,-0.6869564692777281,-0.33426500154028627
0.832375,-0.7439796377738059,-0.2672152357205158
0.8325,-0.534668459179339,-0.11983173792541828
0.832625,-0.15120356527019252,-0.02484408914333743
0.83275,0.08285206216917919,0.027672208203412766
0.832875,0.0936679205236254,-0.24684875611916987
0.833,-0.021029747769169004,-0.38233087872668886
0.833125,-0.15947024518501057,-0.38948239108801874
0.83325,-0.25018024609242445,-0.30156783437896906
0.833375,-0.1679043483436433,-0.4128607271541308
0.8335,-0.16687058230230098,-0.5897286057780484
0.833625,0.01575593845152617,-0.6919929029745865
0.83375,0.23199075832081859,-0.43054120972172977
0.833875,0.5007382508838184,-0.16554537881130987
0.834,0.5139312396677509,0.056629307559814
0.834125,0.3944775507356723,0.06035799755894388
0.83425,0.27946005233466364,-0.08998783820327426
0.834375,0.3134342443440621,-0.15793361670302353
0.8345,0.38892286599425036,-0.2170533678218869
0.834625,0.3648703095103573,-0.1799697050589765
0.83475,0.23311696873848445,-0.06196642418668784
0.834875,0.18011723939611637,0.03367181379400095
0.835,0.2547513652565036,0.21735844262604492
0.835125,0.40441303782522325,0.46821107624352376
0.83525,0.5338439110997216,0.44725900602903296
0.835375,0.5191061564280895,0.3480854848850192
0.8355,0.2986689465642496,0.2638997917851373
0.835625,-0.08391688751013426,0.33339872853428465
0.83575,-0.20419151894082196,0.3988344792182898
0.835875,-0.16499766941554897,0.30022032269049825
0.836,-0.04299876715398585,0.19411840974027994
0.836125,0.0009144652783184254,0.10521120563835078
0.83625,0.11195996081905689,0.19159953608662877
0.836375,0.22065636977855624,0.3653030401283289
0.8365,0.2582230772226485,0.47121296753348074
0.836625,0.2594984408226457,0.4630521048357539
0.83675,0.18938717863279037,0.2499567724153116
0.836875,0.05205709259657653,-0.027081691076973467
0.837,-0.11459706204044534,-0.21501372420462178
0.837125,-0.21609979039066338,-0.1064224913879425
0.83725,-0.13288872034323848,-0.0943972431935586
0.837375,0.05057046439212634,0.016787124336430433
0.8375,0.20793620457426892,0.04967824205246792
0.837625,0.14696916548641847,0.1314681804695086
0.83775,-0.2735805195528709,0.29002064904264696
0.837875,-0.5798419988712102,0.29418215541513526
0.838,-0.5584179641169802,0.1383009085943097
0.838125,-0.23774351684629128,0.015848287559013043
0.83825,-0.014832241798976756,-0.098019538365047
0.838375,0.025679736036147382,-0.21994120423318977
0.8385,0.010377944966228165,-0.13297821159384396
0.838625,0.08336339186461648,0.10684957613627359
0.83875,0.20116431266824525,0.2204943578843218
0.838875,0.17720391081781667,0.0991056807512047
0.839,-0.05269896138403012,-0.24305805993498775
0.839125,-0.15459472193241297,-0.5254422927489382
0.83925,-0.11204014190905184,-0.49855173102771044
0.839375,0.004240627023129574,-0.20435962249878764
0.8395,0.045250576656894755,0.001485658293206955
0.839625,-0.0178997535993095,0.005076818098954177
0.83975,0.03660221521553528,0.03283089502889986
0.839875,-0.051099334054626716,0.1338845254071919
0.84,-0.21943993383466923,0.2008210026700863
0.840125,-0.261425182096646,0.1499129856846623
0.84025,-0.2571816879738307,-0.02473359732763665
0.840375,-0.3964849039295607,-0.14124359427247085
0.8405,-0.5859891360337705,-0.09791006389200517
0.840625,-0.7176227690045422,-0.012396121583620237
0.84075,-0.7666822185728855,0.025748637629362327
0.840875,-0.6268137279974592,0.031949956582720505
0.841,-0.3513258356732447,-0.022896145297413722
0.841125,-0.15005425645685544,-0.018415002152627175
0.84125,0.1429008614569102,-0.13880484197915058
0.841375,0.28106391576429185,-0.18876535258564386
0.8415,0.25702611358864935,-0.28223244078898446
0.841625,0.09389229595742474,-0.3546571139368873
0.84175,0.08572564861640328,-0.5277323600547239
0.841875,0.18426213186204418,-0.6437293240111008
0.842,0.3245274151499276,-0.6430933560390412
0.842125,0.34088187751011156,-0.5213616011154834
0.84225,0.3640218664624674,-0.32830010640650525
0.842375,0.3147991121733098,-0.05507453015982584
0.8425,0.15245997022422217,0.08252096071613106
0.842625,-0.02652648240888566,0.2713431235921808
0.84275,-0.06901578428793545,0.23463747098589594
0.842875,0.08631288597686906,0.11897528136051913
0.843,0.17489928955516723,0.0464540720277888
0.843125,0.20442719251713937,0.167706816210226
0.84325,0.09997083575100564,0.31770929202443154
0.843375,0.11944387869692735,0.3522284899771383
0.8435,0.25992062670369637,0.33317837017720386
0.843625,0.3545375054045096,0.3164984349212936
0.84375,0.2570266972082479,0.15309916351086608
0.843875,0.14852512366223244,-0.0028739409778585313
0.844,0.02026409423119253,-0.031070443893396922
0.844125,0.1442204643279775,0.10937683648227373
0.84425,0.06352901105855958,0.226493199945083
0.844375,-0.1741352534599044,0.1853751708298634
0.8445,-0.22413159953278292,0.08416580770377456
0.844625,-0.015448592127267416,0.12112909012306507
0.84475,0.3261889648100217,0.2638162526263064
0.844875,0.4389695947887805,0.3299815682065118
0.845,0.2846606756378277,0.19572062198608944
0.845125,-0.09557828190357766,0.09109997203594992
0.84525,-0.21569311886590523,0.0665331674456159
0.845375,0.022385623884350735,0.11713093508662653
0.8455,0.21113149950245966,0.04370708091193983
0.845625,0.27441599713364223,-0.15332899621230267
0.84575,0.02368457059348872,-0.2406512430636765
0.845875,-0.08278498969577985,-0.04241471912836678
0.846,-0.25961709224244156,0.2771460358317952
0.846125,-0.23238601948775695,0.38617507888208463
0.84625,0.022780996544149546,0.24815392227225633
0.846375,0.26436901545135116,-0.103342189762874
0.8465,0.24432295865446685,-0.20523443238267539
0.846625,0.041469816374367294,-0.02227601811891225
0.84675,-0.1474220888707146,0.22910224777572682
0.846875,-0.1524127245185085,0.2117867137038051
0.847,0.07605785848121245,0.10678504276182778
0.847125,0.2002279641390683,-0.10188149936549928
0.84725,0.13731265600624123,-0.24162154131855584
0.847375,-0.04671458086108385,-0.2180643359996554
0.8475,-0.0020478099422505535,0.03029043874733074
0.847625,0.042728316293515735,0.24166310362160143
0.84775,-0.050373031743014676,0.24182483553504291
0.847875,-0.10629422766960799,0.014173928783212388
0.848,-0.17584490313870085,-0.1681052758365992
0.848125,-0.26313086274541614,-0.13197867015283496
0.84825,-0.3500517608147997,0.06514825421488837
0.848375,-0.5116378966310029,0.15542788637224925
0.8485,-0.46695864216259547,0.04556846118126931
0.848625,-0.37007828657393727,-0.004025483334852216
0.84875,-0.35962929537188465,-0.029108835472147956
0.848875,-0.3779066512260972,0.044584517023688965
0.849,-0.4109991784493325,-0.061513553703722634
0.849125,-0.4707552003088923,-0.11302565053081945
0.84925,-0.611266132292429,-0.15487145494877874
0.849375,-0.677723074545613,-0.21482743912165692
0.8495,-0.43863890098905717,-0.3068724844963928
0.849625,-0.10099024741890747,-0.4432762208673004
0.84975,0.16826155206381552,-0.4067618699962481
0.849875,0.09747658202429153,-0.338567406770068
0.85,-0.009390192613808229,-0.3646145490419412
0.850125,0.0992956616100473,-0.3476894367472689
0.85025,0.31805717963199137,-0.4359239903930348
0.850375,0.4174021448353083,-0.41035621770191993
0.8505,0.34273669692574255,-0.5287296190488392
0.850625,0.2766914681558,-0.5665265872589563
0.85075,0.3628855133410491,-0.39065568758810437
0.850875,0.4954983170602654,-0.04655891977337718
0.851,0.3492483695850902,0.09864940607500912
0.851125,0.2091779873727651,0.058324607798294396
0.85125,0.06414117562135267,0.008630964440423414
0.851375,0.1723421426014979,0.16116511041998394
0.8515,0.25092633625325467,0.33360402468517136
0.851625,0.39743678194497345,0.35483906879676896
0.85175,0.32599013502114765,0.28008089478363085
0.851875,0.34745755700099523,0.25315482047748067
0.852,0.2885798926908218,0.34775740631035706
0.852125,0.11484312716460897,0.46064077294464156
0.85225,0.08571479477789977,0.3367582681732245
0.852375,0.03944624170954248,0.1667346457229914
0.8525,-0.04092413435962446,0.06722284772938701
0.852625,-0.006261527913525223,0.09360707343774866
0.85275,0.11321075009103128,0.27053533612168484
0.852875,0.2632451806910494,0.29567010065055244
0.853,0.35349805962855335,0.32332293960158937
0.853125,0.20189734601096204,0.3095874452709323
0.85325,0.07326500563094884,0.195985893932832
0.853375,-0.023967424376494434,0.1651234991834135
0.8535,-0.19362005337340146,0.10636667426612689
0.853625,-0.11938911401875853,0.018433125928145198
0.85375,0.03240392408794536,-0.005681269791962629
0.853875,0.17983188196840805,-0.03807582111594316
0.854,0.18439128853449677,0.0852557259305524
0.854125,0.012302523218156619,0.2184988022471709
0.85425,-0.21766084727742716,0.3277495961257958
0.854375,-0.17348434672799587,0.22682756946207186
0.8545,0.08525145624519201,0.06000353817726266
0.854625,0.2020887008034335,-0.08930369502389661
0.85475,0.11111173792280972,-0.16206621580226413
0.854875,-0.11489253569814792,-0.16869078325522618
0.855,-0.2361954431487891,-0.019659404152265605
0.855125,-0.26463057044414456,0.1954752759803001
0.85525,-0.39589775249012815,0.16570300301853033
0.855375,-0.387166668492294,-0.003389585579115202
0.8555,-0.2096589342193518,-0.1711487148963881
0.855625,0.03927727510918561,-0.1452046300972833
0.85575,0.07251642382801045,0.03837578054428922
0.855875,-0.10685137634029385,0.14234424822282668
0.856,-0.16456643075107205,0.12155460681720297
0.856125,-0.06059984749120125,-0.11083198017551653
0.85625,0.02116401264465191,-0.14297392694600417
0.856375,-0.07651427089681588,-0.27635544313860033
0.8565,-0.08481934776818606,-0.3302424324150845
0.856625,-0.038767837210775036,-0.33566782618685376
0.85675,0.0769900841820862,-0.18384045309268623
0.856875,0.003395086624036205,0.008888238340315305
0.857,-0.19596291612849626,0.024348145339256427
0.857125,-0.39662631031396517,-0.08900240523064573
0.85725,-0.4424438900930574,-0.1723093844351967
0.857375,-0.48984728825268914,-0.09441781361664925
0.8575,-0.4419613196827583,-0.07863542147426418
0.857625,-0.3200562709240729,-0.07547350821500971
0.85775,-0.1982433185533369,-0.15052194911207725
0.857875,-0.15658052130954858,0.006132016985190706
0.858,-0.12619429344087837,0.17376692248784448
0.858125,-0.2085204883496378,0.044425470831673836
0.85825,-0.24366452253169824,-0.16095502994439234
0.858375,-0.3424132450707787,-0.382866760242955
0.8585,-0.3976766938562633,-0.41371826289243185
0.858625,-0.3876699685311854,-0.3580127528759318
0.85875,-0.14489271044364935,-0.3669776759283627
0.858875,0.2653034630538903,-0.27897552474025633
0.859,0.6440882546284533,-0.17133706183025632
0.859125,0.6179487605286782,-0.13585642922999444
0.85925,0.5094650018593231,-0.14586559385798334
0.859375,0.48403169981501637,-0.1968538685519191
0.8595,0.6810571140018064,-0.250698319296529
0.859625,0.8398322923397483,-0.3476868776209175
0.85975,0.47375178643209964,-0.33656930763075615
0.859875,0.033595771612036265,-0.3673613348873455
0.86,-0.1025666343492864,-0.14537029642273386
0.860125,0.30362742809239934,0.24490931573036998
0.86025,0.62928641590566,0.5623779298242438
0.860375,0.5449629626367997,0.5309827452180225
0.8605,0.19368793050007613,0.4401220082988833
0.860625,-0.13335277054692396,0.4789213490853816
0.86075,-0.1580873494798745,0.5966090583057532
0.860875,-0.09399450412502659,0.6858835739277377
0.861,-0.026418158761485597,0.47111335712342645
0.861125,-0.14160288562790635,0.01982697450300733
0.86125,-0.22825222995053357,-0.0755793114545539
0.861375,-0.08750741270520536,0.22363799729353595
0.8615,0.10877072957648938,0.5862657599240243
0.861625,0.23599152220922143,0.5186790362781498
0.86175,0.14715405491327116,0.10806296882624836
0.861875,0.04397642409733968,-0.0950674339183812
0.862,0.21210932668818516,-0.1120140632784721
0.862125,0.3403803654915279,-0.058324470475814565
0.86225,0.13588513793603285,-0.011530534945082176
0.862375,-0.2368319556386515,-0.13143131513745973
0.8625,-0.28165925904347894,-0.22702117410430905
0.862625,-0.03384570545809962,-0.13193659401276622
0.86275,0.062040383375759296,0.1401634884360351
0.862875,0.061308543657649275,0.2268474203676237
0.863,-0.11783650420433418,0.0987354009479127
0.863125,-0.050779651498786514,0.04538352486425312
0.86325,0.028677071520089675,0.1644256139733313
0.863375,-0.13862716765518804,0.289203219143925
0.8635,-0.2984679850069129,0.180594621271785
0.863625,-0.25597787498006797,-0.19663769743912796
0.86375,-0.031084227601671878,-0.2665858237416916
0.863875,0.07328030236143633,-0.07281452255880784
0.864,-0.1399181891121856,0.07187228135252689
0.864125,-0.33432919293844127,-0.027632946472718335
0.86425,-0.2916617061662186,-0.08827115713034238
0.864375,-0.06958254981026153,-0.031594312746677816
0.8645,0.09497034635545754,0.005222448244546595
0.864625,0.08868307689604636,-0.16932443732416216
0.86475,-0.019075979527122523,-0.27884730225365456
0.864875,-0.06527272963658219,-0.2505153216558383
0.865,-0.21836697105279276,-0.036460798099111694
0.865125,-0.37819136995475844,0.06402018097125116
0.86525,-0.3695844599767836,-0.18276779712700983
0.865375,-0.2807560477697046,-0.3243459921880407
0.8655,-0.2604279877930834,-0.2808047636436259
0.865625,-0.1970763210241233,-0.05190131132462189
0.86575,-0.23408585500565207,0.03372925118897571
0.865875,-0.3108951028149906,0.10446655411521871
0.866,-0.31957535951599375,0.015237526965567318
0.866125,-0.3204505851057603,-0.08316611240890774
0.86625,-0.12001503034637868,-0.19811452339881155
0.866375,0.011730369288816116,-0.27683365822607525
0.8665,0.027791690321960553,-0.26767946064492704
0.866625,-0.14149853064812506,-0.2974651195527113
0.86675,-0.3229538987335577,-0.16041497448195363
0.866875,-0.19248327754409267,-0.158840090318197
0.867,0.12517048030031397,-0.20509681560975762
0.867125,0.4626721393713156,-0.29792960982804867
0.86725,0.4455416851447779,-0.32132042421941637
0.867375,0.30207493681567044,-0.2805541004176993
0.8675,0.23204468946651116,-0.1179591042938323
0.867625,0.4598249174609024,-0.02022863293657277
0.86775,0.5554500585467318,0.00551738747686852
0.867875,0.4122286117053675,-0.15722126776279968
0.868,0.21015932065900417,-0.33795447899994213
0.868125,0.12764162102765503,-0.19802667400392984
0.86825,0.29652931139777944,0.21011412362392795
0.868375,0.40251344712346043,0.39381349420717343
0.8685,0.33132436433936624,0.4556113570870653
0.868625,0.0722172765086014,0.21620777370194363
0.86875,-0.15026424820245093,0.2298110008352949
0.868875,-0.25698589329805943,0.4069288300007834
0.869,-0.32683877236352654,0.4829668336249319
0.869125,-0.3158387292125959,0.3960641121270498
0.86925,-0.16549247419233165,0.15428082055396405
0.869375,-0.05537293184159523,0.09813305657375758
0.8695,0.13569867535097518,0.2717330491065677
0.869625,0.32128239370361855,0.378613727616007
0.86975,0.41927610592072767,0.283611172330817
0.869875,0.33851420914518765,0.0860165648935923
0.87,0.22310985980225118,-0.10884616821883378
0.870125,0.22509907832819684,-0.25771906356724267
0.87025,0.36211663394264265,-0.30029887019785995
0.870375,0.29350092000447603,-0.24271227466444428
0.8705,0.1560234982435316,-0.1943386725932812
0.870625,-0.05490713375458155,-0.07696308484456592
0.87075,-0.08799118801643693,0.08435760659348568
0.870875,0.18217314929764472,0.26530535874024186
0.871,0.21313611330245397,0.3608628451989191
0.871125,-0.07932306073041788,0.3101811617894325
0.87125,-0.32825521903984095,0.17196471079290215
0.871375,-0.2552225949637205,0.15205965686352668
0.8715,-0.025569605192678698,0.24246456600551072
0.871625,-0.006237829403430806,0.3069978972380433
0.87175,-0.25653314257305837,0.11944622907815254
0.871875,-0.5173818830322321,-0.044945001352349905
0.872,-0.5297438986184911,-0.07631196895147586
0.872125,-0.17892512583133785,0.12892358202033888
0.87225,0.07564541954029143,0.22143513756545571
0.872375,0.31213273485507653,-0.09201785671646427
0.8725,0.29680194082780165,-0.3195143136932678
0.872625,0.08884130528395211,-0.21287813062846192
0.87275,-0.13656086821082655,0.0016261316806591688
0.872875,-0.332544331892289,-0.01057106526032482
0.873,-0.29382592462944884,-0.1975013223652137
0.873125,-0.30758118604186546,-0.42448227167318703
0.87325,-0.19922517351296,-0.38086627324172284
0.873375,-0.0932219582228946,-0.20317152764445132
0.8735,-0.10636059780076952,0.12201465956300452
0.873625,-0.04928611155286111,0.2576674349018417
0.87375,-0.20202728157735123,0.249566409551572
0.873875,-0.2986023584175895,0.14280688249026993
0.874,-0.495011905927632,-0.10708819148489428
0.874125,-0.5655926319474798,-0.2964938360133167
0.87425,-0.43999825273586607,-0.2927606226794232
0.874375,-0.3258744919730295,-0.19899423934823737
0.8745,-0.27451444736345737,-0.12881397533460753
0.874625,-0.40963458280585446,-0.10184790066694974
0.87475,-0.3855228828966204,-0.056858978692070176
0.874875,-0.20674707426858252,-0.11575957224164113
0.875,0.13213179920232565,-0.1329297926101891
0.875125,0.34987103671455355,-0.2814361821670429
0.87525,0.3838342793404545,-0.46739205355273816
0.875375,0.29541050305314587,-0.5025669125080499
0.8755,0.15505598230531717,-0.4206407056800177
0.875625,0.04925040360214705,-0.28836727759935443
0.87575,0.011064050577176165,-0.27040672466827287
0.875875,0.2534702424569136,-0.37004312632951775
0.876,0.46150358330747354,-0.35560765031793085
0.876125,0.5201149292789005,-0.19134640473119294
0.87625,0.2963851019547723,0.10563038249539992
0.876375,0.0918311585983483,0.28921230143909604
0.8765,0.15891128201110505,0.36240750675181077
0.876625,0.4184956916558331,0.306896458260208
0.87675,0.5940579653879149,0.17399362512671013
0.876875,0.4702933581926493,0.07295780381007434
0.877,0.2075528766486946,0.022305435964693796
0.877125,0.05235402150086589,0.16716028447993359
0.87725,0.058579146833618166,0.4073690711383449
0.877375,0.09080775263657499,0.5153093245985886
0.8775,-0.06722076792659074,0.28215130433098196
0.877625,-0.136560514676071,0.05948784375839338
0.87775,-0.1697986954237961,0.13522819224257193
0.877875,0.009480849900534131,0.3983292764347597
0.878,0.12496667645372006,0.5528852024526848
0.878125,0.19994140553228207,0.37522974372119633
0.87825,0.15982160114696758,0.1862821897434421
0.878375,0.0855288065478492,0.03683998926182504
0.8785,0.015876173099013517,0.08157713018298027
0.878625,0.050872187755247295,0.1019245988663946
0.87875,0.15749542335803646,-0.03286387717241536
0.878875,0.1216148397209714,-0.10500397099604579
0.879,0.09190194619426438,-0.14759798929470566
0.879125,0.045279459200479724,0.025228265077113322
0.87925,0.06108323689968835,0.14731684050268495
0.879375,0.19394789036817103,0.19274801506790082
0.8795,0.11739856604402828,0.12246704019264622
0.879625,-0.06250421971668337,0.05591792049885496
0.87975,-0.2057596985546486,-0.0011851209309557205
0.879875,-0.21273384846361965,0.06549832510287801
0.88,-0.141720224737254,0.16055608515550188
0.880125,-0.015179209028429971,0.11712569237714854
0.88025,-0.1417071274433487,0.1073650392542199
0.880375,-0.38204924070981,0.010513030516867071
0.8805,-0.5101722915335272,0.03904233644097034
0.880625,-0.45831392463437964,0.17627521676546462
0.88075,-0.046135426346882225,0.09340515826548185
0.880875,0.27077667563814667,-0.06121775204841988
0.881,0.3096672347479048,-0.22419301397481406
0.881125,0.12858153281106924,-0.2053918386306622
0.88125,-0.09553370520450429,-0.12513185984950026
0.881375,-0.1692399415362873,-0.08387607212487214
0.8815,-0.2534104556546251,-0.1557622211670597
0.881625,-0.22193544192037218,-0.3761233570845684
0.88175,-0.3314436306643725,-0.5109248889191825
0.881875,-0.48620854666086455,-0.39547026968078997
0.882,-0.4916964865135499,-0.07105888418077694
0.882125,-0.4156049121169185,0.22616194171101012
0.88225,-0.4036961787136531,0.28085432032162666
0.882375,-0.3969554344062024,0.14142851720822303
0.8825,-0.34864957413283865,-0.07508874585122455
0.882625,-0.1901126407773303,-0.16196896613059517
0.88275,-0.06588858636159194,-0.22497112415115114
0.882875,0.021396403239686397,-0.27192691066765873
0.883,-0.14478047327527455,-0.30746238159766076
0.883125,-0.1685631322324597,-0.4414799763411744
0.88325,-0.003635940199622759,-0.43455956632125164
0.883375,0.22848551122822797,-0.4274844866565479
0.8835,0.38150646662104165,-0.35454587674972493
0.883625,0.4163058001113652,-0.3748336360464344
0.88375,0.3743798315318084,-0.3333536439074344
0.883875,0.2727537026543421,-0.18785397576355914
0.884,0.07588132661905402,-0.027009106767003778
0.884125,-0.0016931024701321838,-0.0032883450826322216
0.88425,-0.046124610503149456,-0.13283071599412322
0.884375,0.04972140034459803,-0.14226952850861013
0.8845,0.3479684189195613,0.0029808086803034583
0.884625,0.5918965186509154,0.2389277633584014
0.88475,0.4857734499235965,0.349563869430872
0.884875,0.16420625932209754,0.398533485955924
0.885,-0.0368380224741763,0.3347758586384102
0.885125,-0.0194373076645329,0.24700573005925203
0.88525,0.07873578190744468,0.10032762533257011
0.885375,0.27121065224123975,-0.005791334995174147
0.8855,0.3209704477187125,-0.04076521656491711
0.885625,0.2550043162513563,0.09970311664324905
0.88575,0.03484001487458036,0.3684635647586292
0.885875,-0.0615769584425508,0.5506742330008187
0.886,0.007818531931188796,0.44135921570294173
0.886125,0.05931192254728077,0.17460720881406824
0.88625,-0.0969669325630067,-0.03678809877127809
0.886375,-0.2694092489053941,-0.04696095247811047
0.8865,0.02812009677956178,0.05224677795215678
0.886625,0.3971550156157754,0.17988533318742228
0.88675,0.5456568394366739,0.312307210853567
0.886875,0.31696732731051624,0.19570908495053138
0.887,0.13156714726406013,0.04363426992325392
0.887125,0.19326496053975578,-0.06789070383206472
0.88725,0.19689696527151965,-0.0037656947513652226
0.887375,0.06268893434921051,0.05748927176642758
0.8875,-0.2129810939099563,-0.11154646204183255
0.887625,-0.29650471086923014,-0.2053265740659908
0.88775,-0.1777784120256108,-0.027298637568976932
0.887875,-0.02326781045943424,0.31475696518017426
0.888,0.11130914994237086,0.4667435615741675
0.888125,0.09000911156923379,0.2729541015179527
0.88825,0.030437235293476726,0.11599968416219984
0.888375,0.08675380227511928,0.18343041667712812
0.8885,0.08312154018531824,0.24220665893524976
0.888625,-0.013936765097720183,0.06484167096636163
0.88875,-0.21658088693618832,-0.19966190291723585
0.888875,-0.3575147689478843,-0.2563558786552479
0.889,-0.44774473000673976,-0.12280004634451323
0.889125,-0.3367294107726782,0.015685579491714383
0.88925,-0.13504656513686708,0.04151678633872713
0.889375,-0.04430844023185685,0.05366297215719211
0.8895,-0.11961197546722994,0.07819074895558534
0.889625,-0.2858508228418486,0.033689575929262694
0.88975,-0.2748583874827556,0.09586261967675684
0.889875,-0.2596147385852466,0.003106742267150066
0.89,-0.2739007039975002,-0.1876269383882084
0.890125,-0.3239085544396592,-0.35333098442816074
0.89025,-0.35083269991220584,-0.3856504670693943
0.890375,-0.17400742245322373,-0.3062955218988747
0.8905,-0.19925899272886377,-0.15994167296543255
0.890625,-0.2425737836140438,-0.07120467443194647
0.89075,-0.32774435287635934,-0.11345059762567575
0.890875,-0.20892696409778433,-0.2595994658854937
0.891,-0.14024701324506653,-0.26009716556562207
0.891125,-0.05592846515147135,-0.20158803202380132
0.89125,-0.05173523530690483,-0.23841051333813756
0.891375,-0.1748768376283793,-0.3548022757751071
0.8915,-0.19708325870207435,-0.28743567533987335
0.891625,-0.29469958113147976,-0.143252366841271
0.89175,-0.19901765994220286,-0.13534558470000926
0.891875,-0.04232506772605788,-0.1851239337281999
0.892,0.1339947348266661,-0.27485508871286285
0.892125,0.24801722584301783,-0.24850890404894305
0.89225,0.4155337732651262,-0.08993485085831479
0.892375,0.6654023643677128,-0.035204972414746474
0.8925,0.6875056355472984,-0.04394523846389241
0.892625,0.5635545669068821,-0.12566240031728806
0.89275,0.47235917955793366,-0.233728556582018
0.892875,0.39630062201517074,-0.2525424635521406
0.893,0.5875080687785456,-0.16684083136429706
0.893125,0.5130619102877607,-0.016220264517144097
0.89325,0.18834234704371916,0.13988364504383782
0.893375,0.05247552477203092,0.22673808665459144
0.8935,0.11759010875164853,0.3418695904277313
0.893625,0.23180811977017135,0.5772378003851291
0.89375,0.1586022783583852,0.6168731040943779
0.893875,-0.07657381051090845,0.48777652269783367
0.894,-0.3367580312544755,0.319312069687156
0.894125,-0.39047275246555013,0.3971612385716663
0.89425,-0.2450851591961222,0.5119682402675424
0.894375,-0.14344445644393355,0.41429851853762123
0.8945,-0.08012735913079139,0.17610233281333246
0.894625,-0.2042241575544153,0.05254033598407425
0.89475,-0.03932727013821248,0.0807274266122088
0.894875,0.37398374241883936,0.25882467784315005
0.895,0.6299287888961895,0.11088205371276004
0.895125,0.6290330266763003,-0.11517852584230673
0.89525,0.3349446223362724,-0.326013681942717
0.895375,0.04713446177875138,-0.3614296312753406
0.8955,0.1317642364100984,-0.22701696030709995
0.895625,0.14583915053691615,-0.12860225658333466
0.89575,-0.02546127274837448,-0.11682145848021297
0.895875,-0.32871478187752357,-0.16306994738793512
0.896,-0.41084003716418366,-0.057277220793340314
0.896125,-0.26717153713562547,0.27320232681980505
0.89625,-0.10132137040818227,0.5729257356094172
0.896375,-0.02739120734414531,0.5479542056211802
0.8965,-0.00461630032674147,0.2101529852180828
0.896625,-0.035461693785851754,0.05735866987339625
0.89675,-0.12822021015015336,0.10860425080837181
0.896875,-0.007089158547629059,0.10005258492657287
0.897,0.012055943618062294,-0.07439533507128689
0.897125,-0.006079880842079342,-0.32938252175890165
0.89725,-0.1500304755222334,-0.3453612249262405
0.897375,-0.20330677896113084,-0.240245259084974
0.8975,-0.17430837552900452,-0.06623073107924642
0.897625,0.1142200431050288,0.0040802348560936294
0.89775,0.21175705556629543,-0.022542344612319562
0.897875,0.31157934727011055,-0.030503902242998555
0.898,0.14090902754669016,-0.0798567234196311
0.898125,-0.27042929555142514,-0.05225583399884926
0.89825,-0.5436567528268219,-0.003770130506860904
0.898375,-0.46508671349772335,0.021690003049019392
0.8985,-0.10055981788729947,-0.13382627383120202
0.898625,0.17693554859147337,-0.1930354168638269
0.89875,-0.08791813700784623,-0.06269085640791239
0.898875,-0.530209229936528,0.11367619541387813
0.899,-0.7523675735313429,0.19095660291976277
0.899125,-0.43390189687575914,0.24742546290619677
0.89925,-0.14451677306032565,0.15644251396556758
0.899375,-0.1408911584050767,-0.17176131323955934
0.8995,-0.37412610801861446,-0.4481980334269226
0.899625,-0.41698795781568637,-0.39502021392059966
0.89975,-0.1524658918686663,-0.058630698821195815
0.899875,0.23132889384628844,0.18562648629820716
0.9,0.2076084275953113,-0.060480123058630125
0.900125,0.051046375571354545,-0.5668459913510209
0.90025,-0.23434266919105343,-0.6872773420966819
0.900375,-0.23493118134367919,-0.3837361568412231
0.9005,0.07756324001442254,-0.1287027536623634
0.900625,0.30869136942447334,-0.11071047766127845
0.90075,0.4018943106766403,-0.29455818301768744
0.900875,0.3042381700998706,-0.3555675718576165
0.901,0.29175521370869495,-0.1789256059567165
0.901125,0.4372820384493967,0.18659677356981066
0.90125,0.5051282005620107,0.21123618683736076
0.901375,0.4043346614634075,-0.005883762528687409
0.9015,0.13985113492597973,-0.19258941702525562
0.901625,-0.024526912261099054,-0.18111247449758314
0.90175,0.08796023539496335,0.11035453457056704
0.901875,0.3549696218946495,0.2514407452933445
0.902,0.4056037845625587,0.33191946748645457
0.902125,0.33709819454888235,0.270360750098077
0.90225,0.26266993557011575,0.2934438511941581
0.902375,0.3173361681235262,0.3981568868164636
0.9025,0.24179469889677185,0.4791540061226691
0.902625,-0.013008077094272959,0.3302555558483465
0.90275,-0.25126210424750606,0.16399360062231993
0.902875,-0.24070757858912778,-0.009171605910765197
0.903,-0.009095540272260713,0.1226449781094552
0.903125,0.13970995498043412,0.2830886976802684
0.90325,0.15521152917129263,0.39093807535864106
0.903375,-0.04178751960122923,0.27644210705374805
0.9035,-0.11869781748748659,0.23956893310586802
0.903625,0.0024886428381367632,0.2617926607163509
0.90375,0.05570742405548517,0.23718873161091147
0.903875,-0.04229267415789566,0.042248724293650675
0.904,-0.1890164258202126,-0.2598027276072265
0.904125,-0.20195981428114068,-0.17968680065739573
0.90425,-0.13169236984750712,-0.01213264795952153
0.904375,0.1524456501040601,0.19003110099128181
0.9045,0.2855806926911962,0.08170484310238266
0.904625,0.13177853307021584,-0.06243782684430125
0.90475,0.004796008502627802,-0.08976451735736649
0.904875,0.03716160918727002,-0.018623483819077156
0.905,0.10614104969811786,0.0417665381857307
0.905125,0.12030377474428304,-0.014201069011115553
0.90525,-0.08996029445912793,-0.20758352224466098
0.905375,-0.3459745984303528,-0.19725873698552562
0.9055,-0.35715173473007006,-0.06442107922110868
0.905625,-0.19762873718481835,0.12273945831193296
0.90575,0.041579409762255534,0.23596323981676
0.905875,0.11668440304145922,0.1475488683627466
0.906,0.16711203533802058,0.07745440726936738
0.906125,0.10574219027956479,0.030523765111196224
0.90625,0.02152924363130968,0.054133457056006425
0.906375,-0.3494807523858008,0.05469337163050531
0.9065,-0.5595669355928028,-0.10394463481489415
0.906625,-0.41821308856786793,-0.32348464678975286
0.90675,-0.037375490093942136,-0.3325239585066248
0.906875,0.11537081805300269,-0.1687411937859661
0.907,-0.13424240085911932,0.0933971671816652
0.907125,-0.5910284190003346,0.17172314215682286
0.90725,-0.7550404422613138,0.15073938164904768
0.907375,-0.5459381342472446,0.10176373555705634
0.9075,-0.3181018481967397,-0.018479603376035696
0.907625,-0.20649821343864505,-0.28424951303115126
0.90775,-0.09593526795823618,-0.5283564150944329
0.907875,-0.056242205401632266,-0.3819385499767976
0.908,0.013566872044422449,-0.019239034706717402
0.908125,0.061374027913413044,0.07472583081264564
0.90825,0.06291189976840543,-0.16854223637809104
0.908375,0.02472480767899513,-0.44601979267448544
0.9085,-0.013786707357467076,-0.6332731820468203
0.908625,-0.058403654983170045,-0.5392180368459469
0.90875,0.0997817823129952,-0.2828109920721384
0.908875,0.2462286523939329,-0.18206608859303527
0.909,0.3781089746972362,-0.09301361803267962
0.909125,0.5248383331237351,0.012897480069039272
0.90925,0.4860222685075861,0.03660960886951729
0.909375,0.3613658157680076,0.08402647317875224
0.9095,0.1148048964695094,0.049928883431590854
0.909625,0.016391267752056928,0.00045515052247055
0.90975,0.12111910709528136,-0.06919274218994677
0.909875,0.2839643893289629,0.0039556458776839705
0.91,0.36798887734804286,0.13253828123629746
0.910125,0.24833614896147066,0.22200635513869346
0.91025,-0.03315681116236062,0.38262282844585765
0.910375,-0.3179016850516339,0.4708089758771267
0.9105,-0.5138173227226221,0.47159203253494814
0.910625,-0.24850043336167485,0.28798685554998793
0.91075,0.1141137221506418,0.13394304706254653
0.910875,0.3655006211138067,0.03041057209321218
0.911,0.4078030034794384,0.12072145426854267
0.911125,0.24578810264357037,0.24091600861557225
0.91125,0.011575594707052017,0.34328413620231235
0.911375,0.008233370797386206,0.2638355629560676
0.9115,0.21807582297033568,-0.03243960335286859
0.911625,0.36485526536559987,-0.3169408184607429
0.91175,0.020922616423740416,-0.42859965859607124
0.911875,-0.07445636292061193,-0.21606238041183698
0.912,0.12135415942429813,0.06862024593551395
0.912125,0.4935785941746313,0.3602779071079983
0.91225,0.5682568611041796,0.3697740726719175
0.912375,0.30964522351732826,0.19495499590696547
0.9125,-0.05573882267076754,0.01871625430089548
0.912625,-0.06029618187885512,0.04022088009284478
0.91275,-0.016755624509341104,0.2450541395451038
0.912875,-0.16768796413303172,0.2642769727841661
0.913,-0.3890600954728197,0.04650996949510571
0.913125,-0.4121327611002307,-0.08897955656338438
0.91325,-0.17655968929782748,0.14007003685265643
0.913375,0.00903152155386812,0.4892153151946868
0.9135,-0.0048207832073507454,0.5523567497532255
0.913625,-0.18656324752093117,0.2566003679176154
0.91375,-0.22523548682046682,-0.008127606303441537
0.913875,-0.10618988479323774,-0.07995790325000214
0.914,0.004117784876472398,0.07446332135558134
0.914125,0.09243057416835113,-0.13824491711346412
0.91425,-0.01797834118752896,-0.3265218885051446
0.914375,-0.28121737264625984,-0.3400070061089455
0.9145,-0.36792601246519074,-0.14799192711455894
0.914625,-0.22391774196836758,0.004872582458911506
0.91475,0.028871918199204618,0.017511229205387713
0.914875,0.11222931600514123,-0.10373345972983156
0.915,-0.006555917265538537,-0.15452767108525023
0.915125,-0.22640428882709235,-0.13711494145013056
0.91525,-0.3045041873310238,0.015676154354963952
0.915375,-0.4208181107548241,0.07586978032852079
0.9155,-0.41526557931882396,0.008694345945162283
0.915625,-0.30198438303266645,-0.20338749695447483
0.91575,-0.14838259615209654,-0.38837635799952325
0.915875,-0.03727133794020739,-0.17506084753943663
0.916,-0.19452804521846115,0.009825707901048173
0.916125,-0.42224550541323297,0.12982074090253024
0.91625,-0.7184997765975628,-0.012248832631937578
0.916375,-0.6039133747817718,-0.15524753606390354
0.9165,-0.23723046936813053,-0.32773824227625886
0.916625,0.2203997211339697,-0.37048329899360605
0.91675,0.28628870349372804,-0.3321652331273079
0.916875,0.060788276671585754,-0.24829138089266087
0.917,-0.12373239704679244,-0.12818796885047848
0.917125,-0.14012822846070977,-0.0997590885289057
0.91725,0.13440905213916168,-0.13866389609850285
0.917375,0.21316829200122966,-0.3689738928695761
0.9175,0.3045061283222409,-0.6270454061157901
0.917625,0.36776013485101317,-0.562776197234411
0.91775,0.3715904921155746,-0.1588768407335609
0.917875,0.4301367901462115,0.22225187307244923
0.918,0.4283406929979346,0.2556678850319363
0.918125,0.3609074851718277,-0.027093282304425356
0.91825,0.31007293584130435,-0.15332227585401828
0.918375,0.254508649753973,-0.07911221286298861
0.9185,0.33373344678091676,0.06557460275068706
0.918625,0.31431625968129856,0.19299359238469943
0.91875,0.1915861754755151,0.277496745566238
0.918875,-0.04636127524515063,0.3648811139184453
0.919,-0.08073578976046022,0.3349295192749103
0.919125,0.03992108405338847,0.38729226410244144
0.91925,0.31573829205461423,0.37301586968146383
0.919375,0.4424366198906752,0.36552711837272145
0.9195,0.35063436917382834,0.27432808744772447
0.919625,0.13073733110911523,0.2785360487452706
0.91975,0.13637550211981259,0.25949753120108754
0.919875,0.17619597932646958,0.3172942466798825
0.92,0.09433029369711135,0.1837652341111278
0.920125,-0.021104350449802835,-0.009052951392002061
0.92025,-0.08235447261427971,-0.08191317903055834
0.920375,0.003123688924317168,0.054216430826540284
0.9205,0.13709169572053687,0.30849031146411415
0.920625,0.11606035328993511,0.37736457770611576
0.92075,0.09422922601629294,0.3113050430255442
0.920875,0.04932607063255372,0.12016408841064034
0.921,0.025563763380833777,0.11159906555187776
0.921125,-0.04413156626013296,0.1552369207982756
0.92125,-0.14457782983522313,0.05178633324101465
0.921375,-0.1484615927580194,-0.04592395551592203
0.9215,-0.14661771250798258,-0.054854498178279344
0.921625,-0.07843124164664109,0.026249557126006663
0.92175,-0.11785846398033697,0.11242258242814757
0.921875,-0.312582127143451,0.0852438313896614
0.922,-0.4228421168096548,0.08530773390074639
0.922125,-0.3700075673101588,0.10846567780472484
0.92225,-0.26867424215432645,0.030829559959215932
0.922375,-0.08694221303847816,-0.04909872144290793
0.9225,-0.055145090020903495,-0.12222338163560979
0.922625,-0.15538000248451753,-0.1516282107001099
0.92275,-0.35246306862576365,-0.13162650182864233
0.922875,-0.31414819113509623,-0.06989892063488136
0.923,-0.11521741734903534,-0.15991958963086203
0.923125,0.07748709964304253,-0.2932756069098645
0.92325,0.015281484331578152,-0.39044140129981975
0.923375,-0.2839271071291267,-0.370682144541731
0.9235,-0.3490536297394504,-0.18076036142403992
0.923625,-0.22427205913734252,-0.023548214385321033
0.92375,-0.03213990314944101,-0.07882964443716643
0.923875,-0.14255211774917118,-0.18385934661798983
0.924,-0.30060502586140314,-0.31654348274421396
0.924125,-0.2515151397140261,-0.2945005851634674
0.92425,-0.03043452255773875,-0.08055823253111782
0.924375,0.2857047598110836,0.040801672278047076
0.9245,0.16840599380028612,-0.04471019642363994
0.924625,-0.14738033560244918,-0.23851540034701474
0.92475,-0.3414976115421763,-0.34146421947804084
0.924875,-0.3082813970227826,-0.18808622170201844
0.925,-0.260086822144065,-0.03853957865993718
0.925125,-0.20373643533768926,-0.1011906140101344
0.92525,-0.06687003343457365,-0.21289032462112412
0.925375,0.0979483260356799,-0.2698599959277889
0.9255,0.28690081309213766,-0.03728582289658223
0.925625,0.2969351001838304,0.19052706595495822
0.92575,0.2775610942433223,0.14401312699807817
0.925875,0.24120560802679827,-0.1507365090681627
0.926,0.3550077560531531,-0.33663337475637606
0.926125,0.5853406965046402,-0.33531707031970465
0.92625,0.6192446456997449,-0.22453377234955263
0.926375,0.4273750811731933,-0.15346089587827047
0.9265,0.24737935716863352,-0.050848837897450594
0.926625,0.11936210499552927,0.08191925369401207
0.92675,0.16031810289395673,0.25109968370277885
0.926875,0.29676659556180673,0.34873760602258974
0.927,0.16996795052375932,0.2871751614263663
0.927125,0.050489516132805,0.25265346106456626
0.92725,-0.1017177579787633,0.33313586461469596
0.927375,-0.08632875647043928,0.4649418854008821
0.9275,0.013589971032575022,0.5686921316860101
0.927625,0.10643417527943597,0.3850427871282426
0.92775,0.055664323271655575,0.1996851172126953
0.927875,0.011882819296837266,0.1658591130330952
0.928,0.07868593804999648,0.19237126969005572
0.928125,0.14593419428183124,0.25550447896524797
0.92825,0.06242377571407663,0.17361151175050907
0.928375,-0.04676907121202045,0.0568367082626874
0.9285,-0.04219952902201843,-0.0773050268703001
0.928625,0.056894272838855536,-0.07434978643273622
0.92875,0.1338036914530839,0.0049399232339359216
0.928875,0.04573431493452411,0.08524515594617876
0.929,-0.18499671199284462,0.014621703305567169
0.929125,-0.08143977385696102,-0.021604531573282626
0.92925,0.2227545288878782,0.07098912592739519
0.929375,0.485023145625954,0.12445499537862725
0.9295,0.35039045934600227,0.05457902432474845
0.929625,0.09829384900644902,-0.11229058888848072
0.92975,-0.06911370593871424,-0.019266851491143776
0.929875,-0.18763741026858183,0.10529450391238543
0.93,-0.39205450937485314,0.10781534756844527
0.930125,-0.5701420199182219,0.013570441439583185
0.93025,-0.4941132201157995,-0.1641341845735852
0.930375,-0.14243559671912942,-0.09221725990933198
0.9305,0.08170632707809601,0.22717472983253487
0.930625,-0.0030357966853488154,0.3974166934316398
0.93075,-0.22153719248221077,0.31781574311584526
0.930875,-0.19985943643288556,0.12407012612268878
0.931,0.11209613361558579,-0.054349405269805
0.931125,0.16372467685980666,-0.20394951089146285
0.93125,0.026862699366155207,-0.38888676467710126
0.931375,-0.15309005487589042,-0.5574570600833971
0.9315,-0.057045089875426995,-0.46065762842323504
0.931625,-0.01629580952861724,-0.1447703945015034
0.93175,-0.12641139657272343,0.08384852602399805
0.931875,-0.21543674041368252,0.02839276182997372
0.932,-0.1356212371559491,-0.1541981509275204
0.932125,-0.06790554501598962,-0.12949398907142037
0.93225,-0.21627685691619145,-0.004574117072508364
0.932375,-0.2406569169422889,0.14810127569274598
0.9325,-0.2612712482987981,-0.004414200841668224
0.932625,-0.38807182965857456,-0.08797839371171516
0.93275,-0.46034188610477655,-0.050654019185671154
0.932875,-0.44764376481624457,-0.008933138392788514
0.933,-0.19752218571733757,-0.13127363448036378
0.933125,0.03231614420931071,-0.19959116347230782
0.93325,-0.14488426705835203,-0.1646895258049996
0.933375,-0.14534221448834714,-0.0829290418225379
0.9335,-0.1884195269137992,-0.16570655092816175
0.933625,-0.09356500244687804,-0.24884469931550665
0.93375,0.11387677945058586,-0.2490524630311274
0.933875,0.27271858254127784,-0.32803708772630946
0.934,0.3381487882595246,-0.4475364351605497
0.934125,0.3762233442823342,-0.38954955937276875
0.93425,0.4276134385691366,-0.15613410568515745
0.934375,0.40889802942866205,-0.015531718730111995
0.9345,0.29112498931080205,-0.0467616848499303
0.934625,0.15147061053379846,-0.13208767768155683
0.93475,0.10436611564364637,-0.15261494951118537
0.934875,0.4111417976085565,-0.09008735899328404
0.935,0.4709174729122145,0.10369076907330262
0.935125,0.4326637374751272,0.25516744394939084
0.93525,0.2521283490741135,0.35141852350775343
0.935375,0.08293338556937398,0.32455093181999917
0.9355,-0.022087426532562928,0.3683337424518474
0.935625,-0.035277003685042024,0.40337005759284617
0.93575,0.030168071029560976,0.27924283414045714
0.935875,0.19206432474411358,0.13099017732212137
0.936,0.21505804724660849,0.10821287251383199
0.936125,0.09800819387805253,0.3244770471842136
0.93625,0.0332872612297968,0.47186291169665984
0.936375,0.032872900150940194,0.35782214355438524
0.9365,0.10553968502597572,0.20135647515071753
0.936625,0.12391738087770376,0.01827776270863051
0.93675,-0.04036004675482561,-0.024379013708908347
0.936875,-0.0003646930661528623,-0.06253053224843538
0.937,0.016070894217747312,0.0524139535677335
0.937125,-4.2330332767011206e-08,0.1938364999915759
0.93725,-0.08870884826087252,0.19459727778430286
0.937375,0.03978026349727466,0.010798330124542746
0.9375,0.09572463820520334,0.01528429063161146
0.937625,0.1181626268946109,0.0325244137842103
0.93775,-0.20398740024717474,0.08817801594883777
0.937875,-0.3646049099921992,0.03746494858233237
0.938,-0.11079124508309694,-0.019315157468231675
0.938125,0.2611428045324558,0.07473452794782509
0.93825,0.30112824165717417,0.08515179648371404
0.938375,0.041029520877839856,0.06719374208490006
0.9385,-0.0971806994579889,7.464421998693748e-05
0.938625,0.09497365683989124,0.01958640387056785
0.93875,0.267512509615511,0.17920207502311172
0.938875,0.16725975798541914,0.13035468166215974
0.939,-0.12082261976971043,-0.17047692837922837
0.939125,-0.24756462906132112,-0.3205650503876035
0.93925,-0.1996576485038464,-0.07092621011361798
0.939375,-0.15766209870719303,0.24247317271560584
0.9395,-0.2741703814815265,0.3048647012633618
0.939625,-0.4020689234983102,0.0391780838704906
0.93975,-0.29458001383540955,-0.10016858287908717
0.939875,-0.09781729986922921,0.04049861896511982
0.94,0.08814678957972276,0.2102688925130287
0.940125,-0.03270927054020542,0.12350687344513497
0.94025,-0.34129457001355373,-0.12076993331168609
0.940375,-0.5991063048205917,-0.18022487547025864
0.9405,-0.6774008278563171,-0.15566571197731172
0.940625,-0.5908628392672999,-0.17020194654644558
0.94075,-0.49229951227568336,-0.2608428676432944
0.940875,-0.43716438122278506,-0.3864854558094957
0.941,-0.2233651841676058,-0.32638557286758013
0.941125,0.07102660446388626,-0.047549306027856786
0.94125,0.15422630700105477,0.1315403445047427
0.941375,-0.03256329048382569,0.006678768907318254
0.9415,-0.1174961330041717,-0.2723649035214683
0.941625,-0.10294333156824649,-0.53142667349339
0.94175,-0.04052462105439941,-0.5709140782914344
0.941875,0.005464462425266851,-0.523499761859327
0.942,0.022653367822671047,-0.4347532064576588
0.942125,0.17976911103774376,-0.41648151925400034
0.94225,0.40219525785127497,-0.2021872166262187
0.942375,0.41293132794219367,0.03153948368135526
0.9425,0.44160263223345725,0.07516409093598042
0.942625,0.3513522981386257,0.010329761172625473
0.94275,0.36077123815702067,-0.08621124243365394
0.942875,0.3008965434955589,-0.08117362551845299
0.943,0.24623374626913502,-0.020544181813146534
0.943125,0.19010755251139833,-0.07340563930113612
0.94325,0.11384101102424016,0.058687218870503474
0.943375,0.14708681075867402,0.20282222739856134
0.9435,0.05124772045703564,0.37190394780521857
0.943625,0.1379882647187361,0.3342518915996257
0.94375,0.2388558717244222,0.36309645391251766
0.943875,0.3224388685442572,0.3316330137582655
0.944,0.4624642842486963,0.33831122551063075
0.944125,0.43625864150164984,0.26284718384002426
0.94425,0.35969405992675074,0.23658905051467774
0.944375,0.23168933298946992,0.14138774899262246
0.9445,-0.06028623750700934,0.0855752527176946
0.944625,-0.21544605093997568,0.07733364925109819
0.94475,-0.17808875555658468,0.053760591856213104
0.944875,-0.049172109037253275,0.08383952353259468
0.945,-0.007370925034923343,0.22002675473331082
0.945125,-0.05170569720222605,0.27414846658111514
0.94525,0.0037311539134129144,0.40952330690829386
0.945375,0.06713643515932959,0.4098779989867037
0.9455,0.14808590502928443,0.36881242083567206
0.945625,0.04768935919389461,0.1788767420053735
0.94575,-0.09384164150941124,-0.043526997036604266
0.945875,-0.1752381278191702,-0.15059247067641923
0.946,-0.09138070074048488,-0.12349627445673939
0.946125,0.048986188509527316,-0.07115481729828348
0.94625,0.2996077441521469,0.026820148101021027
0.946375,0.2238721472078412,-0.05988907419647445
0.9465,0.002266148317814887,-0.04375367244647683
0.946625,-0.40437245473176137,0.032151010162017366
0.94675,-0.5539761479641827,0.127365002385873
0.946875,-0.405545154683025,0.03425471892952069
0.947,-0.2481150960339577,-0.1078681896991024
0.947125,-0.12738443167943578,-0.17112894553035324
0.94725,-0.015828041656122605,-0.11924894274298528
0.947375,0.1586843721036995,0.051297987852980044
0.9475,0.12815036467180238,0.23646326032863493
0.947625,0.08738921742221488,0.2244643284755686
0.94775,0.11528106227562226,-0.06872963528815738
0.947875,0.12416130797739383,-0.429836030668334
0.948,-0.027056708320623388,-0.47291915242213056
0.948125,-0.18745853175045676,-0.37589052712322935
0.94825,-0.08988356488802143,-0.23285911887416502
0.948375,0.024330479254460687,-0.11471838961840299
0.9485,0.03228821544339704,0.009011344826446258
0.948625,-0.2939425731867216,0.09828134282197216
0.94875,-0.6582081362598267,0.10529289748331959
0.948875,-0.6823324256927072,0.043476182819081714
0.949,-0.520751521315114,0.08372965641887381
0.949125,-0.40185358409854804,0.032120978769440076
0.94925,-0.44361550457848703,-0.05204144134810702
0.949375,-0.39716052714338823,-0.12221120060800203
0.9495,-0.2790817909643529,-0.08287413049412941
0.949625,-0.13066399460267658,0.011896579882113754
0.94975,-0.018292573643081105,0.021984145946845324
0.949875,-0.09233220089428905,-0.29686315834438115
0.95,-0.02315536459868851,-0.572167339004939
0.950125,0.05997727247682693,-0.6404378000824336
0.95025,0.13477134875599261,-0.4646165425278066
0.950375,0.20450638396966733,-0.31839093795759615
0.9505,0.3023675448703249,-0.3979195232056942
0.950625,0.3361092455582284,-0.38907003549146
0.95075,0.37240526151275216,-0.21026966857417073
0.950875,0.4845338493537372,-0.08735938676269686
0.951,0.3810802546500088,-0.07704745642577211
0.951125,0.2926078276529082,-0.06025448877793952
0.95125,0.21323666996239685,-0.0014147400046766656
0.951375,0.32137885648838854,0.017265969103279287
0.9515,0.5041073169824608,0.13967273445050984
0.951625,0.624313289657286,0.1917307390785344
0.95175,0.490263685715381,0.2843751108869792
0.951875,0.1658917377431015,0.3107229663435329
0.952,-0.11528483375880598,0.3541831579972428
0.952125,-0.23982951583942375,0.4083115577908912
0.95225,-0.21259665004354938,0.3918760786028834
0.952375,-0.05065406483452889,0.25763101844994873
0.9525,0.007513602550420077,0.18040084187206556
0.952625,-0.06413057362763681,0.30006432469458655
0.95275,-0.07479346299209584,0.46273984172383154
0.952875,-0.13640698240315766,0.5166087259906904
0.953,-0.13853156499714014,0.44360261694919
0.953125,-0.004784300908188336,0.1877518363129017
0.95325,0.2469161981059287,-0.05686304935143158
0.953375,0.4541805628786109,-0.220107831851531
0.9535,0.27463742693953386,-0.18121075815218426
0.953625,0.017382519468514167,-0.05862375048592286
0.95375,-0.04357838830550702,0.023528885529256725
0.953875,0.1429409429569965,-0.018030773141676438
0.954,0.39059394023743566,-0.07328560764886227
0.954125,0.3150555797675277,-0.07262623678866925
0.95425,0.19545136445281336,-0.0843338997398391
0.954375,0.22201250638858183,0.01275492728745855
0.9545,0.2111635254506221,0.24213757292639784
0.954625,0.0426336487615433,0.36871220216163525
0.95475,-0.2636182485536305,0.28968043797485615
0.954875,-0.5322802806565109,0.04053241080430446
0.955,-0.38798535221843017,-0.046375552667390955
0.955125,-0.09573114122736842,0.0562816943661086
0.95525,0.13275432338507526,0.2692405280556337
0.955375,0.07918173739647745,0.2857167046164855
0.9555,-0.01038529712372629,0.1796459872897639
0.955625,-0.0628378377078926,0.18882870809399935
0.95575,-0.045142507062753,0.2518649106219509
0.955875,-0.1733822010187675,0.06661854948572381
0.956,-0.4183123314837519,-0.2792949779964881
0.956125,-0.4807799837400216,-0.5049837310928543
0.95625,-0.254199019750377,-0.3757224100608622
0.956375,-0.0249349073308287,-0.08604503003288663
0.9565,-0.017443612891058256,0.11905403505705094
0.956625,-0.2350406935336626,0.036534155837801154
0.95675,-0.30121283803120497,-0.012333120093916381
0.956875,-0.14620637836147923,-0.03920072843276302
0.957,0.008418991616186883,-0.003953980349166563
0.957125,-0.13621148204975878,-0.1526480758577491
0.95725,-0.4125466755701359,-0.3780868985377246
0.957375,-0.5914360134888789,-0.4498901117954641
0.9575,-0.41602162086594663,-0.23737425594262204
0.957625,-0.09627060813702831,-0.045487752697030134
0.95775,-0.06381234481300276,-0.015252977749842416
0.957875,-0.11668212931094153,-0.13410125303948525
0.958,-0.29243489142592355,-0.2615798225645978
0.958125,-0.2340395581026456,-0.14229648440097814
0.95825,-0.006961875573571428,-0.013745576631512392
0.958375,0.10141289313114236,-0.08539881256484123
0.9585,0.052700517339613444,-0.39588539746471657
0.958625,-0.051843183273648855,-0.5055763231515082
0.95875,-0.0709300815542023,-0.4218135213794103
0.958875,0.13690288565648556,-0.14194816624210255
0.959,0.23762553037703477,-0.009113742917923506
0.959125,0.32726086718666647,-0.11091430207310941
0.95925,0.3509728979245143,-0.2551311359731745
0.959375,0.45180732837028675,-0.24374474475794206
0.9595,0.40588400778033695,-0.04976323823957925
0.959625,0.2547954226185547,0.09508133327704339
0.95975,0.1303495541171908,0.06555813938746556
0.959875,0.09478128327851185,-0.03404889644307747
0.96,0.1981062734796253,-0.08155228609970773
0.960125,0.28309215835386997,0.10711915094020781
0.96025,0.15026386212852944,0.21613280540788188
0.960375,-0.006668722542749629,0.2996929508350723
0.9605,-0.07922153230600616,0.30548727516180063
0.960625,0.01547049093370968,0.3989428230285407
0.96075,0.13360873121467373,0.3728746088849744
0.960875,0.22950132623294822,0.23264654332235157
0.961,0.3760733110745245,0.06171167318031434
0.961125,0.34408423101855906,0.0931953645550115
0.96125,0.2518744042935568,0.22509402832562797
0.961375,0.0747776481380211,0.18127695792734103
0.9615,0.16495270373484813,0.08029439079740598
0.961625,0.20179287677418556,-0.040383251437268876
0.96175,0.11943465778645997,-0.08083915193513685
0.961875,-0.10321721649082179,0.017502734573337814
0.962,-0.01964059918188468,0.07572005390966208
0.962125,0.1820380467629499,0.1828408316376791
0.96225,0.5065766107667675,0.379097505318877
0.962375,0.6080672612666135,0.3604863145007717
0.9625,0.42724724655530166,0.16711074180680868
0.962625,-0.015883369143550357,0.09700530069262024
0.96275,-0.4175413343039332,0.0920739810402306
0.962875,-0.5181650612635262,0.15436218999086482
0.963,-0.25352530493516306,0.08403303281609072
0.963125,0.015721751704708294,-0.05219619144581292
0.96325,0.018882147190473784,-0.06285446204765427
0.963375,-0.13502683237772398,0.17500084987060077
0.9635,-0.3049564884101828,0.3844389786000104
0.963625,-0.35972505532908644,0.5953674792004441
0.96375,-0.42279706795547156,0.4116818992401007
0.963875,-0.2853071378478254,-0.03756493149517758
0.964,-0.016803159480209384,-0.4171426708296385
0.964125,0.05303378270084966,-0.4823146506469856
0.96425,-0.19760435348716515,-0.1863619720551028
0.964375,-0.4911158763663336,0.03910174206672607
0.9645,-0.6288787244996801,0.012673450431232313
0.964625,-0.29400422416660954,-0.10451474311407918
0.96475,0.0055432844738646505,-0.23406547244277298
0.964875,0.062157475723800294,-0.3131984225471271
0.965,-0.23258773149598022,-0.349986465181227
0.965125,-0.2921357376955373,-0.2660631759387725
0.96525,-0.25489305978438737,-0.056937787725120134
0.965375,-0.16787019703728567,0.039349975554691476
0.9655,-0.26994203107358966,-0.18832495825443238
0.965625,-0.4189563606624668,-0.45225459460884326
0.96575,-0.45902423002108045,-0.5529894135670071
0.965875,-0.4412700763729784,-0.30128465949518307
0.966,-0.4294460270733371,0.015640807069287766
0.966125,-0.35513349662273186,0.032093412367968775
0.96625,-0.10201368097410761,-0.1412080671337495
0.966375,0.24564178206691453,-0.27915010682808267
0.9665,0.45893282782042627,-0.1783918829010458
0.966625,0.5079782383475369,-0.1547782742414319
0.96675,0.5354379202601685,-0.22632984797386727
0.966875,0.41715736061511394,-0.39883773584541443
0.967,0.38537746953626545,-0.39914342934046987
0.967125,0.15882284535143437,-0.39583756878631826
0.96725,0.16212977107499682,-0.4361461304992517
0.967375,0.2536665337182012,-0.2620656463407462
0.9675,0.35189794758756315,-0.08445627111605439
0.967625,0.30699720555595456,0.14996562704174993
0.96775,0.20908129375370588,0.3513658465464335
0.967875,0.19340027835185555,0.47376350542628115
0.968,0.20019339973790368,0.4922754274281519
0.968125,0.12520086216208645,0.3763713265913643
0.96825,0.036301935876243446,0.23031815720055107
0.968375,0.08299156893367389,0.1814874022138423
0.9685,0.20612533392274096,0.20362684236403916
0.968625,0.22093948690532447,0.230656939734773
0.96875,-0.05801221194094305,0.2819276595758373
0.968875,-0.13137194541722866,0.2580108885623374
0.969,-0.07894881193051297,0.18549604564434335
0.969125,0.10484946966363116,0.1871297820662429
0.96925,0.2541442821925191,0.16988554666079952
0.969375,0.30431509364997567,0.10475665904849488
0.9695,0.2203397561824109,0.021180225650997624
0.969625,-0.004416581922126533,0.12282412838304321
0.96975,-0.06370923661239372,0.18826491042652754
0.969875,0.04162018776908929,0.15344652363773387
0.97,0.06893783687940609,-0.025911682145319463
0.970125,0.07635808616903454,-0.16195977378495474
0.97025,0.09450104247339038,-0.08404704171640916
0.970375,0.01490304507427313,0.09846310142876158
0.9705,-0.03309139940120829,0.25083561028668705
0.970625,-0.1294207287142279,0.27236484735413974
0.97075,-0.05618458681427186,0.20935301686845315
0.970875,-0.0661494246775831,0.01629145232983234
0.971,-0.06075004725823886,-0.0008998786007818981
0.971125,0.05268903171243026,-0.01991247744173382
0.97125,0.08174144900507185,0.08627796673051075
0.971375,0.07895745731840045,0.10942716655371504
0.9715,0.09532557051063821,0.016030696153676815
0.971625,0.07607557551381638,-0.044944804089983366
0.97175,-0.0068213171120064175,-0.03377396406001188
0.971875,-0.06945048984039459,-0.11731004156845772
0.972,-0.14039303251854668,-0.08398396665771163
0.972125,-0.1266741939748585,-0.06963633112407061
0.97225,0.030603305132584795,-0.04836897841080906
0.972375,0.2083229556415145,0.016253548766235477
0.9725,0.23366071828088814,0.07879423780730219
0.972625,-0.07057809793674434,0.05895038086454461
0.97275,-0.2961889585536682,0.07179021220112299
0.972875,-0.3793693333790033,0.024235421020853166
0.973,-0.29713693692153054,-0.012559693677395638
0.973125,-0.24190840129985902,-0.10553162286574622
0.97325,-0.31494854535139355,-0.11514172498236946
0.973375,-0.3844657425196226,-0.08151658198314349
0.9735,-0.36566031465772847,0.039337405073826125
0.973625,-0.4242757089253421,0.176932019748652
0.97375,-0.4624918833737468,0.181995711177869
0.973875,-0.2840921222452477,-0.0112347483698267
0.974,0.030198459367931516,-0.23954514627453938
0.974125,0.2981489154859555,-0.2857145527028543
0.97425,0.20802942843872987,-0.22053654728840366
0.974375,-0.07417577832873262,-0.21496751858660704
0.9745,-0.48498951025318987,-0.3301429502832921
0.974625,-0.5944124631199089,-0.33270527642300296
0.97475,-0.32464523781171867,-0.3275890622801048
0.974875,0.07410436945408534,-0.37502581302433485
0.975,0.24219871616651606,-0.3900128832543332
0.975125,0.08594837956168828,-0.2623684222332729
0.97525,-0.04728079031670269,0.02776042927977319
0.975375,0.08910457231172163,0.22853695837513302
0.9755,0.3555718720859523,0.23317587352475685
0.975625,0.35233091081659645,-0.07090284044202919
0.97575,0.17807121851919913,-0.44184241603119556
0.975875,0.05486045853654056,-0.5320424073752986
0.976,-0.0517035727415418,-0.3026993244629231
0.976125,0.01965532025450571,0.03354320289247763
0.97625,0.11893423589226335,0.16229360576174418
0.976375,0.16083185351181675,0.026551292178760632
0.9765,0.0969927787176363,-0.04174234348031472
0.976625,0.16416808658724602,0.05659410462524916
0.97675,0.19880223336734365,0.28325447067885956
0.976875,0.2481267671734718,0.2770018253517234
0.977,0.38278494765550136,0.13622851219304086
0.977125,0.5543466309977577,0.021988377217162017
0.97725,0.63194227855855,0.002288433558410471
0.977375,0.6437355379042848,0.02034308993217073
0.9775,0.4313557602597655,0.056493131664974515
0.977625,0.08789319078164105,0.10224663947925855
0.97775,-0.16561419744746675,0.13324611608254977
0.977875,-0.1829616190529796,0.172788183354692
0.978,-0.03721733833281201,0.15869399485385732
0.978125,0.0273902222604251,0.19890332863298732
0.97825,-0.06223141433707762,0.2524669947664799
0.978375,-0.09137546082545002,0.5075980733043736
0.9785,0.08168725072155428,0.5578291684287081
0.978625,0.20653826769630904,0.5262288239757403
0.97875,0.10207126621278051,0.36338559027599454
0.978875,-0.005716179310643464,0.08169665461668067
0.979,0.03598432586327874,-0.1346601524460999
0.979125,0.0586834305537851,-0.14919280703835164
0.97925,0.05295539263925718,-0.020734456364155215
0.979375,-0.15111590791860186,0.008875427294025842
0.9795,-0.07185493495452541,-0.07279210730386222
0.979625,0.2137354815161395,-0.12442460485959325
0.97975,0.3303175913641201,0.009341967817576038
0.979875,0.17981673268122164,0.17360377268671975
0.98,-0.15330057370509612,0.13451546011572638
0.980125,-0.3053060015097415,0.021360954139015426
0.98025,-0.20924131543779714,0.041316069148117994
0.980375,-0.06325257038811348,0.07392824927009484
0.9805,-0.08133586707737629,0.03893325892964275
0.980625,-0.17498274051338616,-0.12579042962397632
0.98075,-0.18726683689038864,-0.06548437587607261
0.980875,-0.1919766778154945,0.1652138617260692
0.981,-0.14693164801372802,0.328025652409707
0.981125,-0.14067591415617325,0.1429094490832071
0.98125,-0.030174013097369706,-0.1786919513218653
0.981375,-0.04063846296107432,-0.26457362847598176
0.9815,-0.29273730406908394,-0.21711143132607047
0.981625,-0.5715427401566695,-0.08449204792990986
0.98175,-0.5919067093614158,-0.06939930505765074
0.981875,-0.3614735253544825,-0.1504953116728795
0.982,-0.11603539672761216,-0.1864739886421621
0.982125,-0.043546699081773624,-0.2207656037317561
0.98225,-0.20126789545422563,-0.12126793618073184
0.982375,-0.3694098345110907,-0.09019635897281826
0.9825,-0.4230002958019561,-0.032434060614755164
0.982625,-0.5210657959139834,-0.09515171119476318
0.98275,-0.5672619351478897,-0.2645519927488846
0.982875,-0.4474158341802294,-0.511369474106729
0.983,-0.23205195337922266,-0.5518251532247684
0.983125,-0.014069874954996158,-0.3407422012772857
0.98325,0.03812614540348685,-0.0852527825350965
0.983375,-0.00942600742933852,-0.07995957846439808
0.9835,-0.004479401743876498,-0.1847451726832062
0.983625,0.23663662105780947,-0.30711161798877634
0.98375,0.4029497686546189,-0.40506499343209895
0.983875,0.3489724489786262,-0.5076311664510439
0.984,0.21624654694352904,-0.520607037169278
0.984125,0.433494848649093,-0.4362314068846556
0.98425,0.807810158952367,-0.20402154964216238
0.984375,1.0,-0.019545167121154637
0.9845,0.7663332811659648,0.017737436672953043
0.984625,0.3708000513452687,-0.006709388561657316
0.98475,0.10673501232129662,-0.01249545116557496
0.984875,0.1356471987027909,0.20711223920488525
0.985,0.3920213640935739,0.36334238485926384
0.985125,0.4331887916426036,0.278295964774479
0.98525,0.38813972979343686,0.18618551549026552
0.985375,0.18048419305882668,0.37879439210538585
0.9855,0.01301425844797044,0.6927583288555448
0.985625,0.018042377161937788,0.8854249868538737
0.98575,0.060387203375372865,0.6762807507713489
0.985875,0.06158931561577534,0.3142041896765706
0.986,0.06815857918097033,0.10405255724317854
0.986125,0.07898445669310811,0.12162574164699659
0.98625,0.07097544143754746,0.2658766898414277
0.986375,-0.1422781094235329,0.40673026142414603
0.9865,-0.39008332993263356,0.39123579562807276
0.986625,-0.36748375311355547,0.19552117157507465
0.98675,-0.12938851243785912,-0.022058705105380362
0.986875,-0.005486737847380133,-0.05152468411115615
0.987,-0.13720555656395764,0.035697194108805154
0.987125,-0.3557693429464175,0.13564822481667424
0.98725,-0.4030202388336299,0.022564747691652308
0.987375,-0.18354415918164801,0.08071185112270236
0.9875,0.06327058468653997,0.042822004619349124
0.987625,0.11966149845615781,-0.12527174614379338
0.98775,-0.05430744891846024,-0.36374607962864125
0.987875,0.0025980543284990294,-0.3203661095098879
0.988,0.22716153900808936,-0.12925706105763057
0.988125,0.3710323743695604,0.033333238390344175
0.98825,0.19566684246264868,-0.13636211794116987
0.988375,-0.19387715966795824,-0.31158173913523973
0.9885,-0.27146219782795256,-0.3830913108469717
0.988625,-0.09245508770774676,-0.14518330672304944
0.98875,0.20623540327068313,0.11724320669768677
0.988875,0.3212899647770304,0.08900364216600512
0.989,0.25879851423490124,-0.04650321184559089
0.989125,0.01383969906180807,0.0037192497625161305
0.98925,-0.10255013961708094,0.20494748365113924
0.989375,0.05415590291392826,0.321586314236555
0.9895,0.2861270385187979,0.1729994463449108
0.989625,0.211545869437467,-0.14215239044018024
0.98975,-0.17758814897425682,-0.28028209489360867
0.989875,-0.5390144637333609,-0.05062492966145082
0.99,-0.6107789437434828,0.22677692707398794
0.990125,-0.53999484446151,0.3203245893993111
0.99025,-0.5827678770718354,0.24888356241845705
0.990375,-0.5769256382965341,-0.0171510442487319
0.9905,-0.43401958724708417,-0.11370496146932745
0.990625,-0.20917760180056263,0.04717378289136756
0.99075,-0.08531064127645119,0.2406046486209828
0.990875,-0.35683855364593364,0.11295697570565409
0.991,-0.468071020990047,-0.12825973937150817
0.991125,-0.5224987397835135,-0.48524249699216426
0.99125,-0.32528988077362947,-0.5119338627260991
0.991375,-0.08380862325688516,-0.5296751583906382
0.9915,0.13160174635207292,-0.5097358862381481
0.991625,0.2151275642936656,-0.5253009788122401
0.99175,0.17162427729841503,-0.3699104719886836
0.991875,0.24052846116960178,-0.11594589764886415
0.992,0.2129029177135636,-0.12117387159568373
0.992125,0.07948031505365238,-0.28935596139400704
0.99225,-0.12341172443510144,-0.39722809373683177
0.992375,-0.07966750912916461,-0.4326667925452028
0.9925,0.20452419526659366,-0.28705130969855247
0.992625,0.5032196817971489,-0.015970221569787862
0.99275,0.5401158514117073,0.12996712297255178
0.992875,0.4277698954163002,0.18871675010260786
0.993,0.352429321152261,0.1957308965556209
0.993125,0.21739486077843465,0.16231811995030343
0.99325,0.1828657705207307,0.21119917884988787
0.993375,0.2650769756085524,0.01575655334979552
0.9935,0.3785448756144026,-0.13615035508723028
0.993625,0.39668184260636363,-0.10298533349090287
0.99375,0.23464324683437116,0.15022401918879197
0.993875,0.08615105772632772,0.39406353113133596
0.994,0.11104148983407174,0.45781434210669486
0.994125,0.12289764565396,0.42158388090878146
0.99425,0.0750134520439503,0.2965463624158893
0.994375,0.025017608796508016,0.18043737225754491
0.9945,0.09346323762907023,0.17467032123677448
0.994625,0.25049704893772506,0.1939088970377
0.99475,0.0786648825240657,0.3695699599868049
0.994875,-0.19794600887670574,0.3325719941163827
0.995,-0.2805905065572701,0.22494453631886052
0.995125,-0.09557239691302583,0.1110610845936903
0.99525,0.29426153258053034,0.10040203891969826
0.995375,0.426960193117234,0.10677021257402326
0.9955,0.2395062575383045,0.03762698715607127
0.995625,-0.06706725484613738,-0.018639914148613993
0.99575,-0.03831826004879787,0.14286669091084428
0.995875,0.041871219134448065,0.2338069901296297
0.996,0.19912515999181887,0.05120414430846006
0.996125,0.023384908680255733,-0.18395263279541768
0.99625,-0.2583085793966331,-0.24796145282821166
0.996375,-0.46473396801743766,-0.029953221125816054
0.9965,-0.4349142011817614,0.29804697186313117
0.996625,-0.17123302112997904,0.3257568295289937
0.99675,-0.007485199507179845,0.17945716050518354
0.996875,0.12232962728894642,-0.03464441953955895
0.997,0.07940938572288567,-0.06687420434282874
0.997125,0.054711589946069665,0.10623204186439647
0.99725,0.04694942676084706,0.1809974724907738
0.997375,-0.032233991954107845,0.036677135892890886
0.9975,-0.14220097865724626,-0.23018954710265488
0.997625,-0.3281934555250993,-0.47027404072027407
0.99775,-0.31205385073706404,-0.3531949792805863
0.997875,-0.24592027833955613,-0.15839196071744255
0.998,-0.10480697894468423,0.01395857561310413
0.998125,-0.11466127212718698,0.05034092863211242
0.99825,-0.2067585549472563,0.1000621441958656
0.998375,-0.35661335114775883,0.05295901182470096
0.9985,-0.21389061119112832,0.0054404758022011
0.998625,-0.1378953428458637,-0.009085628733679145
0.99875,-0.3295878346524848,-0.16093673212873016
0.998875,-0.5596798407226636,-0.30262822566326986
0.999,-0.4951280007571164,-0.285810522438571
0.999125,-0.20372501429139958,-0.17806503430166762
0.99925,0.06958512183341256,-0.0753397069001112
0.999375,0.12700876694131719,-0.09516150106779883
0.9995,-0.05830221228542211,-0.21094040607174605
0.999625,-0.247376184625892,-0.36818691486428273
0.99975,-0.3131753113579965,-0.22934890303189182
0.999875,-0.18528606023945215,-0.11140988334409638
1.0,-0.003021863376367732,-0.2394068287163957
1.000125,0.15875274300863626,-0.467533413715057
1.00025,0.2640780004307879,-0.4604344706299601
1.000375,0.30034412471157795,-0.19851483290699332
1.0005,0.3009638056239479,0.10209308261689874
1.000625,0.34162394372612487,0.10708670810146212
1.00075,0.3399465184517363,-0.09027463842309791
1.000875,0.2991413747878593,-0.22304884778364073
1.001,0.43472356798640394,-0.28159951924216003
1.001125,0.5845099409367416,-0.2048863467709873
1.00125,0.49322258647450984,-0.019572473907168
1.001375,0.12310171367953689,0.14997792195653148
1.0015,-0.21711466736427704,0.2517614911294304
1.001625,-0.31893086261231146,0.3559338890125162
1.00175,-0.15792776026604852,0.3736077343376742
1.001875,0.057764926046061135,0.26489901278654293
1.002,0.18428765721517934,0.27860721281902645
1.002125,0.2889577405264311,0.28098708795794985
1.00225,0.35047603050010423,0.3828733786484561
1.002375,0.14169046280085346,0.5221133407911593
1.0025,-0.2150936369772724,0.4790634295035923
1.002625,-0.3757727051988869,0.12816410227486683
1.00275,-0.14364607806727542,-0.2306046675251881
1.002875,0.22540109887316528,-0.29340712287545523
1.003,0.2745387455641471,-0.21760316407443517
1.003125,0.21097449817581765,0.023227899712131336
1.00325,0.06256250872321871,0.1275745380853901
1.003375,0.059479515705197654,0.25358933917397947
1.0035,0.2070027925258057,0.2925669595522654
1.003625,0.26446333086744295,0.1235862236728041
1.00375,0.21971933274851874,-0.183635395468732
1.003875,0.13954285338120057,-0.32811350799265904
1.004,0.07806268513971132,-0.08274281297634632
1.004125,0.2161693311738861,0.18973165865674146
1.00425,0.24581159283665155,0.28730264480769274
1.004375,0.2243317995863225,0.18097656625717648
1.0045,0.037181631353218836,0.08829353505592703
1.004625,-0.19829208990976346,0.06157989020683598
1.00475,-0.27610371915329757,0.11700791422841417
1.004875,-0.3082819438108646,0.2609423672044224
1.005,-0.10219846362234615,0.2453219676785731
1.005125,0.042605905458707065,0.12034607846662462
1.00525,-0.08550356197100208,0.0940407580766114
1.005375,-0.30971980494116186,0.20644221087233564
1.0055,-0.34924100519796014,0.3077735250169014
1.005625,-0.26123590918195694,0.22768882665684614
1.00575,-0.18814896437739684,0.012392393605466866
1.005875,-0.17845395767301794,-0.16905328030250077
1.006,-0.33752269347567826,-0.2507878062092433
1.006125,-0.39712564703627895,-0.21849059701707477
1.00625,-0.31496504546652343,-0.06266962832081875
1.006375,-0.1898738928627292,0.0037854091109193635
1.0065,-0.14059621801312353,-0.03252653796722541
1.006625,-0.10128243510665103,-0.21413862748285878
1.00675,-0.03896995098962368,-0.27948167114640765
1.006875,0.08660354262279178,-0.252462534319139
1.007,0.12766439461708892,-0.1319316343316414
1.007125,-0.2040992655300388,-0.18950469287849717
1.00725,-0.5500545217006041,-0.32890867238009674
1.007375,-0.4584307314189225,-0.4004422890204529
1.0075,-0.20624648168883175,-0.291452102558871
1.007625,0.12859302213637588,-0.18104735030258398
1.00775,0.04556467024764165,-0.11069221140340506
1.007875,-0.09670675169383476,-0.13073364180439268
1.008,-0.1490311432479849,-0.0452590715423579
1.008125,-0.12116008478608373,0.09865175835885172
1.00825,-0.14177355832513455,0.09236069674683026
1.008375,-0.25938966726373597,-0.16141910455641767
1.0085,-0.1320153892953566,-0.4924123669602181
1.008625,0.07768297849502159,-0.48255869120084205
1.00875,0.32799771882029377,-0.13908871289597194
1.008875,0.25716835140253574,0.0839142089990527
1.009,0.15738834474887034,0.08102556141360244
1.009125,0.11117735162597762,-0.05359163844931437
1.00925,0.05740966060629906,-0.1257509569443082
1.009375,0.13083122862367047,-0.09621685353302645
1.0095,0.20290704861041386,-0.15873432302370635
1.009625,0.32463179840291584,-0.24056670098377173
1.00975,0.48567356668571987,-0.2075955726565895
1.009875,0.4681899338390428,0.12034022316558743
1.01,0.31332550191219316,0.30902404441657505
1.010125,0.21636191909455854,0.26159545298515097
1.01025,0.27531562028448936,0.12863020882373408
1.010375,0.3939944300450467,0.05456616644852446
1.0105,0.409913342584548,0.07771100786395008
1.010625,0.2721827259018004,0.09885532697643426
1.01075,0.03712727000957603,0.11331741647363539
1.010875,-0.14527212730901118,0.29069416144115595
1.011,-0.03686033707607739,0.46939955345485274
1.011125,0.1365583487510144,0.44721857113730756
1.01125,0.03316464226017884,0.3005319778057259
1.011375,-0.12546086096222284,0.24459163042036744
1.0115,-0.11226452674199447,0.25251736813421655
1.011625,0.10902173437066398,0.35619058194707254
1.01175,0.3527751686939012,0.3689913570829782
1.011875,0.3457335790483189,0.2639339256919289
1.012,0.0874834145809721,0.03947991192605583
1.012125,-0.235941112908305,-0.06562430949773188
1.01225,-0.2129806082749899,-0.02585893197062264
1.012375,-0.12335588468831375,0.06725677671165044
1.0125,-0.011272683053566247,0.02320026054617501
1.012625,0.05604529125010703,-0.10388117410807887
1.01275,-0.015775413276677613,-0.1129986070735997
1.012875,-0.09860564821729331,0.08847484695141897
1.013,-0.04343434017092949,0.25457037487079753
1.013125,-0.09052616500182699,0.31390615134229677
1.01325,-0.039626410997877864,0.035316785769956845
1.013375,-0.12864542497499568,-0.1899936026890015
1.0135,-0.14208173262235557,-0.2782477816248527
1.013625,-0.15360083760820084,-0.15392426208683005
1.01375,-0.033168640488949984,0.026126709785626357
1.013875,0.009094956476274799,0.00017423327115567467
1.014,-0.06268545957206029,-0.03426406612038459
1.014125,-0.0829595798734094,-0.07575649739247524
1.01425,-0.09608470823825058,-0.113263724726309
1.014375,-0.03285086762341088,-0.10011887111746222
1.0145,0.0014077229061077118,-0.06837663676414092
1.014625,-0.12491805242996608,-0.10145247466554254
1.01475,-0.16424098578838828,-0.14082841075656746
1.014875,-0.1526596567648551,-0.0994736122587506
1.015,-0.05080823344515084,-0.03710089259136358
1.015125,-0.08381526747177474,0.022585025303243314
1.01525,-0.2871881575005568,0.039881289585572785
1.015375,-0.4244221269664812,-0.02519892466986489
1.0155,-0.362163306044378,-0.12946834131025434
1.015625,-0.22977603274648511,-0.028450499437647096
1.01575,-0.11790786552493003,-0.008680900030481137
1.015875,-0.23767120383794862,-0.06548978174620342
1.016,-0.40027767151450794,-0.132623383597689
1.016125,-0.4476621710926608,-0.16683896702311285
1.01625,-0.38878552437618924,-0.06634446993586132
1.016375,-0.13668568609711082,-0.05862488651408392
1.0165,0.22731278529627902,-0.24638545751607605
1.016625,0.379813139717259,-0.41360493320923725
1.01675,0.17515303792931522,-0.3459601566169306
1.016875,-0.02987382452575339,-0.1971170205747295
1.017,-0.06744274769118588,-0.1686659183637541
1.017125,0.09867848925670614,-0.20197596821246228
1.01725,0.18514524473666064,-0.31405616904002714
1.017375,0.23084047527934637,-0.4303793317250219
1.0175,0.3851758116917758,-0.35207102837372267
1.017625,0.40513767548779583,-0.11921733206091661
1.01775,0.18981344994073696,0.22880379195745593
1.017875,-0.07930482961412355,0.3549670567011976
1.018,-0.07500402699446619,0.1881083604298684
1.018125,0.17927164852370914,-0.018849156361534124
1.01825,0.3255356924294979,-0.022180255472869108
1.018375,0.24828502141460296,0.08516196473369968
1.0185,0.08129892578811367,0.19469874544133844
1.018625,-0.00578948225240412,0.25507654190286244
1.01875,0.03311929121293658,0.30826376813218687
1.018875,0.03470661251104664,0.35419615815530103
1.019,-0.05130743710717585,0.19643898667257423
1.019125,-0.03368269280107645,-0.007587665673869824
1.01925,0.23990004670098947,-0.030670270631544188
1.019375,0.5371669345301779,0.21446607152567035
1.0195,0.5410577310431961,0.30735687146391355
1.019625,0.2454839065585139,0.18178687324037482
1.01975,0.15384477859777845,0.09393326801936126
1.019875,0.19784742413228731,0.00954576274180031
1.02,0.2757046454527808,0.007877573856624645
1.020125,0.07504581948488104,-0.051528726595281536
1.02025,-0.2102524011030867,-0.12243038691911796
1.020375,-0.30698992198121705,-0.004706922881428617
1.0205,-0.037695317981857275,0.30145885084843504
1.020625,0.24042240032614964,0.43166015909511224
1.02075,0.21116567300661238,0.4658850288282467
1.020875,0.05565606438852206,0.24281269111345213
1.021,-0.08553762683843866,0.11411232364539131
1.021125,-0.034580523752663066,0.14527685236391838
1.02125,0.1418946773689649,0.22635332844867861
1.021375,0.11813359353449619,0.07883633916837393
1.0215,-0.05615338097617164,-0.21493957119870433
1.021625,-0.3068584641096428,-0.24733692610621308
1.02175,-0.4649897447672072,-0.053967570558919466
1.021875,-0.5381154524064965,0.19181753037234503
1.022,-0.350952587500109,0.21376913964569905
1.022125,0.03540558893473396,0.08523750995533098
1.02225,0.28696503226689873,-0.03942548972580082
1.022375,0.13591035127477144,0.009197786113957376
1.0225,-0.03984537590480036,0.127654929500608
1.022625,0.012723815856458555,0.10353111578898286
1.02275,0.17691938457604417,-0.011435841782053577
1.022875,0.23735669308556487,-0.2593338018460097
1.023,-0.06861595037121734,-0.4660636177346454
1.023125,-0.3705887058727343,-0.49276280755548174
1.02325,-0.5867482489970124,-0.28704782100173
1.023375,-0.4045837310187283,0.011905012509066244
1.0235,-0.16406658587288547,0.19257364536301724
1.023625,-0.07775580646026409,0.1547808864556205
1.02375,-0.2857938896084698,0.033086431301313904
1.023875,-0.47866983908745775,0.040608910105291426
1.024,-0.43819930015523284,0.15771339779072577
1.024125,-0.3983721217132733,0.21147909430395562
1.02425,-0.45553616563370114,-0.03975078105720519
1.024375,-0.6301173019661815,-0.3752073434451878
1.0245,-0.6118425472688793,-0.48770047540511735
1.024625,-0.4651194637319553,-0.36188074832387324
1.02475,-0.3324294239205367,-0.1625946436598549
1.024875,-0.06347538107094235,-0.08676761265206312
1.025,0.14593231193848463,-0.25404820705132153
1.025125,0.3365078121656818,-0.39715589664741785
1.02525,0.2159562636739102,-0.42036398935876984
1.025375,0.18432477896508492,-0.3455189952022406
1.0255,0.22369922628036565,-0.44085357415873694
1.025625,0.24743970141844604,-0.5642383896213514
1.02575,0.2912458099259131,-0.5633897495934793
1.025875,0.32522004238952756,-0.4553784465616336
1.026,0.5235407228460593,-0.28537612499922105
1.026125,0.7231415954877307,-0.09692416753833992
1.02625,0.6692109081606034,0.1293297737635474
1.026375,0.515250653920621,0.26226581283550704
1.0265,0.3929095834857052,0.22890234108801094
1.026625,0.42742816505049086,0.1389983279350682
1.02675,0.3110341255708154,0.20257369408490933
1.026875,0.17641194110465513,0.24114400958569365
1.027,0.06967009032569207,0.23158074367955447
1.027125,0.05100229902297906,0.31044878461344166
1.02725,0.026217739097193344,0.4829785029818432
1.027375,-0.07986404729187155,0.6247776212272041
1.0275,-0.027904647854496867,0.6021221872964752
1.027625,0.1309190061806445,0.4683088916128155
1.02775,0.21299416146627986,0.3920334742851947
1.027875,0.1238188893240093,0.38247584136581025
1.028,0.08005422958648997,0.28832822093701693
1.028125,0.01932590666569025,0.19351766155840514
1.02825,-0.03752747165057954,0.07548983087425834
1.028375,0.028875932820582886,0.0537531965555623
1.0285,0.14434496731264307,-0.02445699073924059
1.028625,0.13586560377592036,-0.07539139395593199
1.02875,-0.15165985929250214,-0.011292244988938488
1.028875,-0.3486561277956892,0.1134910435771662
1.029,-0.23194991344069305,0.13879370530058352
1.029125,0.022996196391088315,0.11299103079518676
1.02925,0.1641666657809543,0.06823957708733422
1.029375,0.07668112237835872,-0.0048127346394747725
1.0295,-0.04146485633355103,-0.018006839339001705
1.029625,-0.11698863483462095,0.010806087281628369
1.02975,-0.0625906333720653,0.18157877517571427
1.029875,-0.045840954785953576,0.12412204956919573
1.03,-0.13672516551996408,-0.11190165739719642
1.030125,-0.2601054760687791,-0.26822720140714745
1.03025,-0.23882400103631468,-0.24284435499707838
1.030375,-0.09973943583601319,0.04505054525154357
1.0305,0.061221517379846206,0.16592855265962134
1.030625,0.18023528150322526,0.06124823118345491
1.03075,-0.07187877309387065,-0.05886683346218539
1.030875,-0.4112625754295119,-0.0997281416098053
1.031,-0.6031909835849328,-0.031159077468808503
1.031125,-0.5078423356058345,-0.0622763679293129
1.03125,-0.15588290973187038,-0.1316646240252756
1.031375,0.014727017106665906,-0.2298411812245595
1.0315,0.06081717704582255,-0.21905246871673978
1.031625,0.013675920572194073,-0.08235987951364464
1.03175,0.06876428556024329,0.04570031906830403
1.031875,0.014324049580771584,0.0980090817145488
1.032,-0.05002086578288821,-0.09084179981474426
1.032125,-0.17264061314871987,-0.385126962177905
1.03225,-0.1711154925476089,-0.5402313342292179
1.032375,-0.1116016814198178,-0.4442933851834629
1.0325,-0.13303420891591883,-0.16611991257111886
1.032625,-0.22829519884689176,0.02350963125250047
1.03275,-0.3403831078036723,-0.008225499955057872
1.032875,-0.4701025941002651,-0.020896553061294173
1.033,-0.40656894204007593,0.060768051897152994
1.033125,-0.2716083133661411,0.020944109019046624
1.03325,-0.04830917714065868,-0.05514579611545592
1.033375,0.15919700511747628,-0.17007652702485274
1.0335,0.2255511398337279,-0.16176913768948548
1.033625,0.10592253252301363,-0.10588590988986252
1.03375,-0.03384103363448627,-0.10119933239695847
1.033875,0.0363018100023438,-0.21390603871752764
1.034,0.3277529588431452,-0.3737754710108621
1.034125,0.5314435836283697,-0.44085122490706147
1.03425,0.5242636620902976,-0.35316907613104037
1.034375,0.24158001243937602,-0.19766630914043465
1.0345,0.1518633562254591,-0.06385732432363293
1.034625,0.1312647402532694,0.13930945115203106
1.03475,0.2674635303168682,0.2373837680762199
1.034875,0.4298547540035149,0.1208968877591855
1.035,0.4171267309378695,-0.04707240717420097
1.035125,0.2885944915148865,-0.012080962567401363
1.03525,0.062358778372745075,0.2975954351092358
1.035375,-0.07022385180211566,0.470507928510837
1.0355,0.12967818714221066,0.4529897118145564
1.035625,0.2601668830428337,0.2722002785805777
1.03575,0.26192492515071586,0.08157106935641915
1.035875,0.07818478220815989,0.051341933574976094
1.036,-0.015062497671327975,0.2866899955670223
1.036125,-0.05947313030562676,0.3669454528415464
1.03625,0.08863150217467476,0.338422736724728
1.036375,0.11295211180501213,0.2314229115112549
1.0365,0.024053565875183123,0.019935397761877405
1.036625,-0.10924924070460214,-0.02229437937746159
1.03675,-0.10123800272189551,0.1061560336612608
1.036875,-0.008219895386656444,0.21266317486361921
1.037,0.2139864870794583,0.21198919777629818
1.037125,0.1950123749653547,0.011078223842949032
1.03725,-0.07270927719459205,-0.005448518481534778
1.037375,-0.12464498030614105,-0.0007788828852539773
1.0375,-0.13006839644765392,0.01714170397335168
1.037625,0.07473038379272215,0.12644532436686914
1.03775,0.11803122249710292,0.0465874162223408
1.037875,0.15312796114284855,-0.089489508040847
1.038,0.12690384835423385,-0.16378201068352144
1.038125,0.07049407059856792,0.015596926554001264
1.03825,-0.03760874319141676,0.14043397803300892
1.038375,-0.3721023699474616,0.16324705259296354
1.0385,-0.5172662127242688,0.0172410643976284
1.038625,-0.24747383901102682,-0.07725675096774302
1.03875,0.2130513629062343,-0.11811764190358445
1.038875,0.4067477054294678,0.053647781578865836
1.039,0.08485955040521768,0.17199818087445
1.039125,-0.3560848574901036,0.1519058061219356
1.03925,-0.4524824814402254,0.13594263455460265
1.039375,-0.14577482847955975,0.08319597382542486
1.0395,0.11718103938415492,-0.005481324029658486
1.039625,-0.003132415140954828,-0.3825513480060699
1.03975,-0.39946005176104726,-0.4464858870647289
1.039875,-0.4798105196659613,-0.19527993082807368
1.04,-0.24895071771653246,0.23756863680068036
1.040125,0.023575725299944172,0.4005881689199182
1.04025,-0.031534581882129584,0.046800503008136186
1.040375,-0.2922403232121168,-0.3320417258899295
1.0405,-0.36220024845194926,-0.44647047799857853
1.040625,-0.3766221097388105,-0.1052565236997878
1.04075,-0.34346657556693816,0.1200097798964482
1.040875,-0.3365392406222411,0.03402145948450242
1.041,-0.2836478301548883,-0.39261042003222574
1.041125,-0.15127862624012908,-0.4276956492745618
1.04125,-0.06905209142863275,-0.16988921505940974
1.041375,-0.04587808077372344,-0.027598353211803015
1.0415,-0.03482680152954582,-0.0345511519940348
1.041625,-0.06852150990728954,-0.2642413032987413
1.04175,-0.018821402298452267,-0.3971840845247187
1.041875,-0.05330434806326112,-0.3142576767024639
1.042,0.02819207514413201,-0.26618822600063374
1.042125,0.16972708908170592,-0.32471887036841934
1.04225,0.3502222373689818,-0.2860523509541114
1.042375,0.30139727876820327,-0.1329002175301937
1.0425,0.14302716395749956,-0.05007121433608613
1.042625,0.04512845631514208,-0.039792872923488716
1.04275,0.25503025228304127,-0.07072329535752456
1.042875,0.4835150856843427,-0.0847266774033582
1.043,0.6288615171705545,-0.08432342999100194
1.043125,0.4904904265198229,-0.045857588552909716
1.04325,0.20361460709757181,0.03662252735430952
1.043375,-0.007934258421942926,0.21109877761170734
1.0435,0.06165661767554952,0.29014348922238337
1.043625,0.35735113552609465,0.254564585784227
1.04375,0.43450236306090756,0.12606296793642635
1.043875,0.30861485341570527,0.04597614085217311
1.044,0.04091330740349094,0.1807017091305198
1.044125,0.04876382970663503,0.45293076709850033
1.04425,0.17137879139736234,0.5530047544313446
1.044375,0.1858110333119065,0.460686247654044
1.0445,0.07856982438193762,0.2099795062335597
1.044625,-0.07338842986234415,0.031568088124650104
1.04475,0.036245267009165145,0.09928229505943614
1.044875,0.09757271262693666,0.3137774363096014
1.045,-0.04946496028428215,0.41012171613785703
1.045125,-0.29769968273168673,0.2439884047888028
1.04525,-0.3258290496239509,0.06257285941321332
1.045375,-0.2042425683649572,0.0409323606132536
1.0455,0.0724914792253312,0.19585488705391532
1.045625,0.23477444054443494,0.19352011447829642
1.04575,0.23887528312177922,0.04102766658363929
1.045875,-0.06902733213115478,-0.08351021051228376
1.046,-0.30908872821226774,0.029612559310362045
1.046125,-0.25274610995381597,0.04369242302572464
1.04625,-0.024093855114291674,0.012642415563320993
1.046375,0.1724943155132059,-0.19462084194031912
1.0465,0.09163147405286104,-0.33726037170612533
1.046625,0.010274997386606857,-0.12373080142262552
1.04675,-0.004982876501041199,0.07910921527231478
1.046875,0.09760373628724188,0.25567277457066934
1.047,0.03152959569143641,0.1992371221067027
1.047125,-0.09589458866128996,-0.10427099790882194
1.04725,-0.17340092480311478,-0.2829050549747283
1.047375,-0.11687056535240103,-0.2973582803806258
1.0475,0.0015587997596330202,-0.04543369492562834
1.047625,-0.015312441859511822,0.15017149710592462
1.04775,-0.025770768960851002,0.12880625519701006
1.047875,-0.07609064502836264,0.06651478141790544
1.048,-0.16348666412188378,0.01048752453924127
1.048125,-0.22513088840700765,0.1003543173166164
1.04825,-0.2525607459662232,0.03239942306775554
1.048375,-0.36265951653755396,-0.08698523029051677
1.0485,-0.3457665083321184,-0.1452105584464769
1.048625,-0.3909955016706397,-0.10752465447868609
1.04875,-0.350268520234491,0.0062421549696776565
1.048875,-0.36104666412775493,-0.004579636816202999
1.049,-0.29980586149026506,-0.040169343899023616
1.049125,-0.15783254510891084,-0.0620079169586379
1.04925,-0.2182299863011969,-0.16727780666244557
1.049375,-0.2721925416285961,-0.18939452227430217
1.0495,-0.367279873491261,-0.3138721162996072
1.049625,-0.34066804804072987,-0.3040347911053011
1.04975,-0.24119702297681375,-0.333976751856943
1.049875,-0.1873867632379277,-0.3225932794919378
1.05,-0.002453815216047713,-0.30085426331468396
1.050125,0.2556702395630564,-0.33246336775687657
1.05025,0.3568981397706635,-0.25223881044434415
1.050375,0.29559603409780477,-0.17830971209915317
1.0505,0.21938541842476458,-0.15151885761336673
1.050625,0.287221395348417,-0.2778648293698143
1.05075,0.4201531958961942,-0.38599684056711697
1.050875,0.35250397948745926,-0.2914830204191552
1.051,0.1681653899142659,-0.2616705239418099
1.051125,0.12357692231794318,-0.1968050341456005
1.05125,0.15588434514096514,-0.004433025801634959
1.051375,0.27367447803685646,0.19160640502210435
1.0515,0.2256949333158029,0.32819215501308024
1.051625,0.11697451741897716,0.27684346657534487
1.05175,0.15040367610189587,0.1597301517324956
1.051875,0.2047272182247011,0.2697479020908921
1.052,0.37245601248286914,0.4200552046758451
1.052125,0.29068674270007017,0.3076976647473059
1.05225,0.1068073781130611,0.20850684084936538
1.052375,0.08569187537622434,0.063196408106916
1.0525,0.11426521028166843,0.18725606752578525
1.052625,0.06322800061799932,0.2808026885516073
1.05275,0.026915332578480344,0.1775100048236265
1.052875,0.09842906508193436,0.14697122171692106
1.053,0.1505443638461046,0.0709258259002486
1.053125,0.14937245506280017,0.2441001942515559
1.05325,0.01717108639895455,0.34360991274805347
1.053375,-0.037600551420461543,0.2377866313726402
1.0535,0.09625887657297073,0.1545712400744405
1.053625,0.20820044152601894,0.0885261818148135
1.05375,0.23628353290588078,0.08964313491987885
1.053875,0.1086220875465174,0.06577580602656685
1.054,-0.06263437572312808,0.05807624612297601
1.054125,-0.029762570600258574,0.09133330037523768
1.05425,-0.014030363089519014,0.17037346006671789
1.054375,-0.16831834143478983,0.12251480372043351
1.0545,-0.29471880295832675,0.02387004336896354
1.054625,-0.2756803494342801,0.016404446581969594
1.05475,-0.07581253903825547,0.046047994621901775
1.054875,-0.011703532650968202,0.2095451994826424
1.055,-0.08367036408065971,0.23133632166042747
1.055125,-0.01150125855902445,0.050938650541662696
1.05525,-0.016073462135643826,-0.04692358201222356
1.055375,-0.1425681795352573,0.020676890525287123
1.0555,-0.19867472137680747,-0.01129934505973914
1.055625,0.017312822969219367,-0.12897374853526658
1.05575,0.22941819763696805,-0.305164991560695
1.055875,0.17709834932808816,-0.2522888750490624
1.056,-0.09664050295863616,-0.09350987748066722
1.056125,-0.31837922965884835,0.037599324858781175
1.05625,-0.29847082634242705,-0.010153368614077911
1.056375,-0.2301567460754439,0.026644104319409778
1.0565,-0.2595478626115438,0.0419417542461024
1.056625,-0.3451566576933689,-0.10383331515960864
1.05675,-0.3795105831771527,-0.14914861681263225
1.056875,-0.39687956325148366,-0.019763013306015525
1.057,-0.41259027727080516,0.25239490971778145
1.057125,-0.40434205198692935,0.15840880276462538
1.05725,-0.3408974563556602,-0.07781843673907717
1.057375,-0.1988576399081798,-0.25301544608899923
1.0575,-0.10571552418263097,-0.24793739503956702
1.057625,-0.1828315203900165,-0.18759403877555747
1.05775,-0.3380163549662012,-0.2000496374880019
1.057875,-0.4386669134608192,-0.28041383768539135
1.058,-0.3619789453499196,-0.35616978263452576
1.058125,-0.033553320657896304,-0.36311842803229905
1.05825,0.3555167789558193,-0.37130145309806795
1.058375,0.47422149859460055,-0.36722770361920043
1.0585,0.36357821588275935,-0.3008480799971982
1.058625,0.12409199361008144,-0.17431292631990025
1.05875,0.07423010960160092,-0.12765294671153626
1.058875,0.3178066057723061,-0.20180792478386314
1.059,0.41357925077975455,-0.3062575651064568
1.059125,0.2904867896041748,-0.39929150424287857
1.05925,0.14081120667326646,-0.31334573213292066
1.059375,0.25095917266471524,0.003295516790675449
1.0595,0.4658870269389364,0.3193500885915692
1.059625,0.5369803561300259,0.4608314206762513
1.05975,0.283559963962998,0.31367324943003466
1.059875,0.09557748663082695,0.09405481410263937
1.06,0.18770158920416216,0.07861572580523954
1.060125,0.13828117530789433,0.27005298548403595
1.06025,0.020669169575002738,0.35715552465697536
1.060375,-0.12164191030436748,0.2755904799671159
1.0605,-0.023467400685832036,0.16516446489293604
1.060625,0.2718081332499541,0.1892070986428803
1.06075,0.22319327675585976,0.41524259174966205
1.060875,0.002106661293562474,0.47781752857359
1.061,-0.2571203395537117,0.3298246767507975
1.061125,-0.22949906069461443,0.13118639908866908
1.06125,-0.0715108203023609,0.14237563686268964
1.061375,-0.1955485568021657,0.1614728805297258
1.0615,-0.26234963483041635,-0.002574325147414068
1.061625,-0.12205423480103002,-0.05542878515949176
1.06175,0.18665973903632363,0.017554144391699705
1.061875,0.4573105438253699,0.2642147645960724
1.062,0.21700592705601576,0.20061618981154547
1.062125,-0.044592758546951834,-0.04706510461943334
1.06225,0.01122737835557185,-0.21018308509572486
1.062375,0.21848345875070366,-0.20838983143708778
1.0625,0.3896472469042323,-0.11380547667053022
1.062625,0.16039447586458513,-0.18432565873207107
1.06275,-0.08485727353995827,-0.26356414119459826
1.062875,-0.030086066983884135,-0.15138460265463113
1.063,0.18995358092151288,0.1916921123670835
1.063125,0.2765064467525005,0.3512279431688559
1.06325,0.0901734102507869,0.2122691270817887
1.063375,-0.19231715150175835,-0.01576321445500748
1.0635,-0.25210371933194037,-0.00395809550054255
1.063625,-0.10536939436060963,0.1847784554701081
1.06375,0.20681725348461016,0.24788207365262985
1.063875,0.2573928726978137,0.13187923545007513
1.064,0.16654204073695092,-0.028364501619812216
1.064125,-0.013945229918309564,-0.06368254468608142
1.06425,-0.208904836639139,0.1994146735899231
1.064375,-0.34973187530838057,0.2446732189513709
1.0645,-0.4607463696510256,0.07670451500356343
1.064625,-0.4265162645429993,-0.14409651036191334
1.06475,-0.24540045203196706,-0.2332009023495232
1.064875,-0.08136937424751504,-0.04997360262393379
1.065,-0.01825180678169836,0.15921424860945904
1.065125,-0.3358183759214601,0.17686442328810467
1.06525,-0.5908524453998837,0.09374403509870288
1.065375,-0.700974818949265,-0.011162269445565356
1.0655,-0.5064902703064442,-0.2049803227535619
1.065625,-0.348025344896317,-0.3378346985936046
1.06575,-0.31745255115326376,-0.43331330422566156
1.065875,-0.3527185093661687,-0.37610180334974225
1.066,-0.20012918513453257,-0.23645658783520035
1.066125,-0.12352139356437292,-0.010054190783808164
1.06625,-0.10120932581998668,-0.017549334912359296
1.066375,-0.047040745122469814,-0.2702908490040395
1.0665,-0.017269421324083403,-0.5385068035828311
1.066625,-0.04997635102436069,-0.6083335075790249
1.06675,0.07340967245347735,-0.5022421699849052
1.066875,0.14207163083431956,-0.32800247786799835
1.067,0.19095087742694028,-0.2662369684004477
1.067125,0.2192946339170044,-0.26589024806255
1.06725,0.28557683575204434,-0.20779630238344027
1.067375,0.33757289998763024,-0.13196210526001345
1.0675,0.43985173062404753,-0.13126941177018955
1.067625,0.5913189774593947,-0.03552128323300525
1.06775,0.449312853059351,-0.03347662130299602
1.067875,0.34533224951511393,-0.03319407305146459
1.068,0.3160974628837847,0.06033551080529951
1.068125,0.3408212110342264,0.06911339774922472
1.06825,0.16622920737027017,0.16862364717475087
1.068375,0.011948675639387382,0.12850064028983207
1.0685,-0.02578357780862206,0.24197197272241436
1.068625,0.156466193658968,0.29463548102686266
1.06875,0.32440151785464244,0.4292025055779443
1.068875,0.17802705544902858,0.4385491571652118
1.069,-0.11777982605890643,0.43294624415082333
1.069125,-0.2300200175511198,0.33329551243540695
1.06925,-0.11738332076983388,0.3383467972476697
1.069375,0.06312460132462931,0.2520374711723455
1.0695,0.13061940052361876,0.22051882261968045
1.069625,0.04366839946591924,0.05220307279624262
1.06975,0.0810529274589402,0.02305349021045792
1.069875,0.26672855154021097,0.17678155929634426
1.07,0.4232863579019446,0.30505481434888826
1.070125,0.3663163813591609,0.09841520567702255
1.07025,0.10944061426504242,-0.08419063751447732
1.070375,-0.1850631581650177,-0.15358435824672467
1.0705,-0.14877670993839703,-0.10750587645888443
1.070625,0.047889655940001476,0.11406795540959669
1.07075,0.1408411013333967,0.16071997554851727
1.070875,0.10900384310782198,0.04234373631814994
1.071,-0.13206310043596642,0.09669042101863504
1.071125,-0.21576871808831394,0.24153277268291115
1.07125,-0.11954869560782641,0.3872129971910444
1.071375,-0.01239160425921737,0.25340834745542784
1.0715,-0.052921765561359704,0.10371018930249537
1.071625,-0.20741501461543843,-0.11716902258854307
1.07175,-0.38571650154935466,-0.1202824602905029
1.071875,-0.39433234691362634,0.0706619421573267
1.072,-0.11214737120571357,0.17328986555022763
1.072125,0.07646635254568648,0.08514128197044472
1.07225,0.03862803203489927,-0.08254854384901276
1.072375,-0.15497862614356336,-0.20149689786745079
1.0725,-0.28179471126556127,-0.12858355348053516
1.072625,-0.04966042524604923,-0.01132500428225871
1.07275,0.10433065828167848,-0.03086971532901216
1.072875,-0.023794810470679613,-0.21462108406374447
1.073,-0.28927798224422535,-0.3404542287480633
1.073125,-0.32866919456338795,-0.30844037059613144
1.07325,-0.16146506838278843,-0.1026231741527015
1.073375,-0.045424406486335486,0.052842253495990914
1.0735,-0.06433407884584529,0.028964696436575975
1.073625,-0.1954331213527513,-0.1924966569293544
1.07375,-0.401360134203542,-0.18810931571003317
1.073875,-0.5867844943564242,-0.0381256827582504
1.074,-0.49536162380729354,0.13168151215820192
1.074125,-0.09742053935172403,-0.05706406454677963
1.07425,0.2887706237974141,-0.24299302643065648
1.074375,0.35518543283349346,-0.25385430431842426
1.0745,0.06693267912528879,-0.14242902514429617
1.074625,-0.4504054441754004,-0.050220969821300164
1.07475,-0.6681190291313321,-0.05185841864071184
1.074875,-0.2576934701352187,-0.18671837044653164
1.075,0.1810792025290198,-0.3331465093182003
1.075125,0.3313458655079369,-0.47647142944683346
1.07525,0.0327356677594124,-0.4586690337385716
1.075375,-0.1381700179011875,-0.14708238603704166
1.0755,-0.035353142355148345,0.22728271190967203
1.075625,0.3272571594954307,0.35289195062809836
1.07575,0.41636883097996313,0.0032345559069787
1.075875,0.33183395428631607,-0.4150105225186618
1.076,0.2891347845824348,-0.5336696429727948
1.076125,0.35388463235824125,-0.2831631674796726
1.07625,0.4397390385375336,0.14523834281145115
1.076375,0.17491611273063454,0.3079548812632286
1.0765,-0.15012018025035953,0.05782575472507933
1.076625,-0.32008721445867466,-0.17158335409321565
1.07675,-0.0379541980609647,-0.04585973355668101
1.076875,0.17972319983308419,0.2639759760437011
1.077,0.2697083310974769,0.3720585667228953
1.077125,0.1013282125853782,0.3127615954206589
1.07725,-0.04595595582751337,0.28531573852061715
1.077375,0.08247829961902416,0.3639417228282076
1.0775,0.3192535096578206,0.3993291627050856
1.077625,0.3346054064317559,0.19797430028814997
1.07775,0.25254616269483476,-0.14748956192917478
1.077875,0.09411001696788607,-0.2905773932518584
1.078,0.1195573797342457,-0.0778556170739913
1.078125,0.14340671447700207,0.19438763550165353
1.07825,0.12233986847503517,0.22913962919511996
1.078375,-0.0978096681114669,0.11664827792841582
1.0785,-0.08714425785974916,-0.009915271389529034
1.078625,0.03522388658794056,0.06831961246276086
1.07875,0.18029221667127313,0.2730184509805886
1.078875,0.22096360249362687,0.32869125382352654
1.079,0.23250593599846198,0.23136896381384414
1.079125,0.22476799966290067,0.1380987602616552
1.07925,0.1680678821575809,0.15037677301086547
1.079375,-0.07350128542827092,0.13952912209670223
1.0795,-0.1362759497371377,0.10497814940685507
1.079625,-0.07483173925811319,-0.053074283294921885
1.07975,-0.18415857937548366,-0.08155169145402845
1.079875,-0.2603654147208629,0.02369451827243676
1.08,-0.21417693556304726,0.1784661846650785
1.080125,0.033193329573655714,0.24026778603465915
1.08025,0.23491460734392447,0.22075363547728166
1.080375,0.21293372602241642,0.21489697459313198
1.0805,-0.07724932793319102,0.09468763100116417
1.080625,-0.180918734717362,-0.07918875963234338
1.08075,-0.05315749440617332,-0.10335314722390711
1.080875,0.15660644238310653,-0.10194374203190336
1.081,0.17093827313173351,-0.17527846353008125
1.081125,-0.09000724670621849,-0.25762443047370476
1.08125,-0.212729242290067,-0.16851646759927802
1.081375,-0.2699594794776242,0.00039422556616292806
1.0815,-0.28326905334101243,0.23858224644369727
1.081625,-0.3877573284376867,0.18160954465310833
1.08175,-0.44850317953043783,-0.07431981305150077
1.081875,-0.47651499456210494,-0.20225348337883664
1.082,-0.35018515643245707,-0.03942920536319459
1.082125,-0.2789011129970008,0.12418741173176309
1.08225,-0.400960957247894,0.12803659772878248
1.082375,-0.5440752950095915,-0.0705871629589961
1.0825,-0.7731406825753898,-0.1965172683957918
1.082625,-0.7598065918566796,-0.259490103082907
1.08275,-0.3011050748156617,-0.30231065993273853
1.082875,0.21878765432210517,-0.35342391471649387
1.083,0.31944327867211403,-0.39422781059567735
1.083125,0.0013758581048434687,-0.40514132097895184
1.08325,-0.47642482047833346,-0.33690088661635686
1.083375,-0.5592107853381552,-0.3409979505595104
1.0835,-0.056892466630126766,-0.3136451466886767
1.083625,0.4912160303293549,-0.5072013866079594
1.08375,0.634114670124005,-0.664230553538524
1.083875,0.5454289787317991,-0.6717613322195257
1.084,0.2637059635588223,-0.29924873032412247
1.084125,0.2671010161066595,0.11121705928241923
1.08425,0.3128908369947568,0.27584270777297415
1.084375,0.37602586052044795,0.02075122339273096
1.0845,0.42074704530376067,-0.3967565391505075
1.084625,0.4659858994201903,-0.4343732508793327
1.08475,0.6680912100021801,-0.07364820387524475
1.084875,0.7042655135848473,0.41773467551660776
1.085,0.6176867848900444,0.6232130527868877
1.085125,0.2636077432210524,0.44615276419527183
1.08525,-0.13388982468070884,0.18543357864124307
1.085375,-0.23389311422392453,0.21055711694237148
1.0855,0.023184402846767947,0.3432270853471489
1.085625,0.14691138876226983,0.3122227715515589
1.08575,0.1233615315911092,0.3130417351988705
1.085875,-0.10708552027796993,0.4070449294079654
1.086,-0.2129847822375877,0.5432431475640926
1.086125,-0.12666296432104907,0.7005954927306782
1.08625,0.03836601091118605,0.610646264736383
1.086375,0.12830729964883464,0.21256636550932578
1.0865,0.1461516303949232,-0.0972202377087571
1.086625,0.06543747222934695,-0.2065248041646112
1.08675,0.12935053720279552,0.03398250798580976
1.086875,0.13837748636859226,0.1387708366439221
1.087,0.07381166413647149,0.07899989119362978
1.087125,-0.05318000672660957,-0.08270246490357548
1.08725,-0.1268303255611539,-0.19180888759720743
1.087375,-0.0713637724944709,-0.07707661909605394
1.0875,0.027537515785026258,0.11247412115108456
1.087625,-0.021661270701776265,0.19151208150439225
1.08775,-0.03068251071854525,0.15466260231043535
1.087875,0.08305983985071436,0.07820449169616704
1.088,0.18154044872178549,0.10307572556651498
1.088125,0.1357400073108232,0.07857337811849956
1.08825,0.019744697542615996,0.03868122977926622
1.088375,-0.01577955983025504,-0.09793026868337455
1.0885,-0.024457158700751814,-0.10648974865982977
1.088625,-0.03884997463720468,-0.049817361650165266
1.08875,-0.17305505161758294,-0.0006562703460761151
1.088875,-0.24243654903498968,-0.04338811961715261
1.089,-0.37124743854596315,-0.020032369067846806
1.089125,-0.3872519216851185,0.0751334759578906
1.08925,-0.32707655763687116,0.12507561079397642
1.089375,-0.22362777469794357,0.17673078403173131
1.0895,-0.06495660455197383,0.05477332379399124
1.089625,0.008126329923619596,-0.003325879017528695
1.08975,-0.054166660960703314,-0.015627493633594836
1.089875,-0.1904954825865374,-0.0070403350607118964
1.09,-0.25685655139382796,-0.11705418931691114
1.090125,-0.11246560393976057,-0.2729818667422998
1.09025,-0.03566714394820372,-0.3105409872619743
1.090375,-0.05450430010698624,-0.3606444831479949
1.0905,-0.26553732947127,-0.29879684312438964
1.090625,-0.5341530838052833,-0.19457573276592557
1.09075,-0.6236733046432583,-0.10050454336403805
1.090875,-0.4184871999718874,-0.033156549426995995
1.091,-0.17521330663223722,-0.08497602535603054
1.091125,0.005577083408740657,-0.13366551348183814
1.09125,-0.01251394141819919,-0.1695747607148649
1.091375,-0.1598309621135383,-0.1501397111937969
1.0915,-0.12208081752519401,-0.007106811840292964
1.091625,-0.08647120574302626,-0.07481619033840263
1.09175,0.07688752747463072,-0.2162235156337101
1.091875,0.19372024135265556,-0.484064787659316
1.092,0.25264886376124934,-0.5885018643285927
1.092125,0.264207218515132,-0.3698350762182112
1.09225,0.17384263194015995,-0.15640239568761918
1.092375,0.0672968864885844,-0.0014803468553923527
1.0925,0.05572049350138665,-0.003713156601428883
1.092625,0.12310511013075842,-0.12161786313272625
1.09275,0.34878081342078504,-0.12696348276014435
1.092875,0.4163632837016599,-0.11803495665163706
1.093,0.3146445339024598,0.043987268480954154
1.093125,0.24408890368619798,0.16020182370833663
1.09325,0.28926825115936394,0.2238716562650507
1.093375,0.34737907855714034,0.26007866782666067
1.0935,0.22463486668501145,0.17061269567816134
1.093625,0.17179792068404137,0.0816601051469935
1.09375,0.08564691330331221,0.03469793657616616
1.093875,0.1686565937574752,0.1593883798971824
1.094,0.1253962034644216,0.35442384381231395
1.094125,-0.05262109380222117,0.3870616003247909
1.09425,-0.08537466184755377,0.2713982826654455
1.094375,0.0642359657666641,0.21635103135044573
1.0945,0.17163679529374273,0.3076445963866857
1.094625,0.1315196450434851,0.26409430043636073
1.09475,0.027346430533953914,0.2549845810389578
1.094875,-0.08897118342933952,0.13095445353966204
1.095,0.005217156549058013,0.09597743942146805
1.095125,0.04298574484475524,0.1470148054736852
1.09525,0.1124441802370783,0.08659973471249563
1.095375,0.07618152086499895,-0.01224042673485038
1.0955,0.19537077508994197,-0.07095900663426259
1.095625,0.3208140799038101,0.027743127443125
1.09575,0.18741881664471152,0.09380753388990323
1.095875,-0.1268154799567827,0.1556021067074543
1.096,-0.20390687190465517,0.04182422914737491
1.096125,-0.14174551725230627,-0.13860167111517493
1.09625,0.07773415450643906,-0.04045048920140304
1.096375,0.08106919834208588,0.012002156029818044
1.0965,0.08997061737576542,0.08756899082713673
1.096625,0.09137823370127786,0.06040420831348337
1.09675,0.08546425223044753,0.17886741199917486
1.096875,0.05890336417678289,0.2168553413631359
1.097,-0.1985398312734978,0.10784587562526424
1.097125,-0.34233610883400023,-0.07826401747732054
1.09725,-0.2384123488690152,-0.21352659124235343
1.097375,0.07022442090764774,-0.12315229276270713
1.0975,0.20618741703840604,0.05589502866943289
1.097625,0.009585105666198863,0.08715998210986366
1.09775,-0.26948018201484997,0.10865009744919504
1.097875,-0.3355943794309509,0.10080695148788668
1.098,-0.2169043662288054,0.026851721425810594
1.098125,-0.23041045185638281,-0.0010982881336003085
1.09825,-0.3240208828407707,-0.16744947399068721
1.098375,-0.5231239394288408,-0.3317223243993621
1.0985,-0.54983773835898,-0.27431388408959506
1.098625,-0.362432461156413,0.07392911174476577
1.09875,-0.06972187304067769,0.16965605962631597
1.098875,-0.032159751523914024,-0.04679225655078386
1.099,-0.22328376373040246,-0.25600258456822406
1.099125,-0.5788148905837156,-0.27648723310842027
1.09925,-0.6057340963469175,-0.20477054934919658
1.099375,-0.4734382378021623,-0.18613354408635147
1.0995,-0.344835719471714,-0.2936803695634908
1.099625,-0.18171262154642714,-0.46067881882101797
1.09975,0.012696533000823188,-0.4837531477095104
1.099875,0.20821683937583543,-0.33498716573077525
1.1,0.15595591790823848,-0.07247420864177852
1.100125,0.12168990104103607,-0.05738733103716691
1.10025,0.23957660728773952,-0.2491073975632884
1.100375,0.3692947594970788,-0.5419699281545068
1.1005,0.4246067751075719,-0.5813611188463902
1.100625,0.10936146222350113,-0.39501896030372813
1.10075,0.11893825020486341,-0.2724167878305853
1.100875,0.322992382962627,-0.17297845517681815
1.101,0.588860295362714,0.04249049346457571
1.101125,0.46850696746697446,0.15374254863238343
1.10125,0.21076176766722016,0.11830761767373618
1.101375,0.013319754486832114,0.09610071307573442
1.1015,0.17028428745102833,0.20700971647451696
1.101625,0.5136253072172408,0.41961139804576175
1.10175,0.5497831637166666,0.39339315285774246
1.101875,0.1902341694328468,0.15434092945227643
1.102,-0.06442482444554301,0.07541521116672026
1.102125,-0.04256071306854335,0.2934521599554243
1.10225,0.1550798615758109,0.46302538668438187
1.102375,0.1524563249413041,0.4642694185010692
1.1025,0.06136380965431133,0.17891270651885302
1.102625,0.004643633519181346,0.020585302148333907
1.10275,0.1531055944903094,0.15012489192550685
1.102875,0.2669956275610278,0.4795123688329041
1.103,0.14604823840825715,0.45885071392328325
1.103125,-0.030195649802649542,0.17963367468516936
1.10325,-0.07740794188724481,-0.07561380402033677
1.103375,-0.12491456108252653,-0.04437272111264046
1.1035,-0.0022631541389859892,0.12301913146617735
1.103625,0.04911669187697478,0.16397084868236142
1.10375,0.2265944125467219,0.04538794435766875
1.103875,0.24815580451424557,0.009906815439707404
1.104,0.1773991699366698,0.16821635539308932
1.104125,0.09484316364882228,0.23584674924891785
1.10425,-0.05100773480692817,0.14728726651730947
1.104375,-0.1229724662492529,-0.040805946437440815
1.1045,-0.1653651672503536,-0.13535382187044845
1.104625,-0.30101869068649295,-0.06298882469621382
1.10475,-0.33628908850684885,-0.06611565253466381
1.104875,-0.09265306455744361,0.04124951139154907
1.105,0.2616309256305479,0.16269887124291713
1.105125,0.3246429431526669,0.1915330188731543
1.10525,0.05550497954421527,0.21013823398900675
1.105375,-0.28068632641164865,0.021728004630805427
1.1055,-0.5628368729068514,-0.04845614275915675
1.105625,-0.47835969477543433,-0.10884844272278921
1.10575,-0.18345054028982452,-0.14390301743054149
1.105875,0.1445213980270484,-0.2810790923230704
1.106,0.22044064653991244,-0.2803055969213842
1.106125,0.2696786368995652,-0.08561744356756083
1.10625,0.12418291054541106,0.18537450207406705
1.106375,-0.14043251766106304,0.3058424562324317
1.1065,-0.4076089741798863,0.08904966978703685
1.106625,-0.4664765988716204,-0.2913235403988486
1.10675,-0.3855948279086125,-0.4892456541094515
1.106875,-0.2909602703453783,-0.3804412993659978
1.107,-0.14292267656776797,-0.16705309827136314
1.107125,-0.11817491475978606,0.09001652745442258
1.10725,-0.016704323878961952,0.181106824434444
1.107375,-0.05418627555530121,0.27376379182609833
1.1075,-0.15408813653392076,0.09620403770994046
1.107625,-0.443074625140262,-0.13385209404083756
1.10775,-0.6225557550824455,-0.3441293801255739
1.107875,-0.5605682226062123,-0.40812023763802185
1.108,-0.3547879946540348,-0.32472176120477125
1.108125,-0.023661314037199527,-0.24266653968541738
1.10825,0.10181115479990437,-0.1209580795600272
1.108375,0.0936816622744395,-0.04858888546459646
1.1085,0.04539065490601815,-0.02903352062329062
1.108625,0.0423738272454532,-0.04307313113658345
1.10875,0.15229467029637744,-0.19373793375658827
1.108875,0.18193375292194872,-0.3917828261350266
1.109,0.17489954824051188,-0.6036392283707612
1.109125,0.11818773248037062,-0.5698707908941572
1.10925,0.14919509670784473,-0.345734205408693
1.109375,0.3009343749244669,-0.05413931703545186
1.1095,0.5993752849445021,0.126631436546459
1.109625,0.6809316413379553,0.11191237249826826
1.10975,0.5023781483872363,0.020682962044244673
1.109875,0.1397786196809189,0.058457844139836734
1.11,-0.09556562871102858,0.09519490719504453
1.110125,-0.08045035030566787,0.16642631464892219
1.11025,0.049071226850131044,0.21212760882059822
1.110375,0.09102394158011348,0.14700818757978784
1.1105,0.06261543680599928,0.1326838651966192
1.110625,0.12070582049179877,0.2727912624065843
1.11075,0.20362175437062163,0.5556826975451327
1.110875,0.321532391384284,0.6581025204319225
1.111,0.35987069332391597,0.4718312500456929
1.111125,0.2274853888840253,0.15036469633202545
1.11125,0.06026132640334985,-0.07863204299841993
1.111375,-0.04158805609309063,-0.12702590559028026
1.1115,0.06937274669619109,0.03597132508308628
1.111625,0.32001327986690575,0.05588065378437641
1.11175,0.31432643547362854,0.06954644051306029
1.111875,0.06356671890167918,0.06420113881456506
1.112,-0.10738827824834869,0.12195427953289097
1.112125,-0.03328526773721179,0.2956569726847327
1.11225,0.11978360561609945,0.35630425145410993
1.112375,0.08453580081619427,0.2704019993631981
1.1125,-0.0455392402392446,0.11218055075058118
1.112625,-0.08137300346974806,-0.053853596299016315
1.11275,-0.049780347331366305,0.10216632793840262
1.112875,-0.0513001841748497,0.2651898059287422
1.113,-0.1338813759045271,0.26813354685015156
1.113125,-0.11191988511081204,0.0621848636048405
1.11325,-0.020158140951271542,-0.09055373082249328
1.113375,-0.08350443669922557,-0.033737442655998796
1.1135,-0.26877454161770964,0.11530127569778229
1.113625,-0.35535949905804004,0.0800277212297621
1.11375,-0.22824436843398563,-0.06405493769911094
1.113875,-0.02697592156024403,-0.12709224892622445
1.114,0.0762670534822025,-0.04270186234476649
1.114125,-0.0985298485735476,-0.036279247053372765
1.11425,-0.22677895789869237,-0.14471445860064103
1.114375,-0.30118085422154983,-0.1117627601514074
1.1145,-0.21628249928307527,-0.06750789116981404
1.114625,-0.14844804614155696,-0.038496259464267095
1.11475,0.04535113678232886,-0.19831105410315555
1.114875,0.21110928348364147,-0.2681117110997527
1.115,-0.05391602993007994,-0.14291916597393062
1.115125,-0.3563968599403725,0.030630556647273925
1.11525,-0.4156514766017671,0.0034732667734813367
1.115375,-0.40908960509513415,-0.10113680597422263
1.1155,-0.31046853299177163,-0.21260133970038256
1.115625,-0.32772088008657285,-0.27172253062485535
1.11575,-0.4110631845041881,-0.25842580739254295
1.115875,-0.5901311847681271,-0.12095825450208973
1.116,-0.4643335257569823,0.11801947174110351
1.116125,-0.17129439666429208,0.10171717900075135
1.11625,0.08716654826466036,-0.0296594107340884
1.116375,0.11769548427369042,-0.27467398740616217
1.1165,0.03049044485733225,-0.37923386776486073
1.116625,-0.05995318664473287,-0.361556854081973
1.11675,0.07206492391694176,-0.29831314792148267
1.116875,0.19305469445570514,-0.2975806901874817
1.117,0.18928057607320004,-0.39432606290089134
1.117125,0.23026096511677585,-0.4826054496987522
1.11725,0.2870782845387802,-0.3912117086719505
1.117375,0.33955110159902857,-0.14779203255035325
1.1175,0.3700293932402779,0.05767138362757744
1.117625,0.35491352049902863,0.1127049903642882
1.11775,0.20130221245162122,-0.03315732040880072
1.117875,0.03705450818175138,-0.03036883732549106
1.118,0.20654991416557267,0.0976031827669202
1.118125,0.38865446057027314,0.21722537265378322
1.11825,0.4110174048124483,0.2051395881440366
1.118375,0.31417485526384853,0.25216253171557795
1.1185,0.12791805462414665,0.2388358432955057
1.118625,0.09928656276717965,0.33340875493504774
1.11875,0.07654880864160592,0.3483356255878042
1.118875,-0.013309229287580273,0.3236316509389733
1.119,-0.0049196398126101866,0.22447870357785046
1.119125,0.12161154264790344,0.03567087222259821
1.11925,0.2341260601983307,0.17346194989362876
1.119375,0.38388834885033896,0.3465669539255097
1.1195,0.36110069364739167,0.4385783694357416
1.119625,0.18113345789513963,0.2632572745910004
1.11975,-0.1036517044212653,0.11804658890898986
1.119875,-0.29893770495372596,0.09824231516160954
1.12,-0.19155349292651086,0.05863716651625452
1.120125,-0.051071737061952296,0.006880227604750071
1.12025,-0.022734544061828562,-0.009668416214834219
1.120375,-0.14572649479219554,0.09404604740258947
1.1205,-0.08002586872888377,0.21338719899379766
1.120625,-0.02597159137560566,0.3157877160468295
1.12075,-0.022809017774046172,0.388176672894378
1.120875,-0.21858455680049374,0.13783869487953973
1.121,-0.28796963289960703,-0.08135542500033133
1.121125,-0.03172524866100189,-0.2220013764894528
1.12125,0.12769930736821677,-0.2116069802105294
1.121375,0.04019731357975149,-0.0373794978801841
1.1215,-0.17924931406092492,-0.04438136083675816
1.121625,-0.018714621608561504,-0.17282234344044337
1.12175,0.37881036804410667,-0.1307372118411552
1.121875,0.4916775334146718,-0.031169458349612076
1.122,0.25619339890390547,-0.07616405933571932
1.122125,-0.09557698989384275,-0.18578137736783748
1.12225,-0.1138944772636904,-0.3037883473008801
1.122375,-0.03716102592992576,-0.02993168022514107
1.1225,0.018230271590281694,0.15705954813234732
1.122625,-0.15236777771893098,0.056685465179183867
1.12275,-0.23582134194843482,-0.1537599941632175
1.122875,-0.08317735696888015,-0.024809680295542324
1.123,0.026668276720817338,0.34685545062008605
1.123125,-0.008490276290815084,0.48602525957075987
1.12325,-0.25075377877519456,0.25486795642952464
1.123375,-0.4087834452826163,-0.07146894129623345
1.1235,-0.3777120845066874,-0.14138649837004477
1.123625,-0.33353379876946787,-0.006214923701997344
1.12375,-0.36024620415378444,-0.024397606908703913
1.123875,-0.4053174107679419,-0.12302862217249233
1.124,-0.2220705710171569,-0.1715591803813069
1.124125,-0.05203946964621371,-0.04837628001076559
1.12425,-0.12632253466127877,0.029033994005414714
1.124375,-0.37625043087070525,-0.011111686469469906
1.1245,-0.5826938946524849,-0.254027861827159
1.124625,-0.3584812867758618,-0.3484250768707753
1.12475,-0.08453454544725077,-0.3361141289053616
1.124875,-0.06760233604426016,-0.2854647584346608
1.125,-0.28352322671750146,-0.3097291047506487
1.125125,-0.3069152648346036,-0.3253201527665883
1.12525,-0.14243308064480212,-0.22096911992334828
1.125375,0.14458724060887612,-0.044011571918732756
1.1255,0.2737601325167069,-0.11487627497032796
1.125625,0.3461418823329852,-0.3790525546761071
1.12575,0.3580669296570733,-0.5026101867279505
1.125875,0.3885732436517604,-0.3151334773130615
1.126,0.31403570456984886,-0.039675991174518144
1.126125,0.3450689193845286,-0.03978779513363201
1.12625,0.46772052625260524,-0.26017316075005203
1.126375,0.5166156926080787,-0.2868204398771636
1.1265,0.5295094153465352,-0.12653551760661091
1.126625,0.4225259676248058,0.13728160029217343
1.12675,0.29958859747624045,0.23245595190279403
1.126875,0.18510957748659634,0.3320639580344912
1.127,0.03514973652121697,0.3738434207918912
1.127125,0.13301452644096193,0.36076973047650407
1.12725,0.14517053065329022,0.2817998156003615
1.127375,0.04492908782091096,0.28819122342785136
1.1275,-0.08806991526122764,0.3755180255554933
1.127625,-0.1466748461189247,0.462714775121868
1.12775,-0.09135952132772882,0.48413528868036126
1.127875,0.040281317077264504,0.41634303425818814
1.128,0.17263815521967157,0.2716824944734404
1.128125,0.2570476965467292,0.1365780954567625
1.12825,0.17027911622074715,0.05772759950378278
1.128375,0.0836038652981012,0.1154140769220479
1.1285,0.05983816121714644,0.09320678540333102
1.128625,0.19170943995178022,0.02991889117586711
1.12875,0.23685513862166965,-0.0647553463542627
1.128875,0.12756325222431175,-0.10267651327784014
1.129,-0.07537006520200162,-0.03367403578703005
1.129125,-0.2037122481111471,0.044453454698568234
1.12925,-0.15872875201028072,0.2228175984924677
1.129375,0.022935509230666992,0.2496849083019229
1.1295,0.14437085886964024,0.2539573485236311
1.129625,0.009418886542141257,0.06164938916720412
1.12975,-0.1322161770285771,0.019035520579399445
1.129875,-0.24415139882913567,0.1267858974994829
1.13,-0.13697844464468859,0.22877493407896365
1.130125,-0.01676480276541962,0.13407912725721588
1.13025,-0.113928632392964,-0.0687070442983949
1.130375,-0.30746356620396503,-0.114777497351007
1.1305,-0.22212889927338397,-0.13522357636798574
1.130625,0.05538116070753147,0.047475890459661864
1.13075,0.036048475651067884,0.1390007380440065
1.130875,-0.30765017933225847,0.031348534547288476
1.131,-0.3840827288276432,-0.1348514676556429
1.131125,-0.1750141924051985,-0.23119240305101726
1.13125,0.05507944783998211,-0.10572035616805252
1.131375,-0.04254315784182324,-0.04299425323609482
1.1315,-0.21006114567815617,-0.18235232544420954
1.131625,-0.26208339807171244,-0.29858128322061417
1.13175,-0.036352609073458976,-0.20882545561682184
1.131875,0.030654075390112157,0.011843661830462822
1.132,-0.04748794979195839,-0.02608536175162469
1.132125,-0.1830113176325249,-0.25145861582582407
1.13225,-0.3404894099225605,-0.3231132529396346
1.132375,-0.4082392866981164,-0.12479864362437852
1.1325,-0.41732378017013205,0.026475830568364472
1.132625,-0.4061804747612781,0.03321405621477124
1.13275,-0.2837382294600406,-0.20423259709910493
1.132875,-0.09382755422101859,-0.26543627163471245
1.133,-0.10235647716877204,-0.052539915996767356
1.133125,-0.38337980974727415,0.06495267411260047
1.13325,-0.40544606598605737,-0.03663677466206327
1.133375,-0.21825481352240844,-0.19127479243374623
1.1335,0.21301938587874372,-0.33624877766237804
1.133625,0.5614720913187866,-0.3902695265756765
1.13375,0.5967303208630286,-0.39168375973551145
1.133875,0.3781248417642726,-0.31317947066402985
1.134,0.21054297719487405,-0.20300736627371693
1.134125,0.1405467557735015,-0.08913666659123162
1.13425,0.04684313479177033,-0.150033926645497
1.134375,0.12688370828810397,-0.30650214087293687
1.1345,0.14403574722964094,-0.40728621682370003
1.134625,0.26081457036485955,-0.1739274196181248
1.13475,0.30130520144216777,0.2194881701897589
1.134875,0.4095726392707348,0.4856858959418584
1.135,0.5220059022637816,0.4962019901944926
1.135125,0.3623605696212996,0.3631033138700432
1.13525,0.05327819612911862,0.17959123257581602
1.135375,-0.2688405765626707,0.04654909155389143
1.1355,-0.05286487937656364,0.07051806097796409
1.135625,0.2730165262887907,0.15547960668574598
1.13575,0.44311679765481093,0.16931281510018323
1.135875,0.277612607763688,0.20564208268330006
1.136,-0.03702092729215588,0.2790737925695145
1.136125,-0.22148165630761435,0.39607624918355794
1.13625,-0.1420532005934997,0.45208980734030335
1.136375,0.08099118450809323,0.3292323240174166
1.1365,0.24009400747180745,-0.004278390643552224
1.136625,0.3320037819176756,-0.21416320329297225
1.13675,0.24510042821224332,-0.08520098873053115
1.136875,0.11173448679230759,0.26016244107911
1.137,0.025468753779067873,0.3876074225472707
1.137125,0.0701402425624672,0.19238352259711589
1.13725,0.29110200614996057,-0.04899784265055474
1.137375,0.2544530771724926,-0.19011797958918114
1.1375,0.10555193900476144,-0.15379031358304007
1.137625,0.03620089560483843,0.011313493274941843
1.13775,0.007121724262752816,0.24380212063038406
1.137875,0.00606763537936788,0.29064164305973134
1.138,-0.22628989014639708,0.2617546739073734
1.138125,-0.33867180647650497,0.07524599289612381
1.13825,-0.36755179876481336,0.057124546139783274
1.138375,-0.15397977373138425,0.08989519350105074
1.1385,-0.034142640728297396,0.1771688943290127
1.138625,-0.12262762524522855,0.19574472455636155
1.13875,-0.25572142811188897,0.06320339056561534
1.138875,-0.25512184100483093,0.03053200901708514
1.139,-0.12632783819548912,-0.004813358455561458
1.139125,-0.055979794191510536,-0.034479613677132155
1.13925,-0.18285834770410486,-0.1398979584997055
1.139375,-0.2755077038738361,-0.34230515009004375
1.1395,-0.2500786943158487,-0.3352229699351676
1.139625,-0.20612826850406518,-0.10242645154286845
1.13975,-0.08079543530773349,-0.059096532646038404
1.139875,-0.10043494566523181,-0.17667667588639516
1.14,-0.06760690298990962,-0.23568019754709563
1.140125,-0.024204110390759693,-0.27558795931245333
1.14025,0.028648549861509102,-0.13223119290892268
1.140375,0.0025184622393903972,-0.05793857687267049
1.1405,-0.1926740455938539,-0.16498839943188112
1.140625,-0.3335644629111959,-0.26611073645758976
1.14075,-0.48207621949003904,-0.27566792526546885
1.140875,-0.5986567970268056,-0.20398231773508796
1.141,-0.5656663878881101,-0.11431178621566715
1.141125,-0.3570553598423458,-0.05486989116800623
1.14125,0.03232080397636077,-0.03986699361567962
1.141375,0.2485450169462368,-0.03290183177401914
1.1415,0.2847235993467954,-0.0008719674083768843
1.141625,0.04944151204548626,-0.052315164728118285
1.14175,-0.003245971754283119,-0.1799786330037846
1.141875,0.0668639167808157,-0.3356191746621799
1.142,0.24118631269849802,-0.4437592792163909
1.142125,0.2065471377658587,-0.5307278532810548
1.14225,-0.010247952043517196,-0.4956102280618263
1.142375,-0.1467882475038608,-0.24672570146366868
1.1425,-0.06128165681685965,0.03517183279056715
1.142625,0.08477034834359287,0.2568531760555514
1.14275,0.24668916861814696,0.21098996583610286
1.142875,0.2716907774595547,0.09355765401032719
1.143,0.26410730601642285,-0.010570137068744465
1.143125,0.4612802609168628,0.10929144188129997
1.14325,0.5273311685745242,0.25230146976877355
1.143375,0.6334256269690631,0.14285780030314724
1.1435,0.4780171639551515,-0.01141797756159597
1.143625,0.35222041048753966,-0.11667179913609269
1.14375,0.22334710870955343,-0.09896063952756397
1.143875,0.18400288623280484,0.11675359661898076
1.144,-0.08568420134857162,0.24241212363681583
1.144125,-0.29263679608712156,0.25727668164598433
1.14425,-0.2781845858107508,0.26997380756965406
1.144375,-0.15227772726950967,0.364752337295056
1.1445,-0.03300093379233518,0.4647299441488339
1.144625,0.07519282278603477,0.5418728908288292
1.14475,0.09469059169361353,0.42064339815468765
1.144875,0.20247023586537416,0.3370735281402876
1.145,0.1787167075924713,0.25917446236495484
1.145125,0.13089155962141036,0.15315380437605572
1.14525,0.10406007334917862,-0.06786935086499064
1.145375,0.22782304261936942,-0.29417221366361174
1.1455,0.3581500226318965,-0.23620869285847285
1.145625,0.17266855253229912,-0.1191088834929671
1.14575,-0.2931627798736072,0.004780569065739916
1.145875,-0.6070739262834568,0.08536578896546003
1.146,-0.5151137628312829,0.11708254435308457
1.146125,-0.152684105351748,0.13812828390101678
1.14625,0.12101691899490105,0.11930407934176974
1.146375,0.12037892098662963,0.07768369029822512
1.1465,0.04677787733016804,0.04174452963745311
1.146625,0.04471485076573296,0.1966614189310973
1.14675,-0.052904912305398274,0.317901021969984
1.146875,-0.09997700446847285,0.19796709030939508
1.147,-0.01874822521851508,-0.19859003529931393
1.147125,-0.09810059820870035,-0.5692995445398233
1.14725,-0.0687280810580178,-0.4478990231159373
1.147375,-0.006412603213809542,-0.18976166410515752
1.1475,0.09946974533580957,0.08298983523114702
1.147625,0.15655412027072418,0.1856629090369541
1.14775,0.03891513708716925,0.07439594726895676
1.147875,-0.1788954625292361,0.0297125989043259
1.148,-0.48149465054381385,0.00528164413930287
1.148125,-0.44730375874211775,0.03497560065918564
1.14825,-0.20583266889237634,-0.04719672688817344
1.148375,0.05190397854176685,-0.08505899440068448
1.1485,0.10925344809976223,-0.05428649012585897
1.148625,-0.1783722491793469,-0.006670692355220082
1.14875,-0.32629727494371147,0.06934601987379632
1.148875,-0.3645923872169276,0.1224168363403457
1.149,-0.30543443132518167,0.08455593275659298
1.149125,-0.27638591601982526,-0.1535312387567632
1.14925,-0.26122230505447486,-0.41170507410421203
1.149375,-0.3208093281978475,-0.44143477218298444
1.1495,-0.23715646968594337,-0.15255709390632397
1.149625,-0.1181565956698955,0.07168355095401319
1.14975,-0.12586083817303287,0.03924552347204847
1.149875,-0.2963559219853198,-0.14631295523147317
1.15,-0.27564828803972957,-0.33303233555910083
1.150125,0.09209562967924373,-0.39428501106023056
1.15025,0.36251032290328167,-0.2998605563584945
1.150375,0.3458476255080526,-0.23062927944924316
1.1505,0.16145695169758645,-0.2523508215668294
1.150625,-0.04864632432339038,-0.25445797442351936
1.15075,0.09832663256709546,-0.20499064559607333
1.150875,0.35049550454426787,-0.1081245628819873
1.151,0.3863053381172327,-0.1727446478706755
1.151125,0.23798887607801647,-0.2658930606656408
1.15125,0.05769885919569758,-0.2525600795698345
1.151375,0.007040206330161108,0.07269305933598891
1.1515,0.2655654290671011,0.3418142554105962
1.151625,0.3243925752491159,0.3444552652824259
1.15175,0.27709357209463087,0.05270044789611286
1.151875,0.1906351363538434,-0.01123806862746248
1.152,0.17964288017595015,0.09164548749705095
1.152125,0.2525039660992764,0.29992872897437267
1.15225,0.09942109218023006,0.36162247482275534
1.152375,-0.08803139176409175,0.2694292868999729
1.1525,-0.13291639359032936,0.05814103595309186
1.152625,0.22899484625165545,0.046642121096577484
1.15275,0.5620210422985934,0.21439526520278013
1.152875,0.5417849788270422,0.3029001587880932
1.153,0.18363219489207136,0.25986495678981136
1.153125,-0.07302521990583033,0.1778177658862648
1.15325,-0.036647381928387325,0.11005113506895013
1.153375,0.1590673082511423,0.15950097644267874
1.1535,0.29212443181547504,0.12477686888118643
1.153625,0.17389169504447285,-0.06788216826346548
1.15375,0.08343481660421184,-0.10541346516707642
1.153875,-0.013419145261826818,0.1783464478079801
1.154,-0.06690704087282759,0.5008343324819288
1.154125,-0.11423529157371116,0.5002559443122558
1.15425,-0.11777834885411176,0.1663110320812364
1.154375,-0.14856701829884664,-0.07551177379069064
1.1545,-0.1549784222713747,0.05538539446623949
1.154625,-0.13910478671608173,0.17058001099304965
1.15475,-0.03882294335945832,0.27959498093817076
1.154875,0.10882580188608454,0.16097601752314797
1.155,0.11242047543075022,0.12970021370855891
1.155125,0.0037555431593466284,-0.07127755805980496
1.15525,-0.06614402302367949,-0.05118527913575892
1.155375,-0.12486548805386843,-0.08073447406579722
1.1555,-0.046984102390951715,-0.021565644735502626
1.155625,-0.135882338007626,-0.14736521814830295
1.15575,-0.29941590049978734,-0.1666878491734574
1.155875,-0.4042548804229608,-0.13003148209852078
1.156,-0.5134680195918045,0.02007605947581629
1.156125,-0.38845733507369884,0.11607491171193328
1.15625,-0.1759030605802526,0.13038350407538032
1.156375,-0.00581501028940559,0.04630891564150975
1.1565,0.14369684986773193,-0.09625955638239225
1.156625,0.010747607032077059,-0.0729824940731901
1.15675,-0.18540809354774104,-0.045627646900494714
1.156875,-0.25520783606340364,-0.09874431407288306
1.157,-0.2538636100007623,-0.21063336488518764
1.157125,-0.187363329655228,-0.34649863531106534
1.15725,-0.1807150711600415,-0.4367057794929587
1.157375,-0.12034368195326281,-0.3645881940441103
1.1575,-0.2724964570573386,-0.14448465788110246
1.157625,-0.4202333358434623,0.03332884846115186
1.15775,-0.5837352674927285,0.15162097805918515
1.157875,-0.6302307481161081,0.0032966952511995894
1.158,-0.5964107103456865,-0.19248119497092042
1.158125,-0.3496214612630985,-0.27768322799162376
1.15825,-0.11716803987405065,-0.2325005539105223
1.158375,0.10995520441402655,-0.16688639981309225
1.1585,0.39425137073226174,-0.101239368446466
1.158625,0.5525976266122563,-0.12780767650068
1.15875,0.4561832155327914,-0.190591395772644
1.158875,0.1955768388794614,-0.38888617880500165
1.159,0.16349064770348626,-0.5408009535822899
1.159125,0.2117370406830535,-0.5913966435525475
1.15925,0.4165994623094915,-0.5303382072194699
1.159375,0.47859311157644663,-0.26307304836890283
1.1595,0.3734058946164335,-0.09241412853007855
1.159625,0.32177518124121984,0.13304639226781553
1.15975,0.5094820613592869,0.3380953926615669
1.159875,0.6331796308636511,0.4560467198470387
1.16,0.5034550581601859,0.4260325457213648
1.160125,0.14900619263092388,0.2510197886518024
1.16025,-0.22181003925174123,0.09676844999403313
1.160375,-0.18897870117551327,0.19065733290696857
1.1605,0.0169042989734756,0.3209711781926026
1.160625,0.2151202726363429,0.4124012960963667
1.16075,0.04578033014146388,0.3442401176382967
1.160875,-0.20638268005564825,0.36003086593598443
1.161,-0.28553691512525514,0.49931983419516274
1.161125,-0.14558242643179312,0.5734337310490177
1.16125,0.16272879973716448,0.47276921002278965
1.161375,0.26772108507742187,0.13979538910774897
1.1615,0.22718159833301227,-0.15801003334415667
1.161625,0.07483639597496844,-0.13464540397059963
1.16175,0.05720030794003589,0.08839110860597633
1.161875,-0.052472023317941686,0.19385385847294223
1.162,-0.014287852855343695,0.002041853480972935
1.162125,-0.012321187674597115,-0.16848175569334578
1.16225,0.10155703300805707,-0.23102177219160777
1.162375,0.13607539255264658,-0.07900613608693166
1.1625,0.14283043785681682,0.1268313165674725
1.162625,0.04470372525633508,0.20746173813891874
1.16275,0.050605107249386785,0.15529703088833918
1.162875,0.050855800745054476,0.06653911989428626
1.163,0.03634411087640551,0.07521016786440744
1.163125,0.0037618052638228247,-0.03180709216680808
1.16325,-0.06770274709860787,-0.09076339647631299
1.163375,-0.14038494326518758,-0.04036744888329571
1.1635,-0.1501129073089897,0.08499143256986263
1.163625,-0.09838562523332164,0.15190624016095836
1.16375,-0.0648858470879175,0.07047562418729823
1.163875,0.02577530562174513,0.05819601797754228
1.164,-0.029459991655697935,0.011522851530542175
1.164125,-0.21873668273814564,0.03810956077941372
1.16425,-0.2725252609717219,0.028001290410051047
1.164375,-0.21218717974965637,0.023224291908675494
1.1645,-0.10143064022308305,-0.0323644352083692
1.164625,0.08936813587435842,-0.09520145464974605
1.16475,0.0650301412478986,-0.09830489946269799
1.164875,-0.07415442367951526,-0.15976016414890667
1.165,-0.30850785785411866,-0.032137886851800065
1.165125,-0.42837227530421046,0.025386198687482056
1.16525,-0.5311707839893736,-0.04141728622993386
1.165375,-0.5047829835406397,-0.08738871698688598
1.1655,-0.3880033890792433,-0.222724003827225
1.165625,-0.257628558382918,-0.15187309438621194
1.16575,-0.19454034355758384,-0.07208170991590025
1.165875,-0.28778753122172246,0.08935046125492264
1.166,-0.3802745398269361,0.10766508197109705
1.166125,-0.3167904120966196,-0.12322098310254741
1.16625,-0.21526655754314683,-0.2872393564287818
1.166375,-0.08357636239121378,-0.39120725813730056
1.1665,-0.037877278416388556,-0.470209614798702
1.166625,0.16667756745068232,-0.44167519935064536
1.16675,0.23109895308986453,-0.34623879899144083
1.166875,0.153302147841011,-0.24498558922532615
1.167,0.11612247541088257,-0.1845405369785679
1.167125,0.14993325910829872,-0.26655201092876674
1.16725,0.3361516222510195,-0.2835539066469797
1.167375,0.5014805019526826,-0.2908252355712788
1.1675,0.3964293694550305,-0.14419083072959898
1.167625,0.14945478716644212,-0.13215791116298814
1.16775,0.1501562374658084,-0.04563423326403325
1.167875,0.19544904967089183,0.1352409573867948
1.168,0.276698629298131,0.171395882166982
1.168125,0.20481627607576655,0.19562106852140598
1.16825,0.09425596128938388,0.077798300548012
1.168375,0.20773005891116358,0.13743777265100976
1.1685,0.41154168078222036,0.33652762923313817
1.168625,0.4205559019254714,0.41603046658786175
1.16875,0.11351741541705518,0.32764932199606994
1.168875,-0.27210759994124406,0.2082342587681611
1.169,-0.2040654794465015,0.1527849825437575
1.169125,0.054557967131542935,0.1983604781567408
1.16925,0.14931244373734343,0.22989670038908255
1.169375,0.11183482683205614,0.20148329253394767
1.1695,0.1723876488946742,0.12406238845021175
1.169625,0.32372691393344877,0.16078624463028823
1.16975,0.4667827009824958,0.3244860033984334
1.169875,0.23775978686779695,0.35901681320397144
1.17,-0.05669579161469223,0.09530714035417176
1.170125,-0.23127344820890441,-0.17483706841550867
1.17025,-0.1833375309159747,-0.11235533041269545
1.170375,-0.05832852545926566,0.06714632250587625
1.1705,0.09899510947228078,0.15462753811728652
1.170625,0.18848411144146335,0.10169621605150106
1.17075,0.1260906107023462,0.10825931382548695
1.170875,-0.018038919637005126,0.3101293819391908
1.171,-0.09139463356545162,0.3670995318139001
1.171125,-0.028222531738128245,0.22301005659577278
1.17125,-0.02103163111269932,-0.029526139315320644
1.171375,0.1245332988477751,-0.19116456787926492
1.1715,0.05861285695484386,-0.14656927089748759
1.171625,-0.17664259033531898,-0.0038572876716639723
1.17175,-0.361971318996149,0.13276562277802326
1.171875,-0.29405989289759016,0.1233343610973128
1.172,0.020789832298841685,0.11431097663236924
1.172125,0.08896170552570291,-0.05309562518151208
1.17225,-0.060908557802684844,-0.07130250813242085
1.172375,-0.1614315863097666,-0.06758351936169278
1.1725,0.07911391424934021,0.008769762715448689
1.172625,0.288554012653011,0.12054167635595146
1.17275,0.2015944740307503,0.0611869296033008
1.172875,-0.09583540238790941,-0.15399659388745565
1.173,-0.24138758355163759,-0.3779946619982109
1.173125,-0.11258581649341254,-0.2774190074062016
1.17325,0.04431090743656325,-0.037584427266166544
1.173375,-0.2453438299409873,0.11604500680501752
1.1735,-0.704383918661743,-0.03152716052900595
1.173625,-0.7307647330845628,-0.1173707130572481
1.17375,-0.37068209891126913,0.08626260798509341
1.173875,-0.01379329024050588,0.3015465093625325
1.174,-0.2653743432115812,0.21385315519841547
1.174125,-0.6558432410975384,-0.10811304620272688
1.17425,-0.8296555639167097,-0.23380926210250644
1.174375,-0.5887387322443953,-0.11373538530520615
1.1745,-0.2267192536814577,0.029067359210160598
1.174625,0.04020153814217828,-0.25575415492199866
1.17475,0.05726890760866127,-0.6156633520544682
1.174875,-0.005081393919221004,-0.6693312801105056
1.175,-0.031034751259826736,-0.30015454962479277
1.175125,0.010136668013140577,-0.06289029102472489
1.17525,0.024939730869787277,-0.20128150638440492
1.175375,0.0796449192668201,-0.5948578520299276
1.1755,0.12630954124904004,-0.7879557981222112
1.175625,0.194692075631781,-0.5354817911871586
1.17575,0.3430978475297762,-0.18333667491563227
1.175875,0.4917194083026647,-0.036541322539414535
1.176,0.564495945990456,0.03790613448797533
1.176125,0.4274069867400265,-0.06734684281809962
1.17625,0.19944895775450744,0.003193240250438053
1.176375,0.09316355072877659,-0.0002472730638643275
1.1765,0.15178770478033082,0.03659056173821638
1.176625,0.4570719952305272,0.09259090224418884
1.17675,0.5245481186654759,0.1299004039929418
1.176875,0.40216751832210373,0.2508656409061048
1.177,0.13178554061440614,0.2756619999274571
1.177125,-0.099723325711051,0.45192692808833873
1.17725,-0.08504102241396398,0.4824225040180681
1.177375,0.048400868730945255,0.42183183602688556
1.1775,0.2823372708348094,0.1459507463579684
1.177625,0.41541405142535304,0.06899858513018248
1.17775,0.26649617616749127,0.163503304251681
1.177875,0.1306479894947679,0.3384042899573163
1.178,-0.0047027214631575045,0.4646847795717542
1.178125,0.03952804037883893,0.33430920109282014
1.17825,0.07069984497639165,0.07670024605070896
1.178375,0.042441210008951624,-0.0829288517214567
1.1785,-0.14574031188346703,-0.08784418821222931
1.178625,-0.1764751295815864,0.054276762753017536
1.17875,0.060759625522942534,0.24407776189714378
1.178875,0.20626950337109182,0.3510034500644973
1.179,0.20850499464013095,0.2904360762490713
1.179125,-0.08841191550901369,0.11187451982382775
1.17925,-0.3613834967963637,-0.038183760682799314
1.179375,-0.3947552413811778,0.01108846344538173
1.1795,-0.1736504169955628,0.09367102102947462
1.179625,0.06639279531965184,0.005769580499911032
1.17975,0.3016910083318918,-0.12127528221087552
1.179875,0.3106861806541438,-0.12301226254396948
1.18,0.2057185076990873,0.04850261980044931
1.180125,0.0020605182655081054,0.20193267758949707
1.18025,-0.04160021167993798,0.2234142045742861
1.180375,-0.04396287113768538,-0.09073282081275871
1.1805,-0.006895549844870507,-0.3346268285738302
1.180625,-0.2404746587396543,-0.334599982571926
1.18075,-0.4250113431066984,-0.1493520221253584
1.180875,-0.46290792035940537,0.10648748065144634
1.181,-0.3734669994909529,0.2408894935391403
1.181125,-0.20441470590167962,0.23669550742296278
1.18125,-0.08846722321055442,0.16337528064906795
1.181375,-0.008343471131018493,0.05330789451980519
1.1815,-0.06738146217338924,-0.09391313410665274
1.181625,-0.14692190651554837,-0.0008642258550826906
1.18175,-0.2648812237006001,0.018245049005281257
1.181875,-0.33312312277735057,-0.15039894069677134
1.182,-0.30634152243422297,-0.3847361954206007
1.182125,-0.2432762891797729,-0.4155357051354725
1.18225,-0.18356735232653226,-0.33141352999883555
1.182375,-0.06058253793569025,-0.1488293521855128
1.1825,-0.028233963943243307,-0.09130814792586
1.182625,0.016556956097266345,-0.01194027514712726
1.18275,-0.007605500084057354,-0.04256714780959297
1.182875,-0.2255943060052354,-0.1388307031873649
1.183,-0.3771366604253507,-0.23313564296164893
1.183125,-0.5007678996796916,-0.2743567485314319
1.18325,-0.40848486256807665,-0.3306014895320233
1.183375,-0.2317885668845283,-0.24197186432513568
1.1835,-0.12690467130229893,-0.20945327138352535
1.183625,-0.09821986981002488,-0.12263118281698476
1.18375,-0.09945979022965538,-0.01066326988418717
1.183875,0.1003379084730059,0.06314911656838539
1.184,0.21993005719712425,0.002706931862076262
1.184125,0.3548111691584427,-0.15388431147871195
1.18425,0.29233470234878156,-0.37672070551670417
1.184375,0.30406899752588157,-0.4563955461981274
1.1845,0.2778302390214295,-0.3725970469031262
1.184625,0.24895785900249212,-0.22857860576540284
1.18475,0.3295740015831286,-0.11320837010556936
1.184875,0.32050267046033026,-0.0784183770598944
1.185,0.4519534348701168,-0.05621251124250697
1.185125,0.5289316212645602,0.08931260346172111
1.18525,0.5357919036263656,0.1756047814819518
1.185375,0.46807517278540567,0.2877463665244788
1.1855,0.31230650089006684,0.2215038658926538
1.185625,0.10965577720380297,0.24217995300653777
1.18575,0.012052030382232416,0.28360457844725356
1.185875,0.14508650446188184,0.2423917344065875
1.186,0.3307686824318487,0.24312924341947284
1.186125,0.2975006051334515,0.33208811185882336
1.18625,0.16500256972884264,0.3882378108902238
1.186375,0.08059594659933657,0.49486825455917727
1.1865,0.006853198712515467,0.5179122815419925
1.186625,0.03283591820966963,0.4512365856289801
1.18675,0.11446370592583172,0.2967802426453828
1.186875,-0.06970707419646233,0.05973099988461219
1.187,-0.2153359830935727,0.01860778423557152
1.187125,-0.3076741840820358,0.11371879247598744
1.18725,-0.13175195557744823,0.31835558099405004
1.187375,0.0221696235435144,0.2819391654924778
1.1875,-0.08470598612374862,0.17874125747799605
1.187625,-0.23108080590842645,0.06886393425692114
1.18775,-0.06820242612010605,0.025984562703680495
1.187875,0.18687439743031858,0.015109269601508017
1.188,0.27987068251596814,0.14575704098598707
1.188125,0.03872291160272646,0.037993540328632266
1.18825,-0.37050718111342373,-0.20722238519445144
1.188375,-0.34516140679111273,-0.25695205477186434
1.1885,-0.17578447630443567,-0.10884322322791909
1.188625,-0.0003440266454152216,0.01872363984059504
1.18875,-0.09977364904036926,-0.08461333150313798
1.188875,-0.23025350728425079,-0.18525856366909813
1.189,-0.23638902759191052,-0.09173205768752654
1.189125,-0.2596378044454271,0.2058009041141025
1.18925,-0.3131216586515795,0.3090061065476848
1.189375,-0.2719573474393588,-0.014369883530448012
1.1895,-0.08698286688768725,-0.31839724070758463
1.189625,0.061397353268420066,-0.3769784244258003
1.18975,-0.07722588462987666,-0.14285185106137221
1.189875,-0.39430799044909354,-0.03183425910777264
1.19,-0.36041757981254485,-0.07955874012895948
1.190125,-0.047955303721420796,-0.22981298861537872
1.19025,0.16206993430394465,-0.20396356417524852
1.190375,-0.05615589383569402,-0.23019382964782922
1.1905,-0.3158365056030271,-0.2537141250683115
1.190625,-0.4226625503977378,-0.25382665298577517
1.19075,-0.29594461437495745,-0.06800913005721984
1.190875,-0.18295972587682374,0.03761851009471745
1.191,-0.1840777367317115,-0.07583840209990701
1.191125,-0.20801749672711706,-0.3451765567274056
1.19125,-0.20060709775954796,-0.29336319231195335
1.191375,-0.08608086988552204,-0.011836995208942797
1.1915,-0.024783054923522393,0.14077559842713733
1.191625,0.10026263764818533,-0.03949049984759796
1.19175,0.061038357727608475,-0.34944360463145074
1.191875,0.09088964249073946,-0.38532122065530233
1.192,0.19838214238415125,-0.24746728860001502
1.192125,0.1640664937370495,-0.1647459717514247
1.19225,0.02766387081455224,-0.16141153872016242
1.192375,0.09567104483525551,-0.2217423591133341
1.1925,0.34533081840537816,-0.1494319343876533
1.192625,0.5266325390463122,-0.08911622292742448
1.19275,0.4857624867285452,-0.0394872241317648
1.192875,0.09818037673003654,0.10632281099051032
1.193,-0.19580962996836904,0.09971976868483055
1.193125,-0.03324207564153511,0.1390025619019427
1.19325,0.26813142453713307,0.18046131238609558
1.193375,0.4498150252581841,0.1304472327307041
1.1935,0.32669891654696404,0.09275022778845665
1.193625,0.19287981508541985,0.12847471136632324
1.19375,0.053279598794221436,0.30607688977344455
1.193875,-0.006921356891388522,0.4984168644615003
1.194,0.14106911137542105,0.42181437372910474
1.194125,0.2376308644202527,0.10988394646199573
1.19425,0.14750748828994642,-0.16271820558831018
1.194375,-0.19303354581241244,-0.028817675512008485
1.1945,-0.21840784527360158,0.29219880107369617
1.194625,0.016687192044141423,0.42319098763763036
1.19475,0.19468759873216243,0.3478385651288941
1.194875,0.2904446918128925,0.14452213531304092
1.195,0.1599680736513037,-0.00638694868392221
1.195125,0.07536713095240391,-0.008672436705012858
1.19525,0.14847848825339197,0.16571871891535475
1.195375,0.1582555827098495,0.2352283592257659
1.1955,-0.043656236445913314,0.04966181257710251
1.195625,-0.10292051528377655,-0.16612216682777628
1.19575,-0.12154614441808559,-0.2188135521005762
1.195875,0.023917236439464182,-0.009601031649700942
1.196,0.1882033701419584,0.21641992751359684
1.196125,0.2982116258058569,0.2337897035727264
1.19625,0.24442419146165567,0.1480929463798708
1.196375,0.17743039213503925,0.048240678986869207
1.1965,0.06688251619643446,0.14044379206622634
1.196625,0.06597664228314468,0.12336363347534642
1.19675,-0.006474594386048075,-0.022411230021367735
1.196875,-0.12522213574535337,-0.09102702300869647
1.197,-0.3934603850908982,-0.06966742045935786
1.197125,-0.4805164959078666,0.020759508328484676
1.19725,-0.18841342864689264,0.15708321667786657
1.197375,0.04614955739781841,0.2201565344712721
1.1975,0.08293437787635113,0.21732251023283247
1.197625,-0.058947968457348156,0.17840696524140848
1.19775,-0.20254058445435366,0.04722483141771385
1.197875,-0.3132786736396366,0.03959534863131131
1.198,-0.515020864328265,-0.006451984899648602
1.198125,-0.6121996698368369,-0.11658726671867342
1.19825,-0.6262708412787201,-0.36639854394245425
1.198375,-0.41741944323144403,-0.39508294929740245
1.1985,-0.21654048005223273,-0.13493624875651566
1.198625,-0.08094448705327464,0.05973107903509668
1.19875,-0.24715516423550765,0.09437320940937492
1.198875,-0.3489744850997902,-0.040270336910074124
1.199,-0.27017589010477955,-0.21138434386841462
1.199125,-0.004833584149363896,-0.3126818827932302
1.19925,0.20718932673674756,-0.4161044999467993
1.199375,0.04210958534694259,-0.5592726835643635
1.1995,-0.28278865494170613,-0.5559476050426903
1.199625,-0.5236598233041961,-0.36556946244866523
1.19975,-0.4944619684131444,-0.2222453640349148
1.199875,-0.27219611141833905,-0.08567989097596777
1.2,0.12114479695308218,-0.17027774399428067
1.200125,0.4585578538841655,-0.31592642333154586
1.20025,0.4923321761102002,-0.19768583553816432
1.200375,0.26600135866386426,0.027449240843694198
1.2005,0.12449485696025973,0.15725956783480985
1.200625,0.2514585282165602,0.03338693515227097
1.20075,0.4462941288292531,-0.2775644723524234
1.200875,0.5406101842728347,-0.4587601364073885
1.201,0.38979032995246227,-0.46230101471340435
1.201125,0.22567902857748176,-0.2268035836857029
1.20125,0.1217469982524299,0.1601898769699351
1.201375,0.23541479608732166,0.37691135975148665
1.2015,0.4514943577443694,0.4319796864961508
1.201625,0.43441847121022553,0.2573989320467925
1.20175,0.13045553353110315,0.1301106232121904
1.201875,-0.1259410597194455,0.22495045651668136
1.202,-0.042706497254716445,0.434514624661059
1.202125,0.16548759321538603,0.48784310266465003
1.20225,0.1957157618953932,0.35645180610671695
1.202375,0.10682898366581801,0.21177356018069884
1.2025,0.13698205253213944,0.06778574078937558
1.202625,0.10213082418590488,0.32301407083574335
1.20275,-0.0011617011239147673,0.40009589202922463
1.202875,-0.14417861800273013,0.3479122217227054
1.203,-0.16458730547092676,0.05783319266401922
1.203125,-0.12638547177285367,-0.0965961182531769
1.20325,-0.08703447640260652,-0.01043880082401691
1.203375,0.015922721495299132,0.16036692968659727
1.2035,0.07838869074816622,0.1802549002137748
1.203625,0.05918409906687416,0.10023975270570396
1.20375,0.04776785175239349,0.09367620391215437
1.203875,-0.05817781678221292,0.11539685999535103
1.204,-0.06767272724334089,-0.01530370156357764
1.204125,0.01098322588374314,-0.0946042558994454
1.20425,0.2646549069280061,-0.18422854395163082
1.204375,0.4861981007734824,-0.11627435118711325
1.2045,0.3545795444242975,-0.009505732144105553
1.204625,0.04002715297566819,-0.011888421380835163
1.20475,-0.19071108100339565,-0.00020866412915295857
1.204875,-0.23621389742190474,0.03782450633101799
1.205,-0.04462511111859252,0.01798680100782194
1.205125,-0.10967616420552342,-0.04369103374873763
1.20525,-0.21180323430712075,-0.07057626990756641
1.205375,-0.32412412293404463,0.00328079793245374
1.2055,-0.30320172766045517,0.25856677363499553
1.205625,-0.16509126636809832,0.4349359297801272
1.20575,-0.0073706030732744775,0.29703119437076975
1.205875,0.08998991531630185,0.006801037258846994
1.206,0.11892686760941575,-0.21014618546027114
1.206125,0.03435110176720945,-0.2116416800246528
1.20625,-0.08695997759756618,-0.03498815815615272
1.206375,-0.12092757764426261,-0.04459337549364863
1.2065,-0.2522409575995122,-0.22076080888438268
1.206625,-0.4081497786366362,-0.2781731528054335
1.20675,-0.38587649774537613,-0.2707989015552276
1.206875,-0.28539437102914994,-0.19591024567422108
1.207,-0.0904476079776513,-0.0420358397706792
1.207125,-0.1254331933705897,0.08191964886586735
1.20725,-0.33258595102545613,0.10483798747440397
1.207375,-0.6285368112375301,0.03795173949282654
1.2075,-0.6568528064042107,-0.09065880816261239
1.207625,-0.46247587050126,-0.1431683437101455
1.20775,-0.18277570351598502,-0.18444232715263997
1.207875,-0.058120006758038044,-0.3328342548418581
1.208,-0.1085135941681849,-0.3685924434857178
1.208125,-0.09855844041409087,-0.23958225156156085
1.20825,0.0713050147694367,-0.07130560536949512
1.208375,0.17169299836387109,-0.10459803747548543
1.2085,0.21530867719637437,-0.314187285551727
1.208625,0.2088589051633784,-0.5613651753900999
1.20875,0.27864584668734704,-0.6393334964578458
1.208875,0.4764413566246362,-0.41798084566461446
1.209,0.5062860194189255,-0.17540762905971047
1.209125,0.32539646816454953,-0.06286056715920973
1.20925,0.20466042518863434,-0.0837603299772997
1.209375,0.2624209359326341,-0.09931218321680704
1.2095,0.34816007694700557,0.0548596749564089
1.209625,0.24036546031061412,0.1939922726260719
1.20975,0.10295645368600233,0.17322311627216366
1.209875,0.1015628348131282,0.18372740378650396
1.21,0.22134613829661634,0.26826607111498196
1.210125,0.31133110119273,0.36193854679225124
1.21025,0.09554934787429273,0.37826444934663256
1.210375,-0.09533145669615509,0.30373927651070515
1.2105,-0.12315320552847692,0.17411812302417604
1.210625,0.03875300289081908,0.23288969860467298
1.21075,0.1631706875820546,0.3138519960005676
1.210875,0.1830240430797911,0.24555783445079576
1.211,0.08533761794152663,0.10819745127187112
1.211125,-0.10548494281741555,0.07345951182168525
1.21125,-0.3496592994205713,0.21201380685013047
1.211375,-0.22376906242027306,0.28605526900039746
1.2115,0.11072830514294552,0.1290362862139258
1.211625,0.2720152109490499,-0.040940493245059446
1.21175,0.18401342642830396,-0.11171109607079154
1.211875,0.019402460266292967,0.006052661676409642
1.212,0.01832411992230576,0.1713693250897723
1.212125,0.17811754111706243,0.2006429017322451
1.21225,0.20815785166622178,0.08728761137507624
1.212375,0.12223884084581521,-0.14229707184523466
1.2125,0.12021209041873644,-0.23757093106988109
1.212625,0.20135339665077906,-0.17534654391647622
1.21275,0.17421962409876285,0.12019491232961246
1.212875,0.04636856083189425,0.24679889540598038
1.213,-0.0838235090012233,0.21183682861200998
1.213125,-0.07307018588050074,-0.058257504065488255
1.21325,-0.09419099714930071,0.006031349383793404
1.213375,0.027364438376747336,0.18562698085445467
1.2135,0.07372332429360977,0.25840549599066726
1.213625,-0.026888882262001118,0.09532051312574079
1.21375,-0.14284208905201468,0.0919513173256549
1.213875,-0.2296611769540734,0.17029289071921583
1.214,-0.20468829752786197,0.1729157740379749
1.214125,-0.10697235843119363,0.04740086416136105
1.21425,0.007543834184327839,-0.07207672650199298
1.214375,-0.08680371132999481,-0.07552078879591563
1.2145,-0.2861151312973826,-0.0204581266370848
1.214625,-0.3507628594018023,0.008642203021169758
1.21475,-0.2569010841871559,0.002263634714368092
1.214875,-0.014449899736545271,0.03939118717439522
1.215,-0.0919509700630763,-0.1047373501344517
1.215125,-0.16911015080449648,-0.21564026391640678
1.21525,-0.19753550061010497,-0.26250710882626516
1.215375,-0.2948013647425153,-0.08456075451563022
1.2155,-0.5327551113699227,-0.009264941238802879
1.215625,-0.6366297282275805,-0.061247896380317975
1.21575,-0.3759365537042367,-0.23565266403279347
1.215875,0.00451173033936445,-0.35038978867333964
1.216,0.10567536568484796,-0.2154025520943712
1.216125,-0.25774097906823135,-0.08235954667277148
1.21625,-0.5957972257484134,-0.12126082299236955
1.216375,-0.555432421960322,-0.16631933672661944
1.2165,-0.10880759057962601,-0.18909846829823637
1.216625,0.274172374797693,-0.2605208018789011
1.21675,0.2450685247592084,-0.481048265570998
1.216875,0.0921159669740908,-0.5499831113120867
1.217,0.07057570539375192,-0.31576699131870367
1.217125,0.017553701521012835,0.012752496743554045
1.21725,0.012531865010957117,0.10207507156779448
1.217375,-0.031638507523116415,-0.22059142210630772
1.2175,0.09906960922274248,-0.5211167887582175
1.217625,0.3448730101367872,-0.4625277553371884
1.21775,0.5686160045071136,-0.10222817683577338
1.217875,0.5773841067062567,0.25528999814930725
1.218,0.5047216226011779,0.279146307830653
1.218125,0.4755142434048303,0.1063152064372217
1.21825,0.3963889696948934,0.07155399409955286
1.218375,0.17731811688676635,0.03513442918359398
1.2185,0.10950786775912441,0.03329356771153159
1.218625,0.2860667644411524,-0.03867781262252949
1.21875,0.4932639704174966,0.0711575158508372
1.218875,0.3579005249460025,0.3562822850116709
1.219,0.03276408718079725,0.5371230387728341
1.219125,-0.0889906577422593,0.4961263491583805
1.21925,0.1604901229879092,0.43985392846982435
1.219375,0.30706371551906697,0.4378905786209109
1.2195,0.10741686605692481,0.37580360330701335
1.219625,-0.13853827130998525,0.17474431511312033
1.21975,-0.32580057305155524,0.1319285605526394
1.219875,-0.2905644769428144,0.2639709683047793
1.22,-0.20060539986245193,0.43729220529192786
1.220125,-0.17694932307940575,0.3372484526512617
1.22025,-0.1695633272519765,0.06600609640714682
1.220375,-0.022124272487427873,-0.0454496664499814
1.2205,0.1969106832457092,0.16496873200598894
1.220625,0.29869516456814743,0.3116363260908853
1.22075,0.24887358792381498,0.15338479580912984
1.220875,0.044370492563433714,-0.13275412560512087
1.221,-0.033795952216349553,-0.3308252400861424
1.221125,-0.0655524352836608,-0.2500425955848438
1.22125,-0.05242017363000025,-0.192621155159466
1.221375,-0.055490219237941056,-0.12436282111181822
1.2215,0.011066154241400844,-0.1176586043616894
1.221625,-0.0017874477275214003,-0.05169119368507363
1.22175,0.09052086860487737,0.14212930449537353
1.221875,0.09925065656950605,0.2042484120570889
1.222,0.13466374911452042,0.21289735906718144
1.222125,0.10960463019089818,0.048610375568270324
1.22225,0.06659230759179739,-0.05607655058283547
1.222375,-0.02257060922413895,-0.022864727283992095
1.2225,-0.2829792609575318,-0.037470788972497775
1.222625,-0.38937610632867337,-0.09586806721622489
1.22275,-0.3450768060460269,0.016471316340941372
1.222875,-0.24713084800218088,0.009339136769594228
1.223,-0.13090382333254796,0.1470807144075321
1.223125,-0.1900964378074424,0.07958651965596146
1.22325,-0.2609081793635283,0.06698581664089741
1.223375,-0.35806403405386966,0.09187753512396511
1.2235,-0.3120389483340857,0.044423438204637476
1.223625,-0.3529112719717507,-0.06900787995716656
1.22375,-0.5203932997997064,-0.23488315667556767
1.223875,-0.564948389998162,-0.3229211164611728
1.224,-0.38085391553999054,-0.35096993442205193
1.224125,-0.0890031100947464,-0.19264229757293436
1.22425,-0.13169197976562735,-0.0633561981862936
1.224375,-0.4137485152437421,-0.13381444224938824
1.2245,-0.5498601694845362,-0.22443409516436663
1.224625,-0.47236711608049947,-0.3105134090284276
1.22475,-0.14281414866624784,-0.28595391955472244
1.224875,0.22054970983660427,-0.29679604221832623
1.225,0.17539518291964973,-0.5002996375235824
1.225125,0.004102634844204529,-0.5008741920620629
1.22525,-0.20017459051576883,-0.3462432682607711
1.225375,0.06779593892611968,-0.07473113624846764
1.2255,0.4111232878415848,-0.10761084917585455
1.225625,0.5745559036401218,-0.28749287402997803
1.22575,0.361029571821785,-0.5332584706282885
1.225875,0.3262402867268046,-0.43571974441332184
1.226,0.6176524581888562,-0.08158514226615964
1.226125,0.9020734579688449,0.1895483343179007
1.22625,0.6749451892492957,0.24138495941636587
1.226375,0.31152337829919424,-0.0715621722542212
1.2265,0.04027076587087643,-0.14966214622194723
1.226625,0.23258874103108443,0.03157742474356233
1.22675,0.3960212301715924,0.43071591353354743
1.226875,0.40209874161139564,0.5078590268693817
1.227,0.26401021866769275,0.3947650667515754
1.227125,-0.03048079330366817,0.3235805423800785
1.22725,-0.19927346169592025,0.521324129694905
1.227375,-0.2358453059817473,0.7279174766489719
1.2275,-0.23388865770586909,0.6089972874811042
1.227625,-0.10170925511872224,0.2877180270670262
1.22775,-0.09378283174212343,0.059768276894257115
1.227875,-0.15194720829963276,0.1745902540707565
1.228,-0.20665345095478424,0.33438878403512867
1.228125,-0.07966666537048796,0.41833555132341615
1.22825,0.17837319229517623,0.22781160890079932
1.228375,0.3860889144329158,0.02196922534690754
1.2285,0.38015781305692375,-0.17586483943549566
1.228625,0.16111864062243145,-0.24231926386730135
1.22875,-0.1866447041733776,-0.20148431650208684
1.228875,-0.14618425959815126,-0.1025768137338029
1.229,0.061002390217332156,-0.09296618931925779
1.229125,0.26728660805142856,-0.11999912954448923
1.22925,0.15445899254644624,-0.19681820944474188
1.229375,-0.14112211443123454,-0.051498973587176755
1.2295,-0.3795397350069403,0.1650527017075157
1.229625,-0.3359247142455565,0.33802684858955867
1.22975,-0.05689117537566877,0.34440328621394245
1.229875,0.18092729457778134,0.09828289442128596
1.23,0.22769181706574051,-0.14824490951828853
1.230125,0.060706337536287895,-0.14436112839759796
1.23025,-0.06057248958467525,0.08972712805083759
1.230375,-0.23258428042107893,0.3117767431821591
1.2305,-0.2925171212246249,0.19116160418553235
1.230625,-0.21130998575927631,-0.09402347412297417
1.23075,-0.12513684925175372,-0.3067422535550892
1.230875,-0.004091383069394497,-0.2794021100956989
1.231,-0.011367261516854799,-0.04407860392858667
1.231125,-0.021118940894351523,0.12858526390849068
1.23125,0.08359527779881304,0.18591932887494297
1.231375,0.22044157027652342,0.09587413426178186
1.2315,0.24539557723875893,-0.07829318629993604
1.231625,-0.01622923001674383,-0.18564430970588539
1.23175,-0.30663640481309906,-0.22610988500237636
1.231875,-0.5183770857177904,-0.18347611697184305
1.232,-0.5331333899849716,-0.1043511818475931
1.232125,-0.4137277720550026,0.0028873913412775696
1.23225,-0.20272262693686427,0.011322110452576695
1.232375,-0.23485254962966726,-0.05550693723518497
1.2325,-0.33094388869014263,0.0794740425062174
1.232625,-0.45225871271720075,0.17160343613246679
1.23275,-0.40821271676073556,0.252713412002547
1.232875,-0.35027552056275296,0.0160153799862919
1.233,-0.47699699343322516,-0.29404400218119553
1.233125,-0.5673262866589176,-0.42717607116754563
1.23325,-0.27423817520567023,-0.46083135058561203
1.233375,0.19815768684827995,-0.39731630657170164
1.2335,0.45656688671512485,-0.2236675096735565
1.233625,0.18670906677708682,-0.2328221084836576
1.23375,-0.06307968519693824,-0.33357706384372865
1.233875,-0.04517104081512258,-0.3349267451010458
1.234,0.3500452380082817,-0.32424993350224873
1.234125,0.6460723808896679,-0.32610245666044685
1.23425,0.5826618042164822,-0.44663292642032587
1.234375,0.3686860110218801,-0.48166770836213424
1.2345,0.39981106849748593,-0.30941004526894766
1.234625,0.4424888371364354,0.12438212142077197
1.23475,0.3582121320558533,0.3600850671619838
1.234875,0.1572574574270939,0.19992732259458987
1.235,0.058023275726125166,-0.057515400854235676
1.235125,0.2686025826432009,-0.04435670353660105
1.23525,0.4962832672028704,0.371165448980754
1.235375,0.4507989426565561,0.6083752437149209
1.2355,0.24944810364309578,0.5279149106357627
1.235625,-0.04336921102756482,0.3284549223918866
1.23575,-0.10627948908563585,0.3557896360931645
1.235875,-0.15120327557729885,0.4198643571014914
1.236,-0.10793934458927049,0.32174812988762974
1.236125,-0.0741698749712728,0.05405963995965639
1.23625,-0.10327769781051707,0.07241809461545723
1.236375,-0.12877256076697988,0.2822406494677768
1.2365,0.00722893756899646,0.49041059721626995
1.236625,0.3877701828820194,0.4116896036690358
1.23675,0.5350631632551607,0.20743383004388993
1.236875,0.37122127038033537,0.011727624042457927
1.237,0.0948864100749201,-0.13517904205191517
1.237125,0.012364565217949153,-0.10784076395126484
1.23725,0.028616654052311532,-0.13226125397080044
1.237375,-0.013475810193324628,-0.02676188804017471
1.2375,-0.16178512042266172,-0.0950366483912176
1.237625,-0.10246221027762634,-0.1419901490755815
1.23775,-0.013134663109520783,0.015668228686418262
1.237875,0.2386804550009985,0.3230160209980401
1.238,0.18023309082340266,0.4928607032907167
1.238125,-0.07288471501409938,0.34970622026045467
1.23825,-0.3250398577682702,0.053232891271421036
1.238375,-0.3650013619664201,-0.02355873847782396
1.2385,-0.043538967535004296,0.021462841747911066
1.238625,0.24830187187468125,-0.01732019670783663
1.23875,0.19254516677940225,-0.14894781102217614
1.238875,-0.2619347096548477,-0.1665119119126336
1.239,-0.5012702328929672,-0.007717345623372653
1.239125,-0.5568449903094328,0.18849083366600586
1.23925,-0.4093937319501358,0.18187146377706506
1.239375,-0.2578366920778557,-0.04001497277775557
1.2395,-0.18823053666789727,-0.3500390796823404
1.239625,-0.010371258387074108,-0.28286070667475544
1.23975,0.05109747104812166,0.01780416894176921
1.239875,0.1563892233695536,0.2599035272105871
1.24,0.16783694278879838,0.1261996493781434
1.240125,0.1035052088135425,-0.2370904616901879
1.24025,-0.1592623446808795,-0.4567318086720765
1.240375,-0.3972388412122759,-0.49868201569421733
1.2405,-0.5468216845628855,-0.35518461885136976
1.240625,-0.44937855076542654,-0.2524538985346101
1.24075,-0.2528564109623747,-0.14690171551071057
1.240875,-0.2017238140002776,-0.03646100776519641
1.241,-0.28691759024645513,0.04649336484437585
1.241125,-0.3135621014516677,0.130432783734087
1.24125,-0.34602782965461876,0.1783734375191377
1.241375,-0.26598571679916294,0.0020993786798494305
1.2415,-0.16456053629417752,-0.1796779210639225
1.241625,-0.1303124336622992,-0.39408358312080066
1.24175,-0.18282681654662317,-0.41300715899509116
1.241875,-0.26915289800740894,-0.3307779529829117
1.242,-0.03412994609501061,-0.26122482405565833
1.242125,0.3476556327381542,-0.2041460509305197
1.24225,0.6823128480887463,-0.24711741719479657
1.242375,0.7228608524011835,-0.309763066096072
1.2425,0.4316151620376598,-0.28579225097961114
1.242625,0.20930303025694852,-0.23435544421283333
1.24275,0.18300184859206725,-0.16338168527790306
1.242875,0.401029147794789,-0.12257278113389423
1.243,0.5250239797748267,-0.20031365700250556
1.243125,0.4752712458035198,-0.238299846824326
1.24325,0.38362755989417685,-0.0414320146623633
1.243375,0.20830140578286974,0.2993414682944814
1.2435,0.22936889746695738,0.6185425833827841
1.243625,0.2910902019165898,0.6344629292812851
1.24375,0.4161810837927826,0.4204286805360603
1.243875,0.3108124045356589,0.18476591620123176
1.244,0.09646562166087587,0.21433001613479416
1.244125,-0.1374103434037834,0.38865698937360976
1.24425,-0.12602180607547564,0.4848239513375882
1.244375,-0.013850780491074912,0.4667045682595204
1.2445,0.04338125341439262,0.25196666678803936
1.244625,-0.010417125116463853,0.210717644815131
1.24475,-0.11469359806249392,0.18722931988541902
1.244875,-0.07934255236892293,0.2853147223182745
1.245,0.02929422969524486,0.36927057002199526
1.245125,-0.03280533749040984,0.27008789462476657
1.24525,-0.1883347596802474,0.10648939885737053
1.245375,-0.21156326481193055,-0.09545373030564737
1.2455,-0.0886824839090102,-0.15138919028064965
1.245625,0.023845761561430808,-0.022711933943540718
1.24575,-0.04552317002489674,0.08165541001774038
1.245875,-0.0210164456787561,0.0007949881169919902
1.246,0.07469512806869136,-0.12337826535829824
1.246125,0.07294587605042407,-0.08362575714419937
1.24625,0.07382535849812773,0.017651406255529342
1.246375,-0.14533047236051455,-0.02214373446440756
1.2465,-0.155312132750251,-0.14817293438041398
1.246625,-0.12421157603816893,-0.12964102113702844
1.24675,-0.07324740627387645,-0.04359066916267173
1.246875,-0.02497687664787695,0.02673878013384112
1.247,-0.022209168980538145,-0.03940522718918433
1.247125,0.04846298972402949,-0.01820358692265688
1.24725,0.11464671326754285,0.11023512353963191
1.247375,0.05323317859451624,0.12762496389410832
1.2475,-0.005835742054879179,-0.00429499828656078
1.247625,-0.10261312042198607,-0.13954906467548095
1.24775,-0.09279064014357774,-0.13437358419011022
1.247875,-0.14667629870328622,-0.07051959954554296
1.248,-0.22714306260122222,-0.0281269866803478
1.248125,-0.3094284053846798,-0.033214274618271165
1.24825,-0.16105041080662735,-0.03647612152373169
1.248375,-0.020590169382742524,0.06406586425480278
1.2485,0.03442581880522015,0.11398660850066507
1.248625,-0.0842373238104626,0.06489358262154045
1.24875,-0.30509033305309724,-0.019622671262089265
1.248875,-0.46321845844211035,-0.061690690448087
1.249,-0.3775569939460942,-0.08022863675408363
1.249125,-0.34838719944368257,-0.12296516671972951
1.24925,-0.3854697236023548,-0.1811499843070683
1.249375,-0.4050943378367341,-0.21979155699720318
1.2495,-0.25587384128612317,-0.21014410292625543
1.249625,0.005460432975108403,-0.020347460498178493
1.24975,0.0974935470494747,0.02727492125213743
1.249875,0.020748231579161974,-0.060987722429443565
1.25,0.0007660538702370297,-0.29487668439540016
1.250125,0.03258605061733732,-0.3760817722074897
1.25025,0.10840788366513444,-0.36364486855945904
1.250375,0.11466869970614238,-0.3010264745613721
1.2505,0.019611449804254857,-0.38822047663612397
1.250625,0.07862967531862736,-0.3485131966183971
1.25075,0.22054531829074037,-0.1735432335705911
1.250875,0.35613322735494796,0.053707292162812274
1.251,0.1990296756410514,0.1008598543738803
1.251125,0.04777312972255536,0.09367321115937019
1.25125,-0.07320742272772562,-0.028615029741448063
1.251375,0.059143137854269494,0.08562823574238555
1.2515,0.15826499482236647,0.08812078666600036
1.251625,0.3025937577281848,0.10447361115532569
1.25175,0.4443426452333821,0.010666614038491446
1.251875,0.46540211750815835,0.03946855361610305
1.252,0.30942407142668543,0.16168145658189056
1.252125,0.04377391888911417,0.33187816863268704
1.25225,0.001965912848278244,0.27489293982182
1.252375,0.12813972421505074,0.06937278285549826
1.2525,0.163449173767745,-0.01417371099270494
1.252625,0.15738589697049643,0.008687937414823607
1.25275,-0.15005426558679874,0.18435219648194193
1.252875,-0.22092911703348583,0.2574713037183048
1.253,-0.03578047068952054,0.38404622359685653
1.253125,0.3364569842651559,0.415780523444856
1.25325,0.5491479964034728,0.25566985163615574
1.253375,0.4482763485854955,0.009376421399488
1.2535,0.12416329775700108,-0.02245002322204109
1.253625,-0.12035685357219036,0.08021440231138459
1.25375,-0.04375853343211611,0.25355184934725006
1.253875,0.08325058151037121,0.11428505473752192
1.254,-0.03207147141019532,-0.12300325469967038
1.254125,-0.04398625213615835,-0.1991598880860741
1.25425,0.07750978433467108,-0.029532647145953973
1.254375,0.312200902028139,0.2686852456260241
1.2545,0.2593283585079805,0.4665388665911557
1.254625,0.05023099504745356,0.42216047051114236
1.25475,-0.11327739206866029,0.07344690061333223
1.254875,-0.24423997076319928,-0.09215717477577405
1.255,-0.2873847634200221,-0.08330576576619414
1.255125,-0.36139261376226756,-0.02661220883229031
1.25525,-0.30573725164917137,0.002743422835995148
1.255375,-0.22552913103249236,-0.08059817912689124
1.2555,-0.12503551577348151,0.030752698060813433
1.255625,-0.15081441035145757,0.2522872650084147
1.25575,-0.1470019486907441,0.27216514491156524
1.255875,-0.13559360959129246,0.05365174887459195
1.256,0.0017956601767595878,-0.16217422035816115
1.256125,0.035796330661174,-0.22899929547434336
1.25625,0.1529190530618804,-0.29639337238125574
1.256375,0.17597113112581386,-0.3305569353799515
1.2565,-0.038358065990676274,-0.2960450352741749
1.256625,-0.24440727697728556,-0.17797416696076693
1.25675,-0.4063819062235451,-0.12785363625181467
1.256875,-0.4065049645162871,-0.13214600812943686
1.257,-0.26986852126860195,-0.14330114411931483
1.257125,-0.1829691374063015,-0.11515930461008402
1.25725,-0.2858723112853862,-0.038252872918988094
1.257375,-0.3642412986082279,0.060966146152431594
1.2575,-0.556860928823214,0.10237871669836768
1.257625,-0.6268616112405426,0.10320546413203685
1.25775,-0.6056536300299453,-0.031640818563018584
1.257875,-0.31616324018779046,-0.21521865710980853
1.258,-0.13202061828807474,-0.33803722165380495
1.258125,-0.024786436935655347,-0.34481392437550873
1.25825,-0.0016428288086728293,-0.2782605073516315
1.258375,0.09018391651432202,-0.17220770576981972
1.2585,0.06311440690077445,-0.244218249372214
1.258625,0.04102089943838874,-0.3128494038299346
1.25875,0.1767855181587499,-0.5257494398581561
1.258875,0.23304845739180213,-0.5844116291530491
1.259,0.36477881888145725,-0.48826498075763125
1.259125,0.24575274530703306,-0.2504819961703708
1.25925,0.265660463388224,-0.08804994420696075
1.259375,0.37373195520917996,-0.0231282473122448
1.2595,0.5217848191822865,0.05156214963894394
1.259625,0.43316640225181985,0.09195428753549774
1.25975,0.33275392721044045,0.06032931625146588
1.259875,0.2777888679314939,0.04676732073128843
1.26,0.44547079612431256,0.14117583274466755
1.260125,0.571264336882209,0.2830575536890089
1.26025,0.40665401062722334,0.28676367936990355
1.260375,0.11365887273098073,0.28176481051026997
1.2605,-0.15164649841159428,0.2409055068694531
1.260625,-0.1460677736911931,0.34970215497723256
1.26075,-0.059757703037733964,0.4837295764684648
1.260875,0.10466278209420143,0.3843508790391708
1.261,0.16786868766994623,0.3056462461312785
1.261125,0.190281464184302,0.2577249297237745
1.26125,0.11726256194925902,0.3849918717223204
1.261375,-0.053114467908907836,0.5359859372155185
1.2615,-0.07064446160430839,0.3776513729297187
1.261625,0.09030360926305565,0.018303766090683817
1.26175,0.22540372645497753,-0.13841081824681858
1.261875,0.08788157643771852,-0.13397707167046904
1.262,-0.08985070698477765,-0.0564174212199612
1.262125,-0.05108721055896582,0.048191388690131634
1.26225,0.05567253036282724,0.13909596540248906
1.262375,0.16760764167214423,0.14608771926726588
1.2625,0.04430270133028026,0.05092442592170565
1.262625,-0.13781989192411837,-0.02335966855177836
1.26275,-0.2870446261283273,-0.043320191334004256
1.262875,-0.19184926751838843,0.11776583125762934
1.263,-0.20920328419889614,0.18482161468731093
1.263125,-0.26295330485261015,0.09776935560727507
1.26325,-0.18652827982695214,-0.05421936929546747
1.263375,-0.07977723483358726,-0.06002914983543695
1.2635,0.019928850589723338,0.06119528365235752
1.263625,-0.03145930534483101,0.1408625352554172
1.26375,0.1432273325521268,0.03683672935942253
1.263875,0.2545259180607452,-0.14934156048817093
1.264,0.21557355457957209,-0.2526899447683686
1.264125,0.04085689890208554,-0.2393946648962701
1.26425,-0.31892549347864607,-0.1772710556643055
1.264375,-0.5267094440268686,-0.18859657851969144
1.2645,-0.3915629488950218,-0.1822962902708392
1.264625,-0.16241156875139867,-0.08225671860684369
1.26475,-0.1253936192187234,-0.0033701048621923684
1.264875,-0.29270059907133056,0.008085208305222967
1.265,-0.38641572758137266,0.11617673521799476
1.265125,-0.31116848704237166,0.21319025662214788
1.26525,0.031789046083455993,0.19647672785138587
1.265375,0.13417558818643405,0.020338845618819736
1.2655,-0.1074758660125125,-0.23898754848256298
1.265625,-0.38396135111556867,-0.4274827940470013
1.26575,-0.5264482458283825,-0.3523004522630013
1.265875,-0.3465872144222081,-0.16454250793048772
1.266,-0.187498097935852,-0.0662012545542869
1.266125,-0.024771273754259793,-0.26022708869691297
1.26625,0.003697733130339574,-0.34342488784892616
1.266375,0.029057195010080954,-0.2582503357629375
1.2665,-0.09905882384330346,0.010744799753794077
1.266625,-0.2835370453933289,0.11314723954388121
1.26675,-0.31814204039557875,-0.06995571612732618
1.266875,0.003023906543649919,-0.35192484562074666
1.267,0.34629228249278327,-0.44730061637230356
1.267125,0.43612733361535444,-0.33155498048695303
1.26725,0.22270083761378184,-0.09583800687484763
1.267375,-0.06915628607298982,0.024127333319344586
1.2675,-0.11205139749774816,0.05062946368592231
1.267625,0.11336973656998806,0.0058150007402039535
1.26775,0.507848375082114,-0.06555942529579262
1.267875,0.6285361875411675,-0.21357559471935791
1.268,0.4349828568661056,-0.20448816535699682
1.268125,0.2566739823622912,0.009344635114911478
1.26825,0.13238534025287402,0.3021271303748103
1.268375,0.1524046597274255,0.3584751385142006
1.2685,0.059519590924617595,0.17786411453510848
1.268625,0.08368401598472139,-0.0353297654420649
1.26875,0.12914001082557236,-0.1638173419273402
1.268875,0.11864576482988659,0.06248410968336746
1.269,0.12282839605030738,0.43372248787095197
1.269125,0.1905876435157367,0.5568763165887161
1.26925,0.1562098809534209,0.40619767092709935
1.269375,0.11203357478615865,0.1906685323988585
1.2695,0.13866783714848097,0.07734876800919838
1.269625,0.25639832996524337,0.1314610062642419
1.26975,0.38295791766848186,0.057978040993835564
1.269875,0.26881065169889334,0.06360386877740949
1.27,-0.015027961210522446,0.10976940986182597
1.270125,-0.28409155590644847,0.12721034075273677
1.27025,-0.23960087455721027,0.1522922915248653
1.270375,0.04347745200632518,0.1587604423981582
1.2705,0.2463771630450346,0.11468516598820185
1.270625,0.19498196195311882,0.1260461647156721
1.27075,0.042275703151529065,0.12851723945630739
1.270875,-0.1529978880790279,0.20955584179415965
1.271,-0.39434170864069423,0.3518966305034399
1.271125,-0.3534555114865891,0.2190846500018392
1.27125,-0.20435115032800097,0.017782524735528916
1.271375,0.01679821580690241,-0.22907419403677876
1.2715,0.13518036470586545,-0.18166372981255474
1.271625,0.2217383023246096,0.01751371544532512
1.27175,0.20144078177196464,0.15160957164841632
1.271875,0.15266319302772274,0.14827055882778326
1.272,0.03306998929539478,0.06294303847756068
1.272125,-0.08377660809992118,-0.12298186189288067
1.27225,-0.14060608660754725,-0.34027136158285637
1.272375,-0.19918351781646212,-0.3412686890582569
1.2725,-0.2270790226029171,-0.2152159214671941
1.272625,-0.21087835948464248,-0.00838171558086428
1.27275,-0.25541482577370606,0.127500885054371
1.272875,-0.29336599127239366,0.1655842271771837
1.273,-0.25481125614467975,0.20126631324829194
1.273125,-0.05773022312265706,0.16563500081199412
1.27325,0.11153168887553147,0.02948666526061327
1.273375,0.10972845105134461,-0.05504778501611991
1.2735,-0.1724810856789465,-0.12027623597935058
1.273625,-0.3737515111295654,-0.1808050164569036
1.27375,-0.3571669308554096,-0.21566397720991592
1.273875,-0.18919223533246848,-0.25241831463679826
1.274,-0.20400288651497966,-0.2376956710530231
1.274125,-0.46643698550117746,-0.21851200783466646
1.27425,-0.5218063269217649,-0.20692934695958967
1.274375,-0.46453577824511455,-0.04070938060772076
1.2745,-0.28878738798009046,0.11450100823292367
1.274625,-0.19496682899357162,0.10588541818912112
1.27475,-0.16091757660788242,-0.1650951598743478
1.274875,0.0446637416867395,-0.3334196547527806
1.275,0.23068971192018653,-0.2903839228041927
1.275125,0.26002740944483466,-0.15343175116043475
1.27525,0.08812204970200735,-0.1574938437064241
1.275375,-0.08858032321567946,-0.3651621453346426
1.2755,-0.020427867627296974,-0.5080804705124491
1.275625,0.23195630905143827,-0.3999516756303488
1.27575,0.3467636211423756,-0.19818861829670606
1.275875,0.42088775084205626,-0.1549461269265427
1.276,0.40346073625979273,-0.19007024550840837
1.276125,0.39452489177627,0.01292332691638807
1.27625,0.36988323642399384,0.2357739743779623
1.276375,0.3231494536493962,0.2832715164298736
1.2765,0.11244785018678352,0.07149326147723485
1.276625,-0.10962940399778151,-0.02873772966595926
1.27675,-0.14877505730303228,-0.010446320255753599
1.276875,-0.06956402620918144,0.22199263347447126
1.277,0.15960556374455326,0.33346037539829393
1.277125,0.30463503403725406,0.32597854239351376
1.27725,0.23188914811699674,0.3510577614203653
1.277375,0.23896729086794147,0.39820771441269714
1.2775,0.19184581999856862,0.38755703494886434
1.277625,0.24184359161449237,0.2378531288985638
1.27775,0.2148021400560663,0.11203064330657796
1.277875,0.15987387684619847,-0.05994206874915224
1.278,0.03456533883745921,-0.13227869370148526
1.278125,-0.07844323496904788,-0.03648898237315935
1.27825,-0.00026925507585749074,0.16890489270145176
1.278375,-0.020246895444218472,0.24207722521537525
1.2785,0.01614855043581326,0.2209836501119593
1.278625,0.009677898180909325,0.219617383466043
1.27875,0.11036424746579239,0.16566594508260615
1.278875,0.1462569378257698,0.16467316705141033
1.279,0.2386342338857621,0.2020808277615922
1.279125,0.21166197660895938,0.1418354107427875
1.27925,0.20134949985066256,0.02843557533984257
1.279375,0.1386444325640447,-0.009171065166431182
1.2795,-0.02230622159693366,0.013489317291658658
1.279625,-0.23661750961089137,-0.03311109677897991
1.27975,-0.4390619362740441,0.003318474143746455
1.279875,-0.40846302654439426,0.0484617407148027
1.28,-0.19300069735363418,0.06997255667033869
1.280125,0.04698244360293969,0.20076208838948487
1.28025,0.03410122437932776,0.15368563563724347
1.280375,0.019800058786179874,0.202564025139566
1.2805,0.04990598059713208,0.16288721934251943
1.280625,-0.012920668144260013,0.09854621372544302
1.28075,-0.10655172984060719,-0.016267037915805062
1.280875,-0.27028633466248175,-0.19789136811078972
1.281,-0.30707732252244624,-0.329003387134883
1.281125,-0.16493684257866473,-0.3442252018335092
1.28125,-0.015872439393299385,-0.14120236345017856
1.281375,-0.06284789424679796,0.011938552816547111
1.2815,-0.27486514760158554,0.07927311840586593
1.281625,-0.4706218244361707,0.012955744773958474
1.28175,-0.4214796350036384,0.06117341440990137
1.281875,-0.1998668175701069,0.013093236134398794
1.282,-0.20396888456246712,-0.09427139869935358
1.282125,-0.2929494632529254,-0.26351048149369444
1.28225,-0.3291267728459706,-0.2590567433903145
1.282375,-0.3036952174576902,-0.17635183515685918
1.2825,-0.17405628921325086,-0.01332521824635501
1.282625,-0.12367953926180347,-0.08534732309787038
1.28275,-0.1822367049666769,-0.20496658843672833
1.282875,-0.21496050339857023,-0.42927184948432495
1.283,-0.15563495910246755,-0.3410285336141483
1.283125,-0.1547882877010946,-0.26279151706491083
1.28325,0.05209440866188604,-0.13258589063322543
1.283375,0.16995158195760798,-0.2702845349154682
1.2835,0.16920966475663882,-0.32506628309781993
1.283625,0.23215782061568055,-0.2502751997449295
1.28375,0.4724654575052988,-0.1616128991559039
1.283875,0.7675328592129207,-0.12097546730527581
1.284,0.5601594108360213,-0.14987532880257512
1.284125,0.09116546774704329,-0.18135981810446425
1.28425,-0.3294058979950881,-0.1821910608127865
1.284375,-0.28103008097094573,-0.07453604543945322
1.2845,0.03751495583174119,0.005726341201693601
1.284625,0.3734135478845042,0.15674141963692975
1.28475,0.39157225716006316,0.1498974752726922
1.284875,0.0931387790178326,0.20603523204649243
1.285,-0.06717117909194054,0.41112236786530026
1.285125,0.11924543427783618,0.6365424211641517
1.28525,0.28274083424496776,0.5331691942589565
1.285375,0.2605897074472741,0.08131280766708926
1.2855,0.11707335688377381,-0.2665548711832673
1.285625,0.12503872380372008,-0.2814661429565867
1.28575,0.376115003144771,0.056946101527445586
1.285875,0.43387442076495975,0.3610227940105607
1.286,0.10734987379095177,0.3185025524947682
1.286125,-0.29148785788466997,0.07247704541474895
1.28625,-0.35790886608011124,-0.09704635746362138
1.286375,-0.05916202533454736,0.07767842827910529
1.2865,0.23370756569427434,0.2584464576852634
1.286625,0.23977934779580393,0.19441828108772058
1.28675,0.12907503286285268,0.09267101270612138
1.286875,0.02402370477813358,0.14647375827232245
1.287,0.2501448512672308,0.365700010929824
1.287125,0.4247871482442057,0.43289688271571397
1.28725,0.25735314594686703,0.04774468855153245
1.287375,-0.1111624581622522,-0.30813685110852773
1.2875,-0.32596156672365406,-0.3371857542483833
1.287625,-0.02790584057498515,-0.03555003240802626
1.28775,0.3322194176753789,0.1788972593806358
1.287875,0.4838304230405485,0.22155245714023747
1.288,0.163036921898381,0.0613994771901436
1.288125,-0.14193346014898836,0.07521802727926061
1.28825,-0.1446989843879109,0.2298662147497927
1.288375,-0.09221444907817071,0.4043456914086943
1.2885,-0.07608990698533666,0.2265877181872303
1.288625,-0.3033453557642024,-0.10820574520444985
1.28875,-0.5113515800932872,-0.24685613160149297
1.288875,-0.3719207983159277,-0.038985572226398146
1.289,-0.04832497550333167,0.2995221553526594
1.289125,0.1295952458014523,0.42357106131088146
1.28925,-0.04514864040487411,0.1638752823530786
1.289375,-0.2778204099682186,-0.11219253001177806
1.2895,-0.3487045414170515,-0.18750118825283374
1.289625,-0.09153808970806089,-0.08626877930855263
1.28975,0.09764709363719237,-0.08249449197024411
1.289875,-0.006641935932250259,-0.3334804097955454
1.29,-0.2943500332731879,-0.4836205947543869
1.290125,-0.5707978084440316,-0.38094352785062446
1.29025,-0.6667583766719943,-0.09626139201120043
1.290375,-0.5063248367413752,0.11309824060349533
1.2905,-0.2264173844337698,-0.03221673641805519
1.290625,-0.020154685326675654,-0.24122476374291665
1.29075,0.03760276726624257,-0.23766618523525757
1.290875,-0.09167963751901959,-0.11850401277110724
1.291,-0.2900555151451593,0.10105598225504105
1.291125,-0.27648296091623076,0.05182584005332511
1.29125,-0.31601263720607814,-0.2521115275017208
1.291375,-0.30461623862172676,-0.4876920895720626
1.2915,-0.283671492931278,-0.6113314661187906
1.291625,-0.07340992451780635,-0.41814425268691435
1.29175,0.1612975228054265,-0.17252217431695374
1.291875,0.3628859865656785,-0.011584216264218789
1.292,0.22524882562260878,-0.010537817557474762
1.292125,-0.036535064526306976,-0.12092011126819349
1.29225,-0.12247304708691328,-0.22201965506222085
1.292375,0.05218817258969854,-0.2382531156677406
1.2925,0.5338960014087365,-0.2876774715424194
1.292625,0.7397084318739445,-0.3221033198286657
1.29275,0.4996235154864308,-0.2560662217683456
1.292875,0.15327217786648056,-0.05921996721204988
1.293,0.050284301241593526,0.18127296395305859
1.293125,0.26079864465585967,0.3119873084004757
1.29325,0.3475710597762107,0.2851688586151931
1.293375,0.31860725996521955,0.01015147367842972
1.2935,0.3645615976077841,-0.14578079439456326
1.293625,0.34112965369733644,0.05266882680296774
1.29375,0.34197255338818794,0.4793019535422902
1.293875,0.11766294822821037,0.6814302435033163
1.294,0.2207243447464092,0.38086559334529313
1.294125,0.2840443286083506,0.13128002905661998
1.29425,0.3427126718368843,0.07316833649949475
1.294375,0.020049346243612577,0.21473517767546121
1.2945,-0.21076121009475074,0.3082765744144686
1.294625,-0.1796889580213012,0.3064448914107717
1.29475,-0.03869218799310616,0.2824823996018415
1.294875,0.03740943356857055,0.31379714274904374
1.295,0.06416205415680667,0.28808844473277406
1.295125,0.22283443685798754,0.15647864926562577
1.29525,0.35322037123477945,0.17845453543598047
1.295375,0.10156725541358011,0.26708518981636237
1.2955,-0.25188211787511794,0.29727499865337964
1.295625,-0.5381060131502633,0.03401080397515211
1.29575,-0.4976141269829869,-0.20925496550893954
1.295875,-0.29628412812670385,-0.18398142867362358
1.296,-0.1677478031182621,-0.05360935996214012
1.296125,0.004037408630559602,0.00223159008789284
1.29625,0.12410164877643844,0.03897081311195697
1.296375,0.10423645894671257,0.18955978593297176
1.2965,-0.0553227594641975,0.27496234194354974
1.296625,-0.09293751861567291,0.12475463137382137
1.29675,0.14393731457001208,-0.23110117023187018
1.296875,0.3417200073370765,-0.42615292574797026
1.297,0.34536531088171024,-0.39961630677259824
1.297125,0.07877461125302049,-0.2655480004947012
1.29725,-0.01305135605350555,-0.1577825685928138
1.297375,-0.032017749181521026,0.02456944224795493
1.2975,0.12107574800415753,0.13233725965304002
1.297625,0.07129690595248211,0.1169627118690548
1.29775,-0.20682653981320487,-0.014663445072228092
1.297875,-0.45629538676013726,-0.0452518831689649
1.298,-0.43331158328755404,0.14036940116285826
1.298125,-0.17388166319274154,0.32585485607074194
1.29825,0.03925587009922336,0.35333233857544355
1.298375,-0.04684059557139818,0.09584729564436992
1.2985,-0.36344632273124305,-0.06541266463059109
1.298625,-0.5165826868760934,-0.06395444658765807
1.29875,-0.4800963770305053,0.11679158827042051
1.298875,-0.19580521774658372,0.06655938819201257
1.299,-0.15902841714894533,-0.22431154786828933
1.299125,-0.27190562811869373,-0.4530185356279156
1.29925,-0.3467940597914611,-0.39764471693029124
1.299375,-0.44269051256544256,-0.1461332901086403
1.2995,-0.428071496313218,-0.006269205350192964
1.299625,-0.4274731734173202,-0.041782296012252994
1.29975,-0.37080400612026115,-0.2995217444355863
1.299875,-0.15494095170366073,-0.46049868674497046
1.3,-0.09804226050817783,-0.39096909347943287
1.300125,-0.14521749598253705,-0.19303030688252523
1.30025,-0.08170978373976598,-0.11017457377866878
1.300375,0.22240727326336845,-0.2439016617986864
1.3005,0.43370584692356473,-0.36347327155249176
1.300625,0.30243617585495874,-0.3003758655356167
1.30075,0.1387021911368452,-0.39254296881645284
1.300875,0.2540417571683288,-0.392378816067296
1.301,0.5774355168716965,-0.32118166354125893
1.301125,0.7857530967905108,-0.16064233796882219
1.30125,0.7027425564687932,-0.08142476183681202
1.301375,0.40751543780009597,-0.1394222823420997
1.3015,0.2019191200193114,-0.045911204916512564
1.301625,0.18447776415119244,0.1714308847161975
1.30175,0.2558856973184739,0.3878633105855932
1.301875,0.2779932601056532,0.354026624835138
1.302,0.2642857536476606,0.16609549528641612
1.302125,0.19629203522022892,0.23915208215192593
1.30225,0.02981922285032405,0.5604246449633866
1.302375,-0.11415979128865615,0.7270132456616528
1.3025,-0.11520423794214812,0.6808851116332961
1.302625,-0.09521502711532849,0.37056848379066265
1.30275,0.15942535673855426,0.19893163537251865
1.302875,0.22075335667749243,0.17273885069610292
1.303,0.10436139775924066,0.2515771691099064
1.303125,0.03762904513814441,0.26113981898779026
1.30325,-0.05157147691695128,0.20712921076892665
1.303375,0.034100852142218516,0.19288200828963142
1.3035,0.06434866533261084,0.03613225596163825
1.303625,0.07821203708204899,-0.11688373426555135
1.30375,0.1034713026797888,-0.15277056545950118
1.303875,0.27701483971016067,0.0005740656151417567
1.304,0.3139926948920009,0.0865909911406065
1.304125,0.23486795459494159,0.1298742278713625
1.30425,-0.12376080806446109,0.08692689884416312
1.304375,-0.3265309602803008,0.03170923133713743
1.3045,-0.24284700503066545,-0.013491197332165094
1.304625,-0.11271419501120465,-0.033649487911953026
1.30475,-0.05363055482759573,0.04683108873851219
1.304875,-0.26614879372229,0.09767351044875142
1.305,-0.39793017703379185,0.16664436727227067
1.305125,-0.3707344355385873,0.19245685049834632
1.30525,-0.13419126264975684,0.2888480809716632
1.305375,0.12044859348911904,0.20461597228885633
1.3055,0.15245964360717917,-0.1301115166527555
1.305625,0.098613201652207,-0.34007618228211556
1.30575,-0.03704121715797765,-0.2848080962171834
1.305875,0.031761416194178424,-0.07965466738546395
1.306,0.04384901263930152,-0.08174271722276781
1.306125,-0.08594181740951166,-0.24612317252128174
1.30625,-0.24603034884227168,-0.3534423069608131
1.306375,-0.3683101091433456,-0.3080430064725545
1.3065,-0.2738430973520122,-0.09925745284318856
1.306625,-0.22869375269049722,0.06806741456114551
1.30675,-0.23141660246320644,0.1266415556326097
1.306875,-0.2505387219920788,0.04946555814388751
1.307,-0.23228954464543597,-0.024532317353385052
1.307125,-0.19514904557563398,-0.008456120531196612
1.30725,-0.32665650656510853,0.021502229938963127
1.307375,-0.532176882473171,-0.009301452697895847
1.3075,-0.5202717041348378,-0.22326237619484432
1.307625,-0.27830202469293436,-0.2904892019003831
1.30775,0.04261036221528927,-0.2777184620835148
1.307875,0.10152864066783514,-0.19367088740931362
1.308,0.04491250028598608,-0.24588185472971552
1.308125,-0.09885093957671684,-0.26400703335301706
1.30825,-0.3111125963822953,-0.19091472016666639
1.308375,-0.36253664385870726,-0.17758377603979564
1.3085,-0.091212120851592,-0.32319393966187554
1.308625,0.16554161169321527,-0.4380606535479749
1.30875,0.34510544205741933,-0.49675002164351256
1.308875,0.442529781466436,-0.2797786798392807
1.309,0.5807598336658167,0.030434210108039653
1.309125,0.6531104109408259,0.1044558241372056
1.30925,0.7445489958703837,0.061755268547071196
1.309375,0.5797528041293066,-0.05740445633170342
1.3095,0.2223816240583545,-0.2808250679931834
1.309625,-0.14886845696091536,-0.2522148293091421
1.30975,-0.27847241006006995,-0.1095495997783137
1.309875,-0.16309479904841775,0.13776205078902104
1.31,0.05636225081857248,0.301682965063751
1.310125,0.22937125450510973,0.4228677342680768
1.31025,0.12649002929840947,0.4734843796661727
1.310375,0.008434125800993066,0.6240174855753184
1.3105,0.08222151909910497,0.6843033904416048
1.310625,0.2853667358430903,0.47963013009389405
1.31075,0.33943332052569264,0.15617222072967168
1.310875,0.24959222366208217,-0.1494931527989615
1.311,0.12398725508543715,-0.23914750822088743
1.311125,0.06183458932157144,-0.1629652407176609
1.31125,0.01136303352564349,0.05966219431348409
1.311375,0.01597246694478405,0.17950448371909292
1.3115,0.06447253279911343,0.16734244244488883
1.311625,0.1369549897164406,0.03554163054074885
1.31175,0.18418454961919523,0.07382962969159801
1.311875,0.16087016477512753,0.25650038227365524
1.312,0.12101758642608818,0.2783525883507302
1.312125,0.2292664205587718,0.2090563073037646
1.31225,0.21936913683622736,0.06464222776747729
1.312375,0.17442060725136718,0.017790873082785544
1.3125,0.024515790290503218,-0.014018564947000099
1.312625,-0.041942789039517585,0.014553504588247427
1.31275,-0.23081603968618547,0.14289037151121178
1.312875,-0.34202610153033447,0.18034235868774226
1.313,-0.19301388434962793,0.09619332627602853
1.313125,0.18338780382229145,0.11621204757816196
1.31325,0.2615070327793652,0.12926416915485436
1.313375,-0.03499672251427302,0.14298099979345705
1.3135,-0.3780492246710836,0.21560498998845246
1.313625,-0.49229961277149475,0.12323069214367627
1.31375,-0.25975219869929295,0.03422818204900384
1.313875,-0.014160108250347553,-0.09271309937297602
1.314,-0.1295955538536708,-0.17614896971916172
1.314125,-0.2893356318173936,-0.27599341901764063
1.31425,-0.20245840683520852,-0.10822517383239152
1.314375,-0.014270138196571006,0.13989155467347436
1.3145,0.06188285802154268,0.2535546053302957
1.314625,-0.007376712266768112,0.0025484688066325254
1.31475,-0.0661166587143221,-0.3693084183295114
1.314875,-0.036017014451118906,-0.43185282284548754
1.315,-0.13734600520095053,-0.1988191756092752
1.315125,-0.41023782466240133,-0.03473829848005664
1.31525,-0.6123091925545137,-0.11079015188894531
1.315375,-0.3698589690578833,-0.2195729426648252
1.3155,-0.13902871601377967,-0.20479675588802193
1.315625,-0.15479106401858603,-0.0002219708870925711
1.31575,-0.41992827741276606,0.06968320785301978
1.315875,-0.576215408880541,-0.03839752160911033
1.316,-0.42178267787035945,-0.049130612801893195
1.316125,-0.19224807320026321,-0.005116581428344664
1.31625,-0.03593148511544852,-0.1417057188805338
1.316375,0.018766311374997808,-0.3711230413384256
1.3165,0.08707875092313362,-0.5186637369371332
1.316625,0.22501135978993161,-0.31168160752464497
1.31675,0.2212899138849248,-0.12752851854306171
1.316875,0.17370555855762987,-0.18145681561277346
1.317,0.09251319469781323,-0.40558343298448907
1.317125,-0.02813798607499125,-0.5325853510099523
1.31725,0.0013784288969570149,-0.36219568881635456
1.317375,0.13079064863686798,-0.19904356235346068
1.3175,0.22015195145171657,0.003487975045001377
1.317625,0.31495262105031474,0.041333679794698694
1.31775,0.47691034134307203,0.1156520828827566
1.317875,0.5330080923251357,0.2051093362662297
1.318,0.5088660717423279,0.18942454148994373
1.318125,0.3683859822505104,0.16384487191568325
1.31825,0.14014403530443528,0.06946805564874295
1.318375,0.14390397891075976,-0.015921087968808267
1.3185,0.13124365495707782,0.039040879832532197
1.318625,0.21531416461810904,0.0578326296451123
1.31875,0.05611824760590143,0.17647531772058522
1.318875,0.1065389086113923,0.32083316493840575
1.319,0.2178207304010401,0.3898556354689249
1.319125,0.34252128689070227,0.5016587111543996
1.31925,0.10764273352910808,0.47196510269423964
1.319375,-0.17387865649697443,0.3303031961863514
1.3195,-0.25388868873907156,0.14185339369536776
1.319625,0.08674722130017058,0.09772533617263532
1.31975,0.46152230194697413,0.1727184727583434
1.319875,0.42716334888784835,0.16707845144801944
1.32,-0.009865951377431691,0.08192428200849908
1.320125,-0.41831911024420826,0.09965414635621452
1.32025,-0.3808146062685325,0.180063755846686
1.320375,-0.02177695090611028,0.252521632107136
1.3205,0.22074165584418534,0.0924139105441688
1.320625,0.1697882319376036,-0.1451567989427886
1.32075,0.1170040338849209,-0.2479052823975197
1.320875,0.10344407265564538,0.04249892458341399
1.321,-0.036965902574953906,0.4261365734580363
1.321125,-0.37245412116737975,0.4192357518382881
1.32125,-0.5433111833180654,0.00902852252231981
1.321375,-0.38108429429955637,-0.30086365905280343
1.3215,0.031572197660792084,-0.29590092546126534
1.321625,0.251770167207008,-0.00925338164630252
1.32175,0.22756375048340335,0.1907911168935901
1.321875,-0.05075903339023384,0.12840522589528475
1.322,-0.09085360137809963,0.09168003461841262
1.322125,-0.17896144614705997,0.03090552329459348
1.32225,-0.041555371506845545,-0.09141237312001722
1.322375,0.16305632186342178,-0.34281452276718827
1.3225,0.2879995633667142,-0.49104482591075566
1.322625,0.26449622324895744,-0.3416375261323818
1.32275,0.07039786150273386,0.04543665742842523
1.322875,-0.1353421548455469,0.28715218907803247
1.323,-0.09342332717869553,0.20995647654887167
1.323125,-0.1366961080371047,0.02584951171381116
1.32325,-0.20702670546788648,-0.1479372906618548
1.323375,-0.3793242095051499,-0.17521714169497737
1.3235,-0.46539563603961215,-0.037270723904565234
1.323625,-0.45073791155116566,0.1548383699433665
1.32375,-0.3116079593249062,0.26899479238380447
1.323875,-0.26694787042615514,0.2709053596131159
1.324,-0.3840368709968018,0.07009481097035486
1.324125,-0.4431313702404107,-0.1224562880520203
1.32425,-0.27072072870422326,-0.1575087154255123
1.324375,-0.013697447488998508,-0.10283265362505173
1.3245,-0.02163517788730783,-0.1700359532131319
1.324625,-0.42210211338272363,-0.3049980742682844
1.32475,-0.5844048394397852,-0.46299361977417536
1.324875,-0.46882645979408794,-0.3926412975089621
1.325,-0.23280867201521166,-0.25533248338815606
1.325125,-0.04713557804777113,-0.19262190138532176
1.32525,0.04691164260024914,-0.34448874039428995
1.325375,0.27067685435690747,-0.40068626984481337
1.3255,0.5296042409655539,-0.2513505682624504
1.325625,0.5798361815846146,0.005246138405658652
1.32575,0.41777005416536095,-0.07069078333558942
1.325875,0.16994490731877782,-0.37635054839522153
1.326,0.07713132512354148,-0.5387605041134266
1.326125,0.08878627229704393,-0.4399978328883936
1.32625,0.17859858554104943,-0.18639821422418948
1.326375,0.28530724952130887,-0.02295945151235871
1.3265,0.42741507540067153,0.048208154468838645
1.326625,0.37424126627622456,0.19296172807334425
1.32675,0.339286622525995,0.47001576831827724
1.326875,0.32475364982284044,0.5311337865413542
1.327,0.37084837731114895,0.37125445769165694
1.327125,0.4430197639755935,0.16113075347354025
1.32725,0.3567172579527611,0.08711483663223625
1.327375,0.0664897243164692,0.062050757737354696
1.3275,-0.06765230967347176,0.1871148574438786
1.327625,-0.0917133517027336,0.24712110437714224
1.32775,-0.023703216547827703,0.3683283321145421
1.327875,0.059085773133118934,0.36169512983426355
1.328,0.12697303172769417,0.32974205240008214
1.328125,0.27145530002792245,0.2544420635512348
1.32825,0.3759739589906137,0.27297295779593733
1.328375,0.16274784933796724,0.41445505582279274
1.3285,-0.20357369576758733,0.27682105487464626
1.328625,-0.3279373698600204,0.11204945438510075
1.32875,-0.17007875878951345,-0.054152896753235535
1.328875,0.14543128107915596,-0.06406364428704775
1.329,0.31024458677550737,0.00712371089967943
1.329125,0.2318158797968861,0.0935583965050186
1.32925,0.0127188264013722,0.12011547539783587
1.329375,-0.16632711701232475,0.2314660072550752
1.3295,-0.08796630203757456,0.2900469458890821
1.329625,0.09491612664057501,0.1953913830797376
1.32975,0.1712322210266151,-0.18145687696412743
1.329875,0.1595125806563186,-0.28001900997701307
1.33,-0.13321151444422633,-0.12159167718987844
1.330125,-0.21934851102211453,0.17597897089412223
1.33025,-0.3532985137074569,0.3070177521525776
1.330375,-0.4334478820136093,0.1581562680944112
1.3305,-0.45879003127658763,0.0049476374963493795
1.330625,-0.48054048409860445,-0.09897553286444401
1.33075,-0.21513742275177458,-0.05014964272986881
1.330875,0.1916879003950592,0.05108692314486647
1.331,0.29979311815590937,0.17323314668377146
1.331125,0.04792209583028981,0.11928199935229855
1.33125,-0.16481713978858042,-0.030168534853063807
1.331375,-0.08763679555674272,-0.23261254239085188
1.3315,0.08921200248137827,-0.3297051511274422
1.331625,0.03909812695283677,-0.34544692719546954
1.33175,-0.15124306599695117,-0.3303329361721644
1.331875,-0.4017794504666596,-0.3911620672231949
1.332,-0.42566207355193203,-0.20795912950051762
1.332125,-0.4733408592513466,0.16589523905751025
1.33225,-0.538714512120314,0.2868204606889079
1.332375,-0.5207841135505799,0.03357169921695684
1.3325,-0.4573306218276423,-0.2118561160658678
1.332625,-0.33835129696370286,-0.12039252062565695
1.33275,-0.21612811168924867,0.08055725900902617
1.332875,-0.1783846362569241,0.018199344023763216
1.333,-0.016636314074963538,-0.18310838004267235
1.333125,0.15969636714738675,-0.38642065130430103
1.33325,0.31309166269214966,-0.3985507719668016
1.333375,0.31038536221987256,-0.45579057444683346
1.3335,0.19129702836918094,-0.4936519727933515
1.333625,0.09717649792824164,-0.5435633026144171
1.33375,0.14269287948661133,-0.46903121844859436
1.333875,0.2546292304938053,-0.31935674861927565
1.334,0.3927814731131523,-0.25143940125820724
1.334125,0.5712290715316549,-0.20253932674613445
1.33425,0.620608855411015,-0.06557351921948516
1.334375,0.5660725601763662,0.1691176915583817
1.3345,0.22183535704994486,0.2578201086906079
1.334625,-0.023064037256943934,0.24131021128396493
1.33475,0.05452847918532412,0.11332667049465005
1.334875,0.15533205746643394,0.09316649738993521
1.335,0.10558590282813325,0.0939791672220582
1.335125,-0.0877637682469058,0.22391836346894792
1.33525,0.04736360198654356,0.3586433309254391
1.335375,0.32620202922474256,0.4956265654181528
1.3355,0.3194380101129925,0.5996506086975137
1.335625,0.02541179880426484,0.4544045790827375
1.33575,-0.18622700391990604,0.19143965389402803
1.335875,-0.07295571656357454,-0.026232182371331784
1.336,0.15544646240025514,0.020260993390773224
1.336125,0.03046446361869606,0.12751912913828067
1.33625,-0.14826569658564137,0.10001581550827991
1.336375,-0.17738327303358767,-0.057726763755406495
1.3365,0.07052791161202089,0.02953182706041901
1.336625,0.28410274145668135,0.27114984854358337
1.33675,0.15391734864915152,0.28130515210400614
1.336875,-0.02539785315143695,0.03643249894954398
1.337,-0.021347312469371136,-0.16710816522612215
1.337125,0.24836631679454846,-0.04219862410602917
1.33725,0.3670782620143967,0.12523036403704862
1.337375,0.24731288896445905,0.06265166309318669
1.3375,0.09144865710532453,-0.16738649104629
1.337625,0.10628724943939688,-0.09010707351902322
1.33775,0.10861338690919753,0.08123919772206942
1.337875,0.03488978103318686,0.23972521193407928
1.338,-0.16507101089420045,0.15669693524264577
1.338125,-0.24789120231399803,-0.05386122005496733
1.33825,-0.17833101396796172,-0.006067513920621639
1.338375,-0.17554750867047428,0.2339578658309122
1.3385,-0.20160457519347885,0.357222407285577
1.338625,-0.18907576478497976,0.2457503018240935
1.33875,-0.21563140563111252,0.08128937227607343
1.338875,-0.21545689767824386,0.09942074847411117
1.339,-0.22562501117564251,0.172050453135367
1.339125,-0.026417291252273423,-0.016126403092548765
1.33925,0.15132981623466943,-0.12070287273565478
1.339375,0.27357880611150165,-0.18337409727722587
1.3395,0.09237453830325884,-0.1279405160396232
1.339625,-0.07467569140044893,-0.18260866873502196
1.33975,-0.20664322145599925,-0.19405859666544706
1.339875,-0.2661133637642519,-0.1616189537066689
1.34,-0.2798887732953302,-0.12422339537190895
1.340125,-0.291142010285059,-0.1540328931559662
1.34025,-0.3189365722185654,-0.16396784477801266
1.340375,-0.3755712844488541,-0.032768708849931515
1.3405,-0.46671212654649685,0.14031069593088794
1.340625,-0.5122367166335944,0.21919209496173897
1.34075,-0.48463552879730804,0.14557302464696972
1.340875,-0.38036561294450455,-0.03578505451647327
1.341,-0.15752070347907765,-0.20392290922597234
1.341125,-0.1278733274452318,-0.24250800645622392
1.34125,-0.2268505642252765,-0.2347778603207528
1.341375,-0.44842434056153213,-0.2739320003922779
1.3415,-0.3950915975375212,-0.29713955181987045
1.341625,-0.03311786401678949,-0.29193672522687597
1.34175,0.3780576483612063,-0.3942527901338078
1.341875,0.4715446676161319,-0.4610923631804788
1.342,0.3341220304259348,-0.43955291163698695
1.342125,0.1472832656389461,-0.35116915031689777
1.34225,0.09348256547179652,-0.17045303802581555
1.342375,0.009573587066779968,-0.06095677612875955
1.3425,0.08594366398387518,-0.18793327112300307
1.342625,0.15053283817517113,-0.3851702074049985
1.34275,0.38285815931095724,-0.37392693378389386
1.342875,0.645937533891511,-0.004837223138437904
1.343,0.6029543923056235,0.31769517302408823
1.343125,0.31212933690131495,0.44252874960047467
1.34325,0.1325488611468048,0.31110663876695455
1.343375,0.2676920519764658,0.15604781989503586
1.3435,0.38251127765497633,0.055298929095693554
1.343625,0.39872025472347944,0.05591956782150476
1.34375,0.11130541223712927,0.0697636541478304
1.343875,-0.007624230713436238,0.1401188681586493
1.344,0.05891581126563657,0.3162711989813781
1.344125,0.2996928514907469,0.5514099611559825
1.34425,0.2039415433705955,0.5252539450263406
1.344375,0.029456222342388053,0.24254593024164556
1.3445,-0.037518909703939236,0.10677424464502352
1.344625,0.04342228447142403,0.25746218792339043
1.34475,-0.0021793196751924157,0.39673727499981354
1.344875,-0.08244199303329812,0.36996107442818943
1.345,-0.11613196113238292,0.10696069981157086
1.345125,0.045879463907340684,-0.0345050040956198
1.34525,0.34248689884744943,0.11153094486275422
1.345375,0.3263370031332033,0.2107876258706351
1.3455,-0.12201060779857056,0.17439323297583417
1.345625,-0.3070323460080558,0.09794904366641592
1.34575,-0.20952623899091055,0.012525788238689854
1.345875,0.06018619700267806,0.0389930698890906
1.346,0.14725080046633593,0.0016088495156555056
1.346125,0.014760277258938753,-0.1028894621534573
1.34625,-0.07698139991622063,-0.14391931893590423
1.346375,-0.13517919891936403,0.07468141659753816
1.3465,-0.18021811852227249,0.24498291688183552
1.346625,-0.20594469835203874,0.23840273256558203
1.34675,-0.17547688518900068,-0.10321858044493691
1.346875,-0.1377144482461213,-0.31660006203593494
1.347,-0.1337417930035276,-0.20753504598940667
1.347125,-0.1531493026016908,0.05200092593857866
1.34725,-0.13485461265542803,0.11388417837127661
1.347375,-0.07119410352602798,0.09570999829077516
1.3475,0.06320913351615194,-0.08510975815253496
1.347625,0.025965925494701888,-0.14069826250070286
1.34775,-0.003709232385957363,-0.15561586370969188
1.347875,0.011861459517651178,-0.15955166108511873
1.348,0.012315865831144085,-0.14128473509939954
1.348125,0.03160730632452727,-0.1607166553959497
1.34825,0.018136045058314856,-0.07910455237838133
1.348375,-0.16888505636608098,-0.12171007937609221
1.3485,-0.42117908720833874,-0.09858476046014909
1.348625,-0.4981587605917623,-0.010599808709286883
1.34875,-0.3953148506286896,0.04693019028651667
1.348875,-0.19017567423482273,0.05184383266300461
1.349,-0.16834649550990624,0.036156709327716585
1.349125,-0.2613628489717161,-0.008497739072395656
1.34925,-0.38324313952602873,0.05648605259458177
1.349375,-0.2453841772348808,0.08265695595474708
1.3495,-0.07009366709200898,0.031502009646742324
1.349625,-0.07583809867415292,-0.16056046258637777
1.34975,-0.17864451900988768,-0.36112626884987337
1.349875,-0.09322340385305093,-0.4421976007016664
1.35,0.08866164248377825,-0.39132093648787314
1.350125,0.18395540041484837,-0.1781276168168196
1.35025,0.0364786776417726,-0.1321547103990939
1.350375,0.01802676125689019,-0.2711652614416223
1.3505,-0.08979524506127963,-0.3062774579426198
1.350625,-0.0693046460984201,-0.2661821208253517
1.35075,0.049972332428532655,-0.1312465512257936
1.350875,0.2573320326879271,-0.14135661966148813
1.351,0.4894956944789178,-0.1468304782118735
1.351125,0.47703556330899755,-0.0864403414155056
1.35125,0.3279466025783202,0.08647315174026282
1.351375,0.17157940591360576,0.14089407206429885
1.3515,0.2036695248440122,0.06497974636183147
1.351625,0.297935863034162,-0.06504301628886511
1.35175,0.33372602403293145,-0.06418075524846327
1.351875,0.21348888166510058,-0.07847786083295938
1.352,0.09509527469405046,0.04302899016989218
1.352125,0.08404455745167456,0.19607329434449725
1.35225,0.1987128326775815,0.36344545514074655
1.352375,0.0893127873823601,0.47243664350963743
1.3525,-0.042388754717157834,0.31695749707755205
1.352625,-0.04391411912116295,0.12789204119094652
1.35275,0.10339835944410787,0.14778354844202443
1.352875,0.21704940290055824,0.3244186027645333
1.353,0.2695815020834008,0.3385554356216204
1.353125,0.19705855039174508,0.1855905879537165
1.35325,0.2692550843009226,0.05525246368536092
1.353375,0.4092369985572174,0.07654961820342765
1.3535,0.3163387709726013,0.16235562616732863
1.353625,0.12821327407563302,0.1285388286156053
1.35375,0.02443008474513101,-0.027632401082962034
1.353875,0.02294439233753365,-0.07233589678032011
1.354,0.08596802879959232,0.1001501676637397
1.354125,0.17172570436721488,0.1711888793339633
1.35425,0.07614768485466111,0.21168361615356932
1.354375,-0.11778801388305936,0.19412667116887591
1.3545,-0.3532420447634927,0.23234750715160413
1.354625,-0.39472553447799846,0.3440907369399452
1.35475,-0.3702690765009681,0.27331303864001855
1.354875,-0.33065592263583043,0.12223216777518216
1.355,-0.2230951541034367,-0.00511112510752605
1.355125,-0.19278740734025598,0.0038893310574646344
1.35525,-0.03446045267367398,0.06721556643001744
1.355375,0.0633138745446268,0.09365611024965595
1.3555,0.2433816140812117,0.05759880686987654
1.355625,0.0396687474698675,-0.09992584068841096
1.35575,-0.12987805685321782,-0.28299709985268284
1.355875,-0.22363263711653977,-0.3315992120046149
1.356,-0.0805742180203699,-0.2996003201500237
1.356125,-0.04446763512029664,-0.2568564323027505
1.35625,-0.08711937266473596,-0.2579595435492029
1.356375,-0.1909898320693014,-0.23062271627183797
1.3565,-0.2858053984636102,-0.04836636347759279
1.356625,-0.34929343893159315,0.09731077546868616
1.35675,-0.44689781484851504,0.19784590465028126
1.356875,-0.33470682354549397,0.07312427236685194
1.357,-0.35904609885877325,-0.14645107068584326
1.357125,-0.3359921090722652,-0.1800305679356518
1.35725,-0.3834384549434508,-0.07376076909079728
1.357375,-0.42198163589571663,-0.010564632286085073
1.3575,-0.43092340809565965,-0.07645284112749696
1.357625,-0.23763743369126214,-0.17256992312059588
1.35775,-0.02922381992676558,-0.283045638831753
1.357875,0.04440946989186743,-0.29941101889546295
1.358,-0.03917721199233344,-0.3712836052692808
1.358125,-0.05422663694942897,-0.3696134366857337
1.35825,-0.005658801902034,-0.3369717711532259
1.358375,0.1559293349850421,-0.2501940103168286
1.3585,0.22744212974674935,-0.3760273980067462
1.358625,0.20457607517182438,-0.4418852889518587
1.35875,0.16811662014831527,-0.35288614794900625
1.358875,0.40165342498415224,-0.18994096283533307
1.359,0.5805389916161141,-0.01497576695940664
1.359125,0.5619688614058878,0.06382666922406392
1.35925,0.3522369594189314,-0.04790437171724006
1.359375,0.09052009691490223,-0.08353460796909354
1.3595,0.12791443562202517,0.05437414221751627
1.359625,0.38151402522333766,0.11625219608507821
1.35975,0.41844879382423744,0.19282592719519626
1.359875,0.18233933178797404,0.18780032718933878
1.36,0.10634190825738965,0.15889639824051538
1.360125,0.07435948749426284,0.30394555599526024
1.36025,0.033050087053227595,0.5240297746946536
1.360375,-0.07204460299562968,0.5405086337266355
1.3605,-0.046129401744573556,0.23462421807373002
1.360625,0.008220225331108647,0.10071182182193184
1.36075,-0.11566613065120253,0.14648367914946445
1.360875,-0.3140515973979775,0.34627368969621425
1.361,-0.21629710614494402,0.32990517060220986
1.361125,0.051975182389222795,0.21552178690427606
1.36125,0.16378573668586396,0.12920610244032524
1.361375,0.0406418556199848,0.026389781649209073
1.3615,0.10636709073509101,-0.009508314294780433
1.361625,0.3115493561828209,-0.05104669877841586
1.36175,0.36375568496507643,-0.0393293471548439
1.361875,0.08953146349222854,-0.0228737517037403
1.362,-0.13527430243943034,-0.0913246001537592
1.362125,-0.10433959676445134,-0.22538583170254847
1.36225,0.267813520634888,-0.17752263406808483
1.362375,0.44161132594238606,0.041382595840588114
1.3625,0.3213408476400611,0.11182833669074949
1.362625,0.08018854576126447,0.04610351811688521
1.36275,0.09656736823483054,0.09742879762154705
1.362875,0.13309690417350065,0.2827421269833429
1.363,0.10378324315411216,0.3374421311349434
1.363125,-0.12950951087953966,0.111770033625439
1.36325,-0.3025596443065938,-0.20176171889045758
1.363375,-0.30885940012027896,-0.13711745554941132
1.3635,-0.08064476524114009,0.17666853046435102
1.363625,0.15818550464428924,0.4348843299598222
1.36375,0.019928271524613468,0.23719883259869906
1.363875,-0.2623178966072072,0.061535342139594926
1.364,-0.46229771733828023,0.04159953604119612
1.364125,-0.3769256018927661,0.13430709108613323
1.36425,-0.06843809634433383,0.11591953631881415
1.364375,0.07588300534818017,-0.10326815751661789
1.3645,-0.09213110901570391,-0.31862344581430085
1.364625,-0.2997923076766356,-0.2603121625597731
1.36475,-0.3851272668401736,-0.055832941681705626
1.364875,-0.2733575702935164,0.1341315426594963
1.365,-0.1471198363766568,0.039240495391134195
1.365125,-0.08940416015019648,-0.26590214478506313
1.36525,-0.22805277334392418,-0.43076839604152967
1.365375,-0.24692904691266468,-0.27531244705482766
1.3655,-0.30844203543012433,-0.06935938377178243
1.365625,-0.21842409286054104,0.06607682102162009
1.36575,-0.27875033967980645,-0.08682946913563501
1.365875,-0.27390385551195734,-0.26535518906814803
1.366,-0.22988905508511034,-0.35947294328766344
1.366125,-0.1794927594604417,-0.25035011449078903
1.36625,-0.1242751780984485,-0.1163483607002633
1.366375,-0.120597183789577,-0.06553728359329587
1.3665,-0.1423537735177868,-0.16298262232999364
1.366625,-0.13896631994226857,-0.22861561211138098
1.36675,-0.0036383224493366476,-0.26989875662915264
1.366875,0.1445942306539826,-0.18159001799973812
1.367,0.28356610549332056,-0.23126651024643582
1.367125,0.39862316751169674,-0.26240584375062087
1.36725,0.42522735547385626,-0.22098556674078226
1.367375,0.35967719043509827,-0.23412672623463487
1.3675,0.20965353191127062,-0.1382897674794441
1.367625,0.1319266715880784,-0.0988904719873631
1.36775,0.21352760767635173,-0.15788967949543678
1.367875,0.38774611050670915,-0.11095968644749626
1.368,0.43200811768011005,-0.01789287473775955
1.368125,0.2968365419742688,0.18830071110590096
1.36825,0.09863542380919568,0.243276885501936
1.368375,0.1250779870516837,0.3389710249956513
1.3685,0.20385439359707094,0.42126319927407285
1.368625,0.175097434564377,0.3520514393446852
1.36875,-0.04754391980001483,0.1708716023417469
1.368875,-0.22875458032198687,0.13317307269346626
1.369,-0.0765608450548474,0.1871954080410349
1.369125,0.15022322350523035,0.4037885689396016
1.36925,0.2995662971471763,0.40672425869024065
1.369375,0.3678852722301025,0.26813457790257483
1.3695,0.3826232771081697,0.0871956861412468
1.369625,0.26811859250079856,0.12809170641967296
1.36975,0.17703622679054548,0.14297956939379255
1.369875,0.0208939389715644,0.11679330809696337
1.37,-0.061664408097768596,-0.08836339069329494
1.370125,-0.08829103131976639,-0.15534737134835316
1.37025,-0.21914112116076534,-0.005891852386117615
1.370375,-0.22527478827403516,0.10417166328093395
1.3705,-0.07801038870198604,0.28097756723793815
1.370625,0.14063361163949642,0.33642771725071674
1.37075,0.21682238990208091,0.30302384482297684
1.370875,0.1669148370152735,0.2382678083896228
1.371,-0.005623283446559242,0.11612200044933679
1.371125,-0.05051840978592612,-0.0024419220420140637
1.37125,-0.10996709795743259,-0.004651238801963611
1.371375,-0.0029528855619972783,-0.16392420872274557
1.3715,0.08768241983230313,-0.14939821906519601
1.371625,-0.024291656589508444,-0.21248900695687764
1.37175,-0.26260017146267195,-0.0903439815533053
1.371875,-0.36271326199652665,0.09939441785770006
1.372,-0.19814492535719264,0.18550601934058175
1.372125,0.043203882185145676,0.18602729829269085
1.37225,0.13681100872723262,0.08623243834570515
1.372375,-0.1234201918192055,-0.07852217561568064
1.3725,-0.30091483576270806,-0.07040051288774019
1.372625,-0.13716451116414882,-0.030717432856933027
1.37275,0.045977961034496244,0.09973663470941459
1.372875,-0.058920210577947746,0.0017535070867551687
1.373,-0.35903081483519794,-0.2446202194427773
1.373125,-0.39189175570641976,-0.36064565882013405
1.37325,-0.18749127656555217,-0.2211540601003606
1.373375,0.1589355713516015,0.1097905343989249
1.3735,-0.00879074569304002,0.16464730877669476
1.373625,-0.4762780336816405,-0.0767269452664206
1.37375,-0.6855722016806588,-0.24624550465540362
1.373875,-0.44787607856902345,-0.13031312219557084
1.374,-0.06976815501517403,0.020361179417990333
1.374125,0.21356010543688944,-0.050005089119291295
1.37425,0.05456991918042238,-0.32795285221509174
1.374375,-0.2590361163384678,-0.4032352910233402
1.3745,-0.44236423303808664,-0.13072194373657364
1.374625,-0.5677021398728007,0.15585145449718252
1.37475,-0.4545320006543263,-0.05307356892273796
1.374875,-0.30606138639918934,-0.4192476547906706
1.375,0.012408590874455491,-0.6158651756346714
1.375125,0.3289280523572064,-0.4113151455290194
1.37525,0.522146472178413,-0.05014177905060479
1.375375,0.46572057695944785,0.1317325128645273
1.3755,0.27010502183580243,0.05939895212160328
1.375625,0.22851479293642932,-0.23552539187363372
1.37575,0.440138686459702,-0.47231095669646517
1.375875,0.49761844519534,-0.5005393208200707
1.376,0.2578280466352899,-0.4216178740384513
1.376125,-0.07724019910603563,-0.2459567043646743
1.37625,-0.2413383797159494,-0.019513722510701915
1.376375,-0.17520030808875073,0.2651685514180266
1.3765,0.19649220254414826,0.529164964127263
1.376625,0.4557905256073256,0.4187108922734435
1.37675,0.49172518422842115,0.2058266870100166
1.376875,0.33591792487619043,0.1994366449171543
1.377,0.13593992704433353,0.32988503379347534
1.377125,0.162666426403087,0.40789671378357056
1.37725,0.3053833011848995,0.24256404259833672
1.377375,0.32982488335352184,-0.05734817568670749
1.3775,0.18077808528690933,-0.23512615618320074
1.377625,-0.031591757149832665,-0.16072152760626499
1.37775,-0.14428687165981918,0.16108057624266864
1.377875,-0.10384649158818991,0.39108015034150434
1.378,0.014769577456934722,0.47594672057186577
1.378125,0.2540191095948552,0.26383003084352935
1.37825,0.42833715979857034,0.13337282711065676
1.378375,0.33837541843792834,0.17757093610075692
1.3785,0.0705960755782853,0.2751947950813288
1.378625,-0.1739629787385767,0.2690742994901119
1.37875,-0.2547528452612757,0.12838374728898375
1.378875,-0.05859368538566473,-0.023621246077524864
1.379,0.032183956575925786,-0.10281672473137135
1.379125,-0.05535665893264418,-0.10667665571933185
1.37925,-0.12173985060343226,0.033904441820935556
1.379375,-0.19326323664484288,0.21021764411424454
1.3795,-0.2769962317278243,0.37727986322138435
1.379625,-0.20316649372852655,0.3019204598592683
1.37975,-0.10153712036904318,0.07375564837515583
1.379875,-0.008904929902850096,-0.16648013769926856
1.38,0.03450315896021798,-0.2035042556010747
1.380125,0.033936676833342706,-0.1180627837883576
1.38025,-0.018313867027259425,-0.06590404859174664
1.380375,-0.09061767091176183,-0.05693469587785834
1.3805,-0.22084679704899773,-0.15575054911486183
1.380625,-0.17282516949208845,-0.18735843526044083
1.38075,0.0010223191184974435,-0.22901820141009147
1.380875,0.2581684925335511,-0.18427522786257902
1.381,0.1638473350454471,-0.16179776859700543
1.381125,0.0016235310426802115,-0.004349883772185918
1.38125,-0.15033565488905273,0.009805982684627373
1.381375,0.013205993422276336,0.057135437860091884
1.3815,0.19704232885357686,0.03495124040534687
1.381625,0.22984917755082795,-0.06299103042280292
1.38175,-0.0267705065617221,-0.22127548508737493
1.381875,-0.36746743318349745,-0.1973898556536357
1.382,-0.5360194668761091,0.010508548536440024
1.382125,-0.44491830423039797,0.2273385519224067
1.38225,-0.35064748767056997,0.17530256072944328
1.382375,-0.37622166785476424,0.022834224846470966
1.3825,-0.5021348823976662,-0.1519304876922507
1.382625,-0.5335498959307349,-0.017437571830220818
1.38275,-0.373988978056315,0.13265972759224084
1.382875,-0.34141177757674634,0.19104931181662954
1.383,-0.3553099689416135,-0.05967490053119463
1.383125,-0.280218469573307,-0.36007877426132107
1.38325,-0.08526622792254245,-0.48096480501471167
1.383375,0.1063062722169536,-0.3977799277295593
1.3835,0.16772408094160918,-0.26723669097513986
1.383625,0.2285386246223783,-0.3151173939106598
1.38375,0.22494947600926424,-0.4330063716421871
1.383875,0.17281187861978545,-0.4657511027106794
1.384,0.08641603252421555,-0.3294306832801942
1.384125,-0.08987262975077022,-0.30841207030246726
1.38425,-0.09817077680838726,-0.30824491544328225
1.384375,0.2075368356283622,-0.25608476951062015
1.3845,0.5468338440338809,-0.06846360701838045
1.384625,0.6792130705272267,0.08221966978927987
1.38475,0.5937184163792386,0.18738437688940365
1.384875,0.4204999539843172,0.15117600492366723
1.385,0.3384555652261716,0.24774910695911045
1.385125,0.2460422056669872,0.19492157121405765
1.38525,0.2604493033748733,0.08687400047398756
1.385375,0.22422464445602422,-0.08879583263015078
1.3855,0.03622540192559697,-0.04686674125750705
1.385625,-0.17096269238210732,0.2096666974076337
1.38575,-0.36645424136996047,0.46430920432326117
1.385875,-0.35508189724801814,0.6182796019594168
1.386,-0.011886269891158312,0.5614547065683254
1.386125,0.3348925759802964,0.41541505163548137
1.38625,0.43608466070926266,0.26651794462704825
1.386375,0.32516407260601704,0.2515451536767747
1.3865,0.07921149476006335,0.22443645763020115
1.386625,-0.12032610064401543,0.200574920871161
1.38675,0.03704763030725538,0.04450627799389375
1.386875,0.34406101222767244,-0.15553953348216865
1.387,0.5765596938491471,-0.341894997202874
1.387125,0.5380769640400683,-0.3232622754997689
1.38725,0.0931195569334031,-0.02924473032425538
1.387375,-0.11857915288197388,0.30464613460694573
1.3875,-0.1447045591171736,0.3819913033298356
1.387625,0.02691344261851399,0.24206494612657117
1.38775,-0.021807454513445415,0.07509937679581756
1.387875,-0.14354843729475839,-0.06910329431825923
1.388,-0.11665383643333503,0.011229463958528656
1.388125,-0.05598088858080821,0.30809567290406253
1.38825,0.052271062027533205,0.565195923325804
1.388375,-0.06452682665921657,0.4376950082816411
1.3885,-0.05286931455735872,0.11902659704617284
1.388625,0.05398981680810208,-0.12248758858778286
1.38875,-0.06363249790408942,-0.12952814521114775
1.388875,-0.46010588780457334,0.033373676926823866
1.389,-0.73940216464954,-0.0019883880559286816
1.389125,-0.5629593644706797,-0.17211870796966053
1.38925,-0.12345591753462802,-0.13133581701171285
1.389375,0.02885309264355125,-0.001151261020721816
1.3895,-0.10019699656376121,0.031234576444234
1.389625,-0.3042089784738908,-0.015626566790368522
1.38975,-0.2979294311717949,-0.049838719823267034
1.389875,-0.2675887801566614,0.03516294898217946
1.39,-0.20288665644010492,-0.08282030603925199
1.390125,-0.13733249448510382,-0.4024669520790298
1.39025,-0.17503687003800195,-0.6720195380455513
1.390375,-0.31370749454111024,-0.47038789409987497
1.3905,-0.3660863670235573,-0.12443960585735127
1.390625,-0.35469090134021314,0.05467251488549764
1.39075,-0.14454391337830608,-0.13902844812957538
1.390875,-0.07113655051201827,-0.2810988149492986
1.391,-0.2321165877879982,-0.24929617954622071
1.391125,-0.40100043838494803,-0.2232354417793186
1.39125,-0.3348553317774548,-0.21029921015354955
1.391375,-0.22801680690074558,-0.16841637677712593
1.3915,-0.14468642622573202,-0.1567813742093851
1.391625,-0.01701935082958191,-0.2721261875858537
1.39175,0.07749419471053232,-0.3555878942249547
1.391875,0.4039680729559719,-0.36928931635962525
1.392,0.5195365147697398,-0.11866051106462862
1.392125,0.4606830784757251,-0.11571022901906038
1.39225,0.2377982818653997,-0.20748966715879946
1.392375,0.13565098099398015,-0.32134363381606745
1.3925,0.4224384854734712,-0.3371729127597783
1.392625,0.8320008188705532,-0.18512118731121097
1.39275,0.9040739561781624,-0.13805799793449303
1.392875,0.5575120638289283,-0.09526903575275585
1.393,0.21692727785375115,0.07359066661446026
1.393125,0.13456289731185225,0.35907638230366745
1.39325,0.1826411330536954,0.5418293507860201
1.393375,0.17771875710306045,0.45669245110384993
1.3935,0.04171334947846765,0.19217324836274802
1.393625,-0.24486147980412376,0.16838609899255355
1.39375,-0.3232045549341655,0.3588264251523182
1.393875,-0.21416114493077545,0.7844712625088793
1.394,0.03610595623991415,0.7718986587617891
1.394125,0.1470531095046388,0.5046104994976786
1.39425,0.1401782044872231,0.22224951920947522
1.394375,0.05169505311472953,0.11869048244361587
1.3945,-0.08000443698298584,0.22324083648239468
1.394625,-0.17038318259496593,0.20306272880672202
1.39475,-0.032504718589160986,-0.004497737589069116
1.394875,0.05184488669827074,-0.20995593931258258
1.395,0.1540748278254552,-0.3038732898166568
1.395125,0.2159953247652482,-0.1786831183610387
1.39525,0.12330927807980462,0.04634555195932571
1.395375,-0.025661628362444462,0.13623062761106347
1.3955,-0.21881517802474248,0.14767839017898512
1.395625,-0.0353538560066261,0.030290930703200034
1.39575,0.21654026166676943,-0.07693640660811107
1.395875,0.3685736053171224,-0.1637357783766551
1.396,0.20155665187915778,-0.015937191637836207
1.396125,0.009739803284163767,0.039591425617223265
1.39625,-0.04575271709037369,0.10797520668748141
1.396375,-0.05703583585224719,0.18020081842923583
1.3965,-0.03440103222653335,0.1400838266326292
1.396625,0.029914007657745253,-0.05818777886916555
1.39675,-0.06854912267110251,-0.19672474045161015
1.396875,-0.32298483407024353,-0.07668202356230265
1.397,-0.49011542770887634,0.18746004272611996
1.397125,-0.5145089801958531,0.32371874446354654
1.39725,-0.18436437209559173,0.19637243314273994
1.397375,0.14091624959218688,0.007252378950463314
1.3975,0.38011998139266534,-0.04571616256753158
1.397625,0.1986932135173392,-0.05166681662505275
1.39775,-0.06618547237252871,-0.02502536643099461
1.397875,-0.16816563951882618,-0.03475716806602145
1.398,-0.14801894410795347,-0.07176876970369318
1.398125,-0.11046044895717744,-0.26666582467532596
1.39825,-0.21511308060920606,-0.4802035519702719
1.398375,-0.30242974203711076,-0.416544380891949
1.3985,-0.27870094072332385,-0.16274396823112533
1.398625,-0.2743118122499789,0.16707484672658546
1.39875,-0.34029466317706925,0.2875230577352487
1.398875,-0.4033727288138895,0.18440242271611024
1.399,-0.3336623953855755,-0.04592442566878148
1.399125,-0.30822327573550284,-0.133287526095522
1.39925,-0.2812399213129226,-0.13709234693361114
1.399375,-0.2086652319044099,-0.0846222145553793
1.3995,-0.005023010498236323,-0.17621029824111356
1.399625,0.13077642794946603,-0.3081221019981171
1.39975,0.030794649278216613,-0.2603027207992955
1.399875,-0.20598997850240747,-0.20379406567036726
1.4,-0.2912034671037556,-0.30661402608298816
1.400125,-0.1195406869240976,-0.3686419902711262
1.40025,0.16735403855711972,-0.3869139693089335
1.400375,0.15818958476805528,-0.31618941607213413
1.4005,0.11562574685382962,-0.30493363399452555
1.400625,0.16664794230769336,-0.21035093820006026
1.40075,0.3382554544469648,-0.029863244121646672
1.400875,0.23714315430348934,0.19466694896114986
1.401,-0.012519458589722716,0.08168568903371982
1.401125,-0.10866428845589127,-0.1893714978804164
1.40125,0.2195369619647793,-0.2668101755921191
1.401375,0.6352958980545481,-0.07127695580677752
1.4015,0.641828509346173,0.2122579990814116
1.401625,0.34164052031090025,0.1748816917008488
1.40175,0.1677893301172882,0.03928614901172636
1.401875,0.39362984963978703,0.1740470617225326
1.402,0.33843534083786414,0.26410656456783466
1.402125,0.09941930827938758,0.1783012101292577
1.40225,-0.17057360302296248,-0.03202878391122992
1.402375,-0.1580015747976582,-0.0698980109045968
1.4025,0.05359453357796604,0.18353090600584412
1.402625,0.10031542085848998,0.5198555766862148
1.40275,0.06623064267222206,0.5357106550306976
1.402875,0.03975239551023861,0.30849413201463916
1.403,0.12760117158238754,0.16610819141557853
1.403125,0.1173576772288834,0.3401212599754029
1.40325,0.02598461088970904,0.32497593092485527
1.403375,0.15787340957421786,0.07274824262806492
1.4035,0.40896279090694454,-0.12233694713405213
1.403625,0.4606821903633617,-0.154074458121845
1.40375,0.2484416581252086,0.06258414960279979
1.403875,-0.06501173829933551,0.1520936007482979
1.404,-0.002270547764638881,0.06510935568327825
1.404125,0.20721665415722096,0.026289237189824066
1.40425,0.16118880760708248,0.105013962793794
1.404375,-0.12267334309962571,0.08247204989316852
1.4045,-0.3556839125774003,0.06673069756397272
1.404625,-0.298391150025542,0.13817163084014333
1.40475,-0.22871056893483643,0.3364434923746612
1.404875,-0.35330524954729886,0.42616214648013245
1.405,-0.44772816458873144,0.20920118646635857
1.405125,-0.3472665215684225,-0.023077903170836734
1.40525,0.12479835118410244,-0.018369581181240466
1.405375,0.48305746021645435,0.17309315160078148
1.4055,0.5071765592145181,0.11332043571039306
1.405625,0.04659326598401859,-0.19044374580307463
1.40575,-0.4008204520942292,-0.3425447696193373
1.405875,-0.6158506791451125,-0.3005891413102929
1.406,-0.4301662377418352,-0.25443116364589924
1.406125,-0.17256756463614126,-0.30630966028274287
1.40625,-0.009633215409107849,-0.44044206968706506
1.406375,-0.05715505695710065,-0.34041539989087205
1.4065,-0.29349593625617026,0.038749602854891665
1.406625,-0.4574434033839138,0.41708227421619265
1.40675,-0.4425310777776808,0.3979540340673692
1.406875,-0.31544918265974237,-0.003017493723769618
1.407,-0.15414471747716255,-0.4187263302017345
1.407125,-0.11544847177480207,-0.5958780259280406
1.40725,0.011490843422730986,-0.38730215446462035
1.407375,0.03705048753742509,-0.19164367861512024
1.4075,-0.1470067110367874,-0.012807504970942199
1.407625,-0.35377236455822353,-0.05164429289133059
1.40775,-0.38142909844060313,-0.24226574614504262
1.407875,-0.2561606160766279,-0.3694838924271997
1.408,0.06581818929083091,-0.3747421524250213
1.408125,0.3880400975332393,-0.26178835697061076
1.40825,0.3214584454900276,-0.11154312799072391
1.408375,0.2073344594425418,-0.07935143313785814
1.4085,0.058034622931517135,-0.001370998397210355
1.408625,-0.00510220890346428,-0.013458147771270534
1.40875,0.01987425154961014,-0.14353722799058807
1.408875,-0.008962346787600894,-0.24527358684038994
1.409,0.09525885328964248,-0.3781311224171512
1.409125,0.22040384073083685,-0.22550771382663037
1.40925,0.23922877546288485,0.1165690648134776
1.409375,0.1584091330112084,0.3339495600644408
1.4095,0.15687096263344225,0.2958551952689899
1.409625,0.2591003209588257,0.20082067109366789
1.40975,0.3235034814989582,0.05046542216258469
1.409875,0.29516696901679335,0.04705472603229909
1.41,0.2780886351801896,0.018019984322157716
1.410125,0.33260998335060044,0.013584727811452672
1.41025,0.2504201660098485,0.11299963778515698
1.410375,0.1622115413843479,0.20112844838740282
1.4105,0.010847318734673315,0.16825542264507357
1.410625,0.025947416049074145,0.15628385362750918
1.41075,0.13233103796564344,0.12894024755073347
1.410875,0.1558399373322375,0.2652035909856851
1.411,0.048409508439851895,0.37143463088692313
1.411125,-0.03024180563031651,0.32868851488283424
1.41125,-0.10299392118310348,0.2756749753516615
1.411375,-0.1141565548413763,0.2915618212379193
1.4115,-0.24247442848413153,0.2785221306511498
1.411625,-0.32752616208092716,0.11187660567739247
1.41175,-0.13507870284870271,0.006013481091633881
1.411875,-0.01858384222342045,0.020318692848901816
1.412,0.07748179794367188,0.1246256497401888
1.412125,0.06802590372790598,0.14053793378154925
1.41225,0.1043976708140476,0.0303249435684935
1.412375,0.1606557611572636,-0.014081250900196289
1.4125,0.10630259222686436,-0.06761666052619746
1.412625,-0.04390804324413329,-0.12092833955216688
1.41275,-0.15513162763893926,-0.19678763341752045
1.412875,-0.10998685645872958,-0.2137598447308596
1.413,0.08223326284225489,-0.17069055713029113
1.413125,0.3600009092046187,0.033706178953358285
1.41325,0.39465244059178684,0.07869471982254185
1.413375,0.23479605875790938,0.08119753237357018
1.4135,0.06964235993830656,0.10633251161221584
1.413625,0.02982192864366664,0.1211139139511925
1.41375,-0.038482603468091944,0.09176494274543812
1.413875,0.013440971625203663,-0.04248428931878638
1.414,0.006794704140758163,-0.16777755387884483
1.414125,0.016972768306447086,-0.0875343669928182
1.41425,-0.08860128549788367,0.13170035397676338
1.414375,-0.09450248929342485,0.2846508626654322
1.4145,-0.1776996813833801,0.3246806119723382
1.414625,-0.0940348234919926,0.23414999688565444
1.41475,-0.09800092973748997,0.035785846421752456
1.414875,-0.17718062840108328,-0.0004242924068772976
1.415,-0.2654833590880249,-0.023940497718407918
1.415125,-0.31577839820108683,-0.036397428892080384
1.41525,-0.39612459731514565,-0.013331747160679499
1.415375,-0.48646048760720223,0.003253365783932783
1.4155,-0.5307197595734874,-0.07602145224182208
1.415625,-0.5384696968117719,-0.11561355751941566
1.41575,-0.6692811288976169,-0.08214176720059961
1.415875,-0.5850834292488661,-0.06680475149063576
1.416,-0.386841251088976,-0.08538753212537883
1.416125,-0.17004737896297425,-0.18004249519723098
1.41625,-0.05533815441853889,-0.2104786053188841
1.416375,-0.018104204643264378,-0.27168547626434486
1.4165,0.18279585658461175,-0.3418065455645127
1.416625,0.33493283397074325,-0.4846393260717457
1.41675,0.24866430268322412,-0.5565821038680527
1.416875,-0.17029477606002744,-0.5361669059026611
1.417,-0.4290072017996543,-0.5988866009360191
1.417125,-0.15830097989149566,-0.5486134408318595
1.41725,0.27530456974858786,-0.3294155033488767
1.417375,0.48547110875874855,-0.12575912119758162
1.4175,0.31953915409586414,-0.12224226712452851
1.417625,0.1281212421259328,0.018698226266681182
1.41775,0.17892843732897293,0.16881677971860326
1.417875,0.39098565785794015,0.34970190888531594
1.418,0.4892277480576139,0.19986253787249678
1.418125,0.5388161548307278,-0.14841587992134936
1.41825,0.41803863965729293,-0.3503772133601818
1.418375,0.30152707767910863,-0.16240353169513863
1.4185,0.1189504105818573,0.2809413567901417
1.418625,0.03313642867089828,0.4437216819014194
1.41875,0.08006273955008866,0.26287276335601545
1.418875,0.1098767720823903,0.10044768637296506
1.419,0.2413965870184463,0.17390588841613633
1.419125,0.23413663546757585,0.340881360701603
1.41925,0.2243535564428582,0.4601667119394668
1.419375,0.05741681729264417,0.42515497300395566
1.4195,-0.026496682615016982,0.40574732787170903
1.419625,-0.1275653875550593,0.2710406289291289
1.41975,-0.042159594603376295,0.13555780980569052
1.419875,-0.006399784209543337,0.09037771170004799
1.42,0.18532604959081386,0.02233567271176582
1.420125,0.43167288028433154,0.17311090905934
1.42025,0.5254008302302309,0.2320274732562162
1.420375,0.31848623149393135,0.25720389801605814
1.4205,-0.08677236731506859,0.18053545181856223
1.420625,-0.3030910026104506,0.05114212653026524
1.42075,-0.25234988158363936,-0.05333597932926808
1.420875,-0.042413553974061144,-0.017768390393751676
1.421,0.008261772837766291,-0.06920457578969991
1.421125,-0.08207607985151948,-0.031653333347462016
1.42125,-0.1345101088907198,0.12292096147729524
1.421375,-0.1437558323235657,0.37518428135112253
1.4215,-0.0764020610774952,0.46046929298600264
1.421625,0.009631125858065645,0.35236342032610585
1.42175,0.025713089726321154,-0.09408556152222872
1.421875,0.08552037993937013,-0.26445891055667886
1.422,0.10881021924100111,-0.24612406885951768
1.422125,0.06305238335921017,-0.040788931141658935
1.42225,-0.06850061744916615,-0.009351566705737401
1.422375,-0.13073342529226284,-0.056743866641269444
1.4225,-0.20461895502384872,-0.15169808582247835
1.422625,-0.18217734644680442,-0.11194925571488971
1.42275,-0.10982764630358335,-0.015727237321845517
1.422875,-0.22143033150642513,0.020547689979037814
1.423,-0.2850763359485643,0.033566438577330854
1.423125,-0.5187026729242133,0.044074239341502286
1.42325,-0.6204815330380599,0.1095140366827796
1.423375,-0.49113693789350493,0.07279818050603132
1.4235,-0.3203239886113887,-0.052451448682330176
1.423625,-0.1295829349182434,-0.1586360468900171
1.42375,-0.02440529143219375,-0.1481127617463548
1.423875,-0.20007096994254858,-0.13531368611309252
1.424,-0.3906078634449998,-0.10260391905985607
1.424125,-0.34317418007656436,-0.16280121524371344
1.42425,-0.06526327866500384,-0.34716702551752726
1.424375,0.048180118670954855,-0.48615259534814065
1.4245,-0.11685830611945063,-0.5212371509704454
1.424625,-0.29638466982982153,-0.4315463965451897
1.42475,-0.19622171636214378,-0.26903438025704457
1.424875,-0.02261375707613322,-0.12256634378375206
1.425,0.12722383659585362,-0.09006827003285035
1.425125,0.12991643546648524,-0.22076022665692732
1.42525,0.19454036913759076,-0.3149280800484191
1.425375,0.264380648533183,-0.2840440705677571
1.4255,0.25628183186287046,-0.09314339043045335
1.425625,0.2632130473558672,0.013694188041628528
1.42575,0.151386089514684,-0.05382523508599672
1.425875,0.16046944730920035,-0.26832977278310316
1.426,0.3160063352267902,-0.20220944104533486
1.426125,0.5539896211591329,-0.03794184845223186
1.42625,0.5988770192744363,0.07966071901394117
1.426375,0.27749140826049934,0.08008111080890541
1.4265,0.07203938530455269,0.16179096537007964
1.426625,0.04762729371112025,0.23015081158584705
1.42675,0.1777470186574167,0.24085911583424818
1.426875,0.1999131826415432,0.23864391527330403
1.427,0.03954365666988279,0.15547383554632577
1.427125,-0.08569073064094222,0.10606153174068593
1.42725,-0.06463023331949395,0.3224290158864767
1.427375,0.1730670959247307,0.4647085434905052
1.4275,0.2958439335618963,0.5196089346365875
1.427625,0.21095239122712134,0.25475226141420054
1.42775,0.034207490036928155,0.05263232380930701
1.427875,0.13543519356076703,0.06581954529047113
1.428,0.2619469039694164,0.1773885237364941
1.428125,0.2683003795243684,0.20376683534064854
1.42825,0.06621590502174649,0.06619314622018933
1.428375,0.010713432805836226,-0.05101912902349568
1.4285,-0.05285700551523009,-0.030251037460658135
1.428625,0.07019601361351088,0.16131887041940743
1.42875,0.018976811050229938,0.25909275937910464
1.428875,-0.05518263253497933,0.23572308894422736
1.429,-0.1924772294715371,0.09646717535917468
1.429125,-0.1316616940390202,0.1668106302336369
1.42925,-0.043675507490844014,0.19341825469627633
1.429375,0.05136418598055634,0.18333260165492274
1.4295,0.002191622842308505,0.09129024852532018
1.429625,0.0015321858990847642,-0.07011213516243826
1.42975,-0.10140927546051447,-0.09642101104332405
1.429875,0.024023882173915493,0.025976568566578567
1.43,0.08039667474520082,-0.0013513623322813492
1.430125,-0.028286614775026253,-0.025214577683066935
1.43025,-0.22665215195414248,-0.1503132270993044
1.430375,-0.3839397772758443,-0.170646971929858
1.4305,-0.34704477341159173,-0.02719939645167913
1.430625,-0.09283961032505424,0.08588219567625369
1.43075,0.028079132495371993,0.059368887904106014
1.430875,-0.011815457781159399,-0.056710559966318665
1.431,-0.13416959492735808,-0.05911157911565979
1.431125,-0.23703135044841525,-0.006080897256839782
1.43125,-0.32652532866087036,0.06409701320943048
1.431375,-0.24763649392035927,0.02905949728916907
1.4315,-0.15697517890758889,-0.19928849607881896
1.431625,-0.07324095483626127,-0.3243622278058186
1.43175,0.0069421322785591585,-0.2682270493892792
1.431875,0.06352875123566136,-0.09708826666556213
1.432,0.09990325054364689,0.030970814920201217
1.432125,0.06272532589249992,-0.021536008911361593
1.43225,-0.1807917914717256,-0.10896704910441855
1.432375,-0.4616516320433277,-0.20786083723378584
1.4325,-0.5303757393263647,-0.27230125669871275
1.432625,-0.364125630003561,-0.21756013410893818
1.43275,-0.27191546102453973,-0.1916278133182612
1.432875,-0.297429695244883,-0.06529779287462836
1.433,-0.27321886070955925,-0.05882992951191266
1.433125,-0.14261614966383018,0.006146112651371274
1.43325,-0.12247476487948113,0.09714102980726919
1.433375,-0.16468079670404898,0.08587474329082731
1.4335,-0.03935833399596012,-0.17330501035402263
1.433625,0.1501784771030169,-0.46974855530742915
1.43375,0.31166974532578856,-0.45894102020645466
1.433875,0.3353117028717766,-0.29697535415720305
1.434,0.1800410694187639,-0.22035383304752523
1.434125,0.22746584537655856,-0.2857745169880759
1.43425,0.24644914773363424,-0.24544112138496346
1.434375,0.22746212387859402,-0.10175962398550438
1.4345,0.3140034581572039,-0.10019716165022677
1.434625,0.30358012920594984,-0.12184321371383297
1.43475,0.3934730392706608,-0.04430329712033275
1.434875,0.42103173021254237,0.14883771424135372
1.435,0.343553412439408,0.3126658846335435
1.435125,0.054029064084959534,0.25709999061806177
1.43525,-0.18493328728808478,0.19459830056710595
1.435375,-0.17590344633063573,0.18688779264854322
1.4355,0.014531034000618224,0.2395007764869323
1.435625,0.26770160828295164,0.24171163920162922
1.43575,0.336603219860123,0.26319683865304283
1.435875,0.3007115026276647,0.2709777202706291
1.436,-0.00296830331834921,0.3759210695675865
1.436125,-0.08823551947068427,0.41074055707477575
1.43625,-0.007812880675505817,0.31050688437478735
1.436375,0.21747388972395135,0.02132277910213098
1.4365,0.26679522280444007,-0.1596323362577576
1.436625,0.09804965683433751,-0.14536508109729138
1.43675,0.05706857959515235,0.04671464357217396
1.436875,0.32935875136785936,0.23533908051382652
1.437,0.5532852063317505,0.337789087336647
1.437125,0.34989147685495514,0.2644170738443285
1.43725,-0.07430099449616152,0.04536772427881597
1.437375,-0.37402013153078795,-0.0784591523058602
1.4375,-0.16919616547502658,-0.01378687919629338
1.437625,0.10485628367047446,0.18151360818484816
1.43775,0.275330589817739,0.25908888058405155
1.437875,0.18087655084884838,0.0910455078941331
1.438,-0.014522156012382855,0.044122113889028314
1.438125,-0.1739315113908833,0.31022401279848016
1.43825,-0.191818491976039,0.4946105951548006
1.438375,-0.16286960903842776,0.36061953580573397
1.4385,-0.2139825737687157,-0.08489821179938142
1.438625,-0.20874202895370259,-0.312637257011842
1.43875,-0.22983933958438446,-0.18803795541404042
1.438875,-0.3112523094296464,0.08872070804311535
1.439,-0.2554636242945779,0.2500952545623256
1.439125,-0.08669515640828686,0.1814069622384775
1.43925,0.06928377575512312,-0.047853188311820054
1.439375,0.12526251168356015,-0.17693779405258048
1.4395,-0.04006293134551658,-0.18302233056058623
1.439625,-0.2461974031272391,-0.1567094051794849
1.43975,-0.2419298749192883,-0.16545204592505067
1.439875,-0.05874519610338164,-0.20123958538627387
1.44,0.04395132891828948,-0.2904083614604338
1.440125,0.021102096521122722,-0.28613201265263416
1.44025,-0.1251331278743903,-0.2329504619275632
1.440375,-0.41503567091762356,-0.09121904078181814
1.4405,-0.5885928994386832,0.07287821845942025
1.440625,-0.680771318085398,0.10243062012227352
1.44075,-0.5948219870797696,-0.013641124445089222
1.440875,-0.5541232018732274,-0.23670741847664292
1.441,-0.5077006842953573,-0.2173374475958291
1.441125,-0.27762162845037724,-0.046613137342964225
1.44125,0.16139142897269168,0.030159363266489388
1.441375,0.46924475639574326,0.007034014114099428
1.4415,0.28745683162977115,-0.09659659613672458
1.441625,-0.02113045231320503,-0.37618592387586197
1.44175,0.005491664881264962,-0.5729238478452281
1.441875,0.18121528459576783,-0.6478386142894662
1.442,0.26019546448734093,-0.5133350533475061
1.442125,0.08356569085881879,-0.4933100634456245
1.44225,-0.035397561056729906,-0.46331992974942704
1.442375,0.11291502188854086,-0.25998083808951755
1.4425,0.33363459225838554,0.19314490791243655
1.442625,0.41328816512152167,0.38534081956119504
1.44275,0.398864029748796,0.2612531487445142
1.442875,0.40096830742748,0.03965932035799664
1.443,0.5126732147503255,0.02071330599786821
1.443125,0.511251286277368,0.16983736613912123
1.44325,0.4624708948805964,0.2557392240228857
1.443375,0.21771470925204145,0.1235024464579288
1.4435,0.033287893351559,0.03498631689077316
1.443625,0.03880315260095658,0.1582559400335505
1.44375,0.02912862837505519,0.3254550883356594
1.443875,-0.07857634496987652,0.36515613321266466
1.444,-0.2664181618080622,0.33174480714610705
1.444125,-0.2809734987463216,0.34673265769763345
1.44425,0.060617331455714886,0.41883122528461453
1.444375,0.30084315972579856,0.48491768078794667
1.4445,0.4150767821482569,0.36019452159135823
1.444625,0.31613249369202717,0.15677478394989366
1.44475,0.13722068766716256,0.022688880080969184
1.444875,0.07520022486358628,0.07247831858428767
1.445,0.04558481648066181,0.04047272421572795
1.445125,-0.052792184977932775,-0.08006962853150222
1.44525,-0.12339572310850952,-0.19846059975808716
1.445375,-0.02858431643315986,-0.1925095607259115
1.4455,0.22715549111453734,0.10922225237123524
1.445625,0.1983740486014217,0.32211255422474877
1.44575,-0.03529022459994279,0.3528469473656715
1.445875,-0.39200891390861275,0.2575692327960833
1.446,-0.4674384768552905,0.1230660311258509
1.446125,-0.2695027543749726,0.11104227899209745
1.44625,0.1834171716275733,0.05320886114314578
1.446375,0.37752506015384635,-0.1109090721859509
1.4465,0.24318755230809155,-0.1247902900846439
1.446625,-0.17524425080434022,0.03452183672912252
1.44675,-0.32944262441947614,0.21437609154435117
1.446875,-0.0547460910123206,0.22039406662907082
1.447,0.3175251121721947,-0.030257521723384084
1.447125,0.32440490770717034,-0.34136748687387863
1.44725,0.009344168061403554,-0.4455260436720643
1.447375,-0.36028534012060576,-0.17935227790147318
1.4475,-0.5665923866119013,0.11975724859552535
1.447625,-0.5425980368446236,0.29602536981720096
1.44775,-0.32048516604048516,0.14674935543890982
1.447875,-0.05056234078671299,-0.11910637762674231
1.448,0.05834964397035081,-0.24856699539522575
1.448125,0.06387620948707273,-0.03947008050449992
1.44825,0.06297370200527526,0.28063149536025145
1.448375,0.12423181673983992,0.2749825540115222
1.4485,-0.06116040668196601,0.013188826241393841
1.448625,-0.33198761900919976,-0.32271531208425414
1.44875,-0.4373030297588396,-0.5489428931112766
1.448875,-0.2721361006348711,-0.4979733947423518
1.449,-0.053463331423796175,-0.2905234759895173
1.449125,-0.2818748354468545,-0.07936796387958078
1.44925,-0.4645139233631199,0.04841242574066696
1.449375,-0.3853746120228455,0.05089767848936746
1.4495,-0.05330248459324517,0.1497864413899474
1.449625,-0.02532109256828709,0.08337627917379832
1.44975,-0.10723115874441258,-0.04678253713504852
1.449875,-0.18375692341249245,-0.3128107953293367
1.45,-0.1172480715184042,-0.41393815880211365
1.450125,-0.06729794556576195,-0.19180925241595276
1.45025,-0.025682827037608227,-0.11407958592656472
1.450375,0.06942710366386365,-0.2824690966305713
1.4505,0.29599507340076486,-0.4527086539175182
1.450625,0.4492400573065748,-0.28609923835162004
1.45075,0.4239027668820009,-0.056143063471969276
1.450875,0.2513098848859009,0.03249961036148726
1.451,0.13488302752475903,-0.1085008542981407
1.451125,0.031824717218288945,-0.14930450785347765
1.45125,0.015080937862192818,-0.08680992303998315
1.451375,0.029540423083609678,-0.051220056764539806
1.4515,0.148862557903901,-0.009018875072915327
1.451625,0.3076672673479615,0.05571890743536648
1.45175,0.3805607758072513,0.2676222267278229
1.451875,0.22833232034844422,0.39455613702349396
1.452,0.03242142232299985,0.3481444389586731
1.452125,-0.1513582136591833,0.23512411448133538
1.45225,-0.14001793116384087,0.13095827184763195
1.452375,-0.028519027852132863,0.010983490028508706
1.4525,0.1441058329347328,0.016207035764434986
1.452625,0.45836363624320464,0.010284614826949565
1.45275,0.6086507601735227,0.12300690488587696
1.452875,0.607077514919779,0.2532936338755168
1.453,0.39416367495343513,0.3057739543998278
1.453125,-0.014896559456966997,0.23837585876835324
1.45325,-0.16570622259766835,0.04798701919339129
1.453375,-0.1146810772255933,-0.09722101093006434
1.4535,0.02794375961541398,-0.1669322337333307
1.453625,-0.08539797943552332,0.002465918107160228
1.45375,-0.27090747213009314,0.17213600818149086
1.453875,-0.1525472724899135,0.39403436451698465
1.454,0.20800700485864945,0.5458031608925973
1.454125,0.4536009490340321,0.5023463643722023
1.45425,0.1894518189665452,0.3356216640231947
1.454375,-0.19687533811575092,-0.009389188659742328
1.4545,-0.16353275463045014,-0.14501024950631275
1.454625,0.0887994137131777,-0.06982199823159115
1.45475,0.2764958605398048,0.025357753493530685
1.454875,0.13000455505400144,-0.015691594560385748
1.455,-0.12777183123764801,-0.2619976547553466
1.455125,-0.3678530105024948,-0.1300024127041826
1.45525,-0.31806443950507246,0.2256393216784693
1.455375,-0.09471494502501317,0.443809322590192
1.4555,0.15613826469792527,0.1530684080555598
1.455625,0.11489608955539206,-0.11325924056688291
1.45575,-0.12759983613945508,-0.1615446580832849
1.455875,-0.3605676305493139,0.07497642716320181
1.456,-0.33901927625806616,0.2259245566652554
1.456125,-0.30814205882868756,0.11049103173838176
1.45625,-0.2759190540654836,-0.09108885372003901
1.456375,-0.1859754102814188,-0.3522682071791551
1.4565,-0.13057249946347935,-0.2941633234250828
1.456625,-0.06338121323232943,-0.08655441848408692
1.45675,-0.06188090607636923,0.11518968384256743
1.456875,-0.18986485547479792,0.06991506556226351
1.457,-0.2274207904548984,-0.14280807006239546
1.457125,-0.26614914245477095,-0.2894299184276576
1.45725,-0.341860395155684,-0.2662728194447039
1.457375,-0.41923694533291944,-0.2895533097992605
1.4575,-0.36426011496937527,-0.2511112880489514
1.457625,-0.16321534797054518,-0.19879646934175715
1.45775,0.046569819074161765,-0.06775863700225188
1.457875,-0.027023405016890042,-0.057234308644905564
1.458,-0.3386437797737205,-0.13504071856057284
1.458125,-0.5381304947225776,-0.14850855545041178
1.45825,-0.45303913651082456,-0.1717183575868829
1.458375,-0.14412903277878944,-0.23257619385043962
1.4585,0.0629532842656312,-0.2789382272592219
1.458625,0.28011657081894864,-0.3612769364014849
1.45875,0.41111575529352373,-0.34427078315003345
1.458875,0.44976938021671997,-0.1704968794617012
1.459,0.44504592824432343,0.022226941894927348
1.459125,0.2810407331226401,-0.03233242165125714
1.45925,0.20594738170636576,-0.2789675070087098
1.459375,0.1918497358068487,-0.44460804182530483
1.4595,0.2386934075550354,-0.41140794990961077
1.459625,0.22318060845275067,-0.18561249980886152
1.45975,0.17675958620015425,0.07294368859759326
1.459875,0.2626864655521166,0.213090400837172
1.46,0.33326477995747816,0.3529440480929615
1.460125,0.3714127836848157,0.43817492334059766
1.46025,0.2597628574808035,0.40649276393222794
1.460375,0.12812453267680518,0.31540304197947816
1.4605,0.08422601577316473,0.12682396049919353
1.460625,0.1985543874277494,0.1947762247041748
1.46075,0.2963111920218019,0.16557721192738312
1.460875,0.20405698552953364,0.17152122444581175
1.461,0.1538106042800517,0.20774011634928155
1.461125,0.012080819447896303,0.2664110854825215
1.46125,-0.15111934767305277,0.35730240008102226
1.461375,-0.2931624255858668,0.323941847638056
1.4615,-0.19855196854344465,0.25004138633850553
1.461625,0.050801701205004095,0.07703132951623394
1.46175,0.3459895553689591,0.0635044734990327
1.461875,0.45093447656760266,0.10855007268595712
1.462,0.3247869010333535,0.2310476748423363
1.462125,0.1439579398032208,0.1545972909951256
1.46225,-0.03404737554471866,0.08213609506884993
1.462375,-0.01338318356857318,-0.019370116921465237
1.4625,0.059205286396254206,-0.16539552844172556
1.462625,0.05109277614734151,-0.20266537264075596
1.46275,-0.15637612543117943,-0.12878646306240243
1.462875,-0.5218981039841806,0.09692932346947478
1.463,-0.5108638058366199,0.35509494943113873
1.463125,-0.2989804276434684,0.42751761725753057
1.46325,-0.1524555665928643,0.2272969871528211
1.463375,-0.09250308054675875,0.09454557342771047
1.4635,-0.15768036132571173,-0.042179720560466205
1.463625,-0.18744004028397093,-0.036152693291193805
1.46375,-0.09071022336530436,0.07727946504332041
1.463875,0.0828976138325393,0.09342086560814754
1.464,0.08628159880449868,-0.19306409403000943
1.464125,0.1675983432030978,-0.3773737825550408
1.46425,0.21267725564659992,-0.4313838634767427
1.464375,0.14254725334455523,-0.24401038556922983
1.4645,0.12850965443964843,-0.0903475183286853
1.464625,0.019645059992273155,-0.058846420378545455
1.46475,0.022691840501643093,-0.1640018272145969
1.464875,-0.027091789383204827,-0.13374663603717737
1.465,-0.2137010093548219,-0.029968357785258273
1.465125,-0.39025744029242665,0.0816478610280887
1.46525,-0.47764208856417123,0.1316534471597768
1.465375,-0.36400697289956113,0.11427304116155806
1.4655,-0.3272906921543441,0.1896666885072791
1.465625,-0.38482066411344346,0.20889467204915096
1.46575,-0.4970160394467185,0.08765673253382858
1.465875,-0.44590919965132475,0.026619523629096937
1.466,-0.26489117139248575,-0.03631787747146017
1.466125,-0.13898378368751874,-0.08577114679407118
1.46625,-0.19089640305967176,-0.17377999233368077
1.466375,-0.2507598631187006,-0.35216105820859367
1.4665,-0.23102182522589415,-0.41975565313327856
1.466625,-0.23339445137099932,-0.40464993931486687
1.46675,-0.006459647681869769,-0.2787737540456182
1.466875,0.13256876051909922,-0.33728105221796906
1.467,0.2103536135704445,-0.4357849730644276
1.467125,0.11816412552000705,-0.3766646041913606
1.46725,-0.038955387533726384,-0.25496214167476533
1.467375,0.033054567940973376,-0.19930883730170554
1.4675,0.23478243164002266,-0.1795456644310769
1.467625,0.5028391160920431,-0.1978202636846638
1.46775,0.6308101961879535,-0.24799154311586766
1.467875,0.6020284655494859,-0.16143688305321746
1.468,0.41417721893770687,-0.028825541196380578
1.468125,0.09871372912535721,0.13678375360981074
1.46825,0.015610203006089516,0.1594814080321824
1.468375,0.11512218471479545,0.12593435951766008
1.4685,0.1716176966029004,0.03370608641443979
1.468625,0.1369696558136818,0.047678031791408206
1.46875,0.18305907692815354,0.21026939622955598
1.468875,0.32668794648860494,0.42755664940588084
1.469,0.44181839683223484,0.6479395891502046
1.469125,0.1541580676967666,0.5124778329280331
1.46925,-0.1884247802446972,0.30029071879237557
1.469375,-0.29526018686506855,0.11760318810954211
1.4695,-0.05272486588168033,0.08863601221461485
1.469625,0.23794171251714555,0.08101578887371641
1.46975,0.2890982137634017,0.12203642511218359
1.469875,0.15748270837937853,0.08592767790500377
1.47,0.17953242737097475,0.18280170827214312
1.470125,0.3506000425056661,0.3365295014164434
1.47025,0.262388569111986,0.35471944415795914
1.470375,0.055386765862522745,0.15943173141643793
1.4705,-0.04480514316582326,-0.16817679782600586
1.470625,-0.0435327773171547,-0.2690878034024289
1.47075,0.15055719203550427,-0.023707824093932083
1.470875,0.059621565630988964,0.2707328035860786
1.471,-0.048038276167343706,0.2543568695273836
1.471125,-0.23942112299208942,0.1406852607520478
1.47125,-0.2351341961384396,0.1741963066783555
1.471375,-0.1654608210635404,0.29761250091865105
1.4715,-0.10847838571324489,0.25379156175540635
1.471625,-0.07248404955760916,0.12098531136618633
1.47175,-0.05970364490190133,-0.09958291384288535
1.471875,-0.03583729059785377,-0.04834811459418785
1.472,0.08184013454105393,0.13431804966854602
1.472125,0.10793855739998068,0.0744322672612747
1.47225,0.03933357755930781,-0.06267679041926083
1.472375,-0.07956231509299226,-0.19209569533828355
1.4725,-0.3057016499415192,-0.22342501870074677
1.472625,-0.18795304478444366,-0.16922880442209604
1.47275,0.17120759826829482,-0.11194591547987703
1.472875,0.4269312867613746,-0.05332332216604776
1.473,0.344247183985764,-0.06899248168138096
1.473125,-0.14704878529210685,-0.05362105348995507
1.47325,-0.7283583984441936,0.042662452445358406
1.473375,-0.8903597849224697,0.11944737388271283
1.4735,-0.7048099183986558,0.020176161780980195
1.473625,-0.39104801021785485,-0.13962289361524352
1.47375,-0.26831289690350635,-0.25443924712067056
1.473875,-0.3109865423255494,-0.17613922332182907
1.474,-0.450486613296516,0.1756879789538212
1.474125,-0.4688311608681589,0.4286671538721275
1.47425,-0.47026801327736856,0.24128903941232827
1.474375,-0.45717516333210556,-0.17566508771602424
1.4745,-0.3344664949597857,-0.6634628875946242
1.474625,-0.18171670077077837,-0.8012001617935217
1.47475,-0.10528384373848183,-0.6441160870156479
1.474875,-0.2575343083223768,-0.3437291756346053
1.475,-0.35212719184388525,-0.23653963080782547
1.475125,-0.0415215894547089,-0.3338667616434756
1.47525,0.5215067942255697,-0.4166661600968792
1.475375,0.8458601619534,-0.3720753974510246
1.4755,0.7704642721004434,-0.40191135463117733
1.475625,0.582539843159212,-0.3913146582063877
1.47575,0.3082655272294195,-0.3212491400340318
1.475875,0.26509771613652033,-0.13810861987295697
1.476,0.43850502123248514,-0.09427749033429739
1.476125,0.5961817633284556,-0.2458252137453159
1.47625,0.43878165027772276,-0.26846017942881645
1.476375,0.1720670555807799,-0.05768080043969463
1.4765,0.07355721154580788,0.45062857966447467
1.476625,0.19058813699324303,0.719742217464174
1.47675,0.32723164993626375,0.734754896545513
1.476875,0.31420934490021946,0.4823299557703082
1.477,0.16685232550754484,0.24996712660264506
1.477125,0.0036154507753310815,0.24275603803654286
1.47725,-0.020972558856916124,0.4062988212823353
1.477375,-0.1824373376274413,0.5135998251082204
1.4775,-0.20430400214162633,0.3784841750399183
1.477625,-0.16746603993431353,0.1593920025223113
1.47775,0.14630473024186239,0.054083622534424676
1.477875,0.2901056333156609,0.17112812070899183
1.478,0.24718421848600672,0.30863658551232737
1.478125,0.06800026332434074,0.2650419853719536
1.47825,0.09015526884476811,0.12303083832733197
1.478375,0.23987384839031559,0.0254739125837384
1.4785,0.2680472460003806,-0.027506010451226956
1.478625,0.08944325502602767,-0.10028078772928073
1.47875,-0.18772875227843314,-0.2160424605760086
1.478875,-0.32678962600840994,-0.15646070395415923
1.479,-0.2183419881256283,0.12051031769059004
1.479125,0.13030309371893892,0.3102836104493302
1.47925,0.3138982495728917,0.21379147492730924
1.479375,0.18993241542520722,0.049283803287924643
1.4795,-0.1513863268873616,0.06327310200517534
1.479625,-0.2688709698070897,0.24230774522152698
1.47975,-0.1281709231748644,0.28388797844005265
1.479875,0.16671674113651336,0.0717646693083996
1.48,0.20109471492118475,-0.20013657704713708
1.480125,-0.02169415999756188,-0.32485754234668746
1.48025,-0.43056070701468335,-0.1711378692520633
1.480375,-0.5580638538961664,0.1093417716809239
1.4805,-0.31298285848803364,0.29933083831015167
1.480625,0.006062837443261048,0.20319502059444752
1.48075,-0.039188066720171943,-0.07439168244237271
1.480875,-0.2019573270521892,-0.25373930155415586
1.481,-0.3405454361009914,-0.10797542377200213
1.481125,-0.2381106626462029,0.15083103658482058
1.48125,-0.14336207816249485,0.1957255546807771
1.481375,-0.0964555708029901,-0.037266434181883364
1.4815,-0.1686133701687202,-0.35488283338913584
1.481625,-0.25420736997770293,-0.48421804711699323
1.48175,-0.13333512171717848,-0.23756348748145645
1.481875,0.08655155947547187,-0.016806359138794576
1.482,0.15158636939689357,-0.03941673701786838
1.482125,-0.11410544862938753,-0.1095868059409987
1.48225,-0.503280791711645,-0.34054017141989196
1.482375,-0.6152469681070325,-0.17522413944877122
1.4825,-0.4019156057166293,-0.05614637972057652
1.482625,-0.08365985292021706,-0.051728185533516866
1.48275,-0.08926296345496733,-0.1271952846047514
1.482875,-0.1957991148542133,-0.21945356266995142
1.483,-0.3612395086210746,-0.07447119086819537
1.483125,-0.21995774408060412,0.05297988257144623
1.48325,-0.012014867029799443,0.18054420609933572
1.483375,0.25133180668467986,-0.10114871726403071
1.4835,0.1884508320135872,-0.4029925475750391
1.483625,0.0983844839830264,-0.5496830854649631
1.48375,0.11443573738328411,-0.36649860309971577
1.483875,0.2518895196809815,-0.11227289741957462
1.484,0.43963510844976195,-0.013435682525188267
1.484125,0.41336572581693054,-0.20642205815831616
1.48425,0.2657296500055526,-0.34053956891651094
1.484375,0.10035714444983802,-0.18919177159584563
1.4845,0.1379800571167906,0.02860759717500344
1.484625,0.3931466560659037,0.2169093724539294
1.48475,0.544938708427987,0.18444552784179338
1.484875,0.23490149417163533,0.09590038995491698
1.485,-0.21189662881540905,0.13271380142598824
1.485125,-0.32452203080871944,0.23085763332230788
1.48525,-0.07324305198170489,0.39321521036328283
1.485375,0.22900308744257852,0.37263931234752473
1.4855,0.23842298279733876,0.19828866375361828
1.485625,0.15130791121364642,0.15435770990605932
1.48575,0.05343844785644188,0.15475234537398044
1.485875,0.12388089314383874,0.31764413222931015
1.486,0.12036357349836249,0.4776649269021758
1.486125,0.10196140540392307,0.2219697219918778
1.48625,0.0360656937868046,-0.13089898880568288
1.486375,-0.0018748142972331585,-0.27121933278173294
1.4865,0.017358063711324857,-0.05961364963684451
1.486625,0.15859078679332728,0.1920924668291616
1.48675,0.44465567492571234,0.23299911378623234
1.486875,0.3383132835058837,0.1102266666227012
1.487,-0.04008235214059413,0.028961147945136174
1.487125,-0.31237347832182544,0.06013619392430678
1.48725,-0.13948561527328807,0.10645476259718181
1.487375,0.17807508595235805,0.11168569659103422
1.4875,0.33396595180135535,0.022048202163410673
1.487625,0.15734363567497447,0.0004148762502504344
1.48775,-0.01298086727665218,0.011530113007663365
1.487875,-0.05570646036124211,0.16703389418925654
1.488,-0.05217953703371606,0.2835317179947118
1.488125,-0.04137552238489584,0.2623510683406191
1.48825,0.14514595787645057,-0.026273951933858543
1.488375,0.2529594423394621,-0.2768860951713531
1.4885,0.21293567111221637,-0.18222247587371207
1.488625,-0.05424672547185724,0.13749827911070855
1.48875,-0.2204194773387069,0.2729095054102003
1.488875,-0.11225922626930374,0.12366058462025328
1.489,-0.0324931686583743,-0.02623517845613224
1.489125,-0.15748677830458435,-0.04122113559751318
1.48925,-0.4497536098253779,-0.0102302870744206
1.489375,-0.5226370565086577,0.026772511653226975
1.4895,-0.3920415282132616,0.09523772622237882
1.489625,-0.15831091194100252,0.21288477924771917
1.48975,-0.09266393747117367,0.13824788693580967
1.489875,-0.2297360481456734,-0.11522410511900377
1.49,-0.27294129458417393,-0.21377115871712574
1.490125,-0.34533306644973627,-0.12665778376701828
1.49025,-0.15126666824842275,0.019566096545223795
1.490375,-0.15120591873787118,-0.10756252107680073
1.4905,-0.3379333523600462,-0.3063608682878799
1.490625,-0.47035694802210437,-0.5121724208177346
1.49075,-0.42772044305263013,-0.3620952561145992
1.490875,-0.3074058996401833,-0.11632041871689884
1.491,-0.3432430960084592,-0.060239520659501666
1.491125,-0.5351465658602199,-0.11314499712222954
1.49125,-0.5450890253268833,-0.21652202559928352
1.491375,-0.28526813202984885,-0.24800903870988944
1.4915,-0.04962144007817976,-0.13780931392385626
1.491625,0.1073611390351916,-0.1294901417633387
1.49175,0.08327459977645525,-0.27071330771905217
1.491875,0.16964095213880306,-0.42946152388369346
1.492,0.3938896843634699,-0.4266156518997669
1.492125,0.6259669193510582,-0.28459063523702766
1.49225,0.758268608946178,-0.2970879215093918
1.492375,0.6671463388811223,-0.46912225383041
1.4925,0.44609010609854816,-0.5004503338969197
1.492625,0.17478495517698517,-0.30159450500456936
1.49275,0.19554791110807498,-0.008432698662549911
1.492875,0.20165847540617718,0.074024725459081
1.493,0.23396565239912032,0.0298060466073199
1.493125,0.2447331343086512,0.07641493233118625
1.49325,0.28370788263603863,0.31260687347741767
1.493375,0.38212826752057777,0.5685276924772088
1.4935,0.39167351008842793,0.7284986631284647
1.493625,0.36125026157627466,0.6464326593096222
1.49375,0.3179546431847622,0.3519190740241147
1.493875,0.1946649624554553,0.1726599493146644
1.494,0.05805454315137628,0.1584554694718811
1.494125,-0.06135220400009528,0.17188685951343916
1.49425,-0.13437976507068194,0.19481389119947545
1.494375,-0.240837200285435,0.18378641954247693
1.4945,-0.07895334467208104,0.21307744514694024
1.494625,-0.010186943891516002,0.2666731607639573
1.49475,0.04957470943371331,0.38257523800827703
1.494875,0.09948410824590163,0.39422136553707576
1.495,0.09629659930065076,0.2197712490845495
1.495125,0.0016734105666260898,0.11420529184056571
1.49525,-0.09817335383171084,0.05608436264011167
1.495375,0.008216048061055976,-0.07187283989233531
1.4955,0.18260880211855576,-0.1402153853326056
1.495625,0.3037488569196473,-0.149843277089708
1.49575,0.13010478727501934,-0.09470324353462531
1.495875,-0.1922253827562659,0.0007110486228265909
1.496,-0.3153233221628267,0.01785730737743821
1.496125,-0.2491544911939688,0.0651293679182857
1.49625,-0.3602412372116227,0.08593098824840568
1.496375,-0.5953011802436865,0.04019207150592475
1.4965,-0.6119223564218745,-0.047350684255612584
1.496625,-0.2769145774463666,-0.04091382204413441
1.49675,0.27022372633693426,0.2688763235644768
1.496875,0.4092439030740943,0.2812142166471413
1.497,0.20151972925870273,0.1463389816925284
1.497125,-0.005468289676306307,-0.16515386871499937
1.49725,-0.0095162315365386,-0.2910834984850288
1.497375,0.029811322765530897,-0.2286025780458408
1.4975,0.12088056228355483,-0.3426441517310485
1.497625,0.12132924634959376,-0.5454101381772278
1.49775,0.08012430875744661,-0.5562870060105701
1.497875,0.08042179543512921,-0.20126317778528485
1.498,-0.072675687154044,0.2296651131660211
1.498125,-0.21116886611148108,0.4002766064886477
1.49825,-0.23500115366083,0.20928636750101415
1.498375,-0.07732398380154741,-0.009789932467379225
1.4985,-0.11333087038827643,-0.04375837019180078
1.498625,-0.2613567862848293,0.023505942419531252
1.49875,-0.43103892548386485,0.07404994972652733
1.498875,-0.42321236435609894,0.1371291963504231
1.499,-0.4571395286510488,0.13014539029723332
1.499125,-0.44486928942447806,0.08498665856804297
1.49925,-0.5671126376961516,-0.028741995286700826
1.499375,-0.5696862419340966,-0.13625010375266922
1.4995,-0.42745036814384374,-0.17049735875310384
1.499625,-0.2814844767280598,-0.08140507206130873
1.49975,-0.16225501423741126,-0.09546192092493508
1.499875,-0.10785741476183697,-0.2663971299623565
1.5,-0.052260525495547244,-0.3906069083884564
1.500125,0.06461350925337322,-0.41333976954637386
1.50025,0.16500491337491008,-0.37434810817324227
1.500375,0.21600477982987545,-0.4026557375527898
1.5005,0.39976604688005246,-0.4453245985945363
1.500625,0.5861874739382164,-0.4434585246384855
1.50075,0.5435200535314977,-0.3368764640029385
1.500875,0.39743427235565326,-0.17674024982135497
1.501,0.2635152511216099,-0.15244940211144425
1.501125,0.3049714989208795,-0.12085383981024606
1.50125,0.3346178089305949,-0.08253141625031235
1.501375,0.3120474786104941,0.07769835776776657
1.5015,0.37396898508666476,0.0984966828714719
1.501625,0.40742325248669925,0.2505318815548241
1.50175,0.3035135988489804,0.40061845219901504
1.501875,0.0607738465732928,0.4945579356924742
1.502,-0.12188325490910235,0.45601413860404594
1.502125,-0.016608792224577687,0.321619834170554
1.50225,0.20033488529053886,0.2317416521112796
1.502375,0.19210915707231482,0.23450029715449563
1.5025,0.009436753703645938,0.2623832059913776
1.502625,-0.21159707538087932,0.28683488586264483
1.50275,-0.16700869009799335,0.35053097816822115
1.502875,0.03764565522651171,0.30454438128644734
1.503,0.043651934757478486,0.25956327405553686
1.503125,-0.12994411383964669,0.05441374237909677
1.50325,-0.15342588818568614,-0.11860672325378546
1.503375,-0.08628176224506047,0.022671651770298097
1.5035,0.07777113890368635,0.21142265895053286
1.503625,0.36108678309297143,0.19336609760113047
1.50375,0.42407122552985405,-0.029688932504612513
1.503875,0.2557458000837891,-0.14707480506547063
1.504,-0.06550463985127822,-0.1356879529526243
1.504125,-0.1357639345334722,-0.013591279741603832
1.50425,0.018988331570007896,0.03217058258854406
1.504375,0.23255564196065687,-0.09186039425298052
1.5045,0.23746693965657362,-0.15956312561611327
1.504625,0.14423406565598532,-0.07121909676120698
1.50475,0.04373093100168837,0.08900849688781814
1.504875,-0.09543716744229103,0.24251332448608917
1.505,-0.24286677128692777,0.4000270650972052
1.505125,-0.24672071023719114,0.24775925863383932
1.50525,-0.17655311052447747,-0.02777728652401998
1.505375,-0.09604434739296074,-0.15736079617206872
1.5055,0.009866254263746948,0.03370397292009615
1.505625,0.0150036364638137,0.1679732814199446
1.50575,-0.07258754631626282,0.20555179187869058
1.505875,-0.19855270801849476,0.1276162407377658
1.506,-0.3039452963219002,0.06635528090254506
1.506125,-0.2965082326533603,-0.07933966477004453
1.50625,-0.23756559581667092,-0.19628438618039878
1.506375,-0.14082376704224311,-0.19117796885322505
1.5065,0.011916431971642147,-0.1294210357047371
1.506625,-0.008225667051762439,-0.10950075799322714
1.50675,-0.15981571215773258,-0.04200486902155497
1.506875,-0.21802233554858855,-0.003865288350758927
1.507,-0.21286143212266007,-0.06986572364443092
1.507125,-0.20751913854109572,-0.1844419673296952
1.50725,-0.33063222090446615,-0.2659506679553985
1.507375,-0.44514603199503344,-0.2913957803187612
1.5075,-0.4047179448665864,-0.287418960175483
1.507625,-0.20058156222617632,-0.12512642792397177
1.50775,-0.1473673158737456,0.013936497342476768
1.507875,-0.31482494186652277,0.005955547117461703
1.508,-0.34550830197945476,-0.12956034830993618
1.508125,-0.27768919674467957,-0.22848556105174303
1.50825,-0.2673177255360583,-0.2156043335503475
1.508375,-0.2466328568757448,-0.1893051443678032
1.5085,-0.0665910158237611,-0.2489159563430256
1.508625,0.32697855927359853,-0.4523668137096904
1.50875,0.5202853159702951,-0.36535966197705777
1.508875,0.4830193307458959,-0.1762608353657576
1.509,0.3480233777654195,-0.114557085882808
1.509125,0.3918507268140808,-0.2669036583019016
1.50925,0.39938448296024637,-0.28851921024084665
1.509375,0.39715084092347985,-0.2533250154831258
1.5095,0.2824857876875409,-0.19078864341441704
1.509625,0.15742026880429466,-0.2507780370860514
1.50975,0.1511389346633273,-0.04907278416647457
1.509875,0.19526362001920256,0.2956746702791238
1.51,0.22854155977801768,0.4558059958580215
1.510125,0.13268806021696108,0.5184743795053355
1.51025,0.014885379392454596,0.37272666887844275
1.510375,0.053751778485984426,0.34573766765912384
1.5105,-0.0024061898508795443,0.37097683400984505
1.510625,-0.0560953046315134,0.33780302538561646
1.51075,-0.07284767819807261,0.23247947221051557
1.510875,-0.004598531128205136,0.19700462145498557
1.511,0.17096644245619763,0.1644274390941737
1.511125,0.28506663037773144,0.21119756148454447
1.51125,0.21047435101948533,0.19709061693629182
1.511375,0.1877682681960372,0.15815350138119896
1.5115,0.2052922033320711,0.02660013197781428
1.511625,0.06299701871269713,0.030521845447920862
1.51175,0.04298109849353151,0.015633907110976304
1.511875,0.16582267514623034,-0.0055885018678560544
1.512,0.3768045391353283,-0.09944393547020587
1.512125,0.38383788390448453,0.007167554188736596
1.51225,0.2809423786156207,0.09379283788292991
1.512375,0.09606029630971755,0.18891441177092427
1.5125,-0.04458041073480381,0.16298249674281864
1.512625,-0.12907914957146574,0.14703646557518085
1.51275,-0.17779527884562943,0.13950255342152906
1.512875,-0.21443753588980363,0.06524834546099233
1.513,-0.3057883033779577,0.004121545176522022
1.513125,-0.26618585730083355,0.16670991633571233
1.51325,-0.14944502663749332,0.3241765646429
1.513375,-0.035877023227448415,0.38001305507903316
1.5135,-0.013996564450630036,0.23623874573824635
1.513625,-0.0388300502416576,0.03738955650480326
1.51375,-0.08169748606402645,-0.043947308501012264
1.513875,-0.21943345768397932,-0.08605216286351941
1.514,-0.3733015002785138,-0.14143274288902766
1.514125,-0.2547206415993743,-0.25546011060846213
1.51425,-0.06555026870486325,-0.31174231384490714
1.514375,0.14495751568870943,-0.24334926844492116
1.5145,0.13193932042425452,-0.14400401212810174
1.514625,-0.00636461374458821,-0.015311913858643748
1.51475,-0.2650042301219002,0.05035947914957725
1.514875,-0.27811251233717793,-0.01904265847177865
1.515,-0.1875466571676762,-0.09814677723958892
1.515125,-0.0884489154151097,-0.18521227041769256
1.51525,-0.08616545902309167,-0.3441877516020635
1.515375,-0.1791928442415275,-0.29123000841706265
1.5155,-0.2704989865732836,-0.03185196872025584
1.515625,-0.322175875579002,0.14117277695963723
1.51575,-0.4291522340453825,0.16004833325036155
1.515875,-0.5144496428971653,-0.04224327652882281
1.516,-0.6033920502473473,-0.21025089151804668
1.516125,-0.4831265837289415,-0.27929629562063024
1.51625,-0.27674240676838086,-0.13243533248200443
1.516375,-0.2122973053443957,-0.05530878965518637
1.5165,-0.32749996209368415,-0.014929776262591657
1.516625,-0.2609739566166304,-0.14735231128324985
1.51675,-0.07347628439210768,-0.2431850367595366
1.516875,0.14175077622222293,-0.29086336678818364
1.517,0.3279215378787425,-0.3411256648068389
1.517125,0.3465455624007064,-0.451721390828126
1.51725,0.36522413663547,-0.5131885212938565
1.517375,0.39132678201979804,-0.397962698688737
1.5175,0.2905167272762644,-0.22780995141049298
1.517625,0.2435769551700418,-0.23830071942278433
1.51775,0.23516093052400677,-0.29128506118158615
1.517875,0.37602711121835874,-0.3054304128889249
1.518,0.6036454658738892,-0.05275457813805609
1.518125,0.9687103603841412,0.16728962239962067
1.51825,0.951323737944041,0.22009570360382916
1.518375,0.619328036571931,0.3043752894667755
1.5185,0.2911739402551463,0.30998856688841625
1.518625,0.13318879032992412,0.3287108480249588
1.51875,0.25605419647410543,0.31131329145318026
1.518875,0.2659037597776601,0.20095887400148638
1.519,-0.09764034421607987,0.18613999769568712
1.519125,-0.41219146117333594,0.3146840520478321
1.51925,-0.3374971043432246,0.570858288033115
1.519375,0.0355561175490228,0.8184441853630953
1.5195,0.18602842508159634,0.8266702004050778
1.519625,0.10958835161768417,0.5484891452472108
1.51975,-0.11437234219608103,0.1987108256032897
1.519875,-0.17835298245640785,0.0969223006308129
1.52,-0.05866092991139641,0.25975624875964437
1.520125,0.056175596760479264,0.24449783758450758
1.52025,0.15138381843998183,-0.08461461117752524
1.520375,-0.11781935713841808,-0.3901428977505394
1.5205,-0.37235792119643835,-0.34931201274706736
1.520625,-0.5396312956580567,-0.03476297402556305
1.52075,-0.35874276811135253,0.11899781649697123
1.520875,0.026713351692776027,0.12556632680829938
1.521,0.40081616674024717,-0.08874813843826161
1.521125,0.34403530847967667,-0.15487459487986052
1.52125,0.04624587112142307,-0.05700712507814914
1.521375,-0.09530751307187159,0.07217341563784162
1.5215,-0.10045924431814979,0.06751983005811331
1.521625,-0.029289706144629266,-0.04619976621782898
1.52175,0.0004985717178784283,-0.38049938243045206
1.521875,-0.0667603852521529,-0.4719703807519633
1.522,-0.04650559849285552,-0.3307699036130046
1.522125,0.1214459643704229,0.02995567983204358
1.52225,0.3357785115458725,0.3139471485296854
1.522375,0.3870044773392628,0.2889965033549932
1.5225,0.14946430230221355,0.08850104209779758
1.522625,-0.14505384165515775,-0.0969578053859396
1.52275,-0.22157054868233014,-0.087150506974141
1.522875,-0.1287867002189492,-0.028065230988019486
1.523,0.08033476510446318,0.04629469274349098
1.523125,-0.08285306809445173,-0.04543644470943322
1.52325,-0.3690755229129153,-0.0879616229494499
1.523375,-0.566637044070799,0.0546286461898686
1.5235,-0.48078002892192223,0.24088872658402327
1.523625,-0.25189343676808007,0.3067843614160443
1.52375,-0.11831156229872329,0.1498335402339566
1.523875,-0.2485872699971607,-0.11987233068927348
1.524,-0.3460755004854064,-0.17325581321872457
1.524125,-0.3124189474943678,-0.12450122024217579
1.52425,-0.1531010984088298,0.05905052237884967
1.524375,-0.3082192030175867,-0.06848169205854433
1.5245,-0.5136132246513964,-0.33017841837474154
1.524625,-0.6018296319746963,-0.49726165682315704
1.52475,-0.32672770617024127,-0.4737586963000195
1.524875,0.022555817491974942,-0.2368749431115913
1.525,0.052445422768280486,-0.12069130507323608
1.525125,-0.1739720940691582,-0.21775935343864464
1.52525,0.04111948999604895,-0.31730048289775414
1.525375,0.20972375970780105,-0.2181318510176468
1.5255,0.3954807328306178,-0.1267797469155797
1.525625,0.3160423810403437,-0.24559705922862043
1.52575,0.07355052443431633,-0.45942581554531364
1.525875,0.05631991944795567,-0.5679041044559555
1.526,0.19863631774893828,-0.21699080633920934
1.526125,0.4561948328525647,-0.013837875404963196
1.52625,0.6058042924522807,0.04393473819292958
1.526375,0.49117746204715335,-0.06197429364102864
1.5265,0.3130032325451069,-0.023471445725527586
1.526625,0.18618613812228402,0.1975618812757349
1.52675,0.373725644823794,0.35992454061608736
1.526875,0.4607090535607895,0.2605936292767779
1.527,0.3269577478423112,0.09016930341234447
1.527125,0.011741068336091722,0.02525245656857733
1.52725,-0.2276618641670796,0.17409113707050877
1.527375,-0.1733590602198761,0.4252351958460201
1.5275,0.060342416854694915,0.5573989122142017
1.527625,0.1759576534318404,0.4567290559516486
1.52775,0.21990426699969814,0.27118627081169794
1.527875,0.14518048280052703,0.20639987855399947
1.528,0.03671807456797473,0.29331183256848226
1.528125,0.17815247589488542,0.4374071355195231
1.52825,0.19368012276054714,0.26554849515653206
1.528375,0.1701402222293458,0.02472163175155567
1.5285,-0.048743726422082655,-0.19661058166426496
1.528625,-0.2419221306386657,-0.14562661931828233
1.52875,-0.23420676312051725,0.05824329369731051
1.528875,-0.14532938661053907,0.14076468562120428
1.529,0.20078668357893195,0.17064719683196874
1.529125,0.31234857958986356,0.09686866818013398
1.52925,0.27814250386304346,0.057801130688749584
1.529375,-0.04672480236118973,0.10298896030384055
1.5295,-0.2838958807279462,0.2316110969700792
1.529625,-0.17915843799677394,0.16336134570907754
1.52975,0.08467770401041491,0.026633530828119804
1.529875,0.07449068123871455,-0.21252453156634396
1.53,-0.06767116250042418,-0.2459596488712996
1.530125,-0.2144305018223454,-0.08295971645426733
1.53025,-0.0829277975110717,0.18558287595736106
1.530375,-0.05082015475927146,0.3215572324369427
1.5305,-0.09410270285266571,0.21220090370734626
1.530625,-0.21176032280376128,-0.09763522599357059
1.53075,-0.1796657902271151,-0.23471498553253275
1.530875,-0.02852262789102985,-0.18184514250078646
1.531,0.133840836701713,0.049600590081241534
1.531125,0.06014605587034686,0.09918061430973749
1.53125,-0.12364027592100207,-0.11429176842933447
1.531375,-0.3114143157819358,-0.17681119662826822
1.5315,-0.3745432319992363,-0.05216365323025327
1.531625,-0.3093731852712633,-0.03656952420814608
1.53175,-0.33676294958426134,-0.06745296899615842
1.531875,-0.40436429646398014,-0.1696393251550444
1.532,-0.39477057552156813,-0.157673790637451
1.532125,-0.4451020647883628,-0.03320784602533984
1.53225,-0.2674385027408251,0.1010219730365755
1.532375,-0.044371958256106,0.0309323696308334
1.5325,0.19893251893268893,-0.11147748640416981
1.532625,0.2519086320666669,-0.304349065234374
1.53275,0.03237895036306486,-0.3075637590147968
1.532875,-0.2501635232129914,-0.3466823688086774
1.533,-0.36936592484505587,-0.2835967617169408
1.533125,-0.4558366670695531,-0.3374909461860138
1.53325,-0.4267587114213679,-0.4027645816779536
1.533375,-0.3199506347901174,-0.38984461576081486
1.5335,0.0062764127420177505,-0.25444344975447303
1.533625,0.2903782143431794,-0.00044301956141715203
1.53375,0.4602022037663707,0.2278481182088657
1.533875,0.23489560202249604,0.2242565624939587
1.534,0.051615250377213096,0.025061386487444107
1.534125,0.1831995829274686,-0.2581604750229342
1.53425,0.600820000157895,-0.37656076743882333
1.534375,0.785653143402637,-0.42225412611822094
1.5345,0.6309045831786364,-0.4253016112262494
1.534625,0.27375207767903115,-0.2362219554516266
1.53475,0.024022725202209435,-0.043620050537893425
1.534875,-0.006954196015625889,0.26990318828891424
1.535,0.011951984349839016,0.3857220624720327
1.535125,0.1264168022083091,0.20133165149980153
1.53525,0.1542624592708619,0.011297605997417167
1.535375,0.05581402333829372,0.13921258840750203
1.5355,-0.00622007983537944,0.5378959978459019
1.535625,-0.035777812781898004,0.749532646082892
1.53575,0.2334168541671708,0.5421557167940227
1.535875,0.33467055158860626,0.2549251788942222
1.536,0.12602008964578965,0.01429675417694637
1.536125,-0.1053756521625076,-0.02764757330461651
1.53625,-0.23071230590976471,-0.002163979405177518
1.536375,-0.055205908357059276,0.10140937650946481
1.5365,0.108532357077177,0.11914046190968916
1.536625,0.09509978048933088,0.08030474072944878
1.53675,0.21921375153551878,-0.06916585338535322
1.536875,0.4324849017285488,0.015811771164146768
1.537,0.34300577329594606,0.19609607304757667
1.537125,0.042636907191499186,0.28396534170166876
1.53725,-0.07841267695432504,0.1866461635389504
1.537375,0.07878727838784536,-0.10782016185732281
1.5375,0.20134799049339197,-0.18267253062410074
1.537625,0.10758884167270748,-0.06793364538258466
1.53775,-0.06693451995333757,0.0257924713220643
1.537875,-0.2828388393209631,0.10322312722313003
1.538,-0.17329383788744537,0.2589671733333879
1.538125,-0.06863016073352898,0.333932193824905
1.53825,0.1695305756303182,0.2722669986660275
1.538375,0.18247748130486446,0.08578364707495535
1.5385,-0.06237776670428158,-0.05286769419719342
1.538625,-0.28626426685381784,0.05914784272340081
1.53875,-0.3354499033990833,0.18107884161427829
1.538875,-0.23557509622607634,0.12352655121235144
1.539,-0.018655467574071282,-0.07559472555841874
1.539125,0.08396402913813268,-0.26651817474613915
1.53925,0.15380342796255986,-0.21328184914158324
1.539375,0.10443641544419086,-0.092823319292703
1.5395,-0.07596878257243123,0.13367591999193942
1.539625,-0.09401192534102681,0.17539894495535646
1.53975,-0.17896286079626522,-0.04592067096052006
1.539875,-0.24839804697161597,-0.25796657357305786
1.54,-0.3773173012855684,-0.36366780855881614
1.540125,-0.42923769600032957,-0.1761429776600913
1.54025,-0.5149285505424293,-0.04012883644207756
1.540375,-0.5166326754395645,0.052338776739223006
1.5405,-0.386327825271183,0.13269288273246407
1.540625,-0.296876179649393,0.1186642428800939
1.54075,-0.24456151448217184,-0.0025569957715119093
1.540875,-0.20894898717864321,-0.13958599275396671
1.541,-0.22182299156995533,-0.16549936417736347
1.541125,-0.19349359590488627,-0.19814273111641698
1.54125,-0.21188911580298642,-0.33177362063292887
1.541375,-0.239165048138539,-0.3584205776292895
1.5415,-0.07954512510878914,-0.4321449140408507
1.541625,0.2026138846202278,-0.4218240219642037
1.54175,0.299978073941639,-0.37226472837645636
1.541875,0.037450753388169895,-0.28981247048653225
1.542,-0.12945996156589445,-0.24537529873474687
1.542125,-0.06875379125489173,-0.20361232249925745
1.54225,0.1407408354964991,-0.15569548650109838
1.542375,0.2741527135877608,-0.15973765183212787
1.5425,0.32412228391763603,-0.1679613496710406
1.542625,0.34722139462140666,-0.16899317078235096
1.54275,0.23165938236343792,-0.0438433884183481
1.542875,0.14476294334812703,0.14749922570100216
1.543,0.18274181104060133,0.23843781015029783
1.543125,0.4175848421678231,0.08756789325283097
1.54325,0.7096313870227667,-0.1264963576775993
1.543375,0.6770181310868442,-0.04943568274507945
1.5435,0.34175293257912276,0.16877949431084038
1.543625,0.11640814017685945,0.22174413767317594
1.54375,0.20954787258538568,0.26361549298441356
1.543875,0.260907380476037,0.3035052836981893
1.544,0.15467194405150317,0.14188639603958267
1.544125,-0.029522488708908612,0.175824533002728
1.54425,-0.06768052306064691,0.12929784463402166
1.544375,0.008793821537281218,0.4082054221223016
1.5445,0.07363534367525434,0.6440573047433984
1.544625,0.012397310766109894,0.5731362434121756
1.54475,-0.060872147801516056,0.3039453875476216
1.544875,-0.08146597951578459,0.1216186545858232
1.545,-0.11725581906658378,0.21912613024912125
1.545125,-0.09655206296802593,0.21024145761650873
1.54525,-0.044934829926419236,0.11557774870753677
1.545375,0.07570832558157535,-0.052009531478197306
1.5455,0.025283547788443682,-0.07081042684670295
1.545625,-0.0889485118909124,0.034144421922069755
1.54575,-0.016135277805506096,0.05986506732501016
1.545875,0.17749606297999745,-0.02609786256608125
1.546,0.2888127533819801,-0.036858203773161735
1.546125,0.12470250262517232,-0.0696674396618754
1.54625,-0.23852590853463188,-0.10225168967244119
1.546375,-0.3610647377568425,-0.1132983474272864
1.5465,-0.08032775925002321,-0.020765439421592664
1.546625,0.26249628230856703,0.08808177745278735
1.54675,0.43511977715675837,0.0099477026909058
1.546875,0.3537299016383845,-0.09461320623868612
1.547,0.08779111733895117,0.00260177799359135
1.547125,-0.13856793036000958,0.15798691245803476
1.54725,-0.2833213908855773,0.26212830625384115
1.547375,-0.33385437726301087,0.02172331681210459
1.5475,-0.3156421930371524,-0.21724158932599946
1.547625,-0.22493142909936686,-0.2885324658849508
1.54775,-0.22313344323393652,-0.12530043344119993
1.547875,-0.100983388879256,0.19518994763743405
1.548,-0.10093310178524244,0.42185216350413607
1.548125,0.0397174720937046,0.32823554500530266
1.54825,0.037282990597455136,0.08836852481669202
1.548375,-0.09255826904606002,-0.128563240528423
1.5485,-0.2644010101305268,-0.28583377121272846
1.548625,-0.4294406682294286,-0.27852053943046345
1.54875,-0.3171952958246515,-0.2977610007491207
1.548875,-0.1953698689913002,-0.2198305911165917
1.549,-0.25924570017156545,-0.17357792128534613
1.549125,-0.4569320644109332,-0.09093159096258126
1.54925,-0.6267796033298869,-0.0847374581055699
1.549375,-0.568790749690236,-0.021992610738371263
1.5495,-0.20873346176874574,-0.02040355989933979
1.549625,-0.054322858344804395,-0.05409485244378596
1.54975,-0.19841840977467004,-0.24427771648947708
1.549875,-0.38438432159957225,-0.3236421673379419
1.55,-0.2661899875354498,-0.3288618534460008
1.550125,-0.016534169068397494,-0.1714577552852222
1.55025,0.17635768994628195,-0.14882569297654952
1.550375,0.09743149576464794,-0.38329535555148364
1.5505,0.04126975549255095,-0.5892310323876333
1.550625,0.1951589561436359,-0.5004867356976948
1.55075,0.4170224906475143,-0.2033687900445525
1.550875,0.5528856176777297,-0.047870532932097754
1.551,0.5017420641545459,-0.18399809005511708
1.551125,0.32022932592258807,-0.3372746716435877
1.55125,0.3323785231625269,-0.24913797788042366
1.551375,0.44313599282914,-0.0268388862223461
1.5515,0.45152838024249037,0.14693107470729608
1.551625,0.2815554814180555,0.05449908355043764
1.55175,0.10945263965466016,0.032411468215003944
1.551875,0.16168875311233505,0.17112751329834652
1.552,0.35052963397696657,0.41518877593933307
1.552125,0.4694531166041086,0.45873596745117967
1.55225,0.3457293150935493,0.4040197169285669
1.552375,0.13916721388838624,0.28303512795288654
1.5525,0.06687630556117621,0.32932364606005937
1.552625,0.18201746152371412,0.38760910263091125
1.55275,0.29369538338518925,0.41984784003501663
1.552875,0.39431568903052105,0.2348742952360461
1.553,0.27788271807642523,0.10713843923765186
1.553125,0.19114339602237135,0.1161708575210223
1.55325,-0.09077573615188098,0.31314896619482374
1.553375,-0.3695919824222394,0.3927542951069086
1.5535,-0.44450014021728945,0.3440451306809935
1.553625,-0.24950403517917108,0.13617025155358595
1.55375,0.03902781942126466,0.05476104359940715
1.553875,0.12466420070670597,0.16264785608399396
1.554,0.0018917977192604916,0.23765150064398793
1.554125,-0.20703482399317577,0.3068175929524741
1.55425,-0.27910236057355886,0.28344139719096806
1.554375,-0.33988868287819585,0.17237314235764695
1.5545,-0.14712088836870216,-0.07940669818567721
1.554625,0.061597014478520784,-0.3290363089135666
1.55475,0.14881266155259293,-0.3874749779908128
1.554875,-0.01763017232185648,-0.25256657137003163
1.555,-0.2838488960264066,0.02905769987848819
1.555125,-0.280981430741631,0.07970119347503597
1.55525,-0.05943034254834851,-0.017335230328860952
1.555375,0.17416289860796427,-0.1568219577364042
1.5555,0.10636910602159522,-0.2244175432276943
1.555625,-0.12460800546634207,-0.2638320108999364
1.55575,-0.1692224656745933,-0.11527837957470342
1.555875,-0.04383640602769665,0.05394567681896716
1.556,-0.026054213473349835,0.1446265015564935
1.556125,-0.08869007747163152,0.006482606061226694
1.55625,-0.14930031420566353,-0.22216820351916994
1.556375,-0.11192303414984761,-0.2873916122722087
1.5565,-0.014144556681913696,0.03329353531542985
1.556625,0.10439479688091714,0.22273014767754554
1.55675,-0.0756896261110855,0.13973877298400533
1.556875,-0.2593571196093586,-0.08478716190405906
1.557,-0.38751388691748573,-0.14927310136467825
1.557125,-0.35661391663538794,-0.03075520116917382
1.55725,-0.2865016865984788,0.0009430217564254768
1.557375,-0.30821136296943336,-0.09946262601551673
1.5575,-0.5753737600414411,-0.1731322560297216
1.557625,-0.6623179319097785,-0.08452703213562715
1.55775,-0.6371199135684349,0.020898105052675434
1.557875,-0.27278978120095065,0.06247545129779254
1.558,0.018296851199729944,-0.06528105067856214
1.558125,0.13029056115820023,-0.2813775834568514
1.55825,0.17096462603058968,-0.3607982537907388
1.558375,0.24015637887134028,-0.3217294787505826
1.5585,0.280059322088004,-0.26524572612710207
1.558625,0.2077300161512674,-0.2905854378738074
1.55875,-0.041234306723637204,-0.5039123193898822
1.558875,-0.10451768617367291,-0.6642428916663852
1.559,0.021080688723712906,-0.5125738545737155
1.559125,0.3853110694234144,-0.20694280292974565
1.55925,0.6126488512897932,0.020317513442486997
1.559375,0.4685737807489418,0.10027904755484318
1.5595,-0.012885219705036801,0.1595652666227938
1.559625,-0.12261074785809481,0.24507738741379723
1.55975,0.1095364219346664,0.2052269979089203
1.559875,0.44845049591255304,0.1326760105370264
1.56,0.5152826857952333,-0.031077046463851205
1.560125,0.35437911911152403,-0.09629529576789767
1.56025,0.19247237047796323,0.042137439807046505
1.560375,0.10933524994205579,0.32143756278998015
1.5605,0.12372438313976676,0.54185633139907
1.560625,0.14864082129882508,0.36736151478511236
1.56075,0.23549323498537356,0.03605601211113246
1.560875,0.09114597415037831,-0.10945854644539625
1.561,-0.11134382862363904,0.16654518198368606
1.561125,-0.23972591876893834,0.3765000192678186
1.56125,-0.0633661455036436,0.4069259709774098
1.561375,0.25776533550208547,0.3439026102591023
1.5615,0.43549833473461536,0.174478763120156
1.561625,0.17020244872229368,0.08303607160912026
1.56175,-0.10940672074009646,0.07930157784300133
1.561875,-0.2863644769623145,0.13582883245277566
1.562,-0.07695163657746619,0.20526201148255901
1.562125,0.24384435903896398,0.1373640080700163
1.56225,0.40591685110889625,-0.06482382128299978
1.562375,0.21577237843145522,-0.18327397773964735
1.5625,-0.15513175059324463,-0.06451332545584043
1.562625,-0.2702161617681656,0.20411210019315842
1.56275,-0.1638530237644954,0.3929943377853666
1.562875,0.16231184132676785,0.25317199275614116
1.563,0.33852451497492037,-0.12274395889680628
1.563125,0.2815198083437194,-0.2321864078226237
1.56325,0.032126834577745664,-0.06286717045203838
1.563375,-0.20416818617044136,0.2509153670412969
1.5635,-0.19960405225779113,0.40865129138765993
1.563625,-0.012796073927324745,0.16819974800911516
1.56375,0.17982407069442852,-0.1512797413044911
1.563875,0.03025984413492306,-0.2781380105696761
1.564,-0.3122409724661166,-0.14161688909370668
1.564125,-0.6738704515619741,0.16904948810670684
1.56425,-0.7423178694377499,0.32422361571362496
1.564375,-0.41148425273560685,0.20585657965715703
1.5645,-0.015840473909740072,0.023652116615014825
1.564625,0.17751426490979996,-0.17452976713213258
1.56475,-0.03428817040765557,-0.1862586662800549
1.564875,-0.3539573914038961,-0.02129528395020869
1.565,-0.47262995951477194,0.14039327627866194
1.565125,-0.3754153658841179,0.0008896494115637078
1.56525,-0.14105707023702302,-0.28433518979318995
1.565375,-0.1108963038396756,-0.6141891011796399
1.5655,-0.25842157406309935,-0.6820348680247873
1.565625,-0.47171876114380523,-0.4099815134465933
1.56575,-0.5631879009433318,0.0036823559384154066
1.565875,-0.3939389533414032,0.17859651453764866
1.566,-0.19142302668824673,-0.031113175839349645
1.566125,-0.1330352352205142,-0.3212252502710961
1.56625,-0.06283919533901454,-0.40654138995669614
1.566375,-0.05418086237211725,-0.2563101991005849
1.5665,-0.002657738531390632,-0.0922066147936577
1.566625,0.04977853007631567,-0.09560210273784993
1.56675,0.20512398945893176,-0.28963983313787917
1.566875,0.43122900446648704,-0.4348597194721574
1.567,0.519293991498737,-0.48072219128532956
1.567125,0.4231063644416837,-0.38001029058683977
1.56725,0.050947334004130554,-0.2237182328955229
1.567375,-0.026483410831812645,-0.14924595502348406
1.5675,0.06267595164161743,-0.006178863078468582
1.567625,0.21971082347742601,-0.0056348791606149725
1.56775,0.2784141980335658,-0.01833615277977977
1.567875,0.2595628465692,0.023490765845377362
1.568,0.2122948916518625,0.231423895732876
1.568125,0.30423935130220675,0.3528310844488863
1.56825,0.2657214718759709,0.4704561391433266
1.568375,0.20044815483067832,0.35088022862040585
1.5685,0.1354097491805982,0.11136616128164181
1.568625,-0.028781786871399002,-0.022818320807713965
1.56875,0.06215115164559703,0.05709907528878793
1.568875,0.07379816721474136,0.23199533189986626
1.569,0.1986889549914344,0.3153735827846647
1.569125,0.19905614827750187,0.27781631919853284
1.56925,0.2269217548779411,0.24359250643814492
1.569375,0.2874138929870769,0.2662892052354136
1.5695,0.27358632289048557,0.24958960722699763
1.569625,0.22262919996971559,0.16966032729577124
1.56975,-0.07882425370686645,0.07077136601901769
1.569875,-0.24839969142019286,-0.04673679762611817
1.57,-0.1739372386808595,0.0043355895858979915
1.570125,0.18209680274990186,0.03674656983883345
1.57025,0.41931963380196074,0.19388546593668562
1.570375,0.3067496441682216,0.18734327210123297
1.5705,0.061512487317540165,0.22373717555940487
1.570625,-0.11345323507762547,0.2221133346717317
1.57075,-0.08189171494487077,0.25889260318006957
1.570875,-0.09479830339048449,0.15703360113675996
1.571,-0.09771424359161518,-0.012009102078870354
1.571125,-0.14541191014906615,-0.26260808135380026
1.57125,-0.17533967410517687,-0.1265774048200097
1.571375,-0.21238270389415642,0.18574364297108675
1.5715,-0.10991004728060659,0.3955334450953857
1.571625,-0.08377127869445652,0.2953478125707021
1.57175,-0.1375980991087306,0.020152813422907655
1.571875,-0.3683983633593754,-0.11644139714953067
1.572,-0.38816482510715294,-0.08848898956096157
1.572125,-0.15734190982894952,-0.09263253832330806
1.57225,0.16857757413304794,-0.07395807881407365
1.572375,0.3075447885815737,-0.16112408714085563
1.5725,0.13193562935563566,-0.156194582062621
1.572625,-0.04381833719647654,-0.19936667317782045
1.57275,-0.01711751246992806,-0.07604380369365761
1.572875,0.1826119224519134,-0.024560518448381585
1.573,0.19052253870331282,-0.12565612811746538
1.573125,-0.07195977332144828,-0.3000348858366286
1.57325,-0.3299770623370736,-0.33622915783333984
1.573375,-0.44810276329694537,-0.1580884979239256
1.5735,-0.4116034881564659,0.15937930210634196
1.573625,-0.2775158886007303,0.2730463223833153
1.57375,-0.34654001664784667,0.14445397583450714
1.573875,-0.3602979576610358,-0.07219215703507849
1.574,-0.3197331559448153,0.01573735502916215
1.574125,-0.12017352863429792,0.15703658725200811
1.57425,-0.10432934330479603,0.12196766384564602
1.574375,-0.27596105387347775,-0.08717175202786914
1.5745,-0.3203633319831613,-0.28919890149578903
1.574625,-0.3620999090555886,-0.4401094834920864
1.57475,-0.30990720279303124,-0.37890719040497683
1.574875,-0.2615611600924475,-0.2876884674460883
1.575,-0.18172835597810721,-0.2529551098705813
1.575125,0.0035319040804293396,-0.285673352246171
1.57525,0.20079047062610927,-0.3081216541714337
1.575375,0.26209083355394663,-0.18253966666289778
1.5755,0.15981914084739157,-0.1047030695602703
1.575625,0.15828859169315565,-0.19284780909908653
1.57575,0.3046067651203115,-0.2965600056637607
1.575875,0.41872155806349853,-0.3000905799746422
1.576,0.4507449693000307,-0.32239810286664444
1.576125,0.2575698177574012,-0.25070774776334676
1.57625,0.15472123585435688,-0.18774192501330936
1.576375,0.15083663956800766,0.02140533751503315
1.5765,0.23566138197913442,0.19482665311391326
1.576625,0.3286048805739604,0.25700905913109745
1.57675,0.21191561306782014,0.1617380242581759
1.576875,0.15834133834039965,0.15942588875177804
1.577,0.2722520301846231,0.2578832621977837
1.577125,0.38748317839216867,0.4167019278252722
1.57725,0.4402148388148806,0.3969066412763557
1.577375,0.27118446481844943,0.2526871286032293
1.5775,0.19463214496244147,0.11089145316325073
1.577625,0.08059340520206514,0.1289751342453328
1.57775,0.005370696378984906,0.2617709274222841
1.577875,-0.19729391564354484,0.281833608188554
1.578,-0.2052769285349915,0.2692646107424939
1.578125,0.005930824590180238,0.1719410462819173
1.57825,0.287796107214956,0.22144612821616208
1.578375,0.40167647331312967,0.36528643802160743
1.5785,0.2937373110305899,0.36818367913446615
1.578625,0.0768505510653012,0.2277012699259335
1.57875,-0.1185288527409559,0.1641059133638759
1.578875,-0.1771672510848972,0.08563004286948316
1.579,-0.1948033106222243,-0.0742766558058857
1.579125,-0.2191516878137663,-0.1567328918845463
1.57925,-0.29407272422829916,-0.2345915433116663
1.579375,-0.3165393885378154,-0.013975873597566638
1.5795,-0.21132632917147498,0.2555724630520318
1.579625,-0.12414464271441827,0.3747831080652555
1.57975,-0.007337710753702167,0.2462899707148629
1.579875,0.14497313754770846,0.09085150937008908
1.58,0.1745017947725434,-0.073787850990777
1.580125,0.07913710505837346,-0.1723577534936156
1.58025,-0.03585361985303267,-0.18291068402652838
1.580375,-0.25335432712061157,-0.22074291533230425
1.5805,-0.3877201753494073,-0.24043525508051775
1.580625,-0.30229392953890305,-0.2894427510018031
1.58075,-0.03605356599484989,-0.22347058049551638
1.580875,0.04746637010778768,-0.11963509589872175
1.581,0.06964701758303635,-0.013480163942420539
1.581125,0.027259417570952325,0.07879197639173702
1.58125,-0.0321106513612181,0.14231389629515856
1.581375,-0.06141799978164476,0.08615623927795608
1.5815,-0.04169269037813522,-0.04967487191958891
1.581625,-0.10854856687829509,-0.22388582658590886
1.58175,-0.20234937922973975,-0.3414576689615306
1.581875,-0.2371428566575067,-0.3070691950326057
1.582,-0.30379756789379925,-0.10649128840325632
1.582125,-0.1903632463486694,0.04516490375099873
1.58225,0.07991057348944909,0.060824512040136405
1.582375,0.06563782842669089,0.008706793502771322
1.5825,-0.15581784302362617,0.04062932619254459
1.582625,-0.4168478147671064,-0.07864549597935688
1.58275,-0.4793905306879829,0.00586857325109591
1.582875,-0.33307203860218587,-0.1293278260021902
1.583,0.01573515754991283,-0.24435415425164095
1.583125,0.06337737918907765,-0.25870441386178944
1.58325,-0.004545313019532046,-0.2515452928472036
1.583375,-0.08935457358801029,-0.15605146263362613
1.5835,-0.10746584343298368,0.03362785941118441
1.583625,-0.10293668828026697,0.1015753222449504
1.58375,-0.1958325725557679,-0.1679756734992206
1.583875,-0.3916214487932861,-0.4106950993655587
1.584,-0.4330882222119796,-0.4302260898280371
1.584125,-0.1383867244609613,-0.25861050084158166
1.58425,0.2628468251099741,-0.04458071762696899
1.584375,0.5530596435891699,0.09217455805366001
1.5845,0.5441868267639579,0.020849312943905057
1.584625,0.32157801856269375,-0.06976572554386887
1.58475,0.13645104619921755,-0.08479671196641014
1.584875,0.1255475175701551,-0.05055193886460959
1.585,0.23453702154173733,-0.16934707468994745
1.585125,0.33227318927221844,-0.35775497656429023
1.58525,0.40539410499140993,-0.3813791696456424
1.585375,0.341776769705179,-0.14337347330955846
1.5855,0.3029850037289536,0.24551608417830356
1.585625,0.2694035709732811,0.4854666912903636
1.58575,0.20839383653955593,0.49665161920604944
1.585875,0.1511255901264907,0.3012978152023414
1.586,0.10830333141396352,0.18553076625589518
1.586125,0.12751882534274933,0.09586655987277448
1.58625,0.21533391452569692,0.23725910139929537
1.586375,0.30162107597145654,0.35664687030788234
1.5865,0.3590036612579591,0.33116884279404535
1.586625,0.2521537492858837,0.33562003609374974
1.58675,0.07168896243841082,0.22059189801629578
1.586875,-0.10954507214608558,0.21071172496391857
1.587,-0.09214127558314467,0.1991044560142598
1.587125,-0.011808282130342787,0.1255227216249735
1.58725,0.010049750430724808,0.14368876763135785
1.587375,-0.02025267325300874,0.14657256068984437
1.5875,-0.11358520238913922,0.14107179251143237
1.587625,-0.13312349564765266,0.2532305276056696
1.58775,0.011049544261697694,0.3038449438012099
1.587875,0.05358231088210265,0.2544409924715509
1.588,0.05622224014845936,0.05478596878357827
1.588125,0.006396667972991438,-0.07835030883123377
1.58825,-0.03902957442377353,-0.07633051164851973
1.588375,-0.15628408599708746,-0.0028596578346239856
1.5885,-0.2796169528663615,0.03175922116271905
1.588625,-0.3935602160970159,-0.08835040012411832
1.58875,-0.2943150509828124,-0.14779913733089736
1.588875,0.008134242930557601,-0.12143541297279505
1.589,0.14436958318524054,-0.023603465567629402
1.589125,-0.09863255029638303,0.07994758613247138
1.58925,-0.3009450282645971,0.016507239621189933
1.589375,-0.2906984666663439,-0.10908606995558524
1.5895,-0.08388651586718321,-0.07269280413964686
1.589625,0.057485841267925726,-0.1316415210381306
1.58975,0.07955053320223293,-0.2749191110891578
1.589875,-0.1524077393077025,-0.3404700719832281
1.59,-0.37175522615372736,-0.24390406416966895
1.590125,-0.46937467516342213,0.03359043537196171
1.59025,-0.37406002237424435,0.11712348054941177
1.590375,-0.20747310793722681,-0.04256556225478599
1.5905,-0.15326849948444854,-0.25903811234347884
1.590625,-0.3199457268870494,-0.25948192110564017
1.59075,-0.42395646026591294,-0.07838272743498323
1.590875,-0.4370898665302819,0.08173621296845356
1.591,-0.32914103186374316,0.010908718004487937
1.591125,-0.13291789813359348,-0.14201033260048354
1.59125,-0.16525843614016236,-0.35354240807359416
1.591375,-0.1720112651395922,-0.4173473565293947
1.5915,-0.16023638989055497,-0.3647123841698467
1.591625,0.04627193425119938,-0.19052989223968397
1.59175,0.19642283949350745,-0.16808354811440873
1.591875,0.07995086904271041,-0.2445038900492627
1.592,0.04801862924424914,-0.3318558485463258
1.592125,0.24690459416818075,-0.4722944653609124
1.59225,0.5799758327393292,-0.3077791227472351
1.592375,0.5746758730967905,-0.143710147214659
1.5925,0.3723038759049771,-0.13270821409983588
1.592625,0.12410657132880552,-0.15894805799127068
1.59275,0.06827859931223641,-0.14864901118204624
1.592875,0.1949299900419658,0.047748452400500935
1.593,0.36580847878137707,0.18561204067932197
1.593125,0.3151501894282384,0.10529378987918982
1.59325,0.256218017265475,0.06483043234439996
1.593375,0.22000348759355842,0.21807355437859238
1.5935,0.2083918719690889,0.515934302826168
1.593625,0.191549187894046,0.5911009056170302
1.59375,-0.017992740388996266,0.37238481642174737
1.593875,-0.06024797886396949,0.08599239183788064
1.594,0.1466699965540894,0.10811755689980368
1.594125,0.28461887634368643,0.21614006166904903
1.59425,0.1741316327271194,0.3802604038240649
1.594375,-0.10298821063489319,0.34617580228362604
1.5945,-0.22925351151222947,0.2476270451595129
1.594625,-0.058118745914123505,0.16394705335837143
1.59475,0.06641242059855931,0.23418514589416473
1.594875,0.14708580068258348,0.1547703950271554
1.595,0.12066961892943512,0.0034093263791788184
1.595125,0.21321234321550958,-0.07673185344572306
1.59525,0.11633452834244504,0.13099072232291423
1.595375,0.0416817888562564,0.2789688282895195
1.5955,0.015115960991081066,0.18650913255671375
1.595625,0.0072330049529631185,-0.09284752091472569
1.59575,0.011352207941928458,-0.22469303885149286
1.595875,-3.485104657431897e-05,-0.09246823295743006
1.596,-0.014620963418069918,0.0495806237102824
1.596125,-0.05394182270616269,0.1345201599653784
1.59625,-0.11731015890657397,0.1480831818844442
1.596375,-0.04897494066265099,0.12456379769098966
1.5965,-0.01265161231213237,0.10991577673933332
1.596625,-0.07085102812463799,0.0191589276456753
1.59675,-0.1434569277804731,0.022191068709469408
1.596875,-0.2051216569784917,0.003694126337018414
1.597,-0.07109127342044563,0.011833534609418718
1.597125,0.08137685056890337,-0.013602747507091473
1.59725,-0.0602223664512073,0.021452963177255032
1.597375,-0.25786526320783704,-0.07277442606569783
1.5975,-0.2269951768633153,-0.09243581498103745
1.597625,-0.012922504785844339,-0.07581178358569012
1.59775,0.25718915883557225,-0.03431108904652401
1.597875,0.08581925570865173,-0.036179489087946784
1.598,-0.2080903632645143,-0.13042730558620577
1.598125,-0.44386827951042424,-0.1400744805341172
1.59825,-0.3938676082929549,-0.03431791863680858
1.598375,-0.19403935827860733,0.03566577513190974
1.5985,-0.007507914274798853,-0.06658146292741876
1.598625,-0.03497474341994465,-0.24801188218366446
1.59875,-0.2279031215274064,-0.24913544536428703
1.598875,-0.4092546095253345,0.032760918013077324
1.599,-0.4343761091432247,0.20787736881308064
1.599125,-0.4031953070670344,0.08084202066769496
1.59925,-0.37096926616621817,-0.20337071566230533
1.599375,-0.327110078741979,-0.38401931185541827
1.5995,-0.225325338084895,-0.38134402902439446
1.599625,-0.06622672023920492,-0.15712283884881498
1.59975,0.011661415126018298,0.03339041423533213
1.599875,0.014006819666464772,-0.007524136572911855
1.6,-0.03412648839363854,-0.18186448783524437
1.600125,-0.03710948573669321,-0.35374184665806463
1.60025,0.043403642385725826,-0.3951369217079219
1.600375,0.30721861731126904,-0.39406286474555136
1.6005,0.4401845737496046,-0.30427549564129325
1.600625,0.38745622871665636,-0.2750520783035621
1.60075,0.2496708504422697,-0.21298491657244129
1.600875,0.1884171965085644,-0.05252582869129673
1.601,0.23274917077544474,0.003590360565069015
1.601125,0.3128583685767811,0.01861207016471456
1.60125,0.19985059554437842,-0.046677338210036175
1.601375,0.2502246009169469,-0.04613084854843781
1.6015,0.3693892634378791,0.08186367627918187
1.601625,0.39486467418903615,0.3352176749357819
1.60175,0.14321877318062337,0.4665858299029308
1.601875,-0.056631922325882156,0.36500761256215103
1.602,0.003290760603345183,0.22245729542922407
1.602125,0.20662915306619936,0.18848210402074456
1.60225,0.23213735660013993,0.2101652757317003
1.602375,0.015298366455157973,0.26034601460944523
1.6025,-0.16918926717785338,0.2554697759949145
1.602625,-0.23659650089970383,0.23516449088127034
1.60275,-0.09448335898200035,0.37410364761838744
1.602875,-0.004334890607344667,0.2949338615665354
1.603,0.08547197317432827,0.12884501925444986
1.603125,0.06335340159003182,-0.019085521574009837
1.60325,-0.021327883638856956,-0.006853675572248979
1.603375,0.01462268099423488,0.16046419598317188
1.6035,-0.005176410857140857,0.20637451455643363
1.603625,0.09755412401431993,0.050406715903349046
1.60375,0.1838991028754495,-0.12706182136558278
1.603875,0.0894339599295936,-0.19100883329228413
1.604,0.011196891944045129,-0.11776971340527616
1.604125,0.1994939889108233,0.038887964801634874
1.60425,0.3672638442141507,0.11250813380807388
1.604375,0.43382472786049475,0.06604827463845067
1.6045,0.22175494821056568,-0.004343029116157526
1.604625,0.007465711473323279,-0.019940684843946163
1.60475,-0.06466082780894905,0.008203385877028653
1.604875,-0.24327406659036918,0.13004990804647135
1.605,-0.46165715146470593,0.12249674610363671
1.605125,-0.5518679897387506,0.09669498524743748
1.60525,-0.3918833648396562,0.05513543458943327
1.605375,-0.13224465902771473,0.17313742356452652
1.6055,0.058829012604686065,0.3663647820698835
1.605625,0.11665926972648677,0.3216610346662625
1.60575,0.12340398466579841,0.20099424636200183
1.605875,0.09109415325921483,0.05471724762760951
1.606,-0.18424405215898795,-0.03921763985879873
1.606125,-0.24213529624569846,-0.1816278204954985
1.60625,-0.10356463403109914,-0.4094339468229281
1.606375,0.14196751824306317,-0.43722322262750385
1.6065,0.23745615302822415,-0.31366067715188534
1.606625,0.0008701365184506264,-0.12188171078535924
1.60675,-0.2275597100401967,0.08934030890823785
1.606875,-0.38651838556244467,0.18992036039230206
1.607,-0.3592924511963554,0.13259776281197297
1.607125,-0.19589802848374147,0.013542310217608768
1.60725,-0.09015706527454269,-0.11844450438210416
1.607375,-0.2267320332493957,-0.1603188598920697
1.6075,-0.43134219756890035,-0.10576252383477504
1.607625,-0.5335262738215646,0.11779235504822698
1.60775,-0.431532540845434,0.21823827797259743
1.607875,-0.26679898702337584,0.024295720809660422
1.608,-0.19759455326061287,-0.22843808101918997
1.608125,-0.3170255759699221,-0.3409481649478626
1.60825,-0.44343898361598444,-0.29472484130950666
1.608375,-0.3400207376049673,-0.1998404933558072
1.6085,-0.013747399758623526,-0.046321761519329575
1.608625,0.2928472483586501,-0.2260730981970312
1.60875,0.397334941069682,-0.40684974380080846
1.608875,0.19096761762242118,-0.5040686427232781
1.609,-0.054828009150736934,-0.3553436313795517
1.609125,-0.08277389090959238,-0.21844941461569184
1.60925,0.11023780737437078,-0.20053111114504898
1.609375,0.3744361801847005,-0.2838665653280823
1.6095,0.4047084879262868,-0.377238421139324
1.609625,0.23421560781047332,-0.2865296751301482
1.60975,0.11496562184738275,0.010174848744936097
1.609875,0.20005193735004692,0.2722599907154229
1.61,0.4745867526128894,0.30807300226104006
1.610125,0.720128488677356,0.16797387334795585
1.61025,0.5328415345772173,-0.010753830393294998
1.610375,0.2774515443854153,-0.09521338370690226
1.6105,-0.01079438315574092,0.13578948238238062
1.610625,-0.029714348723358586,0.34399853890715637
1.61075,0.09362954555621579,0.3846282583638756
1.610875,0.1375006140886344,0.2228314802239341
1.611,0.13155842586954677,0.10069986053128531
1.611125,0.1429205317832872,0.21586580977440942
1.61125,0.13665883707377863,0.4529118245500403
1.611375,0.13237602099074733,0.5882677934267271
1.6115,0.061213241049799194,0.4993600308312684
1.611625,0.12284153552547465,0.25205086142964744
1.61175,0.1659656824643294,0.0015507646538758112
1.611875,0.13529069693636736,-0.046295991996981395
1.612,0.019185381579349018,0.055935124813295406
1.612125,-0.05684853357900924,0.1855032610443796
1.61225,-0.0917862031958479,0.14163995381506905
1.612375,0.1303514348818288,0.1250237738430918
1.6125,0.3641381233289397,0.16069118019189632
1.612625,0.39166581562176467,0.06809803332127527
1.61275,0.24677772313951246,0.07062504937104397
1.612875,0.003925481125008093,0.0964111530853739
1.613,-0.19106225005131122,0.09330221295342944
1.613125,-0.44057709440543963,0.07744465537908961
1.61325,-0.5771216932661878,0.02578382721846792
1.613375,-0.4528574915962133,-0.06064326634061773
1.6135,-0.05765393368186604,-0.04808315477930145
1.613625,0.16966121780888344,0.15092844527871946
1.61375,0.1408965416669929,0.3358200047002094
1.613875,-0.13884827456442747,0.29850828387075445
1.614,-0.16627180618507395,0.16798316920522352
1.614125,-0.14138831178922745,-0.06299583899534167
1.61425,-0.23222215584218273,-0.13803025251278658
1.614375,-0.33975766690917186,-0.37248272504473906
1.6145,-0.3960267772429063,-0.49645805621106887
1.614625,-0.33782192877332623,-0.35866733310401167
1.61475,-0.16658326943754959,-0.044430047858336694
1.614875,0.0527112119360168,0.152635943234831
1.615,0.24700808056463303,0.12379177159873973
1.615125,0.23908711441585714,-0.03752314642928638
1.61525,-0.09936415290106354,-0.1551896900877039
1.615375,-0.2689127189906279,-0.13647118292406962
1.6155,-0.22726442083973994,-0.18349782962469124
1.615625,-0.09225401580930757,-0.27384258622197544
1.61575,-0.09062018237325306,-0.3496992317857237
1.615875,-0.2653324440635546,-0.33457905736449617
1.616,-0.5273663935837675,-0.14654435906907565
1.616125,-0.6277627074429835,0.0859480391591542
1.61625,-0.6538318692330689,0.25442330080868336
1.616375,-0.6031618024786618,0.12540234599929112
1.6165,-0.41946581657874465,-0.06882685817816714
1.616625,-0.3101635530508036,-0.23458331085065887
1.61675,-0.232513355296387,-0.20701516928122815
1.616875,-0.04085544711460505,-0.07512699229633052
1.617,0.224845507561807,-0.04155177264727698
1.617125,0.5042625242454681,-0.2590153105671367
1.61725,0.6614069831805808,-0.48003063931995626
1.617375,0.6346331801844842,-0.6460508494151286
1.6175,0.44991066301100446,-0.6015038434181471
1.617625,0.27408140181843205,-0.5372136815321482
1.61775,0.23740284081107663,-0.3756572514142997
1.617875,0.36254766888360923,-0.3258560243614986
1.618,0.3699736677066916,-0.2386369240554075
1.618125,0.17265011381120712,-0.07434718176450834
1.61825,0.21021483062036703,0.15002770646586167
1.618375,0.44238332015662196,0.43376035981798167
1.6185,0.7475792000353437,0.5641772824999683
1.618625,0.5778337578498304,0.5787551713122412
1.61875,0.12810523964195303,0.4114288410551086
1.618875,-0.04858146640295228,0.23000975488258377
1.619,0.05903485841500282,0.16358868235769794
1.619125,0.27205486690855823,0.31708638839915637
1.61925,0.22188065440994442,0.3489782362809315
1.619375,0.03206212453166378,0.18692051906042287
1.6195,-0.20714458044881154,0.12996885854742013
1.619625,-0.20802759215848515,0.40217554375071835
1.61975,-0.08599436593999377,0.6490881396723904
1.619875,0.0012984833735215,0.459326056465503
1.62,-0.013983413183536266,0.13048624186037902
1.620125,0.07195860644054904,-0.09376398254221141
1.62025,0.11046375439394678,0.048653590597634196
1.620375,0.17012174489666387,0.24926131458713
1.6205,0.09494735912384798,0.1945990033033507
1.620625,-0.01654515157122417,0.013142891027590538
1.62075,-0.008491754876922964,-0.1744564596932043
1.620875,-0.08020516924929401,-0.1795192829775077
1.621,-0.019917128730617403,-0.07188956793555024
1.621125,-0.026536339207504728,0.045943553388602634
1.62125,-0.022167257359533437,-0.022633352509533165
1.621375,-0.08213510212297376,0.05441039454945081
1.6215,-0.11869022153389935,0.1118233698136215
1.621625,-0.13910485353081542,0.17455964138627791
1.62175,-0.04181112926460626,0.1071407065091038
1.621875,0.050266682546014796,0.033795174080769
1.622,0.10668118878233854,-0.021908182176486844
1.622125,-0.008130396371780608,-0.05239680576894612
1.62225,-0.12253963205566677,-0.00506476922619138
1.622375,-0.0697801198769356,-0.01836193256879805
1.6225,-0.19538708099926844,-0.028398154305172296
1.622625,-0.3203567235688559,0.016947417062192712
1.62275,-0.4363981091095357,-0.10917604816071455
1.622875,-0.28415793686278495,-0.14579813131203648
1.623,-0.12132519344899381,-0.026941459873037383
1.623125,-0.12205839373994566,0.055888121176945076
1.62325,-0.3860341270604486,0.07940101480631642
1.623375,-0.4704952716280701,0.019726335575777118
1.6235,-0.42019971349734925,-0.022242745838537428
1.623625,-0.1907318784087219,-0.10264879185676694
1.62375,-0.27348167240977167,-0.15104011549565646
1.623875,-0.39593540318025766,-0.2694737353216053
1.624,-0.4584835884263704,-0.3695939185623155
1.624125,-0.2606436519958828,-0.28248801205024676
1.62425,-0.10735264288943813,-0.1283700395100814
1.624375,-0.08849158025710689,-0.11553753584519218
1.6245,-0.19427304768167686,-0.27989600761022687
1.624625,-0.15025031096111113,-0.47244982419925424
1.62475,0.01957352885439064,-0.37797762118347245
1.624875,0.15496437618210898,-0.16000314492877968
1.625,0.13842712941423502,-0.1989551128783445
1.625125,0.10959065861372255,-0.3306120417496266
1.62525,0.2507948110854978,-0.41836178669874996
1.625375,0.3744373876435751,-0.22510558560896732
1.6255,0.358485744266109,-0.05857515577518071
1.625625,0.30590270886530746,-0.12440484749867395
1.62575,0.3646979256752661,-0.19518262875765982
1.625875,0.4555507409426702,-0.15589315674140788
1.626,0.47891678929462045,0.01920350624067058
1.626125,0.31063335376264783,0.11778058456509852
1.62625,0.09999704656924098,0.13165199741988093
1.626375,0.13430501731108227,0.07833657724201189
1.6265,0.16280693754340492,0.19418403163128148
1.626625,0.15767919336941935,0.2974623799911615
1.62675,0.02818945575690953,0.24778083897562247
1.626875,0.008560032839502678,0.2734420412496758
1.627,0.1809866881384078,0.3898662467685055
1.627125,0.23390456605340712,0.45016289977333
1.62725,0.03799425555669455,0.3902085696710167
1.627375,-0.16723484321765703,0.2867958066417234
1.6275,-0.2664514039829203,0.11508941785970694
1.627625,-0.05319206723420184,0.1039414182860434
1.62775,0.11481859588072493,0.14485396699247632
1.627875,0.06519762975756231,0.14529234689128828
1.628,0.0010448659891157564,0.01632985754894552
1.628125,-0.08677052919342662,0.035132437405155544
1.62825,0.08980448764921516,0.19665252288966095
1.628375,0.23798718769929983,0.2118345249832643
1.6285,0.36951877251339976,0.10186361117661259
1.628625,0.3491790425249625,-0.14591602635628692
1.62875,0.2061625985671662,-0.13887600385520524
1.628875,0.00040413873708037266,-0.026411502499318833
1.629,-0.2199439212855996,0.13175190347282478
1.629125,-0.3212612748353295,0.0858644224021644
1.62925,-0.2772042740003777,-0.05666545288860737
1.629375,-0.06865532701361453,-0.09552955837455367
1.6295,0.14895650966837268,0.022675420294738357
1.629625,0.14387934624060855,0.22136521500123255
1.62975,0.022673915629144253,0.37625669996951555
1.629875,0.010450527028549629,0.27929774703001375
1.63,0.14026055885628733,0.16493746051974575
1.630125,0.11254238262405485,-0.004720168228877728
1.63025,0.10204034437257066,-0.1624923640344456
1.630375,0.12853804029470572,-0.27935035069093506
1.6305,0.25775640396133287,-0.21850637046912255
1.630625,0.3494353463829033,-0.04206511353754734
1.63075,0.2612644768186132,0.10492911234125515
1.630875,0.010352637212904754,0.049816269249680994
1.631,-0.3080445572188311,-0.025612279825244937
1.631125,-0.47319298730750364,-0.003587623687064459
1.63125,-0.5671527385757135,0.11823669931834457
1.631375,-0.39279598527417287,0.16361981458496946
1.6315,-0.24352630391238125,0.08972244013074443
1.631625,-0.22590574184767032,0.12942708193145583
1.63175,-0.2968347372040219,0.25371600685747214
1.631875,-0.5068514860584162,0.30611496367415936
1.632,-0.6139004338938583,0.24923495697013384
1.632125,-0.4458029184284746,-0.01515993479729057
1.63225,-0.26889275216684094,-0.24156007647034314
1.632375,-0.12636328176940578,-0.46299339929045524
1.6325,-0.2827097338992278,-0.4940066833669227
1.632625,-0.5990407941468217,-0.3067928540402106
1.63275,-0.7307937789221791,-0.17550559990181325
1.632875,-0.5803607795115717,-0.14978770786748277
1.633,-0.2781290104787574,-0.24331359783585418
1.633125,0.06066733245428497,-0.44816364166486705
1.63325,0.25115864693481793,-0.5526967969640302
1.633375,0.1619152988808696,-0.4208147553832634
1.6335,-0.005145673537312667,-0.18370802714986462
1.633625,0.0933459672173466,-0.1217689346756169
1.63375,0.2944444916241811,-0.26647143186924355
1.633875,0.4772059961531007,-0.5334724338153994
1.634,0.6502575363528443,-0.7082789679760203
1.634125,0.5959844402517377,-0.5160699131037271
1.63425,0.5971620402370789,-0.21023606146956486
1.634375,0.5012907335467549,0.07543381501742691
1.6345,0.4056035238429685,0.23531063519493808
1.634625,0.25222263511909276,0.10886696544410097
1.63475,0.13853128809057036,0.015127719742780028
1.634875,0.1118614554166126,0.022079279863067913
1.635,0.04754743797736095,0.13562720398748146
1.635125,0.13830904557825832,0.39492344472820423
1.63525,0.195363964190248,0.5545582616006063
1.635375,0.18984124283500994,0.5618776253882242
1.6355,0.08753186165630696,0.4806399451371361
1.635625,-0.05081259716221872,0.4426785312760168
1.63575,-0.04272273528010484,0.35412912227120685
1.635875,0.07322485935989445,0.2584481659094121
1.636,0.1895252298630163,0.141659385039037
1.636125,0.33722225299145303,0.07572234140139264
1.63625,0.1899048831416789,0.0443693176404818
1.636375,-0.03134520356715335,0.116533628513324
1.6365,-0.007730211495149205,0.16406622246390012
1.636625,0.2606286298021868,0.2236474084178503
1.63675,0.3390960907988603,0.04836984882158859
1.636875,0.12312817110743028,-0.08744452901712436
1.637,-0.13103453437343693,-0.035432506026541286
1.637125,-0.27722283792542923,0.005768507427587369
1.63725,-0.05808414986420294,0.19287215650735462
1.637375,0.1380060577106212,0.25740649779304975
1.6375,0.13235628563737928,0.15690629809028203
1.637625,0.09387583119745593,-0.011129325572887636
1.63775,-0.08222723617606069,0.02702974740950404
1.637875,0.03197614923983779,0.25930627435420617
1.638,0.03807889051568634,0.3180033494732935
1.638125,0.07641246944917895,0.14284480108798386
1.63825,0.04386689145159148,-0.14405526825214116
1.638375,0.07299311012903202,-0.20897428819750466
1.6385,-0.08493711507094008,-0.008540789957762545
1.638625,-0.24625868591021474,0.1568984431935527
1.63875,-0.21566420746275863,0.13468107753150763
1.638875,-0.13252385566673058,0.06298505230839703
1.639,-0.1635585757920184,0.014200471612168383
1.639125,-0.30272094327021676,-0.016055106233959567
1.63925,-0.3848154723067921,0.030926181452478777
1.639375,-0.2652362836723059,0.06115557561366179
1.6395,-0.009842447283113155,0.14854170180474668
1.639625,0.1454749909102366,0.08824181825882206
1.63975,-0.01201226304866724,-0.09844905457025474
1.639875,-0.18384782180842826,-0.22890022706307322
1.64,-0.24501754624814123,-0.18508845058000717
1.640125,-0.15032749567044348,-0.12623621285677192
1.64025,-0.22422775816983437,-0.1704094068904228
1.640375,-0.39174741755915665,-0.286189565383251
1.6405,-0.45621812435623815,-0.39229195353913277
1.640625,-0.46486830775614285,-0.16632334861543283
1.64075,-0.4057643468663744,0.050348695156113205
1.640875,-0.4329652617868226,0.10225894394649995
1.641,-0.47209020404445906,-0.01770033028752898
1.641125,-0.32120350409718307,-0.1673363876185722
1.64125,-0.184712916036583,-0.17678162613788181
1.641375,-0.13638170393907734,-0.16277397114319783
1.6415,-0.029342477915938445,-0.23974893726351346
1.641625,0.05623290410392526,-0.3287081792330807
1.64175,0.10652651653664685,-0.3987950365100789
1.641875,0.2071855875219586,-0.4259884466749048
1.642,0.20191338521118204,-0.3512649332647581
1.642125,0.230106650273803,-0.38471984611534327
1.64225,0.24946688981687182,-0.4169252104373036
1.642375,0.1489211170121886,-0.3581610168107362
1.6425,0.26014575837385334,-0.1572342695232534
1.642625,0.49800296937571453,-0.050923563101506863
1.64275,0.6189272879220071,-0.05252609684610511
1.642875,0.5076186211682692,-0.02181201304468615
1.643,0.31417413071735106,0.07837246618054379
1.643125,0.23058770726394567,0.1252117417493875
1.64325,0.24342478260211356,0.20402108756311702
1.643375,0.3055288662917592,0.22784612705694277
1.6435,0.31444403624873785,0.21753979858047343
1.643625,0.26276380769397695,0.11730873289363487
1.64375,0.1588719757762876,0.20813155225659627
1.643875,0.01968683608800536,0.3972662222029512
1.644,-0.019388667661207507,0.5269566088097857
1.644125,-0.028014585654777394,0.44293432752311285
1.64425,-0.004402042835824116,0.26713690229165815
1.644375,0.15890494222637652,0.21956175603780587
1.6445,0.4278098569208301,0.19553824535324485
1.644625,0.4521583571396212,0.2379655840616583
1.64475,0.22940373525280627,0.2246675584700305
1.644875,-0.08121205588119625,0.2007152055806083
1.645,-0.3127161194582217,0.159444602695982
1.645125,-0.10159107064721903,0.04287679936953699
1.64525,0.02329779010621959,-0.06501094779474398
1.645375,-0.019732404788565982,-0.057771302455571466
1.6455,-0.11256079590978277,-0.044608650170506164
1.645625,-0.17417583596972666,0.12561693124406714
1.64575,0.08154004361759151,0.3379890568129028
1.645875,0.19143167608050832,0.46053627093258115
1.646,0.22854165459403053,0.20765622574155634
1.646125,0.01417214813470661,-0.13484342887670803
1.64625,-0.13584129414915933,-0.2824646415081951
1.646375,-0.14361458146526068,-0.12775478044360053
1.6465,-0.1654804733257086,0.0209813823220564
1.646625,-0.12935622704338665,-0.05408730414745452
1.64675,-0.20062349327304801,-0.16169391242513892
1.646875,-0.27825170463284193,-0.15119124720591878
1.647,-0.20993846652798684,0.05018882056589247
1.647125,-0.06323965933323096,0.17476330035121448
1.64725,0.1611346295971187,0.176525525931522
1.647375,0.2218280881704365,0.039040224316830366
1.6475,0.22860462731477108,-0.14233818655202757
1.647625,0.16229644315096767,-0.17094219418756218
1.64775,-0.025659250355083478,-0.1615457357888932
1.647875,-0.2507956621942856,-0.11637370928718759
1.648,-0.45575104393217497,-0.18943676612331103
1.648125,-0.48995580578874137,-0.24427377713940018
1.64825,-0.4731010734434239,-0.15275401242180506
1.648375,-0.34058895442219306,-0.06034426747090271
1.6485,-0.3083736001775164,0.1861412749327704
1.648625,-0.27255948980549966,0.2495386664868879
1.64875,-0.18689259791204724,0.18354377502575953
1.648875,-0.19187533381849095,0.1418580921620786
1.649,-0.21390402128850353,0.026559162146787656
1.649125,-0.3071120045283133,-0.1914158841140075
1.64925,-0.49578169771276015,-0.4324341759329488
1.649375,-0.5204146814460247,-0.49667506858184884
1.6495,-0.34819869979693974,-0.42034567029152375
1.649625,-0.020476975646344247,-0.38008996779843546
1.64975,0.3239287272726849,-0.22988509879649816
1.649875,0.2995128172433596,-0.19004499392962257
1.65,-0.08297766145593843,-0.17049360576781258
1.650125,-0.35581019451683477,-0.1415626238201206
1.65025,-0.15776148101567736,-0.21259347620354155
1.650375,0.3158778684293521,-0.2982735812188177
1.6505,0.7668887589314618,-0.4171337806527375
1.650625,0.7849472260192046,-0.4729737553461441
1.65075,0.4330877715915593,-0.3605501617768024
1.650875,0.22587362240157494,-0.02115128924388835
1.651,0.18418941289121443,0.27242488265168496
1.651125,0.30642833807588543,0.24591169419041362
1.65125,0.2909830996086705,-0.05886902060264345
1.651375,0.12854197114329655,-0.3015588404473387
1.6515,0.12506703596168267,-0.12941018560875542
1.651625,0.2007488054300556,0.3092998223532267
1.65175,0.2159530596771886,0.6681121990254335
1.651875,0.11609866291186532,0.7271358642012336
1.652,0.05485149452177753,0.3962146689527738
1.652125,0.13567363733588858,0.13965011890118018
1.65225,0.32956863305425194,0.2000174181332374
1.652375,0.42561067051770196,0.263530386271695
1.6525,0.2878253072454659,0.22391293670172135
1.652625,0.1354265504898336,0.12432496999709491
1.65275,-0.034916042236083404,0.0474546411025745
1.652875,-0.14420030185834434,0.18591748695970423
1.653,-0.08726671180627232,0.19409082920585682
1.653125,-0.10594850713283072,0.122781423071109
1.65325,-0.041376878269002,0.04435407434798128
1.653375,-0.0024365491050172103,0.1416343030007238
1.6535,0.04721209702549935,0.28352571600791976
1.653625,-0.2067003226898698,0.40982352235225317
1.65375,-0.37361003617237315,0.2695378478956418
1.653875,-0.3728713726505284,0.12852069036375263
1.654,-0.10345960503630595,-0.038562724990912726
1.654125,0.21151810048952122,-0.12125213339242438
1.65425,0.19948264716242844,-0.13525887124324673
1.654375,-0.06841395151870343,-0.12802187974286688
1.6545,-0.17324237251672642,0.009975746251958626
1.654625,-0.02959587304280555,0.06683817977162633
1.65475,0.17016352516803887,0.040450220079531085
1.654875,0.22927745806834546,-0.20245150908510745
1.655,0.11907739279388944,-0.3616804918324774
1.655125,0.0845015666567857,-0.3122624747199898
1.65525,0.19043202631841002,-0.04490523084903947
1.655375,0.2707517966953226,0.16918082816941657
1.6555,0.22630823940059613,0.18933508176711117
1.655625,0.03811751387858183,-0.03815688387252651
1.65575,-0.17167145769282305,-0.18627644248526648
1.655875,-0.29150874744431393,-0.04843694666750938
1.656,-0.24982240397754374,0.14358523669997764
1.656125,-0.16780187679039546,0.21466660636651205
1.65625,-0.12113846576684513,0.1050942934920899
1.656375,-0.15361311197009345,0.05176807573311997
1.6565,-0.2848371744478969,0.13561702231326445
1.656625,-0.4056345861917692,0.24466381636049123
1.65675,-0.3469479542571198,0.22555494494593448
1.656875,-0.21127898176439988,0.022142399216894586
1.657,-0.1456112990985351,-0.17926470804122002
1.657125,-0.252705077796989,-0.2258436970394754
1.65725,-0.431840874819089,-0.24369614648116492
1.657375,-0.5121067816058225,-0.16664811229027743
1.6575,-0.5283855304269673,-0.09093362040515188
1.657625,-0.3931556734836871,-0.1373030493729774
1.65775,-0.2772830408944224,-0.25027462323462096
1.657875,-0.25476888720027746,-0.30953060954818745
1.658,-0.19716314318608114,-0.28406617318586275
1.658125,-0.147316200311105,-0.17115859356066215
1.65825,-0.013333919765377707,-0.14535469081176097
1.658375,0.03994964805716986,-0.20702248428819703
1.6585,0.18061485129021518,-0.3640655993429223
1.658625,0.20973187707240187,-0.5025635771207911
1.65875,0.3348151922006331,-0.4788977687693179
1.658875,0.2841644774930014,-0.4308173093381727
1.659,0.24907779879789055,-0.27934411428083294
1.659125,0.3053011350857455,-0.2152578335290455
1.65925,0.3555916324773195,-0.14230844938986786
1.659375,0.4168065519936767,-0.08374204866288289
1.6595,0.33924249661412736,-0.029432775525168903
1.659625,0.15863643332792463,0.07859705058935196
1.65975,0.07993093974708468,0.21256438110140105
1.659875,0.1121940651050973,0.2604520433056067
1.66,0.18165916776596075,0.27572741144341567
1.660125,0.2224990701875556,0.2780411157556387
1.66025,0.25805041900867604,0.23726520920373143
1.660375,0.33888930991965527,0.26570846297474837
1.6605,0.36219987302207746,0.3620018451373695
1.660625,0.20419185904800544,0.3574769408997981
1.66075,-0.05604740056375104,0.25325917419753197
1.660875,-0.12948453860787776,0.13013401198083435
1.661,-0.10037982254416428,0.07854701202430442
1.661125,0.0009861800730722498,0.1469079436696302
1.66125,-0.019213384911228783,0.20727244446166046
1.661375,-0.02227273586303272,0.1927583606748596
1.6615,-0.01723181860534502,0.21599814779879253
1.661625,0.01640417252969039,0.2982262857883056
1.66175,0.12313973272491131,0.35789380260782166
1.661875,0.20766363313307598,0.21962825490975568
1.662,0.2388220490414797,0.026127115868641596
1.662125,0.09192445296941247,-0.1342892429140028
1.66225,0.07808731586479752,-0.06339709809983998
1.662375,0.06772967223706501,-0.006826286866153952
1.6625,-0.07603197462112735,-0.006623379830849027
1.662625,-0.07304553963568265,-0.0014378517643077971
1.66275,-0.11441246636614309,-0.047167827983129004
1.662875,0.00977921047594563,-0.002686780610389494
1.663,0.0697792224720629,0.11084636798938184
1.663125,0.06815719877542366,0.2198634072224959
1.66325,0.04616156405943152,0.15561635555210607
1.663375,-0.000310023966349058,0.10356348516839445
1.6635,0.038186359949987904,0.06281796828143987
1.663625,0.025508021467238306,0.024834037886855176
1.66375,0.00364040875122741,-0.056718036964289446
1.663875,-0.0627062453632491,-0.04257300168562486
1.664,0.012907485416433152,-0.0726511096148043
1.664125,-0.0423081080466312,0.06036641957062629
1.66425,-0.1384003209320739,0.10120926263498475
1.664375,-0.21572398722016853,0.039496266554219554
1.6645,-0.13531698973928902,0.020187241910702706
1.664625,-0.0981675669533316,0.043831907888762005
1.66475,-0.3465631047493638,0.06721474941938514
1.664875,-0.5160106452309731,0.04307462242919477
1.665,-0.5060463143803196,0.00912127064208327
1.665125,-0.47449859078820456,-0.013706457567771257
1.66525,-0.45395983259856265,-0.004379678802232967
1.665375,-0.44988141985852226,-0.05581653253543931
1.6655,-0.37715184148621755,-0.1686749642651142
1.665625,-0.3112348665922358,-0.1924387541258625
1.66575,-0.33386212584275377,-0.1019882468821733
1.665875,-0.32071962128292464,-0.12169378051699861
1.666,-0.08832488209258092,-0.3094035255619615
1.666125,0.2933239269408705,-0.4738412360294051
1.66625,0.3491164445570081,-0.5033751896388362
1.666375,0.040561050775733666,-0.3891504336373973
1.6665,-0.19555791828285252,-0.37097191054011586
1.666625,-0.18728233636140879,-0.44251517352802927
1.66675,-0.15702938079462161,-0.34154086546193374
1.666875,-0.2294951045564133,-0.2643564509090712
1.667,-0.31189531753371524,-0.2549354245572802
1.667125,-0.06131957045767486,-0.3065154738529754
1.66725,0.32227915588761674,-0.05729766588508388
1.667375,0.5767199830397722,0.25943789519124066
1.6675,0.6152058736953786,0.30702040170958855
1.667625,0.3959783368946999,0.006520706637803727
1.66775,0.3286865797460808,-0.1911323377842781
1.667875,0.25761621601472795,-0.13419187278316233
1.668,0.32435520054553474,-0.10502125715003936
1.668125,0.46781170037055886,-0.22886649312183524
1.66825,0.4394230662295759,-0.3061449865204459
1.668375,0.5122691027218439,-0.03595043461425549
1.6685,0.41550150795999047,0.2846512234976636
1.668625,0.285467584619516,0.5427751641686851
1.66875,-0.051007197511625885,0.5622901748407969
1.668875,-0.28197489378617924,0.43116199790441806
1.669,-0.33873303159370943,0.3355033569691546
1.669125,-0.07930189108898132,0.25530123045648623
1.66925,0.1439485508711021,0.3310522563119354
1.669375,0.049176251287994355,0.3275591389925256
1.6695,-0.013661375830199128,0.4218206446474136
1.669625,-0.08291021275244978,0.4517153088023577
1.66975,0.04515710763315625,0.44432355907985505
1.669875,0.26115891594421636,0.2501541921835229
1.67,0.3379320673728768,-0.015475409383149662
1.670125,0.23416182937953148,-0.233741035981677
1.67025,-0.037366904934596594,-0.2885131960944924
1.670375,-0.23130786765780437,-0.028480914569624254
1.6705,-0.3049468909406447,0.11978153769770544
1.670625,-0.1633655066769959,0.07310346475977021
1.67075,0.0464351342382359,0.0007647820178803746
1.670875,0.1455653551572041,-0.04345814466824196
1.671,0.21703003381260388,0.08868544309524515
1.671125,0.1436050737203613,0.22090418061713887
1.67125,-0.10850899836184318,0.28509624411712525
1.671375,-0.2804424685711339,0.14533029871451836
1.6715,-0.23782530519721948,-0.05486255489171781
1.671625,0.04746968202389011,-0.20877014320085177
1.67175,0.19888492846552394,-0.24306923911069342
1.671875,0.13458951262218127,-0.08348254159835689
1.672,-0.029945344742775794,-0.034542457827112655
1.672125,-0.12318134575623282,0.13754673074423063
1.67225,-0.037818982484646275,0.28560775900732827
1.672375,0.015622899331408275,0.15481459353904473
1.6725,0.11485469414391886,-0.051849991042730914
1.672625,0.21330718122098608,-0.26343233767077096
1.67275,0.185875064435975,-0.19305520407824084
1.672875,0.07674272922768435,0.020337488895203586
1.673,-0.08049653330977778,0.24617460590863874
1.673125,-0.2518750143687519,0.16760640516530628
1.67325,-0.3765272474947997,-0.0349573213991546
1.673375,-0.6208423228651201,-0.10799297344909266
1.6735,-0.733141032661889,-0.0582571302344575
1.673625,-0.5810294147405658,0.0029241009157334906
1.67375,-0.3431756192240787,0.07019686107960182
1.673875,-0.16457879568579922,0.17118376633594565
1.674,-0.2026776764566212,0.20547601237691124
1.674125,-0.49125149901117465,0.07500264701859544
1.67425,-0.4633867430117788,-0.0713299805906091
1.674375,-0.15076249811977277,-0.2166044845842347
1.6745,-0.08302456652684845,-0.39411071078657683
1.674625,-0.2305024651407731,-0.5131328985877248
1.67475,-0.41113791853307846,-0.6332481981942202
1.674875,-0.25327538736276634,-0.5529203869363103
1.675,-0.035087458855864964,-0.26890939540908915
1.675125,0.08857872289452831,-0.09610692738771726
1.67525,0.21407811187799272,-0.21555979149570906
1.675375,0.2577391557701046,-0.4013478636960699
1.6755,0.25771167534597417,-0.42443529083616527
1.675625,0.25876719656444114,-0.20261934872081921
1.67575,0.2638279258477307,-0.0848495614303124
1.675875,0.3050369279159632,-0.187007793503946
1.676,0.2971363577372965,-0.3415513793768166
1.676125,0.32685598169188934,-0.285008602222025
1.67625,0.3351889082262918,-0.023193965139742565
1.676375,0.2840246238802516,0.0690706531643897
1.6765,0.19868822890478074,0.15035564903052656
1.676625,0.1467175371685942,0.17550175073791993
1.67675,0.22137266952678192,0.21734597833202293
1.676875,0.2765410662376145,0.27483996179238845
1.677,0.30856981771258823,0.20900374215715695
1.677125,0.18914309618669065,0.22965447166133118
1.67725,0.06069981173198932,0.30244353556234804
1.677375,0.003581259787048921,0.33037535938741464
1.6775,0.022724150035540895,0.2789405038506404
1.677625,0.13724343040873724,0.2647918642659495
1.67775,0.33002374949343377,0.17671976839086914
1.677875,0.5396087114466399,0.14812415960086472
1.678,0.43382565005514534,0.20059914398434828
1.678125,0.1922068026629913,0.2875282089858172
1.67825,0.016329393090885096,0.3096361182883756
1.678375,0.044076650923416213,0.23559377672572218
1.6785,0.2652317158753799,0.09227416523207971
1.678625,0.36024897721408305,-0.023039781788168175
1.67875,0.2772025502166782,-0.008886393344991545
1.678875,0.03457789712956822,0.12244587799704712
1.679,-0.08848253399786561,0.32865742238093415
1.679125,-0.17711356397301697,0.47873518498970963
1.67925,-0.17168498181459543,0.4158936684293571
1.679375,-0.2348701276535833,0.22577165086373588
1.6795,-0.28722256818164127,0.022868552787081015
1.679625,-0.34390601803229154,0.0536674028107115
1.67975,-0.4671245856843834,0.2675601615876032
1.679875,-0.5193585251042746,0.34874793731385056
1.68,-0.41634765762114795,0.27536827051706536
1.680125,-0.20966244030223113,0.011904069818536813
1.68025,-0.20150798201803025,-0.12178759002942319
1.680375,-0.3493993635648202,-0.14578711501001482
1.6805,-0.3848074109446102,-0.1802149621991138
1.680625,-0.1163329883074151,-0.20469531949329825
1.68075,0.2757205359754264,-0.28070872473040787
1.680875,0.5461134669204502,-0.3181306248829493
1.681,0.5414088524293662,-0.41345210275373445
1.681125,0.23223373695083727,-0.510524282198715
1.68125,0.0017669682674969333,-0.3730053568219544
1.681375,-0.30644751391779607,-0.16640933109199474
1.6815,-0.4724195842834614,-0.12078214143630873
1.681625,-0.4048522042276569,-0.2981577615724629
1.68175,-0.20666167686943882,-0.3349420734183984
1.681875,-0.10957841784651379,-0.09431301582369715
1.682,-0.18890411834324164,0.29223675509594765
1.682125,-0.3613969291409396,0.5314072587955164
1.68225,-0.47380481629303534,0.43107585735626214
1.682375,-0.30717657920508845,0.2078158433950502
1.6825,-0.20702527857221203,-0.022077091324280394
1.682625,-0.2286447848250624,-0.23828335098891285
1.68275,-0.24488734149830074,-0.4194542186506378
1.682875,-0.3213095114749185,-0.3854497414911252
1.683,-0.421586418781066,-0.20356356884352
1.683125,-0.2841434687891188,-0.13682026698315253
1.68325,-0.15981901657507028,-0.13845889820862053
1.683375,0.11922103238509067,-0.3036025761557841
1.6835,0.2707016935284292,-0.36082562349472963
1.683625,0.4386872901262186,-0.2748906977168063
1.68375,0.44628389803186147,-0.18933456999962064
1.683875,0.3149069128462268,-0.1691481663921306
1.684,0.20432160017712256,-0.21584434268033023
1.684125,0.10407497594596574,-0.31015325418711526
1.68425,0.1800038599145401,-0.3510808083503291
1.684375,0.39071124536343993,-0.2604303805590817
1.6845,0.3788069497010769,-0.15168758249287684
1.684625,0.3164200468471485,0.05945369051768271
1.68475,0.09840508996748154,0.2632770645279759
1.684875,0.11254049282690716,0.38258816956173464
1.685,0.2709063065456095,0.39282299677732174
1.685125,0.3389459112133037,0.34548607653561725
1.68525,0.21585133212318453,0.13298604466083905
1.685375,0.1589893022635148,0.08080483512272028
1.6855,0.16696510290580593,0.1500107441823301
1.685625,0.20533388072501726,0.3425748878582683
1.68575,0.17829406384079385,0.3596727501408355
1.685875,0.1244119723186091,0.2632501692899108
1.686,-0.06681058539709321,0.11097799644465209
1.686125,-0.2341451019106264,0.15006764992089933
1.68625,-0.28425820800849866,0.23251505299439787
1.686375,0.05075005490470392,0.31268770023672593
1.6865,0.2062779768556222,0.24228070639869148
1.686625,0.3144458887204547,0.12213138398046741
1.68675,0.28894602005965525,0.1492677686207055
1.686875,0.14541325294512797,0.20347678345839984
1.687,0.024351447424691173,0.18014842122376204
1.687125,-0.04174219927025332,0.12623397609422576
1.68725,-0.08992136987734944,-0.04422645488448928
1.687375,-0.02761624137493675,-0.2621555750464539
1.6875,0.140803389761841,-0.16895605421938997
1.687625,0.1437093444425182,0.022298146893099835
1.68775,-0.029460487211544855,0.15797120706769074
1.687875,-0.23918433814414145,0.3488896999310472
1.688,-0.22786116179738283,0.26208801370379253
1.688125,-0.09687145018670659,0.15550395658150487
1.68825,-0.039633469196921275,0.025155172443551085
1.688375,-0.12210061024576119,-0.10010958695635624
1.6885,-0.1867477256310819,-0.11487163446706848
1.688625,-0.21117011685427983,-0.035243304197911746
1.68875,-0.01937616544555365,0.14893675527948477
1.688875,0.09530706454072838,0.1867199561949059
1.689,0.2298484484749491,-0.05110999800799371
1.689125,0.13337500372801397,-0.2323858209776462
1.68925,0.011117209419454417,-0.21233857148509203
1.689375,-0.16050600809722876,-0.06356000002697365
1.6895,-0.32339688555295465,-0.06493332975429761
1.689625,-0.3361560721740658,-0.08967199130254525
1.68975,-0.24782203866618266,-0.16131427416300956
1.689875,-0.11702270635820261,-0.15860882248072158
1.69,-0.16480282739756497,-0.07385049606661177
1.690125,-0.399012054081987,0.080719684253282
1.69025,-0.5389208120284873,0.1606503437103265
1.690375,-0.49572380307049513,0.12294493180371413
1.6905,-0.3008380817998326,0.03350891704894924
1.690625,-0.3498730810021284,-0.12755682967738732
1.69075,-0.45996576697797004,-0.30279784172040786
1.690875,-0.5740867299793804,-0.3220428083527611
1.691,-0.3645395679023291,-0.23457326291777902
1.691125,-0.10747864834113159,-0.05957196430318277
1.69125,0.004025951225036615,-0.14600838674138575
1.691375,0.0576686793548554,-0.4100608768356574
1.6915,-0.011046784351419323,-0.4925254399883907
1.691625,-0.08743381844899908,-0.4403231175832279
1.69175,-0.028859621436569987,-0.2347768722419086
1.691875,0.21004766231458427,-0.2678091028462725
1.692,0.32175288069812596,-0.44335688389463107
1.692125,0.41405977252601855,-0.5062556303304173
1.69225,0.42622155014101754,-0.3231658895709586
1.692375,0.39272880501167085,-0.10785125068565371
1.6925,0.2335147573649393,0.028787362975653402
1.692625,0.1682337127255532,0.022462921833414425
1.69275,0.3676059263221923,-0.04040800655623523
1.692875,0.5445157235377112,-0.0845446755110907
1.693,0.5467653950558728,-0.01860780048021753
1.693125,0.3870943909951162,0.1474940929247301
1.69325,0.30197667215597956,0.29780841853722906
1.693375,0.35735223562910845,0.3539037018049399
1.6935,0.277519446150198,0.371507872154296
1.693625,0.07497042607591914,0.36605437494925436
1.69375,-0.167771778724733,0.21069675224464982
1.693875,-0.2129158308245814,0.17136341810716088
1.694,-0.076209290140597,0.35839033261223097
1.694125,0.03762344146372727,0.49960857178511653
1.69425,0.02083568290709782,0.4485739755478777
1.694375,-0.023964216002406027,0.33611666168474336
1.6945,0.05988486757622444,0.2987880932033407
1.694625,0.23755627072347962,0.3110321858908622
1.69475,0.3202493969572847,0.28115456240066894
1.694875,0.2052789696616199,0.0824937601685494
1.695,0.005313975332894813,-0.157643701774722
1.695125,-0.02691362027691699,-0.1910023985575641
1.69525,-0.036023461307198995,-0.07459820195498362
1.695375,-0.016695232274085522,0.01817590839167724
1.6955,-0.023883020699942203,0.04228150114783238
1.695625,0.08299177336861276,-0.0049217986465469815
1.69575,0.017197029770346966,0.0991355446228347
1.695875,-0.17958989485490928,0.28015816833329743
1.696,-0.1947177870412073,0.31774195847461056
1.696125,-0.05948271450026033,0.19795881189195555
1.69625,0.003493917040792111,0.055338291006336644
1.696375,-0.13449769344123585,-0.019543442643473463
1.6965,-0.3388002962698757,-0.02653322592542535
1.696625,-0.34269908947927064,-0.009036832931529945
1.69675,-0.04876060942183013,-0.0045761629251700724
1.696875,0.27895254709104167,0.021307175663743922
1.697,0.37099039289136915,-0.019436999782952262
1.697125,0.11024309699483366,-0.1537121965933828
1.69725,-0.202858972321551,-0.17436175496438922
1.697375,-0.1703067697760062,-0.08853759989374381
1.6975,0.018035495959950163,-0.036895069468833995
1.697625,0.08816886754754853,-0.09180251491099028
1.69775,0.011393739916207637,-0.33042369694805396
1.697875,-0.07087494280854728,-0.37254088732137197
1.698,-0.3024239877447423,-0.06073674379003775
1.698125,-0.35951816075233634,0.30980598258297365
1.69825,-0.3034989250192649,0.3597564944740032
1.698375,-0.16846566344502498,0.0770366318419841
1.6985,-0.24810264974566,-0.12074252496580763
1.698625,-0.5661885229058846,-0.11555309116727558
1.69875,-0.747958263314578,0.01036131156860719
1.698875,-0.4968916410392463,0.11671906802660485
1.699,-0.18657673131520097,0.00041380993530763463
1.699125,0.05337829705316456,-0.12108096901343146
1.69925,0.0039051647830663817,-0.2964362208920023
1.699375,-0.23583422258853629,-0.34114772125596277
1.6995,-0.2450060264655312,-0.19963940076167191
1.699625,-0.16970501641480504,-0.19268631279112527
1.69975,-0.03367113738972164,-0.21548600431533244
1.699875,0.014638478842037683,-0.49811778914945093
1.7,0.03396373897821492,-0.7041694650668792
1.700125,0.036807906252856605,-0.47239014338483276
1.70025,0.19661385007258714,-0.15106671105914396
1.700375,0.4780250013059236,0.04789949062298366
1.7005,0.6554000258123178,0.012974527113246297
1.700625,0.6548870454121078,-0.19318594969462818
1.70075,0.5144390011911361,-0.2670078087591757
1.700875,0.301345174888114,-0.12428924478853982
1.701,0.1225042521792842,-0.04573307360730361
1.701125,-0.04834566648794698,0.03924914855215561
1.70125,0.06346546507331915,-0.024064918355962008
1.701375,0.235059156065349,0.004592660648731473
1.7015,0.38897605991225703,0.16892687293915218
1.701625,0.2551528580301188,0.4304707729683304
1.70175,0.07545892771026294,0.6034787905601876
1.701875,0.032882465910267486,0.6082143806622139
1.702,0.006857854577677182,0.5327818889144414
1.702125,-0.2269499901508793,0.32653330792252866
1.70225,-0.41453703454527224,0.10591102676503875
1.702375,-0.3382652122221432,-0.05918125452190584
1.7025,-0.05748778505881671,0.010493034845586774
1.702625,0.2840021541234527,0.20706700036570078
1.70275,0.3597792531634369,0.3351085433714856
1.702875,0.20562985898476238,0.25480859906338943
1.703,0.11728346953583553,0.03984347874332011
1.703125,0.11580162408456839,0.006734708711048873
1.70325,0.11669609013680879,-0.05955698631001868
1.703375,0.2491104464651186,-0.16465610408203005
1.7035,0.3406366807088687,-0.4287261911003663
1.703625,0.3606668349555263,-0.3484442363637314
1.70375,0.04701588769031825,-0.03309704994550874
1.703875,-0.10073537630250044,0.26333276794642707
1.704,-0.22299797488792483,0.2871793573510996
1.704125,-0.24222814828125516,0.16213766299376078
1.70425,-0.04714370429281989,0.03906582077453404
1.704375,0.06605716454296788,0.1130607967957001
1.7045,0.1493324064534083,0.0799336260282673
1.704625,0.21209798023745552,0.1902977262309141
1.70475,0.20894378758600443,0.3123965572911447
1.704875,0.13177032745983516,0.26807718864232977
1.705,-0.06875818218841716,0.11553695818620802
1.705125,-0.20537886402008879,-0.0907609164239357
1.70525,-0.16229403308822477,-0.21348643461757363
1.705375,-0.22828330965427016,-0.16793418345184538
1.7055,-0.3278783536798669,-0.09459843138277528
1.705625,-0.34257374897663456,0.055707547807666964
1.70575,-0.2014478656891528,0.14278589035678516
1.705875,0.023843781473610114,0.2162965413011018
1.706,0.1983038806243743,0.153533840225035
1.706125,0.016334190097663907,0.06649625514516268
1.70625,-0.2030594468662639,-0.04649840347487943
1.706375,-0.23412710747359708,-0.1465783950523296
1.7065,-0.10083138690897936,-0.16790992565588542
1.706625,0.12448442987862623,-0.19856999654463295
1.70675,0.218490371200282,-0.2813732658022132
1.706875,-0.008482445545281558,-0.281818822136858
1.707,-0.45510047985889335,-0.19222213523183976
1.707125,-0.7250069258493286,0.04117794784099625
1.70725,-0.5711572660470866,0.10386178493340711
1.707375,-0.28784464926658876,-0.034926861509800546
1.7075,-0.06785483671380324,-0.24594859360241508
1.707625,-0.1785724276006779,-0.21323830023753299
1.70775,-0.2626387580467401,-0.06745815818111468
1.707875,-0.16873604009489426,0.14495923831008728
1.708,-0.1166852566072831,0.21173733081184928
1.708125,-0.16016448579225234,-0.018636800843969625
1.70825,-0.3105345378125536,-0.412264711589861
1.708375,-0.32543388584498245,-0.6265934592070088
1.7085,-0.19166172547849553,-0.5465194089494262
1.708625,0.1963839486248937,-0.2624620045260946
1.70875,0.5851846833800872,-0.04797368872125755
1.708875,0.6390171687182616,-0.1688476204174635
1.709,0.44035692509818153,-0.1973111172418905
1.709125,0.2836899656401181,-0.17780615778355788
1.70925,0.24113132202513937,-0.08717984153645855
1.709375,0.3823485921864454,-0.1777677359303265
1.7095,0.4206549594341596,-0.29342661357243677
1.709625,0.2079570314799569,-0.31607080148920375
1.70975,-0.0014477682727038,-0.14017333231858542
1.709875,-0.11146088056828819,0.1433806166985637
1.71,-0.05540104705153641,0.48011543151152225
1.710125,0.10323868813049805,0.5256722712799675
1.71025,0.27506752668266626,0.40374885873256616
1.710375,0.3095163787558575,0.2604757961435521
1.7105,0.13720551532803313,0.18381671658354215
1.710625,0.030311843274213768,0.32878455884533064
1.71075,0.09678959196583704,0.3535217635928968
1.710875,0.33283343497750545,0.2563595249230118
1.711,0.30805750462315945,-0.0335626992679811
1.711125,0.06253527211444705,-0.14226604449296346
1.71125,-0.18438277972383,-0.08174037326509294
1.711375,-0.16016496443927364,0.14960630786058526
1.7115,0.09948466203717257,0.2856255645131823
1.711625,0.15933292261794132,0.28425495515872473
1.71175,0.04955111689404879,0.10301016700492385
1.711875,-0.08005364854759986,0.007855669152904176
1.712,-0.13869758108949232,0.03547954017736417
1.712125,-0.04627680714939826,0.2619605453569294
1.71225,0.00349991204273668,0.3090790353361001
1.712375,0.09025373612644817,0.12671907119935732
1.7125,0.1812208722554691,-0.11482915464056191
1.712625,0.08414271193354125,-0.14527828047938926
1.71275,0.1484654927097341,0.08471451875098336
1.712875,0.31026067970418647,0.1619558348003456
1.713,0.3942059005591327,0.04566716251105645
1.713125,0.1722484984436062,-0.07638995710058112
1.71325,-0.1367374686603663,-0.1414792273117939
1.713375,-0.2372727602696887,-0.09145383658267284
1.7135,-0.1947091640941338,0.03971056043172858
1.713625,-0.10012417315783367,0.07722100024777384
1.71375,-0.07442997559808208,0.16110172268782136
1.713875,-0.042369186639811714,0.13807745747568392
1.714,-0.08359049568117723,0.14913509889495805
1.714125,-0.19638416580091006,0.31829899741401635
1.71425,-0.3654935687038375,0.2692754296770142
1.714375,-0.3602847831882603,0.11294504589759365
1.7145,-0.07026570643363265,-0.07187661508489236
1.714625,0.08089181774966644,-0.20452629267997316
1.71475,-0.01388495632432254,-0.1807095863342347
1.714875,-0.283752668956315,-0.07831271397713635
1.715,-0.4007579919231254,-0.0113029986284855
1.715125,-0.5097119121240966,-0.04919424887158155
1.71525,-0.5372045030122982,-0.047106007376121965
1.715375,-0.47877269456046295,-0.16966025417534955
1.7155,-0.34873520856835893,-0.30925340261439405
1.715625,-0.1283672243879734,-0.26782065393547966
1.71575,-0.15898587835325112,-0.06625053877304608
1.715875,-0.16915558630984076,0.03946013471381205
1.716,-0.2904723713490025,0.019166437869771305
1.716125,-0.31547556960542333,-0.21557947563639884
1.71625,-0.28014657163740914,-0.3807855583606843
1.716375,-0.2594382959453015,-0.4701483833898955
1.7165,-0.1565367290533822,-0.4967025676278534
1.716625,-0.004579048120528806,-0.4465709472857297
1.71675,0.19936999975846434,-0.26076318084233874
1.716875,0.22166700988246743,-0.09971141712283041
1.717,0.1782104191526063,-0.07134719704811489
1.717125,0.2004116328749315,-0.1667557820177676
1.71725,0.2558258750423113,-0.26314929078865923
1.717375,0.20192405839601144,-0.30318057027065326
1.7175,0.1872286427415386,-0.2953710103049791
1.717625,0.09806548951549023,-0.24823202734805036
1.71775,0.08536574831618422,-0.12448507298149182
1.717875,0.24879319114044332,0.025386688651992634
1.718,0.5305960842833664,0.12583811491224867
1.718125,0.6976022549046181,0.15555316859592988
1.71825,0.3502749389402443,0.19447632022312608
1.718375,0.056369232681709285,0.2201048289330474
1.7185,0.007834595452835902,0.20054727882980067
1.718625,0.2121023025103407,0.202989961190264
1.71875,0.2818816505571554,0.15991456871893334
1.718875,0.07734685119487371,0.15021320418678
1.719,-0.012951140436922092,0.10495332107846651
1.719125,0.0032103703993763143,0.23190676879174282
1.71925,0.20039185513100105,0.4763925828785398
1.719375,0.28649450581956376,0.5814436102541305
1.7195,0.3720725406182589,0.36976052486274785
1.719625,0.3844882717199861,0.02660869394940694
1.71975,0.2635071151856895,-0.00047074380134320856
1.719875,0.10076496097695062,0.16487753538226707
1.72,-0.1294415893128206,0.3098949019226488
1.720125,-0.08360374857744725,0.09493497721430443
1.72025,0.09890964535220476,-0.06367416033713615
1.720375,0.2337188236086177,-0.01589440146158052
1.7205,0.23552468880505747,0.17362264080799913
1.720625,0.0260958905853432,0.2960156480597005
1.72075,-0.1532776256767005,0.37722210489939983
1.720875,-0.15418757911232403,0.3308423585493152
1.721,-0.10317350008176362,0.2576757138487091
1.721125,-0.0103792168583409,0.04485958213571223
1.72125,-0.12097965180757309,-0.08813887783713671
1.721375,-0.32298644869495674,-0.05365444943930882
1.7215,-0.3082774779689016,0.08743434168840186
1.721625,-0.287864271928247,0.22396949747092434
1.72175,-0.19115265988460461,0.1903455566826464
1.721875,-0.10570074563801833,0.0318963961751651
1.722,-0.1577522884618609,-0.1503876072133573
1.722125,-0.10780378269774206,-0.21720292617492246
1.72225,0.047498981202517915,-0.09318721226234307
1.722375,0.15898512255969274,-0.054398565472814756
1.7225,-0.03393098199260417,-0.11654317384164971
1.722625,-0.3358278337948443,-0.24973031625471132
1.72275,-0.30380471251280516,-0.32805278782253405
1.722875,-0.030723300457543193,-0.2734517028212436
1.723,0.17541830906812791,-0.13728944690060943
1.723125,0.027889998363351,-0.12161542294127768
1.72325,-0.3785320867713082,-0.09581193192947375
1.723375,-0.5843446326845667,-0.10052266519844971
1.7235,-0.41171208577932944,0.058057249488948956
1.723625,-0.19427288747966895,0.12359783215569761
1.72375,-0.03405659430995858,-0.046230514203395565
1.723875,-0.14057270137069047,-0.2823016451971577
1.724,-0.1682377496064648,-0.3040658537383518
1.724125,-0.19577704158939768,-0.03482044215063468
1.72425,-0.28631470667180264,0.17514738015355902
1.724375,-0.35022989242735336,-0.00232066754818356
1.7245,-0.18202666658290634,-0.34504264504794513
1.724625,0.011156282666788168,-0.5198741357881596
1.72475,0.0870372608538107,-0.4176476525126669
1.724875,0.02086889712884459,-0.16000612434710249
1.725,-0.06622430600987317,-0.06915129729094799
1.725125,0.01655047695459657,-0.0726813756569787
1.72525,0.1957845420854642,-0.11102495369559959
1.725375,0.36188072537604465,-0.17115282509757276
1.7255,0.2767063496909138,-0.26283223094425917
1.725625,0.19119500558668573,-0.33357596399134704
1.72575,0.21053057128834082,-0.22477838877020542
1.725875,0.2787582591651575,-0.0016194485325635125
1.726,0.29607568375386456,0.0997396655399344
1.726125,0.18303637395806568,0.030313774152866985
1.72625,0.039679533680608184,-0.08458357683410696
1.726375,0.19963249220300808,0.020937885003051892
1.7265,0.333402646575826,0.1352660100976259
1.726625,0.45311642510184175,0.26972070275755416
1.72675,0.2700513866730277,0.24002157879115488
1.726875,0.1591347747147603,0.11843684640785125
1.727,0.02711406595662401,0.20990306226397895
1.727125,0.05522484244045962,0.24606823952025478
1.72725,0.07798117646701157,0.2820328985262251
1.727375,0.030662107885547216,0.15297247020555915
1.7275,-0.050372504983221135,0.07961422023750885
1.727625,-0.059401583012963506,0.12526157539737903
1.72775,-0.09230419291904599,0.32511636795259613
1.727875,-0.11249479196976588,0.38152856029226107
1.728,-0.14624942162186544,0.27388260476234677
1.728125,-0.13140870005641472,0.12047641713639486
1.72825,0.08853203095467843,0.019364230427752763
1.728375,0.29699270958374746,0.05469624404683856
1.7285,0.4491518873664643,0.012355455844698526
1.728625,0.5872984807432109,0.0560903089663888
1.72875,0.54126086272313,0.0045809957223291635
1.728875,0.1334400283503723,-0.05816932787650408
1.729,-0.31224222691486275,-0.07901130102716881
1.729125,-0.45924572054237134,-0.09864185330454905
1.72925,-0.2913261363386821,-0.15452339678113208
1.729375,-0.0018013336303156844,-0.07754762219578738
1.7295,0.12821785694619098,0.06722131142600284
1.729625,0.15453091414447748,0.21654539067341347
1.72975,0.20126927772610975,0.4377815385438893
1.729875,0.15826321489784886,0.5462160424010204
1.73,-0.02794309831693406,0.4814863788697999
1.730125,-0.2147336115967316,0.13771363925229715
1.73025,-0.3502931292280458,-0.2961668064979654
1.730375,-0.1844888023050094,-0.35274645207780136
1.7305,0.04973642426242021,-0.25243197548040763
1.730625,0.1761369385210848,-0.03567205238629997
1.73075,0.03349361602951369,0.1414216145863403
1.730875,-0.25112210411773134,0.14196012103106007
1.731,-0.287182346990854,0.16669385718251534
1.731125,-0.1259480691005913,0.07632459508944982
1.73125,0.02741651688755866,-0.04739488122615342
1.731375,0.09423092880518047,-0.2213685350520312
1.7315,-0.09415460493703508,-0.2789541036082118
1.731625,-0.32004770278448946,-0.19113175154141576
1.73175,-0.4545453257426041,0.03794655630945561
1.731875,-0.44880140363980114,0.1627286444833317
1.732,-0.26900556936962594,0.05442466118253925
1.732125,-0.14447322845153973,-0.20674419452560708
1.73225,-0.13633638470727827,-0.2452637169609104
1.732375,-0.3165481293339494,-0.13726974319630322
1.7325,-0.5614625073194428,0.07317481556624142
1.732625,-0.6083606705282484,0.03487916179069297
1.73275,-0.4005263078570139,-0.11415971412409691
1.732875,-0.16419173972666096,-0.3450307460315331
1.733,-0.16471515442271512,-0.4042784966421106
1.733125,-0.3153072266920604,-0.4186278989170966
1.73325,-0.23552721812357783,-0.25271133922081584
1.733375,0.11794743718500265,-0.15930775583490342
1.7335,0.5098541390219348,-0.10954103788905557
1.733625,0.571149065316844,-0.3192422767947731
1.73375,0.27217170808590213,-0.49902572325028016
1.733875,-0.030500596737471852,-0.5814598041121799
1.734,0.011957225633686983,-0.3557086335809059
1.734125,0.2948998415646094,-0.12784382965053315
1.73425,0.4143828352494382,-0.06634241267134838
1.734375,0.266262657364641,-0.3139125079096701
1.7345,0.13718722758257157,-0.24385014242985353
1.734625,0.16311612661611832,0.12163267890898691
1.73475,0.381096596591062,0.46290191849900725
1.734875,0.5054090712413222,0.527975420578321
1.735,0.3656707206064967,0.19753575123000927
1.735125,0.20907389690776476,-0.10434736786399922
1.73525,0.011973744507850534,0.005165306577089128
1.735375,-0.06137037239416713,0.24245793686274267
1.7355,-0.22272121122067162,0.3570085394411022
1.735625,-0.20284366845376894,0.22546025883025658
1.73575,-0.05210425075114444,0.12572212607928634
1.735875,0.3844039229174773,0.18695642594588072
1.736,0.6391514118714992,0.3280919448508111
1.736125,0.5681812419905901,0.4031816391814056
1.73625,0.17474556790758192,0.3001780942730456
1.736375,-0.0418751808815779,0.18845548717910013
1.7365,0.021197798879752767,0.047545560217817834
1.736625,0.2835181363138566,-0.07135686768433969
1.73675,0.3313934561197975,-0.16171983107339052
1.736875,0.1439926261436517,-0.17550952468090736
1.737,0.1389172447221627,-0.03655060843342532
1.737125,0.12054650353955296,0.33428582749002617
1.73725,0.09240892235483131,0.6170228157413163
1.737375,-0.11290515817567036,0.5262760205130351
1.7375,-0.2718277015815136,0.1556241403056611
1.737625,-0.33658147566039803,-0.05642614798626526
1.73775,-0.20803866547500968,0.0194908304764975
1.737875,-0.09690128210450795,0.25641266560058035
1.738,-0.09533559049238514,0.248041704765291
1.738125,-0.24033942728407243,0.1810487977248977
1.73825,-0.3150089819153126,0.1264900712073504
1.738375,-0.28211571371943245,0.14027882309340614
1.7385,-0.05087442455663061,0.05962380822793001
1.738625,0.12219200948809816,-0.09588165034772106
1.73875,0.28984519608627596,-0.25444152367080475
1.738875,0.22625569318075434,-0.3186868087690737
1.739,0.031927155329211435,-0.2371282687820435
1.739125,-0.1181454424221472,-0.09207543926488644
1.73925,-0.2599219750482257,-0.08489019895838346
1.739375,-0.2164051534837116,-0.172700404375281
1.7395,-0.25840077632638625,-0.25433757649761324
1.739625,-0.2518585442369694,-0.23767795959908375
1.73975,-0.1431921005656678,-0.002366569946197296
1.739875,-0.16874456230072088,0.14001075141196834
1.74,-0.2710493133447686,0.20666424276722903
1.740125,-0.36887274904167994,0.17666799712569708
1.74025,-0.21509159930059,0.07256633562096133
1.740375,-6.215801675094947e-05,-0.16530399562788492
1.7405,-0.004203689264166696,-0.16764032656644232
1.740625,-0.1715925743588333,-0.240643040094825
1.74075,-0.4076306730177884,-0.23605738260021114
1.740875,-0.47504744839013496,-0.24860212256896566
1.741,-0.43899470321770745,-0.16430647645282906
1.741125,-0.35577733407407014,-0.15232648709294375
1.74125,-0.230141378668389,-0.2712236652952357
1.741375,-0.046599354526567056,-0.32255633548313556
1.7415,0.004005849614845407,-0.30409186092288204
1.741625,-0.04223576564982664,-0.030467560839205123
1.74175,-0.13514850218250174,0.016044853084893184
1.741875,-0.10532193444306949,-0.20005036646278582
1.742,0.0767601122389921,-0.43197986988182585
1.742125,0.2674190479140602,-0.43014577941396126
1.74225,0.4795605204695349,-0.3699921910328326
1.742375,0.5496839848719667,-0.30820719509288297
1.7425,0.46332435792070437,-0.21547554765795296
1.742625,0.41128835062669905,-0.03622106958703066
1.74275,0.3474147390474769,0.04651583238397154
1.742875,0.29103658912232366,-0.048122023801501934
1.743,0.25028446704424334,-0.13992111843676755
1.743125,0.18079351186066744,-0.1021851801105818
1.74325,0.2224210056309044,0.05304556003981702
1.743375,0.33525909850968283,0.2585260404921615
1.7435,0.2287730490056365,0.41590026518237017
1.743625,0.14161715198371067,0.48045706161924634
1.74375,-0.024044109306156566,0.4498777261905736
1.743875,-0.01575332412503637,0.3953241156340927
1.744,0.0881393841113706,0.276322543099268
1.744125,0.12769095714986944,0.23402150164029348
1.74425,-0.03209709345780087,0.21379453127257883
1.744375,-0.06608922626847592,0.16220504745750447
1.7445,-0.09373708367478525,0.1645268085197327
1.744625,0.006677720877980237,0.2842501637755108
1.74475,0.13308729020103324,0.26580245647651946
1.744875,0.15622698451760303,0.10528364646055628
1.745,0.12713225939400052,0.0018134104619029427
1.745125,0.2391061110822213,-0.0007997771687000462
1.74525,0.373048521065918,0.07296210818013237
1.745375,0.46938521535504735,0.08342059172331079
1.7455,0.430824144608587,0.02291612083125065
1.745625,0.1333818169881374,-0.08544867237157219
1.74575,-0.14552307142077642,-0.06632195390794614
1.745875,-0.11261161858932228,0.05245443767162454
1.746,0.027226443209331506,0.11167536508125109
1.746125,0.1507747615836937,0.18190550525155716
1.74625,0.11948761989736374,0.11443559860974906
1.746375,-0.05900869204316979,0.1786533489260534
1.7465,-0.3114116881491763,0.35150819078514184
1.746625,-0.6400916906287039,0.4132058885344745
1.74675,-0.7752371765905763,0.3606515465350241
1.746875,-0.5381235331969518,0.13735103284353206
1.747,-0.1741532728355001,-0.06987429079894836
1.747125,0.16503069236682094,-0.13090290695959347
1.74725,0.12948091918738724,0.026283108287973263
1.747375,-0.11713509932059807,0.14427887260670594
1.7475,-0.2022747615196492,0.12775622580026083
1.747625,-0.07664652529311054,0.03953607756370157
1.74775,0.09236748845648812,-0.29861477641220524
1.747875,-0.0018772617334802324,-0.5847746639536368
1.748,-0.26015532135672564,-0.6876033865406239
1.748125,-0.4751836889813361,-0.4950372698685859
1.74825,-0.360891934785548,-0.10859033469719502
1.748375,-0.14972452220498278,0.137559776463148
1.7485,-0.02375550262294527,0.0889643256547096
1.748625,0.0004133253464821461,-0.04452997847059592
1.74875,-0.06782537712966503,-0.1763203697322358
1.748875,-0.25279485398990387,-0.15571698334330764
1.749,-0.3706302383890604,0.03042658296673357
1.749125,-0.24436722465288616,-0.031689328281001065
1.74925,0.0014812099900604106,-0.2374077287710506
1.749375,-0.01152472434798657,-0.38432894841979254
1.7495,-0.11511517456484761,-0.3323310053843471
1.749625,-0.22160501723400663,-0.20359714986871855
1.74975,-0.1605300922394022,-0.008921567369671195
1.749875,0.04220089893411601,-0.0037664325333123787
1.75,0.07381144615722696,-0.1020208543584056
1.750125,0.07435946672535779,-0.23144649476536808
1.75025,-2.959632678703994e-05,-0.3229709452786451
1.750375,-0.013104079002174267,-0.2682083679339688
1.7505,0.06210844109760387,-0.04782002928163991
1.750625,0.288073835963996,0.01756060762351227
1.75075,0.44534888101318926,-0.08809899936246691
1.750875,0.392090048145751,-0.19733523250976837
1.751,0.18634906147252972,-0.08227228394064781
1.751125,0.07941635683477978,-0.006535027574444301
1.75125,0.12415440819530442,0.1125119454530016
1.751375,0.2841182180697611,0.039146180572052
1.7515,0.22852618788077778,-0.024404750464874822
1.751625,0.303291694094119,-0.028148769832703736
1.75175,0.25566659371769884,0.04645201383657591
1.751875,0.31525858743790725,0.27722918262556595
1.752,0.23007900900443654,0.39973753118426797
1.752125,0.06254443181057583,0.3502337131404419
1.75225,0.03473994321746859,0.1968586781665563
1.752375,0.012695340293761414,0.06299624783127854
1.7525,0.15064940018270292,0.07078259904207354
1.752625,0.2125378933194218,0.22299518955474587
1.75275,0.09031878653870984,0.2981298608734201
1.752875,-0.24150716548438383,0.2652203231632863
1.753,-0.41581406439202184,0.26529821387263935
1.753125,-0.2474525136567964,0.20371555591121357
1.75325,0.04931204967314515,0.17924447822953948
1.753375,0.2958911191106448,0.09654412950666237
1.7535,0.328269466464589,0.038904343965876005
1.753625,0.2600193708944229,0.04166813438135862
1.75375,0.18592414228672108,0.18015704445310496
1.753875,0.23290430590749506,0.21149239029201747
1.754,0.15623697542864937,0.03911749815262689
1.754125,0.0927617775651145,-0.16284159463423448
1.75425,-0.048959260082833286,-0.28730530684402095
1.754375,-0.14966896554753265,-0.2160645087856547
1.7545,-0.24840567957160156,0.11649334557995446
1.754625,-0.19951222725013684,0.28686490596220965
1.75475,-0.0649626619095704,0.32210922253520413
1.754875,-0.023338283010701927,0.20329119678838728
1.755,-0.0961938272624328,0.19466606772659661
1.755125,-0.07183869437177239,0.16031734571685305
1.75525,-0.11269386305837706,0.18219018965079653
1.755375,-0.061383249538302376,0.13590807093118473
1.7555,-0.04839382872019207,0.011019964768059234
1.755625,0.0993630979061684,-0.19012499278767647
1.75575,0.1455476861267152,-0.2055611270200964
1.755875,0.05588905279540958,-0.15249176448963297
1.756,-0.29636444403901757,-0.034621767080770055
1.756125,-0.39621467404726535,-0.09348051047601333
1.75625,-0.264467156535831,-0.02785643033697405
1.756375,-0.09845778607129048,-0.08605494838562658
1.7565,-0.12085553121027734,-0.05622583167914765
1.756625,-0.18437720002638383,-0.06234992605225345
1.75675,-0.26796011834214084,-0.04015219881884708
1.756875,-0.3473480520841635,0.07271653697511252
1.757,-0.25526514842890624,0.1760822472180828
1.757125,-0.06774638399933981,0.014940652056477259
1.75725,-0.06235920163616774,-0.24350300214023593
1.757375,-0.09473770191513525,-0.36082542195758516
1.7575,-0.1937205821955072,-0.2383474374061725
1.757625,-0.465458159628798,-0.13145948115546655
1.75775,-0.41869276491450147,-0.08985507328936919
1.757875,-0.3714268465072247,-0.15538858058794355
1.758,-0.21033504822630653,-0.28505456601785484
1.758125,-0.1195282849225607,-0.29270780894208037
1.75825,-0.13178178663626444,-0.2306877212900262
1.758375,-0.030857106413800146,-0.14885726930564686
1.7585,-0.002022180639589203,-0.051959080145352936
1.758625,0.03729018838502555,-0.1070123873777713
1.75875,0.08838843862069698,-0.2553342826210704
1.758875,0.19693697223294548,-0.3849921442569644
1.759,0.4139063313588113,-0.39255420488457754
1.759125,0.5799346402952811,-0.3141995402999177
1.75925,0.46587842826512976,-0.25517259363358347
1.759375,0.2572239018306498,-0.12141512576997157
1.7595,0.2089743951536512,-0.10569451337615166
1.759625,0.41571994840090654,-0.009547265056833273
1.75975,0.41769533042993756,0.052969049254719375
1.759875,0.39073879980144355,0.030764145908871453
1.76,0.3612271111496669,0.07725443016986484
1.760125,0.330539832595144,0.17860042816283672
1.76025,0.3009882927955005,0.385915777031374
1.760375,0.056300822658968644,0.49370798011189765
1.7605,-0.3607220676698977,0.4209324702522002
1.760625,-0.527039561093821,0.25141387485742867
1.76075,-0.29371651467608334,0.18039337210411197
1.760875,0.06408412903369215,0.34857608673348217
1.761,0.20235078864125972,0.38239123445371687
1.761125,0.16543241013217105,0.36780677696533154
1.76125,0.19154425116816395,0.30747080268930566
1.761375,0.3099430934032647,0.35275791259500416
1.7615,0.37736664405033443,0.31048661088876184
1.761625,0.3010423134155315,-0.011521291594080635
1.76175,0.11553461722306739,-0.2960618133923477
1.761875,0.04940894524909093,-0.44093203843383094
1.762,0.07473168109046727,-0.22899998938708058
1.762125,0.06720917921977797,0.007348507064884445
1.76225,-0.06535981786667173,0.2109704993532619
1.762375,-0.03140680013281889,0.09755550435714945
1.7625,0.0008389533214061631,0.12156610293035555
1.762625,-0.014108028818733756,0.25255485274546646
1.76275,-0.012362938442132447,0.35456527255134396
1.762875,0.008908621709126102,0.22434877705643055
1.763,0.12589476123228163,0.08925096741019549
1.763125,0.14961392889541128,0.04085732687829576
1.76325,0.0858752125430138,0.07704975404010588
1.763375,0.10428051895920927,0.03727913179145216
1.7635,0.0943609848031005,-0.06699972288974494
1.763625,0.023621214315292384,-0.074076080016907
1.76375,-0.23279928584196605,-0.016814163823003745
1.763875,-0.531490847659573,0.004917761408363317
1.764,-0.5072814296870938,0.00036486020642613324
1.764125,-0.16262246014868603,0.050765117493462075
1.76425,0.0005048076179877244,0.14589343752061015
1.764375,-0.08038504401720697,0.19220269012911192
1.7645,-0.32066689651672853,0.10104370654052772
1.764625,-0.31711217539709374,0.04283079034612518
1.76475,-0.11513856460194935,0.08806150237914126
1.764875,-0.01359166138791136,-0.003050638334052145
1.765,-0.14859165399898114,-0.2419764135487352
1.765125,-0.29976079386137366,-0.44818732769034136
1.76525,-0.2866545913879729,-0.4377578323040564
1.765375,-0.07633154510222914,-0.2126273664146683
1.7655,-0.06620638431111722,0.024964493895598697
1.765625,-0.241273289064994,-0.12268312335364909
1.76575,-0.4130456204146694,-0.3358342110721217
1.765875,-0.43925823362988176,-0.31080575319307113
1.766,-0.41736601740709095,-0.07650390553344454
1.766125,-0.44239139638729186,0.05404898559240779
1.76625,-0.37538221347655926,-0.18596702910412427
1.766375,-0.04477997217216217,-0.26069025031806026
1.7665,0.20729195525393188,-0.22819814891997936
1.766625,0.22933512652060034,-0.036473239086401224
1.76675,-0.002475509908836011,-0.04061827126285147
1.766875,-0.11130185417646518,-0.17596981782319168
1.767,-0.11211446292755385,-0.32877299378297725
1.767125,0.16940202250264533,-0.39843443238573656
1.76725,0.25655661077162256,-0.4345354403472945
1.767375,0.327355050191954,-0.419877390188798
1.7675,0.19473672972634376,-0.3094892360134384
1.767625,0.1675342460954358,-0.02631317494788089
1.76775,0.1369014352416857,0.20467442360146482
1.767875,0.13054115544119899,0.16451703216074118
1.768,0.25850322585451524,-0.02113956375311731
1.768125,0.4343079368516893,-0.17567996089707658
1.76825,0.5176175575115841,-0.06895172914040956
1.768375,0.487134200102042,0.15749996028141502
1.7685,0.24674074800369078,0.24511323234315255
1.768625,0.09465387877724583,0.24113393846427636
1.76875,0.15343825472654946,0.2003481622507121
1.768875,0.36228109869853387,0.13365673385941854
1.769,0.5460693900344673,0.08724313062172814
1.769125,0.45136119224699356,0.15127809627167704
1.76925,0.12128186371891576,0.2034761679496577
1.769375,-0.029738633212975804,0.3222563322832657
1.7695,-0.1614297917345234,0.48915927462504766
1.769625,-0.04396277794789456,0.4687084574044255
1.76975,0.06500313769049082,0.221233647643862
1.769875,0.1930105026677959,0.07474621684936286
1.77,0.173444369937704,0.03461405327547004
1.770125,0.029697379520806987,0.32635405337784223
1.77025,-0.004602947579443904,0.47720875719001027
1.770375,-0.121433103699071,0.3872971267117973
1.7705,-0.11708795182276956,0.16442381869940864
1.770625,-0.1271031541371024,-0.04560026934681227
1.77075,-0.05440576649642196,-0.11911952322424618
1.770875,0.03408363090814214,-0.08386272268640661
1.771,0.046900084430463056,0.09068921791653421
1.771125,-0.13084575492057018,0.14029754884761697
1.77125,-0.2683570184236958,0.11344633017495942
1.771375,-0.19213746763717388,0.04905289180770428
1.7715,0.09130346715753226,-0.005072997871385247
1.771625,0.3135406170717775,-0.0743068769892967
1.77175,0.25092850450648974,-0.11085272074585825
1.771875,0.11800242390795486,-0.143458844446493
1.772,0.04260740112796831,-0.03725096067208984
1.772125,-0.009605005201352275,0.05774354235489934
1.77225,-0.2503463705973669,0.016823377537266204
1.772375,-0.5582382378880255,-0.07823947828427116
1.7725,-0.6273689521162745,-0.23519505740847024
1.772625,-0.3490003385712856,-0.1557685013815248
1.77275,0.0004766661198014889,0.0939281095921812
1.772875,0.23538342360865527,0.24326695305305737
1.773,0.08439147921550348,0.23383441542389904
1.773125,-0.2918814731804674,0.1440028018577928
1.77325,-0.5640910431584852,0.0036903224693959963
1.773375,-0.4737051903844137,-0.04962468893215095
1.7735,-0.22332105567478094,-0.181527146320293
1.773625,-0.18334757327008835,-0.5083197074517902
1.77375,-0.3435999226990274,-0.5243997667530934
1.773875,-0.47553949530054324,-0.3882222610270126
1.774,-0.31173887994571997,0.013205939906811001
1.774125,-0.024388960022619272,0.21429495795924403
1.77425,0.024730885243883304,0.10625773243120658
1.774375,-0.2411345897412179,-0.2594992143653425
1.7745,-0.46915617252003317,-0.4883252531293533
1.774625,-0.4117444027094827,-0.43541125479269327
1.77475,-0.15400825193189935,-0.1561201270369564
1.774875,-0.04539701715862276,-0.17202026231115802
1.775,-0.0330003147552311,-0.30222084297219337
1.775125,0.023484309588511533,-0.458858257996486
1.77525,0.22311969375144958,-0.23613054929825802
1.775375,0.41225800227503184,-0.0305451058695721
1.7755,0.48935952130537014,0.018508293890978068
1.775625,0.5672998604859407,-0.20485527676659013
1.77575,0.5950096104768485,-0.48273721433925165
1.775875,0.6098651928839659,-0.41431276075463586
1.776,0.4852634841534528,-0.15425553987883736
1.776125,0.2561753527215933,-0.04008516941379632
1.77625,0.04850257391282498,-0.035048656692761714
1.776375,0.054022614649497196,0.04652512993372626
1.7765,0.09362216020737531,0.14664656012744745
1.776625,0.14877786662796852,0.2994144656211637
1.77675,0.16580821499482767,0.38522862731408913
1.776875,0.167776464202517,0.4828517147167665
1.777,0.13177689847282748,0.5391513536950093
1.777125,-0.08271445409833098,0.5387147788448875
1.77725,-0.2070258834178288,0.45501430652272357
1.777375,-0.17819302379183954,0.2092243217409647
1.7775,0.09062861809584692,0.07866469039510107
1.777625,0.22063796828828425,0.05550222041393954
1.77775,0.19390783359743125,0.07231644878685936
1.777875,0.050725229305652444,0.13639994984639056
1.778,0.10525234954158934,0.17543983038916997
1.778125,0.311404931934033,0.15468819591370783
1.77825,0.2690818878367791,0.12742170192844487
1.778375,0.0802310432271959,-0.01577828658708401
1.7785,-0.07934202824907835,-0.20007608876865252
1.778625,0.06961369240895754,-0.1781187026870408
1.77875,0.3742528564907609,0.03701017814717209
1.778875,0.38551298331913725,0.2040950180373629
1.779,0.0063833327474521135,0.14375049309213772
1.779125,-0.33616451674321507,0.0870184097017623
1.77925,-0.29136328970317177,0.04255815783054247
1.779375,-0.005983320642902117,0.2407429031950733
1.7795,-0.07645484714990272,0.2704260003896373
1.779625,-0.43960745248944544,0.07315255134455989
1.77975,-0.6900370301897599,-0.10440100625385021
1.779875,-0.3198257066849117,0.038684404474628356
1.78,0.18819820485480776,0.3753860044159845
1.780125,0.5481005403546407,0.3595875501803269
1.78025,0.38093792463756143,0.009751625231246435
1.780375,-0.040107050943745684,-0.3225039835196391
1.7805,-0.15855430299410297,-0.2368849616123753
1.780625,-0.016540031398732648,-0.011231497982966153
1.78075,0.1765309137047904,-0.0504478626608521
1.780875,0.0976919722747616,-0.39309024443620416
1.781,-0.13879284674302564,-0.6320364290233665
1.781125,-0.4154057500586004,-0.3289577799361973
1.78125,-0.3629209955550344,0.13810180359160684
1.781375,-0.2946850036971011,0.4905690867190139
1.7815,-0.085615196229206,0.35098434740025997
1.781625,-0.08380976878559858,-0.01656920577598804
1.78175,-0.23225106828538253,-0.13164296700809835
1.781875,-0.4616474725612541,-0.06288330538563594
1.782,-0.49403810407442117,0.17305216842870016
1.782125,-0.3018210551128211,0.1271644033917674
1.78225,0.006566635353434092,-0.16102327800160846
1.782375,0.1643752462172412,-0.3342230131567869
1.7825,0.011231832405165936,-0.33850431340730797
1.782625,-0.1500380728322493,-0.17913919737645254
1.78275,-0.41658708899896535,-0.1109326129375242
1.782875,-0.6285817911996213,-0.05969006257749437
1.783,-0.6371597129203578,-0.21922700547920726
1.783125,-0.5679160641707334,-0.37940994538302864
1.78325,-0.3534521315795575,-0.38918663544923704
1.783375,-0.044394752086848455,-0.28929735374579263
1.7835,0.2728947252013752,-0.06793591166656406
1.783625,0.45143657818880434,0.12895691046530922
1.78375,0.3901718606692746,0.0860866443439657
1.783875,0.3600286904232904,-0.1291975674981542
1.784,0.286978226480474,-0.33670746907481863
1.784125,0.3004795252167809,-0.5376809935358593
1.78425,0.20413377443735878,-0.5766306163475267
1.784375,0.17919174965975782,-0.49021271724029125
1.7845,0.2024710866606332,-0.3252718870799114
1.784625,0.24331923883711326,-0.006906920055419673
1.78475,0.21959346540532518,0.2648088826190955
1.784875,0.2537100731520872,0.3815629566405997
1.785,0.27463517477954297,0.37057471676522125
1.785125,0.14659938076930557,0.2755259778556519
1.78525,0.12090345403892612,0.2847175173049811
1.785375,0.19465717113403044,0.20188579840135315
1.7855,0.392971311999858,0.12802510029979125
1.785625,0.5016184045971857,0.16691714001426186
1.78575,0.34384222098853806,0.2423963024225189
1.785875,0.04464315657960645,0.2539281526929469
1.786,-0.08445679961939326,0.1922477248850131
1.786125,0.18203838495993302,0.17175653362815194
1.78625,0.4487969875869489,0.20951048947243728
1.786375,0.31800437506377616,0.16174139044283772
1.7865,-0.08166317136231535,0.10429975313972843
1.786625,-0.47691922412479826,0.14835005722185168
1.78675,-0.36883271113144,0.3188305576004847
1.786875,0.05444168073520563,0.4698073053050901
1.787,0.2636375942891387,0.33227732004412724
1.787125,0.25101478171089964,0.02462845271656124
1.78725,0.1392576550936231,-0.009797527046895892
1.787375,-0.009451919438257681,0.17958558837955388
1.7875,-0.12019448677072685,0.38593801333107264
1.787625,-0.23042576607717422,0.30726340280675524
1.78775,-0.2817118602816271,-0.07360258835730435
1.787875,-0.20170557150325455,-0.3879264613680812
1.788,-0.03454305011990379,-0.2978128023868787
1.788125,0.180113247317275,-0.018323922006049445
1.78825,0.1846489671953012,0.2515716835910783
1.788375,0.04657394190578282,0.2024380860226963
1.7885,-0.10879565641210674,0.1396134572983349
1.788625,-0.209367543180159,0.037534109683956186
1.78875,-0.19214012405476646,-0.05803585190934215
1.788875,-0.18896594002162842,-0.22271038607983612
1.789,-0.14779616319436295,-0.2511680202807334
1.789125,-0.06659085616813143,-0.17294857870572186
1.78925,-0.017112362683675646,-0.03036532342258967
1.789375,-0.04285123453612495,0.14879865118986163
1.7895,-0.2275699209803515,0.15434343507592388
1.789625,-0.40675687536710264,0.1131109401292743
1.78975,-0.34752864883237955,-0.11630920055770365
1.789875,-0.23562493234530518,-0.23226028358987819
1.79,-0.11401107710612216,-0.1646469375139229
1.790125,-0.02332329352135721,-0.17928254378636999
1.79025,-0.04873834664635933,-0.1502595328295954
1.790375,-0.22078352274112156,-0.0780015284900947
1.7905,-0.5049802351755418,0.028518345457716997
1.790625,-0.6272106425427842,-0.04651112330519353
1.79075,-0.4247196992670963,-0.2360638342719197
1.790875,-0.09001208395708488,-0.31081219033994706
1.791,0.12280463386323663,-0.28634865035946194
1.791125,0.02159658664191671,-0.16970918435692173
1.79125,-0.21057945108189288,-0.0831326623783847
1.791375,-0.3341800097040792,-0.0463408510169691
1.7915,-0.2483600225900266,-0.07485996929322286
1.791625,-0.09783998185923212,-0.20903844197493612
1.79175,-0.022172642426031116,-0.449116796960593
1.791875,0.1381686949608578,-0.5997916655953088
1.792,0.4640970512652094,-0.40404205813985494
1.792125,0.6485332786841054,-0.03466774203499461
1.79225,0.606930092378871,0.13625605759034276
1.792375,0.37298044732372587,0.030001017524094963
1.7925,0.20827329477590653,-0.21548541012621883
1.792625,0.09307376316658544,-0.30407779206657126
1.79275,0.11984689087415046,-0.1873573929780953
1.792875,0.0849194172375053,-0.08145750437596186
1.793,0.07864227404811053,0.00899047001517543
1.793125,0.12949553580559045,0.11976440449125385
1.79325,0.09139354579527263,0.40865108029358777
1.793375,0.08174806703338211,0.5791038958876321
1.7935,0.03595975364172531,0.5440487412342117
1.793625,-0.040162090654411425,0.31027183360535066
1.79375,0.048814930013803555,0.11696712875980425
1.793875,0.18308320926493993,0.1094015909785726
1.794,0.34685288984240725,0.09773342638866771
1.794125,0.31350027247582596,0.12454694340888861
1.79425,0.317480494504218,0.08042049031764097
1.794375,0.21717206912363035,0.13657537327023653
1.7945,0.13264929499750747,0.0746450116099955
1.794625,0.02589054340063424,0.08052577639225912
1.79475,0.09025766592999945,-0.038973435937705574
1.794875,0.18337694063737817,-0.04332229514286388
1.795,0.2267821140053016,0.02704074239919381
1.795125,0.18975494360480613,0.14706561139918775
1.79525,0.051451209760048744,0.28573850899542785
1.795375,-0.0032868202716725414,0.33890146300332885
1.7955,-0.0032836381563424257,0.2536559305496691
1.795625,0.23164564461082973,0.14894462654689886
1.79575,0.3616279442493699,0.08320067943281804
1.795875,0.1268429256719194,0.08277918634983848
1.796,-0.2850274548351343,0.08059494800272458
1.796125,-0.3321141331698915,0.20138440961474832
1.79625,-0.16417121581105934,0.18397493136884152
1.796375,-0.1030903299926966,0.18020278578222057
1.7965,-0.2563593684743213,0.02273376418557441
1.796625,-0.41859297702266857,-0.038697650932624054
1.79675,-0.5254841880675797,0.03170282174325727
1.796875,-0.4205173331711021,0.23197801338887972
1.797,-0.26663309452618866,0.29896742130393433
1.797125,-0.1534435381427653,0.06427948344971057
1.79725,0.07676529072151482,-0.23273131928246502
1.797375,0.29281655485856967,-0.3051848425857312
1.7975,0.3588154552565558,-0.19631667976401704
1.797625,0.21749078574581976,-0.1509823458195823
1.79775,-0.0629892886494462,-0.17638226319736258
1.797875,-0.08392272756507413,-0.3518797851758754
1.798,-0.12309180461206025,-0.44611081786582246
1.798125,-0.10339455111006203,-0.39071754981269546
1.79825,-0.17008228915825127,-0.2503568349207968
1.798375,-0.30470464903546624,-0.11475978162727232
1.7985,-0.2980619953786376,0.11448017703217396
1.798625,-0.31219113590981123,0.31334077382132225
1.79875,-0.29353387310898416,0.3624115470255262
1.798875,-0.38674436322573474,0.13089618921859103
1.799,-0.3891091828877649,-0.05045254012107168
1.799125,-0.39629290371343967,-0.1270972731496189
1.79925,-0.3653012086784063,-0.07406985613308481
1.799375,-0.30979828449136987,-0.10674315714183799
1.7995,-0.18606548957993438,-0.17620454624536683
1.799625,-0.07380701036991001,-0.2528030419774385
1.79975,0.058851292668915756,-0.28888363993693156
1.799875,0.1086170392090548,-0.2893592727599188
1.8,0.17198950040086428,-0.23507775874796122
1.800125,0.0432059553536175,-0.30121639982324094
1.80025,-0.03584789759909447,-0.296038948187568
1.800375,0.003543420870926059,-0.36642520364748143
1.8005,0.2037928931111338,-0.34442334842556277
1.800625,0.4991604664923076,-0.23218123941139407
1.80075,0.5550722386202485,-0.16437947195956346
1.800875,0.2919781743390873,-0.010247152038256591
1.801,0.15016176740317283,0.06405901712345047
1.801125,0.2604274864438125,0.09067907772311748
1.80125,0.4445116014896088,0.10452809602496839
1.801375,0.4269949995276649,0.03874872033000986
1.8015,0.23552358042422272,-0.06638886899962786
1.801625,-0.050399134102016276,0.004216341108018403
1.80175,-0.22203021354631172,0.19242302322182775
1.801875,-0.1676270421536282,0.4043642907684707
1.802,0.046648598059182374,0.45422009172476974
1.802125,0.057910476399430186,0.31681506841025053
1.80225,0.034379576436463895,0.14099396093177755
1.802375,0.09281155862851762,0.2664994512826578
1.8025,0.09120651271480004,0.39275910768222605
1.802625,0.07665678516152806,0.4236304768862312
1.80275,-0.05711161057181264,0.22628783846257178
1.802875,0.025497155815151513,-0.013068240631235769
1.803,0.3183991685329355,-0.1777618981074206
1.803125,0.6191016402001275,-0.09455031511220895
1.80325,0.6354623959077055,0.018140185301846922
1.803375,0.3851282163988972,0.06384516390478275
1.8035,0.04581161185715833,0.07286915518479471
1.803625,-0.04445709580215536,0.08109198993907223
1.80375,-0.19032332759494822,0.1217649323846749
1.803875,-0.09489240393622243,0.07906938204885344
1.804,-0.016498876472194706,-0.09074097240771688
1.804125,0.02095604928729544,0.03828174087493458
1.80425,-0.1286751260033658,0.3073148099841486
1.804375,-0.32131374063957086,0.5472337329419165
1.8045,-0.38889519118016735,0.5608429715218812
1.804625,-0.20205822897331163,0.3276493182683874
1.80475,0.07215591608730876,0.07747217467859098
1.804875,0.28509898280310564,-0.16262242591661724
1.805,0.2536502296389285,-0.1375836733348868
1.805125,-0.04629010046960432,-0.10097927692019473
1.80525,-0.24809320639308136,-0.012991955046321458
1.805375,-0.1638120534673259,0.028676881397852856
1.8055,0.04604462697546886,-0.14879929907872058
1.805625,0.1274817322466557,-0.29089350412251735
1.80575,0.017332989607987084,-0.3625137871011057
1.805875,-0.11363387441876734,-0.22301615767524305
1.806,-0.06167184527290431,0.07182584185138884
1.806125,0.0029677035820145606,0.2516563264869071
1.80625,-0.18544177937626155,0.21526163719453728
1.806375,-0.33892154449025635,-0.02766532699797216
1.8065,-0.2773102074335574,-0.17876004477584512
1.806625,-0.061483973346288454,-0.15628108044866384
1.80675,-0.08089903130921715,0.09034771907680493
1.806875,-0.2848206689270042,0.15279033127098293
1.807,-0.3121900383692824,-0.01210061655411592
1.807125,-0.35324640452340295,-0.1249511278862413
1.80725,-0.41412840885320285,-0.05108926450556483
1.807375,-0.3649210604612115,-0.07684793320389977
1.8075,-0.3153903426920144,-0.23394810329518523
1.807625,-0.34345333216531987,-0.3123770238697296
1.80775,-0.43394658981350226,-0.21776564393613804
1.807875,-0.3916278242274881,-0.12101256925372841
1.808,-0.18655003149480562,-0.10898742806635166
1.808125,0.09642529231619881,-0.19750365965908545
1.80825,0.24972397110730296,-0.2840800948996196
1.808375,0.28452884591660915,-0.3257196942079837
1.8085,0.09447849364529334,-0.35342884985432327
1.808625,-0.01294660467615417,-0.3563483281667292
1.80875,-0.09241933611262669,-0.29695267789415825
1.808875,0.08685936146324029,-0.2697830670101524
1.809,0.3096285558156401,-0.29660137101033085
1.809125,0.36073454960481527,-0.35472046307759014
1.80925,0.24661069897688254,-0.1879042351809353
1.809375,0.15652756990806446,0.08026694244173734
1.8095,0.20672895509205202,0.2544380184302581
1.809625,0.41949047187698524,0.22919875700420944
1.80975,0.43693767860192,0.11636655793062638
1.809875,0.1974849791711788,-0.012837672109618331
1.81,0.19975648219019423,-0.021483433794160057
1.810125,0.4246653037941143,0.07275939646640632
1.81025,0.6159020580019329,0.2985865819912003
1.810375,0.5240895873496866,0.2917613717816095
1.8105,0.10663322307330235,0.15194785322047283
1.810625,-0.1744102462698165,0.11559700014440076
1.81075,-0.13275159450301888,0.16873988719749328
1.810875,0.06350163345097916,0.3971815613959125
1.811,0.18546731150084153,0.3371657301652417
1.811125,0.08693824787817239,0.20863851178328718
1.81125,-0.133864432553218,0.15741411972187952
1.811375,-0.09675500981617588,0.3663484876855848
1.8115,0.048294135859123365,0.5570181591022261
1.811625,0.1724221881050161,0.43928431205811236
1.81175,0.04530344345587265,0.0908228940026774
1.811875,0.061191719327226016,-0.18394672396457987
1.812,0.1611969196307633,-0.1457390961994472
1.812125,0.31240261855104956,0.09271028020161083
1.81225,0.15213188327951227,0.13990057192501879
1.812375,-0.24329349312878437,0.01575145670025765
1.8125,-0.3797111307333172,-0.07132075171049912
1.812625,-0.27368342668252305,-0.09289760885339218
1.81275,-0.07338553486745353,0.038816587858107
1.812875,-0.04112439771897126,0.14095512943917454
1.813,0.03208866271387403,0.04722876143682487
1.813125,0.15562644477873483,0.05327919184699945
1.81325,0.289309716295085,0.16402636337299428
1.813375,0.16998964516011653,0.28606195969090553
1.8135,-0.1047245148810349,0.06734161788735216
1.813625,-0.18092495957426924,-0.2340000939870685
1.81375,-0.2352930672670192,-0.3752498663627218
1.813875,-0.18011347007894232,-0.23304276464461623
1.814,-0.18252272343987874,-0.09377516754808853
1.814125,-0.19848966101874646,0.012945382112933414
1.81425,-0.3977827278154602,-0.00719658750265106
1.814375,-0.48853174047485864,0.1460363098179581
1.8145,-0.29913767415034587,0.24235816976059107
1.814625,0.02845267747681499,0.17047292175663875
1.81475,0.4152216499113276,-0.02042489302921489
1.814875,0.5314943652536858,-0.1791294712725952
1.815,0.19883446502895233,-0.20621616787139727
1.815125,-0.29933627336604296,-0.16017854866807937
1.81525,-0.4751684529840038,-0.16776639353397377
1.815375,-0.4385426287634988,-0.20578000556998388
1.8155,-0.2767927236164652,-0.3936650887636918
1.815625,-0.32799055858137344,-0.4005373745731191
1.81575,-0.34303528212787365,-0.2946033568746466
1.815875,-0.41809989039414514,-0.0043741214837089894
1.816,-0.3442744171126349,0.4084448582876687
1.816125,-0.3304884982169798,0.4368114335804439
1.81625,-0.25173832584261346,0.17591483058196644
1.816375,-0.1356493376362589,-0.24797887197893237
1.8165,0.009151884651536194,-0.45718899908318206
1.816625,0.09535793083776631,-0.34463203538539244
1.81675,0.171977589321242,-0.20866666834313424
1.816875,0.1452850865826211,-0.21967012978478115
1.817,0.1532119351205152,-0.345009731546261
1.817125,0.18368561167729872,-0.36794830458890193
1.81725,0.28407516172230685,-0.3557110855949256
1.817375,0.41287773359884866,-0.27624565183444266
1.8175,0.3139549005490177,-0.29837168163384276
1.817625,0.07107409368713011,-0.12296253952244554
1.81775,-0.07751516214156033,0.06838419682325435
1.817875,0.027996429464011784,0.09533913084924463
1.818,0.28054260458619235,0.12117949371121656
1.818125,0.5288058827031351,0.07693804151140085
1.81825,0.5672397949561413,0.13939910345205345
1.818375,0.3151882886441433,0.16539816041741895
1.8185,-0.01650456542082803,0.2733686548938597
1.818625,-0.05898365073789856,0.32771243195998
1.81875,0.07946322541310315,0.2714869118609074
1.818875,0.24303792147938724,0.04896572250698721
1.819,0.039261869995452316,-0.0509076106805061
1.819125,-0.0959242593427407,0.03761863777635482
1.81925,-0.17857420245447442,0.26171239154364967
1.819375,-0.08508955520931394,0.499844909154541
1.8195,0.08651478825588911,0.4850980570380184
1.819625,0.21681815950710917,0.2836654103125609
1.81975,0.2805007990407264,0.01402646228516041
1.819875,0.2847855009350176,-0.04236510899599161
1.82,0.08715817470614301,0.09572023972437058
1.820125,-0.0021008405440812645,0.1970173912464945
1.82025,0.09320885912301684,0.06411456059934657
1.820375,0.31897965041220444,-0.11210755214501254
1.8205,0.3246045251322308,-0.15615191069910728
1.820625,0.14471144214203094,-0.09178976054228208
1.82075,0.050906177673499385,0.05170845699913296
1.820875,-0.043378355803080616,0.2137541484827665
1.821,0.00880541169785037,0.2539175891932604
1.821125,0.021848724724074994,0.2633122888263794
1.82125,-0.014690923483199758,0.09971643208111355
1.821375,0.13007811938304456,0.023010651481274458
1.8215,0.09849613515594394,0.13363980828006852
1.821625,0.061981700731569674,0.23147936327980786
1.82175,-0.14366970122353642,0.2619726577807652
1.821875,-0.38554391375427016,0.1615168720371765
1.822,-0.5101080054961757,0.0439324755510272
1.822125,-0.5043175526882063,-0.0141053010886858
1.82225,-0.2583362914956962,-0.025874339157935404
1.822375,0.0562201134978757,0.019446622748458084
1.8225,0.16568748028712296,0.025271023673824305
1.822625,0.13862845814292418,0.07768920991602395
1.82275,-0.12749757003940182,0.08328734993373109
1.822875,-0.3387714760656696,0.036032189426164776
1.823,-0.4007771601504127,-0.12247472613159543
1.823125,-0.3185003052820603,-0.3241692430475436
1.82325,-0.09468093092958016,-0.4586559750053092
1.823375,0.000491270074712002,-0.4382961579995376
1.8235,-0.05629603495627632,-0.2869344185743717
1.823625,-0.12225475123488654,0.0327056580530713
1.82375,-0.23748696386376691,0.16937420101670173
1.823875,-0.2251571310561351,0.07658687057858492
1.824,-0.18638455188694916,-0.13064077999896845
1.824125,-0.20570276547238003,-0.3229185349510131
1.82425,-0.16552831415540473,-0.37225021461071767
1.824375,-0.24507070579284704,-0.25677419501796855
1.8245,-0.40676567745422737,-0.0998936357783214
1.824625,-0.560151241428718,-0.06569692582826651
1.82475,-0.4103332245557459,-0.06488363291152781
1.824875,-0.006730985910440068,-0.09794570313766715
1.825,0.28969950147121754,-0.15280960454146617
1.825125,0.2923404489987104,-0.17368878877681349
1.82525,0.10812299714253139,-0.1995339812280251
1.825375,0.06359876241569465,-0.11707094409826499
1.8255,0.14070676569529983,-0.1552567911567938
1.825625,0.2262264272780713,-0.27777841641862966
1.82575,0.24525092895644443,-0.3865168140327889
1.825875,0.10874833619862186,-0.47030785399594455
1.826,0.10205750946762342,-0.354803262521285
1.826125,0.17567222593711782,-0.008823734159119028
1.82625,0.286823790764544,0.2212281202699243
1.826375,0.34994049119387804,0.2511853977547299
1.8265,0.415975696812088,0.11349818232098216
1.826625,0.41758646940644983,0.07768116505726416
1.82675,0.483968815801069,0.17031089835456423
1.826875,0.4147775375553573,0.17240746488479833
1.827,0.410113330965378,0.1540940442749579
1.827125,0.2626399360171543,0.19828178156406986
1.82725,0.11618268905527754,0.0583299866166232
1.827375,0.022171765459036555,0.1601760504738006
1.8275,-0.0035312369368464755,0.25316828177188666
1.827625,0.11535013403590548,0.30496122753103694
1.82775,0.10729168291339593,0.30533326553476753
1.827875,-0.03650301716499899,0.32698407314535277
1.828,-0.07434482242159042,0.4199734644588185
1.828125,-0.21931925401233873,0.4457411352983985
1.82825,-0.27654551474334726,0.35723135145938945
1.828375,-0.1503860935500769,0.20885701258526385
1.8285,0.01716813721070614,0.05645524297298027
1.828625,0.020935580419258686,0.025903907465709253
1.82875,-0.019940583276298312,-0.00861160224028551
1.828875,0.013750626269170426,0.038202374622762714
1.829,0.18184985146468807,0.0354000632648935
1.829125,0.27002598594019306,-0.03806640578022153
1.82925,0.11080658734461649,-0.10222865022482584
1.829375,-0.1918079527828091,-0.18987657554367912
1.8295,-0.22189763696984646,-0.17156604795903085
1.829625,-0.03380032856260124,-0.12560813532047446
1.82975,0.259968490878497,-0.033936787556688525
1.829875,0.3074877233079434,0.017066884660905456
1.83,0.041003363203498656,0.005764725632179204
1.830125,-0.3056324745715764,0.031236197616252244
1.83025,-0.24757602058201997,0.13960761789019818
1.830375,0.10765485461939012,0.22436735556318438
1.8305,0.2570559095611179,0.07296887671163411
1.830625,0.16391719773588173,-0.1759936608766505
1.83075,0.013334887790188892,-0.2922982139991685
1.830875,0.0013865056691993523,-0.0529420486645227
1.831,0.08389093782170913,0.272320183099076
1.831125,0.067035213810592,0.30649318766197
1.83125,-0.03744895165261056,0.00527451136558156
1.831375,-0.09308923031212409,-0.22483235221395556
1.8315,-0.07039815183131555,-0.20793868949512892
1.831625,-0.19770937296212113,0.04732967385943515
1.83175,-0.3991945652898947,0.21093778456397225
1.831875,-0.5189753271475642,0.16445194309646627
1.832,-0.5325678664917098,0.03141441793768686
1.832125,-0.5690863525477752,0.014723306818933501
1.83225,-0.667506558685127,0.03869510546341552
1.832375,-0.713297205077967,0.05371978714395141
1.8325,-0.6597078933045638,-0.08356803536432486
1.832625,-0.5818341134598676,-0.054923508469510975
1.83275,-0.45344784067067306,-0.08009841707333058
1.832875,-0.3025641303619234,-0.16682543672779976
1.833,-0.03929392219900276,-0.3517399974528058
1.833125,0.1495280625511949,-0.5082491489285923
1.83325,0.25278788501363214,-0.505552718644947
1.833375,0.16244952598293147,-0.5272386769535083
1.8335,0.11898061837822006,-0.6008572592835745
1.833625,0.0012640305910013381,-0.6211889188355503
1.83375,0.058471382415690755,-0.5574884189391474
1.833875,0.1576497928058908,-0.5691275786896957
1.834,0.4077711738276402,-0.45412867162441484
1.834125,0.404379663207276,-0.22858651308435793
1.83425,0.3579344535620386,-0.04304282122964053
1.834375,0.46040701475271945,0.19766158044129456
1.8345,0.5536084942282181,0.2116028992440829
1.834625,0.5445459535272771,0.1961840216608305
1.83475,0.3647601163717242,0.07969939061965571
1.834875,0.17326156167073467,0.06113813086968391
1.835,0.2151780532333074,0.012360653333711663
1.835125,0.39130811973790824,0.15670795585801103
1.83525,0.5153921420563311,0.3910129437463442
1.835375,0.3980649043868775,0.3756126211094784
1.8355,0.11523367154328142,0.3451730798068303
1.835625,-0.003642462683615731,0.40172222716952927
1.83575,-0.12141097850715346,0.4888266325333166
1.835875,-0.038091436473709064,0.49745486063613553
1.836,0.05115727235987868,0.3454336304721756
1.836125,0.03831697139248726,0.1959634078047133
1.83625,0.03889214384980813,0.1801024005895813
1.836375,-0.007517436898384796,0.3590779617560985
1.8365,0.10340565358988628,0.4257229605304208
1.836625,0.1921366816002989,0.2713135766069756
1.83675,0.1452011865435112,0.115615909676886
1.836875,-0.11667230087386388,-0.10354923403295616
1.837,-0.15814559856363575,-0.10144816260735129
1.837125,-0.015705205936851454,-0.038585609744881434
1.83725,-0.008814220053138162,0.03836344591160513
1.837375,-0.187911260176181,0.02651766773165375
1.8375,-0.35557345575553634,0.010008741347251958
1.837625,-0.20552631147536596,-0.0020038905949953485
1.83775,0.11097696491427346,0.100963478735421
1.837875,0.4612179946408404,0.14618728273692075
1.838,0.4427734442845318,0.07516747654058
1.838125,0.1666104640058538,-0.07395805265381232
1.83825,-0.18461973961488493,-0.12422608741751562
1.838375,-0.43026513175241166,-0.04357841884255537
1.8385,-0.6026276027289125,0.04025809623351815
1.838625,-0.5429461373519717,-0.15173944554001037
1.83875,-0.287386858525214,-0.3432326341620328
1.838875,-0.05180039291895246,-0.19493767999918615
1.839,0.0060741335716356535,0.16991524352649526
1.839125,0.005807958207219409,0.4545715782076688
1.83925,0.10861199309762398,0.37542846918709305
1.839375,0.08499373969253207,0.13907251016450237
1.8395,0.060114526981136895,-0.18882694581050902
1.839625,-0.09848663042964353,-0.38953139453377883
1.83975,-0.28255802823763343,-0.5303822993731224
1.839875,-0.32805230800030594,-0.4291623714236021
1.84,-0.20454001221316118,-0.25011325981499166
1.840125,-0.04814324223530891,-0.09096810678191118
1.84025,-0.11648455642081135,-0.00032247659281634406
1.840375,-0.1942833488706219,0.0186533302004504
1.8405,-0.08497676040769768,0.07344054985038152
1.840625,-0.1479416228477248,0.1462183477807785
1.84075,-0.2892345305039539,0.11350242476221681
1.840875,-0.5230570088102751,-0.13200840221568433
1.841,-0.49161078950479487,-0.28892630097994176
1.841125,-0.24670186826116391,-0.280900240532454
1.84125,-0.017100995155739297,-0.18635594906538414
1.841375,-0.0019739546536502403,-0.13256949694533687
1.8415,-0.03562698812875709,-0.08429007917402989
1.841625,-0.10136211590916128,-0.10144726283448818
1.84175,0.06136441554156111,-0.09433744199003845
1.841875,0.25068211670674756,-0.12568908611828322
1.842,0.20351146393640387,-0.26029580643886713
1.842125,0.08549882221266226,-0.4475637848750487
1.84225,0.09464548036263215,-0.4853652957148075
1.842375,0.22561675320561836,-0.22065924257262465
1.8425,0.21745187471742916,-0.047304214188699366
1.842625,0.1692670687382459,-0.01178559061009166
1.84275,0.1322618071419427,-0.09514627314620692
1.842875,0.20992219587401253,-0.08946338020152109
1.843,0.31737809367810726,0.08711844434841845
1.843125,0.2962466836195923,0.18290838921434988
1.84325,0.28482674385349843,0.17377910016081427
1.843375,0.1721220777906272,0.09147721611498409
1.8435,0.1468252499206184,0.07484356362448451
1.843625,0.06607667379197053,0.14101130481870477
1.84375,-0.04018112025230507,0.20272646218023027
1.843875,-0.10756173023496535,0.2065883448606692
1.844,-0.09260093611982778,0.10546117612593243
1.844125,-0.031159502098535047,0.17736789376521422
1.84425,0.10769784334960529,0.2141536448646704
1.844375,0.2894149986999798,0.29636599786195256
1.8445,0.3829126933869344,0.21590740863518953
1.844625,0.39457192825090015,0.20509442363452587
1.84475,0.26806606631896013,0.1087351083731974
1.844875,0.25625147186584113,0.05654858040462845
1.845,0.280867167265508,0.005257495479272952
1.845125,0.28386169267595496,-0.12944223183388764
1.84525,0.12565961978081716,-0.0764615832021178
1.845375,-0.03190798339346445,-0.008691160694221167
1.8455,-0.01760810217996761,0.10910122353956284
1.845625,-0.01499557380777579,0.23098503510158613
1.84575,0.07294139253120929,0.30816437248413847
1.845875,-0.05349605166352354,0.35048807939847365
1.846,-0.2849490912854135,0.26486395900072507
1.846125,-0.2596663847702966,0.21333988060727516
1.84625,-0.3137897577747604,0.21884901851690147
1.846375,-0.15248844229261746,0.20132606838326156
1.8465,-0.09963061923190214,0.1539293910280438
1.846625,-0.0760060531997097,-0.011559384426299477
1.84675,-0.0778905517549404,-0.0020182405828521755
1.846875,-0.13553710326005966,0.0695131652029734
1.847,-0.12303567241631869,0.03209233230386154
1.847125,-0.1553859130153933,-0.09317645763133788
1.84725,-0.13507864728364552,-0.15948867716911536
1.847375,-0.03710206241617936,-0.26713179140071736
1.8475,0.1720423487901339,-0.22446237416280268
1.847625,0.2708907128294933,-0.13395100130499973
1.84775,0.21288387937076647,-0.06330751579550789
1.847875,-0.07210476059870284,-0.04730560694335382
1.848,-0.3055783423970447,-0.10300388880677384
1.848125,-0.26812627980578946,-0.10090361805888391
1.84825,-0.2745899403143563,-0.1273209479825864
1.848375,-0.4033206864940577,-0.16494895511192056
1.8485,-0.43565631901806023,-0.1055737284916456
1.848625,-0.4129936172333497,-0.0206893619088237
1.84875,-0.3525110848042376,0.18924785932321142
1.848875,-0.3322780408171302,0.2562315064700836
1.849,-0.399525368147412,0.15779314249696114
1.849125,-0.25644932171848134,-0.09170970201160876
1.84925,-0.23135852636974444,-0.32390928418731874
1.849375,-0.13744540789389784,-0.22607868395464872
1.8495,-0.30090460413913656,-0.2471549828319192
1.849625,-0.41873613068791793,-0.3408227961746202
1.84975,-0.2841186954213295,-0.45163668039381255
1.849875,-0.03123412566339733,-0.40665534431452877
1.85,0.21602134015687702,-0.34235497470547227
1.850125,0.21019447989952272,-0.3089063638478376
1.85025,0.16777864755179778,-0.31330125334817954
1.850375,0.24948167872974394,-0.288390835316551
1.8505,0.4323427788475737,-0.13952873488502499
1.850625,0.3410046858096762,-0.14553735872016327
1.85075,0.21064483820989668,-0.2967414094872678
1.850875,0.23672466674181541,-0.43013775895867645
1.851,0.3658916161256683,-0.28447444599329375
1.851125,0.3751002767055127,-0.031694699214700785
1.85125,0.24518084669644105,0.14351259998534438
1.851375,0.09738437966987337,0.15426010815605173
1.8515,0.17219754085417613,0.17568743172818807
1.851625,0.34023465455005564,0.2831633415715461
1.85175,0.5233949430135018,0.3524938784510701
1.851875,0.3893201709662727,0.33641156535747135
1.852,0.13535500200222028,0.2319040610058791
1.852125,-0.1387761569677839,0.24742551184969572
1.85225,-0.15195160872714705,0.40412767827622575
1.852375,-0.12648329330897592,0.3462994125619915
1.8525,-0.03077720814484158,0.24024628681102095
1.852625,0.0054275902031978235,0.130256927890847
1.85275,-0.01134803662266888,0.16122624929299334
1.852875,-0.028259409893292564,0.3065923827884384
1.853,0.07172254963202401,0.45845593113833366
1.853125,0.30342369367878413,0.40702264425275686
1.85325,0.47750157747293126,0.1417785513677433
1.853375,0.4754494209938737,-0.07814863260326019
1.8535,0.1956680654790198,-0.13238151754780192
1.853625,0.029172558147642566,-0.12278337161880189
1.85375,-0.054859967691100214,-0.013714365794931802
1.853875,-0.007839829176905951,0.03705482477844684
1.854,-0.026650485257288484,-0.0099939782544943
1.854125,-0.15727290508120217,-0.026122280257105383
1.85425,-0.0933803140003626,0.08491974774490597
1.854375,0.06348190135454931,0.20174148005105538
1.8545,0.13930943911853919,0.4104271512461577
1.854625,-0.09497561740261601,0.4312865924844079
1.85475,-0.22592884740275238,0.1922470246392284
1.854875,-0.13717617307995228,-0.014815711562143712
1.855,0.10503853130197127,-0.035583910251933755
1.855125,0.05359579782291765,-0.060593978787405016
1.85525,-0.3168474278904036,-0.008657747825939335
1.855375,-0.5347761408811276,-0.11303816533473073
1.8555,-0.4280558410241641,-0.1181647596955609
1.855625,-0.17373646964935757,0.043966643074415696
1.85575,-0.14290799154120556,0.10006520548817029
1.855875,-0.13056985946231167,-0.06275940635826294
1.856,-0.10609028067951265,-0.19035968842951095
1.856125,-0.06032583389304892,-0.10949305053443047
1.85625,0.022966595919178344,0.12749434141217228
1.856375,0.038848682489095385,0.02033820540969124
1.8565,0.11634688290398947,-0.24579069210501986
1.856625,0.13238297009305122,-0.4567933968079836
1.85675,-0.014455833182950725,-0.32721403761895196
1.856875,-0.36028848685987597,-0.14651226142727955
1.857,-0.473243894415003,-0.09879817271375795
1.857125,-0.46114730264152487,-0.13684761345152716
1.85725,-0.41899798738515887,-0.016203496109221234
1.857375,-0.44424750111646527,-0.03409611410345371
1.8575,-0.5455792023739101,-0.029811719046447464
1.857625,-0.49163298768490143,0.12403762785997906
1.85775,-0.2509584198508057,0.15365201927239536
1.857875,0.13531855677305402,0.12274334132523533
1.858,0.43838217878228564,-0.06771368177471165
1.858125,0.351690559436461,-0.3083900100990252
1.85825,0.20282308444842448,-0.3991161498466688
1.858375,-0.009092166049159703,-0.4549763122320981
1.8585,-0.0386211203952619,-0.37313971421700687
1.858625,0.11001762521562748,-0.38186037327718814
1.85875,0.24127383049203874,-0.5003012661933601
1.858875,0.27267309862206546,-0.44750478692207735
1.859,0.11361157519498018,-0.2268168583438321
1.859125,-0.05562611549889223,0.18002372074486211
1.85925,-0.036438381895713565,0.4127931889423651
1.859375,0.14654982690485419,0.35167993336226505
1.8595,0.2809360936659138,0.15898164688228147
1.859625,0.15679142375340116,-0.004996775925564086
1.85975,-0.05226048890546082,-0.03531109835815639
1.859875,-0.2612006004474586,0.1071793447041164
1.86,-0.033441293377557135,0.23610205380640498
1.860125,0.37587128364209976,0.22782925477784766
1.86025,0.668511031678529,0.13649329499247825
1.860375,0.5871183139329803,-0.03965555138796226
1.8605,0.3579955150212552,-0.005863369117538535
1.860625,0.1361597053095601,0.06705458936112393
1.86075,0.11350171805886816,0.21789673946625707
1.860875,0.05534862954687831,0.1933347095117398
1.861,0.22090991608942462,-0.08792883862557399
1.861125,0.30056054374921526,-0.1907017128575675
1.86125,0.2547175854118623,-0.03477685034145292
1.861375,0.13697986155964487,0.28327923531823307
1.8615,-0.04551531759278676,0.5784488553246198
1.861625,-0.16429427119530296,0.49686598933601195
1.86175,-0.1336961785484051,0.33615786785962953
1.861875,0.009881590511595338,0.09305178291538656
1.862,0.18825349124499421,0.05344607761926543
1.862125,0.24776079594750133,0.06505058114443023
1.86225,0.16973932622571225,0.1961650226977967
1.862375,0.01933771033731867,0.28482093921253976
1.8625,-0.006598746670897791,0.2702770590436127
1.862625,0.20755734477357093,0.15697018736443494
1.86275,0.2536611306494716,-0.04331827012137719
1.862875,-0.03743146286569775,-0.15048335845432897
1.863,-0.39533629510734325,-0.11913402628845153
1.863125,-0.41371973611446045,-0.008960048111183104
1.86325,-0.15130780923194545,0.12259842804716056
1.863375,0.23604275065242275,0.2264543134446687
1.8635,0.2581593527078257,0.14138121362691927
1.863625,0.03735510478432788,0.007386601576889246
1.86375,-0.2554938306384267,0.010381126026729377
1.863875,-0.4434512626165027,0.11430651621142791
1.864,-0.5049578911081588,0.18250118764644968
1.864125,-0.3182436455224723,-0.05125036189102528
1.86425,-0.1940185972215974,-0.31737401288319544
1.864375,-0.11515839661457303,-0.382580814945068
1.8645,-0.08245677084541317,-0.08818993568007627
1.864625,0.06862585707595657,0.20713182469640345
1.86475,0.2257475873539765,0.21844733345857179
1.864875,0.15322376716359076,0.03665021178307224
1.865,-0.2847170578914362,-0.2221581398289063
1.865125,-0.6248728317271305,-0.45618894474274224
1.86525,-0.6813248301883797,-0.4236419813833013
1.865375,-0.482932536327413,-0.2800343976862712
1.8655,-0.07296376605709828,-0.15224413650382332
1.865625,0.06433750647823555,-0.12505436064672146
1.86575,0.0387491774580768,-0.03314233780612494
1.865875,-0.11863678466984441,0.15252927392338694
1.866,-0.23035695776748238,0.2694109975085034
1.866125,-0.2593996208577433,0.13479767591088096
1.86625,-0.2953627027636281,-0.2745506308511822
1.866375,-0.392245739954192,-0.5956162213242845
1.8665,-0.4026227522372221,-0.6734590328382805
1.866625,-0.1572744233123448,-0.3964146865021486
1.86675,0.11731734188674436,-0.08017096715775882
1.866875,0.2427523834992733,0.11807968608539747
1.867,0.21836043685372952,0.0022379346134755113
1.867125,0.10708206000624164,-0.10001225557425944
1.86725,0.17899834682630703,-0.22094078071768597
1.867375,0.37806661745286,-0.25384475038020987
1.8675,0.3216945530996415,-0.1918837536755601
1.867625,0.1559831056443414,-0.3591955996308793
1.86775,0.010952254315084002,-0.32078360241589493
1.867875,0.23496069477480902,-0.17835065697009814
1.868,0.5269788392484659,0.12996708289892614
1.868125,0.6497431038084146,0.22656635103201972
1.86825,0.4458074108725147,0.14891166106484496
1.868375,0.1933458060728934,0.07581637009247011
1.8685,0.14462688682336547,0.14978519821164113
1.868625,0.23526270549379047,0.26769936027304647
1.86875,0.37608319377667593,0.3218460945359276
1.868875,0.2684194763200226,0.11203764173257098
1.869,0.017524358175571887,0.0300436475865757
1.869125,-0.0924902123142966,0.20028120215526463
1.86925,0.016307321658757604,0.45505567246427014
1.869375,0.13839812067324192,0.569843624362142
1.8695,0.10050451585169351,0.382765445996233
1.869625,-0.02249755315284249,0.1502751723314203
1.86975,-0.009583571396174103,0.0959640125259655
1.869875,0.06308275457312267,0.20127553405191628
1.87,0.06325957526440848,0.3401346662706129
1.870125,0.033599758605448185,0.23608274779540658
1.87025,0.11416535599283772,0.10805233256434005
1.870375,0.12282014139369955,-0.06326283578635275
1.8705,0.002680141632913572,0.009258344238325902
1.870625,-0.15831625607810795,0.12683123550313352
1.87075,-0.17282277323567508,0.04383786483992316
1.870875,-0.14056730546084278,0.006684946929853728
1.871,-0.11140312233795786,-0.018184503999042242
1.871125,-0.14995102613795078,0.08650018309899822
1.87125,-0.11865911269469948,0.000478872224883773
1.871375,-0.09590577936689862,0.032595092126275836
1.8715,0.01589076296099299,0.059370455134276474
1.871625,0.2258761320321014,0.10720796509353869
1.87175,0.30511381575443963,0.03238222793389378
1.871875,0.20455711394912138,-0.1710336202207694
1.872,-0.0504822722079526,-0.1815715238573192
1.872125,-0.1476256186581294,-0.11068820369765353
1.87225,-0.15783435095824505,-0.07958991865344553
1.872375,-0.16569351520811423,-0.11239249208606016
1.8725,-0.1939536684971984,-0.14878374319177595
1.872625,-0.0862014992489186,-0.09434424197578356
1.87275,0.010773571058029455,0.012730097961239892
1.872875,-0.023334672455173556,0.20654151523409522
1.873,-0.07482916166352992,0.24713561457993635
1.873125,-0.2095646520633529,0.21764398738607513
1.87325,-0.35257249522009954,0.019574034564288648
1.873375,-0.36666009417112244,-0.11441014455756722
1.8735,-0.2385179539675238,-0.14126115005015868
1.873625,-0.24974965752117942,-0.16894685232292095
1.87375,-0.3120605588741723,-0.1628236572917059
1.873875,-0.23333937210125305,-0.11079749968542865
1.874,-0.1529166800133963,0.027239089473646862
1.874125,-0.2548182660714177,0.05211440267798721
1.87425,-0.36790337330928335,-0.05233869638311333
1.874375,-0.26941442954345807,-0.21239465368953808
1.8745,-0.07686908792412431,-0.33225857998941605
1.874625,-0.014177312524325306,-0.32550651375286027
1.87475,-0.3127723154247296,-0.23791619989189483
1.874875,-0.46177350094157155,-0.27929701102398635
1.875,-0.3648704544805316,-0.2651582352869797
1.875125,0.01517292583384824,-0.21014291325372222
1.87525,0.3168070175489763,-0.19249032561598747
1.875375,0.3725298521665498,-0.21616927551713908
1.8755,0.23166430420522297,-0.36432685094781536
1.875625,0.2208556871815777,-0.24103700953987406
1.87575,0.3113332375011802,-0.07318758262173507
1.875875,0.3086982106373486,-0.06497409730143434
1.876,0.3528423810797344,-0.32702303426981283
1.876125,0.45329778254257824,-0.4867589707927803
1.87625,0.6126081934019258,-0.3246557318858341
1.876375,0.48815051995647707,0.0077721009943415385
1.8765,0.2828808277364824,0.2567745605841052
1.876625,0.08900552550923439,0.285237717220555
1.87675,-0.011417741245309474,0.22922614612669465
1.876875,0.027870007029098778,0.17015244371897126
1.877,0.19330659216655707,0.22594320926175762
1.877125,0.19273151279672796,0.27422158723972456
1.87725,0.27527113758140476,0.3341583274809945
1.877375,0.25623358843842386,0.41313196495754295
1.8775,0.2553210179392028,0.4883522486595511
1.877625,0.1371112822756907,0.4367892370854082
1.87775,0.04863684699022821,0.2890567498879108
1.877875,-0.1887153885400607,0.0765842344242064
1.878,-0.25662597733294323,0.00011213164116907186
1.878125,-0.15491677096959103,0.05180705495223432
1.87825,0.20862741666649626,0.10796744616023561
1.878375,0.44396408786253033,0.14789800943745143
1.8785,0.4005743554163551,0.2171487350067717
1.878625,0.150431971941972,0.19818814827561412
1.87875,-0.14448806936668213,0.24405510144746667
1.878875,-0.11902465719552872,0.18461916816612248
1.879,0.06726555155936655,0.006669912872575346
1.879125,0.12060269849183407,-0.11932802370281867
1.87925,-0.03591584420717048,-0.2295601091143311
1.879375,-0.19642802603080445,-0.12496253598770035
1.8795,0.00974456459072156,0.10644050078217922
1.879625,0.1884625892361027,0.39954332717146607
1.87975,0.18694314613597102,0.4377105609768377
1.879875,-0.08203980323577138,0.11344724653974025
1.88,-0.28102691844133304,-0.07767348611152039
1.880125,-0.26440397205521704,-0.09470399662546708
1.88025,-0.10495411648208607,0.08184049134438277
1.880375,-0.01803703852756695,0.08215883448438557
1.8805,-0.09824895717286647,-0.06155880737778628
1.880625,-0.187148857394445,-0.14742406717072193
1.88075,-0.04784047658235141,0.019655078116840675
1.880875,0.01329990921532004,0.20129646327496792
1.881,0.03648466690471915,0.14806139988689107
1.881125,-0.005835234621911359,-0.09559652593539902
1.88125,-0.1228272429547343,-0.2713844815377393
1.881375,-0.40423236000419516,-0.22201745730550512
1.8815,-0.49492981080626036,-0.09756491726489445
1.881625,-0.35257156409604495,-0.04670861193663142
1.88175,-0.15520731882913874,-0.09245363095895985
1.881875,0.021811218047187164,-0.134471105653659
1.882,-0.03408401134074559,-0.03543022148480436
1.882125,-0.17450870522609604,0.0006317520149347487
1.88225,-0.25417874599538537,0.1018726996815796
1.882375,-0.08205124741384746,0.009137125022031943
1.8825,-0.10175735279984635,-0.14147062051796214
1.882625,-0.31051300494385686,-0.3243175182131162
1.88275,-0.6450572336157936,-0.4503655223306758
1.882875,-0.6164562550680538,-0.3581250554072472
1.883,-0.43030640893599903,-0.10901874943975531
1.883125,-0.23875574665116425,0.009796150623560512
1.88325,-0.1392639144144492,-0.020933448212051696
1.883375,-0.08279774731887445,-0.166496993300515
1.8835,0.023377684650375305,-0.20527420960350792
1.883625,0.18176769329099168,-0.10883675626330244
1.88375,0.28155729202799823,-0.07199702526671524
1.883875,0.24840181641581757,-0.2669528022445384
1.884,0.38234816821333967,-0.548347493141002
1.884125,0.5078893171889008,-0.5858244383833313
1.88425,0.6725234358547009,-0.44560276032564655
1.884375,0.5951956748168021,-0.21319158500847907
1.8845,0.4519324472182393,-0.08958857960748218
1.884625,0.2824282791104297,-0.0880275558780623
1.88475,0.12191352853605887,0.08240770518790141
1.884875,0.13751965256695114,0.1494203581634876
1.885,0.15628002931366605,0.25709315226473506
1.885125,0.13581707499230306,0.21829848845991442
1.88525,0.11044210441072956,0.3495104215121716
1.885375,0.1501279772332057,0.45901958415208755
1.8855,0.18210847129923527,0.5800453534345008
1.885625,0.22957301551287254,0.5802337065702197
1.88575,0.04953108327920045,0.41603859817013106
1.885875,-0.05745984269086372,0.2656279680392688
1.886,-0.130863790242286,0.17256962749348673
1.886125,0.09249409912068512,0.13395384623615997
1.88625,0.1948542514364793,0.1389991287916844
1.886375,0.20905149947548615,0.11947633979584134
1.8865,0.1575422863772708,0.11618430041547749
1.886625,0.02212805074812103,0.13599832228550127
1.88675,-0.12152363023784375,0.22466996372997985
1.886875,-0.17552446889331486,0.20461903821961527
1.887,-0.12813349342259323,0.05027963209859779
1.887125,0.1773809746971913,-0.06551067057947219
1.88725,0.48837001584096257,-0.10516240721821693
1.887375,0.4962799079352573,0.01382742110756381
1.8875,0.16595486276687488,0.1678247360363691
1.887625,-0.13877027388069438,0.22347425654898112
1.88775,-0.3179582682416691,0.2063772745494058
1.887875,-0.3344465547292407,0.04841299866875473
1.888,-0.3628011607019652,-0.06556711271545401
1.888125,-0.41567801382252173,-0.14623804786392808
1.88825,-0.2903484601800702,-0.058420611014624084
1.888375,-0.0867304047358995,0.2532300555585257
1.8885,0.18530876857210535,0.4747257444047833
1.888625,0.1807570868581183,0.4090784713689613
1.88875,0.048175428881480326,0.13204815269116046
1.888875,-0.08619791383664177,-0.13771793859988368
1.889,-0.12245605267021072,-0.2746359930149877
1.889125,-0.15937427196581622,-0.3252499346573191
1.88925,-0.2828745918165375,-0.34716012342200303
1.889375,-0.2851571190766659,-0.38751876875428076
1.8895,-0.24284649778821224,-0.2561850413811845
1.889625,-0.021280951675340318,-0.05102543139368157
1.88975,0.007901417711633212,0.16535537412144855
1.889875,-0.018999396484369546,0.20860505394233567
1.89,-0.1356359823128821,0.045882214098041
1.890125,-0.05719922650064249,-0.09616433308783182
1.89025,-0.039263820262018786,-0.0797863185090768
1.890375,0.023631370335148106,-0.15128446251110175
1.8905,-0.11557443133897682,-0.17197030661848084
1.890625,-0.3274181463655399,-0.3045518119861433
1.89075,-0.5087298049592079,-0.2318203562235241
1.890875,-0.5541812492562957,-0.05907671092497995
1.891,-0.3085557137458214,0.06384674378108979
1.891125,-0.13870582006498355,-0.01332804566277046
1.89125,-0.11829212975604776,-0.08710998553428635
1.891375,-0.3736155079781206,-0.07047257914337092
1.8915,-0.47565825441723975,-0.010378797120412656
1.891625,-0.5640483520584898,-0.014650705734133697
1.89175,-0.36344084319843234,-0.10986344972036559
1.891875,0.011267689335463696,-0.2704003580162413
1.892,0.44129293668488295,-0.48230569344143387
1.892125,0.6527095052277442,-0.4652594885293111
1.89225,0.6381636769968692,-0.3106949452547398
1.892375,0.5087475256588665,-0.11774812131499807
1.8925,0.3269166938727871,-0.18622715042364366
1.892625,0.2949603256061631,-0.3149284766149241
1.89275,0.388317710625972,-0.468905219103852
1.892875,0.4611153259003795,-0.5149847351616554
1.893,0.421408965642463,-0.3120825665743501
1.893125,0.35308962835580665,0.02326767801947945
1.89325,0.12919070235792515,0.3638434458350672
1.893375,0.023625578878340277,0.5907075980645531
1.8935,0.11943354789963342,0.5441715568973333
1.893625,0.14977936294796212,0.4181886674091275
1.89375,0.06937846567224791,0.3259023534142483
1.893875,-0.19758824353962687,0.36325303856863056
1.894,-0.25156224193090393,0.34099236401120603
1.894125,0.007003503830355519,0.36922913686547837
1.89425,0.30567770784944015,0.4140045907502089
1.894375,0.393279502338729,0.3223013480697267
1.8945,0.294253995363193,0.12450764616812302
1.894625,0.10895653303186403,0.013341994848681423
1.89475,0.018268273084077767,0.05882438280513371
1.894875,0.1029974112861911,0.14125286378716714
1.895,0.1231533775903703,0.09021736632155142
1.895125,0.14612168026599065,-0.19722674541406368
1.89525,0.15781104009789956,-0.23130575110851273
1.895375,0.18163515189703944,0.0225176519059582
1.8955,0.05562157478779765,0.35219420703577153
1.895625,-0.04065296507092596,0.40893291476668286
1.89575,-0.15922674750673885,0.2601981715730065
1.895875,-0.059159589518386256,0.12188985126839534
1.896,-0.035996557031490135,0.0904709232571826
1.896125,-0.1046415992586282,0.106809073243649
1.89625,-0.22230924558360046,0.11817810990288358
1.896375,-0.1150999177846448,0.10041267895005751
1.8965,0.14793966841192033,0.12064878682413593
1.896625,0.21242649402353211,0.12860137903430657
1.89675,0.029278123210523397,0.05419723002486971
1.896875,-0.17520532702589917,-0.053937247166529464
1.897,-0.22432917609610048,-0.10336755316711088
1.897125,-0.3519990339644388,-0.08264090641068879
1.89725,-0.46025462620187707,-0.05660126705132873
1.897375,-0.4281471683844022,-0.16691198695946105
1.8975,-0.2281608410847163,-0.22610486168361915
1.897625,0.05357717052937616,-0.06231235713471806
1.89775,0.2602551990321033,0.16690190846456013
1.897875,0.2752900620302975,0.16801644248538067
1.898,0.10266186694742216,0.06316719539499273
1.898125,-0.05790819578986193,-0.14562866696397456
1.89825,-0.28193602809687346,-0.2851371831663048
1.898375,-0.3028795558294476,-0.37161125695728536
1.8985,-0.3018764506090274,-0.3809416709039022
1.898625,-0.18760616104751104,-0.3782847109026782
1.89875,-0.19449070497366855,-0.18607480727109454
1.898875,-0.2927438433336153,0.11087676047760918
1.899,-0.3591223915823365,0.22727850232881214
1.899125,-0.25758249348134593,0.22922807796045494
1.89925,-0.279534100054041,0.0981901551650993
1.899375,-0.3114127866316759,-0.07746198693628797
1.8995,-0.4326545222834473,-0.26806973665266043
1.899625,-0.4155753505838595,-0.31743114630573865
1.89975,-0.28082660448056923,-0.25970737769967595
1.899875,-0.011264622119562109,-0.20877880084016076
1.9,0.21064446295024028,-0.19135445251370106
1.900125,0.1814668913783651,-0.26345623366428617
1.90025,-0.1896758571978258,-0.284293931445025
1.900375,-0.26614737842264574,-0.24640357233375929
1.9005,0.09202160990460657,-0.22754777404977727
1.900625,0.5928661871221993,-0.29928288286907745
1.90075,0.6914795500790601,-0.38604039408138846
1.900875,0.5242061841521937,-0.3999797786362976
1.901,0.18246675284002314,-0.26215213749594346
1.901125,0.12460767982526083,0.025008860922718337
1.90125,0.13196797532464485,0.18900536958934055
1.901375,0.23222341106180222,0.1415476324009572
1.9015,0.44986943551229047,-0.16157373179942394
1.901625,0.4821621892043852,-0.2111137978671511
1.90175,0.31949736771818205,0.1373134752099973
1.901875,0.10764174300875429,0.5260486542864115
1.902,0.0008700045935048009,0.6944434528957945
1.902125,0.05838762051207861,0.49371902093274306
1.90225,0.24620527826667227,0.18756899187511072
1.902375,0.18226248741463885,0.05067705102459763
1.9025,0.010067480141157712,0.11606771979243155
1.902625,-0.1905902541034049,0.2740195034435187
1.90275,-0.08611678150451256,0.4376523713544428
1.902875,0.2591541826610168,0.44170342232241633
1.903,0.43446170560545955,0.28846941595786957
1.903125,0.3552301128235805,0.07462660094137938
1.90325,-0.02712279816400696,-0.034080723597990414
1.903375,-0.18686339404787833,0.06249689789790563
1.9035,-0.015029986182285068,0.1907638978082992
1.903625,0.2274189662078931,0.1913378719999859
1.90375,0.2971105440651067,0.023921089340425705
1.903875,0.11481640859169547,-0.13474866152395715
1.904,-0.10740568893717563,-0.09978349987364712
1.904125,-0.20031697029159284,0.19994230267172067
1.90425,-0.1343345316966351,0.4107457952704176
1.904375,0.02707192928479615,0.30209237383088117
1.9045,0.05779032052462299,0.014787966898113352
1.904625,-0.013481538971295653,-0.1639438512191196
1.90475,-0.09636995795172247,-0.0653756873114481
1.904875,-0.07136186761433004,0.20390389671430537
1.905,0.028899204631847395,0.25132699010623477
1.905125,0.0405680107954921,0.1299222699300598
1.90525,-0.13221075483289546,-0.06297447122107677
1.905375,-0.23931897002677516,-0.19370215225013643
1.9055,-0.2055903067805711,-0.10828040889254459
1.905625,-0.1732764722713967,0.059671394423226075
1.90575,-0.13860865428609734,0.0452725825016687
1.905875,-0.2817450392842304,0.0029922215310356367
1.906,-0.302054575697448,-0.11037102886499059
1.906125,-0.29585689279470256,-0.07591940541608969
1.90625,-0.19353320197283672,0.014416995653701244
1.906375,-0.014898469435946336,0.04366287842244502
1.9065,0.08984361611559633,-0.09318724267580196
1.906625,0.216818641116822,-0.1922295367187614
1.90675,0.23213443041416312,-0.2177875095120368
1.906875,-0.08260103454270322,-0.11930891742371202
1.907,-0.4931111369493045,-0.13205684310756735
1.907125,-0.874501581344618,-0.23394301360073605
1.90725,-0.6907811961939063,-0.34745675942990306
1.907375,-0.22886724673652364,-0.2517848256822974
1.9075,0.0810452416711052,-0.1643024513361419
1.907625,0.028049921031815733,-0.0025666699900729543
1.90775,-0.20885121170370766,0.09892283318840353
1.907875,-0.5101715693226148,0.27967509039899846
1.908,-0.46117169332761754,0.22148022711159637
1.908125,-0.4595362900255366,-0.007641434069480028
1.90825,-0.25604509481194376,-0.46734124736281424
1.908375,0.0035792565304412697,-0.7928877445550604
1.9085,0.25115066758709237,-0.6702514174908779
1.908625,0.25089217061518404,-0.19028818880276194
1.90875,0.3000038156176785,0.039881697807248484
1.908875,0.2611947855628859,0.05635767116362346
1.909,0.36181764098070607,-0.19255297232016216
1.909125,0.41956764785189277,-0.4328750817140571
1.90925,0.44021527688699064,-0.42001748798454774
1.909375,0.3926479348366806,-0.34785434745661575
1.9095,0.36975178788432655,-0.18308690511506107
1.909625,0.35977661270092937,0.062393075297546716
1.90975,0.38701730463203643,0.19734612725212222
1.909875,0.3042907626046076,0.24416275706873414
1.91,0.13625887255624025,0.24493245994524926
1.910125,0.06147607091543068,0.27150593910852616
1.91025,0.2131702546781849,0.2763972385737066
1.910375,0.33900573073213897,0.42487688528702705
1.9105,0.19095132368094886,0.36607711937427967
1.910625,-0.009974183482662715,0.350600192190407
1.91075,-0.04000786251565497,0.2978266194299019
1.910875,0.012196550479390006,0.27643294076136526
1.911,-0.09920028606208543,0.30520955434224617
1.911125,-0.12133424246563028,0.21493647266535362
1.91125,0.011291258013024713,0.10147130996181417
1.911375,0.0714205971694512,0.044210520371287615
1.9115,0.13070477526710234,0.18612509102802718
1.911625,0.12233349811717238,0.2630191924049543
1.91175,0.24019405387851878,0.19011941781338454
1.911875,0.3846903170745229,-0.00424944360117718
1.912,0.3002928003054817,-0.028330793779589674
1.912125,0.0022048703726804952,-0.051559273053395326
1.91225,-0.11452866096197481,-0.05844762963551081
1.912375,-0.05956263227984346,-0.10543652908657167
1.9125,0.053905747680987624,-0.024306243738768427
1.912625,-0.00546772599479365,0.055251691915950724
1.91275,-0.15138055780442472,0.040030133405959546
1.912875,-0.2629785752905671,0.126971637465602
1.913,-0.3109866451358008,0.24241895670973795
1.913125,-0.3031787984232769,0.2930742533854527
1.91325,-0.19558693459074403,0.23235730984284791
1.913375,-0.0001259359855805464,0.027315538142586245
1.9135,0.3508839379284136,-0.11756847616981009
1.913625,0.30587612790377494,-0.005431092783506761
1.91375,-0.009421344052260588,0.09103007734068125
1.913875,-0.21818268964088308,0.015262182309297701
1.914,-0.004894002620629465,-0.1420168632371064
1.914125,0.1883976357299239,-0.2657525875049763
1.91425,0.098365841039586,-0.2738622282516596
1.914375,-0.1895843382448859,-0.31021710375753686
1.9145,-0.42774066306036285,-0.20411755178545393
1.914625,-0.4606195311860401,0.029913463930359225
1.91475,-0.3292850124092388,0.2995771260135745
1.914875,-0.23348807859074058,0.2491284054126171
1.915,-0.30873091436777417,-0.023934314042060364
1.915125,-0.4231451752318986,-0.15078445988480083
1.91525,-0.36357243261679173,-0.011578928315346657
1.915375,-0.16406040356444088,0.1297271155264438
1.9155,-0.04442152590395713,0.13018162851637136
1.915625,-0.13299131566070288,-0.20935665040334006
1.91575,-0.2984815880919233,-0.3439439945763102
1.915875,-0.3754541840297062,-0.33281820386652755
1.916,-0.2638510958068553,-0.2710437774830845
1.916125,-0.1993835330638341,-0.22481546648147685
1.91625,-0.14298263131848246,-0.2393493561598615
1.916375,-0.12698538213962396,-0.33647028852332744
1.9165,-0.12044974717303183,-0.2953016834759402
1.916625,-0.09858365894045233,-0.0998750948212134
1.91675,-0.04317384311069134,-0.031138518345853194
1.916875,0.10652088205826699,-0.07396998524917453
1.917,0.23416340044800044,-0.29873201707126773
1.917125,0.2669404469137998,-0.30765642293052164
1.91725,0.2534872928461538,-0.2615427335513238
1.917375,0.3866691639289753,-0.1511555125054597
1.9175,0.38863156563947937,-0.13540176332193177
1.917625,0.3111508530036604,-0.08212812271805435
1.91775,0.162913091050464,-0.09167356709450605
1.917875,0.31317462862993317,-0.10928299608809962
1.918,0.5153563618174061,-0.045066116776219335
1.918125,0.5112509095584116,0.0703085172675366
1.91825,0.31162572759899787,0.14782493403418234
1.918375,-0.029678767134311813,0.23845909598052287
1.9185,-0.22427513874008112,0.3032981037481008
1.918625,-0.14969205911900263,0.29731419420327293
1.91875,0.09379482585441483,0.3344591262285859
1.918875,0.21505891255714255,0.3112493870728731
1.919,0.19696910941069085,0.1606903141027104
1.919125,0.08518203186313407,0.2108474435006527
1.91925,-0.01273973042915051,0.45551088485663627
1.919375,0.055166535621038,0.49462460882777404
1.9195,0.2215726088484027,0.3090943505442166
1.919625,0.30281104359343625,-0.00442953676632656
1.91975,0.21693525026852106,-0.16280809124970752
1.919875,-0.0031533603380503885,-0.11512153114824106
1.92,-0.056890648852019055,0.031147715978700245
1.920125,0.09624392258395628,0.1501409582286434
1.92025,0.0525217335695177,0.21246797059523262
1.920375,-0.09331644650906018,0.030975385995215373
1.9205,-0.31550626524057057,-0.01836665803162996
1.920625,-0.2588183498978978,0.06780477208017911
1.92075,0.019625390921743407,0.2229050688149654
1.920875,0.22301222540486912,0.22559665567469644
1.921,0.17595902786581508,0.12589405964028763
1.921125,0.04861008076919596,-0.008914965090623332
1.92125,0.1452254251042948,-0.04882326457584136
1.921375,0.18894451141898402,0.09017234390498602
1.9215,0.18990837566975652,0.06952513647660118
1.921625,0.08009980000410011,-0.09745327303715459
1.92175,-0.08373846911829415,-0.28467388467921523
1.921875,0.01579478178458912,-0.24204680151855582
1.922,-0.024324874720870457,0.04292784114438833
1.922125,-0.11949318788009795,0.20636454240931418
1.92225,-0.1990069018405623,0.16270791098386422
1.922375,-0.18321105176882152,0.09822105498363122
1.9225,-0.1621334955018138,0.10401159622152326
1.922625,-0.2015609822502391,0.1959106089826931
1.92275,-0.21461444228727689,0.19358056942846905
1.922875,-0.13979195061980773,0.060671111522264884
1.923,-0.2346543199046053,-0.03451657409585815
1.923125,-0.37079362541350186,0.014251506097707659
1.92325,-0.4038237475100586,0.013532609319770975
1.923375,-0.4273242787060783,-0.14008441969756538
1.9235,-0.3885413618386917,-0.22023845216760535
1.923625,-0.329429132977845,-0.21099805037079342
1.92375,-0.33874054352950406,-0.1568784454711348
1.923875,-0.24210657986994866,-0.15849597299429746
1.924,-0.10917347915311036,-0.16306051449581904
1.924125,-0.07740431602810047,-0.20660413778113565
1.92425,-0.16773057835388083,-0.20709913916777678
1.924375,-0.30638060983783205,-0.3045350978625035
1.9245,-0.24274058428447726,-0.4019620976654865
1.924625,-0.10728546850812506,-0.38872771432331654
1.92475,-0.18580192007320587,-0.31960931776878554
1.924875,-0.22590103307056353,-0.32948356956016445
1.925,-0.20033662494541546,-0.309562735020385
1.925125,0.1369894476446367,-0.18421548452650197
1.92525,0.29909143523085363,-0.07627914761782359
1.925375,0.3873020846470303,-0.018222203937219943
1.9255,0.2923665988740287,-0.1747386547027138
1.925625,0.26369552249815714,-0.25030818105930086
1.92575,0.33099505544358054,-0.17661142984382178
1.925875,0.512864167478091,-0.09465575637175742
1.926,0.5874619341507156,-0.1050709160118707
1.926125,0.5934232120469815,-0.23772056854766313
1.92625,0.29053777728545194,-0.10441206560298115
1.926375,-0.06053660992921716,0.04944761813288951
1.9265,-0.12204356860274744,0.29576251160150285
1.926625,-0.04961943371368453,0.3427361516725937
1.92675,0.06092284396464692,0.23663798350899337
1.926875,0.02128618333935161,0.22240164197495602
1.927,0.07443521156572812,0.2544892185444205
1.927125,0.3270912679093671,0.46368063488989936
1.92725,0.46092140909673496,0.5269391987584656
1.927375,0.2808617505430182,0.4569679612216049
1.9275,-0.026749199873705012,0.24224087697009478
1.927625,-0.1824763156743485,-0.008945362410954127
1.92775,-0.17057627546766005,-0.10256571518601018
1.927875,0.05766846383819179,-0.007332631195859519
1.928,0.04797451671900573,0.041666357997196986
1.928125,-0.033990590790911136,-0.031025700060053216
1.92825,0.0350278756037537,0.0794101798992391
1.928375,0.30434983977115865,0.2422802717361484
1.9285,0.4758410298332382,0.34932887157895404
1.928625,0.3220492710606758,0.25940385433162927
1.92875,0.0020762776017209444,-0.0018810511033287543
1.928875,-0.2396147875155885,-0.13514761231788736
1.929,-0.07340326518392609,-0.08663537009408225
1.929125,0.21001456683647973,0.05101297467575827
1.92925,0.2626299888709691,0.038064294391010126
1.929375,0.23181336018247783,-0.013980645406096517
1.9295,0.1752044249028529,0.04939156451882453
1.929625,-0.04060124836073389,0.25745849417468875
1.92975,-0.10907793848490749,0.47557030985598814
1.929875,-0.17380213003450012,0.32774293992729975
1.93,-0.1029182640785478,0.010545181101397173
1.930125,-0.10080787704254053,-0.20315863878161292
1.93025,-0.09386166057801162,-0.034726773272267225
1.930375,-0.1573133729561631,0.1791426804415355
1.9305,-0.15546930549721,0.22106777739951286
1.930625,-0.25918978706042106,0.18923720726609156
1.93075,-0.23414810036304565,0.13396301158652799
1.930875,-0.23287584120447977,-0.04422528666866471
1.931,-0.16013174247265605,-0.12183572566527172
1.931125,-0.17310622596613146,-0.07802615243877772
1.93125,-0.16269865941088302,-0.06577349010662298
1.931375,-0.06708849467886845,-0.06159159572731763
1.9315,-0.08358992979975602,-0.05924476478463485
1.931625,-0.09882148840035154,-0.1313604180826559
1.93175,-0.3136034093625547,-0.17493640829165372
1.931875,-0.2434233614391307,-0.2414443062213932
1.932,-0.10678651543824466,-0.22209418426029134
1.932125,-0.12851421120979917,-0.23581127046549044
1.93225,-0.3350157061036736,-0.18245251584142702
1.932375,-0.544537785563221,-0.228151508584802
1.9325,-0.707972611854006,-0.1424602109996172
1.932625,-0.6329671705878328,-0.09079685257717883
1.93275,-0.46330078434231925,-0.09552601436296802
1.932875,-0.1848820106253787,-0.15558127690786558
1.933,0.007047412955683286,-0.22459683569074257
1.933125,0.18581121953557084,-0.19459179501677126
1.93325,0.355898665060921,-0.12629350316876706
1.933375,0.2753523736603795,-0.16500866547487716
1.9335,0.10436361695669824,-0.31768366390693303
1.933625,0.036454878986443846,-0.5018786820631441
1.93375,-0.006022389097495531,-0.6224210020696864
1.933875,0.06367518301196427,-0.5513494069656071
1.934,0.21772134439182023,-0.43490030909866195
1.934125,0.3510807849021846,-0.17158953903817112
1.93425,0.4118787439959056,0.01481139576682391
1.934375,0.4489452354855865,0.182748664775051
1.9345,0.44844113676019914,0.32468784424376085
1.934625,0.35557015873040143,0.3139140872303242
1.93475,0.24118132298541234,0.16214434203639566
1.934875,0.21814372568583013,-0.003035828091022018
1.935,0.3666502364237288,0.008503352867894099
1.935125,0.31983962668324273,0.03774967832509651
1.93525,0.17028026900844154,0.226502662704801
1.935375,-0.03748328109353289,0.3185116231285155
1.9355,-0.13494278901982942,0.3864110908810417
1.935625,-0.1333961930254317,0.42459770002465763
1.93575,0.13082234208067667,0.40525044680532696
1.935875,0.21073392053110718,0.32476029131438494
1.936,0.23484587928858577,0.1406466368951426
1.936125,0.19058868003959523,0.23443654956116042
1.93625,0.15830838187370994,0.32709033738125315
1.936375,0.2257888658984206,0.25968406686767503
1.9365,0.10682661445235656,0.1183495137838457
1.936625,-0.08807447048059086,-0.0640762130428387
1.93675,-0.24407199289492,-0.13011309657841574
1.936875,-0.15549161932341554,-0.09610267725488453
1.937,0.05989719303291129,0.0869618650043261
1.937125,0.2247879540095329,0.19534837454012555
1.93725,0.19064536265013476,0.23438150989154086
1.937375,0.11025081397406307,0.17245248248728554
1.9375,0.044390883342398,0.16820765651983358
1.937625,-0.0026463254534558867,0.1878985099155199
1.93775,-0.12706903363663358,0.11453302999637915
1.937875,-0.348345046069246,-0.08759995826067149
1.938,-0.33641639460306777,-0.20409364947075603
1.938125,-0.08098051669792838,-0.155790862505816
1.93825,0.08378560720600389,0.06568102285832787
1.938375,0.11298843493343573,0.27173079043827236
1.9385,-0.04482568670405068,0.17721683802503857
1.938625,-0.1951618855724693,0.08271487077094884
1.93875,-0.23727325947104463,0.00877573628470557
1.938875,-0.13747067584082115,-0.025406869431651272
1.939,0.021591160633712473,-0.13642374971023524
1.939125,0.13902441026929466,-0.2892506381948152
1.93925,-0.03532591333060528,-0.2718009821449255
1.939375,-0.25593765848535466,-0.09299841953724204
1.9395,-0.43033071861536115,0.07057462458245553
1.939625,-0.3104636388179767,0.11934657190268025
1.93975,-0.16668949149065956,-0.013968089128345462
1.939875,-0.00741598847609567,-0.15797867877119795
1.94,0.06440641130852283,-0.17675258862452303
1.940125,0.008323653596575891,-0.13286386600130315
1.94025,-0.10763977744149875,0.04011477140010774
1.940375,-0.24972594494696226,0.11489923676840477
1.9405,-0.28644918903752664,0.0228752657968574
1.940625,-0.34253590543825774,-0.24945446250819078
1.94075,-0.3220728183539921,-0.35821081443973596
1.940875,-0.43164749082018544,-0.28937793081797925
1.941,-0.5230652983477678,-0.11795082144197937
1.941125,-0.5165667398825547,0.061256503881115795
1.94125,-0.37218216430706963,0.10276300010347467
1.941375,-0.09834025173887205,0.015589257971177583
1.9415,0.10354325741829169,-0.10699130694908256
1.941625,0.12230726140329283,-0.19853338745191193
1.94175,0.09026619556763167,-0.2722466067746125
1.941875,0.078190878434333,-0.29074482080180575
1.942,0.22105624775358915,-0.29711855042137797
1.942125,0.20392806105542513,-0.36441661838904443
1.94225,0.16160074621398274,-0.49632804896128874
1.942375,0.08738307482060294,-0.4472243647964599
1.9425,0.21999825203122989,-0.3041910386980145
1.942625,0.40136420553745,-0.062273307656221424
1.94275,0.4997819913800496,0.1200880455748152
1.942875,0.40774584064198144,0.15109216600379552
1.943,0.22148327437511076,0.09188620772875825
1.943125,0.09417034097886003,0.07193349891892037
1.94325,-0.01565385684270736,0.2169877834462059
1.943375,-0.0673973570502515,0.19577208114867672
1.9435,0.056650838492205334,0.13326347924687867
1.943625,0.22775810872950378,0.061635749867560395
1.94375,0.3264127732374726,0.19662789202025177
1.943875,0.21803958547488728,0.36003658926036214
1.944,0.01854633267680629,0.48394895965839374
1.944125,0.05419753346282922,0.3251134874457531
1.94425,0.09284777349564774,0.17708906618042838
1.944375,0.24982770572261184,0.05875329647663588
1.9445,0.27513816823787685,-0.04364364998979118
1.944625,0.3248675287493054,-0.06077294850594941
1.94475,0.24048757199020368,-0.01325142863882085
1.944875,0.201723131300943,0.14636867778274354
1.945,0.2483605960176368,0.3209459499818948
1.945125,0.2629126564425408,0.20888083756934833
1.94525,0.23357043772981467,0.056540639867630194
1.945375,0.07912422002542355,0.05646764785292977
1.9455,-0.034251610637480424,0.1055154022871182
1.945625,0.02908365241256411,0.21041791305831248
1.94575,0.12810724524254002,0.25418335836892525
1.945875,-0.023614004263226226,0.2722737769536868
1.946,-0.22110006265671475,0.20373297435508617
1.946125,-0.28679297319632296,0.180392294753903
1.94625,-0.27414400748995726,0.14044249165997486
1.946375,-0.14752758464015192,0.18833573737383505
1.9465,-0.1273829709202728,0.18812629776092635
1.946625,-0.044127952495376356,0.06540628403707521
1.94675,0.007174512288381956,-0.021060262936428754
1.946875,-0.09342764376513413,0.05347076292804229
1.947,-0.08025992526581979,0.09051135106209861
1.947125,-0.1687719569638229,0.0005585266421288478
1.94725,-0.21201878375653796,-0.20160631868551726
1.947375,-0.17311624267021927,-0.2926234040829768
1.9475,-0.20408052445210118,-0.25695296684040697
1.947625,-0.22546247188126242,-0.13072556449740746
1.94775,-0.21180257375704448,-0.09755663028242602
1.947875,-0.1283333190543136,-0.05786302618295076
1.948,-0.02588178076756534,0.00468513657173264
1.948125,0.029607972196052493,-0.06176688737584378
1.94825,-0.1012522535026663,-0.10687743950874252
1.948375,-0.2894839189163842,-0.14731972878822927
1.9485,-0.367527635102601,-0.15076790733909734
1.948625,-0.3875958279218853,-0.1662463205126544
1.94875,-0.30063237213949856,-0.16089042563330833
1.948875,-0.2793597668779367,-0.21560254542751328
1.949,-0.2458472224840877,-0.12363909611805732
1.949125,-0.29891376272136894,-0.13245141409030398
1.94925,-0.25004886860994646,0.018865578672101365
1.949375,-0.10160548678218641,0.05356208280102185
1.9495,-0.03091515305500295,-0.08687301957695368
1.949625,0.0029655724472399812,-0.26576507683325523
1.94975,-0.0032074073019453314,-0.3733615719860743
1.949875,-0.005287360555327925,-0.33176532694404004
1.95,-0.0015156164860385373,-0.2866972245363473
1.950125,-0.03573743332934585,-0.1894809171155901
1.95025,-0.0375002609137336,-0.2865489137209837
1.950375,0.011262000692010814,-0.2858012706616617
1.9505,0.11821073394742967,-0.22042889430517507
1.950625,0.22932858733070874,-0.11499417304274416
1.95075,0.31606170675802536,-0.05907862142790767
1.950875,0.2307308771270146,-0.002393822150287242
1.951,0.2061262251858482,-0.012583289231709462
1.951125,0.3257922157103786,0.02549135173904996
1.95125,0.4350569522942688,0.018408500150449293
1.951375,0.5738315050837008,0.020432257555115508
1.9515,0.6170482491398672,-0.0642833725563615
1.951625,0.4268915571115253,-0.0324934466799744
1.95175,0.12492693021992851,0.12148348881746032
1.951875,-0.19546190534445923,0.25514638881301327
1.952,-0.3406849110867406,0.25767002374991893
1.952125,0.00493248542789512,0.26722838759945416
1.95225,0.3492306945166592,0.22375994438206057
1.952375,0.3826905694530802,0.27514185509851397
1.9525,0.0053778758724250175,0.4282580019969845
1.952625,-0.16022361380483593,0.5094017277502115
1.95275,-0.12005846982683861,0.5517528204713339
1.952875,0.11293923915287626,0.45582766974699296
1.953,0.1917267826849228,0.14552152007312327
1.953125,0.04291022292749238,-0.1878589478009618
1.95325,-0.008641603763661037,-0.2690296715330673
1.953375,0.05106332891904659,-0.040930245462812695
1.9535,0.22141073549339013,0.2895765873210042
1.953625,0.1309172859024401,0.27793592219496077
1.95375,-0.07976659342594992,0.03418132077374241
1.953875,-0.024977877996768705,-0.1918720157860154
1.954,0.2574784496391205,-0.07048319876078608
1.954125,0.3975156831031057,0.14651153773859685
1.95425,0.09172653037124004,0.21264311928376847
1.954375,-0.23721645218536067,0.07319141525975091
1.9545,-0.264907987846298,-0.016711343169610975
1.954625,-0.18481294882110189,0.10864696589521478
1.95475,-0.2666831782402426,0.20103895593055537
1.954875,-0.35913204543580146,0.13908404874628016
1.955,-0.3053688947232008,-0.056416561233428766
1.955125,0.007721166543769102,-0.015214570171335077
1.95525,0.15291505027081076,0.22395498100256242
1.955375,0.10740765930991734,0.2734505404732315
1.9555,-0.03368388705739976,0.10720969325454983
1.955625,-0.056729228065234345,-0.18701777562742933
1.95575,-0.11284164798160874,-0.20656261697340902
1.955875,-0.11890431719112203,-0.17919594657291174
1.956,-0.10959450118031586,-0.27931924052373147
1.956125,-0.15866811534878525,-0.38127130077390814
1.95625,-0.20077426518045588,-0.23061074146539245
1.956375,-0.2085001536717273,0.010223423219672963
1.9565,-0.04577246718724942,0.14613322218563846
1.956625,0.020428793542311238,0.11622438961292407
1.95675,0.06390750954699757,0.01737782462577519
1.956875,-0.14446549772906722,-0.06783886465868168
1.957,-0.28271210088539556,-0.13035105895630109
1.957125,-0.27159572884768896,-0.1429007818570848
1.95725,-0.2933347864844394,-0.12853202499116623
1.957375,-0.3770619331113169,-0.13984899718231636
1.9575,-0.3504641946976456,-0.14365648293439331
1.957625,-0.19660082848771923,-0.2086357763647328
1.95775,-0.18877998528041098,-0.08212824282407782
1.957875,-0.3680735149684714,0.009336560552122406
1.958,-0.5468192769035037,0.05525593198198573
1.958125,-0.3711069936630461,-0.07958003915587657
1.95825,-0.059692260895153844,-0.23606601198483879
1.958375,0.07725756020770592,-0.25966314948920427
1.9585,-0.10560945968886275,-0.28260824960740055
1.958625,-0.3235588524194402,-0.25860518081580686
1.95875,-0.21572222793247411,-0.2691307260097502
1.958875,0.09357513722576563,-0.16759968157134364
1.959,0.43425363878100554,-0.19732509726473454
1.959125,0.737302933225718,-0.3879032388723308
1.95925,0.7440307486065862,-0.45893701831658085
1.959375,0.6836556781502316,-0.3567271386173804
1.9595,0.6272047322724562,-0.0004651730844269423
1.959625,0.6005426280611462,0.05821865819510243
1.95975,0.4154597110473663,-0.09075256515012248
1.959875,0.20687821733293854,-0.26277379866878653
1.96,0.053481704605021683,-0.23230136142706675
1.960125,0.04101846694901073,0.10753602766222314
1.96025,0.1591825304034579,0.4575202171922915
1.960375,0.15725180702492286,0.6709174462201523
1.9605,0.11107807018577519,0.6179662790500018
1.960625,0.01264726990206875,0.6065517345295484
1.96075,0.05641914307442385,0.5349553501926262
1.960875,-0.010478962283225425,0.5517227815446604
1.961,-0.08717178315475257,0.38469418680525064
1.961125,-0.09756230798429302,0.19545075280452726
1.96125,-0.07040668073772713,0.03473022178348327
1.961375,0.007964248220645676,0.04332610135296474
1.9615,0.10042084683224478,0.11451871614741535
1.961625,0.2519741276469522,0.1755795203465604
1.96175,0.3724580933656433,0.06294678886237975
1.961875,0.33692198707978815,0.007781521994181982
1.962,0.16075435763960327,0.007791584315263539
1.962125,0.030437772704861813,-0.003291545642485758
1.96225,0.022001455065576263,-0.06859221016593313
1.962375,0.10060118401536883,-0.12175243914030853
1.9625,0.06549954427931838,-0.10415750370260278
1.962625,-0.08055027636900569,-0.013971192248899774
1.96275,-0.17116247203381169,0.11230935033147339
1.962875,-0.10608388065985601,0.27932649573244694
1.963,0.012975645782088195,0.29090683250455357
1.963125,-0.055758851018698735,0.27284367948368915
1.96325,-0.11796776556401635,0.12878394013718603
1.963375,-0.23763048397911413,0.07209884889817507
1.9635,-0.1865738206769065,0.02090944053779221
1.963625,-0.22543614376070395,0.11560166600030715
1.96375,-0.2744039276939588,0.006115939740026275
1.963875,-0.2374046991612218,-0.06579027014663943
1.964,-0.07118460953403803,-0.13062530711111334
1.964125,-0.10392296919570232,-0.0827505875653938
1.96425,-0.13007647200431932,-0.02572183463011197
1.964375,-0.06964673643357983,-0.08298258543095298
1.9645,0.10161666911776716,-0.13501707692775808
1.964625,0.27424859367405713,-0.17001118056208697
1.96475,0.07775654627080114,-0.14943304769664925
1.964875,-0.24734377850110129,-0.1907519552204593
1.965,-0.6622505619271335,-0.21628182614940286
1.965125,-0.723890992231781,-0.20760738988569555
1.96525,-0.516010267180583,-0.13010669582654982
1.965375,-0.2810269928771048,-0.0531846941996692
1.9655,-0.24189574513648177,-0.10315592039609836
1.965625,-0.20389916808211905,-0.08101658143576085
1.96575,-0.20114600126025123,0.08087037894968001
1.965875,-0.04154051003311104,0.24681954119060986
1.966,0.022770496690030492,0.09949709870658818
1.966125,0.011431808176513859,-0.2513090485386234
1.96625,-0.11371146466162801,-0.6044830633075755
1.966375,-0.2518317230535405,-0.6648589679245266
1.9665,-0.12704140423900928,-0.4906243525734168
1.966625,0.1170789127711806,-0.29497219272721364
1.96675,0.31551276301860476,-0.21791309014745794
1.966875,0.2816715133170949,-0.2047488340244456
1.967,0.06341009006200339,-0.17199491065134795
1.967125,-0.07624110564516358,-0.025674475145605294
1.96725,-0.05107878712497826,0.11583383581707946
1.967375,0.21481818781210055,0.01616937059779986
1.9675,0.32120669331792234,-0.15405425040805687
1.967625,0.29182337963905736,-0.22671935726800058
1.96775,0.27569616533716085,-0.15410950469437518
1.967875,0.3041410281544871,0.13289789789031045
1.968,0.25191414267934015,0.3200536827318753
1.968125,0.19276278667548902,0.24329913770542055
1.96825,0.22017556720404102,0.013989966180230915
1.968375,0.24845523235018815,-0.10196715987623929
1.9685,0.10903750246498575,0.03237811658725716
1.968625,0.013019313069547142,0.19115277660221888
1.96875,0.01799909806951148,0.2620951127469425
1.968875,0.23296670395105426,0.2690711084503324
1.969,0.3431332910335325,0.2952702946335767
1.969125,0.2021512849215635,0.29370059971381085
1.96925,-0.10030179227647494,0.31642211520857433
1.969375,-0.2149797182275669,0.1780630645727901
1.9695,-0.01990014762332977,0.18783889034086562
1.969625,0.2890851270084287,0.24017049942899774
1.96975,0.4439789302079252,0.10080549150702861
1.969875,0.32283726027523046,-0.04855280454991139
1.97,-0.07177067051065913,0.036155418429573837
1.970125,-0.3187971467947521,0.24355122058305437
1.97025,-0.29921951476320785,0.30294562977074424
1.970375,-0.18100860397991728,0.15942367003990565
1.9705,0.07478281901142776,-0.11068105941959423
1.970625,0.14019578696403262,-0.20426318765985085
1.97075,0.04599656300091844,-0.013800510993918606
1.970875,-0.12065186435523878,0.27964197250068606
1.971,-0.10471263350151096,0.46769018292668946
1.971125,0.20334929959185868,0.27104388772101884
1.97125,0.4482324423598578,-0.006990405592972459
1.971375,0.32629022775551153,-0.31602123279569927
1.9715,0.08708896006368243,-0.3074134084284272
1.971625,-0.04040983224029686,-0.08767272145701908
1.97175,-0.258452941644684,0.06298377648263769
1.971875,-0.26754795305117757,0.13900963873604194
1.972,-0.29328199716842157,-0.03155927082006037
1.972125,-0.13114638321989466,-0.13830268536542314
1.97225,0.08006905719898329,-0.07573407931856344
1.972375,-0.0030038256270707017,0.16885672201380517
1.9725,-0.16082851621029262,0.35640716100601405
1.972625,-0.26981220118904636,0.3099643915797672
1.97275,-0.05293368345618127,0.12577152251191592
1.972875,0.13301132632702434,-0.09391153936837728
1.973,-0.07659421124402643,-0.18321565166852963
1.973125,-0.30869020063589664,-0.2915459852171106
1.97325,-0.3979645206836319,-0.2677610849425216
1.973375,-0.24759890108005486,-0.08688005599607558
1.9735,-0.06642251252118571,0.09547540799356415
1.973625,-0.074034510696964,0.010095617951378501
1.97375,-0.23720277687642347,-0.1599183480019635
1.973875,-0.34471423548706936,-0.24733820377441842
1.974,-0.44461827293079853,-0.039373338717972016
1.974125,-0.4342512388794782,-0.000581711324828557
1.97425,-0.34976280869314685,-0.03310909652202896
1.974375,-0.11420609083033822,-0.32109772616963644
1.9745,-0.0008965549446727757,-0.32089860591804614
1.974625,0.013023577797150628,-0.17998572558806913
1.97475,-0.054923960908348085,-0.07443738324312288
1.974875,-0.31453174595571853,-0.08147690339891489
1.975,-0.3389751936532435,-0.21773645417122717
1.975125,-0.06894180328275268,-0.33407127477212767
1.97525,0.2901792375106474,-0.43431661759566403
1.975375,0.28106593103364913,-0.36682438535013767
1.9755,0.016807621793194717,-0.31393133142867075
1.975625,-0.12341389932299957,-0.1345303512993088
1.97575,-0.02408431175014934,0.014005008041531397
1.975875,0.2678997052617092,0.04670273731913551
1.976,0.5312039456826961,-0.14004526077766705
1.976125,0.40092193586939245,-0.2614470105380572
1.97625,0.29810801160866357,-0.31702545211132976
1.976375,0.3028152913380766,-0.06779048003183993
1.9765,0.3188105384170659,0.2059422356211617
1.976625,0.33570028434854404,0.20651166543185207
1.97675,0.25534620186664236,0.026026139402274488
1.976875,0.3488329212829385,-0.13944494996446474
1.977,0.4268992268544661,-0.07061031813778768
1.977125,0.3822977648190129,0.22015323322144306
1.97725,0.1505561405979217,0.38207811674873104
1.977375,-0.056885917840713986,0.3394878080531349
1.9775,-0.15530740380625654,0.2727410510861428
1.977625,-0.004577790092652016,0.2781933486415875
1.97775,0.0600770353096497,0.31770016307612714
1.977875,0.15694622232215297,0.25173819817969306
1.978,0.245601294576125,0.22702484004315548
1.978125,0.07851017160640485,0.29690859221126525
1.97825,-0.04655382379614896,0.3899342589065851
1.978375,0.036996033782106495,0.3159305023747348
1.9785,0.18647124483653996,0.11746334393325719
1.978625,0.31541911268346345,-0.0047943114944675605
1.97875,0.24530024360154357,-0.06981972847496391
1.978875,0.2231437979961079,0.0006843552150906093
1.979,0.10000821610102398,0.11749292569493563
1.979125,-0.012389706776986939,0.18284360543860628
1.97925,-0.14934488805526755,0.19274646817734428
1.979375,-0.2272042178604262,0.09434961757727721
1.9795,-0.2195317197587805,0.005517303203848122
1.979625,-0.18526050115156759,0.018795442488705197
1.97975,-0.18554555068419143,0.13223569807579102
1.979875,-0.22284639112067914,0.23731831801833783
1.98,-0.16871951115465694,0.26793406220115307
1.980125,-0.07529900739396601,0.1805518999074383
1.98025,-0.04571285177434567,0.04486515552882772
1.980375,-0.13492448322048697,-0.022251765363136795
1.9805,-0.12975368970206225,-0.10945218895888065
1.980625,0.02077303876317692,-0.21440207349726484
1.98075,0.20107762764889262,-0.21694975873766043
1.980875,0.16657031227799862,-0.21264906812470355
1.981,0.048769662173690345,-0.17554454866142716
1.981125,-0.07725505113127316,-0.1630704093143635
1.98125,-0.2889442597819702,-0.1663495782306626
1.981375,-0.3161222280768667,-0.08000563655400088
1.9815,-0.200616229146941,-0.029714261177058894
1.981625,-0.10629084948368561,-0.12349192168539247
1.98175,-0.06844634948330645,-0.042404158796076924
1.981875,-0.22210570509968017,0.04909980736383299
1.982,-0.40316165507594104,0.16832534476191272
1.982125,-0.6080716183461474,0.1820832784408559
1.98225,-0.545402185486358,0.023048260520997132
1.982375,-0.5190333781308388,-0.07004033256196884
1.9825,-0.3682032815777478,-0.2624917482385971
1.982625,-0.29732750581569567,-0.29613094478050545
1.98275,-0.14409319806019083,-0.2431357546890632
1.982875,-0.20698848380679635,-0.0956582625458887
1.983,-0.36008984987079784,-0.020895918170405915
1.983125,-0.351441577840691,-0.18366443291857992
1.98325,-0.020426252030932582,-0.3918511641687648
1.983375,0.207857214921179,-0.4799559812326017
1.9835,0.16300383395270637,-0.5176843188839615
1.983625,0.053976469295836285,-0.46797140514530927
1.98375,0.06250068353559,-0.316758324618733
1.983875,0.4421276038073736,-0.23015632175732337
1.984,0.6208754922565931,-0.09901362728006437
1.984125,0.2903327770823851,-0.18969599848797333
1.98425,0.047320023402218185,-0.35447999140430736
1.984375,0.12333731994344375,-0.3186910597686161
1.9845,0.36567584952261684,0.00425708080584478
1.984625,0.4782749997135325,0.21390072418509065
1.98475,0.45812846938002655,0.1156707201818989
1.984875,0.3384718407859455,-0.017329088313576085
1.985,0.3085110724378492,0.12968919020842556
1.985125,0.1295494238253999,0.4353531933738622
1.98525,-0.053872222101716404,0.5271022769548646
1.985375,-0.041748720892589596,0.2639935971615693
1.9855,0.23116052350038407,0.06190051560324056
1.985625,0.40128942603556234,0.09176309756454115
1.98575,0.11173439309219443,0.32723811511093054
1.985875,-0.13894285330685566,0.47814179721351685
1.986,-0.10292748604453565,0.392836597718078
1.986125,0.11562625905203872,0.306504691701466
1.98625,0.28394168342074894,0.3313545251663278
1.986375,0.2928430975497125,0.15604453108375557
1.9865,0.24202163442696836,-0.05625858444960022
1.986625,0.1292664000430076,-0.06000072578864716
1.98675,-0.033752570249311144,0.1717543372910964
1.986875,-0.1843031460835289,0.3386874743860105
1.987,-0.1817842891401268,0.11438602731343848
1.987125,-0.08945324384990028,-0.1351126320571775
1.98725,0.19193455924126496,-0.10786543816633115
1.987375,0.17342373288573565,0.110848754357966
1.9875,0.045130454591868804,0.29541110935762066
1.987625,-0.04525615708068908,0.2687207677404009
1.98775,-0.025192072390382014,0.23539112301361378
1.987875,0.049047271622043136,0.17590698291253415
1.988,0.03671837354661145,0.003991030818879172
1.988125,-0.054942096581499456,-0.10576576589996584
1.98825,-0.17310661791711365,-0.20737271946677785
1.988375,-0.1666068367354383,-0.02716496125094868
1.9885,-0.12549027933473209,0.13365494173743894
1.988625,-0.11183502286505627,0.2017480284311212
1.98875,-0.12083600878509451,0.08290060741532738
1.988875,-0.22024379630101562,-0.04285978016813227
1.989,-0.35461882425572383,-0.055447876686854046
1.989125,-0.3313004282062054,0.021430270483415153
1.98925,-0.3078822856688642,0.04256367717645565
1.989375,-0.21113072096988877,-0.015806779229614612
1.9895,-0.1286555962416042,-0.14209416571479583
1.989625,-0.028700055256847608,-0.17103253730044252
1.98975,-0.03386348152037281,-0.15048547327988565
1.989875,-0.12365092357960529,-0.054766507977953016
1.99,0.017940811256522027,-0.13672651767603777
1.990125,0.13134586003797163,-0.18309610473979748
1.99025,0.04383653733478731,-0.26162860649678665
1.990375,-0.13933443618576494,-0.30737017050835835
1.9905,-0.3754592056573403,-0.33578496828462623
1.990625,-0.3904572277106467,-0.22760341524783062
1.99075,-0.22918826651999122,-0.11230026117613563
1.990875,-0.2582718469158686,-0.023209255606031015
1.991,-0.4280896785270438,-0.07661575679958992
1.991125,-0.4710825878635271,-0.10601980022636832
1.99125,-0.41149616768866487,-0.025711966182747178
1.991375,-0.11252837294215899,0.10371573295661511
1.9915,0.07352587155333058,0.05172751520043376
1.991625,0.14082118986608552,-0.2020390137800993
1.99175,-0.002710551078147468,-0.34169447326014146
1.991875,-0.07979296337070299,-0.278879388341636
1.992,0.01845567355571724,-0.23669543235882437
1.992125,0.24108017762200848,-0.25402411068306685
1.99225,0.3983885616730498,-0.32291588447268194
1.992375,0.3295087049185308,-0.44998388359488667
1.9925,0.3691505057440413,-0.36624487074891193
1.992625,0.41821948238704443,-0.11175492399863993
1.99275,0.5487745017508593,0.09473333526207027
1.992875,0.42399484217473593,0.09917845501911442
1.993,0.3558690538972984,0.016273118603471106
1.993125,0.17423233517486456,-0.03163640954294043
1.99325,0.06782981818729435,0.045636104326867086
1.993375,0.011969842656564382,0.2866481100168569
1.9935,0.052642785915322336,0.3426574875646378
1.993625,0.14267096064409582,0.29432200028074346
1.99375,0.18727958486780336,0.2979255533642866
1.993875,0.0951347107029817,0.39968384684912306
1.994,-0.06632162606726068,0.5106258652024507
1.994125,-0.009047219617792064,0.4360518989123425
1.99425,0.12583700685202984,0.27314245186507174
1.994375,0.16667906617085476,0.17890118194952565
1.9945,0.14843325733122387,0.06303434097049512
1.994625,0.032117196012536244,-0.00828928215850885
1.99475,-0.1346960443226528,0.025786335623755735
1.994875,-0.23110377313086594,0.09508486325463093
1.995,-0.10470352175333425,0.12771267477672057
1.995125,0.031160598421167935,0.12986737889022099
1.99525,0.13108953458150668,-0.05369829458003364
1.995375,0.07561597475282485,-0.06106020212829393
1.9955,-0.07662687402799563,0.055189157461561174
1.995625,0.003501098566295598,0.13780284977287519
1.99575,0.2510027580542309,0.157127004067351
1.995875,0.380805452194395,0.037758696916393636
1.996,0.18939250313708939,-0.06162808084443165
1.996125,-0.03065916820845696,-0.19842894260660693
1.99625,-0.07002425994101308,-0.1522304958078125
1.996375,-0.029583152534202812,0.008440867196886095
1.9965,0.013294206066263713,0.14416948362185575
1.996625,0.023926951751605773,0.02468253040718702
1.99675,0.1742773057182528,-0.10162980338437386
1.996875,0.2664455134285709,-0.007744904005872817
1.997,0.24371034071543618,0.17594852784596526
1.997125,0.055233425153844246,0.3070822604296606
1.99725,-0.025059025693947846,0.15882246883033233
1.997375,-0.10626249018729586,0.01604422659250181
1.9975,-0.183884615962574,-0.045343117458196934
1.997625,-0.12177186981193472,0.013743113198647329
1.99775,-0.10387656336580169,-0.012375436534516645
1.997875,-0.3103295263842493,0.053493955588410906
1.998,-0.42909727384825047,0.13005479662569006
1.998125,-0.6330920445688916,0.24068695023697914
1.99825,-0.457812377223964,0.2261347606438755
1.998375,-0.23684519848751695,0.11342782336149224
1.9985,-0.06010818716361951,-0.019438081745501094
1.998625,-0.00891347465863428,-0.06855292722666889
1.99875,-0.13204510281868745,-0.14916530497765687
1.998875,-0.36416204360331556,-0.16524353053552052
1.999,-0.530021772456435,-0.12965750391010902
1.999125,-0.6096438452308691,-0.23489020735983734
1.99925,-0.5624797097296401,-0.38839403540161815
1.999375,-0.5512347217962145,-0.5003073838371003
1.9995,-0.44262293960148774,-0.41142707284280816
1.999625,-0.22162477816234577,-0.21855662863459066
1.99975,-0.17504916152781216,-0.00802922697142391
1.999875,-0.07244422170428966,0.0007711563055361539
